chrom	start	end	weight
chr1_pat	0	200000	
chr1_pat	200000	400000	
chr1_pat	400000	600000	
chr1_pat	600000	800000	
chr1_pat	800000	1000000	
chr1_pat	1000000	1200000	0.00975429
chr1_pat	1200000	1400000	0.0141163
chr1_pat	1400000	1600000	0.0140918
chr1_pat	1600000	1800000	
chr1_pat	1800000	2000000	
chr1_pat	2000000	2200000	
chr1_pat	2200000	2400000	
chr1_pat	2400000	2600000	0.0137266
chr1_pat	2600000	2800000	0.0118152
chr1_pat	2800000	3000000	0.00954297
chr1_pat	3000000	3200000	0.00977225
chr1_pat	3200000	3400000	0.0108596
chr1_pat	3400000	3600000	0.0124566
chr1_pat	3600000	3800000	0.0130321
chr1_pat	3800000	4000000	0.0128039
chr1_pat	4000000	4200000	0.0111778
chr1_pat	4200000	4400000	0.00870724
chr1_pat	4400000	4600000	0.00926996
chr1_pat	4600000	4800000	0.0109942
chr1_pat	4800000	5000000	0.0100164
chr1_pat	5000000	5200000	0.00945817
chr1_pat	5200000	5400000	0.0102
chr1_pat	5400000	5600000	0.00885601
chr1_pat	5600000	5800000	0.0106714
chr1_pat	5800000	6000000	0.0110147
chr1_pat	6000000	6200000	0.0111528
chr1_pat	6200000	6400000	0.011091
chr1_pat	6400000	6600000	0.0105274
chr1_pat	6600000	6800000	0.0109402
chr1_pat	6800000	7000000	0.0106263
chr1_pat	7000000	7200000	0.0105607
chr1_pat	7200000	7400000	0.0108283
chr1_pat	7400000	7600000	0.0104115
chr1_pat	7600000	7800000	0.011582
chr1_pat	7800000	8000000	0.0118464
chr1_pat	8000000	8200000	0.0121371
chr1_pat	8200000	8400000	0.0117034
chr1_pat	8400000	8600000	0.0110819
chr1_pat	8600000	8800000	0.01327
chr1_pat	8800000	9000000	0.0129697
chr1_pat	9000000	9200000	0.0106578
chr1_pat	9200000	9400000	0.0116414
chr1_pat	9400000	9600000	0.0116729
chr1_pat	9600000	9800000	0.0117054
chr1_pat	9800000	10000000	0.0114815
chr1_pat	10000000	10200000	0.0132988
chr1_pat	10200000	10400000	0.0123114
chr1_pat	10400000	10600000	0.0126998
chr1_pat	10600000	10800000	0.0118599
chr1_pat	10800000	11000000	0.0111591
chr1_pat	11000000	11200000	0.0117485
chr1_pat	11200000	11400000	0.010824
chr1_pat	11400000	11600000	0.0105511
chr1_pat	11600000	11800000	0.0125252
chr1_pat	11800000	12000000	0.0114914
chr1_pat	12000000	12200000	0.012114
chr1_pat	12200000	12400000	0.0116136
chr1_pat	12400000	12600000	0.0126411
chr1_pat	12600000	12800000	0.0122757
chr1_pat	12800000	13000000	0.0119401
chr1_pat	13000000	13200000	0.0129554
chr1_pat	13200000	13400000	0.0129332
chr1_pat	13400000	13600000	0.013627
chr1_pat	13600000	13800000	0.0128907
chr1_pat	13800000	14000000	0.0119331
chr1_pat	14000000	14200000	0.012326
chr1_pat	14200000	14400000	0.0139452
chr1_pat	14400000	14600000	0.0173368
chr1_pat	14600000	14800000	0.0158635
chr1_pat	14800000	15000000	0.0118268
chr1_pat	15000000	15200000	0.00983565
chr1_pat	15200000	15400000	0.00957097
chr1_pat	15400000	15600000	0.0127503
chr1_pat	15600000	15800000	0.0131286
chr1_pat	15800000	16000000	0.0126357
chr1_pat	16000000	16200000	0.0130565
chr1_pat	16200000	16400000	0.0131978
chr1_pat	16400000	16600000	0.0105684
chr1_pat	16600000	16800000	0.0139923
chr1_pat	16800000	17000000	0.0145242
chr1_pat	17000000	17200000	0.01348
chr1_pat	17200000	17400000	0.0104233
chr1_pat	17400000	17600000	0.012931
chr1_pat	17600000	17800000	0.0148998
chr1_pat	17800000	18000000	0.0159953
chr1_pat	18000000	18200000	0.0104721
chr1_pat	18200000	18400000	0.0119065
chr1_pat	18400000	18600000	0.00990864
chr1_pat	18600000	18800000	0.0143045
chr1_pat	18800000	19000000	0.0180856
chr1_pat	19000000	19200000	0.0194662
chr1_pat	19200000	19400000	
chr1_pat	19400000	19600000	
chr1_pat	19600000	19800000	
chr1_pat	19800000	20000000	
chr1_pat	20000000	20200000	
chr1_pat	20200000	20400000	
chr1_pat	20400000	20600000	
chr1_pat	20600000	20800000	
chr1_pat	20800000	21000000	
chr1_pat	21000000	21200000	
chr1_pat	21200000	21400000	
chr1_pat	21400000	21600000	
chr1_pat	21600000	21800000	
chr1_pat	21800000	22000000	0.0325038
chr1_pat	22000000	22200000	0.0284354
chr1_pat	22200000	22400000	0.0188511
chr1_pat	22400000	22600000	0.0187578
chr1_pat	22600000	22800000	0.0276528
chr1_pat	22800000	23000000	0.0211525
chr1_pat	23000000	23200000	0.01488
chr1_pat	23200000	23400000	0.0214966
chr1_pat	23400000	23600000	0.0232927
chr1_pat	23600000	23800000	0.0234635
chr1_pat	23800000	24000000	0.019779
chr1_pat	24000000	24200000	0.0224468
chr1_pat	24200000	24400000	0.0192973
chr1_pat	24400000	24600000	0.0200947
chr1_pat	24600000	24800000	0.0194349
chr1_pat	24800000	25000000	0.0148399
chr1_pat	25000000	25200000	0.0133045
chr1_pat	25200000	25400000	0.0156001
chr1_pat	25400000	25600000	0.0149328
chr1_pat	25600000	25800000	0.0128256
chr1_pat	25800000	26000000	0.0144178
chr1_pat	26000000	26200000	0.0164748
chr1_pat	26200000	26400000	0.0121526
chr1_pat	26400000	26600000	0.0175486
chr1_pat	26600000	26800000	
chr1_pat	26800000	27000000	0.0291056
chr1_pat	27000000	27200000	0.0205935
chr1_pat	27200000	27400000	0.0218996
chr1_pat	27400000	27600000	0.0162347
chr1_pat	27600000	27800000	0.0150359
chr1_pat	27800000	28000000	0.0112481
chr1_pat	28000000	28200000	0.0123459
chr1_pat	28200000	28400000	0.0122411
chr1_pat	28400000	28600000	0.0130054
chr1_pat	28600000	28800000	0.0134693
chr1_pat	28800000	29000000	0.0146631
chr1_pat	29000000	29200000	0.0176875
chr1_pat	29200000	29400000	0.014562
chr1_pat	29400000	29600000	0.0150239
chr1_pat	29600000	29800000	0.0128863
chr1_pat	29800000	30000000	0.0127752
chr1_pat	30000000	30200000	0.0163995
chr1_pat	30200000	30400000	0.0157589
chr1_pat	30400000	30600000	0.0157126
chr1_pat	30600000	30800000	0.0136305
chr1_pat	30800000	31000000	0.01483
chr1_pat	31000000	31200000	0.0101445
chr1_pat	31200000	31400000	0.0146977
chr1_pat	31400000	31600000	0.0215052
chr1_pat	31600000	31800000	0.0272785
chr1_pat	31800000	32000000	0.0240604
chr1_pat	32000000	32200000	0.0250183
chr1_pat	32200000	32400000	0.0188256
chr1_pat	32400000	32600000	0.0215514
chr1_pat	32600000	32800000	0.0157023
chr1_pat	32800000	33000000	0.0242686
chr1_pat	33000000	33200000	0.0174088
chr1_pat	33200000	33400000	0.0201749
chr1_pat	33400000	33600000	0.0170052
chr1_pat	33600000	33800000	0.0261606
chr1_pat	33800000	34000000	0.0232511
chr1_pat	34000000	34200000	0.0177011
chr1_pat	34200000	34400000	0.0176005
chr1_pat	34400000	34600000	0.0187595
chr1_pat	34600000	34800000	0.0131244
chr1_pat	34800000	35000000	0.0133381
chr1_pat	35000000	35200000	0.0180144
chr1_pat	35200000	35400000	0.0171091
chr1_pat	35400000	35600000	
chr1_pat	35600000	35800000	0.0230127
chr1_pat	35800000	36000000	0.0209506
chr1_pat	36000000	36200000	0.0173247
chr1_pat	36200000	36400000	0.0155069
chr1_pat	36400000	36600000	0.0163992
chr1_pat	36600000	36800000	0.0173797
chr1_pat	36800000	37000000	0.0224426
chr1_pat	37000000	37200000	0.0197882
chr1_pat	37200000	37400000	0.0241854
chr1_pat	37400000	37600000	0.024587
chr1_pat	37600000	37800000	0.013684
chr1_pat	37800000	38000000	0.0117086
chr1_pat	38000000	38200000	0.015457
chr1_pat	38200000	38400000	0.0179472
chr1_pat	38400000	38600000	0.0146305
chr1_pat	38600000	38800000	0.0180188
chr1_pat	38800000	39000000	0.0185256
chr1_pat	39000000	39200000	0.0188166
chr1_pat	39200000	39400000	0.0220324
chr1_pat	39400000	39600000	0.0250473
chr1_pat	39600000	39800000	0.0207566
chr1_pat	39800000	40000000	0.0171983
chr1_pat	40000000	40200000	0.0192542
chr1_pat	40200000	40400000	0.0175688
chr1_pat	40400000	40600000	0.019588
chr1_pat	40600000	40800000	0.0212702
chr1_pat	40800000	41000000	0.0196308
chr1_pat	41000000	41200000	0.0137211
chr1_pat	41200000	41400000	0.0161509
chr1_pat	41400000	41600000	0.0207585
chr1_pat	41600000	41800000	0.0171965
chr1_pat	41800000	42000000	0.0198388
chr1_pat	42000000	42200000	0.0244011
chr1_pat	42200000	42400000	0.0212485
chr1_pat	42400000	42600000	0.0257013
chr1_pat	42600000	42800000	0.0133443
chr1_pat	42800000	43000000	0.0149384
chr1_pat	43000000	43200000	0.0263265
chr1_pat	43200000	43400000	0.0202993
chr1_pat	43400000	43600000	0.0209622
chr1_pat	43600000	43800000	0.0181931
chr1_pat	43800000	44000000	0.019173
chr1_pat	44000000	44200000	0.0156896
chr1_pat	44200000	44400000	0.0373081
chr1_pat	44400000	44600000	0.0257197
chr1_pat	44600000	44800000	0.0213746
chr1_pat	44800000	45000000	0.0177243
chr1_pat	45000000	45200000	0.0168392
chr1_pat	45200000	45400000	0.017861
chr1_pat	45400000	45600000	0.0238045
chr1_pat	45600000	45800000	0.0163035
chr1_pat	45800000	46000000	
chr1_pat	46000000	46200000	0.0397542
chr1_pat	46200000	46400000	0.0313395
chr1_pat	46400000	46600000	0.0259306
chr1_pat	46600000	46800000	0.026952
chr1_pat	46800000	47000000	
chr1_pat	47000000	47200000	0.0261475
chr1_pat	47200000	47400000	0.0307097
chr1_pat	47400000	47600000	0.0126471
chr1_pat	47600000	47800000	0.0142614
chr1_pat	47800000	48000000	0.0183057
chr1_pat	48000000	48200000	0.0242565
chr1_pat	48200000	48400000	0.0213456
chr1_pat	48400000	48600000	0.0174497
chr1_pat	48600000	48800000	0.0220587
chr1_pat	48800000	49000000	0.0286063
chr1_pat	49000000	49200000	0.0301383
chr1_pat	49200000	49400000	0.0278938
chr1_pat	49400000	49600000	
chr1_pat	49600000	49800000	0.0266051
chr1_pat	49800000	50000000	0.0233035
chr1_pat	50000000	50200000	0.0470903
chr1_pat	50200000	50400000	0.025375
chr1_pat	50400000	50600000	0.0210017
chr1_pat	50600000	50800000	0.0211176
chr1_pat	50800000	51000000	0.0238741
chr1_pat	51000000	51200000	0.0226802
chr1_pat	51200000	51400000	0.0207324
chr1_pat	51400000	51600000	0.0226094
chr1_pat	51600000	51800000	0.0380437
chr1_pat	51800000	52000000	
chr1_pat	52000000	52200000	
chr1_pat	52200000	52400000	
chr1_pat	52400000	52600000	
chr1_pat	52600000	52800000	
chr1_pat	52800000	53000000	
chr1_pat	53000000	53200000	0.0478804
chr1_pat	53200000	53400000	0.0210339
chr1_pat	53400000	53600000	0.0363985
chr1_pat	53600000	53800000	0.0223011
chr1_pat	53800000	54000000	0.0258119
chr1_pat	54000000	54200000	0.0184091
chr1_pat	54200000	54400000	0.031573
chr1_pat	54400000	54600000	0.0159494
chr1_pat	54600000	54800000	0.0291828
chr1_pat	54800000	55000000	0.0200742
chr1_pat	55000000	55200000	0.0227207
chr1_pat	55200000	55400000	0.0228863
chr1_pat	55400000	55600000	0.0282133
chr1_pat	55600000	55800000	0.0384304
chr1_pat	55800000	56000000	
chr1_pat	56000000	56200000	
chr1_pat	56200000	56400000	0.0204845
chr1_pat	56400000	56600000	0.0229169
chr1_pat	56600000	56800000	0.0229181
chr1_pat	56800000	57000000	0.0414973
chr1_pat	57000000	57200000	0.0292327
chr1_pat	57200000	57400000	0.0255721
chr1_pat	57400000	57600000	0.0234086
chr1_pat	57600000	57800000	0.0167547
chr1_pat	57800000	58000000	0.011254
chr1_pat	58000000	58200000	0.0249341
chr1_pat	58200000	58400000	0.0250203
chr1_pat	58400000	58600000	0.0319982
chr1_pat	58600000	58800000	0.0212822
chr1_pat	58800000	59000000	0.0267445
chr1_pat	59000000	59200000	0.0177018
chr1_pat	59200000	59400000	0.0174273
chr1_pat	59400000	59600000	0.0176507
chr1_pat	59600000	59800000	0.0137676
chr1_pat	59800000	60000000	0.0115071
chr1_pat	60000000	60200000	0.0149817
chr1_pat	60200000	60400000	0.0127674
chr1_pat	60400000	60600000	0.0166136
chr1_pat	60600000	60800000	0.0104214
chr1_pat	60800000	61000000	0.0141246
chr1_pat	61000000	61200000	0.0103668
chr1_pat	61200000	61400000	0.0159278
chr1_pat	61400000	61600000	0.0272722
chr1_pat	61600000	61800000	0.0273362
chr1_pat	61800000	62000000	0.0150474
chr1_pat	62000000	62200000	0.0148506
chr1_pat	62200000	62400000	0.0126164
chr1_pat	62400000	62600000	0.0169334
chr1_pat	62600000	62800000	0.0201125
chr1_pat	62800000	63000000	0.0176569
chr1_pat	63000000	63200000	0.0194674
chr1_pat	63200000	63400000	0.0164643
chr1_pat	63400000	63600000	0.0159147
chr1_pat	63600000	63800000	0.0190217
chr1_pat	63800000	64000000	0.0206543
chr1_pat	64000000	64200000	0.0313501
chr1_pat	64200000	64400000	0.0261562
chr1_pat	64400000	64600000	0.0141478
chr1_pat	64600000	64800000	0.0200413
chr1_pat	64800000	65000000	0.024491
chr1_pat	65000000	65200000	0.017286
chr1_pat	65200000	65400000	0.0142176
chr1_pat	65400000	65600000	0.0176735
chr1_pat	65600000	65800000	0.01625
chr1_pat	65800000	66000000	0.0154744
chr1_pat	66000000	66200000	0.0131233
chr1_pat	66200000	66400000	0.0158017
chr1_pat	66400000	66600000	0.0131381
chr1_pat	66600000	66800000	0.0119426
chr1_pat	66800000	67000000	0.0156165
chr1_pat	67000000	67200000	0.0116523
chr1_pat	67200000	67400000	0.0159829
chr1_pat	67400000	67600000	0.0131721
chr1_pat	67600000	67800000	0.0115643
chr1_pat	67800000	68000000	0.0143371
chr1_pat	68000000	68200000	0.0134428
chr1_pat	68200000	68400000	0.0141954
chr1_pat	68400000	68600000	0.0120638
chr1_pat	68600000	68800000	0.0188854
chr1_pat	68800000	69000000	0.0114434
chr1_pat	69000000	69200000	0.0131403
chr1_pat	69200000	69400000	0.0149513
chr1_pat	69400000	69600000	0.0221414
chr1_pat	69600000	69800000	0.0238303
chr1_pat	69800000	70000000	0.0197669
chr1_pat	70000000	70200000	0.019708
chr1_pat	70200000	70400000	0.0105265
chr1_pat	70400000	70600000	0.0132208
chr1_pat	70600000	70800000	0.0126428
chr1_pat	70800000	71000000	0.0124364
chr1_pat	71000000	71200000	0.036138
chr1_pat	71200000	71400000	0.0157773
chr1_pat	71400000	71600000	0.020673
chr1_pat	71600000	71800000	0.015481
chr1_pat	71800000	72000000	0.0184332
chr1_pat	72000000	72200000	0.0246703
chr1_pat	72200000	72400000	0.0333507
chr1_pat	72400000	72600000	0.0175718
chr1_pat	72600000	72800000	0.0152298
chr1_pat	72800000	73000000	0.0156943
chr1_pat	73000000	73200000	0.0174658
chr1_pat	73200000	73400000	0.02239
chr1_pat	73400000	73600000	0.0150881
chr1_pat	73600000	73800000	0.0177864
chr1_pat	73800000	74000000	0.0181428
chr1_pat	74000000	74200000	0.0170224
chr1_pat	74200000	74400000	0.0191729
chr1_pat	74400000	74600000	0.0401441
chr1_pat	74600000	74800000	0.0171216
chr1_pat	74800000	75000000	0.0157736
chr1_pat	75000000	75200000	0.0145895
chr1_pat	75200000	75400000	0.0147966
chr1_pat	75400000	75600000	0.0131741
chr1_pat	75600000	75800000	0.0151594
chr1_pat	75800000	76000000	0.014683
chr1_pat	76000000	76200000	0.0140932
chr1_pat	76200000	76400000	0.0129729
chr1_pat	76400000	76600000	0.0183548
chr1_pat	76600000	76800000	0.0129563
chr1_pat	76800000	77000000	0.0110191
chr1_pat	77000000	77200000	0.0182142
chr1_pat	77200000	77400000	0.0160962
chr1_pat	77400000	77600000	0.0159047
chr1_pat	77600000	77800000	0.0134342
chr1_pat	77800000	78000000	0.0164779
chr1_pat	78000000	78200000	0.0181432
chr1_pat	78200000	78400000	0.0175539
chr1_pat	78400000	78600000	0.0122682
chr1_pat	78600000	78800000	0.0151236
chr1_pat	78800000	79000000	0.018812
chr1_pat	79000000	79200000	0.0183379
chr1_pat	79200000	79400000	0.0162687
chr1_pat	79400000	79600000	0.0157401
chr1_pat	79600000	79800000	0.0219963
chr1_pat	79800000	80000000	0.0302809
chr1_pat	80000000	80200000	0.0207503
chr1_pat	80200000	80400000	0.0178242
chr1_pat	80400000	80600000	0.0179482
chr1_pat	80600000	80800000	0.0159306
chr1_pat	80800000	81000000	0.0174151
chr1_pat	81000000	81200000	0.0127191
chr1_pat	81200000	81400000	0.0146917
chr1_pat	81400000	81600000	0.0153241
chr1_pat	81600000	81800000	0.0120422
chr1_pat	81800000	82000000	0.0120243
chr1_pat	82000000	82200000	0.0175504
chr1_pat	82200000	82400000	0.0185969
chr1_pat	82400000	82600000	0.0203518
chr1_pat	82600000	82800000	0.0134811
chr1_pat	82800000	83000000	0.0109586
chr1_pat	83000000	83200000	0.0107462
chr1_pat	83200000	83400000	0.0113644
chr1_pat	83400000	83600000	0.0191931
chr1_pat	83600000	83800000	0.0187746
chr1_pat	83800000	84000000	0.0147222
chr1_pat	84000000	84200000	0.0150247
chr1_pat	84200000	84400000	0.0132017
chr1_pat	84400000	84600000	0.0125649
chr1_pat	84600000	84800000	0.0462224
chr1_pat	84800000	85000000	0.0101098
chr1_pat	85000000	85200000	0.0115928
chr1_pat	85200000	85400000	0.00976264
chr1_pat	85400000	85600000	0.0167003
chr1_pat	85600000	85800000	0.0146756
chr1_pat	85800000	86000000	0.014326
chr1_pat	86000000	86200000	0.0119893
chr1_pat	86200000	86400000	0.015852
chr1_pat	86400000	86600000	0.0177349
chr1_pat	86600000	86800000	0.0147491
chr1_pat	86800000	87000000	0.0289158
chr1_pat	87000000	87200000	0.0266648
chr1_pat	87200000	87400000	0.022402
chr1_pat	87400000	87600000	0.031879
chr1_pat	87600000	87800000	0.0158546
chr1_pat	87800000	88000000	0.0119341
chr1_pat	88000000	88200000	0.0127873
chr1_pat	88200000	88400000	0.0140781
chr1_pat	88400000	88600000	0.0138566
chr1_pat	88600000	88800000	0.0131085
chr1_pat	88800000	89000000	0.0102722
chr1_pat	89000000	89200000	0.0137943
chr1_pat	89200000	89400000	0.014428
chr1_pat	89400000	89600000	0.0106865
chr1_pat	89600000	89800000	0.0164066
chr1_pat	89800000	90000000	0.0105786
chr1_pat	90000000	90200000	0.00869709
chr1_pat	90200000	90400000	0.0119911
chr1_pat	90400000	90600000	0.0122851
chr1_pat	90600000	90800000	0.0156504
chr1_pat	90800000	91000000	0.0154014
chr1_pat	91000000	91200000	0.0134634
chr1_pat	91200000	91400000	0.0129381
chr1_pat	91400000	91600000	0.010053
chr1_pat	91600000	91800000	0.0139975
chr1_pat	91800000	92000000	0.0147464
chr1_pat	92000000	92200000	0.0163117
chr1_pat	92200000	92400000	0.0127142
chr1_pat	92400000	92600000	0.0119113
chr1_pat	92600000	92800000	0.0137167
chr1_pat	92800000	93000000	0.015021
chr1_pat	93000000	93200000	0.0151353
chr1_pat	93200000	93400000	0.0160707
chr1_pat	93400000	93600000	0.0122244
chr1_pat	93600000	93800000	0.0139238
chr1_pat	93800000	94000000	0.014191
chr1_pat	94000000	94200000	0.0143301
chr1_pat	94200000	94400000	0.0141374
chr1_pat	94400000	94600000	0.0179003
chr1_pat	94600000	94800000	0.0152075
chr1_pat	94800000	95000000	0.0122999
chr1_pat	95000000	95200000	0.0132553
chr1_pat	95200000	95400000	0.0127261
chr1_pat	95400000	95600000	0.0118902
chr1_pat	95600000	95800000	0.0103061
chr1_pat	95800000	96000000	0.0109985
chr1_pat	96000000	96200000	0.0122692
chr1_pat	96200000	96400000	0.0120504
chr1_pat	96400000	96600000	0.0127191
chr1_pat	96600000	96800000	0.0097646
chr1_pat	96800000	97000000	0.0105879
chr1_pat	97000000	97200000	0.0127082
chr1_pat	97200000	97400000	0.0127678
chr1_pat	97400000	97600000	0.0114294
chr1_pat	97600000	97800000	0.0127175
chr1_pat	97800000	98000000	0.00925288
chr1_pat	98000000	98200000	0.0120584
chr1_pat	98200000	98400000	0.0126439
chr1_pat	98400000	98600000	0.0103484
chr1_pat	98600000	98800000	0.010371
chr1_pat	98800000	99000000	0.0101164
chr1_pat	99000000	99200000	0.0107324
chr1_pat	99200000	99400000	0.00949392
chr1_pat	99400000	99600000	0.0104314
chr1_pat	99600000	99800000	0.0134576
chr1_pat	99800000	100000000	0.0123718
chr1_pat	100000000	100200000	0.01082
chr1_pat	100200000	100400000	0.012277
chr1_pat	100400000	100600000	0.00946287
chr1_pat	100600000	100800000	0.0110075
chr1_pat	100800000	101000000	0.011205
chr1_pat	101000000	101200000	0.0105774
chr1_pat	101200000	101400000	0.0102396
chr1_pat	101400000	101600000	0.0113565
chr1_pat	101600000	101800000	0.00962016
chr1_pat	101800000	102000000	0.011616
chr1_pat	102000000	102200000	0.0124392
chr1_pat	102200000	102400000	0.0134468
chr1_pat	102400000	102600000	0.00847495
chr1_pat	102600000	102800000	0.00958928
chr1_pat	102800000	103000000	0.0122871
chr1_pat	103000000	103200000	0.0128137
chr1_pat	103200000	103400000	0.0106996
chr1_pat	103400000	103600000	0.0103008
chr1_pat	103600000	103800000	0.0106322
chr1_pat	103800000	104000000	0.0115107
chr1_pat	104000000	104200000	0.010312
chr1_pat	104200000	104400000	0.0109001
chr1_pat	104400000	104600000	0.0107241
chr1_pat	104600000	104800000	0.0107209
chr1_pat	104800000	105000000	0.00892216
chr1_pat	105000000	105200000	0.0130999
chr1_pat	105200000	105400000	0.0108788
chr1_pat	105400000	105600000	0.0109729
chr1_pat	105600000	105800000	0.0104116
chr1_pat	105800000	106000000	0.0104899
chr1_pat	106000000	106200000	0.0128989
chr1_pat	106200000	106400000	0.0115573
chr1_pat	106400000	106600000	0.0111593
chr1_pat	106600000	106800000	0.0109694
chr1_pat	106800000	107000000	0.00996375
chr1_pat	107000000	107200000	0.0110145
chr1_pat	107200000	107400000	0.0102526
chr1_pat	107400000	107600000	0.0112877
chr1_pat	107600000	107800000	0.0118877
chr1_pat	107800000	108000000	0.0127957
chr1_pat	108000000	108200000	0.0116436
chr1_pat	108200000	108400000	0.00782688
chr1_pat	108400000	108600000	0.00872951
chr1_pat	108600000	108800000	0.011164
chr1_pat	108800000	109000000	0.01233
chr1_pat	109000000	109200000	0.0108569
chr1_pat	109200000	109400000	0.0108253
chr1_pat	109400000	109600000	0.00786258
chr1_pat	109600000	109800000	0.0125637
chr1_pat	109800000	110000000	0.0117906
chr1_pat	110000000	110200000	0.00894278
chr1_pat	110200000	110400000	0.00977151
chr1_pat	110400000	110600000	0.0573698
chr1_pat	110600000	110800000	0.0108514
chr1_pat	110800000	111000000	0.0098141
chr1_pat	111000000	111200000	0.0115306
chr1_pat	111200000	111400000	0.00904993
chr1_pat	111400000	111600000	0.0118522
chr1_pat	111600000	111800000	0.0117696
chr1_pat	111800000	112000000	0.0118983
chr1_pat	112000000	112200000	0.0115743
chr1_pat	112200000	112400000	0.010356
chr1_pat	112400000	112600000	0.00966537
chr1_pat	112600000	112800000	0.0117598
chr1_pat	112800000	113000000	0.0116931
chr1_pat	113000000	113200000	0.0110436
chr1_pat	113200000	113400000	0.00854971
chr1_pat	113400000	113600000	0.00803212
chr1_pat	113600000	113800000	0.0105447
chr1_pat	113800000	114000000	0.00834787
chr1_pat	114000000	114200000	0.00981458
chr1_pat	114200000	114400000	0.00837967
chr1_pat	114400000	114600000	0.00933831
chr1_pat	114600000	114800000	0.00946641
chr1_pat	114800000	115000000	0.0103968
chr1_pat	115000000	115200000	0.00930267
chr1_pat	115200000	115400000	0.0112155
chr1_pat	115400000	115600000	0.0100135
chr1_pat	115600000	115800000	0.0129818
chr1_pat	115800000	115996361	0.0377965
chr1A_pat	0	200000	0.0692321
chr1A_pat	200000	400000	0.0143113
chr1A_pat	400000	600000	0.0105129
chr1A_pat	600000	800000	0.0157802
chr1A_pat	800000	1000000	0.0116273
chr1A_pat	1000000	1200000	0.00860414
chr1A_pat	1200000	1400000	0.00696275
chr1A_pat	1400000	1600000	0.00662101
chr1A_pat	1600000	1800000	0.0081297
chr1A_pat	1800000	2000000	0.0099939
chr1A_pat	2000000	2200000	0.00947422
chr1A_pat	2200000	2400000	0.0113421
chr1A_pat	2400000	2600000	0.0124557
chr1A_pat	2600000	2800000	0.0125213
chr1A_pat	2800000	3000000	0.0125967
chr1A_pat	3000000	3200000	0.0115374
chr1A_pat	3200000	3400000	0.00910523
chr1A_pat	3400000	3600000	0.0172788
chr1A_pat	3600000	3800000	
chr1A_pat	3800000	4000000	
chr1A_pat	4000000	4200000	
chr1A_pat	4200000	4400000	0.0183763
chr1A_pat	4400000	4600000	0.0127549
chr1A_pat	4600000	4800000	0.0126368
chr1A_pat	4800000	5000000	0.0115313
chr1A_pat	5000000	5200000	0.0114414
chr1A_pat	5200000	5400000	0.0115038
chr1A_pat	5400000	5600000	0.0131752
chr1A_pat	5600000	5800000	0.0130666
chr1A_pat	5800000	6000000	0.0121538
chr1A_pat	6000000	6200000	0.00824755
chr1A_pat	6200000	6400000	0.0094243
chr1A_pat	6400000	6600000	0.0115825
chr1A_pat	6600000	6800000	0.00912639
chr1A_pat	6800000	7000000	0.0128055
chr1A_pat	7000000	7200000	0.0121325
chr1A_pat	7200000	7400000	0.00980476
chr1A_pat	7400000	7600000	0.0106952
chr1A_pat	7600000	7800000	0.0114225
chr1A_pat	7800000	8000000	0.0102556
chr1A_pat	8000000	8200000	0.0126804
chr1A_pat	8200000	8400000	0.0104108
chr1A_pat	8400000	8600000	0.0109769
chr1A_pat	8600000	8800000	0.013295
chr1A_pat	8800000	9000000	0.0111204
chr1A_pat	9000000	9200000	0.0107949
chr1A_pat	9200000	9400000	0.0110436
chr1A_pat	9400000	9600000	0.0109006
chr1A_pat	9600000	9800000	0.0128744
chr1A_pat	9800000	10000000	0.0114475
chr1A_pat	10000000	10200000	0.0124357
chr1A_pat	10200000	10400000	0.0103116
chr1A_pat	10400000	10600000	0.0115486
chr1A_pat	10600000	10800000	0.0115347
chr1A_pat	10800000	11000000	0.011148
chr1A_pat	11000000	11200000	0.0110906
chr1A_pat	11200000	11400000	0.0108609
chr1A_pat	11400000	11600000	0.0115151
chr1A_pat	11600000	11800000	0.0118803
chr1A_pat	11800000	12000000	0.00847586
chr1A_pat	12000000	12200000	0.00999275
chr1A_pat	12200000	12400000	0.00830669
chr1A_pat	12400000	12600000	0.0128648
chr1A_pat	12600000	12800000	0.0120498
chr1A_pat	12800000	13000000	0.0131353
chr1A_pat	13000000	13200000	0.00970826
chr1A_pat	13200000	13400000	0.0113749
chr1A_pat	13400000	13600000	0.0108509
chr1A_pat	13600000	13800000	0.0112589
chr1A_pat	13800000	14000000	0.0115376
chr1A_pat	14000000	14200000	0.00957415
chr1A_pat	14200000	14400000	0.0107041
chr1A_pat	14400000	14600000	0.0123177
chr1A_pat	14600000	14800000	0.0140735
chr1A_pat	14800000	15000000	0.0181765
chr1A_pat	15000000	15200000	0.0110097
chr1A_pat	15200000	15400000	0.0123177
chr1A_pat	15400000	15600000	0.0137064
chr1A_pat	15600000	15800000	0.0114722
chr1A_pat	15800000	16000000	0.0155201
chr1A_pat	16000000	16200000	0.0134913
chr1A_pat	16200000	16400000	0.0139388
chr1A_pat	16400000	16600000	0.0124908
chr1A_pat	16600000	16800000	0.0200027
chr1A_pat	16800000	17000000	0.0164517
chr1A_pat	17000000	17200000	0.0155966
chr1A_pat	17200000	17400000	0.0144095
chr1A_pat	17400000	17600000	0.0166661
chr1A_pat	17600000	17800000	0.0143574
chr1A_pat	17800000	18000000	0.0125509
chr1A_pat	18000000	18200000	0.0148972
chr1A_pat	18200000	18400000	0.0208681
chr1A_pat	18400000	18600000	0.0237884
chr1A_pat	18600000	18800000	0.0175848
chr1A_pat	18800000	19000000	0.0163933
chr1A_pat	19000000	19200000	0.0165206
chr1A_pat	19200000	19400000	0.0156913
chr1A_pat	19400000	19600000	0.00918452
chr1A_pat	19600000	19800000	0.0157538
chr1A_pat	19800000	20000000	0.013973
chr1A_pat	20000000	20200000	0.0282607
chr1A_pat	20200000	20400000	0.0178825
chr1A_pat	20400000	20600000	0.016395
chr1A_pat	20600000	20800000	0.0158642
chr1A_pat	20800000	21000000	0.0108419
chr1A_pat	21000000	21200000	0.0139164
chr1A_pat	21200000	21400000	0.0132169
chr1A_pat	21400000	21600000	0.0113742
chr1A_pat	21600000	21800000	0.0183678
chr1A_pat	21800000	22000000	0.0173081
chr1A_pat	22000000	22200000	0.0149501
chr1A_pat	22200000	22400000	0.0138798
chr1A_pat	22400000	22600000	0.0136812
chr1A_pat	22600000	22800000	0.0163909
chr1A_pat	22800000	23000000	0.0181709
chr1A_pat	23000000	23200000	0.0202779
chr1A_pat	23200000	23400000	0.0170565
chr1A_pat	23400000	23600000	0.0158418
chr1A_pat	23600000	23800000	0.0177186
chr1A_pat	23800000	24000000	0.0124076
chr1A_pat	24000000	24200000	0.0180923
chr1A_pat	24200000	24400000	0.0149078
chr1A_pat	24400000	24600000	0.027217
chr1A_pat	24600000	24800000	0.0356652
chr1A_pat	24800000	25000000	0.020692
chr1A_pat	25000000	25200000	0.0295759
chr1A_pat	25200000	25400000	0.0209927
chr1A_pat	25400000	25600000	0.0245024
chr1A_pat	25600000	25800000	0.0193949
chr1A_pat	25800000	26000000	0.0171309
chr1A_pat	26000000	26200000	0.0125622
chr1A_pat	26200000	26400000	0.0194786
chr1A_pat	26400000	26600000	0.0160608
chr1A_pat	26600000	26800000	0.0210485
chr1A_pat	26800000	27000000	0.0194392
chr1A_pat	27000000	27200000	0.0168873
chr1A_pat	27200000	27400000	0.0207981
chr1A_pat	27400000	27600000	0.0118806
chr1A_pat	27600000	27800000	0.0163229
chr1A_pat	27800000	28000000	0.0165769
chr1A_pat	28000000	28200000	0.0207555
chr1A_pat	28200000	28400000	0.0179363
chr1A_pat	28400000	28600000	0.0120003
chr1A_pat	28600000	28800000	0.0195677
chr1A_pat	28800000	29000000	0.0186315
chr1A_pat	29000000	29200000	0.0176049
chr1A_pat	29200000	29400000	0.0179405
chr1A_pat	29400000	29600000	0.0150644
chr1A_pat	29600000	29800000	0.018363
chr1A_pat	29800000	30000000	0.0161127
chr1A_pat	30000000	30200000	0.0206217
chr1A_pat	30200000	30400000	0.0144989
chr1A_pat	30400000	30600000	0.0399011
chr1A_pat	30600000	30800000	0.028328
chr1A_pat	30800000	31000000	0.026442
chr1A_pat	31000000	31200000	0.0384597
chr1A_pat	31200000	31400000	0.0265442
chr1A_pat	31400000	31600000	0.0245713
chr1A_pat	31600000	31800000	0.0143626
chr1A_pat	31800000	32000000	0.0155285
chr1A_pat	32000000	32200000	0.0150858
chr1A_pat	32200000	32400000	0.0107073
chr1A_pat	32400000	32600000	0.0145537
chr1A_pat	32600000	32800000	0.0165315
chr1A_pat	32800000	33000000	0.0240474
chr1A_pat	33000000	33200000	0.0159366
chr1A_pat	33200000	33400000	0.0182649
chr1A_pat	33400000	33600000	0.012444
chr1A_pat	33600000	33800000	0.0193668
chr1A_pat	33800000	34000000	0.0146463
chr1A_pat	34000000	34200000	0.0158368
chr1A_pat	34200000	34400000	0.0150418
chr1A_pat	34400000	34600000	0.0420339
chr1A_pat	34600000	34800000	0.0371206
chr1A_pat	34800000	35000000	0.0321143
chr1A_pat	35000000	35200000	0.0152571
chr1A_pat	35200000	35400000	0.023344
chr1A_pat	35400000	35600000	0.0377314
chr1A_pat	35600000	35800000	0.0244629
chr1A_pat	35800000	36000000	0.0278483
chr1A_pat	36000000	36200000	0.0173909
chr1A_pat	36200000	36400000	0.0163657
chr1A_pat	36400000	36600000	0.0149685
chr1A_pat	36600000	36800000	0.017166
chr1A_pat	36800000	37000000	0.0263829
chr1A_pat	37000000	37200000	0.0199861
chr1A_pat	37200000	37400000	0.0320987
chr1A_pat	37400000	37600000	0.0358412
chr1A_pat	37600000	37800000	0.0265875
chr1A_pat	37800000	38000000	0.0222946
chr1A_pat	38000000	38200000	0.0216158
chr1A_pat	38200000	38400000	0.0132574
chr1A_pat	38400000	38600000	0.0213853
chr1A_pat	38600000	38800000	0.0177226
chr1A_pat	38800000	39000000	0.0234952
chr1A_pat	39000000	39200000	0.0185497
chr1A_pat	39200000	39400000	0.0187758
chr1A_pat	39400000	39600000	0.0160443
chr1A_pat	39600000	39800000	0.0226629
chr1A_pat	39800000	40000000	0.0264287
chr1A_pat	40000000	40200000	0.0267355
chr1A_pat	40200000	40400000	0.0300863
chr1A_pat	40400000	40600000	0.0204345
chr1A_pat	40600000	40800000	0.0259125
chr1A_pat	40800000	41000000	0.015907
chr1A_pat	41000000	41200000	0.0178721
chr1A_pat	41200000	41400000	0.0316196
chr1A_pat	41400000	41600000	0.042876
chr1A_pat	41600000	41800000	0.0266921
chr1A_pat	41800000	42000000	0.0347794
chr1A_pat	42000000	42200000	0.0510014
chr1A_pat	42200000	42400000	0.0275142
chr1A_pat	42400000	42600000	0.0200204
chr1A_pat	42600000	42800000	0.0202125
chr1A_pat	42800000	43000000	0.0176467
chr1A_pat	43000000	43200000	0.0185937
chr1A_pat	43200000	43400000	0.0165643
chr1A_pat	43400000	43600000	0.0165579
chr1A_pat	43600000	43800000	0.0128672
chr1A_pat	43800000	44000000	0.011237
chr1A_pat	44000000	44200000	0.0215575
chr1A_pat	44200000	44400000	0.0163715
chr1A_pat	44400000	44600000	0.0174084
chr1A_pat	44600000	44800000	0.0234304
chr1A_pat	44800000	45000000	0.0310037
chr1A_pat	45000000	45200000	0.0114496
chr1A_pat	45200000	45400000	0.0182396
chr1A_pat	45400000	45600000	0.020809
chr1A_pat	45600000	45800000	0.0189351
chr1A_pat	45800000	46000000	0.0151968
chr1A_pat	46000000	46200000	0.0162903
chr1A_pat	46200000	46400000	0.0162327
chr1A_pat	46400000	46600000	0.0089283
chr1A_pat	46600000	46800000	0.0183563
chr1A_pat	46800000	47000000	0.0253151
chr1A_pat	47000000	47200000	0.0167753
chr1A_pat	47200000	47400000	0.0178765
chr1A_pat	47400000	47600000	0.0147996
chr1A_pat	47600000	47800000	0.0160262
chr1A_pat	47800000	48000000	0.0119393
chr1A_pat	48000000	48200000	0.011032
chr1A_pat	48200000	48400000	0.0210033
chr1A_pat	48400000	48600000	0.0119448
chr1A_pat	48600000	48800000	0.013496
chr1A_pat	48800000	49000000	0.0157929
chr1A_pat	49000000	49200000	0.0184569
chr1A_pat	49200000	49400000	0.012525
chr1A_pat	49400000	49600000	0.0131722
chr1A_pat	49600000	49800000	0.0119128
chr1A_pat	49800000	50000000	0.0115003
chr1A_pat	50000000	50200000	0.0168459
chr1A_pat	50200000	50400000	0.0150074
chr1A_pat	50400000	50600000	0.0121645
chr1A_pat	50600000	50800000	0.0178169
chr1A_pat	50800000	51000000	0.0129119
chr1A_pat	51000000	51200000	0.018066
chr1A_pat	51200000	51400000	0.0162502
chr1A_pat	51400000	51600000	0.0156984
chr1A_pat	51600000	51800000	0.0152022
chr1A_pat	51800000	52000000	0.0107035
chr1A_pat	52000000	52200000	0.0134007
chr1A_pat	52200000	52400000	0.0117397
chr1A_pat	52400000	52600000	0.0116121
chr1A_pat	52600000	52800000	0.0136257
chr1A_pat	52800000	53000000	0.0131981
chr1A_pat	53000000	53200000	0.0150392
chr1A_pat	53200000	53400000	0.0121124
chr1A_pat	53400000	53600000	0.0128982
chr1A_pat	53600000	53800000	0.0144198
chr1A_pat	53800000	54000000	0.0201232
chr1A_pat	54000000	54200000	0.0103462
chr1A_pat	54200000	54400000	0.011459
chr1A_pat	54400000	54600000	0.0153497
chr1A_pat	54600000	54800000	0.0167394
chr1A_pat	54800000	55000000	0.0149231
chr1A_pat	55000000	55200000	0.0147957
chr1A_pat	55200000	55400000	0.0129442
chr1A_pat	55400000	55600000	0.00884702
chr1A_pat	55600000	55800000	0.0136091
chr1A_pat	55800000	56000000	0.0112092
chr1A_pat	56000000	56200000	0.0139913
chr1A_pat	56200000	56400000	0.012183
chr1A_pat	56400000	56600000	0.0128305
chr1A_pat	56600000	56800000	0.0140947
chr1A_pat	56800000	57000000	0.0153357
chr1A_pat	57000000	57200000	0.015835
chr1A_pat	57200000	57400000	0.0137308
chr1A_pat	57400000	57600000	0.0170445
chr1A_pat	57600000	57800000	0.0120117
chr1A_pat	57800000	58000000	0.0133974
chr1A_pat	58000000	58200000	0.0143171
chr1A_pat	58200000	58400000	0.0504621
chr1A_pat	58400000	58600000	0.0461036
chr1A_pat	58600000	58800000	
chr1A_pat	58800000	59000000	
chr1A_pat	59000000	59200000	
chr1A_pat	59200000	59400000	
chr1A_pat	59400000	59600000	
chr1A_pat	59600000	59800000	
chr1A_pat	59800000	60000000	
chr1A_pat	60000000	60200000	
chr1A_pat	60200000	60400000	
chr1A_pat	60400000	60600000	
chr1A_pat	60600000	60800000	
chr1A_pat	60800000	61000000	0.0274277
chr1A_pat	61000000	61200000	0.0237733
chr1A_pat	61200000	61400000	0.0136108
chr1A_pat	61400000	61600000	0.0166802
chr1A_pat	61600000	61800000	0.0157797
chr1A_pat	61800000	62000000	0.0179561
chr1A_pat	62000000	62200000	0.0170392
chr1A_pat	62200000	62400000	0.0161655
chr1A_pat	62400000	62600000	0.0123152
chr1A_pat	62600000	62800000	0.0175961
chr1A_pat	62800000	63000000	0.0122521
chr1A_pat	63000000	63200000	0.0169491
chr1A_pat	63200000	63400000	0.0143595
chr1A_pat	63400000	63600000	0.0104911
chr1A_pat	63600000	63800000	0.0140498
chr1A_pat	63800000	64000000	0.0126174
chr1A_pat	64000000	64200000	0.0125925
chr1A_pat	64200000	64400000	0.0108157
chr1A_pat	64400000	64600000	0.0173479
chr1A_pat	64600000	64800000	0.017345
chr1A_pat	64800000	65000000	0.0158353
chr1A_pat	65000000	65200000	0.0114117
chr1A_pat	65200000	65400000	0.0127093
chr1A_pat	65400000	65600000	0.0144686
chr1A_pat	65600000	65800000	0.0441822
chr1A_pat	65800000	66000000	0.0156064
chr1A_pat	66000000	66200000	0.0139076
chr1A_pat	66200000	66400000	0.0116018
chr1A_pat	66400000	66600000	0.014417
chr1A_pat	66600000	66800000	0.0140526
chr1A_pat	66800000	67000000	0.0131965
chr1A_pat	67000000	67200000	0.0141818
chr1A_pat	67200000	67400000	0.0154618
chr1A_pat	67400000	67600000	0.0160153
chr1A_pat	67600000	67800000	0.0142448
chr1A_pat	67800000	68000000	0.0151351
chr1A_pat	68000000	68200000	0.0147443
chr1A_pat	68200000	68400000	0.0161617
chr1A_pat	68400000	68600000	0.0144903
chr1A_pat	68600000	68800000	0.0114057
chr1A_pat	68800000	69000000	0.0123985
chr1A_pat	69000000	69200000	0.0153749
chr1A_pat	69200000	69400000	0.0163146
chr1A_pat	69400000	69600000	0.0150601
chr1A_pat	69600000	69800000	0.0121724
chr1A_pat	69800000	70000000	0.015351
chr1A_pat	70000000	70200000	0.0110936
chr1A_pat	70200000	70400000	0.0115749
chr1A_pat	70400000	70600000	0.0147821
chr1A_pat	70600000	70800000	0.0142555
chr1A_pat	70800000	71000000	0.0160858
chr1A_pat	71000000	71200000	0.0158909
chr1A_pat	71200000	71400000	0.0164369
chr1A_pat	71400000	71600000	0.0171388
chr1A_pat	71600000	71800000	0.012904
chr1A_pat	71800000	72000000	0.0280142
chr1A_pat	72000000	72200000	
chr1A_pat	72200000	72373967	
chr2_pat	0	200000	0.206008
chr2_pat	200000	400000	0.0253466
chr2_pat	400000	600000	0.017996
chr2_pat	600000	800000	0.0117171
chr2_pat	800000	1000000	0.00987541
chr2_pat	1000000	1200000	0.00984704
chr2_pat	1200000	1400000	0.0083025
chr2_pat	1400000	1600000	0.00931193
chr2_pat	1600000	1800000	0.00789893
chr2_pat	1800000	2000000	0.0107643
chr2_pat	2000000	2200000	0.0123536
chr2_pat	2200000	2400000	0.0139065
chr2_pat	2400000	2600000	0.00908898
chr2_pat	2600000	2800000	0.0106589
chr2_pat	2800000	3000000	0.0116623
chr2_pat	3000000	3200000	0.0114422
chr2_pat	3200000	3400000	0.011405
chr2_pat	3400000	3600000	0.011581
chr2_pat	3600000	3800000	0.0119578
chr2_pat	3800000	4000000	0.0112459
chr2_pat	4000000	4200000	0.0129986
chr2_pat	4200000	4400000	0.0121201
chr2_pat	4400000	4600000	0.0145397
chr2_pat	4600000	4800000	0.0128713
chr2_pat	4800000	5000000	0.0110469
chr2_pat	5000000	5200000	0.012393
chr2_pat	5200000	5400000	0.0102326
chr2_pat	5400000	5600000	0.0122298
chr2_pat	5600000	5800000	0.0139871
chr2_pat	5800000	6000000	0.0139573
chr2_pat	6000000	6200000	0.0146899
chr2_pat	6200000	6400000	0.0119943
chr2_pat	6400000	6600000	0.00976911
chr2_pat	6600000	6800000	0.0105438
chr2_pat	6800000	7000000	0.0105678
chr2_pat	7000000	7200000	0.0130629
chr2_pat	7200000	7400000	0.0146846
chr2_pat	7400000	7600000	0.0151671
chr2_pat	7600000	7800000	0.0150766
chr2_pat	7800000	8000000	0.0133869
chr2_pat	8000000	8200000	0.0142576
chr2_pat	8200000	8400000	0.0104745
chr2_pat	8400000	8600000	0.0134882
chr2_pat	8600000	8800000	0.0142034
chr2_pat	8800000	9000000	0.0109324
chr2_pat	9000000	9200000	0.0101795
chr2_pat	9200000	9400000	0.0156726
chr2_pat	9400000	9600000	0.0146267
chr2_pat	9600000	9800000	0.0163649
chr2_pat	9800000	10000000	0.0104058
chr2_pat	10000000	10200000	0.0133334
chr2_pat	10200000	10400000	0.0131464
chr2_pat	10400000	10600000	0.0162307
chr2_pat	10600000	10800000	0.0133127
chr2_pat	10800000	11000000	0.0106792
chr2_pat	11000000	11200000	0.0161834
chr2_pat	11200000	11400000	0.0160799
chr2_pat	11400000	11600000	0.0161022
chr2_pat	11600000	11800000	0.013598
chr2_pat	11800000	12000000	0.0135713
chr2_pat	12000000	12200000	0.0133573
chr2_pat	12200000	12400000	0.0152175
chr2_pat	12400000	12600000	0.0173027
chr2_pat	12600000	12800000	0.0149894
chr2_pat	12800000	13000000	0.0144489
chr2_pat	13000000	13200000	0.0162565
chr2_pat	13200000	13400000	0.0146389
chr2_pat	13400000	13600000	0.0120559
chr2_pat	13600000	13800000	0.0130056
chr2_pat	13800000	14000000	0.0164912
chr2_pat	14000000	14200000	0.0184173
chr2_pat	14200000	14400000	0.0181799
chr2_pat	14400000	14600000	0.0155387
chr2_pat	14600000	14800000	0.0106285
chr2_pat	14800000	15000000	0.0147963
chr2_pat	15000000	15200000	0.015919
chr2_pat	15200000	15400000	0.0150553
chr2_pat	15400000	15600000	0.0163605
chr2_pat	15600000	15800000	0.0147216
chr2_pat	15800000	16000000	0.0173144
chr2_pat	16000000	16200000	0.0120606
chr2_pat	16200000	16400000	0.0172616
chr2_pat	16400000	16600000	0.0145806
chr2_pat	16600000	16800000	0.0132383
chr2_pat	16800000	17000000	0.0136563
chr2_pat	17000000	17200000	0.017609
chr2_pat	17200000	17400000	0.0141915
chr2_pat	17400000	17600000	0.0139671
chr2_pat	17600000	17800000	0.0160527
chr2_pat	17800000	18000000	0.0170299
chr2_pat	18000000	18200000	0.0140042
chr2_pat	18200000	18400000	0.0149128
chr2_pat	18400000	18600000	0.0220532
chr2_pat	18600000	18800000	0.0217221
chr2_pat	18800000	19000000	0.0134318
chr2_pat	19000000	19200000	0.0197731
chr2_pat	19200000	19400000	0.0182148
chr2_pat	19400000	19600000	0.0180584
chr2_pat	19600000	19800000	0.0183785
chr2_pat	19800000	20000000	0.0184645
chr2_pat	20000000	20200000	0.0143084
chr2_pat	20200000	20400000	0.01911
chr2_pat	20400000	20600000	0.0200858
chr2_pat	20600000	20800000	0.0133112
chr2_pat	20800000	21000000	0.0166252
chr2_pat	21000000	21200000	0.0188551
chr2_pat	21200000	21400000	0.0130552
chr2_pat	21400000	21600000	
chr2_pat	21600000	21800000	8.34911
chr2_pat	21800000	22000000	
chr2_pat	22000000	22200000	
chr2_pat	22200000	22400000	
chr2_pat	22400000	22600000	
chr2_pat	22600000	22800000	
chr2_pat	22800000	23000000	
chr2_pat	23000000	23200000	6.90421
chr2_pat	23200000	23400000	
chr2_pat	23400000	23600000	
chr2_pat	23600000	23800000	
chr2_pat	23800000	24000000	
chr2_pat	24000000	24200000	
chr2_pat	24200000	24400000	
chr2_pat	24400000	24600000	
chr2_pat	24600000	24800000	
chr2_pat	24800000	25000000	
chr2_pat	25000000	25200000	
chr2_pat	25200000	25400000	
chr2_pat	25400000	25600000	
chr2_pat	25600000	25800000	
chr2_pat	25800000	26000000	
chr2_pat	26000000	26200000	
chr2_pat	26200000	26400000	
chr2_pat	26400000	26600000	
chr2_pat	26600000	26800000	
chr2_pat	26800000	27000000	
chr2_pat	27000000	27200000	
chr2_pat	27200000	27400000	
chr2_pat	27400000	27600000	
chr2_pat	27600000	27800000	
chr2_pat	27800000	28000000	
chr2_pat	28000000	28200000	
chr2_pat	28200000	28400000	
chr2_pat	28400000	28600000	
chr2_pat	28600000	28800000	
chr2_pat	28800000	29000000	
chr2_pat	29000000	29200000	
chr2_pat	29200000	29400000	
chr2_pat	29400000	29600000	
chr2_pat	29600000	29800000	
chr2_pat	29800000	30000000	
chr2_pat	30000000	30200000	
chr2_pat	30200000	30400000	
chr2_pat	30400000	30600000	
chr2_pat	30600000	30800000	
chr2_pat	30800000	31000000	
chr2_pat	31000000	31200000	
chr2_pat	31200000	31400000	
chr2_pat	31400000	31600000	
chr2_pat	31600000	31800000	
chr2_pat	31800000	32000000	
chr2_pat	32000000	32200000	
chr2_pat	32200000	32400000	
chr2_pat	32400000	32600000	
chr2_pat	32600000	32800000	
chr2_pat	32800000	33000000	
chr2_pat	33000000	33200000	
chr2_pat	33200000	33400000	5.34422
chr2_pat	33400000	33600000	
chr2_pat	33600000	33800000	
chr2_pat	33800000	34000000	
chr2_pat	34000000	34200000	
chr2_pat	34200000	34400000	
chr2_pat	34400000	34600000	
chr2_pat	34600000	34800000	
chr2_pat	34800000	35000000	
chr2_pat	35000000	35200000	
chr2_pat	35200000	35400000	
chr2_pat	35400000	35600000	
chr2_pat	35600000	35800000	
chr2_pat	35800000	36000000	
chr2_pat	36000000	36200000	
chr2_pat	36200000	36400000	
chr2_pat	36400000	36600000	
chr2_pat	36600000	36800000	
chr2_pat	36800000	37000000	
chr2_pat	37000000	37200000	
chr2_pat	37200000	37400000	
chr2_pat	37400000	37600000	
chr2_pat	37600000	37800000	
chr2_pat	37800000	38000000	
chr2_pat	38000000	38200000	
chr2_pat	38200000	38400000	
chr2_pat	38400000	38600000	
chr2_pat	38600000	38800000	
chr2_pat	38800000	39000000	
chr2_pat	39000000	39200000	
chr2_pat	39200000	39400000	
chr2_pat	39400000	39600000	
chr2_pat	39600000	39800000	
chr2_pat	39800000	40000000	
chr2_pat	40000000	40200000	
chr2_pat	40200000	40400000	
chr2_pat	40400000	40600000	
chr2_pat	40600000	40800000	
chr2_pat	40800000	41000000	
chr2_pat	41000000	41200000	
chr2_pat	41200000	41400000	
chr2_pat	41400000	41600000	
chr2_pat	41600000	41800000	
chr2_pat	41800000	42000000	
chr2_pat	42000000	42200000	
chr2_pat	42200000	42400000	
chr2_pat	42400000	42600000	
chr2_pat	42600000	42800000	
chr2_pat	42800000	43000000	
chr2_pat	43000000	43200000	
chr2_pat	43200000	43400000	
chr2_pat	43400000	43600000	
chr2_pat	43600000	43800000	
chr2_pat	43800000	44000000	
chr2_pat	44000000	44200000	
chr2_pat	44200000	44400000	
chr2_pat	44400000	44600000	
chr2_pat	44600000	44800000	
chr2_pat	44800000	45000000	
chr2_pat	45000000	45200000	
chr2_pat	45200000	45400000	
chr2_pat	45400000	45600000	
chr2_pat	45600000	45800000	
chr2_pat	45800000	46000000	
chr2_pat	46000000	46200000	
chr2_pat	46200000	46400000	
chr2_pat	46400000	46600000	
chr2_pat	46600000	46800000	
chr2_pat	46800000	47000000	
chr2_pat	47000000	47200000	
chr2_pat	47200000	47400000	
chr2_pat	47400000	47600000	
chr2_pat	47600000	47800000	
chr2_pat	47800000	48000000	
chr2_pat	48000000	48200000	
chr2_pat	48200000	48400000	
chr2_pat	48400000	48600000	
chr2_pat	48600000	48800000	
chr2_pat	48800000	49000000	
chr2_pat	49000000	49200000	
chr2_pat	49200000	49400000	
chr2_pat	49400000	49600000	
chr2_pat	49600000	49800000	
chr2_pat	49800000	50000000	
chr2_pat	50000000	50200000	
chr2_pat	50200000	50400000	
chr2_pat	50400000	50600000	
chr2_pat	50600000	50800000	
chr2_pat	50800000	51000000	
chr2_pat	51000000	51200000	
chr2_pat	51200000	51400000	
chr2_pat	51400000	51600000	
chr2_pat	51600000	51800000	
chr2_pat	51800000	52000000	
chr2_pat	52000000	52200000	
chr2_pat	52200000	52400000	
chr2_pat	52400000	52600000	
chr2_pat	52600000	52800000	
chr2_pat	52800000	53000000	
chr2_pat	53000000	53200000	
chr2_pat	53200000	53400000	
chr2_pat	53400000	53600000	
chr2_pat	53600000	53800000	
chr2_pat	53800000	54000000	
chr2_pat	54000000	54200000	
chr2_pat	54200000	54400000	
chr2_pat	54400000	54600000	
chr2_pat	54600000	54800000	
chr2_pat	54800000	55000000	
chr2_pat	55000000	55200000	
chr2_pat	55200000	55400000	
chr2_pat	55400000	55600000	
chr2_pat	55600000	55800000	
chr2_pat	55800000	56000000	
chr2_pat	56000000	56200000	
chr2_pat	56200000	56400000	
chr2_pat	56400000	56600000	
chr2_pat	56600000	56800000	
chr2_pat	56800000	57000000	
chr2_pat	57000000	57200000	
chr2_pat	57200000	57400000	
chr2_pat	57400000	57600000	
chr2_pat	57600000	57800000	
chr2_pat	57800000	58000000	
chr2_pat	58000000	58200000	
chr2_pat	58200000	58400000	
chr2_pat	58400000	58600000	
chr2_pat	58600000	58800000	
chr2_pat	58800000	59000000	
chr2_pat	59000000	59200000	
chr2_pat	59200000	59400000	
chr2_pat	59400000	59600000	
chr2_pat	59600000	59800000	
chr2_pat	59800000	60000000	
chr2_pat	60000000	60200000	
chr2_pat	60200000	60400000	
chr2_pat	60400000	60600000	
chr2_pat	60600000	60800000	
chr2_pat	60800000	61000000	
chr2_pat	61000000	61200000	
chr2_pat	61200000	61400000	
chr2_pat	61400000	61600000	
chr2_pat	61600000	61800000	
chr2_pat	61800000	62000000	
chr2_pat	62000000	62200000	
chr2_pat	62200000	62400000	
chr2_pat	62400000	62600000	
chr2_pat	62600000	62800000	
chr2_pat	62800000	63000000	
chr2_pat	63000000	63200000	
chr2_pat	63200000	63400000	
chr2_pat	63400000	63600000	
chr2_pat	63600000	63800000	
chr2_pat	63800000	64000000	
chr2_pat	64000000	64200000	
chr2_pat	64200000	64400000	
chr2_pat	64400000	64600000	
chr2_pat	64600000	64800000	
chr2_pat	64800000	65000000	
chr2_pat	65000000	65200000	
chr2_pat	65200000	65400000	
chr2_pat	65400000	65600000	
chr2_pat	65600000	65800000	
chr2_pat	65800000	66000000	
chr2_pat	66000000	66200000	
chr2_pat	66200000	66400000	
chr2_pat	66400000	66600000	8.09851
chr2_pat	66600000	66800000	
chr2_pat	66800000	67000000	
chr2_pat	67000000	67200000	
chr2_pat	67200000	67400000	
chr2_pat	67400000	67600000	
chr2_pat	67600000	67800000	
chr2_pat	67800000	68000000	
chr2_pat	68000000	68200000	
chr2_pat	68200000	68400000	
chr2_pat	68400000	68600000	
chr2_pat	68600000	68800000	
chr2_pat	68800000	69000000	
chr2_pat	69000000	69200000	
chr2_pat	69200000	69400000	
chr2_pat	69400000	69600000	
chr2_pat	69600000	69800000	
chr2_pat	69800000	70000000	
chr2_pat	70000000	70200000	
chr2_pat	70200000	70400000	
chr2_pat	70400000	70600000	
chr2_pat	70600000	70800000	
chr2_pat	70800000	71000000	
chr2_pat	71000000	71200000	
chr2_pat	71200000	71400000	
chr2_pat	71400000	71600000	
chr2_pat	71600000	71800000	
chr2_pat	71800000	72000000	
chr2_pat	72000000	72200000	
chr2_pat	72200000	72400000	
chr2_pat	72400000	72600000	
chr2_pat	72600000	72800000	
chr2_pat	72800000	73000000	
chr2_pat	73000000	73200000	
chr2_pat	73200000	73400000	
chr2_pat	73400000	73600000	
chr2_pat	73600000	73800000	
chr2_pat	73800000	74000000	
chr2_pat	74000000	74200000	
chr2_pat	74200000	74400000	
chr2_pat	74400000	74600000	
chr2_pat	74600000	74800000	
chr2_pat	74800000	75000000	
chr2_pat	75000000	75200000	
chr2_pat	75200000	75400000	
chr2_pat	75400000	75600000	
chr2_pat	75600000	75800000	
chr2_pat	75800000	76000000	
chr2_pat	76000000	76200000	
chr2_pat	76200000	76400000	
chr2_pat	76400000	76600000	
chr2_pat	76600000	76800000	
chr2_pat	76800000	77000000	
chr2_pat	77000000	77200000	
chr2_pat	77200000	77400000	
chr2_pat	77400000	77600000	
chr2_pat	77600000	77800000	
chr2_pat	77800000	78000000	
chr2_pat	78000000	78200000	
chr2_pat	78200000	78400000	
chr2_pat	78400000	78600000	
chr2_pat	78600000	78800000	
chr2_pat	78800000	79000000	
chr2_pat	79000000	79200000	
chr2_pat	79200000	79400000	
chr2_pat	79400000	79600000	
chr2_pat	79600000	79800000	
chr2_pat	79800000	80000000	
chr2_pat	80000000	80200000	
chr2_pat	80200000	80400000	
chr2_pat	80400000	80600000	
chr2_pat	80600000	80800000	
chr2_pat	80800000	81000000	
chr2_pat	81000000	81200000	
chr2_pat	81200000	81400000	
chr2_pat	81400000	81600000	
chr2_pat	81600000	81800000	
chr2_pat	81800000	82000000	
chr2_pat	82000000	82200000	
chr2_pat	82200000	82400000	
chr2_pat	82400000	82600000	
chr2_pat	82600000	82800000	
chr2_pat	82800000	83000000	
chr2_pat	83000000	83200000	
chr2_pat	83200000	83400000	
chr2_pat	83400000	83600000	
chr2_pat	83600000	83800000	
chr2_pat	83800000	84000000	
chr2_pat	84000000	84200000	
chr2_pat	84200000	84400000	
chr2_pat	84400000	84600000	
chr2_pat	84600000	84800000	
chr2_pat	84800000	85000000	
chr2_pat	85000000	85200000	
chr2_pat	85200000	85400000	
chr2_pat	85400000	85600000	
chr2_pat	85600000	85800000	
chr2_pat	85800000	86000000	
chr2_pat	86000000	86200000	
chr2_pat	86200000	86400000	
chr2_pat	86400000	86600000	
chr2_pat	86600000	86800000	
chr2_pat	86800000	87000000	
chr2_pat	87000000	87200000	
chr2_pat	87200000	87400000	
chr2_pat	87400000	87600000	
chr2_pat	87600000	87800000	
chr2_pat	87800000	88000000	
chr2_pat	88000000	88200000	
chr2_pat	88200000	88400000	
chr2_pat	88400000	88600000	
chr2_pat	88600000	88800000	
chr2_pat	88800000	89000000	
chr2_pat	89000000	89200000	
chr2_pat	89200000	89400000	
chr2_pat	89400000	89600000	
chr2_pat	89600000	89800000	
chr2_pat	89800000	90000000	
chr2_pat	90000000	90200000	
chr2_pat	90200000	90400000	
chr2_pat	90400000	90600000	
chr2_pat	90600000	90800000	
chr2_pat	90800000	91000000	
chr2_pat	91000000	91200000	
chr2_pat	91200000	91400000	
chr2_pat	91400000	91600000	
chr2_pat	91600000	91800000	
chr2_pat	91800000	92000000	
chr2_pat	92000000	92200000	
chr2_pat	92200000	92400000	
chr2_pat	92400000	92600000	
chr2_pat	92600000	92800000	
chr2_pat	92800000	93000000	
chr2_pat	93000000	93200000	
chr2_pat	93200000	93400000	
chr2_pat	93400000	93600000	
chr2_pat	93600000	93800000	
chr2_pat	93800000	94000000	
chr2_pat	94000000	94200000	
chr2_pat	94200000	94400000	
chr2_pat	94400000	94600000	
chr2_pat	94600000	94800000	
chr2_pat	94800000	95000000	
chr2_pat	95000000	95200000	
chr2_pat	95200000	95400000	
chr2_pat	95400000	95600000	
chr2_pat	95600000	95800000	
chr2_pat	95800000	96000000	
chr2_pat	96000000	96200000	
chr2_pat	96200000	96400000	
chr2_pat	96400000	96600000	
chr2_pat	96600000	96800000	
chr2_pat	96800000	97000000	
chr2_pat	97000000	97200000	
chr2_pat	97200000	97400000	
chr2_pat	97400000	97600000	
chr2_pat	97600000	97800000	
chr2_pat	97800000	98000000	
chr2_pat	98000000	98200000	
chr2_pat	98200000	98400000	
chr2_pat	98400000	98600000	
chr2_pat	98600000	98800000	
chr2_pat	98800000	99000000	
chr2_pat	99000000	99200000	
chr2_pat	99200000	99400000	
chr2_pat	99400000	99600000	
chr2_pat	99600000	99800000	
chr2_pat	99800000	100000000	
chr2_pat	100000000	100200000	
chr2_pat	100200000	100400000	
chr2_pat	100400000	100600000	
chr2_pat	100600000	100800000	
chr2_pat	100800000	101000000	
chr2_pat	101000000	101200000	
chr2_pat	101200000	101400000	
chr2_pat	101400000	101600000	
chr2_pat	101600000	101800000	
chr2_pat	101800000	102000000	
chr2_pat	102000000	102200000	
chr2_pat	102200000	102400000	
chr2_pat	102400000	102600000	
chr2_pat	102600000	102800000	
chr2_pat	102800000	103000000	
chr2_pat	103000000	103200000	
chr2_pat	103200000	103400000	
chr2_pat	103400000	103600000	
chr2_pat	103600000	103800000	
chr2_pat	103800000	104000000	
chr2_pat	104000000	104200000	
chr2_pat	104200000	104400000	
chr2_pat	104400000	104600000	
chr2_pat	104600000	104800000	
chr2_pat	104800000	105000000	
chr2_pat	105000000	105200000	
chr2_pat	105200000	105400000	
chr2_pat	105400000	105600000	
chr2_pat	105600000	105800000	
chr2_pat	105800000	106000000	
chr2_pat	106000000	106200000	
chr2_pat	106200000	106400000	
chr2_pat	106400000	106600000	
chr2_pat	106600000	106800000	
chr2_pat	106800000	107000000	
chr2_pat	107000000	107200000	
chr2_pat	107200000	107400000	
chr2_pat	107400000	107600000	
chr2_pat	107600000	107800000	
chr2_pat	107800000	108000000	
chr2_pat	108000000	108200000	
chr2_pat	108200000	108400000	
chr2_pat	108400000	108600000	
chr2_pat	108600000	108800000	
chr2_pat	108800000	109000000	
chr2_pat	109000000	109200000	
chr2_pat	109200000	109400000	
chr2_pat	109400000	109600000	
chr2_pat	109600000	109800000	
chr2_pat	109800000	110000000	
chr2_pat	110000000	110200000	
chr2_pat	110200000	110400000	
chr2_pat	110400000	110600000	
chr2_pat	110600000	110800000	
chr2_pat	110800000	111000000	
chr2_pat	111000000	111200000	
chr2_pat	111200000	111400000	
chr2_pat	111400000	111600000	
chr2_pat	111600000	111800000	
chr2_pat	111800000	112000000	
chr2_pat	112000000	112200000	
chr2_pat	112200000	112400000	
chr2_pat	112400000	112600000	
chr2_pat	112600000	112800000	
chr2_pat	112800000	113000000	
chr2_pat	113000000	113200000	
chr2_pat	113200000	113400000	
chr2_pat	113400000	113600000	
chr2_pat	113600000	113800000	
chr2_pat	113800000	114000000	
chr2_pat	114000000	114200000	
chr2_pat	114200000	114400000	
chr2_pat	114400000	114600000	
chr2_pat	114600000	114800000	
chr2_pat	114800000	115000000	
chr2_pat	115000000	115200000	
chr2_pat	115200000	115400000	
chr2_pat	115400000	115600000	
chr2_pat	115600000	115800000	
chr2_pat	115800000	116000000	
chr2_pat	116000000	116200000	
chr2_pat	116200000	116400000	
chr2_pat	116400000	116600000	
chr2_pat	116600000	116800000	
chr2_pat	116800000	117000000	
chr2_pat	117000000	117200000	
chr2_pat	117200000	117400000	
chr2_pat	117400000	117600000	
chr2_pat	117600000	117800000	
chr2_pat	117800000	118000000	
chr2_pat	118000000	118200000	
chr2_pat	118200000	118400000	
chr2_pat	118400000	118600000	
chr2_pat	118600000	118800000	
chr2_pat	118800000	119000000	
chr2_pat	119000000	119200000	
chr2_pat	119200000	119400000	
chr2_pat	119400000	119600000	
chr2_pat	119600000	119800000	
chr2_pat	119800000	120000000	
chr2_pat	120000000	120200000	
chr2_pat	120200000	120400000	
chr2_pat	120400000	120600000	
chr2_pat	120600000	120800000	
chr2_pat	120800000	121000000	
chr2_pat	121000000	121200000	
chr2_pat	121200000	121400000	
chr2_pat	121400000	121600000	
chr2_pat	121600000	121800000	
chr2_pat	121800000	122000000	
chr2_pat	122000000	122200000	
chr2_pat	122200000	122400000	
chr2_pat	122400000	122600000	
chr2_pat	122600000	122800000	
chr2_pat	122800000	123000000	
chr2_pat	123000000	123200000	
chr2_pat	123200000	123400000	
chr2_pat	123400000	123600000	
chr2_pat	123600000	123800000	
chr2_pat	123800000	124000000	
chr2_pat	124000000	124200000	
chr2_pat	124200000	124400000	
chr2_pat	124400000	124600000	
chr2_pat	124600000	124800000	
chr2_pat	124800000	125000000	
chr2_pat	125000000	125200000	
chr2_pat	125200000	125400000	
chr2_pat	125400000	125600000	
chr2_pat	125600000	125800000	
chr2_pat	125800000	126000000	
chr2_pat	126000000	126200000	
chr2_pat	126200000	126400000	
chr2_pat	126400000	126600000	
chr2_pat	126600000	126800000	
chr2_pat	126800000	127000000	
chr2_pat	127000000	127200000	
chr2_pat	127200000	127400000	
chr2_pat	127400000	127600000	
chr2_pat	127600000	127800000	
chr2_pat	127800000	128000000	
chr2_pat	128000000	128200000	
chr2_pat	128200000	128400000	
chr2_pat	128400000	128600000	
chr2_pat	128600000	128800000	
chr2_pat	128800000	129000000	
chr2_pat	129000000	129200000	
chr2_pat	129200000	129400000	
chr2_pat	129400000	129600000	
chr2_pat	129600000	129800000	
chr2_pat	129800000	130000000	
chr2_pat	130000000	130200000	
chr2_pat	130200000	130400000	
chr2_pat	130400000	130600000	
chr2_pat	130600000	130800000	
chr2_pat	130800000	131000000	
chr2_pat	131000000	131200000	
chr2_pat	131200000	131400000	
chr2_pat	131400000	131600000	
chr2_pat	131600000	131800000	
chr2_pat	131800000	132000000	
chr2_pat	132000000	132200000	
chr2_pat	132200000	132400000	
chr2_pat	132400000	132600000	
chr2_pat	132600000	132800000	
chr2_pat	132800000	133000000	
chr2_pat	133000000	133200000	
chr2_pat	133200000	133400000	
chr2_pat	133400000	133600000	
chr2_pat	133600000	133800000	
chr2_pat	133800000	134000000	
chr2_pat	134000000	134200000	
chr2_pat	134200000	134400000	
chr2_pat	134400000	134600000	
chr2_pat	134600000	134800000	
chr2_pat	134800000	135000000	
chr2_pat	135000000	135200000	
chr2_pat	135200000	135400000	
chr2_pat	135400000	135600000	
chr2_pat	135600000	135800000	
chr2_pat	135800000	136000000	
chr2_pat	136000000	136200000	
chr2_pat	136200000	136400000	
chr2_pat	136400000	136600000	
chr2_pat	136600000	136800000	
chr2_pat	136800000	137000000	
chr2_pat	137000000	137200000	
chr2_pat	137200000	137400000	
chr2_pat	137400000	137600000	
chr2_pat	137600000	137800000	
chr2_pat	137800000	138000000	
chr2_pat	138000000	138200000	
chr2_pat	138200000	138400000	
chr2_pat	138400000	138600000	
chr2_pat	138600000	138800000	
chr2_pat	138800000	139000000	
chr2_pat	139000000	139200000	
chr2_pat	139200000	139400000	
chr2_pat	139400000	139600000	
chr2_pat	139600000	139800000	
chr2_pat	139800000	140000000	
chr2_pat	140000000	140200000	
chr2_pat	140200000	140400000	
chr2_pat	140400000	140600000	
chr2_pat	140600000	140800000	
chr2_pat	140800000	141000000	
chr2_pat	141000000	141200000	
chr2_pat	141200000	141400000	
chr2_pat	141400000	141600000	
chr2_pat	141600000	141800000	
chr2_pat	141800000	142000000	
chr2_pat	142000000	142200000	
chr2_pat	142200000	142400000	
chr2_pat	142400000	142600000	
chr2_pat	142600000	142800000	
chr2_pat	142800000	143000000	
chr2_pat	143000000	143200000	
chr2_pat	143200000	143400000	
chr2_pat	143400000	143600000	
chr2_pat	143600000	143800000	
chr2_pat	143800000	144000000	
chr2_pat	144000000	144200000	
chr2_pat	144200000	144400000	
chr2_pat	144400000	144600000	
chr2_pat	144600000	144800000	
chr2_pat	144800000	145000000	
chr2_pat	145000000	145200000	
chr2_pat	145200000	145400000	
chr2_pat	145400000	145600000	
chr2_pat	145600000	145800000	
chr2_pat	145800000	146000000	
chr2_pat	146000000	146200000	
chr2_pat	146200000	146400000	
chr2_pat	146400000	146600000	
chr2_pat	146600000	146800000	
chr2_pat	146800000	147000000	
chr2_pat	147000000	147200000	
chr2_pat	147200000	147400000	
chr2_pat	147400000	147600000	
chr2_pat	147600000	147800000	
chr2_pat	147800000	148000000	
chr2_pat	148000000	148200000	
chr2_pat	148200000	148400000	
chr2_pat	148400000	148600000	
chr2_pat	148600000	148800000	
chr2_pat	148800000	149000000	
chr2_pat	149000000	149200000	0.0455432
chr2_pat	149200000	149400000	0.0251295
chr2_pat	149400000	149600000	0.0237298
chr2_pat	149600000	149800000	0.0228702
chr2_pat	149800000	150000000	0.0206761
chr2_pat	150000000	150200000	0.0165708
chr2_pat	150200000	150400000	0.0144875
chr2_pat	150400000	150600000	0.0133244
chr2_pat	150600000	150800000	0.0169266
chr2_pat	150800000	151000000	0.0102667
chr2_pat	151000000	151200000	0.0297141
chr2_pat	151200000	151400000	
chr2_pat	151400000	151600000	0.0272683
chr2_pat	151600000	151800000	0.00919461
chr2_pat	151800000	152000000	0.0132355
chr2_pat	152000000	152200000	0.0198798
chr2_pat	152200000	152400000	0.0105548
chr2_pat	152400000	152562993	0.119153
chr3_pat	0	200000	0.0479328
chr3_pat	200000	400000	0.014167
chr3_pat	400000	600000	0.0130461
chr3_pat	600000	800000	0.00888573
chr3_pat	800000	1000000	0.00897577
chr3_pat	1000000	1200000	0.00695713
chr3_pat	1200000	1400000	0.00812696
chr3_pat	1400000	1600000	0.00741212
chr3_pat	1600000	1800000	0.00713656
chr3_pat	1800000	2000000	0.0097586
chr3_pat	2000000	2200000	0.00800783
chr3_pat	2200000	2400000	0.00975201
chr3_pat	2400000	2600000	0.00994918
chr3_pat	2600000	2800000	0.00988696
chr3_pat	2800000	3000000	0.0104478
chr3_pat	3000000	3200000	0.0108617
chr3_pat	3200000	3400000	0.0105079
chr3_pat	3400000	3600000	0.00849323
chr3_pat	3600000	3800000	0.00991515
chr3_pat	3800000	4000000	0.0118316
chr3_pat	4000000	4200000	0.00971614
chr3_pat	4200000	4400000	0.0113891
chr3_pat	4400000	4600000	0.0114182
chr3_pat	4600000	4800000	0.0123597
chr3_pat	4800000	5000000	0.0124396
chr3_pat	5000000	5200000	0.0114396
chr3_pat	5200000	5400000	0.00737218
chr3_pat	5400000	5600000	0.0138288
chr3_pat	5600000	5800000	0.0130405
chr3_pat	5800000	6000000	0.0121058
chr3_pat	6000000	6200000	0.011761
chr3_pat	6200000	6400000	0.0107252
chr3_pat	6400000	6600000	0.0104005
chr3_pat	6600000	6800000	0.0121742
chr3_pat	6800000	7000000	0.0118351
chr3_pat	7000000	7200000	0.0121097
chr3_pat	7200000	7400000	0.0115465
chr3_pat	7400000	7600000	0.00917335
chr3_pat	7600000	7800000	0.00985466
chr3_pat	7800000	8000000	0.0146076
chr3_pat	8000000	8200000	0.0138141
chr3_pat	8200000	8400000	0.0166109
chr3_pat	8400000	8600000	0.0154965
chr3_pat	8600000	8800000	0.0137719
chr3_pat	8800000	9000000	0.0173716
chr3_pat	9000000	9200000	0.0164304
chr3_pat	9200000	9400000	0.0152493
chr3_pat	9400000	9600000	0.0202807
chr3_pat	9600000	9800000	0.0138545
chr3_pat	9800000	10000000	0.0139771
chr3_pat	10000000	10200000	0.0123195
chr3_pat	10200000	10400000	0.0128387
chr3_pat	10400000	10600000	
chr3_pat	10600000	10800000	
chr3_pat	10800000	11000000	
chr3_pat	11000000	11200000	
chr3_pat	11200000	11400000	
chr3_pat	11400000	11600000	
chr3_pat	11600000	11800000	
chr3_pat	11800000	12000000	
chr3_pat	12000000	12200000	
chr3_pat	12200000	12400000	
chr3_pat	12400000	12600000	
chr3_pat	12600000	12800000	
chr3_pat	12800000	13000000	
chr3_pat	13000000	13200000	
chr3_pat	13200000	13400000	
chr3_pat	13400000	13600000	
chr3_pat	13600000	13800000	
chr3_pat	13800000	14000000	
chr3_pat	14000000	14200000	
chr3_pat	14200000	14400000	
chr3_pat	14400000	14600000	
chr3_pat	14600000	14800000	
chr3_pat	14800000	15000000	
chr3_pat	15000000	15200000	
chr3_pat	15200000	15400000	
chr3_pat	15400000	15600000	
chr3_pat	15600000	15800000	0.0584484
chr3_pat	15800000	16000000	0.0114622
chr3_pat	16000000	16200000	0.0108903
chr3_pat	16200000	16400000	0.0134729
chr3_pat	16400000	16600000	0.0183561
chr3_pat	16600000	16800000	0.0140705
chr3_pat	16800000	17000000	0.0122873
chr3_pat	17000000	17200000	0.0107763
chr3_pat	17200000	17400000	0.0128936
chr3_pat	17400000	17600000	0.0146762
chr3_pat	17600000	17800000	0.0228419
chr3_pat	17800000	18000000	0.0196204
chr3_pat	18000000	18200000	0.0217499
chr3_pat	18200000	18400000	0.0111275
chr3_pat	18400000	18600000	0.0175421
chr3_pat	18600000	18800000	0.0218216
chr3_pat	18800000	19000000	0.0161754
chr3_pat	19000000	19200000	0.0243998
chr3_pat	19200000	19400000	0.0193299
chr3_pat	19400000	19600000	0.0153996
chr3_pat	19600000	19800000	0.0102799
chr3_pat	19800000	20000000	0.020139
chr3_pat	20000000	20200000	0.019236
chr3_pat	20200000	20400000	0.0190969
chr3_pat	20400000	20600000	0.0179862
chr3_pat	20600000	20800000	0.0146004
chr3_pat	20800000	21000000	0.0174649
chr3_pat	21000000	21200000	0.0141277
chr3_pat	21200000	21400000	0.0139148
chr3_pat	21400000	21600000	0.01186
chr3_pat	21600000	21800000	0.0129042
chr3_pat	21800000	22000000	0.0134807
chr3_pat	22000000	22200000	0.0183908
chr3_pat	22200000	22400000	0.014537
chr3_pat	22400000	22600000	0.0136764
chr3_pat	22600000	22800000	0.0172985
chr3_pat	22800000	23000000	0.0208581
chr3_pat	23000000	23200000	0.0249356
chr3_pat	23200000	23400000	0.0223528
chr3_pat	23400000	23600000	0.0178617
chr3_pat	23600000	23800000	0.0151528
chr3_pat	23800000	24000000	0.0314972
chr3_pat	24000000	24200000	0.0172247
chr3_pat	24200000	24400000	0.0211827
chr3_pat	24400000	24600000	0.0179829
chr3_pat	24600000	24800000	0.0216111
chr3_pat	24800000	25000000	0.0136574
chr3_pat	25000000	25200000	0.0104282
chr3_pat	25200000	25400000	0.0135837
chr3_pat	25400000	25600000	0.0157459
chr3_pat	25600000	25800000	0.0140716
chr3_pat	25800000	26000000	0.0152138
chr3_pat	26000000	26200000	0.0196629
chr3_pat	26200000	26400000	0.0139107
chr3_pat	26400000	26600000	0.0147988
chr3_pat	26600000	26800000	0.0118289
chr3_pat	26800000	27000000	0.0125474
chr3_pat	27000000	27200000	0.016827
chr3_pat	27200000	27400000	0.0140716
chr3_pat	27400000	27600000	0.0176058
chr3_pat	27600000	27800000	0.0154527
chr3_pat	27800000	28000000	0.0138685
chr3_pat	28000000	28200000	0.0277745
chr3_pat	28200000	28400000	0.0189178
chr3_pat	28400000	28600000	0.0188471
chr3_pat	28600000	28800000	0.0529758
chr3_pat	28800000	29000000	0.0298802
chr3_pat	29000000	29200000	0.0145901
chr3_pat	29200000	29400000	0.0231093
chr3_pat	29400000	29600000	0.0200441
chr3_pat	29600000	29800000	0.0172083
chr3_pat	29800000	30000000	0.019265
chr3_pat	30000000	30200000	0.029453
chr3_pat	30200000	30400000	0.0135629
chr3_pat	30400000	30600000	0.0254939
chr3_pat	30600000	30800000	0.0215871
chr3_pat	30800000	31000000	0.0151445
chr3_pat	31000000	31200000	0.0169212
chr3_pat	31200000	31400000	0.0190789
chr3_pat	31400000	31600000	0.0168599
chr3_pat	31600000	31800000	0.0196129
chr3_pat	31800000	32000000	0.0198649
chr3_pat	32000000	32200000	0.0217472
chr3_pat	32200000	32400000	0.0160532
chr3_pat	32400000	32600000	0.0163004
chr3_pat	32600000	32800000	0.0138469
chr3_pat	32800000	33000000	0.0135372
chr3_pat	33000000	33200000	0.0187307
chr3_pat	33200000	33400000	0.0386796
chr3_pat	33400000	33600000	0.0204675
chr3_pat	33600000	33800000	0.0189826
chr3_pat	33800000	34000000	0.0193096
chr3_pat	34000000	34200000	0.0125984
chr3_pat	34200000	34400000	0.0161149
chr3_pat	34400000	34600000	0.016652
chr3_pat	34600000	34800000	0.0181769
chr3_pat	34800000	35000000	0.0188416
chr3_pat	35000000	35200000	0.0153266
chr3_pat	35200000	35400000	0.0150388
chr3_pat	35400000	35600000	0.00917653
chr3_pat	35600000	35800000	0.0142617
chr3_pat	35800000	36000000	0.01151
chr3_pat	36000000	36200000	0.0239043
chr3_pat	36200000	36400000	0.0185173
chr3_pat	36400000	36600000	0.0141592
chr3_pat	36600000	36800000	0.0155605
chr3_pat	36800000	37000000	0.0194258
chr3_pat	37000000	37200000	0.011065
chr3_pat	37200000	37400000	0.0180031
chr3_pat	37400000	37600000	0.0237294
chr3_pat	37600000	37800000	0.0122044
chr3_pat	37800000	38000000	0.0200876
chr3_pat	38000000	38200000	0.0384482
chr3_pat	38200000	38400000	0.029228
chr3_pat	38400000	38600000	0.0234394
chr3_pat	38600000	38800000	0.0270365
chr3_pat	38800000	39000000	0.0232971
chr3_pat	39000000	39200000	0.0183205
chr3_pat	39200000	39400000	0.020835
chr3_pat	39400000	39600000	0.0290493
chr3_pat	39600000	39800000	
chr3_pat	39800000	40000000	0.0445924
chr3_pat	40000000	40200000	0.0231749
chr3_pat	40200000	40400000	0.018743
chr3_pat	40400000	40600000	0.0181868
chr3_pat	40600000	40800000	0.0116375
chr3_pat	40800000	41000000	0.0151884
chr3_pat	41000000	41200000	0.0159407
chr3_pat	41200000	41400000	0.0206619
chr3_pat	41400000	41600000	0.0225447
chr3_pat	41600000	41800000	0.019039
chr3_pat	41800000	42000000	0.0147626
chr3_pat	42000000	42200000	0.0128358
chr3_pat	42200000	42400000	0.0164213
chr3_pat	42400000	42600000	0.0184839
chr3_pat	42600000	42800000	0.0203746
chr3_pat	42800000	43000000	0.0178477
chr3_pat	43000000	43200000	0.0299669
chr3_pat	43200000	43400000	0.0209998
chr3_pat	43400000	43600000	0.0307386
chr3_pat	43600000	43800000	0.0172159
chr3_pat	43800000	44000000	0.0239763
chr3_pat	44000000	44200000	0.0209459
chr3_pat	44200000	44400000	0.0183393
chr3_pat	44400000	44600000	0.0142985
chr3_pat	44600000	44800000	0.0131346
chr3_pat	44800000	45000000	0.0273954
chr3_pat	45000000	45200000	0.026063
chr3_pat	45200000	45400000	0.0144883
chr3_pat	45400000	45600000	0.0175604
chr3_pat	45600000	45800000	0.0195502
chr3_pat	45800000	46000000	0.011199
chr3_pat	46000000	46200000	0.0106341
chr3_pat	46200000	46400000	0.014249
chr3_pat	46400000	46600000	0.0119701
chr3_pat	46600000	46800000	0.0122557
chr3_pat	46800000	47000000	0.0109979
chr3_pat	47000000	47200000	0.011176
chr3_pat	47200000	47400000	0.0143823
chr3_pat	47400000	47600000	0.0158976
chr3_pat	47600000	47800000	0.0125829
chr3_pat	47800000	48000000	0.017953
chr3_pat	48000000	48200000	0.028232
chr3_pat	48200000	48400000	0.0207307
chr3_pat	48400000	48600000	0.0347135
chr3_pat	48600000	48800000	0.0252689
chr3_pat	48800000	49000000	
chr3_pat	49000000	49200000	0.0486672
chr3_pat	49200000	49400000	
chr3_pat	49400000	49600000	0.0165298
chr3_pat	49600000	49800000	0.016025
chr3_pat	49800000	50000000	0.0168816
chr3_pat	50000000	50200000	0.0140493
chr3_pat	50200000	50400000	0.0156118
chr3_pat	50400000	50600000	0.0136681
chr3_pat	50600000	50800000	0.0128212
chr3_pat	50800000	51000000	0.0181386
chr3_pat	51000000	51200000	0.0211294
chr3_pat	51200000	51400000	0.018569
chr3_pat	51400000	51600000	0.0193477
chr3_pat	51600000	51800000	0.0194842
chr3_pat	51800000	52000000	0.0196471
chr3_pat	52000000	52200000	0.0117997
chr3_pat	52200000	52400000	0.0185495
chr3_pat	52400000	52600000	0.0165462
chr3_pat	52600000	52800000	0.018204
chr3_pat	52800000	53000000	0.0235055
chr3_pat	53000000	53200000	0.0185563
chr3_pat	53200000	53400000	0.0151503
chr3_pat	53400000	53600000	0.0146369
chr3_pat	53600000	53800000	0.0143726
chr3_pat	53800000	54000000	0.0371751
chr3_pat	54000000	54200000	0.0188555
chr3_pat	54200000	54400000	0.0309639
chr3_pat	54400000	54600000	0.030476
chr3_pat	54600000	54800000	0.0214486
chr3_pat	54800000	55000000	0.0442537
chr3_pat	55000000	55200000	
chr3_pat	55200000	55400000	0.0177349
chr3_pat	55400000	55600000	0.0180365
chr3_pat	55600000	55800000	0.0210457
chr3_pat	55800000	56000000	0.0207138
chr3_pat	56000000	56200000	0.0113568
chr3_pat	56200000	56400000	0.0188655
chr3_pat	56400000	56600000	0.0194466
chr3_pat	56600000	56800000	0.0174902
chr3_pat	56800000	57000000	0.0190519
chr3_pat	57000000	57200000	0.017454
chr3_pat	57200000	57400000	0.0189684
chr3_pat	57400000	57600000	0.0149007
chr3_pat	57600000	57800000	0.0159858
chr3_pat	57800000	58000000	0.0116737
chr3_pat	58000000	58200000	0.012051
chr3_pat	58200000	58400000	0.0107372
chr3_pat	58400000	58600000	0.0318018
chr3_pat	58600000	58800000	0.0190843
chr3_pat	58800000	59000000	0.0172978
chr3_pat	59000000	59200000	0.013988
chr3_pat	59200000	59400000	0.017564
chr3_pat	59400000	59600000	0.0179352
chr3_pat	59600000	59800000	0.0162456
chr3_pat	59800000	60000000	0.0172398
chr3_pat	60000000	60200000	0.0202785
chr3_pat	60200000	60400000	0.0223439
chr3_pat	60400000	60600000	0.0178543
chr3_pat	60600000	60800000	0.0140384
chr3_pat	60800000	61000000	0.0241445
chr3_pat	61000000	61200000	0.0291406
chr3_pat	61200000	61400000	0.0330449
chr3_pat	61400000	61600000	0.0181272
chr3_pat	61600000	61800000	0.0172876
chr3_pat	61800000	62000000	0.0214066
chr3_pat	62000000	62200000	0.0142064
chr3_pat	62200000	62400000	0.0129693
chr3_pat	62400000	62600000	0.0236694
chr3_pat	62600000	62800000	0.0171878
chr3_pat	62800000	63000000	0.0149266
chr3_pat	63000000	63200000	0.0206802
chr3_pat	63200000	63400000	0.0170431
chr3_pat	63400000	63600000	0.0209564
chr3_pat	63600000	63800000	0.0253394
chr3_pat	63800000	64000000	0.0321616
chr3_pat	64000000	64200000	0.0313374
chr3_pat	64200000	64400000	0.0141515
chr3_pat	64400000	64600000	0.0217992
chr3_pat	64600000	64800000	0.0161446
chr3_pat	64800000	65000000	0.0215178
chr3_pat	65000000	65200000	0.0135573
chr3_pat	65200000	65400000	0.0184348
chr3_pat	65400000	65600000	0.0422143
chr3_pat	65600000	65800000	0.0485785
chr3_pat	65800000	66000000	0.0131979
chr3_pat	66000000	66200000	0.0166887
chr3_pat	66200000	66400000	0.0186226
chr3_pat	66400000	66600000	0.012378
chr3_pat	66600000	66800000	0.0166074
chr3_pat	66800000	67000000	0.0169045
chr3_pat	67000000	67200000	0.0181225
chr3_pat	67200000	67400000	0.0221525
chr3_pat	67400000	67600000	0.0175769
chr3_pat	67600000	67800000	0.01747
chr3_pat	67800000	68000000	0.0158246
chr3_pat	68000000	68200000	0.0119551
chr3_pat	68200000	68400000	0.0157716
chr3_pat	68400000	68600000	0.0190985
chr3_pat	68600000	68800000	0.0309032
chr3_pat	68800000	69000000	0.0364528
chr3_pat	69000000	69200000	0.0247464
chr3_pat	69200000	69400000	0.0196833
chr3_pat	69400000	69600000	0.0195839
chr3_pat	69600000	69800000	0.0259429
chr3_pat	69800000	70000000	0.0252335
chr3_pat	70000000	70200000	0.01258
chr3_pat	70200000	70400000	0.0142772
chr3_pat	70400000	70600000	0.0128402
chr3_pat	70600000	70800000	0.0152263
chr3_pat	70800000	71000000	0.0147459
chr3_pat	71000000	71200000	0.0179333
chr3_pat	71200000	71400000	0.0185063
chr3_pat	71400000	71600000	0.0194065
chr3_pat	71600000	71800000	0.0181632
chr3_pat	71800000	72000000	0.0195134
chr3_pat	72000000	72200000	0.0177807
chr3_pat	72200000	72400000	0.0124467
chr3_pat	72400000	72600000	0.0163393
chr3_pat	72600000	72800000	0.0159282
chr3_pat	72800000	73000000	0.0185702
chr3_pat	73000000	73200000	0.0134551
chr3_pat	73200000	73400000	0.0140789
chr3_pat	73400000	73600000	0.0218633
chr3_pat	73600000	73800000	0.016484
chr3_pat	73800000	74000000	0.0236717
chr3_pat	74000000	74200000	0.0304328
chr3_pat	74200000	74400000	0.0324509
chr3_pat	74400000	74600000	0.0266539
chr3_pat	74600000	74800000	0.0329889
chr3_pat	74800000	75000000	0.0235827
chr3_pat	75000000	75200000	0.0248424
chr3_pat	75200000	75400000	0.0253062
chr3_pat	75400000	75600000	0.0200572
chr3_pat	75600000	75800000	0.0421944
chr3_pat	75800000	76000000	0.043531
chr3_pat	76000000	76200000	
chr3_pat	76200000	76400000	
chr3_pat	76400000	76600000	0.0424006
chr3_pat	76600000	76800000	
chr3_pat	76800000	77000000	
chr3_pat	77000000	77200000	
chr3_pat	77200000	77400000	
chr3_pat	77400000	77600000	
chr3_pat	77600000	77800000	
chr3_pat	77800000	78000000	
chr3_pat	78000000	78200000	
chr3_pat	78200000	78400000	
chr3_pat	78400000	78600000	
chr3_pat	78600000	78800000	
chr3_pat	78800000	79000000	
chr3_pat	79000000	79200000	
chr3_pat	79200000	79400000	
chr3_pat	79400000	79600000	
chr3_pat	79600000	79800000	
chr3_pat	79800000	80000000	
chr3_pat	80000000	80200000	0.0492372
chr3_pat	80200000	80400000	0.040376
chr3_pat	80400000	80600000	
chr3_pat	80600000	80800000	0.0388578
chr3_pat	80800000	81000000	0.0281857
chr3_pat	81000000	81200000	0.028254
chr3_pat	81200000	81400000	0.0322068
chr3_pat	81400000	81600000	0.0191331
chr3_pat	81600000	81800000	0.0217178
chr3_pat	81800000	82000000	0.0285375
chr3_pat	82000000	82200000	0.0185411
chr3_pat	82200000	82400000	0.0163511
chr3_pat	82400000	82600000	0.0144712
chr3_pat	82600000	82800000	0.0169575
chr3_pat	82800000	83000000	0.021779
chr3_pat	83000000	83200000	0.0205604
chr3_pat	83200000	83400000	0.0142448
chr3_pat	83400000	83600000	0.0179793
chr3_pat	83600000	83800000	0.0344643
chr3_pat	83800000	84000000	0.0167489
chr3_pat	84000000	84200000	0.0163836
chr3_pat	84200000	84400000	0.0172007
chr3_pat	84400000	84600000	0.0169461
chr3_pat	84600000	84800000	0.0141364
chr3_pat	84800000	85000000	0.0136466
chr3_pat	85000000	85200000	0.01513
chr3_pat	85200000	85400000	0.0184544
chr3_pat	85400000	85600000	0.0145939
chr3_pat	85600000	85800000	0.0123598
chr3_pat	85800000	86000000	0.0197161
chr3_pat	86000000	86200000	0.0166123
chr3_pat	86200000	86400000	0.0126417
chr3_pat	86400000	86600000	0.013028
chr3_pat	86600000	86800000	0.0125719
chr3_pat	86800000	87000000	0.0125379
chr3_pat	87000000	87200000	0.00853276
chr3_pat	87200000	87400000	0.0125975
chr3_pat	87400000	87600000	0.0148318
chr3_pat	87600000	87800000	0.0129428
chr3_pat	87800000	88000000	0.0201307
chr3_pat	88000000	88200000	0.0302937
chr3_pat	88200000	88400000	0.0180399
chr3_pat	88400000	88600000	0.020388
chr3_pat	88600000	88800000	0.0293269
chr3_pat	88800000	89000000	0.0256704
chr3_pat	89000000	89200000	0.0257285
chr3_pat	89200000	89400000	0.0224809
chr3_pat	89400000	89600000	0.018215
chr3_pat	89600000	89800000	0.0179324
chr3_pat	89800000	90000000	0.0161167
chr3_pat	90000000	90200000	0.0219213
chr3_pat	90200000	90400000	0.0175647
chr3_pat	90400000	90600000	0.0120165
chr3_pat	90600000	90800000	0.0163726
chr3_pat	90800000	91000000	0.0164104
chr3_pat	91000000	91200000	0.017101
chr3_pat	91200000	91400000	0.0153399
chr3_pat	91400000	91600000	0.0146144
chr3_pat	91600000	91800000	0.0191984
chr3_pat	91800000	92000000	0.0138426
chr3_pat	92000000	92200000	0.0130384
chr3_pat	92200000	92400000	0.00988529
chr3_pat	92400000	92600000	0.0154922
chr3_pat	92600000	92800000	0.0175993
chr3_pat	92800000	93000000	0.0218954
chr3_pat	93000000	93200000	0.0175499
chr3_pat	93200000	93400000	0.0185339
chr3_pat	93400000	93600000	0.0170584
chr3_pat	93600000	93800000	0.0186948
chr3_pat	93800000	94000000	0.0277617
chr3_pat	94000000	94200000	0.0170408
chr3_pat	94200000	94400000	0.0126216
chr3_pat	94400000	94600000	0.0113095
chr3_pat	94600000	94800000	0.0131665
chr3_pat	94800000	95000000	0.0121218
chr3_pat	95000000	95200000	0.015912
chr3_pat	95200000	95400000	0.0115816
chr3_pat	95400000	95600000	0.0126826
chr3_pat	95600000	95800000	0.0124021
chr3_pat	95800000	96000000	0.0103782
chr3_pat	96000000	96200000	0.0128952
chr3_pat	96200000	96400000	0.0155739
chr3_pat	96400000	96600000	0.0129766
chr3_pat	96600000	96800000	0.014912
chr3_pat	96800000	97000000	0.0136261
chr3_pat	97000000	97200000	0.0108278
chr3_pat	97200000	97400000	0.00995162
chr3_pat	97400000	97600000	0.0112177
chr3_pat	97600000	97800000	0.00995723
chr3_pat	97800000	98000000	0.0106225
chr3_pat	98000000	98200000	0.0105627
chr3_pat	98200000	98400000	0.0128931
chr3_pat	98400000	98600000	0.0129907
chr3_pat	98600000	98800000	0.015546
chr3_pat	98800000	99000000	0.0154647
chr3_pat	99000000	99200000	0.011013
chr3_pat	99200000	99400000	0.0118157
chr3_pat	99400000	99600000	0.0118689
chr3_pat	99600000	99800000	0.0108366
chr3_pat	99800000	100000000	0.0132966
chr3_pat	100000000	100200000	0.0153122
chr3_pat	100200000	100400000	0.013436
chr3_pat	100400000	100600000	0.0121016
chr3_pat	100600000	100800000	0.0123193
chr3_pat	100800000	101000000	0.0121081
chr3_pat	101000000	101200000	0.0131458
chr3_pat	101200000	101400000	0.0145994
chr3_pat	101400000	101600000	0.0124569
chr3_pat	101600000	101800000	0.00916551
chr3_pat	101800000	102000000	0.0121707
chr3_pat	102000000	102200000	0.0147568
chr3_pat	102200000	102400000	0.013957
chr3_pat	102400000	102600000	0.0098835
chr3_pat	102600000	102800000	0.0100852
chr3_pat	102800000	103000000	0.0102471
chr3_pat	103000000	103200000	0.012474
chr3_pat	103200000	103400000	0.0154731
chr3_pat	103400000	103600000	0.0155133
chr3_pat	103600000	103800000	0.0116462
chr3_pat	103800000	104000000	0.0124491
chr3_pat	104000000	104200000	0.0108119
chr3_pat	104200000	104400000	0.0125339
chr3_pat	104400000	104600000	0.0140861
chr3_pat	104600000	104800000	0.0147607
chr3_pat	104800000	105000000	0.0136025
chr3_pat	105000000	105200000	0.0118155
chr3_pat	105200000	105400000	0.012482
chr3_pat	105400000	105600000	0.0131571
chr3_pat	105600000	105800000	0.0121754
chr3_pat	105800000	106000000	0.011026
chr3_pat	106000000	106200000	0.00941746
chr3_pat	106200000	106400000	0.0114542
chr3_pat	106400000	106600000	0.0136422
chr3_pat	106600000	106800000	0.0122387
chr3_pat	106800000	107000000	0.00969464
chr3_pat	107000000	107200000	0.0121991
chr3_pat	107200000	107400000	0.0119246
chr3_pat	107400000	107600000	0.0118095
chr3_pat	107600000	107800000	0.00836562
chr3_pat	107800000	108000000	0.0136854
chr3_pat	108000000	108200000	0.0119236
chr3_pat	108200000	108400000	0.00865932
chr3_pat	108400000	108600000	0.0124079
chr3_pat	108600000	108800000	0.0120035
chr3_pat	108800000	109000000	0.0121467
chr3_pat	109000000	109200000	0.011144
chr3_pat	109200000	109400000	0.00896555
chr3_pat	109400000	109600000	0.0108071
chr3_pat	109600000	109800000	0.0111459
chr3_pat	109800000	110000000	0.0117911
chr3_pat	110000000	110200000	0.0112824
chr3_pat	110200000	110400000	0.00982442
chr3_pat	110400000	110600000	0.0131088
chr3_pat	110600000	110800000	0.0122856
chr3_pat	110800000	111000000	0.0122751
chr3_pat	111000000	111200000	0.0170844
chr3_pat	111200000	111400000	0.0103982
chr3_pat	111400000	111600000	0.0110295
chr3_pat	111600000	111800000	0.00704107
chr3_pat	111800000	112000000	0.0114026
chr3_pat	112000000	112200000	0.0120025
chr3_pat	112200000	112400000	0.0151535
chr3_pat	112400000	112600000	0.0129177
chr3_pat	112600000	112800000	0.0134008
chr3_pat	112800000	113000000	0.0122142
chr3_pat	113000000	113200000	0.00924697
chr3_pat	113200000	113400000	0.0108538
chr3_pat	113400000	113600000	0.00890492
chr3_pat	113600000	113800000	0.0133868
chr3_pat	113800000	114000000	0.0120405
chr3_pat	114000000	114200000	0.00959462
chr3_pat	114200000	114400000	0.00889754
chr3_pat	114400000	114600000	0.0128957
chr3_pat	114600000	114800000	0.0130756
chr3_pat	114800000	115000000	0.0856618
chr3_pat	115000000	115134639	
chr4_pat	0	200000	0.0335883
chr4_pat	200000	400000	0.0212205
chr4_pat	400000	600000	0.012613
chr4_pat	600000	800000	0.00917881
chr4_pat	800000	1000000	0.00982116
chr4_pat	1000000	1200000	0.0102266
chr4_pat	1200000	1400000	0.00855273
chr4_pat	1400000	1600000	0.00805482
chr4_pat	1600000	1800000	0.00914919
chr4_pat	1800000	2000000	0.00796396
chr4_pat	2000000	2200000	0.0103475
chr4_pat	2200000	2400000	0.0122342
chr4_pat	2400000	2600000	0.0125465
chr4_pat	2600000	2800000	0.00886374
chr4_pat	2800000	3000000	0.00779658
chr4_pat	3000000	3200000	0.00840437
chr4_pat	3200000	3400000	0.0106859
chr4_pat	3400000	3600000	0.0107432
chr4_pat	3600000	3800000	0.011062
chr4_pat	3800000	4000000	0.0111592
chr4_pat	4000000	4200000	0.0109422
chr4_pat	4200000	4400000	0.0101779
chr4_pat	4400000	4600000	0.010762
chr4_pat	4600000	4800000	0.0104731
chr4_pat	4800000	5000000	0.0108882
chr4_pat	5000000	5200000	0.011346
chr4_pat	5200000	5400000	0.0104642
chr4_pat	5400000	5600000	0.0112554
chr4_pat	5600000	5800000	0.00916677
chr4_pat	5800000	6000000	0.00752649
chr4_pat	6000000	6200000	0.013843
chr4_pat	6200000	6400000	0.0142313
chr4_pat	6400000	6600000	0.0146495
chr4_pat	6600000	6800000	0.00987223
chr4_pat	6800000	7000000	0.00899941
chr4_pat	7000000	7200000	0.0120881
chr4_pat	7200000	7400000	0.0112238
chr4_pat	7400000	7600000	0.00815935
chr4_pat	7600000	7800000	0.012509
chr4_pat	7800000	8000000	0.0134797
chr4_pat	8000000	8200000	0.0105949
chr4_pat	8200000	8400000	0.00950449
chr4_pat	8400000	8600000	0.0114172
chr4_pat	8600000	8800000	0.0107247
chr4_pat	8800000	9000000	0.00856002
chr4_pat	9000000	9200000	0.00945236
chr4_pat	9200000	9400000	0.00828151
chr4_pat	9400000	9600000	0.0117948
chr4_pat	9600000	9800000	0.0112558
chr4_pat	9800000	10000000	0.0110799
chr4_pat	10000000	10200000	0.0124548
chr4_pat	10200000	10400000	0.0122732
chr4_pat	10400000	10600000	0.011919
chr4_pat	10600000	10800000	0.0112229
chr4_pat	10800000	11000000	0.0122067
chr4_pat	11000000	11200000	0.0122761
chr4_pat	11200000	11400000	0.0122353
chr4_pat	11400000	11600000	0.0123903
chr4_pat	11600000	11800000	0.0085478
chr4_pat	11800000	12000000	0.0108302
chr4_pat	12000000	12200000	0.00884948
chr4_pat	12200000	12400000	0.00992875
chr4_pat	12400000	12600000	0.0119257
chr4_pat	12600000	12800000	0.0121714
chr4_pat	12800000	13000000	0.0121152
chr4_pat	13000000	13200000	0.0117862
chr4_pat	13200000	13400000	0.0111225
chr4_pat	13400000	13600000	0.0131417
chr4_pat	13600000	13800000	0.0127581
chr4_pat	13800000	14000000	0.0135379
chr4_pat	14000000	14200000	0.0142148
chr4_pat	14200000	14400000	0.0118805
chr4_pat	14400000	14600000	0.0135385
chr4_pat	14600000	14800000	0.0139598
chr4_pat	14800000	15000000	0.0105908
chr4_pat	15000000	15200000	0.0116302
chr4_pat	15200000	15400000	0.0121071
chr4_pat	15400000	15600000	0.0161132
chr4_pat	15600000	15800000	0.0119132
chr4_pat	15800000	16000000	0.0144109
chr4_pat	16000000	16200000	0.0139245
chr4_pat	16200000	16400000	0.0149631
chr4_pat	16400000	16600000	0.0143922
chr4_pat	16600000	16800000	0.0144147
chr4_pat	16800000	17000000	0.0133056
chr4_pat	17000000	17200000	0.0138936
chr4_pat	17200000	17400000	0.0149017
chr4_pat	17400000	17600000	0.0154613
chr4_pat	17600000	17800000	0.0232134
chr4_pat	17800000	18000000	0.0163955
chr4_pat	18000000	18200000	0.012123
chr4_pat	18200000	18400000	0.010033
chr4_pat	18400000	18600000	0.01775
chr4_pat	18600000	18800000	0.0150287
chr4_pat	18800000	19000000	0.0245992
chr4_pat	19000000	19200000	0.024621
chr4_pat	19200000	19400000	0.0141928
chr4_pat	19400000	19600000	0.0155396
chr4_pat	19600000	19800000	0.0205578
chr4_pat	19800000	20000000	0.0296512
chr4_pat	20000000	20200000	0.0201537
chr4_pat	20200000	20400000	0.0244329
chr4_pat	20400000	20600000	0.0212851
chr4_pat	20600000	20800000	0.0220327
chr4_pat	20800000	21000000	0.0192893
chr4_pat	21000000	21200000	0.0217523
chr4_pat	21200000	21400000	0.0247133
chr4_pat	21400000	21600000	
chr4_pat	21600000	21800000	0.0365477
chr4_pat	21800000	22000000	0.0176516
chr4_pat	22000000	22200000	0.0141586
chr4_pat	22200000	22400000	0.0150126
chr4_pat	22400000	22600000	0.0122559
chr4_pat	22600000	22800000	0.0139095
chr4_pat	22800000	23000000	0.0118308
chr4_pat	23000000	23200000	0.013811
chr4_pat	23200000	23400000	0.014575
chr4_pat	23400000	23600000	0.0155972
chr4_pat	23600000	23800000	0.0134741
chr4_pat	23800000	24000000	0.0144803
chr4_pat	24000000	24200000	0.0195177
chr4_pat	24200000	24400000	0.0157707
chr4_pat	24400000	24600000	0.0152009
chr4_pat	24600000	24800000	0.0176075
chr4_pat	24800000	25000000	0.0206178
chr4_pat	25000000	25200000	0.0376806
chr4_pat	25200000	25400000	0.013708
chr4_pat	25400000	25600000	0.0153982
chr4_pat	25600000	25800000	0.0124811
chr4_pat	25800000	26000000	0.0105411
chr4_pat	26000000	26200000	0.0153391
chr4_pat	26200000	26400000	0.0138499
chr4_pat	26400000	26600000	0.0145455
chr4_pat	26600000	26800000	0.014295
chr4_pat	26800000	27000000	0.0148443
chr4_pat	27000000	27200000	0.0126476
chr4_pat	27200000	27400000	0.011935
chr4_pat	27400000	27600000	0.0116039
chr4_pat	27600000	27800000	0.0169239
chr4_pat	27800000	28000000	0.0230594
chr4_pat	28000000	28200000	0.0199151
chr4_pat	28200000	28400000	0.0287773
chr4_pat	28400000	28600000	0.024522
chr4_pat	28600000	28800000	0.0169131
chr4_pat	28800000	29000000	0.0157707
chr4_pat	29000000	29200000	0.0153406
chr4_pat	29200000	29400000	0.0116907
chr4_pat	29400000	29600000	0.0183796
chr4_pat	29600000	29800000	0.0161996
chr4_pat	29800000	30000000	0.021369
chr4_pat	30000000	30200000	0.0177288
chr4_pat	30200000	30400000	0.0189931
chr4_pat	30400000	30600000	0.020845
chr4_pat	30600000	30800000	0.0366155
chr4_pat	30800000	31000000	0.0268592
chr4_pat	31000000	31200000	0.020522
chr4_pat	31200000	31400000	0.0196698
chr4_pat	31400000	31600000	0.0234312
chr4_pat	31600000	31800000	0.0120721
chr4_pat	31800000	32000000	0.0146117
chr4_pat	32000000	32200000	0.012935
chr4_pat	32200000	32400000	0.0149308
chr4_pat	32400000	32600000	0.0288165
chr4_pat	32600000	32800000	0.0171321
chr4_pat	32800000	33000000	0.0293807
chr4_pat	33000000	33200000	
chr4_pat	33200000	33400000	
chr4_pat	33400000	33600000	0.0184574
chr4_pat	33600000	33800000	0.0187684
chr4_pat	33800000	34000000	0.0233084
chr4_pat	34000000	34200000	0.0283611
chr4_pat	34200000	34400000	0.024854
chr4_pat	34400000	34600000	0.0403248
chr4_pat	34600000	34800000	0.0135973
chr4_pat	34800000	35000000	0.0153364
chr4_pat	35000000	35200000	0.0152981
chr4_pat	35200000	35400000	0.0170334
chr4_pat	35400000	35600000	0.0150664
chr4_pat	35600000	35800000	0.0160975
chr4_pat	35800000	36000000	0.013865
chr4_pat	36000000	36200000	0.0179669
chr4_pat	36200000	36400000	0.0154516
chr4_pat	36400000	36600000	0.0179965
chr4_pat	36600000	36800000	0.0156571
chr4_pat	36800000	37000000	0.0137133
chr4_pat	37000000	37200000	0.0131066
chr4_pat	37200000	37400000	0.0142231
chr4_pat	37400000	37600000	0.0242226
chr4_pat	37600000	37800000	0.0164955
chr4_pat	37800000	38000000	0.0220002
chr4_pat	38000000	38200000	0.0155885
chr4_pat	38200000	38400000	0.0172167
chr4_pat	38400000	38600000	0.0175342
chr4_pat	38600000	38800000	0.0114452
chr4_pat	38800000	39000000	0.016131
chr4_pat	39000000	39200000	0.0151188
chr4_pat	39200000	39400000	0.0160314
chr4_pat	39400000	39600000	0.0158868
chr4_pat	39600000	39800000	0.0177497
chr4_pat	39800000	40000000	0.0168584
chr4_pat	40000000	40200000	0.0214065
chr4_pat	40200000	40400000	0.0161959
chr4_pat	40400000	40600000	0.0143363
chr4_pat	40600000	40800000	0.0139676
chr4_pat	40800000	41000000	0.017523
chr4_pat	41000000	41200000	0.0181396
chr4_pat	41200000	41400000	0.0162862
chr4_pat	41400000	41600000	0.0130292
chr4_pat	41600000	41800000	0.0158351
chr4_pat	41800000	42000000	0.0173803
chr4_pat	42000000	42200000	0.0116889
chr4_pat	42200000	42400000	0.0189136
chr4_pat	42400000	42600000	0.0111943
chr4_pat	42600000	42800000	0.0150579
chr4_pat	42800000	43000000	0.0126314
chr4_pat	43000000	43200000	0.0172643
chr4_pat	43200000	43400000	0.0180019
chr4_pat	43400000	43600000	0.0146898
chr4_pat	43600000	43800000	0.0108355
chr4_pat	43800000	44000000	0.0122024
chr4_pat	44000000	44200000	0.0140995
chr4_pat	44200000	44400000	0.0189292
chr4_pat	44400000	44600000	0.0199386
chr4_pat	44600000	44800000	0.0139532
chr4_pat	44800000	45000000	0.0117246
chr4_pat	45000000	45200000	0.0134586
chr4_pat	45200000	45400000	0.020705
chr4_pat	45400000	45600000	0.017804
chr4_pat	45600000	45800000	0.00584176
chr4_pat	45800000	46000000	0.0136404
chr4_pat	46000000	46200000	0.00929711
chr4_pat	46200000	46400000	0.0178308
chr4_pat	46400000	46600000	0.0128015
chr4_pat	46600000	46800000	0.0171202
chr4_pat	46800000	47000000	0.0147192
chr4_pat	47000000	47200000	0.017892
chr4_pat	47200000	47400000	0.0142331
chr4_pat	47400000	47600000	
chr4_pat	47600000	47800000	0.0494741
chr4_pat	47800000	48000000	0.0133426
chr4_pat	48000000	48200000	0.0189713
chr4_pat	48200000	48400000	0.0176026
chr4_pat	48400000	48600000	0.0120667
chr4_pat	48600000	48800000	0.0150356
chr4_pat	48800000	49000000	0.0158086
chr4_pat	49000000	49200000	0.0189583
chr4_pat	49200000	49400000	0.0297334
chr4_pat	49400000	49600000	0.0121269
chr4_pat	49600000	49800000	0.0109778
chr4_pat	49800000	50000000	0.0153248
chr4_pat	50000000	50200000	0.0159491
chr4_pat	50200000	50400000	0.0153594
chr4_pat	50400000	50600000	0.0170673
chr4_pat	50600000	50800000	0.0178869
chr4_pat	50800000	51000000	0.0187323
chr4_pat	51000000	51200000	0.0190659
chr4_pat	51200000	51400000	0.0153576
chr4_pat	51400000	51600000	0.0134085
chr4_pat	51600000	51800000	0.0164845
chr4_pat	51800000	52000000	0.0195667
chr4_pat	52000000	52200000	0.0190301
chr4_pat	52200000	52400000	0.0187483
chr4_pat	52400000	52600000	0.015744
chr4_pat	52600000	52800000	0.0165626
chr4_pat	52800000	53000000	0.0162611
chr4_pat	53000000	53200000	0.0167141
chr4_pat	53200000	53400000	0.0188929
chr4_pat	53400000	53600000	0.0148966
chr4_pat	53600000	53800000	0.0199294
chr4_pat	53800000	54000000	0.0336636
chr4_pat	54000000	54200000	0.0389636
chr4_pat	54200000	54400000	0.0513122
chr4_pat	54400000	54600000	0.0479205
chr4_pat	54600000	54800000	
chr4_pat	54800000	55000000	
chr4_pat	55000000	55200000	
chr4_pat	55200000	55400000	
chr4_pat	55400000	55600000	
chr4_pat	55600000	55800000	
chr4_pat	55800000	56000000	
chr4_pat	56000000	56200000	
chr4_pat	56200000	56400000	
chr4_pat	56400000	56600000	0.0526311
chr4_pat	56600000	56800000	0.0541785
chr4_pat	56800000	57000000	
chr4_pat	57000000	57200000	0.0528089
chr4_pat	57200000	57400000	0.0267128
chr4_pat	57400000	57600000	0.0367134
chr4_pat	57600000	57800000	0.0177967
chr4_pat	57800000	58000000	0.0175436
chr4_pat	58000000	58200000	0.0158373
chr4_pat	58200000	58400000	0.015531
chr4_pat	58400000	58600000	0.0144284
chr4_pat	58600000	58800000	0.0116882
chr4_pat	58800000	59000000	0.0157366
chr4_pat	59000000	59200000	0.016083
chr4_pat	59200000	59400000	0.0157306
chr4_pat	59400000	59600000	0.0131253
chr4_pat	59600000	59800000	0.0149771
chr4_pat	59800000	60000000	0.0136116
chr4_pat	60000000	60200000	0.021766
chr4_pat	60200000	60400000	
chr4_pat	60400000	60600000	
chr4_pat	60600000	60800000	
chr4_pat	60800000	61000000	
chr4_pat	61000000	61200000	0.0104207
chr4_pat	61200000	61400000	0.0113012
chr4_pat	61400000	61600000	0.0102546
chr4_pat	61600000	61800000	0.0120085
chr4_pat	61800000	62000000	0.0107326
chr4_pat	62000000	62200000	0.0122067
chr4_pat	62200000	62400000	0.0101388
chr4_pat	62400000	62600000	0.0138071
chr4_pat	62600000	62800000	0.0126212
chr4_pat	62800000	63000000	0.0107884
chr4_pat	63000000	63200000	0.0147031
chr4_pat	63200000	63400000	0.0319978
chr4_pat	63400000	63600000	0.0119494
chr4_pat	63600000	63800000	0.00916758
chr4_pat	63800000	64000000	0.0145277
chr4_pat	64000000	64200000	0.0139285
chr4_pat	64200000	64400000	0.0141535
chr4_pat	64400000	64600000	0.0149412
chr4_pat	64600000	64800000	0.0142411
chr4_pat	64800000	65000000	0.0142925
chr4_pat	65000000	65200000	0.01509
chr4_pat	65200000	65400000	0.0127864
chr4_pat	65400000	65600000	0.00911651
chr4_pat	65600000	65800000	0.0117561
chr4_pat	65800000	66000000	0.0143379
chr4_pat	66000000	66200000	0.011987
chr4_pat	66200000	66400000	0.0116395
chr4_pat	66400000	66600000	0.00981533
chr4_pat	66600000	66800000	0.0129851
chr4_pat	66800000	67000000	0.0126005
chr4_pat	67000000	67200000	0.0130863
chr4_pat	67200000	67400000	0.0143504
chr4_pat	67400000	67600000	0.0133777
chr4_pat	67600000	67800000	0.014401
chr4_pat	67800000	68000000	0.0135654
chr4_pat	68000000	68200000	0.00949045
chr4_pat	68200000	68400000	0.00955906
chr4_pat	68400000	68600000	0.0117279
chr4_pat	68600000	68800000	0.0112714
chr4_pat	68800000	69000000	0.00946441
chr4_pat	69000000	69200000	0.00997974
chr4_pat	69200000	69400000	0.00903434
chr4_pat	69400000	69600000	0.0114881
chr4_pat	69600000	69800000	0.0163508
chr4_pat	69800000	70000000	0.0124946
chr4_pat	70000000	70200000	0.0111225
chr4_pat	70200000	70400000	0.0163943
chr4_pat	70400000	70600000	0.0190543
chr4_pat	70600000	70800000	0.0109452
chr4_pat	70800000	71000000	0.0103517
chr4_pat	71000000	71200000	0.0109135
chr4_pat	71200000	71400000	0.011445
chr4_pat	71400000	71600000	0.0119462
chr4_pat	71600000	71800000	0.0120881
chr4_pat	71800000	72000000	0.012611
chr4_pat	72000000	72200000	0.0116532
chr4_pat	72200000	72400000	0.0112291
chr4_pat	72400000	72600000	0.0115162
chr4_pat	72600000	72800000	0.0116487
chr4_pat	72800000	73000000	0.0158337
chr4_pat	73000000	73200000	
chr4_pat	73200000	73325478	
chr4A_pat	0	200000	0.0525867
chr4A_pat	200000	400000	0.0535477
chr4A_pat	400000	600000	0.0172748
chr4A_pat	600000	800000	0.0150287
chr4A_pat	800000	1000000	0.0144189
chr4A_pat	1000000	1200000	0.0174249
chr4A_pat	1200000	1400000	0.0160746
chr4A_pat	1400000	1600000	0.0138719
chr4A_pat	1600000	1800000	0.0115784
chr4A_pat	1800000	2000000	0.0139378
chr4A_pat	2000000	2200000	0.0135391
chr4A_pat	2200000	2400000	0.0143581
chr4A_pat	2400000	2600000	0.0135446
chr4A_pat	2600000	2800000	0.0130022
chr4A_pat	2800000	3000000	0.013001
chr4A_pat	3000000	3200000	0.012511
chr4A_pat	3200000	3400000	0.0127348
chr4A_pat	3400000	3600000	0.0124117
chr4A_pat	3600000	3800000	0.01197
chr4A_pat	3800000	4000000	0.0128154
chr4A_pat	4000000	4200000	0.0115037
chr4A_pat	4200000	4400000	0.0107119
chr4A_pat	4400000	4600000	0.0162556
chr4A_pat	4600000	4800000	0.00935525
chr4A_pat	4800000	5000000	0.0095588
chr4A_pat	5000000	5200000	0.0104418
chr4A_pat	5200000	5400000	0.0118716
chr4A_pat	5400000	5600000	0.0138695
chr4A_pat	5600000	5800000	0.0161001
chr4A_pat	5800000	6000000	0.0119074
chr4A_pat	6000000	6200000	0.0115916
chr4A_pat	6200000	6400000	0.0116873
chr4A_pat	6400000	6600000	0.010541
chr4A_pat	6600000	6800000	0.0104425
chr4A_pat	6800000	7000000	0.0167032
chr4A_pat	7000000	7200000	0.0139364
chr4A_pat	7200000	7400000	0.0125615
chr4A_pat	7400000	7600000	0.0104389
chr4A_pat	7600000	7800000	0.0141769
chr4A_pat	7800000	8000000	0.0110294
chr4A_pat	8000000	8200000	0.0129563
chr4A_pat	8200000	8400000	0.0148878
chr4A_pat	8400000	8600000	0.0116764
chr4A_pat	8600000	8800000	0.00967623
chr4A_pat	8800000	9000000	0.00878588
chr4A_pat	9000000	9200000	0.0147556
chr4A_pat	9200000	9400000	0.0151979
chr4A_pat	9400000	9600000	0.0107344
chr4A_pat	9600000	9800000	0.0100123
chr4A_pat	9800000	10000000	0.014273
chr4A_pat	10000000	10200000	0.0141346
chr4A_pat	10200000	10400000	0.0194964
chr4A_pat	10400000	10600000	0.014388
chr4A_pat	10600000	10800000	0.0132243
chr4A_pat	10800000	11000000	0.0104791
chr4A_pat	11000000	11200000	0.0118755
chr4A_pat	11200000	11400000	0.0110736
chr4A_pat	11400000	11600000	0.00907133
chr4A_pat	11600000	11800000	0.0130607
chr4A_pat	11800000	12000000	0.0120452
chr4A_pat	12000000	12200000	0.0125354
chr4A_pat	12200000	12400000	0.0097408
chr4A_pat	12400000	12600000	0.0129831
chr4A_pat	12600000	12800000	0.0155356
chr4A_pat	12800000	13000000	0.01912
chr4A_pat	13000000	13200000	0.0159375
chr4A_pat	13200000	13400000	0.0166581
chr4A_pat	13400000	13600000	0.01757
chr4A_pat	13600000	13800000	0.0166538
chr4A_pat	13800000	14000000	0.0148275
chr4A_pat	14000000	14200000	0.015717
chr4A_pat	14200000	14400000	0.0140665
chr4A_pat	14400000	14600000	0.0100495
chr4A_pat	14600000	14800000	0.0127318
chr4A_pat	14800000	15000000	0.0120454
chr4A_pat	15000000	15200000	0.0093249
chr4A_pat	15200000	15400000	0.0111485
chr4A_pat	15400000	15600000	0.0111349
chr4A_pat	15600000	15800000	0.0108312
chr4A_pat	15800000	16000000	0.014995
chr4A_pat	16000000	16200000	0.014843
chr4A_pat	16200000	16400000	0.0104536
chr4A_pat	16400000	16600000	0.014953
chr4A_pat	16600000	16800000	0.0116104
chr4A_pat	16800000	17000000	0.011561
chr4A_pat	17000000	17200000	0.0110207
chr4A_pat	17200000	17400000	0.0155687
chr4A_pat	17400000	17600000	0.0148606
chr4A_pat	17600000	17800000	0.0159534
chr4A_pat	17800000	18000000	0.0193627
chr4A_pat	18000000	18200000	0.0151205
chr4A_pat	18200000	18400000	0.0123536
chr4A_pat	18400000	18600000	0.0117042
chr4A_pat	18600000	18800000	0.0266473
chr4A_pat	18800000	19000000	
chr4A_pat	19000000	19200000	
chr4A_pat	19200000	19400000	
chr4A_pat	19400000	19525173	
chr5_pat	0	200000	
chr5_pat	200000	400000	0.012477
chr5_pat	400000	600000	0.0112914
chr5_pat	600000	800000	0.0131045
chr5_pat	800000	1000000	0.0148201
chr5_pat	1000000	1200000	0.0109786
chr5_pat	1200000	1400000	0.0122612
chr5_pat	1400000	1600000	0.0129862
chr5_pat	1600000	1800000	0.0112813
chr5_pat	1800000	2000000	0.0103048
chr5_pat	2000000	2200000	0.0102612
chr5_pat	2200000	2400000	0.0101198
chr5_pat	2400000	2600000	0.0108776
chr5_pat	2600000	2800000	0.0126179
chr5_pat	2800000	3000000	0.0115619
chr5_pat	3000000	3200000	0.00735275
chr5_pat	3200000	3400000	0.0127982
chr5_pat	3400000	3600000	0.0152378
chr5_pat	3600000	3800000	0.0135977
chr5_pat	3800000	4000000	0.0115266
chr5_pat	4000000	4200000	0.0107972
chr5_pat	4200000	4400000	0.0077838
chr5_pat	4400000	4600000	0.0121394
chr5_pat	4600000	4800000	0.0106469
chr5_pat	4800000	5000000	0.00876257
chr5_pat	5000000	5200000	0.0191655
chr5_pat	5200000	5400000	0.00976542
chr5_pat	5400000	5600000	0.0103952
chr5_pat	5600000	5800000	0.0113904
chr5_pat	5800000	6000000	0.0108561
chr5_pat	6000000	6200000	0.0102145
chr5_pat	6200000	6400000	0.00987771
chr5_pat	6400000	6600000	0.0104155
chr5_pat	6600000	6800000	0.0086955
chr5_pat	6800000	7000000	0.00915819
chr5_pat	7000000	7200000	0.0111989
chr5_pat	7200000	7400000	0.00828219
chr5_pat	7400000	7600000	0.0129027
chr5_pat	7600000	7800000	0.0164167
chr5_pat	7800000	8000000	0.0151726
chr5_pat	8000000	8200000	0.0145446
chr5_pat	8200000	8400000	0.0160106
chr5_pat	8400000	8600000	0.0114786
chr5_pat	8600000	8800000	0.0113412
chr5_pat	8800000	9000000	0.0136562
chr5_pat	9000000	9200000	0.0137856
chr5_pat	9200000	9400000	0.0109942
chr5_pat	9400000	9600000	0.0117138
chr5_pat	9600000	9800000	0.00971821
chr5_pat	9800000	10000000	0.0146184
chr5_pat	10000000	10200000	0.0144943
chr5_pat	10200000	10400000	0.0101932
chr5_pat	10400000	10600000	0.0117783
chr5_pat	10600000	10800000	0.0127893
chr5_pat	10800000	11000000	0.0128948
chr5_pat	11000000	11200000	0.0130996
chr5_pat	11200000	11400000	0.0119764
chr5_pat	11400000	11600000	0.00889607
chr5_pat	11600000	11800000	0.0118376
chr5_pat	11800000	12000000	0.014909
chr5_pat	12000000	12200000	0.0145737
chr5_pat	12200000	12400000	0.0105102
chr5_pat	12400000	12600000	0.0136333
chr5_pat	12600000	12800000	0.0141137
chr5_pat	12800000	13000000	0.0144001
chr5_pat	13000000	13200000	0.00890589
chr5_pat	13200000	13400000	0.00996616
chr5_pat	13400000	13600000	0.0110945
chr5_pat	13600000	13800000	0.00991634
chr5_pat	13800000	14000000	0.0114969
chr5_pat	14000000	14200000	0.00944351
chr5_pat	14200000	14400000	0.0138386
chr5_pat	14400000	14600000	0.0126712
chr5_pat	14600000	14800000	0.0110901
chr5_pat	14800000	15000000	0.0140131
chr5_pat	15000000	15200000	0.012441
chr5_pat	15200000	15400000	0.0120764
chr5_pat	15400000	15600000	0.0105902
chr5_pat	15600000	15800000	0.0130481
chr5_pat	15800000	16000000	0.0173937
chr5_pat	16000000	16200000	0.0172451
chr5_pat	16200000	16400000	0.0100826
chr5_pat	16400000	16600000	0.0151634
chr5_pat	16600000	16800000	0.0144854
chr5_pat	16800000	17000000	0.0111435
chr5_pat	17000000	17200000	0.0205151
chr5_pat	17200000	17400000	0.0200186
chr5_pat	17400000	17600000	0.0237662
chr5_pat	17600000	17800000	
chr5_pat	17800000	18000000	
chr5_pat	18000000	18200000	
chr5_pat	18200000	18400000	
chr5_pat	18400000	18600000	
chr5_pat	18600000	18800000	
chr5_pat	18800000	19000000	
chr5_pat	19000000	19200000	
chr5_pat	19200000	19400000	
chr5_pat	19400000	19600000	0.0164383
chr5_pat	19600000	19800000	0.0122069
chr5_pat	19800000	20000000	0.0141369
chr5_pat	20000000	20200000	0.0154103
chr5_pat	20200000	20400000	0.0141005
chr5_pat	20400000	20600000	0.0158762
chr5_pat	20600000	20800000	0.0182161
chr5_pat	20800000	21000000	0.0152111
chr5_pat	21000000	21200000	0.0111873
chr5_pat	21200000	21400000	0.0174868
chr5_pat	21400000	21600000	0.0169446
chr5_pat	21600000	21800000	0.0165367
chr5_pat	21800000	22000000	0.0172522
chr5_pat	22000000	22200000	0.0175315
chr5_pat	22200000	22400000	0.0172512
chr5_pat	22400000	22600000	0.0149909
chr5_pat	22600000	22800000	0.016942
chr5_pat	22800000	23000000	0.014717
chr5_pat	23000000	23200000	0.0116447
chr5_pat	23200000	23400000	0.0127512
chr5_pat	23400000	23600000	0.0112536
chr5_pat	23600000	23800000	0.0167048
chr5_pat	23800000	24000000	0.0147094
chr5_pat	24000000	24200000	0.0128043
chr5_pat	24200000	24400000	0.0144285
chr5_pat	24400000	24600000	0.0167473
chr5_pat	24600000	24800000	0.0112994
chr5_pat	24800000	25000000	0.0111575
chr5_pat	25000000	25200000	0.00989878
chr5_pat	25200000	25400000	0.0109145
chr5_pat	25400000	25600000	0.010436
chr5_pat	25600000	25800000	0.0119787
chr5_pat	25800000	26000000	0.0124137
chr5_pat	26000000	26200000	0.0131032
chr5_pat	26200000	26400000	0.0125862
chr5_pat	26400000	26600000	0.0142352
chr5_pat	26600000	26800000	0.00871998
chr5_pat	26800000	27000000	0.010752
chr5_pat	27000000	27200000	0.0117991
chr5_pat	27200000	27400000	0.0144768
chr5_pat	27400000	27600000	0.0105846
chr5_pat	27600000	27800000	0.0125928
chr5_pat	27800000	28000000	0.00978911
chr5_pat	28000000	28200000	0.0126573
chr5_pat	28200000	28400000	0.0102789
chr5_pat	28400000	28600000	0.0132508
chr5_pat	28600000	28800000	0.00965795
chr5_pat	28800000	29000000	0.0120879
chr5_pat	29000000	29200000	0.0155252
chr5_pat	29200000	29400000	0.0167047
chr5_pat	29400000	29600000	0.0108433
chr5_pat	29600000	29800000	0.0117153
chr5_pat	29800000	30000000	0.0157068
chr5_pat	30000000	30200000	0.0142455
chr5_pat	30200000	30400000	0.0105038
chr5_pat	30400000	30600000	0.0110935
chr5_pat	30600000	30800000	0.0113037
chr5_pat	30800000	31000000	0.0160751
chr5_pat	31000000	31200000	0.010677
chr5_pat	31200000	31400000	0.0107359
chr5_pat	31400000	31600000	0.0104726
chr5_pat	31600000	31800000	0.0126647
chr5_pat	31800000	32000000	0.0122965
chr5_pat	32000000	32200000	0.0130836
chr5_pat	32200000	32400000	0.0155879
chr5_pat	32400000	32600000	0.0114189
chr5_pat	32600000	32800000	0.0135545
chr5_pat	32800000	33000000	0.0150078
chr5_pat	33000000	33200000	0.0137659
chr5_pat	33200000	33400000	0.0150476
chr5_pat	33400000	33600000	0.0231352
chr5_pat	33600000	33800000	0.0275117
chr5_pat	33800000	34000000	0.0222139
chr5_pat	34000000	34200000	0.0219291
chr5_pat	34200000	34400000	0.0189325
chr5_pat	34400000	34600000	0.020783
chr5_pat	34600000	34800000	0.0128924
chr5_pat	34800000	35000000	0.0131358
chr5_pat	35000000	35200000	0.0134168
chr5_pat	35200000	35400000	0.0171468
chr5_pat	35400000	35600000	0.0176275
chr5_pat	35600000	35800000	0.0189584
chr5_pat	35800000	36000000	0.0151309
chr5_pat	36000000	36200000	0.0184733
chr5_pat	36200000	36400000	0.023268
chr5_pat	36400000	36600000	0.0221849
chr5_pat	36600000	36800000	0.0167864
chr5_pat	36800000	37000000	0.0157331
chr5_pat	37000000	37200000	0.0112136
chr5_pat	37200000	37400000	0.0119531
chr5_pat	37400000	37600000	0.0119735
chr5_pat	37600000	37800000	0.0208249
chr5_pat	37800000	38000000	0.0197117
chr5_pat	38000000	38200000	0.0210151
chr5_pat	38200000	38400000	0.0235917
chr5_pat	38400000	38600000	0.0148134
chr5_pat	38600000	38800000	0.00983324
chr5_pat	38800000	39000000	0.00994437
chr5_pat	39000000	39200000	0.0136842
chr5_pat	39200000	39400000	0.0148307
chr5_pat	39400000	39600000	0.0173221
chr5_pat	39600000	39800000	0.0172338
chr5_pat	39800000	40000000	0.0152573
chr5_pat	40000000	40200000	0.0155188
chr5_pat	40200000	40400000	0.0139036
chr5_pat	40400000	40600000	0.0097777
chr5_pat	40600000	40800000	0.0115463
chr5_pat	40800000	41000000	0.0108634
chr5_pat	41000000	41200000	0.0100188
chr5_pat	41200000	41400000	0.0127674
chr5_pat	41400000	41600000	0.0126472
chr5_pat	41600000	41800000	0.0135453
chr5_pat	41800000	42000000	0.0127315
chr5_pat	42000000	42200000	0.0122388
chr5_pat	42200000	42400000	0.0096194
chr5_pat	42400000	42600000	0.0163182
chr5_pat	42600000	42800000	0.0153729
chr5_pat	42800000	43000000	0.0153056
chr5_pat	43000000	43200000	0.0176697
chr5_pat	43200000	43400000	0.0221528
chr5_pat	43400000	43600000	0.0234047
chr5_pat	43600000	43800000	0.0128662
chr5_pat	43800000	44000000	0.00952609
chr5_pat	44000000	44200000	0.0144355
chr5_pat	44200000	44400000	0.0193636
chr5_pat	44400000	44600000	0.0162059
chr5_pat	44600000	44800000	0.0186642
chr5_pat	44800000	45000000	0.0163011
chr5_pat	45000000	45200000	0.0190717
chr5_pat	45200000	45400000	0.0176855
chr5_pat	45400000	45600000	0.0144044
chr5_pat	45600000	45800000	0.0150944
chr5_pat	45800000	46000000	0.0151969
chr5_pat	46000000	46200000	0.0149124
chr5_pat	46200000	46400000	0.0118595
chr5_pat	46400000	46600000	0.0132948
chr5_pat	46600000	46800000	0.0133592
chr5_pat	46800000	47000000	0.0123687
chr5_pat	47000000	47200000	0.00982161
chr5_pat	47200000	47400000	0.0116664
chr5_pat	47400000	47600000	0.012732
chr5_pat	47600000	47800000	0.0107461
chr5_pat	47800000	48000000	0.0105874
chr5_pat	48000000	48200000	0.0112429
chr5_pat	48200000	48400000	0.00967431
chr5_pat	48400000	48600000	0.0106985
chr5_pat	48600000	48800000	0.012925
chr5_pat	48800000	49000000	
chr5_pat	49000000	49200000	
chr5_pat	49200000	49400000	0.0431929
chr5_pat	49400000	49600000	0.0101726
chr5_pat	49600000	49800000	0.0128104
chr5_pat	49800000	50000000	0.00963727
chr5_pat	50000000	50200000	0.0131973
chr5_pat	50200000	50400000	0.0175082
chr5_pat	50400000	50600000	0.0180104
chr5_pat	50600000	50800000	0.0188897
chr5_pat	50800000	51000000	0.0246042
chr5_pat	51000000	51200000	0.0188588
chr5_pat	51200000	51400000	0.0183164
chr5_pat	51400000	51600000	0.0114987
chr5_pat	51600000	51800000	0.011614
chr5_pat	51800000	52000000	0.0134171
chr5_pat	52000000	52200000	0.00895092
chr5_pat	52200000	52400000	0.0151279
chr5_pat	52400000	52600000	0.0140308
chr5_pat	52600000	52800000	0.0174708
chr5_pat	52800000	53000000	0.00995806
chr5_pat	53000000	53200000	0.00904598
chr5_pat	53200000	53400000	0.0117665
chr5_pat	53400000	53600000	0.0116687
chr5_pat	53600000	53800000	0.0140838
chr5_pat	53800000	54000000	0.0105728
chr5_pat	54000000	54200000	0.00938703
chr5_pat	54200000	54400000	0.0123065
chr5_pat	54400000	54600000	0.013433
chr5_pat	54600000	54800000	0.0126783
chr5_pat	54800000	55000000	0.0131537
chr5_pat	55000000	55200000	0.0122379
chr5_pat	55200000	55400000	0.0122148
chr5_pat	55400000	55600000	0.0135092
chr5_pat	55600000	55800000	0.0106792
chr5_pat	55800000	56000000	0.0140505
chr5_pat	56000000	56200000	0.0123954
chr5_pat	56200000	56400000	0.0144517
chr5_pat	56400000	56600000	0.0124083
chr5_pat	56600000	56800000	0.00990901
chr5_pat	56800000	57000000	0.0116045
chr5_pat	57000000	57200000	0.00991771
chr5_pat	57200000	57400000	0.0117814
chr5_pat	57400000	57600000	0.0126411
chr5_pat	57600000	57800000	0.013103
chr5_pat	57800000	58000000	0.0118429
chr5_pat	58000000	58200000	0.0119413
chr5_pat	58200000	58400000	0.0112678
chr5_pat	58400000	58600000	0.00969352
chr5_pat	58600000	58800000	0.0114303
chr5_pat	58800000	59000000	0.0146296
chr5_pat	59000000	59200000	0.01341
chr5_pat	59200000	59400000	0.0079442
chr5_pat	59400000	59600000	0.0112828
chr5_pat	59600000	59800000	0.0110365
chr5_pat	59800000	60000000	0.0147014
chr5_pat	60000000	60200000	0.0114679
chr5_pat	60200000	60400000	0.0112602
chr5_pat	60400000	60600000	0.00988808
chr5_pat	60600000	60800000	0.0103734
chr5_pat	60800000	61000000	0.0146761
chr5_pat	61000000	61200000	0.0113946
chr5_pat	61200000	61400000	0.00874819
chr5_pat	61400000	61600000	0.0107151
chr5_pat	61600000	61800000	0.0154811
chr5_pat	61800000	62000000	0.00853143
chr5_pat	62000000	62200000	0.00833084
chr5_pat	62200000	62400000	0.00983019
chr5_pat	62400000	62600000	0.0104261
chr5_pat	62600000	62800000	0.010046
chr5_pat	62800000	63000000	0.00823971
chr5_pat	63000000	63200000	0.0134608
chr5_pat	63200000	63400000	0.0358742
chr5_pat	63400000	63600000	0.0201652
chr5_pat	63600000	63800000	
chr5_pat	63800000	63896914	
chr6_pat	0	200000	
chr6_pat	200000	400000	
chr6_pat	400000	600000	
chr6_pat	600000	800000	0.0247326
chr6_pat	800000	1000000	0.015583
chr6_pat	1000000	1200000	0.0144217
chr6_pat	1200000	1400000	0.0148633
chr6_pat	1400000	1600000	0.0148441
chr6_pat	1600000	1800000	0.00943185
chr6_pat	1800000	2000000	0.00953614
chr6_pat	2000000	2200000	0.00912929
chr6_pat	2200000	2400000	0.0149879
chr6_pat	2400000	2600000	0.0123629
chr6_pat	2600000	2800000	0.0150369
chr6_pat	2800000	3000000	0.0154707
chr6_pat	3000000	3200000	0.015439
chr6_pat	3200000	3400000	0.0103207
chr6_pat	3400000	3600000	0.0126207
chr6_pat	3600000	3800000	0.0111632
chr6_pat	3800000	4000000	0.0105445
chr6_pat	4000000	4200000	0.010044
chr6_pat	4200000	4400000	0.0145801
chr6_pat	4400000	4600000	0.0140412
chr6_pat	4600000	4800000	0.0144882
chr6_pat	4800000	5000000	0.0139653
chr6_pat	5000000	5200000	0.0134848
chr6_pat	5200000	5400000	0.0151137
chr6_pat	5400000	5600000	0.0258824
chr6_pat	5600000	5800000	
chr6_pat	5800000	6000000	
chr6_pat	6000000	6200000	
chr6_pat	6200000	6400000	
chr6_pat	6400000	6600000	
chr6_pat	6600000	6800000	0.0209262
chr6_pat	6800000	7000000	
chr6_pat	7000000	7200000	0.0169542
chr6_pat	7200000	7400000	0.00891483
chr6_pat	7400000	7600000	0.0105815
chr6_pat	7600000	7800000	0.0175302
chr6_pat	7800000	8000000	0.0138814
chr6_pat	8000000	8200000	0.0130558
chr6_pat	8200000	8400000	0.0115037
chr6_pat	8400000	8600000	0.0147674
chr6_pat	8600000	8800000	0.0130151
chr6_pat	8800000	9000000	0.0142977
chr6_pat	9000000	9200000	0.0126033
chr6_pat	9200000	9400000	0.0136128
chr6_pat	9400000	9600000	0.0141824
chr6_pat	9600000	9800000	0.0151368
chr6_pat	9800000	10000000	0.0142061
chr6_pat	10000000	10200000	0.0132992
chr6_pat	10200000	10400000	0.0110962
chr6_pat	10400000	10600000	0.012196
chr6_pat	10600000	10800000	0.0142789
chr6_pat	10800000	11000000	0.00901132
chr6_pat	11000000	11200000	0.0141171
chr6_pat	11200000	11400000	0.011958
chr6_pat	11400000	11600000	0.0146156
chr6_pat	11600000	11800000	0.01346
chr6_pat	11800000	12000000	0.0140326
chr6_pat	12000000	12200000	0.0130961
chr6_pat	12200000	12400000	0.0108122
chr6_pat	12400000	12600000	0.0124645
chr6_pat	12600000	12800000	0.0113486
chr6_pat	12800000	13000000	0.0134694
chr6_pat	13000000	13200000	0.00967956
chr6_pat	13200000	13400000	0.0152452
chr6_pat	13400000	13600000	0.0153464
chr6_pat	13600000	13800000	0.015856
chr6_pat	13800000	14000000	0.0155092
chr6_pat	14000000	14200000	0.0151383
chr6_pat	14200000	14400000	0.0111466
chr6_pat	14400000	14600000	0.0206584
chr6_pat	14600000	14800000	0.0224259
chr6_pat	14800000	15000000	0.021139
chr6_pat	15000000	15200000	0.0205503
chr6_pat	15200000	15400000	0.0356921
chr6_pat	15400000	15600000	0.0255128
chr6_pat	15600000	15800000	0.0215553
chr6_pat	15800000	16000000	0.0177604
chr6_pat	16000000	16200000	0.0161889
chr6_pat	16200000	16400000	0.018137
chr6_pat	16400000	16600000	0.0147002
chr6_pat	16600000	16800000	0.0112078
chr6_pat	16800000	17000000	0.0100829
chr6_pat	17000000	17200000	0.0130765
chr6_pat	17200000	17400000	0.0121535
chr6_pat	17400000	17600000	0.0184653
chr6_pat	17600000	17800000	0.0130779
chr6_pat	17800000	18000000	0.0123808
chr6_pat	18000000	18200000	0.0156124
chr6_pat	18200000	18400000	0.0197742
chr6_pat	18400000	18600000	0.0144314
chr6_pat	18600000	18800000	0.0128396
chr6_pat	18800000	19000000	0.0131746
chr6_pat	19000000	19200000	0.0163542
chr6_pat	19200000	19400000	0.0157245
chr6_pat	19400000	19600000	0.0161186
chr6_pat	19600000	19800000	0.0124243
chr6_pat	19800000	20000000	0.0164028
chr6_pat	20000000	20200000	0.0153878
chr6_pat	20200000	20400000	0.0145893
chr6_pat	20400000	20600000	0.0135209
chr6_pat	20600000	20800000	0.0146021
chr6_pat	20800000	21000000	0.0105021
chr6_pat	21000000	21200000	0.0128414
chr6_pat	21200000	21400000	0.0139042
chr6_pat	21400000	21600000	0.0129155
chr6_pat	21600000	21800000	0.0114818
chr6_pat	21800000	22000000	0.0102986
chr6_pat	22000000	22200000	0.0147873
chr6_pat	22200000	22400000	0.0138039
chr6_pat	22400000	22600000	0.0160704
chr6_pat	22600000	22800000	0.0147346
chr6_pat	22800000	23000000	0.00961392
chr6_pat	23000000	23200000	0.016843
chr6_pat	23200000	23400000	0.012763
chr6_pat	23400000	23600000	0.0124223
chr6_pat	23600000	23800000	0.0111573
chr6_pat	23800000	24000000	0.0128304
chr6_pat	24000000	24200000	0.0153706
chr6_pat	24200000	24400000	0.0111152
chr6_pat	24400000	24600000	0.0121371
chr6_pat	24600000	24800000	0.0102926
chr6_pat	24800000	25000000	0.0103104
chr6_pat	25000000	25200000	0.0155836
chr6_pat	25200000	25400000	0.0158005
chr6_pat	25400000	25600000	0.0133474
chr6_pat	25600000	25800000	0.0137778
chr6_pat	25800000	26000000	0.0143062
chr6_pat	26000000	26200000	0.0139625
chr6_pat	26200000	26400000	0.012914
chr6_pat	26400000	26600000	0.0134462
chr6_pat	26600000	26800000	0.0171327
chr6_pat	26800000	27000000	0.0136395
chr6_pat	27000000	27200000	0.00884215
chr6_pat	27200000	27400000	0.0114508
chr6_pat	27400000	27600000	0.0103942
chr6_pat	27600000	27800000	0.0147307
chr6_pat	27800000	28000000	0.0123184
chr6_pat	28000000	28200000	0.0107334
chr6_pat	28200000	28400000	0.0155359
chr6_pat	28400000	28600000	0.0145973
chr6_pat	28600000	28800000	0.0139402
chr6_pat	28800000	29000000	0.0107502
chr6_pat	29000000	29200000	0.00955784
chr6_pat	29200000	29400000	0.0127164
chr6_pat	29400000	29600000	0.0104799
chr6_pat	29600000	29800000	0.0124585
chr6_pat	29800000	30000000	0.0137424
chr6_pat	30000000	30200000	0.0138023
chr6_pat	30200000	30400000	0.0127198
chr6_pat	30400000	30600000	0.0117288
chr6_pat	30600000	30800000	0.0109394
chr6_pat	30800000	31000000	0.0139279
chr6_pat	31000000	31200000	0.0123919
chr6_pat	31200000	31400000	0.0106447
chr6_pat	31400000	31600000	0.00907624
chr6_pat	31600000	31800000	0.0112642
chr6_pat	31800000	32000000	0.00986156
chr6_pat	32000000	32200000	0.0110603
chr6_pat	32200000	32400000	0.0126546
chr6_pat	32400000	32600000	0.0103691
chr6_pat	32600000	32800000	0.0118582
chr6_pat	32800000	33000000	0.00952606
chr6_pat	33000000	33200000	0.0134512
chr6_pat	33200000	33400000	0.0120938
chr6_pat	33400000	33600000	0.0286956
chr6_pat	33600000	33800000	0.0105761
chr6_pat	33800000	34000000	0.0142769
chr6_pat	34000000	34200000	0.01032
chr6_pat	34200000	34400000	0.013332
chr6_pat	34400000	34600000	0.0118685
chr6_pat	34600000	34800000	0.0138974
chr6_pat	34800000	35000000	0.0102363
chr6_pat	35000000	35200000	0.0144913
chr6_pat	35200000	35400000	0.0294111
chr6_pat	35400000	35600000	
chr6_pat	35600000	35800000	0.0175875
chr6_pat	35800000	36000000	0.0134089
chr6_pat	36000000	36200000	0.0128368
chr6_pat	36200000	36400000	0.0121625
chr6_pat	36400000	36600000	0.0124233
chr6_pat	36600000	36800000	0.0196563
chr6_pat	36800000	37000000	
chr6_pat	37000000	37036084	
chr7_pat	0	200000	
chr7_pat	200000	400000	
chr7_pat	400000	600000	
chr7_pat	600000	800000	0.04099
chr7_pat	800000	1000000	0.0209714
chr7_pat	1000000	1200000	0.0162098
chr7_pat	1200000	1400000	0.0185678
chr7_pat	1400000	1600000	0.0174713
chr7_pat	1600000	1800000	0.0228736
chr7_pat	1800000	2000000	0.0125877
chr7_pat	2000000	2200000	0.0160816
chr7_pat	2200000	2400000	0.0208147
chr7_pat	2400000	2600000	
chr7_pat	2600000	2800000	
chr7_pat	2800000	3000000	
chr7_pat	3000000	3200000	
chr7_pat	3200000	3400000	0.0421498
chr7_pat	3400000	3600000	0.0163509
chr7_pat	3600000	3800000	0.0216482
chr7_pat	3800000	4000000	0.0337657
chr7_pat	4000000	4200000	
chr7_pat	4200000	4400000	
chr7_pat	4400000	4600000	
chr7_pat	4600000	4800000	
chr7_pat	4800000	5000000	
chr7_pat	5000000	5200000	0.0475187
chr7_pat	5200000	5400000	0.0200432
chr7_pat	5400000	5600000	0.0195446
chr7_pat	5600000	5800000	0.0157065
chr7_pat	5800000	6000000	0.0150293
chr7_pat	6000000	6200000	0.0169662
chr7_pat	6200000	6400000	0.014871
chr7_pat	6400000	6600000	0.0176298
chr7_pat	6600000	6800000	0.0142266
chr7_pat	6800000	7000000	0.010562
chr7_pat	7000000	7200000	0.00978827
chr7_pat	7200000	7400000	0.0169431
chr7_pat	7400000	7600000	0.0172812
chr7_pat	7600000	7800000	0.0145384
chr7_pat	7800000	8000000	0.00932242
chr7_pat	8000000	8200000	0.0129131
chr7_pat	8200000	8400000	0.0145167
chr7_pat	8400000	8600000	0.012544
chr7_pat	8600000	8800000	0.0139197
chr7_pat	8800000	9000000	0.0149599
chr7_pat	9000000	9200000	0.012581
chr7_pat	9200000	9400000	0.0119828
chr7_pat	9400000	9600000	0.0145803
chr7_pat	9600000	9800000	0.0156731
chr7_pat	9800000	10000000	0.0196254
chr7_pat	10000000	10200000	0.0179062
chr7_pat	10200000	10400000	0.0290365
chr7_pat	10400000	10600000	0.0275774
chr7_pat	10600000	10800000	0.027561
chr7_pat	10800000	11000000	0.0160788
chr7_pat	11000000	11200000	0.0217561
chr7_pat	11200000	11400000	0.018184
chr7_pat	11400000	11600000	0.022291
chr7_pat	11600000	11800000	0.0546622
chr7_pat	11800000	12000000	0.0241766
chr7_pat	12000000	12200000	0.0117955
chr7_pat	12200000	12400000	0.012915
chr7_pat	12400000	12600000	0.0138373
chr7_pat	12600000	12800000	0.0137137
chr7_pat	12800000	13000000	0.0125916
chr7_pat	13000000	13200000	0.0140206
chr7_pat	13200000	13400000	0.0186907
chr7_pat	13400000	13600000	0.0194939
chr7_pat	13600000	13800000	0.0168479
chr7_pat	13800000	14000000	0.015424
chr7_pat	14000000	14200000	0.0145595
chr7_pat	14200000	14400000	0.0142372
chr7_pat	14400000	14600000	0.0141366
chr7_pat	14600000	14800000	0.0168457
chr7_pat	14800000	15000000	0.0146978
chr7_pat	15000000	15200000	0.0144488
chr7_pat	15200000	15400000	0.0083095
chr7_pat	15400000	15600000	0.0131582
chr7_pat	15600000	15800000	0.0116535
chr7_pat	15800000	16000000	0.00994813
chr7_pat	16000000	16200000	0.0118851
chr7_pat	16200000	16400000	0.0119499
chr7_pat	16400000	16600000	0.0131665
chr7_pat	16600000	16800000	0.0156343
chr7_pat	16800000	17000000	0.0119188
chr7_pat	17000000	17200000	0.0113449
chr7_pat	17200000	17400000	0.0111942
chr7_pat	17400000	17600000	0.0134812
chr7_pat	17600000	17800000	0.0156443
chr7_pat	17800000	18000000	0.0172417
chr7_pat	18000000	18200000	0.0140963
chr7_pat	18200000	18400000	0.0113651
chr7_pat	18400000	18600000	0.0160439
chr7_pat	18600000	18800000	0.034817
chr7_pat	18800000	19000000	0.0155016
chr7_pat	19000000	19200000	0.0107839
chr7_pat	19200000	19400000	0.0133116
chr7_pat	19400000	19600000	0.0135677
chr7_pat	19600000	19800000	0.0116921
chr7_pat	19800000	20000000	0.0150078
chr7_pat	20000000	20200000	0.0114244
chr7_pat	20200000	20400000	0.0112954
chr7_pat	20400000	20600000	0.0158712
chr7_pat	20600000	20800000	0.0176371
chr7_pat	20800000	21000000	0.0154558
chr7_pat	21000000	21200000	0.0160183
chr7_pat	21200000	21400000	0.0191993
chr7_pat	21400000	21600000	0.0152828
chr7_pat	21600000	21800000	0.0144311
chr7_pat	21800000	22000000	0.0193838
chr7_pat	22000000	22200000	0.0129909
chr7_pat	22200000	22400000	0.0142789
chr7_pat	22400000	22600000	0.0132126
chr7_pat	22600000	22800000	0.011515
chr7_pat	22800000	23000000	0.0198507
chr7_pat	23000000	23200000	0.0164549
chr7_pat	23200000	23400000	0.0211364
chr7_pat	23400000	23600000	0.0164498
chr7_pat	23600000	23800000	0.0132487
chr7_pat	23800000	24000000	0.00923324
chr7_pat	24000000	24200000	0.0129689
chr7_pat	24200000	24400000	0.0110151
chr7_pat	24400000	24600000	0.0125788
chr7_pat	24600000	24800000	0.0137567
chr7_pat	24800000	25000000	0.0132707
chr7_pat	25000000	25200000	0.0146588
chr7_pat	25200000	25400000	0.0153808
chr7_pat	25400000	25600000	0.0143858
chr7_pat	25600000	25800000	0.0150957
chr7_pat	25800000	26000000	0.0138001
chr7_pat	26000000	26200000	0.0109963
chr7_pat	26200000	26400000	0.011657
chr7_pat	26400000	26600000	0.0100429
chr7_pat	26600000	26800000	0.0139769
chr7_pat	26800000	27000000	0.0144307
chr7_pat	27000000	27200000	0.0125769
chr7_pat	27200000	27400000	0.0119597
chr7_pat	27400000	27600000	0.0106084
chr7_pat	27600000	27800000	0.0131145
chr7_pat	27800000	28000000	0.0132497
chr7_pat	28000000	28200000	0.0139911
chr7_pat	28200000	28400000	0.0127988
chr7_pat	28400000	28600000	0.0117997
chr7_pat	28600000	28800000	0.01124
chr7_pat	28800000	29000000	0.0121724
chr7_pat	29000000	29200000	0.0149161
chr7_pat	29200000	29400000	0.0107343
chr7_pat	29400000	29600000	0.0141612
chr7_pat	29600000	29800000	0.0156646
chr7_pat	29800000	30000000	0.0142793
chr7_pat	30000000	30200000	0.015467
chr7_pat	30200000	30400000	0.0138925
chr7_pat	30400000	30600000	0.0109654
chr7_pat	30600000	30800000	0.0144994
chr7_pat	30800000	31000000	0.0135759
chr7_pat	31000000	31200000	0.0106481
chr7_pat	31200000	31400000	0.0110117
chr7_pat	31400000	31600000	0.0117114
chr7_pat	31600000	31800000	0.0123611
chr7_pat	31800000	32000000	0.0113357
chr7_pat	32000000	32200000	0.0109151
chr7_pat	32200000	32400000	0.0131531
chr7_pat	32400000	32600000	0.0134506
chr7_pat	32600000	32800000	0.0121944
chr7_pat	32800000	33000000	0.0108803
chr7_pat	33000000	33200000	0.00964912
chr7_pat	33200000	33400000	0.0123955
chr7_pat	33400000	33600000	0.0132618
chr7_pat	33600000	33800000	0.0141906
chr7_pat	33800000	34000000	0.0109684
chr7_pat	34000000	34200000	0.0120343
chr7_pat	34200000	34400000	0.0126997
chr7_pat	34400000	34600000	0.0112122
chr7_pat	34600000	34800000	0.0117398
chr7_pat	34800000	35000000	0.0123348
chr7_pat	35000000	35200000	0.0127954
chr7_pat	35200000	35400000	0.0134282
chr7_pat	35400000	35600000	0.0152561
chr7_pat	35600000	35800000	0.0138269
chr7_pat	35800000	36000000	0.0113693
chr7_pat	36000000	36200000	0.0130632
chr7_pat	36200000	36400000	0.0133878
chr7_pat	36400000	36600000	0.0121067
chr7_pat	36600000	36800000	0.0130201
chr7_pat	36800000	37000000	0.0117139
chr7_pat	37000000	37200000	0.0101704
chr7_pat	37200000	37400000	0.00992652
chr7_pat	37400000	37600000	0.0108404
chr7_pat	37600000	37800000	0.0111646
chr7_pat	37800000	38000000	0.00997814
chr7_pat	38000000	38200000	0.00975591
chr7_pat	38200000	38400000	0.00853854
chr7_pat	38400000	38600000	0.0152852
chr7_pat	38600000	38800000	0.0142054
chr7_pat	38800000	39000000	0.013993
chr7_pat	39000000	39200000	0.0274564
chr7_pat	39200000	39386660	
chr8_pat	0	200000	0.0388349
chr8_pat	200000	400000	0.0208959
chr8_pat	400000	600000	0.0152743
chr8_pat	600000	800000	0.0114044
chr8_pat	800000	1000000	0.00964924
chr8_pat	1000000	1200000	0.00902072
chr8_pat	1200000	1400000	0.00976533
chr8_pat	1400000	1600000	0.0103893
chr8_pat	1600000	1800000	0.00923437
chr8_pat	1800000	2000000	0.0120404
chr8_pat	2000000	2200000	0.0126961
chr8_pat	2200000	2400000	0.0110949
chr8_pat	2400000	2600000	0.0128177
chr8_pat	2600000	2800000	0.0137242
chr8_pat	2800000	3000000	0.0148751
chr8_pat	3000000	3200000	0.0153533
chr8_pat	3200000	3400000	0.0118449
chr8_pat	3400000	3600000	0.0122808
chr8_pat	3600000	3800000	0.0130843
chr8_pat	3800000	4000000	0.014525
chr8_pat	4000000	4200000	0.0146184
chr8_pat	4200000	4400000	0.0160975
chr8_pat	4400000	4600000	0.0150697
chr8_pat	4600000	4800000	0.0130865
chr8_pat	4800000	5000000	0.00954543
chr8_pat	5000000	5200000	0.0143884
chr8_pat	5200000	5400000	0.0131098
chr8_pat	5400000	5600000	0.0100082
chr8_pat	5600000	5800000	0.00978674
chr8_pat	5800000	6000000	0.00907354
chr8_pat	6000000	6200000	0.00928114
chr8_pat	6200000	6400000	0.0117136
chr8_pat	6400000	6600000	0.0149123
chr8_pat	6600000	6800000	0.0142238
chr8_pat	6800000	7000000	0.0139613
chr8_pat	7000000	7200000	0.0130136
chr8_pat	7200000	7400000	0.0136681
chr8_pat	7400000	7600000	0.0146093
chr8_pat	7600000	7800000	0.0121542
chr8_pat	7800000	8000000	0.0134118
chr8_pat	8000000	8200000	0.014468
chr8_pat	8200000	8400000	0.0108737
chr8_pat	8400000	8600000	0.0114948
chr8_pat	8600000	8800000	0.0117785
chr8_pat	8800000	9000000	0.0112014
chr8_pat	9000000	9200000	0.0107075
chr8_pat	9200000	9400000	0.00935582
chr8_pat	9400000	9600000	0.0113373
chr8_pat	9600000	9800000	0.0108054
chr8_pat	9800000	10000000	0.0136503
chr8_pat	10000000	10200000	0.013027
chr8_pat	10200000	10400000	0.0140831
chr8_pat	10400000	10600000	0.0116643
chr8_pat	10600000	10800000	0.0173133
chr8_pat	10800000	11000000	0.0128104
chr8_pat	11000000	11200000	0.0110776
chr8_pat	11200000	11400000	0.0150317
chr8_pat	11400000	11600000	0.012128
chr8_pat	11600000	11800000	0.00973298
chr8_pat	11800000	12000000	0.011411
chr8_pat	12000000	12200000	0.0166954
chr8_pat	12200000	12400000	0.0158053
chr8_pat	12400000	12600000	0.0140934
chr8_pat	12600000	12800000	0.0166298
chr8_pat	12800000	13000000	0.0187005
chr8_pat	13000000	13200000	0.0197252
chr8_pat	13200000	13400000	0.0181331
chr8_pat	13400000	13600000	0.0185027
chr8_pat	13600000	13800000	0.0164437
chr8_pat	13800000	14000000	0.0108609
chr8_pat	14000000	14200000	0.0102038
chr8_pat	14200000	14400000	0.00935564
chr8_pat	14400000	14600000	0.0136131
chr8_pat	14600000	14800000	0.0115903
chr8_pat	14800000	15000000	0.023012
chr8_pat	15000000	15200000	0.0201581
chr8_pat	15200000	15400000	0.0182559
chr8_pat	15400000	15600000	0.0112665
chr8_pat	15600000	15800000	0.00987548
chr8_pat	15800000	16000000	0.0169315
chr8_pat	16000000	16200000	0.0122182
chr8_pat	16200000	16400000	0.0137211
chr8_pat	16400000	16600000	0.0119088
chr8_pat	16600000	16800000	0.00981035
chr8_pat	16800000	17000000	0.011868
chr8_pat	17000000	17200000	0.014852
chr8_pat	17200000	17400000	0.0146951
chr8_pat	17400000	17600000	0.0174187
chr8_pat	17600000	17800000	0.0138265
chr8_pat	17800000	18000000	0.0157013
chr8_pat	18000000	18200000	0.0161744
chr8_pat	18200000	18400000	0.0177685
chr8_pat	18400000	18600000	0.0179468
chr8_pat	18600000	18800000	0.0108437
chr8_pat	18800000	19000000	0.010279
chr8_pat	19000000	19200000	0.0123648
chr8_pat	19200000	19400000	0.0136638
chr8_pat	19400000	19600000	0.0141827
chr8_pat	19600000	19800000	0.0120289
chr8_pat	19800000	20000000	0.0161836
chr8_pat	20000000	20200000	0.0152277
chr8_pat	20200000	20400000	0.0150901
chr8_pat	20400000	20600000	0.0178052
chr8_pat	20600000	20800000	0.0146483
chr8_pat	20800000	21000000	0.00939196
chr8_pat	21000000	21200000	0.00939213
chr8_pat	21200000	21400000	0.0151884
chr8_pat	21400000	21600000	0.0166219
chr8_pat	21600000	21800000	0.0142401
chr8_pat	21800000	22000000	0.013102
chr8_pat	22000000	22200000	0.0138039
chr8_pat	22200000	22400000	0.0126737
chr8_pat	22400000	22600000	0.01449
chr8_pat	22600000	22800000	0.0157884
chr8_pat	22800000	23000000	0.0174182
chr8_pat	23000000	23200000	0.0133503
chr8_pat	23200000	23400000	0.00869433
chr8_pat	23400000	23600000	0.0101159
chr8_pat	23600000	23800000	0.0113367
chr8_pat	23800000	24000000	0.0123014
chr8_pat	24000000	24200000	0.010518
chr8_pat	24200000	24400000	0.0129858
chr8_pat	24400000	24600000	0.0113584
chr8_pat	24600000	24800000	0.0141566
chr8_pat	24800000	25000000	0.0157809
chr8_pat	25000000	25200000	0.0161739
chr8_pat	25200000	25400000	0.016974
chr8_pat	25400000	25600000	0.0189153
chr8_pat	25600000	25800000	0.0264893
chr8_pat	25800000	26000000	0.032318
chr8_pat	26000000	26200000	0.0320239
chr8_pat	26200000	26400000	0.0485184
chr8_pat	26400000	26600000	
chr8_pat	26600000	26800000	
chr8_pat	26800000	27000000	
chr8_pat	27000000	27200000	
chr8_pat	27200000	27400000	
chr8_pat	27400000	27600000	
chr8_pat	27600000	27800000	
chr8_pat	27800000	28000000	0.0290852
chr8_pat	28000000	28200000	0.0180813
chr8_pat	28200000	28400000	0.0168478
chr8_pat	28400000	28600000	0.0156622
chr8_pat	28600000	28800000	0.0123088
chr8_pat	28800000	29000000	0.0124368
chr8_pat	29000000	29200000	0.011041
chr8_pat	29200000	29400000	0.0170003
chr8_pat	29400000	29600000	
chr8_pat	29600000	29800000	0.0219115
chr8_pat	29800000	30000000	0.0192965
chr8_pat	30000000	30200000	0.0115713
chr8_pat	30200000	30400000	0.017799
chr8_pat	30400000	30600000	0.0148375
chr8_pat	30600000	30800000	0.012904
chr8_pat	30800000	31000000	0.0129492
chr8_pat	31000000	31200000	0.0315458
chr8_pat	31200000	31400000	
chr8_pat	31400000	31600000	
chr8_pat	31600000	31800000	
chr8_pat	31800000	32000000	
chr8_pat	32000000	32200000	
chr8_pat	32200000	32400000	
chr8_pat	32400000	32600000	
chr8_pat	32600000	32694906	
chr9_pat	0	200000	
chr9_pat	200000	400000	
chr9_pat	400000	600000	
chr9_pat	600000	800000	
chr9_pat	800000	1000000	
chr9_pat	1000000	1200000	0.0444376
chr9_pat	1200000	1400000	0.0228893
chr9_pat	1400000	1600000	0.0159045
chr9_pat	1600000	1800000	0.0128721
chr9_pat	1800000	2000000	0.0151165
chr9_pat	2000000	2200000	0.0128628
chr9_pat	2200000	2400000	0.0178904
chr9_pat	2400000	2600000	0.0196783
chr9_pat	2600000	2800000	0.0179042
chr9_pat	2800000	3000000	0.012227
chr9_pat	3000000	3200000	0.0167727
chr9_pat	3200000	3400000	0.0174745
chr9_pat	3400000	3600000	
chr9_pat	3600000	3800000	0.0375273
chr9_pat	3800000	4000000	0.0169905
chr9_pat	4000000	4200000	0.0186796
chr9_pat	4200000	4400000	0.0193981
chr9_pat	4400000	4600000	0.0115528
chr9_pat	4600000	4800000	0.0110069
chr9_pat	4800000	5000000	0.0192569
chr9_pat	5000000	5200000	0.0151841
chr9_pat	5200000	5400000	0.0184979
chr9_pat	5400000	5600000	0.0133453
chr9_pat	5600000	5800000	0.010706
chr9_pat	5800000	6000000	0.0159121
chr9_pat	6000000	6200000	0.0148973
chr9_pat	6200000	6400000	0.0163469
chr9_pat	6400000	6600000	0.0117462
chr9_pat	6600000	6800000	0.0102358
chr9_pat	6800000	7000000	0.0109357
chr9_pat	7000000	7200000	0.0115266
chr9_pat	7200000	7400000	0.0119544
chr9_pat	7400000	7600000	0.0122068
chr9_pat	7600000	7800000	0.0164167
chr9_pat	7800000	8000000	0.012048
chr9_pat	8000000	8200000	0.0144197
chr9_pat	8200000	8400000	0.0145751
chr9_pat	8400000	8600000	0.0149715
chr9_pat	8600000	8800000	0.0172078
chr9_pat	8800000	9000000	0.0152391
chr9_pat	9000000	9200000	0.0124825
chr9_pat	9200000	9400000	0.0129432
chr9_pat	9400000	9600000	0.0108129
chr9_pat	9600000	9800000	0.00986764
chr9_pat	9800000	10000000	0.0127742
chr9_pat	10000000	10200000	0.0147262
chr9_pat	10200000	10400000	0.0151089
chr9_pat	10400000	10600000	0.0106331
chr9_pat	10600000	10800000	0.00947441
chr9_pat	10800000	11000000	0.0155167
chr9_pat	11000000	11200000	0.0141765
chr9_pat	11200000	11400000	0.011203
chr9_pat	11400000	11600000	0.0105635
chr9_pat	11600000	11800000	0.0110297
chr9_pat	11800000	12000000	0.0132915
chr9_pat	12000000	12200000	0.0134036
chr9_pat	12200000	12400000	0.0130687
chr9_pat	12400000	12600000	0.0136455
chr9_pat	12600000	12800000	0.013941
chr9_pat	12800000	13000000	0.0141083
chr9_pat	13000000	13200000	0.0228074
chr9_pat	13200000	13400000	0.0208151
chr9_pat	13400000	13600000	0.0193969
chr9_pat	13600000	13800000	0.0159349
chr9_pat	13800000	14000000	0.0119559
chr9_pat	14000000	14200000	0.00970708
chr9_pat	14200000	14400000	0.0128281
chr9_pat	14400000	14600000	0.0126325
chr9_pat	14600000	14800000	0.0147243
chr9_pat	14800000	15000000	0.0168208
chr9_pat	15000000	15200000	0.0166246
chr9_pat	15200000	15400000	0.0142183
chr9_pat	15400000	15600000	
chr9_pat	15600000	15800000	
chr9_pat	15800000	16000000	0.0167052
chr9_pat	16000000	16200000	0.0169696
chr9_pat	16200000	16400000	0.014434
chr9_pat	16400000	16600000	0.011965
chr9_pat	16600000	16800000	0.0115228
chr9_pat	16800000	17000000	0.0105561
chr9_pat	17000000	17200000	0.0115132
chr9_pat	17200000	17400000	0.0129387
chr9_pat	17400000	17600000	0.0101706
chr9_pat	17600000	17800000	0.0111965
chr9_pat	17800000	18000000	0.0192115
chr9_pat	18000000	18200000	0.0133941
chr9_pat	18200000	18400000	0.0106066
chr9_pat	18400000	18600000	0.0132164
chr9_pat	18600000	18800000	0.0154239
chr9_pat	18800000	19000000	0.01577
chr9_pat	19000000	19200000	0.0100072
chr9_pat	19200000	19400000	0.0112361
chr9_pat	19400000	19600000	0.0103922
chr9_pat	19600000	19800000	0.00887595
chr9_pat	19800000	20000000	0.0142424
chr9_pat	20000000	20200000	0.0126078
chr9_pat	20200000	20400000	0.0128476
chr9_pat	20400000	20600000	0.0136062
chr9_pat	20600000	20800000	0.0132205
chr9_pat	20800000	21000000	0.0141656
chr9_pat	21000000	21200000	0.0134893
chr9_pat	21200000	21400000	0.0152814
chr9_pat	21400000	21600000	0.0124066
chr9_pat	21600000	21800000	0.0131495
chr9_pat	21800000	22000000	0.0109588
chr9_pat	22000000	22200000	0.00953691
chr9_pat	22200000	22400000	0.0103991
chr9_pat	22400000	22600000	0.0171674
chr9_pat	22600000	22800000	0.0158448
chr9_pat	22800000	23000000	0.0145818
chr9_pat	23000000	23200000	0.0098875
chr9_pat	23200000	23400000	0.0133324
chr9_pat	23400000	23600000	0.0130495
chr9_pat	23600000	23800000	0.0150016
chr9_pat	23800000	24000000	
chr9_pat	24000000	24200000	
chr9_pat	24200000	24400000	
chr9_pat	24400000	24600000	
chr9_pat	24600000	24800000	
chr9_pat	24800000	25000000	
chr9_pat	25000000	25200000	0.0125459
chr9_pat	25200000	25400000	0.0118586
chr9_pat	25400000	25600000	0.0134443
chr9_pat	25600000	25800000	0.0112829
chr9_pat	25800000	26000000	0.0196663
chr9_pat	26000000	26200000	0.053649
chr9_pat	26200000	26241639	
chr10_pat	0	200000	
chr10_pat	200000	400000	
chr10_pat	400000	600000	0.0443683
chr10_pat	600000	800000	0.0284951
chr10_pat	800000	1000000	0.0162541
chr10_pat	1000000	1200000	0.0156672
chr10_pat	1200000	1400000	0.0109714
chr10_pat	1400000	1600000	0.0167456
chr10_pat	1600000	1800000	0.0172921
chr10_pat	1800000	2000000	0.0159224
chr10_pat	2000000	2200000	0.0115061
chr10_pat	2200000	2400000	0.00958598
chr10_pat	2400000	2600000	0.00935916
chr10_pat	2600000	2800000	0.0125595
chr10_pat	2800000	3000000	0.0162563
chr10_pat	3000000	3200000	0.00993054
chr10_pat	3200000	3400000	0.0132376
chr10_pat	3400000	3600000	0.0110214
chr10_pat	3600000	3800000	0.0120605
chr10_pat	3800000	4000000	0.0112838
chr10_pat	4000000	4200000	0.0105522
chr10_pat	4200000	4400000	0.012731
chr10_pat	4400000	4600000	0.0157686
chr10_pat	4600000	4800000	0.0250426
chr10_pat	4800000	5000000	0.0196128
chr10_pat	5000000	5200000	0.013561
chr10_pat	5200000	5400000	0.0137404
chr10_pat	5400000	5600000	0.0127061
chr10_pat	5600000	5800000	0.0110745
chr10_pat	5800000	6000000	0.0128168
chr10_pat	6000000	6200000	0.0109088
chr10_pat	6200000	6400000	0.0144341
chr10_pat	6400000	6600000	0.0146961
chr10_pat	6600000	6800000	0.0105162
chr10_pat	6800000	7000000	0.010952
chr10_pat	7000000	7200000	0.0151558
chr10_pat	7200000	7400000	0.0135354
chr10_pat	7400000	7600000	0.0112845
chr10_pat	7600000	7800000	0.0119334
chr10_pat	7800000	8000000	0.0101406
chr10_pat	8000000	8200000	0.0127362
chr10_pat	8200000	8400000	0.0161399
chr10_pat	8400000	8600000	0.0169222
chr10_pat	8600000	8800000	0.0106486
chr10_pat	8800000	9000000	0.0104509
chr10_pat	9000000	9200000	0.0112234
chr10_pat	9200000	9400000	0.0142262
chr10_pat	9400000	9600000	0.0149512
chr10_pat	9600000	9800000	0.0170661
chr10_pat	9800000	10000000	0.0224034
chr10_pat	10000000	10200000	0.0117458
chr10_pat	10200000	10400000	0.010315
chr10_pat	10400000	10600000	0.0143028
chr10_pat	10600000	10800000	0.00819229
chr10_pat	10800000	11000000	0.013274
chr10_pat	11000000	11200000	0.00928992
chr10_pat	11200000	11400000	0.0128281
chr10_pat	11400000	11600000	0.0137128
chr10_pat	11600000	11800000	0.0129647
chr10_pat	11800000	12000000	0.0161731
chr10_pat	12000000	12200000	0.0103918
chr10_pat	12200000	12400000	0.0120925
chr10_pat	12400000	12600000	0.0108213
chr10_pat	12600000	12800000	0.013423
chr10_pat	12800000	13000000	0.0153423
chr10_pat	13000000	13200000	0.0119124
chr10_pat	13200000	13400000	0.0131144
chr10_pat	13400000	13600000	0.0176148
chr10_pat	13600000	13800000	0.0158991
chr10_pat	13800000	14000000	0.0157341
chr10_pat	14000000	14200000	0.0116015
chr10_pat	14200000	14400000	0.013587
chr10_pat	14400000	14600000	0.0136248
chr10_pat	14600000	14800000	0.0155754
chr10_pat	14800000	15000000	0.0110655
chr10_pat	15000000	15200000	0.0140912
chr10_pat	15200000	15400000	0.0160415
chr10_pat	15400000	15600000	0.017654
chr10_pat	15600000	15800000	0.0171682
chr10_pat	15800000	16000000	0.0164691
chr10_pat	16000000	16200000	0.0172241
chr10_pat	16200000	16400000	0.0162935
chr10_pat	16400000	16600000	0.0160111
chr10_pat	16600000	16800000	0.0137086
chr10_pat	16800000	17000000	0.0156037
chr10_pat	17000000	17200000	0.0143936
chr10_pat	17200000	17400000	0.0108631
chr10_pat	17400000	17600000	0.0136686
chr10_pat	17600000	17800000	0.0124846
chr10_pat	17800000	18000000	0.0128427
chr10_pat	18000000	18200000	0.0104875
chr10_pat	18200000	18400000	0.0174244
chr10_pat	18400000	18600000	0.00945622
chr10_pat	18600000	18800000	0.0157996
chr10_pat	18800000	19000000	0.0107638
chr10_pat	19000000	19200000	0.0111358
chr10_pat	19200000	19400000	0.012208
chr10_pat	19400000	19600000	0.0101285
chr10_pat	19600000	19800000	0.0165225
chr10_pat	19800000	20000000	0.0109449
chr10_pat	20000000	20200000	0.00925541
chr10_pat	20200000	20400000	0.0141154
chr10_pat	20400000	20600000	0.0239016
chr10_pat	20600000	20761298	0.0487241
chr11_pat	0	200000	
chr11_pat	200000	400000	
chr11_pat	400000	600000	
chr11_pat	600000	800000	0.0725863
chr11_pat	800000	1000000	0.0663393
chr11_pat	1000000	1200000	0.048305
chr11_pat	1200000	1400000	0.0605978
chr11_pat	1400000	1600000	0.0412739
chr11_pat	1600000	1800000	0.0487168
chr11_pat	1800000	2000000	0.0565589
chr11_pat	2000000	2200000	
chr11_pat	2200000	2400000	
chr11_pat	2400000	2600000	
chr11_pat	2600000	2800000	
chr11_pat	2800000	3000000	0.0807375
chr11_pat	3000000	3200000	0.0367463
chr11_pat	3200000	3400000	0.0416571
chr11_pat	3400000	3600000	0.0378461
chr11_pat	3600000	3800000	0.033681
chr11_pat	3800000	4000000	0.0442147
chr11_pat	4000000	4200000	0.0403282
chr11_pat	4200000	4400000	0.0438561
chr11_pat	4400000	4600000	0.025099
chr11_pat	4600000	4800000	0.0204744
chr11_pat	4800000	5000000	0.0338724
chr11_pat	5000000	5200000	0.0278017
chr11_pat	5200000	5400000	0.0196831
chr11_pat	5400000	5600000	0.0186523
chr11_pat	5600000	5800000	0.0198822
chr11_pat	5800000	6000000	0.0195995
chr11_pat	6000000	6200000	0.0133418
chr11_pat	6200000	6400000	0.0215341
chr11_pat	6400000	6600000	0.0227565
chr11_pat	6600000	6800000	0.0269021
chr11_pat	6800000	7000000	0.0342109
chr11_pat	7000000	7200000	0.0276053
chr11_pat	7200000	7400000	0.0252218
chr11_pat	7400000	7600000	0.0195019
chr11_pat	7600000	7800000	0.016973
chr11_pat	7800000	8000000	0.0203833
chr11_pat	8000000	8200000	0.018495
chr11_pat	8200000	8400000	0.0200822
chr11_pat	8400000	8600000	0.0176547
chr11_pat	8600000	8800000	0.0191866
chr11_pat	8800000	9000000	
chr11_pat	9000000	9200000	
chr11_pat	9200000	9400000	
chr11_pat	9400000	9600000	
chr11_pat	9600000	9800000	
chr11_pat	9800000	10000000	
chr11_pat	10000000	10200000	
chr11_pat	10200000	10400000	
chr11_pat	10400000	10600000	
chr11_pat	10600000	10800000	
chr11_pat	10800000	11000000	0.037796
chr11_pat	11000000	11200000	0.0475074
chr11_pat	11200000	11400000	0.0513343
chr11_pat	11400000	11600000	0.0605912
chr11_pat	11600000	11800000	0.0591357
chr11_pat	11800000	12000000	
chr11_pat	12000000	12200000	0.0773689
chr11_pat	12200000	12400000	0.0641189
chr11_pat	12400000	12600000	0.0194088
chr11_pat	12600000	12800000	0.0121691
chr11_pat	12800000	13000000	0.0163994
chr11_pat	13000000	13200000	0.0162008
chr11_pat	13200000	13400000	0.0127359
chr11_pat	13400000	13600000	0.0113563
chr11_pat	13600000	13800000	0.0102905
chr11_pat	13800000	14000000	0.0106683
chr11_pat	14000000	14200000	0.0130881
chr11_pat	14200000	14400000	0.0136288
chr11_pat	14400000	14600000	0.01457
chr11_pat	14600000	14800000	0.0190324
chr11_pat	14800000	15000000	0.0186018
chr11_pat	15000000	15200000	0.0177922
chr11_pat	15200000	15400000	0.0202084
chr11_pat	15400000	15600000	0.016239
chr11_pat	15600000	15800000	0.0160849
chr11_pat	15800000	16000000	0.0117548
chr11_pat	16000000	16200000	0.0116873
chr11_pat	16200000	16400000	0.017095
chr11_pat	16400000	16600000	0.0162596
chr11_pat	16600000	16800000	0.01656
chr11_pat	16800000	17000000	0.0171893
chr11_pat	17000000	17200000	0.0232358
chr11_pat	17200000	17400000	0.0258372
chr11_pat	17400000	17600000	0.0154619
chr11_pat	17600000	17800000	0.0163602
chr11_pat	17800000	18000000	0.016143
chr11_pat	18000000	18200000	0.0125531
chr11_pat	18200000	18400000	0.011398
chr11_pat	18400000	18600000	0.0139192
chr11_pat	18600000	18800000	0.0146924
chr11_pat	18800000	19000000	0.0152497
chr11_pat	19000000	19200000	0.0102356
chr11_pat	19200000	19400000	0.0142978
chr11_pat	19400000	19600000	0.0119623
chr11_pat	19600000	19800000	0.0168236
chr11_pat	19800000	20000000	0.0116389
chr11_pat	20000000	20200000	0.0228323
chr11_pat	20200000	20400000	0.0170505
chr11_pat	20400000	20600000	0.0172684
chr11_pat	20600000	20800000	0.0455678
chr11_pat	20800000	21000000	
chr11_pat	21000000	21200000	
chr11_pat	21200000	21400000	
chr11_pat	21400000	21600000	
chr11_pat	21600000	21694367	
chr12_pat	0	200000	
chr12_pat	200000	400000	
chr12_pat	400000	600000	
chr12_pat	600000	800000	0.0424978
chr12_pat	800000	1000000	0.0147083
chr12_pat	1000000	1200000	0.0127844
chr12_pat	1200000	1400000	0.0138914
chr12_pat	1400000	1600000	0.0131552
chr12_pat	1600000	1800000	0.0124787
chr12_pat	1800000	2000000	0.0143522
chr12_pat	2000000	2200000	0.0149115
chr12_pat	2200000	2400000	0.0135487
chr12_pat	2400000	2600000	0.0136845
chr12_pat	2600000	2800000	0.0140518
chr12_pat	2800000	3000000	0.015119
chr12_pat	3000000	3200000	0.0153948
chr12_pat	3200000	3400000	0.0106073
chr12_pat	3400000	3600000	0.0130123
chr12_pat	3600000	3800000	0.0146675
chr12_pat	3800000	4000000	0.0174659
chr12_pat	4000000	4200000	0.017054
chr12_pat	4200000	4400000	0.0171322
chr12_pat	4400000	4600000	0.0100405
chr12_pat	4600000	4800000	0.0117929
chr12_pat	4800000	5000000	0.0141237
chr12_pat	5000000	5200000	0.0154746
chr12_pat	5200000	5400000	0.0132448
chr12_pat	5400000	5600000	0.0130397
chr12_pat	5600000	5800000	0.0124717
chr12_pat	5800000	6000000	0.0133918
chr12_pat	6000000	6200000	0.0159847
chr12_pat	6200000	6400000	0.0153376
chr12_pat	6400000	6600000	0.0152272
chr12_pat	6600000	6800000	0.0102086
chr12_pat	6800000	7000000	0.0149995
chr12_pat	7000000	7200000	0.0190158
chr12_pat	7200000	7400000	0.013711
chr12_pat	7400000	7600000	0.0145941
chr12_pat	7600000	7800000	0.0110768
chr12_pat	7800000	8000000	0.0153934
chr12_pat	8000000	8200000	0.0172622
chr12_pat	8200000	8400000	0.016373
chr12_pat	8400000	8600000	0.0132127
chr12_pat	8600000	8800000	0.00917102
chr12_pat	8800000	9000000	0.0117918
chr12_pat	9000000	9200000	0.0115468
chr12_pat	9200000	9400000	0.0107818
chr12_pat	9400000	9600000	0.0114029
chr12_pat	9600000	9800000	0.0110188
chr12_pat	9800000	10000000	0.012329
chr12_pat	10000000	10200000	0.0089779
chr12_pat	10200000	10400000	0.0165787
chr12_pat	10400000	10600000	0.0157015
chr12_pat	10600000	10800000	0.0153777
chr12_pat	10800000	11000000	0.00990502
chr12_pat	11000000	11200000	0.0111886
chr12_pat	11200000	11400000	0.0159767
chr12_pat	11400000	11600000	0.0119055
chr12_pat	11600000	11800000	0.012188
chr12_pat	11800000	12000000	0.0119346
chr12_pat	12000000	12200000	0.00957946
chr12_pat	12200000	12400000	0.0135026
chr12_pat	12400000	12600000	0.0162355
chr12_pat	12600000	12800000	0.0155526
chr12_pat	12800000	13000000	0.0169176
chr12_pat	13000000	13200000	0.013311
chr12_pat	13200000	13400000	0.014247
chr12_pat	13400000	13600000	0.011726
chr12_pat	13600000	13800000	0.00995217
chr12_pat	13800000	14000000	0.0112346
chr12_pat	14000000	14200000	0.0136556
chr12_pat	14200000	14400000	0.0129605
chr12_pat	14400000	14600000	0.0142494
chr12_pat	14600000	14800000	0.0140591
chr12_pat	14800000	15000000	0.0104904
chr12_pat	15000000	15200000	0.0139309
chr12_pat	15200000	15400000	0.0197517
chr12_pat	15400000	15600000	0.0162602
chr12_pat	15600000	15800000	0.017532
chr12_pat	15800000	16000000	0.0155515
chr12_pat	16000000	16200000	0.0128276
chr12_pat	16200000	16400000	0.0175983
chr12_pat	16400000	16600000	0.011942
chr12_pat	16600000	16800000	0.0197915
chr12_pat	16800000	17000000	0.0170862
chr12_pat	17000000	17200000	0.0182608
chr12_pat	17200000	17400000	0.014567
chr12_pat	17400000	17600000	0.0190869
chr12_pat	17600000	17800000	0.0177591
chr12_pat	17800000	18000000	0.0156238
chr12_pat	18000000	18200000	0.0131017
chr12_pat	18200000	18400000	0.0137202
chr12_pat	18400000	18600000	0.0169507
chr12_pat	18600000	18800000	0.0115066
chr12_pat	18800000	19000000	0.013563
chr12_pat	19000000	19200000	0.0194784
chr12_pat	19200000	19400000	0.0176733
chr12_pat	19400000	19600000	0.0210878
chr12_pat	19600000	19800000	0.0197922
chr12_pat	19800000	20000000	
chr12_pat	20000000	20200000	
chr12_pat	20200000	20400000	
chr12_pat	20400000	20600000	
chr12_pat	20600000	20770244	
chr13_pat	0	200000	
chr13_pat	200000	400000	0.033547
chr13_pat	400000	600000	0.0263444
chr13_pat	600000	800000	0.0184068
chr13_pat	800000	1000000	0.0250041
chr13_pat	1000000	1200000	0.0273851
chr13_pat	1200000	1400000	0.0225498
chr13_pat	1400000	1600000	0.0183385
chr13_pat	1600000	1800000	0.013824
chr13_pat	1800000	2000000	0.0207125
chr13_pat	2000000	2200000	0.022242
chr13_pat	2200000	2400000	0.0168323
chr13_pat	2400000	2600000	0.017066
chr13_pat	2600000	2800000	0.0164914
chr13_pat	2800000	3000000	0.0176079
chr13_pat	3000000	3200000	0.0190459
chr13_pat	3200000	3400000	0.0190074
chr13_pat	3400000	3600000	
chr13_pat	3600000	3800000	
chr13_pat	3800000	4000000	
chr13_pat	4000000	4200000	
chr13_pat	4200000	4400000	
chr13_pat	4400000	4600000	
chr13_pat	4600000	4800000	
chr13_pat	4800000	5000000	0.0333628
chr13_pat	5000000	5200000	0.0185304
chr13_pat	5200000	5400000	0.0178351
chr13_pat	5400000	5600000	0.0195823
chr13_pat	5600000	5800000	0.0142785
chr13_pat	5800000	6000000	0.0122521
chr13_pat	6000000	6200000	0.0179351
chr13_pat	6200000	6400000	0.0191947
chr13_pat	6400000	6600000	0.0166121
chr13_pat	6600000	6800000	0.015834
chr13_pat	6800000	7000000	0.0233233
chr13_pat	7000000	7200000	0.022525
chr13_pat	7200000	7400000	0.0128424
chr13_pat	7400000	7600000	0.0150088
chr13_pat	7600000	7800000	0.0166481
chr13_pat	7800000	8000000	0.0193853
chr13_pat	8000000	8200000	0.0162071
chr13_pat	8200000	8400000	0.019492
chr13_pat	8400000	8600000	0.0148301
chr13_pat	8600000	8800000	0.0185661
chr13_pat	8800000	9000000	0.0128659
chr13_pat	9000000	9200000	0.0146065
chr13_pat	9200000	9400000	0.0163584
chr13_pat	9400000	9600000	0.0187699
chr13_pat	9600000	9800000	0.0167437
chr13_pat	9800000	10000000	0.0223273
chr13_pat	10000000	10200000	0.0208154
chr13_pat	10200000	10400000	0.0214506
chr13_pat	10400000	10600000	0.0231509
chr13_pat	10600000	10800000	0.0231651
chr13_pat	10800000	11000000	0.0167919
chr13_pat	11000000	11200000	0.0138994
chr13_pat	11200000	11400000	0.0156642
chr13_pat	11400000	11600000	0.0141746
chr13_pat	11600000	11800000	0.0136612
chr13_pat	11800000	12000000	0.0110041
chr13_pat	12000000	12200000	0.0143616
chr13_pat	12200000	12400000	0.0189702
chr13_pat	12400000	12600000	0.0148771
chr13_pat	12600000	12800000	0.0154287
chr13_pat	12800000	13000000	0.0158757
chr13_pat	13000000	13200000	0.0167749
chr13_pat	13200000	13400000	0.0169731
chr13_pat	13400000	13600000	0.0155176
chr13_pat	13600000	13800000	0.0132661
chr13_pat	13800000	14000000	0.013603
chr13_pat	14000000	14200000	0.0159724
chr13_pat	14200000	14400000	0.014567
chr13_pat	14400000	14600000	0.0127239
chr13_pat	14600000	14800000	0.0103434
chr13_pat	14800000	15000000	0.012936
chr13_pat	15000000	15200000	0.0145935
chr13_pat	15200000	15400000	0.0111388
chr13_pat	15400000	15600000	0.0101018
chr13_pat	15600000	15800000	0.0160974
chr13_pat	15800000	16000000	0.0135642
chr13_pat	16000000	16200000	0.017056
chr13_pat	16200000	16400000	0.0160215
chr13_pat	16400000	16600000	0.0197358
chr13_pat	16600000	16800000	0.0158323
chr13_pat	16800000	17000000	0.0296317
chr13_pat	17000000	17200000	0.00918889
chr13_pat	17200000	17400000	0.0170936
chr13_pat	17400000	17600000	0.0145098
chr13_pat	17600000	17800000	0.0317296
chr13_pat	17800000	18000000	0.0323393
chr13_pat	18000000	18200000	0.059823
chr13_pat	18200000	18400000	
chr13_pat	18400000	18600000	
chr13_pat	18600000	18800000	
chr13_pat	18800000	18838779	
chr14_pat	0	200000	
chr14_pat	200000	400000	0.0457846
chr14_pat	400000	600000	0.0206874
chr14_pat	600000	800000	0.0169398
chr14_pat	800000	1000000	0.0189419
chr14_pat	1000000	1200000	0.0165692
chr14_pat	1200000	1400000	0.0196207
chr14_pat	1400000	1600000	0.0174834
chr14_pat	1600000	1800000	0.021342
chr14_pat	1800000	2000000	0.0203266
chr14_pat	2000000	2200000	0.0241419
chr14_pat	2200000	2400000	0.0266404
chr14_pat	2400000	2600000	0.0260429
chr14_pat	2600000	2800000	0.0171872
chr14_pat	2800000	3000000	0.0153696
chr14_pat	3000000	3200000	
chr14_pat	3200000	3400000	0.0286737
chr14_pat	3400000	3600000	0.0198719
chr14_pat	3600000	3800000	0.0153787
chr14_pat	3800000	4000000	0.0248658
chr14_pat	4000000	4200000	0.0173686
chr14_pat	4200000	4400000	0.0180878
chr14_pat	4400000	4600000	0.0214141
chr14_pat	4600000	4800000	0.0182804
chr14_pat	4800000	5000000	0.0157284
chr14_pat	5000000	5200000	0.0153271
chr14_pat	5200000	5400000	0.0131208
chr14_pat	5400000	5600000	0.0141092
chr14_pat	5600000	5800000	0.0124261
chr14_pat	5800000	6000000	0.0147913
chr14_pat	6000000	6200000	0.0121686
chr14_pat	6200000	6400000	0.0143269
chr14_pat	6400000	6600000	0.0134046
chr14_pat	6600000	6800000	0.0131795
chr14_pat	6800000	7000000	0.0147533
chr14_pat	7000000	7200000	0.019109
chr14_pat	7200000	7400000	0.0169783
chr14_pat	7400000	7600000	0.0178604
chr14_pat	7600000	7800000	0.0199683
chr14_pat	7800000	8000000	0.0283862
chr14_pat	8000000	8200000	0.0230115
chr14_pat	8200000	8400000	0.0159097
chr14_pat	8400000	8600000	0.0140235
chr14_pat	8600000	8800000	0.00889324
chr14_pat	8800000	9000000	0.00951384
chr14_pat	9000000	9200000	0.0113482
chr14_pat	9200000	9400000	0.0145292
chr14_pat	9400000	9600000	0.0148495
chr14_pat	9600000	9800000	0.0102
chr14_pat	9800000	10000000	0.0108908
chr14_pat	10000000	10200000	0.0115153
chr14_pat	10200000	10400000	0.0115003
chr14_pat	10400000	10600000	0.0139304
chr14_pat	10600000	10800000	0.0131704
chr14_pat	10800000	11000000	0.0105686
chr14_pat	11000000	11200000	0.0100408
chr14_pat	11200000	11400000	0.0138758
chr14_pat	11400000	11600000	0.0148198
chr14_pat	11600000	11800000	0.0138812
chr14_pat	11800000	12000000	0.0148267
chr14_pat	12000000	12200000	0.0143532
chr14_pat	12200000	12400000	0.0147032
chr14_pat	12400000	12600000	0.0130739
chr14_pat	12600000	12800000	0.0144587
chr14_pat	12800000	13000000	0.0150637
chr14_pat	13000000	13200000	0.0163896
chr14_pat	13200000	13400000	0.0108295
chr14_pat	13400000	13600000	0.0104458
chr14_pat	13600000	13800000	0.00853352
chr14_pat	13800000	14000000	0.0107738
chr14_pat	14000000	14200000	0.0115377
chr14_pat	14200000	14400000	0.0108369
chr14_pat	14400000	14600000	0.0106911
chr14_pat	14600000	14800000	0.0104815
chr14_pat	14800000	15000000	0.0103488
chr14_pat	15000000	15200000	0.0105285
chr14_pat	15200000	15400000	0.0117177
chr14_pat	15400000	15600000	0.0304252
chr14_pat	15600000	15800000	
chr14_pat	15800000	16000000	0.0360328
chr14_pat	16000000	16200000	
chr14_pat	16200000	16369598	
chr15_pat	0	200000	
chr15_pat	200000	400000	0.0471001
chr15_pat	400000	600000	
chr15_pat	600000	800000	0.0266517
chr15_pat	800000	1000000	0.0164331
chr15_pat	1000000	1200000	0.0122814
chr15_pat	1200000	1400000	0.00920478
chr15_pat	1400000	1600000	0.00986287
chr15_pat	1600000	1800000	0.0105411
chr15_pat	1800000	2000000	0.0123716
chr15_pat	2000000	2200000	0.00983068
chr15_pat	2200000	2400000	0.011857
chr15_pat	2400000	2600000	0.0111875
chr15_pat	2600000	2800000	0.0127911
chr15_pat	2800000	3000000	0.0156055
chr15_pat	3000000	3200000	0.0093608
chr15_pat	3200000	3400000	0.0104867
chr15_pat	3400000	3600000	0.0108845
chr15_pat	3600000	3800000	0.0106142
chr15_pat	3800000	4000000	0.0129992
chr15_pat	4000000	4200000	0.00864256
chr15_pat	4200000	4400000	0.0126058
chr15_pat	4400000	4600000	0.0146483
chr15_pat	4600000	4800000	0.0181486
chr15_pat	4800000	5000000	0.0198809
chr15_pat	5000000	5200000	0.0134353
chr15_pat	5200000	5400000	0.0129734
chr15_pat	5400000	5600000	0.00960298
chr15_pat	5600000	5800000	0.013856
chr15_pat	5800000	6000000	0.0128605
chr15_pat	6000000	6200000	0.0103586
chr15_pat	6200000	6400000	0.00975607
chr15_pat	6400000	6600000	0.0156134
chr15_pat	6600000	6800000	0.0164934
chr15_pat	6800000	7000000	0.0107127
chr15_pat	7000000	7200000	0.0100459
chr15_pat	7200000	7400000	0.0159777
chr15_pat	7400000	7600000	0.0169404
chr15_pat	7600000	7800000	0.0168935
chr15_pat	7800000	8000000	0.0166305
chr15_pat	8000000	8200000	0.0153672
chr15_pat	8200000	8400000	0.0131853
chr15_pat	8400000	8600000	0.00971874
chr15_pat	8600000	8800000	0.0111936
chr15_pat	8800000	9000000	0.0160902
chr15_pat	9000000	9200000	0.0192162
chr15_pat	9200000	9400000	0.0124753
chr15_pat	9400000	9600000	0.0108526
chr15_pat	9600000	9800000	0.0120074
chr15_pat	9800000	10000000	0.010181
chr15_pat	10000000	10200000	0.0090622
chr15_pat	10200000	10400000	0.00914842
chr15_pat	10400000	10600000	0.0121199
chr15_pat	10600000	10800000	0.00864982
chr15_pat	10800000	11000000	0.0112888
chr15_pat	11000000	11200000	0.015319
chr15_pat	11200000	11400000	0.0129754
chr15_pat	11400000	11600000	0.0109106
chr15_pat	11600000	11800000	0.0091159
chr15_pat	11800000	12000000	0.0161722
chr15_pat	12000000	12200000	0.0165208
chr15_pat	12200000	12400000	0.0125207
chr15_pat	12400000	12600000	0.0130028
chr15_pat	12600000	12800000	0.014868
chr15_pat	12800000	13000000	0.0123238
chr15_pat	13000000	13200000	0.0144641
chr15_pat	13200000	13400000	0.0194294
chr15_pat	13400000	13600000	0.0170605
chr15_pat	13600000	13800000	
chr15_pat	13800000	13859831	
chr16_pat	0	200000	
chr16_pat	200000	400000	
chr16_pat	400000	600000	
chr16_pat	600000	800000	0.0243654
chr16_pat	800000	1000000	0.0627365
chr16_pat	1000000	1200000	0.0231909
chr16_pat	1200000	1400000	0.0115024
chr16_pat	1400000	1600000	0.0138474
chr16_pat	1600000	1800000	0.0124183
chr16_pat	1800000	2000000	0.013602
chr16_pat	2000000	2200000	0.0286782
chr16_pat	2200000	2400000	0.071904
chr16_pat	2400000	2600000	0.0600159
chr16_pat	2600000	2800000	0.0386652
chr16_pat	2800000	3000000	0.0340777
chr16_pat	3000000	3200000	0.0362918
chr16_pat	3200000	3400000	0.0314431
chr16_pat	3400000	3600000	0.0396054
chr16_pat	3600000	3800000	0.038774
chr16_pat	3800000	4000000	0.0423959
chr16_pat	4000000	4200000	0.0928131
chr16_pat	4200000	4400000	0.121756
chr16_pat	4400000	4600000	
chr16_pat	4600000	4800000	
chr16_pat	4800000	4801875	
chr17_pat	0	200000	
chr17_pat	200000	400000	
chr17_pat	400000	600000	
chr17_pat	600000	800000	
chr17_pat	800000	1000000	0.0273515
chr17_pat	1000000	1200000	0.013041
chr17_pat	1200000	1400000	0.0144334
chr17_pat	1400000	1600000	0.00965683
chr17_pat	1600000	1800000	0.00924776
chr17_pat	1800000	2000000	0.0130534
chr17_pat	2000000	2200000	0.0111123
chr17_pat	2200000	2400000	0.0142274
chr17_pat	2400000	2600000	0.0232665
chr17_pat	2600000	2800000	0.0127144
chr17_pat	2800000	3000000	0.0119828
chr17_pat	3000000	3200000	0.0144293
chr17_pat	3200000	3400000	0.0159392
chr17_pat	3400000	3600000	0.0182993
chr17_pat	3600000	3800000	0.0161679
chr17_pat	3800000	4000000	0.0161542
chr17_pat	4000000	4200000	0.0135239
chr17_pat	4200000	4400000	0.0143528
chr17_pat	4400000	4600000	0.0162824
chr17_pat	4600000	4800000	0.0167524
chr17_pat	4800000	5000000	0.0169455
chr17_pat	5000000	5200000	0.0123196
chr17_pat	5200000	5400000	0.015434
chr17_pat	5400000	5600000	0.0111968
chr17_pat	5600000	5800000	0.0117788
chr17_pat	5800000	6000000	0.00964902
chr17_pat	6000000	6200000	0.0106607
chr17_pat	6200000	6400000	0.0118926
chr17_pat	6400000	6600000	0.0129221
chr17_pat	6600000	6800000	0.0113336
chr17_pat	6800000	7000000	0.0102633
chr17_pat	7000000	7200000	0.0141198
chr17_pat	7200000	7400000	0.0152235
chr17_pat	7400000	7600000	0.0105764
chr17_pat	7600000	7800000	0.0103062
chr17_pat	7800000	8000000	0.0161131
chr17_pat	8000000	8200000	0.0115548
chr17_pat	8200000	8400000	0.013424
chr17_pat	8400000	8600000	0.0155762
chr17_pat	8600000	8800000	0.0137194
chr17_pat	8800000	9000000	0.0104667
chr17_pat	9000000	9200000	0.0127334
chr17_pat	9200000	9400000	0.012212
chr17_pat	9400000	9600000	0.0139675
chr17_pat	9600000	9800000	0.0150058
chr17_pat	9800000	10000000	0.0125822
chr17_pat	10000000	10200000	0.0167689
chr17_pat	10200000	10400000	0.0154306
chr17_pat	10400000	10600000	0.0138426
chr17_pat	10600000	10800000	0.0155575
chr17_pat	10800000	11000000	0.0206168
chr17_pat	11000000	11200000	0.0598039
chr17_pat	11200000	11400000	
chr17_pat	11400000	11415815	
chr18_pat	0	200000	
chr18_pat	200000	400000	
chr18_pat	400000	600000	
chr18_pat	600000	800000	0.0398437
chr18_pat	800000	1000000	0.0206556
chr18_pat	1000000	1200000	0.0158353
chr18_pat	1200000	1400000	0.0110933
chr18_pat	1400000	1600000	0.0141634
chr18_pat	1600000	1800000	0.0158939
chr18_pat	1800000	2000000	0.0197169
chr18_pat	2000000	2200000	0.0229642
chr18_pat	2200000	2400000	0.0164639
chr18_pat	2400000	2600000	0.0165729
chr18_pat	2600000	2800000	0.0124484
chr18_pat	2800000	3000000	0.0103265
chr18_pat	3000000	3200000	0.0152601
chr18_pat	3200000	3400000	0.0143177
chr18_pat	3400000	3600000	0.013288
chr18_pat	3600000	3800000	0.0124291
chr18_pat	3800000	4000000	0.0112982
chr18_pat	4000000	4200000	0.0123681
chr18_pat	4200000	4400000	0.0105665
chr18_pat	4400000	4600000	0.015071
chr18_pat	4600000	4800000	0.0145153
chr18_pat	4800000	5000000	0.0167803
chr18_pat	5000000	5200000	0.0129475
chr18_pat	5200000	5400000	0.0141454
chr18_pat	5400000	5600000	0.014841
chr18_pat	5600000	5800000	0.0157161
chr18_pat	5800000	6000000	0.0122837
chr18_pat	6000000	6200000	0.0154984
chr18_pat	6200000	6400000	0.0136067
chr18_pat	6400000	6600000	0.015832
chr18_pat	6600000	6800000	0.01386
chr18_pat	6800000	7000000	0.0101672
chr18_pat	7000000	7200000	0.0119101
chr18_pat	7200000	7400000	0.0122546
chr18_pat	7400000	7600000	0.0156584
chr18_pat	7600000	7800000	0.01055
chr18_pat	7800000	8000000	0.0119364
chr18_pat	8000000	8200000	0.0108258
chr18_pat	8200000	8400000	0.0128072
chr18_pat	8400000	8600000	0.0101722
chr18_pat	8600000	8800000	0.0144851
chr18_pat	8800000	9000000	0.0106019
chr18_pat	9000000	9200000	0.0133481
chr18_pat	9200000	9400000	0.0131676
chr18_pat	9400000	9600000	
chr18_pat	9600000	9800000	
chr18_pat	9800000	10000000	0.0187917
chr18_pat	10000000	10200000	0.0172905
chr18_pat	10200000	10400000	0.0161835
chr18_pat	10400000	10600000	0.0147116
chr18_pat	10600000	10800000	0.0200207
chr18_pat	10800000	11000000	0.0301568
chr18_pat	11000000	11200000	
chr18_pat	11200000	11267241	
chr19_pat	0	200000	
chr19_pat	200000	400000	
chr19_pat	400000	600000	
chr19_pat	600000	800000	
chr19_pat	800000	1000000	
chr19_pat	1000000	1200000	
chr19_pat	1200000	1400000	
chr19_pat	1400000	1600000	
chr19_pat	1600000	1800000	
chr19_pat	1800000	2000000	
chr19_pat	2000000	2200000	
chr19_pat	2200000	2400000	
chr19_pat	2400000	2600000	
chr19_pat	2600000	2800000	
chr19_pat	2800000	3000000	
chr19_pat	3000000	3200000	
chr19_pat	3200000	3400000	
chr19_pat	3400000	3600000	
chr19_pat	3600000	3800000	
chr19_pat	3800000	4000000	
chr19_pat	4000000	4200000	
chr19_pat	4200000	4400000	
chr19_pat	4400000	4600000	
chr19_pat	4600000	4800000	
chr19_pat	4800000	5000000	
chr19_pat	5000000	5200000	
chr19_pat	5200000	5400000	
chr19_pat	5400000	5600000	
chr19_pat	5600000	5800000	0.0120494
chr19_pat	5800000	6000000	0.0140295
chr19_pat	6000000	6200000	0.0112907
chr19_pat	6200000	6400000	0.0148759
chr19_pat	6400000	6600000	0.0180449
chr19_pat	6600000	6800000	0.017354
chr19_pat	6800000	7000000	0.0108594
chr19_pat	7000000	7200000	0.0140932
chr19_pat	7200000	7400000	0.0110196
chr19_pat	7400000	7600000	0.0125655
chr19_pat	7600000	7800000	0.0136519
chr19_pat	7800000	8000000	0.0115407
chr19_pat	8000000	8200000	0.0144967
chr19_pat	8200000	8400000	0.0184938
chr19_pat	8400000	8600000	0.0138276
chr19_pat	8600000	8800000	0.0159217
chr19_pat	8800000	9000000	0.0174808
chr19_pat	9000000	9200000	0.0167696
chr19_pat	9200000	9400000	0.016203
chr19_pat	9400000	9600000	0.0177668
chr19_pat	9600000	9800000	0.0180539
chr19_pat	9800000	10000000	0.0168724
chr19_pat	10000000	10200000	0.0143392
chr19_pat	10200000	10400000	0.0163897
chr19_pat	10400000	10600000	
chr19_pat	10600000	10800000	
chr19_pat	10800000	11000000	
chr19_pat	11000000	11183127	
chr20_pat	0	200000	
chr20_pat	200000	400000	
chr20_pat	400000	600000	
chr20_pat	600000	800000	
chr20_pat	800000	1000000	0.0210973
chr20_pat	1000000	1200000	0.0130114
chr20_pat	1200000	1400000	0.0170063
chr20_pat	1400000	1600000	0.0260476
chr20_pat	1600000	1800000	
chr20_pat	1800000	2000000	0.0582147
chr20_pat	2000000	2200000	0.00975452
chr20_pat	2200000	2400000	0.0119601
chr20_pat	2400000	2600000	0.0142526
chr20_pat	2600000	2800000	0.0160874
chr20_pat	2800000	3000000	0.0108675
chr20_pat	3000000	3200000	0.0118448
chr20_pat	3200000	3400000	0.0146019
chr20_pat	3400000	3600000	0.00939038
chr20_pat	3600000	3800000	0.0130789
chr20_pat	3800000	4000000	0.0139565
chr20_pat	4000000	4200000	0.0145352
chr20_pat	4200000	4400000	0.0168015
chr20_pat	4400000	4600000	0.0148116
chr20_pat	4600000	4800000	0.0115667
chr20_pat	4800000	5000000	0.0114044
chr20_pat	5000000	5200000	0.0151549
chr20_pat	5200000	5400000	0.0143418
chr20_pat	5400000	5600000	0.0153512
chr20_pat	5600000	5800000	0.0165145
chr20_pat	5800000	6000000	0.0114643
chr20_pat	6000000	6200000	0.0138776
chr20_pat	6200000	6400000	0.0116377
chr20_pat	6400000	6600000	0.012713
chr20_pat	6600000	6800000	0.0102894
chr20_pat	6800000	7000000	0.0155488
chr20_pat	7000000	7200000	0.0130876
chr20_pat	7200000	7400000	0.0130945
chr20_pat	7400000	7600000	
chr20_pat	7600000	7800000	
chr20_pat	7800000	8000000	0.0234
chr20_pat	8000000	8200000	0.0101761
chr20_pat	8200000	8400000	0.0124009
chr20_pat	8400000	8600000	0.01211
chr20_pat	8600000	8800000	0.0112
chr20_pat	8800000	9000000	0.0117707
chr20_pat	9000000	9200000	0.0170687
chr20_pat	9200000	9400000	0.012917
chr20_pat	9400000	9600000	0.0138358
chr20_pat	9600000	9800000	0.0146714
chr20_pat	9800000	10000000	0.0139088
chr20_pat	10000000	10200000	0.00963739
chr20_pat	10200000	10400000	0.0161067
chr20_pat	10400000	10600000	0.0115789
chr20_pat	10600000	10800000	0.0112785
chr20_pat	10800000	11000000	0.0132004
chr20_pat	11000000	11200000	0.0180587
chr20_pat	11200000	11400000	0.0160263
chr20_pat	11400000	11600000	0.0146785
chr20_pat	11600000	11800000	0.0135731
chr20_pat	11800000	12000000	0.010106
chr20_pat	12000000	12200000	0.01235
chr20_pat	12200000	12400000	0.0107921
chr20_pat	12400000	12600000	0.0152004
chr20_pat	12600000	12800000	0.0106106
chr20_pat	12800000	13000000	0.0147606
chr20_pat	13000000	13200000	0.00847992
chr20_pat	13200000	13400000	0.0116014
chr20_pat	13400000	13600000	0.0140519
chr20_pat	13600000	13800000	0.0172768
chr20_pat	13800000	14000000	0.0158239
chr20_pat	14000000	14200000	0.0160889
chr20_pat	14200000	14400000	0.0132617
chr20_pat	14400000	14600000	0.0108815
chr20_pat	14600000	14800000	0.013538
chr20_pat	14800000	15000000	0.0186599
chr20_pat	15000000	15200000	0.0409976
chr20_pat	15200000	15338504	
chr21_pat	0	200000	
chr21_pat	200000	400000	0.0177801
chr21_pat	400000	600000	0.0162429
chr21_pat	600000	800000	0.0161902
chr21_pat	800000	1000000	0.0118201
chr21_pat	1000000	1200000	0.0109618
chr21_pat	1200000	1400000	0.0176392
chr21_pat	1400000	1600000	0.0105495
chr21_pat	1600000	1800000	0.00959836
chr21_pat	1800000	2000000	0.00915293
chr21_pat	2000000	2200000	0.0113455
chr21_pat	2200000	2400000	0.0136799
chr21_pat	2400000	2600000	0.0113149
chr21_pat	2600000	2800000	0.0134568
chr21_pat	2800000	3000000	0.0143239
chr21_pat	3000000	3200000	0.01191
chr21_pat	3200000	3400000	0.013274
chr21_pat	3400000	3600000	0.0138727
chr21_pat	3600000	3800000	0.0133392
chr21_pat	3800000	4000000	0.0125065
chr21_pat	4000000	4200000	0.0133651
chr21_pat	4200000	4400000	0.0112192
chr21_pat	4400000	4600000	0.00898146
chr21_pat	4600000	4800000	0.00883388
chr21_pat	4800000	5000000	0.0369145
chr21_pat	5000000	5200000	0.0117155
chr21_pat	5200000	5400000	0.0112059
chr21_pat	5400000	5600000	0.0108013
chr21_pat	5600000	5800000	0.01003
chr21_pat	5800000	6000000	0.00755848
chr21_pat	6000000	6200000	0.0103394
chr21_pat	6200000	6400000	0.0135338
chr21_pat	6400000	6600000	0.0094967
chr21_pat	6600000	6800000	0.011894
chr21_pat	6800000	7000000	0.0121728
chr21_pat	7000000	7200000	0.0178867
chr21_pat	7200000	7400000	
chr21_pat	7400000	7600000	
chr21_pat	7600000	7800000	
chr21_pat	7800000	7956264	
chr22_pat	0	200000	
chr22_pat	200000	400000	
chr22_pat	400000	600000	0.0928498
chr22_pat	600000	800000	0.013853
chr22_pat	800000	1000000	0.0136205
chr22_pat	1000000	1200000	0.0208052
chr22_pat	1200000	1400000	0.0208886
chr22_pat	1400000	1600000	0.0119371
chr22_pat	1600000	1800000	0.0116135
chr22_pat	1800000	2000000	0.0267565
chr22_pat	2000000	2200000	0.0120849
chr22_pat	2200000	2400000	0.00961781
chr22_pat	2400000	2600000	0.00858074
chr22_pat	2600000	2800000	0.0109053
chr22_pat	2800000	3000000	0.0129885
chr22_pat	3000000	3200000	0.00987872
chr22_pat	3200000	3400000	
chr22_pat	3400000	3600000	
chr22_pat	3600000	3800000	
chr22_pat	3800000	4000000	
chr22_pat	4000000	4200000	
chr22_pat	4200000	4400000	0.0123513
chr22_pat	4400000	4600000	0.0121611
chr22_pat	4600000	4800000	0.0225627
chr22_pat	4800000	5000000	
chr22_pat	5000000	5200000	
chr22_pat	5200000	5320397	
chr23_pat	0	200000	
chr23_pat	200000	400000	
chr23_pat	400000	600000	0.0205261
chr23_pat	600000	800000	0.0127939
chr23_pat	800000	1000000	0.0165986
chr23_pat	1000000	1200000	0.0137904
chr23_pat	1200000	1400000	0.0395582
chr23_pat	1400000	1600000	0.0116883
chr23_pat	1600000	1800000	0.0138587
chr23_pat	1800000	2000000	0.0148817
chr23_pat	2000000	2200000	0.00973831
chr23_pat	2200000	2400000	0.0108108
chr23_pat	2400000	2600000	0.0106938
chr23_pat	2600000	2800000	0.0108559
chr23_pat	2800000	3000000	0.00990443
chr23_pat	3000000	3200000	0.0137372
chr23_pat	3200000	3400000	0.0113579
chr23_pat	3400000	3600000	0.0131029
chr23_pat	3600000	3800000	0.0124882
chr23_pat	3800000	4000000	0.0434577
chr23_pat	4000000	4200000	0.0142657
chr23_pat	4200000	4400000	0.0140905
chr23_pat	4400000	4600000	0.0124543
chr23_pat	4600000	4800000	0.013588
chr23_pat	4800000	5000000	0.017866
chr23_pat	5000000	5200000	0.0156902
chr23_pat	5200000	5400000	0.0160271
chr23_pat	5400000	5600000	0.0143425
chr23_pat	5600000	5800000	0.0105912
chr23_pat	5800000	6000000	0.0117113
chr23_pat	6000000	6200000	0.0192345
chr23_pat	6200000	6400000	0.0311732
chr23_pat	6400000	6600000	
chr23_pat	6600000	6800000	
chr23_pat	6800000	6983608	
chr24_pat	0	200000	
chr24_pat	200000	400000	
chr24_pat	400000	600000	
chr24_pat	600000	800000	0.0350669
chr24_pat	800000	1000000	0.0241636
chr24_pat	1000000	1200000	0.0130129
chr24_pat	1200000	1400000	0.0135231
chr24_pat	1400000	1600000	0.014752
chr24_pat	1600000	1800000	0.0161857
chr24_pat	1800000	2000000	0.0113375
chr24_pat	2000000	2200000	0.00983752
chr24_pat	2200000	2400000	0.0140024
chr24_pat	2400000	2600000	0.0121131
chr24_pat	2600000	2800000	0.0124769
chr24_pat	2800000	3000000	0.0155358
chr24_pat	3000000	3200000	0.0191493
chr24_pat	3200000	3400000	0.0181696
chr24_pat	3400000	3600000	0.0186015
chr24_pat	3600000	3800000	0.0121261
chr24_pat	3800000	4000000	0.0152086
chr24_pat	4000000	4200000	0.0132316
chr24_pat	4200000	4400000	0.0115563
chr24_pat	4400000	4600000	0.012794
chr24_pat	4600000	4800000	0.0143999
chr24_pat	4800000	5000000	0.0128706
chr24_pat	5000000	5200000	0.0138657
chr24_pat	5200000	5400000	0.0108593
chr24_pat	5400000	5600000	0.0137285
chr24_pat	5600000	5800000	0.0140384
chr24_pat	5800000	6000000	0.0125303
chr24_pat	6000000	6200000	0.010725
chr24_pat	6200000	6400000	0.0140466
chr24_pat	6400000	6600000	0.0172198
chr24_pat	6600000	6800000	0.0171684
chr24_pat	6800000	7000000	0.0133873
chr24_pat	7000000	7200000	0.0227348
chr24_pat	7200000	7400000	0.0204702
chr24_pat	7400000	7600000	
chr24_pat	7600000	7800000	
chr24_pat	7800000	7804404	
chr25_pat	0	200000	
chr25_pat	200000	400000	
chr25_pat	400000	600000	0.14841
chr25_pat	600000	800000	0.0417565
chr25_pat	800000	1000000	0.0377832
chr25_pat	1000000	1200000	0.0724493
chr25_pat	1200000	1400000	0.0531189
chr25_pat	1400000	1600000	0.0599573
chr25_pat	1600000	1800000	0.0581617
chr25_pat	1800000	2000000	0.0703822
chr25_pat	2000000	2200000	0.0582845
chr25_pat	2200000	2400000	0.0819828
chr25_pat	2400000	2600000	0.0600763
chr25_pat	2600000	2800000	0.0404469
chr25_pat	2800000	3000000	0.072923
chr25_pat	3000000	3200000	0.052175
chr25_pat	3200000	3400000	0.0874211
chr25_pat	3400000	3600000	0.0760835
chr25_pat	3600000	3800000	0.0173864
chr25_pat	3800000	4000000	0.0105528
chr25_pat	4000000	4200000	0.0118493
chr25_pat	4200000	4400000	0.0199155
chr25_pat	4400000	4600000	0.0153153
chr25_pat	4600000	4800000	
chr25_pat	4800000	5000000	0.00940324
chr25_pat	5000000	5200000	0.0140197
chr25_pat	5200000	5400000	0.0118871
chr25_pat	5400000	5600000	0.0114217
chr25_pat	5600000	5800000	0.00988091
chr25_pat	5800000	6000000	0.00986022
chr25_pat	6000000	6200000	0.0339696
chr25_pat	6200000	6400000	0.00924742
chr25_pat	6400000	6600000	0.0161877
chr25_pat	6600000	6800000	
chr25_pat	6800000	6891618	
chr26_pat	0	200000	
chr26_pat	200000	400000	
chr26_pat	400000	600000	
chr26_pat	600000	800000	0.030547
chr26_pat	800000	1000000	0.0122251
chr26_pat	1000000	1200000	0.012119
chr26_pat	1200000	1400000	0.00944144
chr26_pat	1400000	1600000	0.013628
chr26_pat	1600000	1800000	0.0120085
chr26_pat	1800000	2000000	0.00988207
chr26_pat	2000000	2200000	0.0148153
chr26_pat	2200000	2400000	0.0152652
chr26_pat	2400000	2600000	0.0109775
chr26_pat	2600000	2800000	0.0109538
chr26_pat	2800000	3000000	0.0112766
chr26_pat	3000000	3200000	0.0142274
chr26_pat	3200000	3400000	0.0122598
chr26_pat	3400000	3600000	0.010924
chr26_pat	3600000	3800000	0.0174628
chr26_pat	3800000	4000000	0.00932452
chr26_pat	4000000	4200000	0.00972531
chr26_pat	4200000	4400000	0.0088762
chr26_pat	4400000	4600000	0.0102119
chr26_pat	4600000	4800000	0.00896581
chr26_pat	4800000	5000000	0.0151605
chr26_pat	5000000	5200000	0.0197597
chr26_pat	5200000	5400000	0.0112143
chr26_pat	5400000	5600000	0.0127065
chr26_pat	5600000	5800000	0.0121332
chr26_pat	5800000	6000000	0.0120645
chr26_pat	6000000	6200000	0.0185462
chr26_pat	6200000	6400000	0.0236472
chr26_pat	6400000	6600000	
chr26_pat	6600000	6800000	
chr26_pat	6800000	7000000	
chr26_pat	7000000	7010313	
chr27_pat	0	200000	
chr27_pat	200000	400000	
chr27_pat	400000	600000	0.0133852
chr27_pat	600000	800000	0.014933
chr27_pat	800000	1000000	0.0179647
chr27_pat	1000000	1200000	0.0146956
chr27_pat	1200000	1400000	0.0233275
chr27_pat	1400000	1600000	0.022037
chr27_pat	1600000	1800000	0.014117
chr27_pat	1800000	2000000	0.0114274
chr27_pat	2000000	2200000	0.0111695
chr27_pat	2200000	2400000	0.0116626
chr27_pat	2400000	2600000	0.00982869
chr27_pat	2600000	2800000	0.0126315
chr27_pat	2800000	3000000	0.0143715
chr27_pat	3000000	3200000	0.0135195
chr27_pat	3200000	3400000	0.0117425
chr27_pat	3400000	3600000	0.0119213
chr27_pat	3600000	3800000	0.0102442
chr27_pat	3800000	4000000	0.0134748
chr27_pat	4000000	4200000	0.0110433
chr27_pat	4200000	4400000	0.0107391
chr27_pat	4400000	4600000	0.00884561
chr27_pat	4600000	4800000	0.0135011
chr27_pat	4800000	5000000	0.00903335
chr27_pat	5000000	5200000	0.0150842
chr27_pat	5200000	5400000	0.0190941
chr27_pat	5400000	5600000	0.0558719
chr27_pat	5600000	5800000	
chr27_pat	5800000	5914140	
chr28_pat	0	200000	
chr28_pat	200000	400000	0.0197849
chr28_pat	400000	600000	0.0103898
chr28_pat	600000	800000	0.0135285
chr28_pat	800000	1000000	0.0128413
chr28_pat	1000000	1200000	0.0111792
chr28_pat	1200000	1400000	0.0100993
chr28_pat	1400000	1600000	0.0111856
chr28_pat	1600000	1800000	
chr28_pat	1800000	2000000	0.0113581
chr28_pat	2000000	2200000	0.0167209
chr28_pat	2200000	2400000	0.0161982
chr28_pat	2400000	2600000	0.0102832
chr28_pat	2600000	2800000	0.0117265
chr28_pat	2800000	3000000	0.0124651
chr28_pat	3000000	3200000	0.0117011
chr28_pat	3200000	3400000	0.0117371
chr28_pat	3400000	3600000	0.0113482
chr28_pat	3600000	3800000	0.0141333
chr28_pat	3800000	4000000	
chr28_pat	4000000	4200000	
chr28_pat	4200000	4400000	0.0107119
chr28_pat	4400000	4600000	0.0147389
chr28_pat	4600000	4800000	0.0127869
chr28_pat	4800000	5000000	0.0116445
chr28_pat	5000000	5200000	0.0118014
chr28_pat	5200000	5400000	0.010884
chr28_pat	5400000	5600000	0.0145201
chr28_pat	5600000	5800000	0.0177609
chr28_pat	5800000	6000000	
chr28_pat	6000000	6200000	
chr28_pat	6200000	6369381	
chr29_pat	0	200000	
chr29_pat	200000	400000	
chr29_pat	400000	600000	0.0703509
chr29_pat	600000	800000	0.0732808
chr29_pat	800000	1000000	0.0407261
chr29_pat	1000000	1200000	0.0437226
chr29_pat	1200000	1400000	0.0526941
chr29_pat	1400000	1600000	0.0634438
chr29_pat	1600000	1800000	0.0654715
chr29_pat	1800000	2000000	0.0626348
chr29_pat	2000000	2200000	0.0568624
chr29_pat	2200000	2400000	0.0875715
chr29_pat	2400000	2600000	0.0458961
chr29_pat	2600000	2800000	0.0441147
chr29_pat	2800000	3000000	0.0541559
chr29_pat	3000000	3200000	0.0141365
chr29_pat	3200000	3400000	0.0153406
chr29_pat	3400000	3600000	0.0113669
chr29_pat	3600000	3800000	0.0185625
chr29_pat	3800000	4000000	0.0144212
chr29_pat	4000000	4200000	0.0149829
chr29_pat	4200000	4400000	0.0165736
chr29_pat	4400000	4600000	0.0121049
chr29_pat	4600000	4800000	0.00969832
chr29_pat	4800000	5000000	0.0126873
chr29_pat	5000000	5200000	0.0208482
chr29_pat	5200000	5400000	0.047171
chr29_pat	5400000	5600000	0.0156773
chr29_pat	5600000	5800000	0.0150704
chr29_pat	5800000	6000000	0.147847
chr29_pat	6000000	6145158	
chr30_pat	0	200000	0.0274115
chr30_pat	200000	400000	0.0102603
chr30_pat	400000	600000	0.0138168
chr30_pat	600000	800000	0.0149891
chr30_pat	800000	1000000	0.01333
chr30_pat	1000000	1200000	
chr30_pat	1200000	1400000	0.0317406
chr30_pat	1400000	1600000	0.012368
chr30_pat	1600000	1800000	0.0168987
chr30_pat	1800000	2000000	0.0136812
chr30_pat	2000000	2200000	0.0139467
chr30_pat	2200000	2400000	0.0351506
chr30_pat	2400000	2600000	0.0475351
chr30_pat	2600000	2800000	0.0366821
chr30_pat	2800000	3000000	0.0303114
chr30_pat	3000000	3200000	0.0250132
chr30_pat	3200000	3400000	0.027141
chr30_pat	3400000	3600000	0.0345261
chr30_pat	3600000	3800000	0.0330988
chr30_pat	3800000	4000000	0.0306081
chr30_pat	4000000	4200000	0.0307381
chr30_pat	4200000	4400000	0.0277241
chr30_pat	4400000	4600000	0.0284785
chr30_pat	4600000	4800000	0.0307434
chr30_pat	4800000	5000000	0.0308428
chr30_pat	5000000	5200000	0.0521928
chr30_pat	5200000	5400000	0.0330067
chr30_pat	5400000	5600000	0.0250401
chr30_pat	5600000	5800000	0.027572
chr30_pat	5800000	6000000	0.0403647
chr30_pat	6000000	6200000	0.0290428
chr30_pat	6200000	6400000	0.0321087
chr30_pat	6400000	6600000	0.0260416
chr30_pat	6600000	6800000	0.0298781
chr30_pat	6800000	7000000	0.0282109
chr30_pat	7000000	7200000	0.036036
chr30_pat	7200000	7400000	0.0239286
chr30_pat	7400000	7600000	0.0283214
chr30_pat	7600000	7800000	0.0310841
chr30_pat	7800000	8000000	0.0295013
chr30_pat	8000000	8200000	0.02471
chr30_pat	8200000	8400000	0.0232021
chr30_pat	8400000	8600000	0.0245863
chr30_pat	8600000	8800000	0.0263341
chr30_pat	8800000	9000000	0.0245797
chr30_pat	9000000	9200000	0.0740562
chr30_pat	9200000	9400000	
chr30_pat	9400000	9417815	
chr31_pat	0	200000	0.0885543
chr31_pat	200000	400000	0.0133066
chr31_pat	400000	600000	0.0147047
chr31_pat	600000	800000	0.016534
chr31_pat	800000	1000000	0.0196038
chr31_pat	1000000	1200000	0.0174409
chr31_pat	1200000	1400000	0.0199542
chr31_pat	1400000	1600000	0.0169557
chr31_pat	1600000	1800000	0.0186941
chr31_pat	1800000	2000000	0.0140097
chr31_pat	2000000	2200000	0.0150639
chr31_pat	2200000	2400000	0.0115255
chr31_pat	2400000	2600000	0.0287997
chr31_pat	2600000	2800000	0.0425037
chr31_pat	2800000	3000000	0.06054
chr31_pat	3000000	3200000	0.0361287
chr31_pat	3200000	3400000	0.0384771
chr31_pat	3400000	3600000	0.0342379
chr31_pat	3600000	3800000	0.0290517
chr31_pat	3800000	4000000	0.0219379
chr31_pat	4000000	4200000	0.0373079
chr31_pat	4200000	4400000	0.0546703
chr31_pat	4400000	4600000	0.0620186
chr31_pat	4600000	4800000	0.0982417
chr31_pat	4800000	5000000	
chr31_pat	5000000	5200000	
chr31_pat	5200000	5343098	
chr32_pat	0	200000	
chr32_pat	200000	400000	0.131081
chr32_pat	400000	600000	0.0145274
chr32_pat	600000	800000	0.0167604
chr32_pat	800000	1000000	0.0147124
chr32_pat	1000000	1200000	0.012859
chr32_pat	1200000	1400000	0.0175702
chr32_pat	1400000	1600000	0.0134302
chr32_pat	1600000	1800000	0.0180492
chr32_pat	1800000	2000000	0.0165404
chr32_pat	2000000	2200000	0.0429206
chr32_pat	2200000	2400000	
chr32_pat	2400000	2600000	
chr32_pat	2600000	2800000	
chr32_pat	2800000	3000000	
chr32_pat	3000000	3200000	
chr32_pat	3200000	3400000	0.13248
chr32_pat	3400000	3600000	0.03969
chr32_pat	3600000	3800000	0.0532491
chr32_pat	3800000	4000000	0.0382668
chr32_pat	4000000	4200000	0.0516303
chr32_pat	4200000	4400000	0.0350277
chr32_pat	4400000	4600000	0.0509779
chr32_pat	4600000	4800000	0.0303272
chr32_pat	4800000	5000000	0.0455895
chr32_pat	5000000	5200000	0.114572
chr32_pat	5200000	5400000	
chr32_pat	5400000	5573168	
chr33_pat	0	200000	
chr33_pat	200000	400000	
chr33_pat	400000	600000	
chr33_pat	600000	800000	0.0164456
chr33_pat	800000	1000000	0.0167576
chr33_pat	1000000	1200000	0.020503
chr33_pat	1200000	1400000	0.014916
chr33_pat	1400000	1600000	0.0223255
chr33_pat	1600000	1800000	0.0203343
chr33_pat	1800000	2000000	0.0122313
chr33_pat	2000000	2200000	0.0480601
chr33_pat	2200000	2400000	0.0509207
chr33_pat	2400000	2600000	0.0465366
chr33_pat	2600000	2800000	0.0488198
chr33_pat	2800000	3000000	0.0481745
chr33_pat	3000000	3200000	0.0325465
chr33_pat	3200000	3400000	0.0363872
chr33_pat	3400000	3600000	0.0300303
chr33_pat	3600000	3800000	0.044853
chr33_pat	3800000	4000000	0.0910176
chr33_pat	4000000	4200000	0.0665269
chr33_pat	4200000	4400000	0.206821
chr33_pat	4400000	4600000	
chr33_pat	4600000	4788276	
chr34_pat	0	200000	
chr34_pat	200000	400000	0.102848
chr34_pat	400000	600000	0.037704
chr34_pat	600000	800000	0.0454009
chr34_pat	800000	1000000	0.0442596
chr34_pat	1000000	1200000	0.0385459
chr34_pat	1200000	1400000	0.0371694
chr34_pat	1400000	1600000	0.0632453
chr34_pat	1600000	1800000	0.082347
chr34_pat	1800000	2000000	0.0321642
chr34_pat	2000000	2200000	0.0416796
chr34_pat	2200000	2400000	0.035964
chr34_pat	2400000	2600000	0.0586092
chr34_pat	2600000	2800000	0.0346869
chr34_pat	2800000	3000000	0.0312068
chr34_pat	3000000	3200000	0.0646147
chr34_pat	3200000	3400000	0.025853
chr34_pat	3400000	3600000	0.0170615
chr34_pat	3600000	3800000	0.0205327
chr34_pat	3800000	4000000	0.0134952
chr34_pat	4000000	4200000	0.0113699
chr34_pat	4200000	4400000	0.015512
chr34_pat	4400000	4600000	0.0139778
chr34_pat	4600000	4800000	0.0085027
chr34_pat	4800000	5000000	0.0291829
chr34_pat	5000000	5200000	
chr34_pat	5200000	5400000	
chr34_pat	5400000	5600000	
chr34_pat	5600000	5771162	
chr35_pat	0	200000	0.221873
chr35_pat	200000	400000	0.353832
chr35_pat	400000	600000	0.888825
chr35_pat	600000	800000	0.375917
chr35_pat	800000	1000000	0.0176627
chr35_pat	1000000	1200000	0.015117
chr35_pat	1200000	1400000	0.0150905
chr35_pat	1400000	1600000	0.017004
chr35_pat	1600000	1800000	0.0132658
chr35_pat	1800000	2000000	0.0319624
chr35_pat	2000000	2200000	
chr35_pat	2200000	2400000	
chr35_pat	2400000	2600000	
chr35_pat	2600000	2800000	
chr35_pat	2800000	3000000	
chr35_pat	3000000	3200000	
chr35_pat	3200000	3400000	
chr35_pat	3400000	3600000	
chr35_pat	3600000	3800000	
chr35_pat	3800000	4000000	
chr35_pat	4000000	4200000	
chr35_pat	4200000	4400000	
chr35_pat	4400000	4600000	
chr35_pat	4600000	4800000	
chr35_pat	4800000	4908640	
chr36_pat	0	200000	0.0141265
chr36_pat	200000	400000	0.0164624
chr36_pat	400000	600000	0.0150112
chr36_pat	600000	800000	0.0196395
chr36_pat	800000	1000000	0.0131053
chr36_pat	1000000	1200000	0.0178879
chr36_pat	1200000	1400000	0.0240455
chr36_pat	1400000	1600000	0.0232221
chr36_pat	1600000	1800000	0.0227038
chr36_pat	1800000	2000000	0.0246898
chr36_pat	2000000	2200000	0.0226604
chr36_pat	2200000	2400000	0.0214699
chr36_pat	2400000	2600000	0.0258716
chr36_pat	2600000	2800000	0.0214657
chr36_pat	2800000	3000000	0.0227651
chr36_pat	3000000	3200000	0.0259046
chr36_pat	3200000	3400000	0.0215262
chr36_pat	3400000	3600000	0.0238626
chr36_pat	3600000	3800000	0.0233002
chr36_pat	3800000	4000000	0.0242445
chr36_pat	4000000	4200000	0.0308368
chr36_pat	4200000	4400000	0.0275143
chr36_pat	4400000	4600000	0.0647473
chr36_pat	4600000	4800000	
chr36_pat	4800000	5000000	
chr36_pat	5000000	5017237	
chr37_pat	0	200000	0.0149537
chr37_pat	200000	400000	0.0159165
chr37_pat	400000	600000	0.0163412
chr37_pat	600000	800000	0.0150569
chr37_pat	800000	1000000	0.0161461
chr37_pat	1000000	1200000	0.0493873
chr37_pat	1200000	1400000	0.0183671
chr37_pat	1400000	1600000	0.019729
chr37_pat	1600000	1800000	0.0125064
chr37_pat	1800000	2000000	0.0148126
chr37_pat	2000000	2200000	0.03392
chr37_pat	2200000	2400000	0.0363673
chr37_pat	2400000	2600000	0.0519084
chr37_pat	2600000	2800000	0.0338322
chr37_pat	2800000	3000000	0.0348293
chr37_pat	3000000	3200000	0.0402468
chr37_pat	3200000	3400000	0.0337063
chr37_pat	3400000	3600000	0.0329613
chr37_pat	3600000	3800000	0.0598538
chr37_pat	3800000	4000000	0.0932129
chr37_pat	4000000	4200000	
chr37_pat	4200000	4400000	0.0981184
chr37_pat	4400000	4600000	0.0419843
chr37_pat	4600000	4800000	0.0259724
chr37_pat	4800000	5000000	0.032229
chr37_pat	5000000	5200000	0.0341843
chr37_pat	5200000	5400000	0.0747818
chr37_pat	5400000	5600000	
chr37_pat	5600000	5800000	
chr37_pat	5800000	5977964	
chr1_mat	0	200000	
chr1_mat	200000	400000	
chr1_mat	400000	600000	
chr1_mat	600000	800000	
chr1_mat	800000	1000000	
chr1_mat	1000000	1200000	0.00960622
chr1_mat	1200000	1400000	0.0141161
chr1_mat	1400000	1600000	0.0145268
chr1_mat	1600000	1800000	
chr1_mat	1800000	2000000	
chr1_mat	2000000	2200000	
chr1_mat	2200000	2400000	
chr1_mat	2400000	2600000	0.0133263
chr1_mat	2600000	2800000	0.0121072
chr1_mat	2800000	3000000	0.0098633
chr1_mat	3000000	3200000	0.0103299
chr1_mat	3200000	3400000	0.0110607
chr1_mat	3400000	3600000	0.0117441
chr1_mat	3600000	3800000	0.01236
chr1_mat	3800000	4000000	0.0129411
chr1_mat	4000000	4200000	0.0108753
chr1_mat	4200000	4400000	0.00909143
chr1_mat	4400000	4600000	0.00934266
chr1_mat	4600000	4800000	0.0109977
chr1_mat	4800000	5000000	0.00992936
chr1_mat	5000000	5200000	0.00967618
chr1_mat	5200000	5400000	0.010563
chr1_mat	5400000	5600000	0.00921042
chr1_mat	5600000	5800000	0.0106071
chr1_mat	5800000	6000000	0.0107915
chr1_mat	6000000	6200000	0.0111258
chr1_mat	6200000	6400000	0.0107552
chr1_mat	6400000	6600000	0.0104172
chr1_mat	6600000	6800000	0.0110348
chr1_mat	6800000	7000000	0.0110918
chr1_mat	7000000	7200000	0.0106936
chr1_mat	7200000	7400000	0.0103667
chr1_mat	7400000	7600000	0.010315
chr1_mat	7600000	7800000	0.0106426
chr1_mat	7800000	8000000	0.0122581
chr1_mat	8000000	8200000	0.0125713
chr1_mat	8200000	8400000	0.0119187
chr1_mat	8400000	8600000	0.0109838
chr1_mat	8600000	8800000	0.0131904
chr1_mat	8800000	9000000	0.0127449
chr1_mat	9000000	9200000	0.0105154
chr1_mat	9200000	9400000	0.0118532
chr1_mat	9400000	9600000	0.0115539
chr1_mat	9600000	9800000	0.0113854
chr1_mat	9800000	10000000	0.0106594
chr1_mat	10000000	10200000	0.0134317
chr1_mat	10200000	10400000	0.0122434
chr1_mat	10400000	10600000	0.012975
chr1_mat	10600000	10800000	0.0120645
chr1_mat	10800000	11000000	0.0116461
chr1_mat	11000000	11200000	0.0113284
chr1_mat	11200000	11400000	0.0115737
chr1_mat	11400000	11600000	0.0108024
chr1_mat	11600000	11800000	0.0119568
chr1_mat	11800000	12000000	0.0123992
chr1_mat	12000000	12200000	0.0122894
chr1_mat	12200000	12400000	0.011871
chr1_mat	12400000	12600000	0.0128304
chr1_mat	12600000	12800000	0.0126405
chr1_mat	12800000	13000000	0.0119213
chr1_mat	13000000	13200000	0.0127324
chr1_mat	13200000	13400000	0.0130256
chr1_mat	13400000	13600000	0.0141743
chr1_mat	13600000	13800000	0.0134446
chr1_mat	13800000	14000000	0.0121835
chr1_mat	14000000	14200000	0.0118962
chr1_mat	14200000	14400000	0.0143102
chr1_mat	14400000	14600000	0.0169414
chr1_mat	14600000	14800000	0.0160801
chr1_mat	14800000	15000000	0.0121043
chr1_mat	15000000	15200000	0.0105016
chr1_mat	15200000	15400000	0.00939865
chr1_mat	15400000	15600000	0.0130557
chr1_mat	15600000	15800000	0.0128705
chr1_mat	15800000	16000000	0.0132103
chr1_mat	16000000	16200000	0.0131958
chr1_mat	16200000	16400000	0.0134399
chr1_mat	16400000	16600000	0.0110665
chr1_mat	16600000	16800000	0.0135496
chr1_mat	16800000	17000000	0.0140917
chr1_mat	17000000	17200000	0.0150578
chr1_mat	17200000	17400000	0.0101239
chr1_mat	17400000	17600000	0.0142683
chr1_mat	17600000	17800000	0.0147127
chr1_mat	17800000	18000000	0.0155389
chr1_mat	18000000	18200000	0.0109001
chr1_mat	18200000	18400000	0.01164
chr1_mat	18400000	18600000	0.0103709
chr1_mat	18600000	18800000	0.0141317
chr1_mat	18800000	19000000	0.0185935
chr1_mat	19000000	19200000	0.019912
chr1_mat	19200000	19400000	
chr1_mat	19400000	19600000	
chr1_mat	19600000	19800000	
chr1_mat	19800000	20000000	
chr1_mat	20000000	20200000	
chr1_mat	20200000	20400000	
chr1_mat	20400000	20600000	
chr1_mat	20600000	20800000	
chr1_mat	20800000	21000000	
chr1_mat	21000000	21200000	
chr1_mat	21200000	21400000	
chr1_mat	21400000	21600000	
chr1_mat	21600000	21800000	
chr1_mat	21800000	22000000	0.0244243
chr1_mat	22000000	22200000	0.0224392
chr1_mat	22200000	22400000	0.0165515
chr1_mat	22400000	22600000	0.0271707
chr1_mat	22600000	22800000	0.0217038
chr1_mat	22800000	23000000	0.0162818
chr1_mat	23000000	23200000	0.0198642
chr1_mat	23200000	23400000	0.0231263
chr1_mat	23400000	23600000	0.0239757
chr1_mat	23600000	23800000	0.021183
chr1_mat	23800000	24000000	0.0205054
chr1_mat	24000000	24200000	0.0211273
chr1_mat	24200000	24400000	0.0194717
chr1_mat	24400000	24600000	0.0196602
chr1_mat	24600000	24800000	0.017784
chr1_mat	24800000	25000000	0.0127644
chr1_mat	25000000	25200000	0.0153153
chr1_mat	25200000	25400000	0.0148461
chr1_mat	25400000	25600000	0.011931
chr1_mat	25600000	25800000	0.0147829
chr1_mat	25800000	26000000	0.0148437
chr1_mat	26000000	26200000	0.014203
chr1_mat	26200000	26400000	0.0117422
chr1_mat	26400000	26600000	
chr1_mat	26600000	26800000	
chr1_mat	26800000	27000000	0.0232287
chr1_mat	27000000	27200000	0.0217879
chr1_mat	27200000	27400000	0.0198751
chr1_mat	27400000	27600000	0.015087
chr1_mat	27600000	27800000	0.0137767
chr1_mat	27800000	28000000	0.0122864
chr1_mat	28000000	28200000	0.0113758
chr1_mat	28200000	28400000	0.011687
chr1_mat	28400000	28600000	0.0149746
chr1_mat	28600000	28800000	0.0138873
chr1_mat	28800000	29000000	0.0170839
chr1_mat	29000000	29200000	0.0177564
chr1_mat	29200000	29400000	0.0141475
chr1_mat	29400000	29600000	0.0134288
chr1_mat	29600000	29800000	0.0111051
chr1_mat	29800000	30000000	0.0162136
chr1_mat	30000000	30200000	0.0149709
chr1_mat	30200000	30400000	0.0150356
chr1_mat	30400000	30600000	0.0171537
chr1_mat	30600000	30800000	0.0125895
chr1_mat	30800000	31000000	0.0120666
chr1_mat	31000000	31200000	0.0119426
chr1_mat	31200000	31400000	0.0168428
chr1_mat	31400000	31600000	0.0242037
chr1_mat	31600000	31800000	0.0255482
chr1_mat	31800000	32000000	0.0255309
chr1_mat	32000000	32200000	0.023777
chr1_mat	32200000	32400000	0.0196624
chr1_mat	32400000	32600000	0.0182336
chr1_mat	32600000	32800000	0.0216848
chr1_mat	32800000	33000000	0.0193549
chr1_mat	33000000	33200000	0.0184256
chr1_mat	33200000	33400000	0.0187189
chr1_mat	33400000	33600000	0.017918
chr1_mat	33600000	33800000	0.034429
chr1_mat	33800000	34000000	0.0200782
chr1_mat	34000000	34200000	0.0171878
chr1_mat	34200000	34400000	0.0178776
chr1_mat	34400000	34600000	0.0222432
chr1_mat	34600000	34800000	0.0118294
chr1_mat	34800000	35000000	0.0154307
chr1_mat	35000000	35200000	0.0183216
chr1_mat	35200000	35400000	0.023284
chr1_mat	35400000	35600000	
chr1_mat	35600000	35800000	0.0182934
chr1_mat	35800000	36000000	0.0208869
chr1_mat	36000000	36200000	0.0145694
chr1_mat	36200000	36400000	0.0175669
chr1_mat	36400000	36600000	0.0170132
chr1_mat	36600000	36800000	0.0190155
chr1_mat	36800000	37000000	0.0204683
chr1_mat	37000000	37200000	0.0206469
chr1_mat	37200000	37400000	0.0257358
chr1_mat	37400000	37600000	0.020084
chr1_mat	37600000	37800000	0.0119502
chr1_mat	37800000	38000000	0.0139055
chr1_mat	38000000	38200000	0.0172471
chr1_mat	38200000	38400000	0.0144499
chr1_mat	38400000	38600000	0.0189596
chr1_mat	38600000	38800000	0.0179408
chr1_mat	38800000	39000000	0.0192816
chr1_mat	39000000	39200000	0.0201085
chr1_mat	39200000	39400000	0.0214885
chr1_mat	39400000	39600000	0.0233235
chr1_mat	39600000	39800000	0.0183435
chr1_mat	39800000	40000000	0.0167771
chr1_mat	40000000	40200000	0.0180771
chr1_mat	40200000	40400000	0.0189573
chr1_mat	40400000	40600000	0.0250561
chr1_mat	40600000	40800000	0.0206924
chr1_mat	40800000	41000000	0.0159726
chr1_mat	41000000	41200000	0.0130169
chr1_mat	41200000	41400000	0.0188054
chr1_mat	41400000	41600000	0.0197875
chr1_mat	41600000	41800000	0.0174039
chr1_mat	41800000	42000000	0.0228368
chr1_mat	42000000	42200000	0.0252102
chr1_mat	42200000	42400000	0.0181677
chr1_mat	42400000	42600000	0.0249761
chr1_mat	42600000	42800000	0.0135605
chr1_mat	42800000	43000000	0.0185607
chr1_mat	43000000	43200000	0.0215509
chr1_mat	43200000	43400000	0.0197757
chr1_mat	43400000	43600000	0.0200301
chr1_mat	43600000	43800000	0.0180303
chr1_mat	43800000	44000000	0.0188978
chr1_mat	44000000	44200000	0.0190415
chr1_mat	44200000	44400000	0.0368283
chr1_mat	44400000	44600000	0.0267129
chr1_mat	44600000	44800000	0.0179122
chr1_mat	44800000	45000000	0.0171437
chr1_mat	45000000	45200000	0.0219833
chr1_mat	45200000	45400000	0.0160329
chr1_mat	45400000	45600000	0.0206106
chr1_mat	45600000	45800000	0.0243662
chr1_mat	45800000	46000000	
chr1_mat	46000000	46200000	0.0423309
chr1_mat	46200000	46400000	0.0220383
chr1_mat	46400000	46600000	0.0343899
chr1_mat	46600000	46800000	0.0280906
chr1_mat	46800000	47000000	
chr1_mat	47000000	47200000	0.0277958
chr1_mat	47200000	47400000	0.0190725
chr1_mat	47400000	47600000	0.0108072
chr1_mat	47600000	47800000	0.019337
chr1_mat	47800000	48000000	0.0217723
chr1_mat	48000000	48200000	0.0232219
chr1_mat	48200000	48400000	0.0159345
chr1_mat	48400000	48600000	0.0200183
chr1_mat	48600000	48800000	0.0264774
chr1_mat	48800000	49000000	0.0337444
chr1_mat	49000000	49200000	0.0218804
chr1_mat	49200000	49400000	
chr1_mat	49400000	49600000	0.0331406
chr1_mat	49600000	49800000	0.026939
chr1_mat	49800000	50000000	0.0340134
chr1_mat	50000000	50200000	0.0389142
chr1_mat	50200000	50400000	0.0213871
chr1_mat	50400000	50600000	0.0198193
chr1_mat	50600000	50800000	0.0205842
chr1_mat	50800000	51000000	0.024708
chr1_mat	51000000	51200000	0.0202155
chr1_mat	51200000	51400000	0.0238686
chr1_mat	51400000	51600000	0.0236989
chr1_mat	51600000	51800000	
chr1_mat	51800000	52000000	
chr1_mat	52000000	52200000	
chr1_mat	52200000	52400000	
chr1_mat	52400000	52600000	
chr1_mat	52600000	52800000	
chr1_mat	52800000	53000000	
chr1_mat	53000000	53200000	0.0264775
chr1_mat	53200000	53400000	0.0234302
chr1_mat	53400000	53600000	0.032092
chr1_mat	53600000	53800000	0.0230354
chr1_mat	53800000	54000000	0.0237212
chr1_mat	54000000	54200000	0.0268348
chr1_mat	54200000	54400000	0.0186177
chr1_mat	54400000	54600000	0.0188904
chr1_mat	54600000	54800000	0.0240626
chr1_mat	54800000	55000000	0.0278214
chr1_mat	55000000	55200000	0.0197457
chr1_mat	55200000	55400000	0.0285393
chr1_mat	55400000	55600000	0.0272631
chr1_mat	55600000	55800000	
chr1_mat	55800000	56000000	
chr1_mat	56000000	56200000	0.0396701
chr1_mat	56200000	56400000	0.0205637
chr1_mat	56400000	56600000	0.021037
chr1_mat	56600000	56800000	0.0303601
chr1_mat	56800000	57000000	
chr1_mat	57000000	57200000	0.022727
chr1_mat	57200000	57400000	0.0242701
chr1_mat	57400000	57600000	0.0243754
chr1_mat	57600000	57800000	0.0118589
chr1_mat	57800000	58000000	0.0138761
chr1_mat	58000000	58200000	0.0233368
chr1_mat	58200000	58400000	0.0242841
chr1_mat	58400000	58600000	0.0280956
chr1_mat	58600000	58800000	0.0307389
chr1_mat	58800000	59000000	0.0201674
chr1_mat	59000000	59200000	0.0162171
chr1_mat	59200000	59400000	0.0221601
chr1_mat	59400000	59600000	0.0131775
chr1_mat	59600000	59800000	0.014742
chr1_mat	59800000	60000000	0.0121108
chr1_mat	60000000	60200000	0.0129754
chr1_mat	60200000	60400000	0.0152129
chr1_mat	60400000	60600000	0.0115847
chr1_mat	60600000	60800000	0.0123539
chr1_mat	60800000	61000000	0.0118801
chr1_mat	61000000	61200000	0.010823
chr1_mat	61200000	61400000	0.0212576
chr1_mat	61400000	61600000	0.0297422
chr1_mat	61600000	61800000	0.0205776
chr1_mat	61800000	62000000	0.0142365
chr1_mat	62000000	62200000	0.0134057
chr1_mat	62200000	62400000	0.01194
chr1_mat	62400000	62600000	0.0205712
chr1_mat	62600000	62800000	0.0163912
chr1_mat	62800000	63000000	0.0217715
chr1_mat	63000000	63200000	0.0176066
chr1_mat	63200000	63400000	0.0162114
chr1_mat	63400000	63600000	0.016114
chr1_mat	63600000	63800000	0.0187101
chr1_mat	63800000	64000000	0.0272196
chr1_mat	64000000	64200000	0.0373989
chr1_mat	64200000	64400000	0.0186083
chr1_mat	64400000	64600000	0.0153997
chr1_mat	64600000	64800000	0.0188993
chr1_mat	64800000	65000000	0.025166
chr1_mat	65000000	65200000	0.0144982
chr1_mat	65200000	65400000	0.0153359
chr1_mat	65400000	65600000	0.0200612
chr1_mat	65600000	65800000	0.0146206
chr1_mat	65800000	66000000	0.0145936
chr1_mat	66000000	66200000	0.0127445
chr1_mat	66200000	66400000	0.0168899
chr1_mat	66400000	66600000	0.0122411
chr1_mat	66600000	66800000	0.0132776
chr1_mat	66800000	67000000	0.0149626
chr1_mat	67000000	67200000	0.0126971
chr1_mat	67200000	67400000	0.0123501
chr1_mat	67400000	67600000	0.0141861
chr1_mat	67600000	67800000	0.0149076
chr1_mat	67800000	68000000	0.0125371
chr1_mat	68000000	68200000	0.015617
chr1_mat	68200000	68400000	0.0111624
chr1_mat	68400000	68600000	0.0187094
chr1_mat	68600000	68800000	0.0116293
chr1_mat	68800000	69000000	0.0144763
chr1_mat	69000000	69200000	0.0153482
chr1_mat	69200000	69400000	0.0163029
chr1_mat	69400000	69600000	0.0220762
chr1_mat	69600000	69800000	0.0214827
chr1_mat	69800000	70000000	0.027657
chr1_mat	70000000	70200000	0.0114705
chr1_mat	70200000	70400000	0.0133808
chr1_mat	70400000	70600000	0.0134568
chr1_mat	70600000	70800000	0.0132077
chr1_mat	70800000	71000000	0.0151292
chr1_mat	71000000	71200000	0.0207731
chr1_mat	71200000	71400000	0.0254399
chr1_mat	71400000	71600000	0.0187798
chr1_mat	71600000	71800000	0.0169477
chr1_mat	71800000	72000000	0.0264709
chr1_mat	72000000	72200000	0.0196278
chr1_mat	72200000	72400000	0.0260422
chr1_mat	72400000	72600000	0.0182596
chr1_mat	72600000	72800000	0.0156748
chr1_mat	72800000	73000000	0.0146394
chr1_mat	73000000	73200000	0.0248376
chr1_mat	73200000	73400000	0.0158404
chr1_mat	73400000	73600000	0.0177222
chr1_mat	73600000	73800000	0.0185721
chr1_mat	73800000	74000000	0.0160267
chr1_mat	74000000	74200000	0.0206529
chr1_mat	74200000	74400000	0.0226454
chr1_mat	74400000	74600000	0.0250096
chr1_mat	74600000	74800000	0.0156139
chr1_mat	74800000	75000000	0.0135389
chr1_mat	75000000	75200000	0.0179655
chr1_mat	75200000	75400000	0.014615
chr1_mat	75400000	75600000	0.0123922
chr1_mat	75600000	75800000	0.0158566
chr1_mat	75800000	76000000	0.0152953
chr1_mat	76000000	76200000	0.0142872
chr1_mat	76200000	76400000	0.0158021
chr1_mat	76400000	76600000	0.0149893
chr1_mat	76600000	76800000	0.0119033
chr1_mat	76800000	77000000	0.0122127
chr1_mat	77000000	77200000	0.0177601
chr1_mat	77200000	77400000	0.0178695
chr1_mat	77400000	77600000	0.0139977
chr1_mat	77600000	77800000	0.0144813
chr1_mat	77800000	78000000	0.015368
chr1_mat	78000000	78200000	0.022408
chr1_mat	78200000	78400000	0.0165296
chr1_mat	78400000	78600000	0.0103995
chr1_mat	78600000	78800000	0.0204834
chr1_mat	78800000	79000000	0.0151953
chr1_mat	79000000	79200000	0.0192046
chr1_mat	79200000	79400000	0.0163123
chr1_mat	79400000	79600000	0.0206045
chr1_mat	79600000	79800000	0.0250952
chr1_mat	79800000	80000000	0.0275629
chr1_mat	80000000	80200000	0.0188844
chr1_mat	80200000	80400000	0.018517
chr1_mat	80400000	80600000	0.014527
chr1_mat	80600000	80800000	0.0183514
chr1_mat	80800000	81000000	0.0158752
chr1_mat	81000000	81200000	0.0124359
chr1_mat	81200000	81400000	0.0173087
chr1_mat	81400000	81600000	0.0133381
chr1_mat	81600000	81800000	0.010318
chr1_mat	81800000	82000000	0.0156749
chr1_mat	82000000	82200000	0.0194984
chr1_mat	82200000	82400000	0.0188868
chr1_mat	82400000	82600000	0.016385
chr1_mat	82600000	82800000	0.0122939
chr1_mat	82800000	83000000	0.00987173
chr1_mat	83000000	83200000	0.010867
chr1_mat	83200000	83400000	0.0148625
chr1_mat	83400000	83600000	0.0184689
chr1_mat	83600000	83800000	0.0181403
chr1_mat	83800000	84000000	0.0155934
chr1_mat	84000000	84200000	0.0142778
chr1_mat	84200000	84400000	0.0135649
chr1_mat	84400000	84600000	0.0209566
chr1_mat	84600000	84800000	0.0180705
chr1_mat	84800000	85000000	0.0108384
chr1_mat	85000000	85200000	0.00945817
chr1_mat	85200000	85400000	0.0134271
chr1_mat	85400000	85600000	0.0168657
chr1_mat	85600000	85800000	0.0137965
chr1_mat	85800000	86000000	0.0137204
chr1_mat	86000000	86200000	0.0131219
chr1_mat	86200000	86400000	0.0137524
chr1_mat	86400000	86600000	0.0162475
chr1_mat	86600000	86800000	0.0179903
chr1_mat	86800000	87000000	0.0330114
chr1_mat	87000000	87200000	0.0244481
chr1_mat	87200000	87400000	0.0243859
chr1_mat	87400000	87600000	0.0288568
chr1_mat	87600000	87800000	0.0111892
chr1_mat	87800000	88000000	0.0148018
chr1_mat	88000000	88200000	0.017629
chr1_mat	88200000	88400000	0.0142059
chr1_mat	88400000	88600000	0.0139761
chr1_mat	88600000	88800000	0.0141706
chr1_mat	88800000	89000000	0.010148
chr1_mat	89000000	89200000	0.0144115
chr1_mat	89200000	89400000	0.0150448
chr1_mat	89400000	89600000	0.011508
chr1_mat	89600000	89800000	0.0160969
chr1_mat	89800000	90000000	0.00936009
chr1_mat	90000000	90200000	0.00960234
chr1_mat	90200000	90400000	0.0127116
chr1_mat	90400000	90600000	0.0114918
chr1_mat	90600000	90800000	0.0176934
chr1_mat	90800000	91000000	0.0152787
chr1_mat	91000000	91200000	0.0137404
chr1_mat	91200000	91400000	0.0098581
chr1_mat	91400000	91600000	0.0126832
chr1_mat	91600000	91800000	0.0140375
chr1_mat	91800000	92000000	0.0153247
chr1_mat	92000000	92200000	0.0150689
chr1_mat	92200000	92400000	0.0118717
chr1_mat	92400000	92600000	0.0131244
chr1_mat	92600000	92800000	0.0138541
chr1_mat	92800000	93000000	0.0164485
chr1_mat	93000000	93200000	0.0154231
chr1_mat	93200000	93400000	0.0137664
chr1_mat	93400000	93600000	0.0120979
chr1_mat	93600000	93800000	0.0148837
chr1_mat	93800000	94000000	0.0143928
chr1_mat	94000000	94200000	0.013146
chr1_mat	94200000	94400000	0.0151194
chr1_mat	94400000	94600000	0.0177871
chr1_mat	94600000	94800000	0.0144216
chr1_mat	94800000	95000000	0.0108615
chr1_mat	95000000	95200000	0.0141106
chr1_mat	95200000	95400000	0.0112508
chr1_mat	95400000	95600000	0.0117908
chr1_mat	95600000	95800000	0.010383
chr1_mat	95800000	96000000	0.0117755
chr1_mat	96000000	96200000	0.0128608
chr1_mat	96200000	96400000	0.0122473
chr1_mat	96400000	96600000	0.0124342
chr1_mat	96600000	96800000	0.0109696
chr1_mat	96800000	97000000	0.0112997
chr1_mat	97000000	97200000	0.0124415
chr1_mat	97200000	97400000	0.0108196
chr1_mat	97400000	97600000	0.0153859
chr1_mat	97600000	97800000	0.0109178
chr1_mat	97800000	98000000	0.0101766
chr1_mat	98000000	98200000	0.011304
chr1_mat	98200000	98400000	0.0123406
chr1_mat	98400000	98600000	0.0104692
chr1_mat	98600000	98800000	0.0112305
chr1_mat	98800000	99000000	0.009902
chr1_mat	99000000	99200000	0.0118805
chr1_mat	99200000	99400000	0.0091329
chr1_mat	99400000	99600000	0.0124858
chr1_mat	99600000	99800000	0.0133807
chr1_mat	99800000	100000000	0.0121936
chr1_mat	100000000	100200000	0.0118032
chr1_mat	100200000	100400000	0.0108585
chr1_mat	100400000	100600000	0.00970856
chr1_mat	100600000	100800000	0.0119082
chr1_mat	100800000	101000000	0.0101087
chr1_mat	101000000	101200000	0.0112512
chr1_mat	101200000	101400000	0.0119059
chr1_mat	101400000	101600000	0.0106113
chr1_mat	101600000	101800000	0.0108614
chr1_mat	101800000	102000000	0.0115397
chr1_mat	102000000	102200000	0.0130023
chr1_mat	102200000	102400000	0.0105817
chr1_mat	102400000	102600000	0.0092187
chr1_mat	102600000	102800000	0.0109569
chr1_mat	102800000	103000000	0.0127168
chr1_mat	103000000	103200000	0.0115457
chr1_mat	103200000	103400000	0.0104237
chr1_mat	103400000	103600000	0.0106323
chr1_mat	103600000	103800000	0.0111599
chr1_mat	103800000	104000000	0.0105734
chr1_mat	104000000	104200000	0.0111436
chr1_mat	104200000	104400000	0.0103057
chr1_mat	104400000	104600000	0.0109771
chr1_mat	104600000	104800000	0.0105016
chr1_mat	104800000	105000000	0.00907848
chr1_mat	105000000	105200000	0.0124312
chr1_mat	105200000	105400000	0.0101172
chr1_mat	105400000	105600000	0.0109829
chr1_mat	105600000	105800000	0.0101309
chr1_mat	105800000	106000000	0.0119259
chr1_mat	106000000	106200000	0.0111873
chr1_mat	106200000	106400000	0.0112936
chr1_mat	106400000	106600000	0.0109883
chr1_mat	106600000	106800000	0.0102164
chr1_mat	106800000	107000000	0.0106124
chr1_mat	107000000	107200000	0.0103589
chr1_mat	107200000	107400000	0.0102875
chr1_mat	107400000	107600000	0.0114203
chr1_mat	107600000	107800000	0.0133781
chr1_mat	107800000	108000000	0.0138307
chr1_mat	108000000	108200000	0.00941845
chr1_mat	108200000	108400000	0.00763472
chr1_mat	108400000	108600000	0.010865
chr1_mat	108600000	108800000	0.0122785
chr1_mat	108800000	109000000	0.0112959
chr1_mat	109000000	109200000	0.0114604
chr1_mat	109200000	109400000	0.00802409
chr1_mat	109400000	109600000	0.0100857
chr1_mat	109600000	109800000	0.0122124
chr1_mat	109800000	110000000	0.0109429
chr1_mat	110000000	110200000	0.010231
chr1_mat	110200000	110400000	0.0127655
chr1_mat	110400000	110600000	0.0264514
chr1_mat	110600000	110800000	0.00951857
chr1_mat	110800000	111000000	0.011303
chr1_mat	111000000	111200000	0.00975113
chr1_mat	111200000	111400000	0.0101279
chr1_mat	111400000	111600000	0.011979
chr1_mat	111600000	111800000	0.011678
chr1_mat	111800000	112000000	0.0117847
chr1_mat	112000000	112200000	0.0117381
chr1_mat	112200000	112400000	0.00984162
chr1_mat	112400000	112600000	0.0112927
chr1_mat	112600000	112800000	0.0122084
chr1_mat	112800000	113000000	0.0118596
chr1_mat	113000000	113200000	0.0111864
chr1_mat	113200000	113400000	0.00735893
chr1_mat	113400000	113600000	0.0099263
chr1_mat	113600000	113800000	0.00859186
chr1_mat	113800000	114000000	0.00918274
chr1_mat	114000000	114200000	0.00899386
chr1_mat	114200000	114400000	0.00901912
chr1_mat	114400000	114600000	0.00862382
chr1_mat	114600000	114800000	0.010541
chr1_mat	114800000	115000000	0.0086733
chr1_mat	115000000	115200000	0.00917532
chr1_mat	115200000	115400000	0.011448
chr1_mat	115400000	115600000	0.0102289
chr1_mat	115600000	115800000	0.0200178
chr1_mat	115800000	115909749	
chr1A_mat	0	200000	0.0749903
chr1A_mat	200000	400000	0.016335
chr1A_mat	400000	600000	0.0104661
chr1A_mat	600000	800000	0.013744
chr1A_mat	800000	1000000	0.0127746
chr1A_mat	1000000	1200000	0.00921719
chr1A_mat	1200000	1400000	0.00749182
chr1A_mat	1400000	1600000	0.00614772
chr1A_mat	1600000	1800000	0.00767134
chr1A_mat	1800000	2000000	0.00955484
chr1A_mat	2000000	2200000	0.00999876
chr1A_mat	2200000	2400000	0.0108017
chr1A_mat	2400000	2600000	0.0122445
chr1A_mat	2600000	2800000	0.0123014
chr1A_mat	2800000	3000000	0.0128334
chr1A_mat	3000000	3200000	0.0116937
chr1A_mat	3200000	3400000	0.00895341
chr1A_mat	3400000	3600000	0.014922
chr1A_mat	3600000	3800000	
chr1A_mat	3800000	4000000	
chr1A_mat	4000000	4200000	
chr1A_mat	4200000	4400000	0.0221301
chr1A_mat	4400000	4600000	0.0121998
chr1A_mat	4600000	4800000	0.0137129
chr1A_mat	4800000	5000000	0.0114493
chr1A_mat	5000000	5200000	0.0111814
chr1A_mat	5200000	5400000	0.0110584
chr1A_mat	5400000	5600000	0.0128746
chr1A_mat	5600000	5800000	0.0127294
chr1A_mat	5800000	6000000	0.0134042
chr1A_mat	6000000	6200000	0.00885316
chr1A_mat	6200000	6400000	0.00961557
chr1A_mat	6400000	6600000	0.0124721
chr1A_mat	6600000	6800000	0.00867244
chr1A_mat	6800000	7000000	0.0128009
chr1A_mat	7000000	7200000	0.0123495
chr1A_mat	7200000	7400000	0.009816
chr1A_mat	7400000	7600000	0.0101478
chr1A_mat	7600000	7800000	0.0117264
chr1A_mat	7800000	8000000	0.0105826
chr1A_mat	8000000	8200000	0.0134469
chr1A_mat	8200000	8400000	0.0102856
chr1A_mat	8400000	8600000	0.0113456
chr1A_mat	8600000	8800000	0.0131612
chr1A_mat	8800000	9000000	0.0113521
chr1A_mat	9000000	9200000	0.0104132
chr1A_mat	9200000	9400000	0.0112228
chr1A_mat	9400000	9600000	0.0101536
chr1A_mat	9600000	9800000	0.0128929
chr1A_mat	9800000	10000000	0.0114996
chr1A_mat	10000000	10200000	0.0127198
chr1A_mat	10200000	10400000	0.0102095
chr1A_mat	10400000	10600000	0.0116775
chr1A_mat	10600000	10800000	0.0115728
chr1A_mat	10800000	11000000	0.0112366
chr1A_mat	11000000	11200000	0.0108696
chr1A_mat	11200000	11400000	0.0106017
chr1A_mat	11400000	11600000	0.0113959
chr1A_mat	11600000	11800000	0.0105351
chr1A_mat	11800000	12000000	0.00849134
chr1A_mat	12000000	12200000	0.00962791
chr1A_mat	12200000	12400000	0.00795692
chr1A_mat	12400000	12600000	0.0126031
chr1A_mat	12600000	12800000	0.012566
chr1A_mat	12800000	13000000	0.0131345
chr1A_mat	13000000	13200000	0.00981784
chr1A_mat	13200000	13400000	0.0111379
chr1A_mat	13400000	13600000	0.0107568
chr1A_mat	13600000	13800000	0.0111701
chr1A_mat	13800000	14000000	0.0114989
chr1A_mat	14000000	14200000	0.00978195
chr1A_mat	14200000	14400000	0.0110066
chr1A_mat	14400000	14600000	0.012539
chr1A_mat	14600000	14800000	0.013697
chr1A_mat	14800000	15000000	0.0175418
chr1A_mat	15000000	15200000	0.0109053
chr1A_mat	15200000	15400000	0.0129887
chr1A_mat	15400000	15600000	0.0132888
chr1A_mat	15600000	15800000	0.0124971
chr1A_mat	15800000	16000000	0.0160444
chr1A_mat	16000000	16200000	0.0143851
chr1A_mat	16200000	16400000	0.0136404
chr1A_mat	16400000	16600000	0.0126833
chr1A_mat	16600000	16800000	0.0201243
chr1A_mat	16800000	17000000	0.0158343
chr1A_mat	17000000	17200000	0.0169367
chr1A_mat	17200000	17400000	0.0144178
chr1A_mat	17400000	17600000	0.0156936
chr1A_mat	17600000	17800000	0.0137254
chr1A_mat	17800000	18000000	0.0126388
chr1A_mat	18000000	18200000	0.0146354
chr1A_mat	18200000	18400000	0.0203999
chr1A_mat	18400000	18600000	0.0250046
chr1A_mat	18600000	18800000	0.0177733
chr1A_mat	18800000	19000000	0.0161437
chr1A_mat	19000000	19200000	0.0161292
chr1A_mat	19200000	19400000	0.0156122
chr1A_mat	19400000	19600000	0.00948834
chr1A_mat	19600000	19800000	0.0161023
chr1A_mat	19800000	20000000	0.0147841
chr1A_mat	20000000	20200000	0.0249097
chr1A_mat	20200000	20400000	0.0193567
chr1A_mat	20400000	20600000	0.0164581
chr1A_mat	20600000	20800000	0.0152081
chr1A_mat	20800000	21000000	0.0110026
chr1A_mat	21000000	21200000	0.0134967
chr1A_mat	21200000	21400000	0.0143151
chr1A_mat	21400000	21600000	0.0117517
chr1A_mat	21600000	21800000	0.0190566
chr1A_mat	21800000	22000000	0.0176694
chr1A_mat	22000000	22200000	0.0151184
chr1A_mat	22200000	22400000	0.0137115
chr1A_mat	22400000	22600000	0.0136429
chr1A_mat	22600000	22800000	0.015401
chr1A_mat	22800000	23000000	0.0182859
chr1A_mat	23000000	23200000	0.0197818
chr1A_mat	23200000	23400000	0.0175657
chr1A_mat	23400000	23600000	0.0165544
chr1A_mat	23600000	23800000	0.0194113
chr1A_mat	23800000	24000000	0.0132848
chr1A_mat	24000000	24200000	0.0171966
chr1A_mat	24200000	24400000	0.0144462
chr1A_mat	24400000	24600000	0.0277599
chr1A_mat	24600000	24800000	0.0317962
chr1A_mat	24800000	25000000	0.0210745
chr1A_mat	25000000	25200000	0.0285045
chr1A_mat	25200000	25400000	0.0215983
chr1A_mat	25400000	25600000	0.0256708
chr1A_mat	25600000	25800000	0.0186153
chr1A_mat	25800000	26000000	0.0172004
chr1A_mat	26000000	26200000	0.012144
chr1A_mat	26200000	26400000	0.0210357
chr1A_mat	26400000	26600000	0.0159486
chr1A_mat	26600000	26800000	0.0197669
chr1A_mat	26800000	27000000	0.0194614
chr1A_mat	27000000	27200000	0.0158586
chr1A_mat	27200000	27400000	0.0233795
chr1A_mat	27400000	27600000	0.0119301
chr1A_mat	27600000	27800000	0.0160014
chr1A_mat	27800000	28000000	0.0172833
chr1A_mat	28000000	28200000	0.0209395
chr1A_mat	28200000	28400000	0.0200857
chr1A_mat	28400000	28600000	0.0120625
chr1A_mat	28600000	28800000	0.0184513
chr1A_mat	28800000	29000000	0.0186693
chr1A_mat	29000000	29200000	0.017918
chr1A_mat	29200000	29400000	0.0176613
chr1A_mat	29400000	29600000	0.0159347
chr1A_mat	29600000	29800000	0.0175127
chr1A_mat	29800000	30000000	0.0150291
chr1A_mat	30000000	30200000	0.0203531
chr1A_mat	30200000	30400000	0.0160514
chr1A_mat	30400000	30600000	0.0403694
chr1A_mat	30600000	30800000	0.0277166
chr1A_mat	30800000	31000000	0.0324504
chr1A_mat	31000000	31200000	0.0333623
chr1A_mat	31200000	31400000	0.0261629
chr1A_mat	31400000	31600000	0.0266409
chr1A_mat	31600000	31800000	0.0148649
chr1A_mat	31800000	32000000	0.0152283
chr1A_mat	32000000	32200000	0.0164955
chr1A_mat	32200000	32400000	0.0118289
chr1A_mat	32400000	32600000	0.0132003
chr1A_mat	32600000	32800000	0.0160769
chr1A_mat	32800000	33000000	0.0274704
chr1A_mat	33000000	33200000	0.0157867
chr1A_mat	33200000	33400000	0.0183544
chr1A_mat	33400000	33600000	0.0126012
chr1A_mat	33600000	33800000	0.0185243
chr1A_mat	33800000	34000000	0.0154391
chr1A_mat	34000000	34200000	0.0149471
chr1A_mat	34200000	34400000	0.0181371
chr1A_mat	34400000	34600000	0.0285949
chr1A_mat	34600000	34800000	0.039059
chr1A_mat	34800000	35000000	0.0394949
chr1A_mat	35000000	35200000	0.0169361
chr1A_mat	35200000	35400000	0.0182742
chr1A_mat	35400000	35600000	0.0472805
chr1A_mat	35600000	35800000	0.0254161
chr1A_mat	35800000	36000000	0.0266583
chr1A_mat	36000000	36200000	0.0189617
chr1A_mat	36200000	36400000	0.0174298
chr1A_mat	36400000	36600000	0.0143389
chr1A_mat	36600000	36800000	0.0160952
chr1A_mat	36800000	37000000	0.0324842
chr1A_mat	37000000	37200000	0.0190051
chr1A_mat	37200000	37400000	0.0257719
chr1A_mat	37400000	37600000	0.0380114
chr1A_mat	37600000	37800000	0.0323678
chr1A_mat	37800000	38000000	0.0223254
chr1A_mat	38000000	38200000	0.0204087
chr1A_mat	38200000	38400000	0.0155534
chr1A_mat	38400000	38600000	0.0169388
chr1A_mat	38600000	38800000	0.0184697
chr1A_mat	38800000	39000000	0.0265174
chr1A_mat	39000000	39200000	0.0189067
chr1A_mat	39200000	39400000	0.0161525
chr1A_mat	39400000	39600000	0.0187817
chr1A_mat	39600000	39800000	0.0238644
chr1A_mat	39800000	40000000	0.0232605
chr1A_mat	40000000	40200000	0.0126301
chr1A_mat	40200000	40400000	0.0288029
chr1A_mat	40400000	40600000	0.0233346
chr1A_mat	40600000	40800000	0.023343
chr1A_mat	40800000	41000000	0.0165221
chr1A_mat	41000000	41200000	0.0187093
chr1A_mat	41200000	41400000	0.0276802
chr1A_mat	41400000	41600000	0.043356
chr1A_mat	41600000	41800000	0.0280638
chr1A_mat	41800000	42000000	0.0317593
chr1A_mat	42000000	42200000	
chr1A_mat	42200000	42400000	0.0248755
chr1A_mat	42400000	42600000	0.0214871
chr1A_mat	42600000	42800000	0.022345
chr1A_mat	42800000	43000000	0.0157083
chr1A_mat	43000000	43200000	0.0184532
chr1A_mat	43200000	43400000	0.0172078
chr1A_mat	43400000	43600000	0.016751
chr1A_mat	43600000	43800000	0.0128544
chr1A_mat	43800000	44000000	0.0114794
chr1A_mat	44000000	44200000	0.0216465
chr1A_mat	44200000	44400000	0.0160423
chr1A_mat	44400000	44600000	0.018036
chr1A_mat	44600000	44800000	0.0232172
chr1A_mat	44800000	45000000	0.0303745
chr1A_mat	45000000	45200000	0.0114404
chr1A_mat	45200000	45400000	0.0182809
chr1A_mat	45400000	45600000	0.0220186
chr1A_mat	45600000	45800000	0.0189668
chr1A_mat	45800000	46000000	0.0159732
chr1A_mat	46000000	46200000	0.0172752
chr1A_mat	46200000	46400000	0.0163824
chr1A_mat	46400000	46600000	0.00923655
chr1A_mat	46600000	46800000	0.0196619
chr1A_mat	46800000	47000000	0.0259193
chr1A_mat	47000000	47200000	0.0165401
chr1A_mat	47200000	47400000	0.0179356
chr1A_mat	47400000	47600000	0.014477
chr1A_mat	47600000	47800000	0.0159509
chr1A_mat	47800000	48000000	0.0117649
chr1A_mat	48000000	48200000	0.0113125
chr1A_mat	48200000	48400000	0.0142896
chr1A_mat	48400000	48600000	0.0128789
chr1A_mat	48600000	48800000	0.0139241
chr1A_mat	48800000	49000000	0.0193155
chr1A_mat	49000000	49200000	0.0142318
chr1A_mat	49200000	49400000	0.0135131
chr1A_mat	49400000	49600000	0.0129965
chr1A_mat	49600000	49800000	0.0103072
chr1A_mat	49800000	50000000	0.0150392
chr1A_mat	50000000	50200000	0.0145566
chr1A_mat	50200000	50400000	0.013207
chr1A_mat	50400000	50600000	0.0146413
chr1A_mat	50600000	50800000	0.0160867
chr1A_mat	50800000	51000000	0.0134104
chr1A_mat	51000000	51200000	0.0185799
chr1A_mat	51200000	51400000	0.0161247
chr1A_mat	51400000	51600000	0.0158722
chr1A_mat	51600000	51800000	0.0129553
chr1A_mat	51800000	52000000	0.0110174
chr1A_mat	52000000	52200000	0.0143721
chr1A_mat	52200000	52400000	0.0115345
chr1A_mat	52400000	52600000	0.00973122
chr1A_mat	52600000	52800000	0.0177124
chr1A_mat	52800000	53000000	0.0128313
chr1A_mat	53000000	53200000	0.0144187
chr1A_mat	53200000	53400000	0.0104385
chr1A_mat	53400000	53600000	0.0143911
chr1A_mat	53600000	53800000	0.0156792
chr1A_mat	53800000	54000000	0.0162238
chr1A_mat	54000000	54200000	0.0116956
chr1A_mat	54200000	54400000	0.011368
chr1A_mat	54400000	54600000	0.0155868
chr1A_mat	54600000	54800000	0.0157268
chr1A_mat	54800000	55000000	0.0149723
chr1A_mat	55000000	55200000	0.0145565
chr1A_mat	55200000	55400000	0.0130421
chr1A_mat	55400000	55600000	0.00836781
chr1A_mat	55600000	55800000	0.0143897
chr1A_mat	55800000	56000000	0.0110528
chr1A_mat	56000000	56200000	0.014991
chr1A_mat	56200000	56400000	0.0115808
chr1A_mat	56400000	56600000	0.0134616
chr1A_mat	56600000	56800000	0.0142477
chr1A_mat	56800000	57000000	0.0163813
chr1A_mat	57000000	57200000	0.0149849
chr1A_mat	57200000	57400000	0.0139533
chr1A_mat	57400000	57600000	0.0157044
chr1A_mat	57600000	57800000	0.0118956
chr1A_mat	57800000	58000000	0.0138698
chr1A_mat	58000000	58200000	0.0184941
chr1A_mat	58200000	58400000	0.0530837
chr1A_mat	58400000	58600000	0.051149
chr1A_mat	58600000	58800000	
chr1A_mat	58800000	59000000	
chr1A_mat	59000000	59200000	
chr1A_mat	59200000	59400000	
chr1A_mat	59400000	59600000	
chr1A_mat	59600000	59800000	
chr1A_mat	59800000	60000000	
chr1A_mat	60000000	60200000	
chr1A_mat	60200000	60400000	
chr1A_mat	60400000	60600000	
chr1A_mat	60600000	60800000	0.0360074
chr1A_mat	60800000	61000000	0.0215025
chr1A_mat	61000000	61200000	0.0144851
chr1A_mat	61200000	61400000	0.0165031
chr1A_mat	61400000	61600000	0.0159736
chr1A_mat	61600000	61800000	0.0176891
chr1A_mat	61800000	62000000	0.0177659
chr1A_mat	62000000	62200000	0.0169054
chr1A_mat	62200000	62400000	0.012041
chr1A_mat	62400000	62600000	0.0177802
chr1A_mat	62600000	62800000	0.0123371
chr1A_mat	62800000	63000000	0.0175546
chr1A_mat	63000000	63200000	0.0154426
chr1A_mat	63200000	63400000	0.0115129
chr1A_mat	63400000	63600000	0.0132744
chr1A_mat	63600000	63800000	0.0135803
chr1A_mat	63800000	64000000	0.0115372
chr1A_mat	64000000	64200000	0.00990162
chr1A_mat	64200000	64400000	0.0162137
chr1A_mat	64400000	64600000	0.0173902
chr1A_mat	64600000	64800000	0.0169702
chr1A_mat	64800000	65000000	0.0111689
chr1A_mat	65000000	65200000	0.0119408
chr1A_mat	65200000	65400000	0.0110788
chr1A_mat	65400000	65600000	
chr1A_mat	65600000	65800000	0.0151574
chr1A_mat	65800000	66000000	0.0148463
chr1A_mat	66000000	66200000	0.0130196
chr1A_mat	66200000	66400000	0.0123056
chr1A_mat	66400000	66600000	0.0147928
chr1A_mat	66600000	66800000	0.0135117
chr1A_mat	66800000	67000000	0.0145261
chr1A_mat	67000000	67200000	0.0146654
chr1A_mat	67200000	67400000	0.0160585
chr1A_mat	67400000	67600000	0.0139562
chr1A_mat	67600000	67800000	0.0156238
chr1A_mat	67800000	68000000	0.014896
chr1A_mat	68000000	68200000	0.0154511
chr1A_mat	68200000	68400000	0.0160662
chr1A_mat	68400000	68600000	0.011051
chr1A_mat	68600000	68800000	0.0120994
chr1A_mat	68800000	69000000	0.0139324
chr1A_mat	69000000	69200000	0.0160191
chr1A_mat	69200000	69400000	0.0155275
chr1A_mat	69400000	69600000	0.0138516
chr1A_mat	69600000	69800000	0.0164104
chr1A_mat	69800000	70000000	0.0117611
chr1A_mat	70000000	70200000	0.0129679
chr1A_mat	70200000	70400000	0.010692
chr1A_mat	70400000	70600000	0.0142985
chr1A_mat	70600000	70800000	0.0169441
chr1A_mat	70800000	71000000	0.017498
chr1A_mat	71000000	71200000	0.0157776
chr1A_mat	71200000	71400000	0.0162649
chr1A_mat	71400000	71600000	0.0129485
chr1A_mat	71600000	71800000	0.0208133
chr1A_mat	71800000	72000000	
chr1A_mat	72000000	72089520	
chr2_mat	0	200000	0.0799148
chr2_mat	200000	400000	0.0213434
chr2_mat	400000	600000	0.0155542
chr2_mat	600000	800000	0.00996455
chr2_mat	800000	1000000	0.0105229
chr2_mat	1000000	1200000	0.00860148
chr2_mat	1200000	1400000	0.009129
chr2_mat	1400000	1600000	0.0095414
chr2_mat	1600000	1800000	0.00853124
chr2_mat	1800000	2000000	0.0110318
chr2_mat	2000000	2200000	0.0125736
chr2_mat	2200000	2400000	0.0122757
chr2_mat	2400000	2600000	0.00907222
chr2_mat	2600000	2800000	0.00957129
chr2_mat	2800000	3000000	0.0119433
chr2_mat	3000000	3200000	0.0119268
chr2_mat	3200000	3400000	0.0116383
chr2_mat	3400000	3600000	0.0122839
chr2_mat	3600000	3800000	0.0124806
chr2_mat	3800000	4000000	0.0123277
chr2_mat	4000000	4200000	0.0126502
chr2_mat	4200000	4400000	0.0122082
chr2_mat	4400000	4600000	0.0140752
chr2_mat	4600000	4800000	0.0122523
chr2_mat	4800000	5000000	0.01119
chr2_mat	5000000	5200000	0.0126765
chr2_mat	5200000	5400000	0.00979151
chr2_mat	5400000	5600000	0.0134315
chr2_mat	5600000	5800000	0.0144932
chr2_mat	5800000	6000000	0.0160479
chr2_mat	6000000	6200000	0.0145249
chr2_mat	6200000	6400000	0.0122969
chr2_mat	6400000	6600000	0.0109065
chr2_mat	6600000	6800000	0.0101649
chr2_mat	6800000	7000000	0.011474
chr2_mat	7000000	7200000	0.0124568
chr2_mat	7200000	7400000	0.0151076
chr2_mat	7400000	7600000	0.0130575
chr2_mat	7600000	7800000	0.015259
chr2_mat	7800000	8000000	0.0121788
chr2_mat	8000000	8200000	0.015166
chr2_mat	8200000	8400000	0.010231
chr2_mat	8400000	8600000	0.0148373
chr2_mat	8600000	8800000	0.0137965
chr2_mat	8800000	9000000	0.0114571
chr2_mat	9000000	9200000	0.0106052
chr2_mat	9200000	9400000	0.0151809
chr2_mat	9400000	9600000	0.0143034
chr2_mat	9600000	9800000	0.0130524
chr2_mat	9800000	10000000	0.0121536
chr2_mat	10000000	10200000	0.0133729
chr2_mat	10200000	10400000	0.0133279
chr2_mat	10400000	10600000	0.0174512
chr2_mat	10600000	10800000	0.0118503
chr2_mat	10800000	11000000	0.0127837
chr2_mat	11000000	11200000	0.0168361
chr2_mat	11200000	11400000	0.0175501
chr2_mat	11400000	11600000	0.0138148
chr2_mat	11600000	11800000	0.0140035
chr2_mat	11800000	12000000	0.0130166
chr2_mat	12000000	12200000	0.0150239
chr2_mat	12200000	12400000	0.0152821
chr2_mat	12400000	12600000	0.0167581
chr2_mat	12600000	12800000	0.0140976
chr2_mat	12800000	13000000	0.01327
chr2_mat	13000000	13200000	0.0159033
chr2_mat	13200000	13400000	0.0147891
chr2_mat	13400000	13600000	0.0109775
chr2_mat	13600000	13800000	0.0144614
chr2_mat	13800000	14000000	0.017533
chr2_mat	14000000	14200000	0.0167388
chr2_mat	14200000	14400000	0.014413
chr2_mat	14400000	14600000	0.0152268
chr2_mat	14600000	14800000	0.0104
chr2_mat	14800000	15000000	0.0159122
chr2_mat	15000000	15200000	0.0145663
chr2_mat	15200000	15400000	0.015138
chr2_mat	15400000	15600000	0.0158625
chr2_mat	15600000	15800000	0.0144756
chr2_mat	15800000	16000000	0.014179
chr2_mat	16000000	16200000	0.0137194
chr2_mat	16200000	16400000	0.0188146
chr2_mat	16400000	16600000	0.0154869
chr2_mat	16600000	16800000	0.0125858
chr2_mat	16800000	17000000	0.0140819
chr2_mat	17000000	17200000	0.016638
chr2_mat	17200000	17400000	0.016043
chr2_mat	17400000	17600000	0.0135737
chr2_mat	17600000	17800000	0.0182603
chr2_mat	17800000	18000000	0.0179399
chr2_mat	18000000	18200000	0.0139095
chr2_mat	18200000	18400000	0.0179335
chr2_mat	18400000	18600000	0.0178339
chr2_mat	18600000	18800000	0.0206391
chr2_mat	18800000	19000000	0.0140607
chr2_mat	19000000	19200000	0.0200714
chr2_mat	19200000	19400000	0.0205579
chr2_mat	19400000	19600000	0.0194678
chr2_mat	19600000	19800000	0.0195311
chr2_mat	19800000	20000000	0.0155847
chr2_mat	20000000	20200000	0.0155602
chr2_mat	20200000	20400000	0.0210077
chr2_mat	20400000	20600000	0.0155699
chr2_mat	20600000	20800000	0.0128653
chr2_mat	20800000	21000000	0.0185386
chr2_mat	21000000	21200000	0.0192135
chr2_mat	21200000	21400000	0.0173177
chr2_mat	21400000	21600000	
chr2_mat	21600000	21800000	
chr2_mat	21800000	22000000	
chr2_mat	22000000	22200000	
chr2_mat	22200000	22400000	
chr2_mat	22400000	22600000	
chr2_mat	22600000	22800000	
chr2_mat	22800000	23000000	
chr2_mat	23000000	23200000	
chr2_mat	23200000	23400000	
chr2_mat	23400000	23600000	
chr2_mat	23600000	23800000	
chr2_mat	23800000	24000000	
chr2_mat	24000000	24200000	
chr2_mat	24200000	24400000	
chr2_mat	24400000	24600000	
chr2_mat	24600000	24800000	
chr2_mat	24800000	25000000	
chr2_mat	25000000	25200000	
chr2_mat	25200000	25400000	
chr2_mat	25400000	25600000	
chr2_mat	25600000	25800000	
chr2_mat	25800000	26000000	
chr2_mat	26000000	26200000	
chr2_mat	26200000	26400000	
chr2_mat	26400000	26600000	
chr2_mat	26600000	26800000	
chr2_mat	26800000	27000000	
chr2_mat	27000000	27200000	
chr2_mat	27200000	27400000	
chr2_mat	27400000	27600000	
chr2_mat	27600000	27800000	
chr2_mat	27800000	28000000	
chr2_mat	28000000	28200000	
chr2_mat	28200000	28400000	
chr2_mat	28400000	28600000	
chr2_mat	28600000	28800000	
chr2_mat	28800000	29000000	
chr2_mat	29000000	29200000	
chr2_mat	29200000	29400000	
chr2_mat	29400000	29600000	
chr2_mat	29600000	29800000	
chr2_mat	29800000	30000000	
chr2_mat	30000000	30200000	
chr2_mat	30200000	30400000	
chr2_mat	30400000	30600000	
chr2_mat	30600000	30800000	
chr2_mat	30800000	31000000	
chr2_mat	31000000	31200000	
chr2_mat	31200000	31400000	
chr2_mat	31400000	31600000	
chr2_mat	31600000	31800000	
chr2_mat	31800000	32000000	
chr2_mat	32000000	32200000	
chr2_mat	32200000	32400000	
chr2_mat	32400000	32600000	
chr2_mat	32600000	32800000	
chr2_mat	32800000	33000000	
chr2_mat	33000000	33200000	
chr2_mat	33200000	33400000	
chr2_mat	33400000	33600000	
chr2_mat	33600000	33800000	
chr2_mat	33800000	34000000	
chr2_mat	34000000	34200000	
chr2_mat	34200000	34400000	
chr2_mat	34400000	34600000	
chr2_mat	34600000	34800000	
chr2_mat	34800000	35000000	
chr2_mat	35000000	35200000	
chr2_mat	35200000	35400000	
chr2_mat	35400000	35600000	
chr2_mat	35600000	35800000	
chr2_mat	35800000	36000000	
chr2_mat	36000000	36200000	
chr2_mat	36200000	36400000	
chr2_mat	36400000	36600000	
chr2_mat	36600000	36800000	
chr2_mat	36800000	37000000	
chr2_mat	37000000	37200000	
chr2_mat	37200000	37400000	
chr2_mat	37400000	37600000	
chr2_mat	37600000	37800000	
chr2_mat	37800000	38000000	
chr2_mat	38000000	38200000	
chr2_mat	38200000	38400000	
chr2_mat	38400000	38600000	
chr2_mat	38600000	38800000	
chr2_mat	38800000	39000000	
chr2_mat	39000000	39200000	
chr2_mat	39200000	39400000	
chr2_mat	39400000	39600000	
chr2_mat	39600000	39800000	
chr2_mat	39800000	40000000	
chr2_mat	40000000	40200000	
chr2_mat	40200000	40400000	
chr2_mat	40400000	40600000	
chr2_mat	40600000	40800000	
chr2_mat	40800000	41000000	
chr2_mat	41000000	41200000	
chr2_mat	41200000	41400000	
chr2_mat	41400000	41600000	
chr2_mat	41600000	41800000	
chr2_mat	41800000	42000000	
chr2_mat	42000000	42200000	
chr2_mat	42200000	42400000	
chr2_mat	42400000	42600000	
chr2_mat	42600000	42800000	
chr2_mat	42800000	43000000	
chr2_mat	43000000	43200000	
chr2_mat	43200000	43400000	
chr2_mat	43400000	43600000	
chr2_mat	43600000	43800000	
chr2_mat	43800000	44000000	
chr2_mat	44000000	44200000	
chr2_mat	44200000	44400000	
chr2_mat	44400000	44600000	
chr2_mat	44600000	44800000	
chr2_mat	44800000	45000000	
chr2_mat	45000000	45200000	
chr2_mat	45200000	45400000	
chr2_mat	45400000	45600000	
chr2_mat	45600000	45800000	
chr2_mat	45800000	46000000	
chr2_mat	46000000	46200000	
chr2_mat	46200000	46400000	
chr2_mat	46400000	46600000	
chr2_mat	46600000	46800000	
chr2_mat	46800000	47000000	
chr2_mat	47000000	47200000	
chr2_mat	47200000	47400000	
chr2_mat	47400000	47600000	
chr2_mat	47600000	47800000	
chr2_mat	47800000	48000000	
chr2_mat	48000000	48200000	
chr2_mat	48200000	48400000	
chr2_mat	48400000	48600000	
chr2_mat	48600000	48800000	
chr2_mat	48800000	49000000	
chr2_mat	49000000	49200000	
chr2_mat	49200000	49400000	
chr2_mat	49400000	49600000	
chr2_mat	49600000	49800000	
chr2_mat	49800000	50000000	
chr2_mat	50000000	50200000	
chr2_mat	50200000	50400000	
chr2_mat	50400000	50600000	
chr2_mat	50600000	50800000	
chr2_mat	50800000	51000000	
chr2_mat	51000000	51200000	
chr2_mat	51200000	51400000	
chr2_mat	51400000	51600000	
chr2_mat	51600000	51800000	
chr2_mat	51800000	52000000	
chr2_mat	52000000	52200000	
chr2_mat	52200000	52400000	
chr2_mat	52400000	52600000	
chr2_mat	52600000	52800000	
chr2_mat	52800000	53000000	
chr2_mat	53000000	53200000	
chr2_mat	53200000	53400000	
chr2_mat	53400000	53600000	
chr2_mat	53600000	53800000	
chr2_mat	53800000	54000000	
chr2_mat	54000000	54200000	
chr2_mat	54200000	54400000	
chr2_mat	54400000	54600000	
chr2_mat	54600000	54800000	
chr2_mat	54800000	55000000	
chr2_mat	55000000	55200000	
chr2_mat	55200000	55400000	
chr2_mat	55400000	55600000	
chr2_mat	55600000	55800000	
chr2_mat	55800000	56000000	
chr2_mat	56000000	56200000	
chr2_mat	56200000	56400000	
chr2_mat	56400000	56600000	
chr2_mat	56600000	56800000	
chr2_mat	56800000	57000000	
chr2_mat	57000000	57200000	
chr2_mat	57200000	57400000	
chr2_mat	57400000	57600000	
chr2_mat	57600000	57800000	
chr2_mat	57800000	58000000	
chr2_mat	58000000	58200000	
chr2_mat	58200000	58400000	
chr2_mat	58400000	58600000	
chr2_mat	58600000	58800000	
chr2_mat	58800000	59000000	
chr2_mat	59000000	59200000	
chr2_mat	59200000	59400000	
chr2_mat	59400000	59600000	
chr2_mat	59600000	59800000	
chr2_mat	59800000	60000000	
chr2_mat	60000000	60200000	
chr2_mat	60200000	60400000	
chr2_mat	60400000	60600000	
chr2_mat	60600000	60800000	
chr2_mat	60800000	61000000	
chr2_mat	61000000	61200000	
chr2_mat	61200000	61400000	
chr2_mat	61400000	61600000	
chr2_mat	61600000	61800000	
chr2_mat	61800000	62000000	
chr2_mat	62000000	62200000	
chr2_mat	62200000	62400000	
chr2_mat	62400000	62600000	
chr2_mat	62600000	62800000	
chr2_mat	62800000	63000000	
chr2_mat	63000000	63200000	
chr2_mat	63200000	63400000	
chr2_mat	63400000	63600000	
chr2_mat	63600000	63800000	
chr2_mat	63800000	64000000	
chr2_mat	64000000	64200000	
chr2_mat	64200000	64400000	
chr2_mat	64400000	64600000	
chr2_mat	64600000	64800000	
chr2_mat	64800000	65000000	
chr2_mat	65000000	65200000	
chr2_mat	65200000	65400000	
chr2_mat	65400000	65600000	
chr2_mat	65600000	65800000	
chr2_mat	65800000	66000000	
chr2_mat	66000000	66200000	
chr2_mat	66200000	66400000	
chr2_mat	66400000	66600000	
chr2_mat	66600000	66800000	
chr2_mat	66800000	67000000	8.04839
chr2_mat	67000000	67200000	
chr2_mat	67200000	67400000	
chr2_mat	67400000	67600000	
chr2_mat	67600000	67800000	
chr2_mat	67800000	68000000	
chr2_mat	68000000	68200000	
chr2_mat	68200000	68400000	
chr2_mat	68400000	68600000	
chr2_mat	68600000	68800000	
chr2_mat	68800000	69000000	
chr2_mat	69000000	69200000	
chr2_mat	69200000	69400000	
chr2_mat	69400000	69600000	
chr2_mat	69600000	69800000	
chr2_mat	69800000	70000000	
chr2_mat	70000000	70200000	
chr2_mat	70200000	70400000	
chr2_mat	70400000	70600000	
chr2_mat	70600000	70800000	
chr2_mat	70800000	71000000	
chr2_mat	71000000	71200000	
chr2_mat	71200000	71400000	
chr2_mat	71400000	71600000	
chr2_mat	71600000	71800000	
chr2_mat	71800000	72000000	
chr2_mat	72000000	72200000	
chr2_mat	72200000	72400000	
chr2_mat	72400000	72600000	
chr2_mat	72600000	72800000	
chr2_mat	72800000	73000000	
chr2_mat	73000000	73200000	
chr2_mat	73200000	73400000	
chr2_mat	73400000	73600000	
chr2_mat	73600000	73800000	
chr2_mat	73800000	74000000	
chr2_mat	74000000	74200000	
chr2_mat	74200000	74400000	
chr2_mat	74400000	74600000	
chr2_mat	74600000	74800000	
chr2_mat	74800000	75000000	
chr2_mat	75000000	75200000	
chr2_mat	75200000	75400000	
chr2_mat	75400000	75600000	
chr2_mat	75600000	75800000	
chr2_mat	75800000	76000000	
chr2_mat	76000000	76200000	
chr2_mat	76200000	76400000	
chr2_mat	76400000	76600000	
chr2_mat	76600000	76800000	
chr2_mat	76800000	77000000	
chr2_mat	77000000	77200000	
chr2_mat	77200000	77400000	
chr2_mat	77400000	77600000	
chr2_mat	77600000	77800000	
chr2_mat	77800000	78000000	
chr2_mat	78000000	78200000	
chr2_mat	78200000	78400000	
chr2_mat	78400000	78600000	
chr2_mat	78600000	78800000	
chr2_mat	78800000	79000000	
chr2_mat	79000000	79200000	
chr2_mat	79200000	79400000	
chr2_mat	79400000	79600000	
chr2_mat	79600000	79800000	
chr2_mat	79800000	80000000	
chr2_mat	80000000	80200000	
chr2_mat	80200000	80400000	
chr2_mat	80400000	80600000	
chr2_mat	80600000	80800000	
chr2_mat	80800000	81000000	
chr2_mat	81000000	81200000	
chr2_mat	81200000	81400000	
chr2_mat	81400000	81600000	
chr2_mat	81600000	81800000	
chr2_mat	81800000	82000000	
chr2_mat	82000000	82200000	
chr2_mat	82200000	82400000	
chr2_mat	82400000	82600000	
chr2_mat	82600000	82800000	
chr2_mat	82800000	83000000	
chr2_mat	83000000	83200000	
chr2_mat	83200000	83400000	
chr2_mat	83400000	83600000	
chr2_mat	83600000	83800000	
chr2_mat	83800000	84000000	
chr2_mat	84000000	84200000	
chr2_mat	84200000	84400000	
chr2_mat	84400000	84600000	
chr2_mat	84600000	84800000	
chr2_mat	84800000	85000000	
chr2_mat	85000000	85200000	
chr2_mat	85200000	85400000	
chr2_mat	85400000	85600000	
chr2_mat	85600000	85800000	
chr2_mat	85800000	86000000	
chr2_mat	86000000	86200000	
chr2_mat	86200000	86400000	
chr2_mat	86400000	86600000	
chr2_mat	86600000	86800000	
chr2_mat	86800000	87000000	
chr2_mat	87000000	87200000	
chr2_mat	87200000	87400000	
chr2_mat	87400000	87600000	
chr2_mat	87600000	87800000	
chr2_mat	87800000	88000000	
chr2_mat	88000000	88200000	
chr2_mat	88200000	88400000	
chr2_mat	88400000	88600000	
chr2_mat	88600000	88800000	
chr2_mat	88800000	89000000	
chr2_mat	89000000	89200000	
chr2_mat	89200000	89400000	
chr2_mat	89400000	89600000	
chr2_mat	89600000	89800000	
chr2_mat	89800000	90000000	
chr2_mat	90000000	90200000	
chr2_mat	90200000	90400000	
chr2_mat	90400000	90600000	
chr2_mat	90600000	90800000	
chr2_mat	90800000	91000000	
chr2_mat	91000000	91200000	
chr2_mat	91200000	91400000	
chr2_mat	91400000	91600000	
chr2_mat	91600000	91800000	
chr2_mat	91800000	92000000	
chr2_mat	92000000	92200000	
chr2_mat	92200000	92400000	
chr2_mat	92400000	92600000	
chr2_mat	92600000	92800000	
chr2_mat	92800000	93000000	
chr2_mat	93000000	93200000	
chr2_mat	93200000	93400000	
chr2_mat	93400000	93600000	
chr2_mat	93600000	93800000	
chr2_mat	93800000	94000000	
chr2_mat	94000000	94200000	
chr2_mat	94200000	94400000	
chr2_mat	94400000	94600000	
chr2_mat	94600000	94800000	
chr2_mat	94800000	95000000	
chr2_mat	95000000	95200000	
chr2_mat	95200000	95400000	
chr2_mat	95400000	95600000	
chr2_mat	95600000	95800000	
chr2_mat	95800000	96000000	
chr2_mat	96000000	96200000	
chr2_mat	96200000	96400000	
chr2_mat	96400000	96600000	
chr2_mat	96600000	96800000	
chr2_mat	96800000	97000000	
chr2_mat	97000000	97200000	
chr2_mat	97200000	97400000	
chr2_mat	97400000	97600000	
chr2_mat	97600000	97800000	
chr2_mat	97800000	98000000	
chr2_mat	98000000	98200000	
chr2_mat	98200000	98400000	
chr2_mat	98400000	98600000	
chr2_mat	98600000	98800000	
chr2_mat	98800000	99000000	
chr2_mat	99000000	99200000	
chr2_mat	99200000	99400000	
chr2_mat	99400000	99600000	
chr2_mat	99600000	99800000	
chr2_mat	99800000	100000000	
chr2_mat	100000000	100200000	
chr2_mat	100200000	100400000	
chr2_mat	100400000	100600000	
chr2_mat	100600000	100800000	
chr2_mat	100800000	101000000	
chr2_mat	101000000	101200000	
chr2_mat	101200000	101400000	
chr2_mat	101400000	101600000	
chr2_mat	101600000	101800000	
chr2_mat	101800000	102000000	
chr2_mat	102000000	102200000	
chr2_mat	102200000	102400000	
chr2_mat	102400000	102600000	
chr2_mat	102600000	102800000	
chr2_mat	102800000	103000000	
chr2_mat	103000000	103200000	
chr2_mat	103200000	103400000	
chr2_mat	103400000	103600000	
chr2_mat	103600000	103800000	
chr2_mat	103800000	104000000	
chr2_mat	104000000	104200000	
chr2_mat	104200000	104400000	
chr2_mat	104400000	104600000	
chr2_mat	104600000	104800000	
chr2_mat	104800000	105000000	
chr2_mat	105000000	105200000	
chr2_mat	105200000	105400000	
chr2_mat	105400000	105600000	
chr2_mat	105600000	105800000	
chr2_mat	105800000	106000000	
chr2_mat	106000000	106200000	
chr2_mat	106200000	106400000	
chr2_mat	106400000	106600000	
chr2_mat	106600000	106800000	
chr2_mat	106800000	107000000	
chr2_mat	107000000	107200000	
chr2_mat	107200000	107400000	
chr2_mat	107400000	107600000	
chr2_mat	107600000	107800000	
chr2_mat	107800000	108000000	
chr2_mat	108000000	108200000	
chr2_mat	108200000	108400000	
chr2_mat	108400000	108600000	
chr2_mat	108600000	108800000	
chr2_mat	108800000	109000000	
chr2_mat	109000000	109200000	
chr2_mat	109200000	109400000	
chr2_mat	109400000	109600000	
chr2_mat	109600000	109800000	
chr2_mat	109800000	110000000	
chr2_mat	110000000	110200000	
chr2_mat	110200000	110400000	
chr2_mat	110400000	110600000	
chr2_mat	110600000	110800000	
chr2_mat	110800000	111000000	
chr2_mat	111000000	111200000	
chr2_mat	111200000	111400000	
chr2_mat	111400000	111600000	
chr2_mat	111600000	111800000	
chr2_mat	111800000	112000000	
chr2_mat	112000000	112200000	
chr2_mat	112200000	112400000	
chr2_mat	112400000	112600000	
chr2_mat	112600000	112800000	
chr2_mat	112800000	113000000	
chr2_mat	113000000	113200000	
chr2_mat	113200000	113400000	
chr2_mat	113400000	113600000	
chr2_mat	113600000	113800000	
chr2_mat	113800000	114000000	
chr2_mat	114000000	114200000	
chr2_mat	114200000	114400000	
chr2_mat	114400000	114600000	
chr2_mat	114600000	114800000	
chr2_mat	114800000	115000000	
chr2_mat	115000000	115200000	
chr2_mat	115200000	115400000	
chr2_mat	115400000	115600000	
chr2_mat	115600000	115800000	
chr2_mat	115800000	116000000	
chr2_mat	116000000	116200000	
chr2_mat	116200000	116400000	
chr2_mat	116400000	116600000	
chr2_mat	116600000	116800000	
chr2_mat	116800000	117000000	
chr2_mat	117000000	117200000	
chr2_mat	117200000	117400000	
chr2_mat	117400000	117600000	
chr2_mat	117600000	117800000	
chr2_mat	117800000	118000000	
chr2_mat	118000000	118200000	
chr2_mat	118200000	118400000	
chr2_mat	118400000	118600000	
chr2_mat	118600000	118800000	
chr2_mat	118800000	119000000	
chr2_mat	119000000	119200000	
chr2_mat	119200000	119400000	
chr2_mat	119400000	119600000	
chr2_mat	119600000	119800000	
chr2_mat	119800000	120000000	
chr2_mat	120000000	120200000	
chr2_mat	120200000	120400000	
chr2_mat	120400000	120600000	
chr2_mat	120600000	120800000	
chr2_mat	120800000	121000000	
chr2_mat	121000000	121200000	
chr2_mat	121200000	121400000	
chr2_mat	121400000	121600000	
chr2_mat	121600000	121800000	
chr2_mat	121800000	122000000	
chr2_mat	122000000	122200000	
chr2_mat	122200000	122400000	
chr2_mat	122400000	122600000	
chr2_mat	122600000	122800000	
chr2_mat	122800000	123000000	
chr2_mat	123000000	123200000	
chr2_mat	123200000	123400000	
chr2_mat	123400000	123600000	
chr2_mat	123600000	123800000	
chr2_mat	123800000	124000000	
chr2_mat	124000000	124200000	
chr2_mat	124200000	124400000	
chr2_mat	124400000	124600000	
chr2_mat	124600000	124800000	
chr2_mat	124800000	125000000	
chr2_mat	125000000	125200000	
chr2_mat	125200000	125400000	
chr2_mat	125400000	125600000	
chr2_mat	125600000	125800000	
chr2_mat	125800000	126000000	
chr2_mat	126000000	126200000	
chr2_mat	126200000	126400000	
chr2_mat	126400000	126600000	
chr2_mat	126600000	126800000	
chr2_mat	126800000	127000000	
chr2_mat	127000000	127200000	
chr2_mat	127200000	127400000	
chr2_mat	127400000	127600000	
chr2_mat	127600000	127800000	
chr2_mat	127800000	128000000	
chr2_mat	128000000	128200000	
chr2_mat	128200000	128400000	
chr2_mat	128400000	128600000	
chr2_mat	128600000	128800000	
chr2_mat	128800000	129000000	
chr2_mat	129000000	129200000	
chr2_mat	129200000	129400000	
chr2_mat	129400000	129600000	
chr2_mat	129600000	129800000	
chr2_mat	129800000	130000000	
chr2_mat	130000000	130200000	
chr2_mat	130200000	130400000	
chr2_mat	130400000	130600000	
chr2_mat	130600000	130800000	
chr2_mat	130800000	131000000	
chr2_mat	131000000	131200000	
chr2_mat	131200000	131400000	
chr2_mat	131400000	131600000	
chr2_mat	131600000	131800000	
chr2_mat	131800000	132000000	
chr2_mat	132000000	132200000	
chr2_mat	132200000	132400000	
chr2_mat	132400000	132600000	
chr2_mat	132600000	132800000	
chr2_mat	132800000	133000000	
chr2_mat	133000000	133200000	
chr2_mat	133200000	133400000	
chr2_mat	133400000	133600000	
chr2_mat	133600000	133800000	
chr2_mat	133800000	134000000	
chr2_mat	134000000	134200000	
chr2_mat	134200000	134400000	
chr2_mat	134400000	134600000	
chr2_mat	134600000	134800000	
chr2_mat	134800000	135000000	
chr2_mat	135000000	135200000	
chr2_mat	135200000	135400000	
chr2_mat	135400000	135600000	
chr2_mat	135600000	135800000	
chr2_mat	135800000	136000000	
chr2_mat	136000000	136200000	
chr2_mat	136200000	136400000	
chr2_mat	136400000	136600000	
chr2_mat	136600000	136800000	
chr2_mat	136800000	137000000	
chr2_mat	137000000	137200000	
chr2_mat	137200000	137400000	
chr2_mat	137400000	137600000	
chr2_mat	137600000	137800000	
chr2_mat	137800000	138000000	
chr2_mat	138000000	138200000	
chr2_mat	138200000	138400000	
chr2_mat	138400000	138600000	
chr2_mat	138600000	138800000	
chr2_mat	138800000	139000000	
chr2_mat	139000000	139200000	
chr2_mat	139200000	139400000	
chr2_mat	139400000	139600000	
chr2_mat	139600000	139800000	
chr2_mat	139800000	140000000	
chr2_mat	140000000	140200000	
chr2_mat	140200000	140400000	
chr2_mat	140400000	140600000	
chr2_mat	140600000	140800000	
chr2_mat	140800000	141000000	
chr2_mat	141000000	141200000	
chr2_mat	141200000	141400000	
chr2_mat	141400000	141600000	
chr2_mat	141600000	141800000	
chr2_mat	141800000	142000000	
chr2_mat	142000000	142200000	
chr2_mat	142200000	142400000	
chr2_mat	142400000	142600000	
chr2_mat	142600000	142800000	
chr2_mat	142800000	143000000	
chr2_mat	143000000	143200000	
chr2_mat	143200000	143400000	
chr2_mat	143400000	143600000	
chr2_mat	143600000	143800000	
chr2_mat	143800000	144000000	
chr2_mat	144000000	144200000	
chr2_mat	144200000	144400000	
chr2_mat	144400000	144600000	
chr2_mat	144600000	144800000	
chr2_mat	144800000	145000000	
chr2_mat	145000000	145200000	
chr2_mat	145200000	145400000	
chr2_mat	145400000	145600000	
chr2_mat	145600000	145800000	
chr2_mat	145800000	146000000	
chr2_mat	146000000	146200000	
chr2_mat	146200000	146400000	
chr2_mat	146400000	146600000	
chr2_mat	146600000	146800000	
chr2_mat	146800000	147000000	
chr2_mat	147000000	147200000	
chr2_mat	147200000	147400000	
chr2_mat	147400000	147600000	
chr2_mat	147600000	147800000	
chr2_mat	147800000	148000000	
chr2_mat	148000000	148200000	6.1911
chr2_mat	148200000	148400000	
chr2_mat	148400000	148600000	
chr2_mat	148600000	148800000	
chr2_mat	148800000	149000000	
chr2_mat	149000000	149200000	0.0278523
chr2_mat	149200000	149400000	0.0245682
chr2_mat	149400000	149600000	0.0241931
chr2_mat	149600000	149800000	0.0216503
chr2_mat	149800000	150000000	0.0190123
chr2_mat	150000000	150200000	0.0170357
chr2_mat	150200000	150400000	0.0158277
chr2_mat	150400000	150600000	0.0122685
chr2_mat	150600000	150800000	0.0167369
chr2_mat	150800000	151000000	0.0136655
chr2_mat	151000000	151200000	0.0331787
chr2_mat	151200000	151400000	
chr2_mat	151400000	151600000	0.0226553
chr2_mat	151600000	151800000	0.00793271
chr2_mat	151800000	152000000	0.0156008
chr2_mat	152000000	152200000	0.0158455
chr2_mat	152200000	152400000	0.0130903
chr2_mat	152400000	152518735	0.409291
chr3_mat	0	200000	0.0483419
chr3_mat	200000	400000	0.0136348
chr3_mat	400000	600000	0.0133439
chr3_mat	600000	800000	0.00897425
chr3_mat	800000	1000000	0.00824718
chr3_mat	1000000	1200000	0.00663613
chr3_mat	1200000	1400000	0.00723803
chr3_mat	1400000	1600000	0.00660586
chr3_mat	1600000	1800000	0.00845855
chr3_mat	1800000	2000000	0.0123825
chr3_mat	2000000	2200000	0.00856328
chr3_mat	2200000	2400000	0.010319
chr3_mat	2400000	2600000	0.0100981
chr3_mat	2600000	2800000	0.0104431
chr3_mat	2800000	3000000	0.0110244
chr3_mat	3000000	3200000	0.0104803
chr3_mat	3200000	3400000	0.0114886
chr3_mat	3400000	3600000	0.00803628
chr3_mat	3600000	3800000	0.00951241
chr3_mat	3800000	4000000	0.0119844
chr3_mat	4000000	4200000	0.01072
chr3_mat	4200000	4400000	0.0114667
chr3_mat	4400000	4600000	0.0114185
chr3_mat	4600000	4800000	0.0131716
chr3_mat	4800000	5000000	0.0114064
chr3_mat	5000000	5200000	0.0099703
chr3_mat	5200000	5400000	0.00867515
chr3_mat	5400000	5600000	0.0136167
chr3_mat	5600000	5800000	0.0123273
chr3_mat	5800000	6000000	0.0126504
chr3_mat	6000000	6200000	0.0116146
chr3_mat	6200000	6400000	0.00909895
chr3_mat	6400000	6600000	0.0123395
chr3_mat	6600000	6800000	0.0127565
chr3_mat	6800000	7000000	0.011698
chr3_mat	7000000	7200000	0.0124429
chr3_mat	7200000	7400000	0.0101203
chr3_mat	7400000	7600000	0.00921919
chr3_mat	7600000	7800000	0.0104967
chr3_mat	7800000	8000000	0.013995
chr3_mat	8000000	8200000	0.0139614
chr3_mat	8200000	8400000	0.0167518
chr3_mat	8400000	8600000	0.0146333
chr3_mat	8600000	8800000	0.0144608
chr3_mat	8800000	9000000	0.0187252
chr3_mat	9000000	9200000	0.0172775
chr3_mat	9200000	9400000	0.0163242
chr3_mat	9400000	9600000	0.0202631
chr3_mat	9600000	9800000	0.0121719
chr3_mat	9800000	10000000	0.0134383
chr3_mat	10000000	10200000	0.0122382
chr3_mat	10200000	10400000	0.0144928
chr3_mat	10400000	10600000	
chr3_mat	10600000	10800000	
chr3_mat	10800000	11000000	
chr3_mat	11000000	11200000	
chr3_mat	11200000	11400000	
chr3_mat	11400000	11600000	
chr3_mat	11600000	11800000	
chr3_mat	11800000	12000000	
chr3_mat	12000000	12200000	
chr3_mat	12200000	12400000	
chr3_mat	12400000	12600000	
chr3_mat	12600000	12800000	
chr3_mat	12800000	13000000	
chr3_mat	13000000	13200000	
chr3_mat	13200000	13400000	
chr3_mat	13400000	13600000	
chr3_mat	13600000	13800000	
chr3_mat	13800000	14000000	
chr3_mat	14000000	14200000	
chr3_mat	14200000	14400000	
chr3_mat	14400000	14600000	
chr3_mat	14600000	14800000	
chr3_mat	14800000	15000000	
chr3_mat	15000000	15200000	
chr3_mat	15200000	15400000	
chr3_mat	15400000	15600000	
chr3_mat	15600000	15800000	0.0451465
chr3_mat	15800000	16000000	0.01095
chr3_mat	16000000	16200000	0.0118725
chr3_mat	16200000	16400000	0.0153619
chr3_mat	16400000	16600000	0.0162231
chr3_mat	16600000	16800000	0.0135993
chr3_mat	16800000	17000000	0.0126543
chr3_mat	17000000	17200000	0.0104125
chr3_mat	17200000	17400000	0.0130569
chr3_mat	17400000	17600000	0.0149384
chr3_mat	17600000	17800000	0.0233843
chr3_mat	17800000	18000000	0.0184896
chr3_mat	18000000	18200000	0.0207486
chr3_mat	18200000	18400000	0.0107764
chr3_mat	18400000	18600000	0.0172178
chr3_mat	18600000	18800000	0.0197743
chr3_mat	18800000	19000000	0.0151921
chr3_mat	19000000	19200000	0.0293121
chr3_mat	19200000	19400000	0.0166429
chr3_mat	19400000	19600000	0.0135497
chr3_mat	19600000	19800000	0.0105121
chr3_mat	19800000	20000000	0.0223949
chr3_mat	20000000	20200000	0.0189045
chr3_mat	20200000	20400000	0.0183157
chr3_mat	20400000	20600000	0.0177027
chr3_mat	20600000	20800000	0.0144029
chr3_mat	20800000	21000000	0.0186519
chr3_mat	21000000	21200000	0.0142572
chr3_mat	21200000	21400000	0.0127207
chr3_mat	21400000	21600000	0.0124043
chr3_mat	21600000	21800000	0.011959
chr3_mat	21800000	22000000	0.0137884
chr3_mat	22000000	22200000	0.0190513
chr3_mat	22200000	22400000	0.0150354
chr3_mat	22400000	22600000	0.0132794
chr3_mat	22600000	22800000	0.019318
chr3_mat	22800000	23000000	0.02415
chr3_mat	23000000	23200000	0.0261276
chr3_mat	23200000	23400000	0.0211136
chr3_mat	23400000	23600000	0.0165866
chr3_mat	23600000	23800000	0.0159646
chr3_mat	23800000	24000000	0.0297981
chr3_mat	24000000	24200000	0.0177468
chr3_mat	24200000	24400000	0.0216038
chr3_mat	24400000	24600000	0.0176144
chr3_mat	24600000	24800000	0.0206724
chr3_mat	24800000	25000000	0.0129553
chr3_mat	25000000	25200000	0.00963024
chr3_mat	25200000	25400000	0.0134366
chr3_mat	25400000	25600000	0.0169114
chr3_mat	25600000	25800000	0.0146241
chr3_mat	25800000	26000000	0.0156512
chr3_mat	26000000	26200000	0.0203649
chr3_mat	26200000	26400000	0.0135577
chr3_mat	26400000	26600000	0.0145151
chr3_mat	26600000	26800000	0.0115684
chr3_mat	26800000	27000000	0.0128197
chr3_mat	27000000	27200000	0.0166537
chr3_mat	27200000	27400000	0.0141704
chr3_mat	27400000	27600000	0.0179649
chr3_mat	27600000	27800000	0.0149787
chr3_mat	27800000	28000000	0.014343
chr3_mat	28000000	28200000	0.0241707
chr3_mat	28200000	28400000	0.0187873
chr3_mat	28400000	28600000	0.0215084
chr3_mat	28600000	28800000	0.0467974
chr3_mat	28800000	29000000	0.0314674
chr3_mat	29000000	29200000	0.0137503
chr3_mat	29200000	29400000	0.0289773
chr3_mat	29400000	29600000	0.0185974
chr3_mat	29600000	29800000	0.0163363
chr3_mat	29800000	30000000	0.0202368
chr3_mat	30000000	30200000	0.027486
chr3_mat	30200000	30400000	0.0145558
chr3_mat	30400000	30600000	0.0241645
chr3_mat	30600000	30800000	0.0187307
chr3_mat	30800000	31000000	0.0147857
chr3_mat	31000000	31200000	0.0177879
chr3_mat	31200000	31400000	0.017966
chr3_mat	31400000	31600000	0.016063
chr3_mat	31600000	31800000	0.0188528
chr3_mat	31800000	32000000	0.0177474
chr3_mat	32000000	32200000	0.0245626
chr3_mat	32200000	32400000	0.0155694
chr3_mat	32400000	32600000	0.0174582
chr3_mat	32600000	32800000	0.015079
chr3_mat	32800000	33000000	0.0137977
chr3_mat	33000000	33200000	0.0187076
chr3_mat	33200000	33400000	0.0467722
chr3_mat	33400000	33600000	0.0196914
chr3_mat	33600000	33800000	0.019615
chr3_mat	33800000	34000000	0.0193882
chr3_mat	34000000	34200000	0.0116316
chr3_mat	34200000	34400000	0.0166467
chr3_mat	34400000	34600000	0.0164694
chr3_mat	34600000	34800000	0.0182719
chr3_mat	34800000	35000000	0.0189517
chr3_mat	35000000	35200000	0.0140924
chr3_mat	35200000	35400000	0.0150753
chr3_mat	35400000	35600000	0.00908802
chr3_mat	35600000	35800000	0.0143896
chr3_mat	35800000	36000000	0.0113594
chr3_mat	36000000	36200000	0.0250127
chr3_mat	36200000	36400000	0.0179979
chr3_mat	36400000	36600000	0.0125216
chr3_mat	36600000	36800000	0.0170528
chr3_mat	36800000	37000000	0.0187158
chr3_mat	37000000	37200000	0.0123412
chr3_mat	37200000	37400000	0.0175535
chr3_mat	37400000	37600000	0.0252699
chr3_mat	37600000	37800000	0.011569
chr3_mat	37800000	38000000	0.019039
chr3_mat	38000000	38200000	0.0407968
chr3_mat	38200000	38400000	0.031047
chr3_mat	38400000	38600000	0.0227765
chr3_mat	38600000	38800000	0.0273489
chr3_mat	38800000	39000000	0.0230271
chr3_mat	39000000	39200000	0.017812
chr3_mat	39200000	39400000	0.0207172
chr3_mat	39400000	39600000	0.0296255
chr3_mat	39600000	39800000	0.0575617
chr3_mat	39800000	40000000	0.048804
chr3_mat	40000000	40200000	0.0228325
chr3_mat	40200000	40400000	0.0180901
chr3_mat	40400000	40600000	0.0183736
chr3_mat	40600000	40800000	0.0125971
chr3_mat	40800000	41000000	0.0134946
chr3_mat	41000000	41200000	0.0156331
chr3_mat	41200000	41400000	0.0210232
chr3_mat	41400000	41600000	0.0230221
chr3_mat	41600000	41800000	0.0200909
chr3_mat	41800000	42000000	0.0159871
chr3_mat	42000000	42200000	0.0121693
chr3_mat	42200000	42400000	0.0155657
chr3_mat	42400000	42600000	0.0178221
chr3_mat	42600000	42800000	0.0219502
chr3_mat	42800000	43000000	0.0171703
chr3_mat	43000000	43200000	0.0282862
chr3_mat	43200000	43400000	0.0213413
chr3_mat	43400000	43600000	0.0255478
chr3_mat	43600000	43800000	0.0177008
chr3_mat	43800000	44000000	0.0268277
chr3_mat	44000000	44200000	0.020414
chr3_mat	44200000	44400000	0.0200029
chr3_mat	44400000	44600000	0.0156804
chr3_mat	44600000	44800000	0.0117994
chr3_mat	44800000	45000000	0.0229105
chr3_mat	45000000	45200000	0.0250304
chr3_mat	45200000	45400000	0.0186
chr3_mat	45400000	45600000	0.0147416
chr3_mat	45600000	45800000	0.021231
chr3_mat	45800000	46000000	0.0119061
chr3_mat	46000000	46200000	0.0118923
chr3_mat	46200000	46400000	0.0121056
chr3_mat	46400000	46600000	0.0144323
chr3_mat	46600000	46800000	0.00957587
chr3_mat	46800000	47000000	0.011373
chr3_mat	47000000	47200000	0.0122897
chr3_mat	47200000	47400000	0.0117787
chr3_mat	47400000	47600000	0.016813
chr3_mat	47600000	47800000	0.0123575
chr3_mat	47800000	48000000	0.0174034
chr3_mat	48000000	48200000	0.0290454
chr3_mat	48200000	48400000	0.0216031
chr3_mat	48400000	48600000	0.0268666
chr3_mat	48600000	48800000	0.0262483
chr3_mat	48800000	49000000	
chr3_mat	49000000	49200000	0.0478372
chr3_mat	49200000	49400000	
chr3_mat	49400000	49600000	0.0246762
chr3_mat	49600000	49800000	0.0146981
chr3_mat	49800000	50000000	0.0165162
chr3_mat	50000000	50200000	0.0149857
chr3_mat	50200000	50400000	0.0155107
chr3_mat	50400000	50600000	0.0144464
chr3_mat	50600000	50800000	0.0127389
chr3_mat	50800000	51000000	0.0172758
chr3_mat	51000000	51200000	0.0211569
chr3_mat	51200000	51400000	0.0193966
chr3_mat	51400000	51600000	0.0188664
chr3_mat	51600000	51800000	0.021172
chr3_mat	51800000	52000000	0.0180867
chr3_mat	52000000	52200000	0.0132464
chr3_mat	52200000	52400000	0.0161047
chr3_mat	52400000	52600000	0.0173546
chr3_mat	52600000	52800000	0.018122
chr3_mat	52800000	53000000	0.0232175
chr3_mat	53000000	53200000	0.0191815
chr3_mat	53200000	53400000	0.0153945
chr3_mat	53400000	53600000	0.0175991
chr3_mat	53600000	53800000	0.0130772
chr3_mat	53800000	54000000	0.0292376
chr3_mat	54000000	54200000	0.0272766
chr3_mat	54200000	54400000	0.0215508
chr3_mat	54400000	54600000	0.0293198
chr3_mat	54600000	54800000	0.0248595
chr3_mat	54800000	55000000	0.0284653
chr3_mat	55000000	55200000	
chr3_mat	55200000	55400000	0.0247482
chr3_mat	55400000	55600000	0.0182076
chr3_mat	55600000	55800000	0.0197594
chr3_mat	55800000	56000000	0.0225113
chr3_mat	56000000	56200000	0.011962
chr3_mat	56200000	56400000	0.0169488
chr3_mat	56400000	56600000	0.0208689
chr3_mat	56600000	56800000	0.0160653
chr3_mat	56800000	57000000	0.0207419
chr3_mat	57000000	57200000	0.0186992
chr3_mat	57200000	57400000	0.0183878
chr3_mat	57400000	57600000	0.0159184
chr3_mat	57600000	57800000	0.0148972
chr3_mat	57800000	58000000	0.0126792
chr3_mat	58000000	58200000	0.0107941
chr3_mat	58200000	58400000	0.0141682
chr3_mat	58400000	58600000	0.0148265
chr3_mat	58600000	58800000	0.0190404
chr3_mat	58800000	59000000	0.0166222
chr3_mat	59000000	59200000	0.0145567
chr3_mat	59200000	59400000	0.0161801
chr3_mat	59400000	59600000	0.020023
chr3_mat	59600000	59800000	0.0199813
chr3_mat	59800000	60000000	0.0153316
chr3_mat	60000000	60200000	0.0177949
chr3_mat	60200000	60400000	0.0196128
chr3_mat	60400000	60600000	0.0241933
chr3_mat	60600000	60800000	0.01559
chr3_mat	60800000	61000000	0.0182794
chr3_mat	61000000	61200000	0.0213737
chr3_mat	61200000	61400000	0.0442009
chr3_mat	61400000	61600000	0.0197205
chr3_mat	61600000	61800000	0.0180373
chr3_mat	61800000	62000000	0.0218916
chr3_mat	62000000	62200000	0.0134657
chr3_mat	62200000	62400000	0.0159377
chr3_mat	62400000	62600000	0.0169468
chr3_mat	62600000	62800000	0.0154895
chr3_mat	62800000	63000000	0.0178389
chr3_mat	63000000	63200000	0.0212224
chr3_mat	63200000	63400000	0.0168163
chr3_mat	63400000	63600000	0.0213272
chr3_mat	63600000	63800000	0.022914
chr3_mat	63800000	64000000	0.0290348
chr3_mat	64000000	64200000	0.0387146
chr3_mat	64200000	64400000	0.0177665
chr3_mat	64400000	64600000	0.0163183
chr3_mat	64600000	64800000	0.0178197
chr3_mat	64800000	65000000	0.0186075
chr3_mat	65000000	65200000	0.0158996
chr3_mat	65200000	65400000	0.0163917
chr3_mat	65400000	65600000	0.0270984
chr3_mat	65600000	65800000	
chr3_mat	65800000	66000000	0.0152764
chr3_mat	66000000	66200000	0.0164181
chr3_mat	66200000	66400000	0.0183019
chr3_mat	66400000	66600000	0.011403
chr3_mat	66600000	66800000	0.0189958
chr3_mat	66800000	67000000	0.0162496
chr3_mat	67000000	67200000	0.0179817
chr3_mat	67200000	67400000	0.0228368
chr3_mat	67400000	67600000	0.0184288
chr3_mat	67600000	67800000	0.0195646
chr3_mat	67800000	68000000	0.0157006
chr3_mat	68000000	68200000	0.0121291
chr3_mat	68200000	68400000	0.0136759
chr3_mat	68400000	68600000	0.0170371
chr3_mat	68600000	68800000	0.0305857
chr3_mat	68800000	69000000	0.0366345
chr3_mat	69000000	69200000	0.0271958
chr3_mat	69200000	69400000	0.0202069
chr3_mat	69400000	69600000	0.0210643
chr3_mat	69600000	69800000	0.0252509
chr3_mat	69800000	70000000	0.0262561
chr3_mat	70000000	70200000	0.0162967
chr3_mat	70200000	70400000	0.0122791
chr3_mat	70400000	70600000	0.0136735
chr3_mat	70600000	70800000	0.0125381
chr3_mat	70800000	71000000	0.0169241
chr3_mat	71000000	71200000	0.0160635
chr3_mat	71200000	71400000	0.0184755
chr3_mat	71400000	71600000	0.0194847
chr3_mat	71600000	71800000	0.0181186
chr3_mat	71800000	72000000	0.0200804
chr3_mat	72000000	72200000	0.0177955
chr3_mat	72200000	72400000	0.0122962
chr3_mat	72400000	72600000	0.0174075
chr3_mat	72600000	72800000	0.0144877
chr3_mat	72800000	73000000	0.0192547
chr3_mat	73000000	73200000	0.014691
chr3_mat	73200000	73400000	0.0128245
chr3_mat	73400000	73600000	0.0229735
chr3_mat	73600000	73800000	0.0190069
chr3_mat	73800000	74000000	0.0204884
chr3_mat	74000000	74200000	0.0231051
chr3_mat	74200000	74400000	0.0407377
chr3_mat	74400000	74600000	0.0242258
chr3_mat	74600000	74800000	0.0338629
chr3_mat	74800000	75000000	0.023267
chr3_mat	75000000	75200000	0.0272092
chr3_mat	75200000	75400000	0.0218191
chr3_mat	75400000	75600000	0.0207459
chr3_mat	75600000	75800000	0.0331118
chr3_mat	75800000	76000000	0.0493449
chr3_mat	76000000	76200000	0.0569296
chr3_mat	76200000	76400000	
chr3_mat	76400000	76600000	0.038533
chr3_mat	76600000	76800000	
chr3_mat	76800000	77000000	
chr3_mat	77000000	77200000	
chr3_mat	77200000	77400000	
chr3_mat	77400000	77600000	
chr3_mat	77600000	77800000	
chr3_mat	77800000	78000000	
chr3_mat	78000000	78200000	
chr3_mat	78200000	78400000	
chr3_mat	78400000	78600000	
chr3_mat	78600000	78800000	
chr3_mat	78800000	79000000	
chr3_mat	79000000	79200000	
chr3_mat	79200000	79400000	
chr3_mat	79400000	79600000	
chr3_mat	79600000	79800000	
chr3_mat	79800000	80000000	
chr3_mat	80000000	80200000	
chr3_mat	80200000	80400000	
chr3_mat	80400000	80600000	0.0392673
chr3_mat	80600000	80800000	0.0477231
chr3_mat	80800000	81000000	
chr3_mat	81000000	81200000	0.0292719
chr3_mat	81200000	81400000	0.0240096
chr3_mat	81400000	81600000	0.0362633
chr3_mat	81600000	81800000	0.0234664
chr3_mat	81800000	82000000	0.0197343
chr3_mat	82000000	82200000	0.0271497
chr3_mat	82200000	82400000	0.023245
chr3_mat	82400000	82600000	0.0148834
chr3_mat	82600000	82800000	0.0177438
chr3_mat	82800000	83000000	0.0152943
chr3_mat	83000000	83200000	0.0188743
chr3_mat	83200000	83400000	0.0224609
chr3_mat	83400000	83600000	0.0175106
chr3_mat	83600000	83800000	0.0149106
chr3_mat	83800000	84000000	0.0180687
chr3_mat	84000000	84200000	0.0300193
chr3_mat	84200000	84400000	0.0168955
chr3_mat	84400000	84600000	0.0168262
chr3_mat	84600000	84800000	0.0175765
chr3_mat	84800000	85000000	0.0155503
chr3_mat	85000000	85200000	0.0143897
chr3_mat	85200000	85400000	0.0129398
chr3_mat	85400000	85600000	0.0175553
chr3_mat	85600000	85800000	0.0178785
chr3_mat	85800000	86000000	0.0133925
chr3_mat	86000000	86200000	0.0127766
chr3_mat	86200000	86400000	0.0216381
chr3_mat	86400000	86600000	0.0149771
chr3_mat	86600000	86800000	0.0129302
chr3_mat	86800000	87000000	0.013126
chr3_mat	87000000	87200000	0.0130879
chr3_mat	87200000	87400000	0.011305
chr3_mat	87400000	87600000	0.00937034
chr3_mat	87600000	87800000	0.0133196
chr3_mat	87800000	88000000	0.0142853
chr3_mat	88000000	88200000	0.0117458
chr3_mat	88200000	88400000	0.0253554
chr3_mat	88400000	88600000	0.0276457
chr3_mat	88600000	88800000	0.0181759
chr3_mat	88800000	89000000	0.0224619
chr3_mat	89000000	89200000	0.0322733
chr3_mat	89200000	89400000	0.0266555
chr3_mat	89400000	89600000	0.0249925
chr3_mat	89600000	89800000	0.0240934
chr3_mat	89800000	90000000	0.0167513
chr3_mat	90000000	90200000	0.016583
chr3_mat	90200000	90400000	0.0170504
chr3_mat	90400000	90600000	0.0230812
chr3_mat	90600000	90800000	0.0176546
chr3_mat	90800000	91000000	0.0116968
chr3_mat	91000000	91200000	0.0168838
chr3_mat	91200000	91400000	0.0161866
chr3_mat	91400000	91600000	0.0179411
chr3_mat	91600000	91800000	0.0146842
chr3_mat	91800000	92000000	0.0148945
chr3_mat	92000000	92200000	0.0194102
chr3_mat	92200000	92400000	0.0139094
chr3_mat	92400000	92600000	0.0118961
chr3_mat	92600000	92800000	0.0102277
chr3_mat	92800000	93000000	0.0160524
chr3_mat	93000000	93200000	0.0185327
chr3_mat	93200000	93400000	0.0207402
chr3_mat	93400000	93600000	0.017797
chr3_mat	93600000	93800000	0.0194751
chr3_mat	93800000	94000000	0.017423
chr3_mat	94000000	94200000	0.0202479
chr3_mat	94200000	94400000	0.025236
chr3_mat	94400000	94600000	0.0168572
chr3_mat	94600000	94800000	0.0116739
chr3_mat	94800000	95000000	0.012343
chr3_mat	95000000	95200000	0.0135052
chr3_mat	95200000	95400000	0.0121967
chr3_mat	95400000	95600000	0.0163253
chr3_mat	95600000	95800000	0.0119907
chr3_mat	95800000	96000000	0.0126125
chr3_mat	96000000	96200000	0.0115705
chr3_mat	96200000	96400000	0.0106599
chr3_mat	96400000	96600000	0.0123163
chr3_mat	96600000	96800000	0.0164328
chr3_mat	96800000	97000000	0.0132525
chr3_mat	97000000	97200000	0.0143729
chr3_mat	97200000	97400000	0.0131356
chr3_mat	97400000	97600000	0.0108858
chr3_mat	97600000	97800000	0.0100611
chr3_mat	97800000	98000000	0.0110802
chr3_mat	98000000	98200000	0.00952351
chr3_mat	98200000	98400000	0.0105752
chr3_mat	98400000	98600000	0.0110226
chr3_mat	98600000	98800000	0.0123078
chr3_mat	98800000	99000000	0.0132171
chr3_mat	99000000	99200000	0.0156123
chr3_mat	99200000	99400000	0.0157441
chr3_mat	99400000	99600000	0.0106022
chr3_mat	99600000	99800000	0.0116353
chr3_mat	99800000	100000000	0.011157
chr3_mat	100000000	100200000	0.0108745
chr3_mat	100200000	100400000	0.01309
chr3_mat	100400000	100600000	0.0155256
chr3_mat	100600000	100800000	0.0140251
chr3_mat	100800000	101000000	0.0119013
chr3_mat	101000000	101200000	0.012017
chr3_mat	101200000	101400000	0.0122468
chr3_mat	101400000	101600000	0.0131539
chr3_mat	101600000	101800000	0.014243
chr3_mat	101800000	102000000	0.0120719
chr3_mat	102000000	102200000	0.00929937
chr3_mat	102200000	102400000	0.0123407
chr3_mat	102400000	102600000	0.0141757
chr3_mat	102600000	102800000	0.0129777
chr3_mat	102800000	103000000	0.00996502
chr3_mat	103000000	103200000	0.0100031
chr3_mat	103200000	103400000	0.0104925
chr3_mat	103400000	103600000	0.0126249
chr3_mat	103600000	103800000	0.0153634
chr3_mat	103800000	104000000	0.015232
chr3_mat	104000000	104200000	0.0119051
chr3_mat	104200000	104400000	0.0119097
chr3_mat	104400000	104600000	0.0114758
chr3_mat	104600000	104800000	0.0129794
chr3_mat	104800000	105000000	0.0140101
chr3_mat	105000000	105200000	0.0145492
chr3_mat	105200000	105400000	0.0140002
chr3_mat	105400000	105600000	0.0119675
chr3_mat	105600000	105800000	0.0120739
chr3_mat	105800000	106000000	0.0126002
chr3_mat	106000000	106200000	0.0121017
chr3_mat	106200000	106400000	0.010395
chr3_mat	106400000	106600000	0.00965866
chr3_mat	106600000	106800000	0.0115435
chr3_mat	106800000	107000000	0.0131235
chr3_mat	107000000	107200000	0.0124982
chr3_mat	107200000	107400000	0.00943524
chr3_mat	107400000	107600000	0.01218
chr3_mat	107600000	107800000	0.0118889
chr3_mat	107800000	108000000	0.0111542
chr3_mat	108000000	108200000	0.00874693
chr3_mat	108200000	108400000	0.0131023
chr3_mat	108400000	108600000	0.0110479
chr3_mat	108600000	108800000	0.00923277
chr3_mat	108800000	109000000	0.0121193
chr3_mat	109000000	109200000	0.0120762
chr3_mat	109200000	109400000	0.0127832
chr3_mat	109400000	109600000	0.011344
chr3_mat	109600000	109800000	0.00891701
chr3_mat	109800000	110000000	0.0109338
chr3_mat	110000000	110200000	0.0115789
chr3_mat	110200000	110400000	0.0117234
chr3_mat	110400000	110600000	0.0116755
chr3_mat	110600000	110800000	0.00972289
chr3_mat	110800000	111000000	0.012568
chr3_mat	111000000	111200000	0.0121077
chr3_mat	111200000	111400000	0.0120728
chr3_mat	111400000	111600000	0.0174904
chr3_mat	111600000	111800000	0.0104002
chr3_mat	111800000	112000000	0.010977
chr3_mat	112000000	112200000	0.00756003
chr3_mat	112200000	112400000	0.0118243
chr3_mat	112400000	112600000	0.0114258
chr3_mat	112600000	112800000	0.0145824
chr3_mat	112800000	113000000	0.0138868
chr3_mat	113000000	113200000	0.0140601
chr3_mat	113200000	113400000	0.0127043
chr3_mat	113400000	113600000	0.00908253
chr3_mat	113600000	113800000	0.0105313
chr3_mat	113800000	114000000	0.00931928
chr3_mat	114000000	114200000	0.0136292
chr3_mat	114200000	114400000	0.012221
chr3_mat	114400000	114600000	0.00981528
chr3_mat	114600000	114800000	0.0087132
chr3_mat	114800000	115000000	0.0133417
chr3_mat	115000000	115200000	0.0131165
chr3_mat	115200000	115400000	0.0718336
chr3_mat	115400000	115600000	
chr3_mat	115600000	115612305	
chr4_mat	0	200000	0.0348054
chr4_mat	200000	400000	0.0222916
chr4_mat	400000	600000	0.0122949
chr4_mat	600000	800000	0.00831303
chr4_mat	800000	1000000	0.00987502
chr4_mat	1000000	1200000	0.0101878
chr4_mat	1200000	1400000	0.00865239
chr4_mat	1400000	1600000	0.00827117
chr4_mat	1600000	1800000	0.00808356
chr4_mat	1800000	2000000	0.00841983
chr4_mat	2000000	2200000	0.0103007
chr4_mat	2200000	2400000	0.0121061
chr4_mat	2400000	2600000	0.0121937
chr4_mat	2600000	2800000	0.00883459
chr4_mat	2800000	3000000	0.00796412
chr4_mat	3000000	3200000	0.00840257
chr4_mat	3200000	3400000	0.0108635
chr4_mat	3400000	3600000	0.0110896
chr4_mat	3600000	3800000	0.0115517
chr4_mat	3800000	4000000	0.0111978
chr4_mat	4000000	4200000	0.0109791
chr4_mat	4200000	4400000	0.0103758
chr4_mat	4400000	4600000	0.0106067
chr4_mat	4600000	4800000	0.0105645
chr4_mat	4800000	5000000	0.0100603
chr4_mat	5000000	5200000	0.011142
chr4_mat	5200000	5400000	0.0102446
chr4_mat	5400000	5600000	0.012235
chr4_mat	5600000	5800000	0.00942081
chr4_mat	5800000	6000000	0.00741734
chr4_mat	6000000	6200000	0.0142754
chr4_mat	6200000	6400000	0.0145554
chr4_mat	6400000	6600000	0.0168688
chr4_mat	6600000	6800000	0.0100303
chr4_mat	6800000	7000000	0.00914594
chr4_mat	7000000	7200000	0.0121801
chr4_mat	7200000	7400000	0.0111085
chr4_mat	7400000	7600000	0.00815582
chr4_mat	7600000	7800000	0.012398
chr4_mat	7800000	8000000	0.0132602
chr4_mat	8000000	8200000	0.0113937
chr4_mat	8200000	8400000	0.00963775
chr4_mat	8400000	8600000	0.0120164
chr4_mat	8600000	8800000	0.0107415
chr4_mat	8800000	9000000	0.0088993
chr4_mat	9000000	9200000	0.00909151
chr4_mat	9200000	9400000	0.00804767
chr4_mat	9400000	9600000	0.0118203
chr4_mat	9600000	9800000	0.0113388
chr4_mat	9800000	10000000	0.0106963
chr4_mat	10000000	10200000	0.0114331
chr4_mat	10200000	10400000	0.012417
chr4_mat	10400000	10600000	0.0118313
chr4_mat	10600000	10800000	0.0111049
chr4_mat	10800000	11000000	0.012119
chr4_mat	11000000	11200000	0.0122115
chr4_mat	11200000	11400000	0.0118354
chr4_mat	11400000	11600000	0.0121014
chr4_mat	11600000	11800000	0.00842612
chr4_mat	11800000	12000000	0.0109334
chr4_mat	12000000	12200000	0.00839627
chr4_mat	12200000	12400000	0.010622
chr4_mat	12400000	12600000	0.0119349
chr4_mat	12600000	12800000	0.011635
chr4_mat	12800000	13000000	0.0126447
chr4_mat	13000000	13200000	0.0115034
chr4_mat	13200000	13400000	0.0115235
chr4_mat	13400000	13600000	0.0139989
chr4_mat	13600000	13800000	0.0129427
chr4_mat	13800000	14000000	0.0130988
chr4_mat	14000000	14200000	0.0143322
chr4_mat	14200000	14400000	0.0116414
chr4_mat	14400000	14600000	0.0135051
chr4_mat	14600000	14800000	0.0129277
chr4_mat	14800000	15000000	0.011182
chr4_mat	15000000	15200000	0.012207
chr4_mat	15200000	15400000	0.0118646
chr4_mat	15400000	15600000	0.0155951
chr4_mat	15600000	15800000	0.0114611
chr4_mat	15800000	16000000	0.014602
chr4_mat	16000000	16200000	0.014297
chr4_mat	16200000	16400000	0.0151962
chr4_mat	16400000	16600000	0.0145906
chr4_mat	16600000	16800000	0.0143784
chr4_mat	16800000	17000000	0.0136847
chr4_mat	17000000	17200000	0.0142971
chr4_mat	17200000	17400000	0.0155712
chr4_mat	17400000	17600000	0.0152052
chr4_mat	17600000	17800000	0.0215683
chr4_mat	17800000	18000000	0.0166878
chr4_mat	18000000	18200000	0.0113312
chr4_mat	18200000	18400000	0.0100274
chr4_mat	18400000	18600000	0.0178
chr4_mat	18600000	18800000	0.0158585
chr4_mat	18800000	19000000	0.0242111
chr4_mat	19000000	19200000	0.0245216
chr4_mat	19200000	19400000	0.0141794
chr4_mat	19400000	19600000	0.0163227
chr4_mat	19600000	19800000	0.0184823
chr4_mat	19800000	20000000	0.0309842
chr4_mat	20000000	20200000	0.0200549
chr4_mat	20200000	20400000	0.0236683
chr4_mat	20400000	20600000	0.0205624
chr4_mat	20600000	20800000	0.0208108
chr4_mat	20800000	21000000	0.0197121
chr4_mat	21000000	21200000	0.0194547
chr4_mat	21200000	21400000	0.0243043
chr4_mat	21400000	21600000	
chr4_mat	21600000	21800000	0.0386073
chr4_mat	21800000	22000000	0.0166494
chr4_mat	22000000	22200000	0.0142287
chr4_mat	22200000	22400000	0.015517
chr4_mat	22400000	22600000	0.012241
chr4_mat	22600000	22800000	0.0144905
chr4_mat	22800000	23000000	0.0119378
chr4_mat	23000000	23200000	0.0145696
chr4_mat	23200000	23400000	0.0146625
chr4_mat	23400000	23600000	0.0167928
chr4_mat	23600000	23800000	0.0137092
chr4_mat	23800000	24000000	0.0141661
chr4_mat	24000000	24200000	0.0199174
chr4_mat	24200000	24400000	0.0157017
chr4_mat	24400000	24600000	0.0150818
chr4_mat	24600000	24800000	0.0172989
chr4_mat	24800000	25000000	0.019762
chr4_mat	25000000	25200000	0.0391027
chr4_mat	25200000	25400000	0.014578
chr4_mat	25400000	25600000	0.0151641
chr4_mat	25600000	25800000	0.013019
chr4_mat	25800000	26000000	0.0103011
chr4_mat	26000000	26200000	0.0159816
chr4_mat	26200000	26400000	0.0131641
chr4_mat	26400000	26600000	0.0141198
chr4_mat	26600000	26800000	0.0140908
chr4_mat	26800000	27000000	0.0149659
chr4_mat	27000000	27200000	0.0135724
chr4_mat	27200000	27400000	0.0106439
chr4_mat	27400000	27600000	0.0123196
chr4_mat	27600000	27800000	0.0164098
chr4_mat	27800000	28000000	0.0234498
chr4_mat	28000000	28200000	0.0205436
chr4_mat	28200000	28400000	0.0240177
chr4_mat	28400000	28600000	0.0312498
chr4_mat	28600000	28800000	0.0168809
chr4_mat	28800000	29000000	0.0161021
chr4_mat	29000000	29200000	0.0161192
chr4_mat	29200000	29400000	0.0113459
chr4_mat	29400000	29600000	0.0187442
chr4_mat	29600000	29800000	0.0139743
chr4_mat	29800000	30000000	0.0253221
chr4_mat	30000000	30200000	0.0175605
chr4_mat	30200000	30400000	0.0207484
chr4_mat	30400000	30600000	0.0174461
chr4_mat	30600000	30800000	0.0464962
chr4_mat	30800000	31000000	0.0229482
chr4_mat	31000000	31200000	0.0224704
chr4_mat	31200000	31400000	0.0182472
chr4_mat	31400000	31600000	0.0328619
chr4_mat	31600000	31800000	0.0137125
chr4_mat	31800000	32000000	0.0108353
chr4_mat	32000000	32200000	0.0150025
chr4_mat	32200000	32400000	0.0154079
chr4_mat	32400000	32600000	0.026731
chr4_mat	32600000	32800000	0.0177086
chr4_mat	32800000	33000000	0.0223464
chr4_mat	33000000	33200000	
chr4_mat	33200000	33400000	
chr4_mat	33400000	33600000	0.0190264
chr4_mat	33600000	33800000	0.02195
chr4_mat	33800000	34000000	0.0216674
chr4_mat	34000000	34200000	0.0266664
chr4_mat	34200000	34400000	0.0324906
chr4_mat	34400000	34600000	0.0489128
chr4_mat	34600000	34800000	0.0146106
chr4_mat	34800000	35000000	0.0162266
chr4_mat	35000000	35200000	0.0156471
chr4_mat	35200000	35400000	0.0162607
chr4_mat	35400000	35600000	0.0156344
chr4_mat	35600000	35800000	0.0159882
chr4_mat	35800000	36000000	0.0142604
chr4_mat	36000000	36200000	0.0178506
chr4_mat	36200000	36400000	0.0151827
chr4_mat	36400000	36600000	0.0170139
chr4_mat	36600000	36800000	0.0153835
chr4_mat	36800000	37000000	0.0141693
chr4_mat	37000000	37200000	0.0124102
chr4_mat	37200000	37400000	0.0151278
chr4_mat	37400000	37600000	0.0225355
chr4_mat	37600000	37800000	0.0169228
chr4_mat	37800000	38000000	0.0217686
chr4_mat	38000000	38200000	0.0152592
chr4_mat	38200000	38400000	0.0168855
chr4_mat	38400000	38600000	0.0162282
chr4_mat	38600000	38800000	0.0121619
chr4_mat	38800000	39000000	0.0156803
chr4_mat	39000000	39200000	0.0162349
chr4_mat	39200000	39400000	0.0158503
chr4_mat	39400000	39600000	0.0161849
chr4_mat	39600000	39800000	0.0172699
chr4_mat	39800000	40000000	0.0162793
chr4_mat	40000000	40200000	0.0212603
chr4_mat	40200000	40400000	0.0156996
chr4_mat	40400000	40600000	0.0151109
chr4_mat	40600000	40800000	0.0143842
chr4_mat	40800000	41000000	0.016403
chr4_mat	41000000	41200000	0.0177558
chr4_mat	41200000	41400000	0.0156594
chr4_mat	41400000	41600000	0.0133195
chr4_mat	41600000	41800000	0.0162003
chr4_mat	41800000	42000000	0.0171464
chr4_mat	42000000	42200000	0.0122027
chr4_mat	42200000	42400000	0.019489
chr4_mat	42400000	42600000	0.0114303
chr4_mat	42600000	42800000	0.0143499
chr4_mat	42800000	43000000	0.0127922
chr4_mat	43000000	43200000	0.0173237
chr4_mat	43200000	43400000	0.0176153
chr4_mat	43400000	43600000	0.0145403
chr4_mat	43600000	43800000	0.0109651
chr4_mat	43800000	44000000	0.012502
chr4_mat	44000000	44200000	0.0142655
chr4_mat	44200000	44400000	0.0178378
chr4_mat	44400000	44600000	0.0196043
chr4_mat	44600000	44800000	0.014197
chr4_mat	44800000	45000000	0.0123114
chr4_mat	45000000	45200000	0.0130572
chr4_mat	45200000	45400000	0.0213153
chr4_mat	45400000	45600000	0.0182522
chr4_mat	45600000	45800000	0.0178546
chr4_mat	45800000	46000000	0.0136141
chr4_mat	46000000	46200000	0.00915122
chr4_mat	46200000	46400000	0.0174297
chr4_mat	46400000	46600000	0.0134274
chr4_mat	46600000	46800000	0.0167484
chr4_mat	46800000	47000000	0.0146826
chr4_mat	47000000	47200000	0.0188052
chr4_mat	47200000	47400000	0.0142793
chr4_mat	47400000	47600000	
chr4_mat	47600000	47800000	0.0296025
chr4_mat	47800000	48000000	0.0149582
chr4_mat	48000000	48200000	0.0202931
chr4_mat	48200000	48400000	0.0164715
chr4_mat	48400000	48600000	0.0107162
chr4_mat	48600000	48800000	0.0178375
chr4_mat	48800000	49000000	0.0166064
chr4_mat	49000000	49200000	0.0186651
chr4_mat	49200000	49400000	0.0416003
chr4_mat	49400000	49600000	0.0121147
chr4_mat	49600000	49800000	0.0109313
chr4_mat	49800000	50000000	0.0147434
chr4_mat	50000000	50200000	0.0168396
chr4_mat	50200000	50400000	0.0156612
chr4_mat	50400000	50600000	0.0178257
chr4_mat	50600000	50800000	0.0182281
chr4_mat	50800000	51000000	0.0195633
chr4_mat	51000000	51200000	0.0186013
chr4_mat	51200000	51400000	0.0152614
chr4_mat	51400000	51600000	0.0141043
chr4_mat	51600000	51800000	0.016439
chr4_mat	51800000	52000000	0.0183638
chr4_mat	52000000	52200000	0.0194987
chr4_mat	52200000	52400000	0.0179205
chr4_mat	52400000	52600000	0.0171115
chr4_mat	52600000	52800000	0.0187009
chr4_mat	52800000	53000000	0.0162578
chr4_mat	53000000	53200000	0.0161501
chr4_mat	53200000	53400000	0.0190607
chr4_mat	53400000	53600000	0.013491
chr4_mat	53600000	53800000	0.0225975
chr4_mat	53800000	54000000	0.0336091
chr4_mat	54000000	54200000	0.0387882
chr4_mat	54200000	54400000	0.0536082
chr4_mat	54400000	54600000	0.0478207
chr4_mat	54600000	54800000	
chr4_mat	54800000	55000000	
chr4_mat	55000000	55200000	
chr4_mat	55200000	55400000	0.0555359
chr4_mat	55400000	55600000	
chr4_mat	55600000	55800000	
chr4_mat	55800000	56000000	
chr4_mat	56000000	56200000	
chr4_mat	56200000	56400000	
chr4_mat	56400000	56600000	0.0486866
chr4_mat	56600000	56800000	0.055081
chr4_mat	56800000	57000000	
chr4_mat	57000000	57200000	
chr4_mat	57200000	57400000	0.0278349
chr4_mat	57400000	57600000	0.035348
chr4_mat	57600000	57800000	0.0176373
chr4_mat	57800000	58000000	0.016984
chr4_mat	58000000	58200000	0.0158149
chr4_mat	58200000	58400000	0.0156465
chr4_mat	58400000	58600000	0.0143233
chr4_mat	58600000	58800000	0.0113032
chr4_mat	58800000	59000000	0.0169135
chr4_mat	59000000	59200000	0.0165844
chr4_mat	59200000	59400000	0.0158099
chr4_mat	59400000	59600000	0.0132562
chr4_mat	59600000	59800000	0.0152738
chr4_mat	59800000	60000000	0.0137354
chr4_mat	60000000	60200000	0.0215481
chr4_mat	60200000	60400000	
chr4_mat	60400000	60600000	
chr4_mat	60600000	60800000	
chr4_mat	60800000	61000000	
chr4_mat	61000000	61200000	
chr4_mat	61200000	61400000	0.012842
chr4_mat	61400000	61600000	0.0107853
chr4_mat	61600000	61800000	0.0105528
chr4_mat	61800000	62000000	0.0117368
chr4_mat	62000000	62200000	0.0102927
chr4_mat	62200000	62400000	0.0126642
chr4_mat	62400000	62600000	0.0107933
chr4_mat	62600000	62800000	0.0133086
chr4_mat	62800000	63000000	0.0118477
chr4_mat	63000000	63200000	0.0111192
chr4_mat	63200000	63400000	0.0148312
chr4_mat	63400000	63600000	0.0214378
chr4_mat	63600000	63800000	
chr4_mat	63800000	64000000	0.0242061
chr4_mat	64000000	64200000	0.00877946
chr4_mat	64200000	64400000	0.0106961
chr4_mat	64400000	64600000	0.0149083
chr4_mat	64600000	64800000	0.0141252
chr4_mat	64800000	65000000	0.0147856
chr4_mat	65000000	65200000	0.0147316
chr4_mat	65200000	65400000	0.0144374
chr4_mat	65400000	65600000	0.0134822
chr4_mat	65600000	65800000	0.0145075
chr4_mat	65800000	66000000	0.0109214
chr4_mat	66000000	66200000	0.00929109
chr4_mat	66200000	66400000	0.0142644
chr4_mat	66400000	66600000	0.013552
chr4_mat	66600000	66800000	0.0107678
chr4_mat	66800000	67000000	0.0111873
chr4_mat	67000000	67200000	0.0120146
chr4_mat	67200000	67400000	0.01237
chr4_mat	67400000	67600000	0.0102999
chr4_mat	67600000	67800000	0.0130867
chr4_mat	67800000	68000000	0.0143412
chr4_mat	68000000	68200000	0.0135472
chr4_mat	68200000	68400000	0.0152434
chr4_mat	68400000	68600000	0.0121016
chr4_mat	68600000	68800000	0.00785162
chr4_mat	68800000	69000000	0.0104947
chr4_mat	69000000	69200000	0.0143219
chr4_mat	69200000	69400000	0.00951698
chr4_mat	69400000	69600000	0.00711952
chr4_mat	69600000	69800000	0.00891035
chr4_mat	69800000	70000000	0.0114854
chr4_mat	70000000	70200000	0.0124319
chr4_mat	70200000	70400000	0.0172625
chr4_mat	70400000	70600000	0.0104922
chr4_mat	70600000	70800000	0.0114436
chr4_mat	70800000	71000000	0.0423863
chr4_mat	71000000	71200000	0.0107641
chr4_mat	71200000	71400000	0.0105865
chr4_mat	71400000	71600000	0.0114448
chr4_mat	71600000	71800000	0.0108787
chr4_mat	71800000	72000000	0.0114771
chr4_mat	72000000	72200000	0.0122491
chr4_mat	72200000	72400000	0.0119171
chr4_mat	72400000	72600000	0.0123596
chr4_mat	72600000	72800000	0.0119883
chr4_mat	72800000	73000000	0.0110726
chr4_mat	73000000	73200000	0.0120305
chr4_mat	73200000	73400000	0.0122911
chr4_mat	73400000	73600000	0.0208352
chr4_mat	73600000	73776267	
chr4A_mat	0	200000	
chr4A_mat	200000	400000	0.05032
chr4A_mat	400000	600000	0.0182491
chr4A_mat	600000	800000	0.0160621
chr4A_mat	800000	1000000	0.0149017
chr4A_mat	1000000	1200000	0.0169113
chr4A_mat	1200000	1400000	0.0152485
chr4A_mat	1400000	1600000	0.0137228
chr4A_mat	1600000	1800000	0.0119518
chr4A_mat	1800000	2000000	0.0136879
chr4A_mat	2000000	2200000	0.0137709
chr4A_mat	2200000	2400000	0.0140207
chr4A_mat	2400000	2600000	0.0128075
chr4A_mat	2600000	2800000	0.0129317
chr4A_mat	2800000	3000000	0.0127976
chr4A_mat	3000000	3200000	0.0124016
chr4A_mat	3200000	3400000	0.0127641
chr4A_mat	3400000	3600000	0.0128321
chr4A_mat	3600000	3800000	0.0141663
chr4A_mat	3800000	4000000	0.0125554
chr4A_mat	4000000	4200000	0.0118459
chr4A_mat	4200000	4400000	0.0115894
chr4A_mat	4400000	4600000	0.0158915
chr4A_mat	4600000	4800000	0.0092216
chr4A_mat	4800000	5000000	0.00932861
chr4A_mat	5000000	5200000	0.0109759
chr4A_mat	5200000	5400000	0.0118525
chr4A_mat	5400000	5600000	0.0149504
chr4A_mat	5600000	5800000	0.016201
chr4A_mat	5800000	6000000	0.012041
chr4A_mat	6000000	6200000	0.0121953
chr4A_mat	6200000	6400000	0.0116589
chr4A_mat	6400000	6600000	0.0108426
chr4A_mat	6600000	6800000	0.01012
chr4A_mat	6800000	7000000	0.0143596
chr4A_mat	7000000	7200000	0.0132497
chr4A_mat	7200000	7400000	0.0129938
chr4A_mat	7400000	7600000	0.0102123
chr4A_mat	7600000	7800000	0.0143441
chr4A_mat	7800000	8000000	0.0114229
chr4A_mat	8000000	8200000	0.0127745
chr4A_mat	8200000	8400000	0.0144459
chr4A_mat	8400000	8600000	0.0117615
chr4A_mat	8600000	8800000	0.0101808
chr4A_mat	8800000	9000000	0.00869524
chr4A_mat	9000000	9200000	0.0143322
chr4A_mat	9200000	9400000	0.0158147
chr4A_mat	9400000	9600000	0.0115772
chr4A_mat	9600000	9800000	0.00984832
chr4A_mat	9800000	10000000	0.0148327
chr4A_mat	10000000	10200000	0.0145895
chr4A_mat	10200000	10400000	0.0196655
chr4A_mat	10400000	10600000	0.0140127
chr4A_mat	10600000	10800000	0.0128647
chr4A_mat	10800000	11000000	0.0104872
chr4A_mat	11000000	11200000	0.0117824
chr4A_mat	11200000	11400000	0.0112231
chr4A_mat	11400000	11600000	0.00913952
chr4A_mat	11600000	11800000	0.0131776
chr4A_mat	11800000	12000000	0.0124065
chr4A_mat	12000000	12200000	0.0124656
chr4A_mat	12200000	12400000	0.00968327
chr4A_mat	12400000	12600000	0.013234
chr4A_mat	12600000	12800000	0.015529
chr4A_mat	12800000	13000000	0.0184998
chr4A_mat	13000000	13200000	0.0158816
chr4A_mat	13200000	13400000	0.0168457
chr4A_mat	13400000	13600000	0.0190519
chr4A_mat	13600000	13800000	0.0163555
chr4A_mat	13800000	14000000	0.014773
chr4A_mat	14000000	14200000	0.0155911
chr4A_mat	14200000	14400000	0.0148453
chr4A_mat	14400000	14600000	0.010573
chr4A_mat	14600000	14800000	0.012139
chr4A_mat	14800000	15000000	0.0121316
chr4A_mat	15000000	15200000	0.00949505
chr4A_mat	15200000	15400000	0.011417
chr4A_mat	15400000	15600000	0.0116104
chr4A_mat	15600000	15800000	0.00992114
chr4A_mat	15800000	16000000	0.0151198
chr4A_mat	16000000	16200000	0.0143122
chr4A_mat	16200000	16400000	0.0102639
chr4A_mat	16400000	16600000	0.0148465
chr4A_mat	16600000	16800000	0.012243
chr4A_mat	16800000	17000000	0.0123613
chr4A_mat	17000000	17200000	0.00959995
chr4A_mat	17200000	17400000	0.0154589
chr4A_mat	17400000	17600000	0.0144828
chr4A_mat	17600000	17800000	0.0158343
chr4A_mat	17800000	18000000	0.0184329
chr4A_mat	18000000	18200000	0.0154457
chr4A_mat	18200000	18400000	0.0123888
chr4A_mat	18400000	18600000	0.0120496
chr4A_mat	18600000	18800000	0.0212646
chr4A_mat	18800000	19000000	
chr4A_mat	19000000	19200000	
chr4A_mat	19200000	19400000	
chr4A_mat	19400000	19545315	
chr5_mat	0	200000	
chr5_mat	200000	400000	0.0130621
chr5_mat	400000	600000	0.011928
chr5_mat	600000	800000	0.0136028
chr5_mat	800000	1000000	0.0179965
chr5_mat	1000000	1200000	0.0362329
chr5_mat	1200000	1400000	0.0158175
chr5_mat	1400000	1600000	0.0130938
chr5_mat	1600000	1800000	0.0132325
chr5_mat	1800000	2000000	0.0132658
chr5_mat	2000000	2200000	0.036795
chr5_mat	2200000	2400000	0.0182264
chr5_mat	2400000	2600000	0.0136256
chr5_mat	2600000	2800000	0.0146767
chr5_mat	2800000	3000000	0.0128208
chr5_mat	3000000	3200000	0.0105176
chr5_mat	3200000	3400000	0.015561
chr5_mat	3400000	3600000	0.0130398
chr5_mat	3600000	3800000	0.0100043
chr5_mat	3800000	4000000	0.0098817
chr5_mat	4000000	4200000	0.0132129
chr5_mat	4200000	4400000	0.0128873
chr5_mat	4400000	4600000	0.0124198
chr5_mat	4600000	4800000	0.01294
chr5_mat	4800000	5000000	0.0105101
chr5_mat	5000000	5200000	0.0124731
chr5_mat	5200000	5400000	0.0154281
chr5_mat	5400000	5600000	0.0123152
chr5_mat	5600000	5800000	0.00958842
chr5_mat	5800000	6000000	0.0108098
chr5_mat	6000000	6200000	0.0109723
chr5_mat	6200000	6400000	0.0146121
chr5_mat	6400000	6600000	0.0142066
chr5_mat	6600000	6800000	0.0161033
chr5_mat	6800000	7000000	
chr5_mat	7000000	7200000	
chr5_mat	7200000	7400000	
chr5_mat	7400000	7600000	
chr5_mat	7600000	7800000	
chr5_mat	7800000	8000000	
chr5_mat	8000000	8200000	
chr5_mat	8200000	8400000	
chr5_mat	8400000	8600000	
chr5_mat	8600000	8800000	
chr5_mat	8800000	9000000	
chr5_mat	9000000	9200000	
chr5_mat	9200000	9400000	
chr5_mat	9400000	9600000	
chr5_mat	9600000	9800000	0.0161375
chr5_mat	9800000	10000000	0.0162436
chr5_mat	10000000	10200000	0.0156148
chr5_mat	10200000	10400000	0.0154194
chr5_mat	10400000	10600000	0.0169016
chr5_mat	10600000	10800000	0.0148453
chr5_mat	10800000	11000000	0.00824732
chr5_mat	11000000	11200000	0.0112329
chr5_mat	11200000	11400000	0.0091751
chr5_mat	11400000	11600000	0.00828815
chr5_mat	11600000	11800000	0.00940813
chr5_mat	11800000	12000000	0.0103127
chr5_mat	12000000	12200000	0.010201
chr5_mat	12200000	12400000	0.0117554
chr5_mat	12400000	12600000	0.0118517
chr5_mat	12600000	12800000	0.00841073
chr5_mat	12800000	13000000	0.0166976
chr5_mat	13000000	13200000	0.00954759
chr5_mat	13200000	13400000	0.0102189
chr5_mat	13400000	13600000	0.0125816
chr5_mat	13600000	13800000	0.00899119
chr5_mat	13800000	14000000	0.00904162
chr5_mat	14000000	14200000	0.0109077
chr5_mat	14200000	14400000	0.0139865
chr5_mat	14400000	14600000	0.0171056
chr5_mat	14600000	14800000	0.0139071
chr5_mat	14800000	15000000	0.00897093
chr5_mat	15000000	15200000	0.00983326
chr5_mat	15200000	15400000	0.0132776
chr5_mat	15400000	15600000	0.0130387
chr5_mat	15600000	15800000	0.0102752
chr5_mat	15800000	16000000	0.010205
chr5_mat	16000000	16200000	0.011935
chr5_mat	16200000	16400000	0.0110279
chr5_mat	16400000	16600000	0.012404
chr5_mat	16600000	16800000	0.0134214
chr5_mat	16800000	17000000	0.0119112
chr5_mat	17000000	17200000	0.0117787
chr5_mat	17200000	17400000	0.0215387
chr5_mat	17400000	17600000	0.0163816
chr5_mat	17600000	17800000	0.0107749
chr5_mat	17800000	18000000	0.015456
chr5_mat	18000000	18200000	0.0144881
chr5_mat	18200000	18400000	0.010074
chr5_mat	18400000	18600000	0.0215081
chr5_mat	18600000	18800000	0.0132115
chr5_mat	18800000	19000000	0.0112443
chr5_mat	19000000	19200000	0.0125031
chr5_mat	19200000	19400000	0.0103424
chr5_mat	19400000	19600000	0.0155366
chr5_mat	19600000	19800000	0.0124315
chr5_mat	19800000	20000000	0.0121693
chr5_mat	20000000	20200000	0.0141546
chr5_mat	20200000	20400000	0.0126583
chr5_mat	20400000	20600000	0.010021
chr5_mat	20600000	20800000	0.0108844
chr5_mat	20800000	21000000	0.0106089
chr5_mat	21000000	21200000	0.0130468
chr5_mat	21200000	21400000	0.0085296
chr5_mat	21400000	21600000	0.0151163
chr5_mat	21600000	21800000	0.0186195
chr5_mat	21800000	22000000	0.0157285
chr5_mat	22000000	22200000	0.0126032
chr5_mat	22200000	22400000	0.0134969
chr5_mat	22400000	22600000	0.0163664
chr5_mat	22600000	22800000	0.0168738
chr5_mat	22800000	23000000	0.015502
chr5_mat	23000000	23200000	0.0195391
chr5_mat	23200000	23400000	0.0146365
chr5_mat	23400000	23600000	0.0159786
chr5_mat	23600000	23800000	0.0156887
chr5_mat	23800000	24000000	0.016326
chr5_mat	24000000	24200000	0.0162301
chr5_mat	24200000	24400000	0.010902
chr5_mat	24400000	24600000	0.0119141
chr5_mat	24600000	24800000	0.0136358
chr5_mat	24800000	25000000	0.0146075
chr5_mat	25000000	25200000	0.0132691
chr5_mat	25200000	25400000	0.0127613
chr5_mat	25400000	25600000	0.01609
chr5_mat	25600000	25800000	0.0144497
chr5_mat	25800000	26000000	0.00985764
chr5_mat	26000000	26200000	0.01074
chr5_mat	26200000	26400000	0.0105552
chr5_mat	26400000	26600000	0.0106505
chr5_mat	26600000	26800000	0.0119471
chr5_mat	26800000	27000000	0.0138338
chr5_mat	27000000	27200000	0.0121707
chr5_mat	27200000	27400000	0.0138542
chr5_mat	27400000	27600000	0.0125824
chr5_mat	27600000	27800000	0.0100538
chr5_mat	27800000	28000000	0.00967347
chr5_mat	28000000	28200000	0.0122956
chr5_mat	28200000	28400000	0.014169
chr5_mat	28400000	28600000	0.011185
chr5_mat	28600000	28800000	0.0117727
chr5_mat	28800000	29000000	0.0106424
chr5_mat	29000000	29200000	0.0119426
chr5_mat	29200000	29400000	0.0106533
chr5_mat	29400000	29600000	0.0125881
chr5_mat	29600000	29800000	0.00979206
chr5_mat	29800000	30000000	0.0135135
chr5_mat	30000000	30200000	0.011856
chr5_mat	30200000	30400000	0.0160008
chr5_mat	30400000	30600000	0.013841
chr5_mat	30600000	30800000	0.0113403
chr5_mat	30800000	31000000	0.0117553
chr5_mat	31000000	31200000	0.019103
chr5_mat	31200000	31400000	0.0105914
chr5_mat	31400000	31600000	0.0138981
chr5_mat	31600000	31800000	0.00954144
chr5_mat	31800000	32000000	0.0133166
chr5_mat	32000000	32200000	0.0144929
chr5_mat	32200000	32400000	0.0132081
chr5_mat	32400000	32600000	0.00856659
chr5_mat	32600000	32800000	0.0137175
chr5_mat	32800000	33000000	0.0127407
chr5_mat	33000000	33200000	0.011329
chr5_mat	33200000	33400000	0.0146687
chr5_mat	33400000	33600000	0.0149258
chr5_mat	33600000	33800000	0.0114217
chr5_mat	33800000	34000000	0.014302
chr5_mat	34000000	34200000	0.0143419
chr5_mat	34200000	34400000	0.0129747
chr5_mat	34400000	34600000	0.0191385
chr5_mat	34600000	34800000	0.0287613
chr5_mat	34800000	35000000	0.0258419
chr5_mat	35000000	35200000	0.0192426
chr5_mat	35200000	35400000	0.0187217
chr5_mat	35400000	35600000	0.0224106
chr5_mat	35600000	35800000	0.0191826
chr5_mat	35800000	36000000	0.0110216
chr5_mat	36000000	36200000	0.0129768
chr5_mat	36200000	36400000	0.0149001
chr5_mat	36400000	36600000	0.0191689
chr5_mat	36600000	36800000	0.0176299
chr5_mat	36800000	37000000	0.0160547
chr5_mat	37000000	37200000	0.0168679
chr5_mat	37200000	37400000	0.0223274
chr5_mat	37400000	37600000	0.0237389
chr5_mat	37600000	37800000	0.015596
chr5_mat	37800000	38000000	0.0161243
chr5_mat	38000000	38200000	0.0114464
chr5_mat	38200000	38400000	0.011545
chr5_mat	38400000	38600000	0.0132877
chr5_mat	38600000	38800000	0.0170093
chr5_mat	38800000	39000000	0.0201533
chr5_mat	39000000	39200000	0.0196914
chr5_mat	39200000	39400000	0.0242215
chr5_mat	39400000	39600000	0.0157668
chr5_mat	39600000	39800000	0.0117813
chr5_mat	39800000	40000000	0.00891089
chr5_mat	40000000	40200000	0.014885
chr5_mat	40200000	40400000	0.0131428
chr5_mat	40400000	40600000	0.0154051
chr5_mat	40600000	40800000	0.0149715
chr5_mat	40800000	41000000	0.0140677
chr5_mat	41000000	41200000	0.0157853
chr5_mat	41200000	41400000	0.0147204
chr5_mat	41400000	41600000	0.0106249
chr5_mat	41600000	41800000	0.011714
chr5_mat	41800000	42000000	0.0107367
chr5_mat	42000000	42200000	0.0093786
chr5_mat	42200000	42400000	0.0121247
chr5_mat	42400000	42600000	0.013126
chr5_mat	42600000	42800000	0.0144196
chr5_mat	42800000	43000000	0.0107396
chr5_mat	43000000	43200000	0.01676
chr5_mat	43200000	43400000	0.0107215
chr5_mat	43400000	43600000	0.0116401
chr5_mat	43600000	43800000	0.0148188
chr5_mat	43800000	44000000	0.0154975
chr5_mat	44000000	44200000	0.0164438
chr5_mat	44200000	44400000	0.0185594
chr5_mat	44400000	44600000	0.0223775
chr5_mat	44600000	44800000	0.0161502
chr5_mat	44800000	45000000	0.0100583
chr5_mat	45000000	45200000	0.0117712
chr5_mat	45200000	45400000	0.0165111
chr5_mat	45400000	45600000	0.0169128
chr5_mat	45600000	45800000	0.0174252
chr5_mat	45800000	46000000	0.0152167
chr5_mat	46000000	46200000	0.0189802
chr5_mat	46200000	46400000	0.0171538
chr5_mat	46400000	46600000	0.0146398
chr5_mat	46600000	46800000	0.015347
chr5_mat	46800000	47000000	0.0154559
chr5_mat	47000000	47200000	0.0152699
chr5_mat	47200000	47400000	0.0123607
chr5_mat	47400000	47600000	0.0116469
chr5_mat	47600000	47800000	0.013988
chr5_mat	47800000	48000000	0.0132831
chr5_mat	48000000	48200000	0.00964012
chr5_mat	48200000	48400000	0.0127211
chr5_mat	48400000	48600000	0.0112078
chr5_mat	48600000	48800000	0.0109592
chr5_mat	48800000	49000000	0.0100194
chr5_mat	49000000	49200000	0.0129081
chr5_mat	49200000	49400000	0.0100279
chr5_mat	49400000	49600000	0.00902646
chr5_mat	49600000	49800000	0.0130698
chr5_mat	49800000	50000000	0.0279429
chr5_mat	50000000	50200000	
chr5_mat	50200000	50400000	
chr5_mat	50400000	50600000	0.0102993
chr5_mat	50600000	50800000	0.0135895
chr5_mat	50800000	51000000	0.0100339
chr5_mat	51000000	51200000	0.0113697
chr5_mat	51200000	51400000	0.0152533
chr5_mat	51400000	51600000	0.0201802
chr5_mat	51600000	51800000	0.0182193
chr5_mat	51800000	52000000	0.0218376
chr5_mat	52000000	52200000	0.0191201
chr5_mat	52200000	52400000	0.0201772
chr5_mat	52400000	52600000	0.0113465
chr5_mat	52600000	52800000	0.0122782
chr5_mat	52800000	53000000	0.012508
chr5_mat	53000000	53200000	0.00897564
chr5_mat	53200000	53400000	0.0135853
chr5_mat	53400000	53600000	0.0131677
chr5_mat	53600000	53800000	0.0167147
chr5_mat	53800000	54000000	0.0120456
chr5_mat	54000000	54200000	0.00880277
chr5_mat	54200000	54400000	0.0103628
chr5_mat	54400000	54600000	0.0135484
chr5_mat	54600000	54800000	0.0124339
chr5_mat	54800000	55000000	0.0101085
chr5_mat	55000000	55200000	0.00947895
chr5_mat	55200000	55400000	0.0109629
chr5_mat	55400000	55600000	0.0134051
chr5_mat	55600000	55800000	0.0133293
chr5_mat	55800000	56000000	0.0121446
chr5_mat	56000000	56200000	0.0123471
chr5_mat	56200000	56400000	0.0112894
chr5_mat	56400000	56600000	0.0134852
chr5_mat	56600000	56800000	0.0107046
chr5_mat	56800000	57000000	0.0134717
chr5_mat	57000000	57200000	0.0123413
chr5_mat	57200000	57400000	0.0144318
chr5_mat	57400000	57600000	0.0136091
chr5_mat	57600000	57800000	0.0099665
chr5_mat	57800000	58000000	0.0114046
chr5_mat	58000000	58200000	0.0109398
chr5_mat	58200000	58400000	0.0105222
chr5_mat	58400000	58600000	0.0127649
chr5_mat	58600000	58800000	0.0121473
chr5_mat	58800000	59000000	0.0122921
chr5_mat	59000000	59200000	0.0125849
chr5_mat	59200000	59400000	0.00998746
chr5_mat	59400000	59600000	0.00999277
chr5_mat	59600000	59800000	0.0124589
chr5_mat	59800000	60000000	0.0123898
chr5_mat	60000000	60200000	0.016648
chr5_mat	60200000	60400000	0.0110987
chr5_mat	60400000	60600000	0.00850574
chr5_mat	60600000	60800000	0.00992074
chr5_mat	60800000	61000000	0.0129609
chr5_mat	61000000	61200000	0.0136927
chr5_mat	61200000	61400000	0.0110123
chr5_mat	61400000	61600000	0.0101181
chr5_mat	61600000	61800000	0.0109096
chr5_mat	61800000	62000000	0.0105703
chr5_mat	62000000	62200000	0.0145724
chr5_mat	62200000	62400000	0.00961967
chr5_mat	62400000	62600000	0.00890426
chr5_mat	62600000	62800000	0.0127556
chr5_mat	62800000	63000000	0.0104375
chr5_mat	63000000	63200000	0.00809161
chr5_mat	63200000	63400000	0.00912486
chr5_mat	63400000	63600000	0.00956069
chr5_mat	63600000	63800000	0.0100776
chr5_mat	63800000	64000000	0.0097284
chr5_mat	64000000	64200000	0.00901174
chr5_mat	64200000	64400000	0.0145484
chr5_mat	64400000	64600000	0.0320096
chr5_mat	64600000	64800000	0.0246129
chr5_mat	64800000	65000000	
chr5_mat	65000000	65033001	
chr6_mat	0	200000	
chr6_mat	200000	400000	
chr6_mat	400000	600000	
chr6_mat	600000	800000	0.0415427
chr6_mat	800000	1000000	0.0196178
chr6_mat	1000000	1200000	0.0139117
chr6_mat	1200000	1400000	0.0140578
chr6_mat	1400000	1600000	0.0146722
chr6_mat	1600000	1800000	0.0142764
chr6_mat	1800000	2000000	0.00929592
chr6_mat	2000000	2200000	0.00943488
chr6_mat	2200000	2400000	0.0102147
chr6_mat	2400000	2600000	0.0121197
chr6_mat	2600000	2800000	0.0148593
chr6_mat	2800000	3000000	0.01457
chr6_mat	3000000	3200000	0.0145889
chr6_mat	3200000	3400000	0.0112451
chr6_mat	3400000	3600000	0.0111425
chr6_mat	3600000	3800000	0.0107272
chr6_mat	3800000	4000000	0.0117486
chr6_mat	4000000	4200000	0.00912114
chr6_mat	4200000	4400000	0.0146569
chr6_mat	4400000	4600000	0.013079
chr6_mat	4600000	4800000	0.0142341
chr6_mat	4800000	5000000	0.0136284
chr6_mat	5000000	5200000	0.0137364
chr6_mat	5200000	5400000	0.0148115
chr6_mat	5400000	5600000	0.0173699
chr6_mat	5600000	5800000	
chr6_mat	5800000	6000000	
chr6_mat	6000000	6200000	
chr6_mat	6200000	6400000	
chr6_mat	6400000	6600000	
chr6_mat	6600000	6800000	0.0231514
chr6_mat	6800000	7000000	
chr6_mat	7000000	7200000	0.011601
chr6_mat	7200000	7400000	0.0101606
chr6_mat	7400000	7600000	0.0133266
chr6_mat	7600000	7800000	0.0149476
chr6_mat	7800000	8000000	0.0152381
chr6_mat	8000000	8200000	0.0120299
chr6_mat	8200000	8400000	0.0123168
chr6_mat	8400000	8600000	0.0147575
chr6_mat	8600000	8800000	0.0135707
chr6_mat	8800000	9000000	0.0138578
chr6_mat	9000000	9200000	0.0132409
chr6_mat	9200000	9400000	0.0135963
chr6_mat	9400000	9600000	0.0133195
chr6_mat	9600000	9800000	0.0148675
chr6_mat	9800000	10000000	0.0139514
chr6_mat	10000000	10200000	0.0139124
chr6_mat	10200000	10400000	0.0100025
chr6_mat	10400000	10600000	0.0134602
chr6_mat	10600000	10800000	0.0123264
chr6_mat	10800000	11000000	0.00905517
chr6_mat	11000000	11200000	0.0133336
chr6_mat	11200000	11400000	0.0138768
chr6_mat	11400000	11600000	0.0149351
chr6_mat	11600000	11800000	0.0143275
chr6_mat	11800000	12000000	0.0135859
chr6_mat	12000000	12200000	0.013226
chr6_mat	12200000	12400000	0.0105237
chr6_mat	12400000	12600000	0.0126359
chr6_mat	12600000	12800000	0.0114043
chr6_mat	12800000	13000000	0.0124298
chr6_mat	13000000	13200000	0.0110889
chr6_mat	13200000	13400000	0.0153557
chr6_mat	13400000	13600000	0.0152331
chr6_mat	13600000	13800000	0.0162804
chr6_mat	13800000	14000000	0.0157502
chr6_mat	14000000	14200000	0.0114959
chr6_mat	14200000	14400000	0.0129566
chr6_mat	14400000	14600000	0.0223771
chr6_mat	14600000	14800000	0.023268
chr6_mat	14800000	15000000	0.0224058
chr6_mat	15000000	15200000	0.0221653
chr6_mat	15200000	15400000	0.0330103
chr6_mat	15400000	15600000	0.0235875
chr6_mat	15600000	15800000	0.0232531
chr6_mat	15800000	16000000	0.0176783
chr6_mat	16000000	16200000	0.0149155
chr6_mat	16200000	16400000	0.0167299
chr6_mat	16400000	16600000	0.0135473
chr6_mat	16600000	16800000	0.0123012
chr6_mat	16800000	17000000	0.00992118
chr6_mat	17000000	17200000	0.0138481
chr6_mat	17200000	17400000	0.0134834
chr6_mat	17400000	17600000	0.0181635
chr6_mat	17600000	17800000	0.0120739
chr6_mat	17800000	18000000	0.011913
chr6_mat	18000000	18200000	0.0166074
chr6_mat	18200000	18400000	0.0198359
chr6_mat	18400000	18600000	0.0125448
chr6_mat	18600000	18800000	0.0121494
chr6_mat	18800000	19000000	0.0158322
chr6_mat	19000000	19200000	0.0165983
chr6_mat	19200000	19400000	0.0155964
chr6_mat	19400000	19600000	0.0157313
chr6_mat	19600000	19800000	0.01244
chr6_mat	19800000	20000000	0.0159621
chr6_mat	20000000	20200000	0.017297
chr6_mat	20200000	20400000	0.0133729
chr6_mat	20400000	20600000	0.0137243
chr6_mat	20600000	20800000	0.0145822
chr6_mat	20800000	21000000	0.00978873
chr6_mat	21000000	21200000	0.014019
chr6_mat	21200000	21400000	0.0160067
chr6_mat	21400000	21600000	0.0117403
chr6_mat	21600000	21800000	0.0116322
chr6_mat	21800000	22000000	0.0105145
chr6_mat	22000000	22200000	0.0135111
chr6_mat	22200000	22400000	0.0138635
chr6_mat	22400000	22600000	0.0157824
chr6_mat	22600000	22800000	0.0147306
chr6_mat	22800000	23000000	0.0104048
chr6_mat	23000000	23200000	0.0168873
chr6_mat	23200000	23400000	0.01404
chr6_mat	23400000	23600000	0.0104599
chr6_mat	23600000	23800000	0.0117442
chr6_mat	23800000	24000000	0.0129749
chr6_mat	24000000	24200000	0.0152683
chr6_mat	24200000	24400000	0.010584
chr6_mat	24400000	24600000	0.0128412
chr6_mat	24600000	24800000	0.0107403
chr6_mat	24800000	25000000	0.0126296
chr6_mat	25000000	25200000	0.0158325
chr6_mat	25200000	25400000	0.0137135
chr6_mat	25400000	25600000	0.0132685
chr6_mat	25600000	25800000	0.0141618
chr6_mat	25800000	26000000	0.0157125
chr6_mat	26000000	26200000	0.0134727
chr6_mat	26200000	26400000	0.0130784
chr6_mat	26400000	26600000	0.0136549
chr6_mat	26600000	26800000	0.0177894
chr6_mat	26800000	27000000	0.0125193
chr6_mat	27000000	27200000	0.00861748
chr6_mat	27200000	27400000	0.0121407
chr6_mat	27400000	27600000	0.0108749
chr6_mat	27600000	27800000	0.0141317
chr6_mat	27800000	28000000	0.0118902
chr6_mat	28000000	28200000	0.0115802
chr6_mat	28200000	28400000	0.0156619
chr6_mat	28400000	28600000	0.0139204
chr6_mat	28600000	28800000	0.0130714
chr6_mat	28800000	29000000	0.00904015
chr6_mat	29000000	29200000	0.0117423
chr6_mat	29200000	29400000	0.0108367
chr6_mat	29400000	29600000	0.0121099
chr6_mat	29600000	29800000	0.0129081
chr6_mat	29800000	30000000	0.0138623
chr6_mat	30000000	30200000	0.0130444
chr6_mat	30200000	30400000	0.0122058
chr6_mat	30400000	30600000	0.00936697
chr6_mat	30600000	30800000	0.0136991
chr6_mat	30800000	31000000	0.0135528
chr6_mat	31000000	31200000	0.0119127
chr6_mat	31200000	31400000	0.0102576
chr6_mat	31400000	31600000	0.00947041
chr6_mat	31600000	31800000	0.00936484
chr6_mat	31800000	32000000	0.0112315
chr6_mat	32000000	32200000	0.0115511
chr6_mat	32200000	32400000	0.0142577
chr6_mat	32400000	32600000	0.00953326
chr6_mat	32600000	32800000	0.0115968
chr6_mat	32800000	33000000	0.00947363
chr6_mat	33000000	33200000	0.0131124
chr6_mat	33200000	33400000	0.013168
chr6_mat	33400000	33600000	0.0334468
chr6_mat	33600000	33800000	0.0100811
chr6_mat	33800000	34000000	0.0142101
chr6_mat	34000000	34200000	0.00955038
chr6_mat	34200000	34400000	0.0129612
chr6_mat	34400000	34600000	0.0113869
chr6_mat	34600000	34800000	0.0139604
chr6_mat	34800000	35000000	0.0106733
chr6_mat	35000000	35200000	0.0152799
chr6_mat	35200000	35400000	
chr6_mat	35400000	35600000	
chr6_mat	35600000	35800000	0.0169853
chr6_mat	35800000	36000000	0.0115756
chr6_mat	36000000	36200000	0.0129243
chr6_mat	36200000	36400000	0.0122992
chr6_mat	36400000	36600000	0.0122446
chr6_mat	36600000	36800000	0.0331543
chr6_mat	36800000	36968704	
chr7_mat	0	200000	
chr7_mat	200000	400000	
chr7_mat	400000	600000	
chr7_mat	600000	800000	
chr7_mat	800000	1000000	0.0205703
chr7_mat	1000000	1200000	0.0166684
chr7_mat	1200000	1400000	0.0188688
chr7_mat	1400000	1600000	0.0179546
chr7_mat	1600000	1800000	0.0208317
chr7_mat	1800000	2000000	0.0135158
chr7_mat	2000000	2200000	0.0172977
chr7_mat	2200000	2400000	0.0156392
chr7_mat	2400000	2600000	
chr7_mat	2600000	2800000	
chr7_mat	2800000	3000000	
chr7_mat	3000000	3200000	
chr7_mat	3200000	3400000	
chr7_mat	3400000	3600000	0.0152197
chr7_mat	3600000	3800000	0.0247358
chr7_mat	3800000	4000000	0.0233284
chr7_mat	4000000	4200000	
chr7_mat	4200000	4400000	
chr7_mat	4400000	4600000	
chr7_mat	4600000	4800000	
chr7_mat	4800000	5000000	
chr7_mat	5000000	5200000	
chr7_mat	5200000	5400000	0.0290871
chr7_mat	5400000	5600000	0.0211977
chr7_mat	5600000	5800000	0.0198815
chr7_mat	5800000	6000000	0.014625
chr7_mat	6000000	6200000	0.0152592
chr7_mat	6200000	6400000	0.0153968
chr7_mat	6400000	6600000	0.0179087
chr7_mat	6600000	6800000	0.0152415
chr7_mat	6800000	7000000	0.0125837
chr7_mat	7000000	7200000	0.00879177
chr7_mat	7200000	7400000	0.0128063
chr7_mat	7400000	7600000	0.0188336
chr7_mat	7600000	7800000	0.0178073
chr7_mat	7800000	8000000	0.0112407
chr7_mat	8000000	8200000	0.0102311
chr7_mat	8200000	8400000	0.0142775
chr7_mat	8400000	8600000	0.0132035
chr7_mat	8600000	8800000	0.0126491
chr7_mat	8800000	9000000	0.0145962
chr7_mat	9000000	9200000	0.0136799
chr7_mat	9200000	9400000	0.0127558
chr7_mat	9400000	9600000	0.0113487
chr7_mat	9600000	9800000	0.0129747
chr7_mat	9800000	10000000	0.0170948
chr7_mat	10000000	10200000	0.0182753
chr7_mat	10200000	10400000	0.0223783
chr7_mat	10400000	10600000	0.0280709
chr7_mat	10600000	10800000	0.0281082
chr7_mat	10800000	11000000	0.0216308
chr7_mat	11000000	11200000	0.0161653
chr7_mat	11200000	11400000	0.0268837
chr7_mat	11400000	11600000	0.0173541
chr7_mat	11600000	11800000	0.0263017
chr7_mat	11800000	12000000	0.0376393
chr7_mat	12000000	12200000	0.0121077
chr7_mat	12200000	12400000	0.013237
chr7_mat	12400000	12600000	0.0138942
chr7_mat	12600000	12800000	0.013306
chr7_mat	12800000	13000000	0.0129337
chr7_mat	13000000	13200000	0.0139119
chr7_mat	13200000	13400000	0.0196191
chr7_mat	13400000	13600000	0.0191016
chr7_mat	13600000	13800000	0.0181086
chr7_mat	13800000	14000000	0.0143637
chr7_mat	14000000	14200000	0.0160258
chr7_mat	14200000	14400000	0.0127354
chr7_mat	14400000	14600000	0.0150441
chr7_mat	14600000	14800000	0.016923
chr7_mat	14800000	15000000	0.0141603
chr7_mat	15000000	15200000	0.0155101
chr7_mat	15200000	15400000	0.00897418
chr7_mat	15400000	15600000	0.0120931
chr7_mat	15600000	15800000	0.0125435
chr7_mat	15800000	16000000	0.0097096
chr7_mat	16000000	16200000	0.0122192
chr7_mat	16200000	16400000	0.011575
chr7_mat	16400000	16600000	0.0145456
chr7_mat	16600000	16800000	0.0155566
chr7_mat	16800000	17000000	0.0120478
chr7_mat	17000000	17200000	0.0112019
chr7_mat	17200000	17400000	0.0109718
chr7_mat	17400000	17600000	0.0147358
chr7_mat	17600000	17800000	0.0142862
chr7_mat	17800000	18000000	0.0171784
chr7_mat	18000000	18200000	0.0165473
chr7_mat	18200000	18400000	0.0111295
chr7_mat	18400000	18600000	0.014573
chr7_mat	18600000	18800000	0.0394981
chr7_mat	18800000	19000000	0.0174202
chr7_mat	19000000	19200000	0.012285
chr7_mat	19200000	19400000	0.0113038
chr7_mat	19400000	19600000	0.0133845
chr7_mat	19600000	19800000	0.0131438
chr7_mat	19800000	20000000	0.0144262
chr7_mat	20000000	20200000	0.012364
chr7_mat	20200000	20400000	0.0106427
chr7_mat	20400000	20600000	0.0149587
chr7_mat	20600000	20800000	0.0172969
chr7_mat	20800000	21000000	0.0148786
chr7_mat	21000000	21200000	0.0164827
chr7_mat	21200000	21400000	0.0190263
chr7_mat	21400000	21600000	0.0138755
chr7_mat	21600000	21800000	0.0170299
chr7_mat	21800000	22000000	0.0179153
chr7_mat	22000000	22200000	0.0141525
chr7_mat	22200000	22400000	0.0124044
chr7_mat	22400000	22600000	0.0154044
chr7_mat	22600000	22800000	0.0112111
chr7_mat	22800000	23000000	0.0184805
chr7_mat	23000000	23200000	0.0164994
chr7_mat	23200000	23400000	0.0192095
chr7_mat	23400000	23600000	0.0169928
chr7_mat	23600000	23800000	0.0136871
chr7_mat	23800000	24000000	0.00904397
chr7_mat	24000000	24200000	0.0122108
chr7_mat	24200000	24400000	0.0111986
chr7_mat	24400000	24600000	0.0126244
chr7_mat	24600000	24800000	0.0142215
chr7_mat	24800000	25000000	0.0135235
chr7_mat	25000000	25200000	0.0140927
chr7_mat	25200000	25400000	0.0152462
chr7_mat	25400000	25600000	0.0149933
chr7_mat	25600000	25800000	0.014835
chr7_mat	25800000	26000000	0.0155634
chr7_mat	26000000	26200000	0.0107908
chr7_mat	26200000	26400000	0.0115655
chr7_mat	26400000	26600000	0.00939314
chr7_mat	26600000	26800000	0.0141793
chr7_mat	26800000	27000000	0.0140603
chr7_mat	27000000	27200000	0.0135088
chr7_mat	27200000	27400000	0.0114359
chr7_mat	27400000	27600000	0.0113712
chr7_mat	27600000	27800000	0.0127164
chr7_mat	27800000	28000000	0.0123443
chr7_mat	28000000	28200000	0.0152458
chr7_mat	28200000	28400000	0.0124684
chr7_mat	28400000	28600000	0.0119641
chr7_mat	28600000	28800000	0.0116645
chr7_mat	28800000	29000000	0.011344
chr7_mat	29000000	29200000	0.0145562
chr7_mat	29200000	29400000	0.0127094
chr7_mat	29400000	29600000	0.0115824
chr7_mat	29600000	29800000	0.0155989
chr7_mat	29800000	30000000	0.0145323
chr7_mat	30000000	30200000	0.0158295
chr7_mat	30200000	30400000	0.0148098
chr7_mat	30400000	30600000	0.0107628
chr7_mat	30600000	30800000	0.0148739
chr7_mat	30800000	31000000	0.0135627
chr7_mat	31000000	31200000	0.0110502
chr7_mat	31200000	31400000	0.0108997
chr7_mat	31400000	31600000	0.0117157
chr7_mat	31600000	31800000	0.011497
chr7_mat	31800000	32000000	0.0117843
chr7_mat	32000000	32200000	0.0110683
chr7_mat	32200000	32400000	0.0129149
chr7_mat	32400000	32600000	0.0131348
chr7_mat	32600000	32800000	0.0116612
chr7_mat	32800000	33000000	0.0115412
chr7_mat	33000000	33200000	0.00926658
chr7_mat	33200000	33400000	0.0116209
chr7_mat	33400000	33600000	0.0129248
chr7_mat	33600000	33800000	0.0140774
chr7_mat	33800000	34000000	0.0106349
chr7_mat	34000000	34200000	0.012224
chr7_mat	34200000	34400000	0.0128723
chr7_mat	34400000	34600000	0.0111965
chr7_mat	34600000	34800000	0.0126078
chr7_mat	34800000	35000000	0.011922
chr7_mat	35000000	35200000	0.0124368
chr7_mat	35200000	35400000	0.0128493
chr7_mat	35400000	35600000	0.0152764
chr7_mat	35600000	35800000	0.0139922
chr7_mat	35800000	36000000	0.0124344
chr7_mat	36000000	36200000	0.0120833
chr7_mat	36200000	36400000	0.0145309
chr7_mat	36400000	36600000	0.0123066
chr7_mat	36600000	36800000	0.0127598
chr7_mat	36800000	37000000	0.0115561
chr7_mat	37000000	37200000	0.0116389
chr7_mat	37200000	37400000	0.00940617
chr7_mat	37400000	37600000	0.0106043
chr7_mat	37600000	37800000	0.0106383
chr7_mat	37800000	38000000	0.0098413
chr7_mat	38000000	38200000	0.00896368
chr7_mat	38200000	38400000	0.00930936
chr7_mat	38400000	38600000	0.0129541
chr7_mat	38600000	38800000	0.0133809
chr7_mat	38800000	39000000	0.0133367
chr7_mat	39000000	39200000	0.0213703
chr7_mat	39200000	39400000	
chr7_mat	39400000	39422672	
chr8_mat	0	200000	0.0373764
chr8_mat	200000	400000	0.0191738
chr8_mat	400000	600000	0.0158302
chr8_mat	600000	800000	0.0115963
chr8_mat	800000	1000000	0.00998909
chr8_mat	1000000	1200000	0.00901818
chr8_mat	1200000	1400000	0.0102517
chr8_mat	1400000	1600000	0.00987689
chr8_mat	1600000	1800000	0.00992309
chr8_mat	1800000	2000000	0.0120039
chr8_mat	2000000	2200000	0.0130986
chr8_mat	2200000	2400000	0.0114715
chr8_mat	2400000	2600000	0.0131072
chr8_mat	2600000	2800000	0.0139279
chr8_mat	2800000	3000000	0.015231
chr8_mat	3000000	3200000	0.0156457
chr8_mat	3200000	3400000	0.0122016
chr8_mat	3400000	3600000	0.0117657
chr8_mat	3600000	3800000	0.0136214
chr8_mat	3800000	4000000	0.0151105
chr8_mat	4000000	4200000	0.0145623
chr8_mat	4200000	4400000	0.0158484
chr8_mat	4400000	4600000	0.0153832
chr8_mat	4600000	4800000	0.0125791
chr8_mat	4800000	5000000	0.00941222
chr8_mat	5000000	5200000	0.0144694
chr8_mat	5200000	5400000	0.0135588
chr8_mat	5400000	5600000	0.00946385
chr8_mat	5600000	5800000	0.00974714
chr8_mat	5800000	6000000	0.00883258
chr8_mat	6000000	6200000	0.00964669
chr8_mat	6200000	6400000	0.0114033
chr8_mat	6400000	6600000	0.0162415
chr8_mat	6600000	6800000	0.0142857
chr8_mat	6800000	7000000	0.015047
chr8_mat	7000000	7200000	0.0132366
chr8_mat	7200000	7400000	0.0135055
chr8_mat	7400000	7600000	0.0151814
chr8_mat	7600000	7800000	0.012465
chr8_mat	7800000	8000000	0.0146293
chr8_mat	8000000	8200000	0.0151212
chr8_mat	8200000	8400000	0.00988915
chr8_mat	8400000	8600000	0.0123484
chr8_mat	8600000	8800000	0.0112205
chr8_mat	8800000	9000000	0.0116344
chr8_mat	9000000	9200000	0.0107864
chr8_mat	9200000	9400000	0.00919324
chr8_mat	9400000	9600000	0.011265
chr8_mat	9600000	9800000	0.0106115
chr8_mat	9800000	10000000	0.0139975
chr8_mat	10000000	10200000	0.0124703
chr8_mat	10200000	10400000	0.0144203
chr8_mat	10400000	10600000	0.0125683
chr8_mat	10600000	10800000	0.0165991
chr8_mat	10800000	11000000	0.0108995
chr8_mat	11000000	11200000	0.0123294
chr8_mat	11200000	11400000	0.0147745
chr8_mat	11400000	11600000	0.0122117
chr8_mat	11600000	11800000	0.00980311
chr8_mat	11800000	12000000	0.0113662
chr8_mat	12000000	12200000	0.0175712
chr8_mat	12200000	12400000	0.0155632
chr8_mat	12400000	12600000	0.0140103
chr8_mat	12600000	12800000	0.0168827
chr8_mat	12800000	13000000	0.01931
chr8_mat	13000000	13200000	0.0177618
chr8_mat	13200000	13400000	0.0173828
chr8_mat	13400000	13600000	0.0174659
chr8_mat	13600000	13800000	0.016629
chr8_mat	13800000	14000000	0.0102069
chr8_mat	14000000	14200000	0.0105234
chr8_mat	14200000	14400000	0.00943322
chr8_mat	14400000	14600000	0.0136766
chr8_mat	14600000	14800000	0.0127317
chr8_mat	14800000	15000000	0.0220688
chr8_mat	15000000	15200000	0.0200577
chr8_mat	15200000	15400000	0.0174266
chr8_mat	15400000	15600000	0.0105334
chr8_mat	15600000	15800000	0.0106123
chr8_mat	15800000	16000000	0.017139
chr8_mat	16000000	16200000	0.0117494
chr8_mat	16200000	16400000	0.0141571
chr8_mat	16400000	16600000	0.0111503
chr8_mat	16600000	16800000	0.0106339
chr8_mat	16800000	17000000	0.0115552
chr8_mat	17000000	17200000	0.0135185
chr8_mat	17200000	17400000	0.0148229
chr8_mat	17400000	17600000	0.0190326
chr8_mat	17600000	17800000	0.0134639
chr8_mat	17800000	18000000	0.0170698
chr8_mat	18000000	18200000	0.0163359
chr8_mat	18200000	18400000	0.0169338
chr8_mat	18400000	18600000	0.0160223
chr8_mat	18600000	18800000	0.00973539
chr8_mat	18800000	19000000	0.0107749
chr8_mat	19000000	19200000	0.013368
chr8_mat	19200000	19400000	0.0139935
chr8_mat	19400000	19600000	0.014693
chr8_mat	19600000	19800000	0.0128323
chr8_mat	19800000	20000000	0.0165578
chr8_mat	20000000	20200000	0.0144346
chr8_mat	20200000	20400000	0.0149367
chr8_mat	20400000	20600000	0.0186116
chr8_mat	20600000	20800000	0.0142428
chr8_mat	20800000	21000000	0.0092925
chr8_mat	21000000	21200000	0.00959479
chr8_mat	21200000	21400000	0.0155296
chr8_mat	21400000	21600000	0.0163605
chr8_mat	21600000	21800000	0.0143087
chr8_mat	21800000	22000000	0.0133183
chr8_mat	22000000	22200000	0.0151277
chr8_mat	22200000	22400000	0.0118847
chr8_mat	22400000	22600000	0.0144641
chr8_mat	22600000	22800000	0.015859
chr8_mat	22800000	23000000	0.0164971
chr8_mat	23000000	23200000	0.0117227
chr8_mat	23200000	23400000	0.00871474
chr8_mat	23400000	23600000	0.0103765
chr8_mat	23600000	23800000	0.0107553
chr8_mat	23800000	24000000	0.0122922
chr8_mat	24000000	24200000	0.0103881
chr8_mat	24200000	24400000	0.014149
chr8_mat	24400000	24600000	0.0110783
chr8_mat	24600000	24800000	0.0151875
chr8_mat	24800000	25000000	0.0162525
chr8_mat	25000000	25200000	0.0164986
chr8_mat	25200000	25400000	0.0175733
chr8_mat	25400000	25600000	0.0202749
chr8_mat	25600000	25800000	0.0263917
chr8_mat	25800000	26000000	0.034026
chr8_mat	26000000	26200000	0.037185
chr8_mat	26200000	26400000	0.0420301
chr8_mat	26400000	26600000	
chr8_mat	26600000	26800000	
chr8_mat	26800000	27000000	
chr8_mat	27000000	27200000	
chr8_mat	27200000	27400000	
chr8_mat	27400000	27600000	
chr8_mat	27600000	27800000	
chr8_mat	27800000	28000000	0.0245887
chr8_mat	28000000	28200000	0.017447
chr8_mat	28200000	28400000	0.0158711
chr8_mat	28400000	28600000	0.0151297
chr8_mat	28600000	28800000	0.0137285
chr8_mat	28800000	29000000	0.0137853
chr8_mat	29000000	29200000	0.0113092
chr8_mat	29200000	29400000	0.0221454
chr8_mat	29400000	29600000	
chr8_mat	29600000	29800000	0.0224334
chr8_mat	29800000	30000000	0.0172751
chr8_mat	30000000	30200000	0.0126291
chr8_mat	30200000	30400000	0.0174084
chr8_mat	30400000	30600000	0.0138912
chr8_mat	30600000	30800000	0.0118266
chr8_mat	30800000	31000000	0.0143796
chr8_mat	31000000	31200000	0.0565987
chr8_mat	31200000	31400000	
chr8_mat	31400000	31600000	
chr8_mat	31600000	31800000	
chr8_mat	31800000	32000000	
chr8_mat	32000000	32200000	
chr8_mat	32200000	32400000	
chr8_mat	32400000	32600000	
chr8_mat	32600000	32653297	
chr9_mat	0	200000	
chr9_mat	200000	400000	
chr9_mat	400000	600000	
chr9_mat	600000	800000	
chr9_mat	800000	1000000	0.0488895
chr9_mat	1000000	1200000	0.0274137
chr9_mat	1200000	1400000	0.021385
chr9_mat	1400000	1600000	0.0141999
chr9_mat	1600000	1800000	0.0144566
chr9_mat	1800000	2000000	0.0129271
chr9_mat	2000000	2200000	0.017046
chr9_mat	2200000	2400000	0.0193348
chr9_mat	2400000	2600000	0.01851
chr9_mat	2600000	2800000	0.0118935
chr9_mat	2800000	3000000	0.0166639
chr9_mat	3000000	3200000	0.0142533
chr9_mat	3200000	3400000	
chr9_mat	3400000	3600000	
chr9_mat	3600000	3800000	0.0167512
chr9_mat	3800000	4000000	0.017917
chr9_mat	4000000	4200000	0.0206215
chr9_mat	4200000	4400000	0.0119562
chr9_mat	4400000	4600000	0.0131683
chr9_mat	4600000	4800000	0.0146146
chr9_mat	4800000	5000000	0.016906
chr9_mat	5000000	5200000	0.0169332
chr9_mat	5200000	5400000	0.0166073
chr9_mat	5400000	5600000	0.00995202
chr9_mat	5600000	5800000	0.0153403
chr9_mat	5800000	6000000	0.0149265
chr9_mat	6000000	6200000	0.0151355
chr9_mat	6200000	6400000	0.0122227
chr9_mat	6400000	6600000	0.0109095
chr9_mat	6600000	6800000	0.010266
chr9_mat	6800000	7000000	0.0117371
chr9_mat	7000000	7200000	0.0122095
chr9_mat	7200000	7400000	0.0111902
chr9_mat	7400000	7600000	0.0154235
chr9_mat	7600000	7800000	0.0129909
chr9_mat	7800000	8000000	0.0142178
chr9_mat	8000000	8200000	0.0145276
chr9_mat	8200000	8400000	0.0143489
chr9_mat	8400000	8600000	0.0162949
chr9_mat	8600000	8800000	0.0163647
chr9_mat	8800000	9000000	0.0136288
chr9_mat	9000000	9200000	0.0119346
chr9_mat	9200000	9400000	0.0121272
chr9_mat	9400000	9600000	0.00983149
chr9_mat	9600000	9800000	0.0106158
chr9_mat	9800000	10000000	0.0151428
chr9_mat	10000000	10200000	0.0160808
chr9_mat	10200000	10400000	0.0109509
chr9_mat	10400000	10600000	0.00949029
chr9_mat	10600000	10800000	0.014669
chr9_mat	10800000	11000000	0.0148063
chr9_mat	11000000	11200000	0.0135015
chr9_mat	11200000	11400000	0.0107647
chr9_mat	11400000	11600000	0.0102574
chr9_mat	11600000	11800000	0.0121162
chr9_mat	11800000	12000000	0.0146126
chr9_mat	12000000	12200000	0.0127979
chr9_mat	12200000	12400000	0.013662
chr9_mat	12400000	12600000	0.0142092
chr9_mat	12600000	12800000	0.0142255
chr9_mat	12800000	13000000	0.0175864
chr9_mat	13000000	13200000	0.023396
chr9_mat	13200000	13400000	0.0192296
chr9_mat	13400000	13600000	0.018415
chr9_mat	13600000	13800000	0.0124592
chr9_mat	13800000	14000000	0.0100517
chr9_mat	14000000	14200000	0.0114448
chr9_mat	14200000	14400000	0.0144678
chr9_mat	14400000	14600000	0.0147783
chr9_mat	14600000	14800000	0.0148152
chr9_mat	14800000	15000000	0.0167586
chr9_mat	15000000	15200000	0.0145404
chr9_mat	15200000	15400000	0.0286632
chr9_mat	15400000	15600000	
chr9_mat	15600000	15800000	0.0190816
chr9_mat	15800000	16000000	0.0173849
chr9_mat	16000000	16200000	0.0157717
chr9_mat	16200000	16400000	0.0128078
chr9_mat	16400000	16600000	0.0115231
chr9_mat	16600000	16800000	0.00966882
chr9_mat	16800000	17000000	0.0130698
chr9_mat	17000000	17200000	0.0112232
chr9_mat	17200000	17400000	0.0122755
chr9_mat	17400000	17600000	0.00905144
chr9_mat	17600000	17800000	0.0181417
chr9_mat	17800000	18000000	0.0161004
chr9_mat	18000000	18200000	0.0104265
chr9_mat	18200000	18400000	0.0126655
chr9_mat	18400000	18600000	0.0145478
chr9_mat	18600000	18800000	0.0164508
chr9_mat	18800000	19000000	0.0135921
chr9_mat	19000000	19200000	0.0091902
chr9_mat	19200000	19400000	0.0119829
chr9_mat	19400000	19600000	0.00767386
chr9_mat	19600000	19800000	0.0133986
chr9_mat	19800000	20000000	0.0140495
chr9_mat	20000000	20200000	0.0121018
chr9_mat	20200000	20400000	0.0136278
chr9_mat	20400000	20600000	0.013479
chr9_mat	20600000	20800000	0.0134923
chr9_mat	20800000	21000000	0.0140553
chr9_mat	21000000	21200000	0.0151984
chr9_mat	21200000	21400000	0.0137146
chr9_mat	21400000	21600000	0.0125267
chr9_mat	21600000	21800000	0.0132178
chr9_mat	21800000	22000000	0.00881832
chr9_mat	22000000	22200000	0.010448
chr9_mat	22200000	22400000	0.0135166
chr9_mat	22400000	22600000	0.0167019
chr9_mat	22600000	22800000	0.0145369
chr9_mat	22800000	23000000	0.0110306
chr9_mat	23000000	23200000	0.0118382
chr9_mat	23200000	23400000	0.0126543
chr9_mat	23400000	23600000	0.013286
chr9_mat	23600000	23800000	0.0413989
chr9_mat	23800000	24000000	
chr9_mat	24000000	24200000	
chr9_mat	24200000	24400000	
chr9_mat	24400000	24600000	
chr9_mat	24600000	24800000	
chr9_mat	24800000	25000000	0.0214712
chr9_mat	25000000	25200000	0.0108711
chr9_mat	25200000	25400000	0.0116057
chr9_mat	25400000	25600000	0.0119068
chr9_mat	25600000	25800000	0.0141677
chr9_mat	25800000	26000000	0.0341551
chr9_mat	26000000	26132161	
chr10_mat	0	200000	
chr10_mat	200000	400000	
chr10_mat	400000	600000	
chr10_mat	600000	800000	0.0412599
chr10_mat	800000	1000000	0.0181335
chr10_mat	1000000	1200000	0.0155283
chr10_mat	1200000	1400000	0.0126406
chr10_mat	1400000	1600000	0.0144661
chr10_mat	1600000	1800000	0.0193122
chr10_mat	1800000	2000000	0.0135564
chr10_mat	2000000	2200000	0.0168411
chr10_mat	2200000	2400000	0.0105979
chr10_mat	2400000	2600000	0.00856834
chr10_mat	2600000	2800000	0.0090546
chr10_mat	2800000	3000000	0.0142023
chr10_mat	3000000	3200000	0.0173075
chr10_mat	3200000	3400000	0.0101711
chr10_mat	3400000	3600000	0.0136743
chr10_mat	3600000	3800000	0.0107116
chr10_mat	3800000	4000000	0.013
chr10_mat	4000000	4200000	0.0111898
chr10_mat	4200000	4400000	0.0112492
chr10_mat	4400000	4600000	0.0126703
chr10_mat	4600000	4800000	0.0201948
chr10_mat	4800000	5000000	0.0221051
chr10_mat	5000000	5200000	0.0134568
chr10_mat	5200000	5400000	0.0146404
chr10_mat	5400000	5600000	0.0133777
chr10_mat	5600000	5800000	0.0125216
chr10_mat	5800000	6000000	0.010971
chr10_mat	6000000	6200000	0.0121906
chr10_mat	6200000	6400000	0.0110349
chr10_mat	6400000	6600000	0.0148033
chr10_mat	6600000	6800000	0.014365
chr10_mat	6800000	7000000	0.0088538
chr10_mat	7000000	7200000	0.0131833
chr10_mat	7200000	7400000	0.0148068
chr10_mat	7400000	7600000	0.0127184
chr10_mat	7600000	7800000	0.0108455
chr10_mat	7800000	8000000	0.0131725
chr10_mat	8000000	8200000	0.0102864
chr10_mat	8200000	8400000	0.0139273
chr10_mat	8400000	8600000	0.0160934
chr10_mat	8600000	8800000	0.0131773
chr10_mat	8800000	9000000	0.0122212
chr10_mat	9000000	9200000	0.00965069
chr10_mat	9200000	9400000	0.0123415
chr10_mat	9400000	9600000	0.0132015
chr10_mat	9600000	9800000	0.0155997
chr10_mat	9800000	10000000	0.0182595
chr10_mat	10000000	10200000	0.0182443
chr10_mat	10200000	10400000	0.0121042
chr10_mat	10400000	10600000	0.0106115
chr10_mat	10600000	10800000	0.0118755
chr10_mat	10800000	11000000	0.00956946
chr10_mat	11000000	11200000	0.0120413
chr10_mat	11200000	11400000	0.0118164
chr10_mat	11400000	11600000	0.0110888
chr10_mat	11600000	11800000	0.0127402
chr10_mat	11800000	12000000	0.014819
chr10_mat	12000000	12200000	0.0148826
chr10_mat	12200000	12400000	0.00972765
chr10_mat	12400000	12600000	0.012908
chr10_mat	12600000	12800000	0.0107709
chr10_mat	12800000	13000000	0.0144045
chr10_mat	13000000	13200000	0.0142839
chr10_mat	13200000	13400000	0.0118194
chr10_mat	13400000	13600000	0.0145572
chr10_mat	13600000	13800000	0.0178027
chr10_mat	13800000	14000000	0.0161574
chr10_mat	14000000	14200000	0.0147151
chr10_mat	14200000	14400000	0.0111444
chr10_mat	14400000	14600000	0.0129544
chr10_mat	14600000	14800000	0.0140639
chr10_mat	14800000	15000000	0.0116496
chr10_mat	15000000	15200000	0.0141614
chr10_mat	15200000	15400000	0.0142438
chr10_mat	15400000	15600000	0.0170378
chr10_mat	15600000	15800000	0.0168438
chr10_mat	15800000	16000000	0.0168655
chr10_mat	16000000	16200000	0.01599
chr10_mat	16200000	16400000	0.0170859
chr10_mat	16400000	16600000	0.016248
chr10_mat	16600000	16800000	0.0159133
chr10_mat	16800000	17000000	0.012769
chr10_mat	17000000	17200000	0.0164868
chr10_mat	17200000	17400000	0.0122099
chr10_mat	17400000	17600000	0.0112211
chr10_mat	17600000	17800000	0.0135838
chr10_mat	17800000	18000000	0.0146187
chr10_mat	18000000	18200000	0.0121867
chr10_mat	18200000	18400000	0.0110571
chr10_mat	18400000	18600000	0.0131627
chr10_mat	18600000	18800000	0.0120387
chr10_mat	18800000	19000000	0.0135449
chr10_mat	19000000	19200000	0.0111836
chr10_mat	19200000	19400000	0.0125137
chr10_mat	19400000	19600000	0.0114735
chr10_mat	19600000	19800000	0.00889881
chr10_mat	19800000	20000000	0.0173569
chr10_mat	20000000	20200000	0.0110632
chr10_mat	20200000	20400000	0.0106428
chr10_mat	20400000	20600000	0.0129742
chr10_mat	20600000	20800000	0.0371947
chr10_mat	20800000	20920522	
chr11_mat	0	200000	
chr11_mat	200000	400000	
chr11_mat	400000	600000	
chr11_mat	600000	800000	0.0758998
chr11_mat	800000	1000000	0.0671395
chr11_mat	1000000	1200000	0.0496361
chr11_mat	1200000	1400000	0.0629808
chr11_mat	1400000	1600000	0.0389141
chr11_mat	1600000	1800000	0.0502692
chr11_mat	1800000	2000000	0.0529084
chr11_mat	2000000	2200000	
chr11_mat	2200000	2400000	
chr11_mat	2400000	2600000	
chr11_mat	2600000	2800000	
chr11_mat	2800000	3000000	0.0780696
chr11_mat	3000000	3200000	0.0356719
chr11_mat	3200000	3400000	0.0418614
chr11_mat	3400000	3600000	0.0411595
chr11_mat	3600000	3800000	0.035557
chr11_mat	3800000	4000000	0.0420848
chr11_mat	4000000	4200000	0.0390042
chr11_mat	4200000	4400000	0.0426724
chr11_mat	4400000	4600000	0.0256129
chr11_mat	4600000	4800000	0.0229426
chr11_mat	4800000	5000000	0.0300334
chr11_mat	5000000	5200000	0.0253955
chr11_mat	5200000	5400000	0.0201198
chr11_mat	5400000	5600000	0.017998
chr11_mat	5600000	5800000	0.0196889
chr11_mat	5800000	6000000	0.0196926
chr11_mat	6000000	6200000	0.0133846
chr11_mat	6200000	6400000	0.0197736
chr11_mat	6400000	6600000	0.0226797
chr11_mat	6600000	6800000	0.0272613
chr11_mat	6800000	7000000	0.0332156
chr11_mat	7000000	7200000	0.0267809
chr11_mat	7200000	7400000	0.0240969
chr11_mat	7400000	7600000	0.0188513
chr11_mat	7600000	7800000	0.0171457
chr11_mat	7800000	8000000	0.0207777
chr11_mat	8000000	8200000	0.0183449
chr11_mat	8200000	8400000	0.0196943
chr11_mat	8400000	8600000	0.0182516
chr11_mat	8600000	8800000	0.0200171
chr11_mat	8800000	9000000	
chr11_mat	9000000	9200000	
chr11_mat	9200000	9400000	
chr11_mat	9400000	9600000	
chr11_mat	9600000	9800000	
chr11_mat	9800000	10000000	
chr11_mat	10000000	10200000	
chr11_mat	10200000	10400000	
chr11_mat	10400000	10600000	
chr11_mat	10600000	10800000	
chr11_mat	10800000	11000000	0.0418903
chr11_mat	11000000	11200000	0.0467183
chr11_mat	11200000	11400000	0.0478004
chr11_mat	11400000	11600000	0.0625204
chr11_mat	11600000	11800000	0.0560251
chr11_mat	11800000	12000000	
chr11_mat	12000000	12200000	0.0736774
chr11_mat	12200000	12400000	0.057829
chr11_mat	12400000	12600000	0.0205072
chr11_mat	12600000	12800000	0.0120901
chr11_mat	12800000	13000000	0.0157857
chr11_mat	13000000	13200000	0.017249
chr11_mat	13200000	13400000	0.0130559
chr11_mat	13400000	13600000	0.0111514
chr11_mat	13600000	13800000	0.0104729
chr11_mat	13800000	14000000	0.0102866
chr11_mat	14000000	14200000	0.0124185
chr11_mat	14200000	14400000	0.0125662
chr11_mat	14400000	14600000	0.0141586
chr11_mat	14600000	14800000	0.0184423
chr11_mat	14800000	15000000	0.0192694
chr11_mat	15000000	15200000	0.0166804
chr11_mat	15200000	15400000	0.0203041
chr11_mat	15400000	15600000	0.0163227
chr11_mat	15600000	15800000	0.0160147
chr11_mat	15800000	16000000	0.0115792
chr11_mat	16000000	16200000	0.0115701
chr11_mat	16200000	16400000	0.0167396
chr11_mat	16400000	16600000	0.0157703
chr11_mat	16600000	16800000	0.0161215
chr11_mat	16800000	17000000	0.0179238
chr11_mat	17000000	17200000	0.0209915
chr11_mat	17200000	17400000	0.0196937
chr11_mat	17400000	17600000	0.0152656
chr11_mat	17600000	17800000	0.0161851
chr11_mat	17800000	18000000	0.0168619
chr11_mat	18000000	18200000	0.0102049
chr11_mat	18200000	18400000	0.0143651
chr11_mat	18400000	18600000	0.0135875
chr11_mat	18600000	18800000	0.0144576
chr11_mat	18800000	19000000	0.0140958
chr11_mat	19000000	19200000	0.0101959
chr11_mat	19200000	19400000	0.0129928
chr11_mat	19400000	19600000	0.0120353
chr11_mat	19600000	19800000	0.0195553
chr11_mat	19800000	20000000	0.0121304
chr11_mat	20000000	20200000	0.0231806
chr11_mat	20200000	20400000	0.0168743
chr11_mat	20400000	20600000	0.0193907
chr11_mat	20600000	20800000	0.0532542
chr11_mat	20800000	21000000	
chr11_mat	21000000	21200000	
chr11_mat	21200000	21400000	
chr11_mat	21400000	21600000	
chr11_mat	21600000	21676805	
chr12_mat	0	200000	
chr12_mat	200000	400000	
chr12_mat	400000	600000	
chr12_mat	600000	800000	0.0488373
chr12_mat	800000	1000000	0.0152282
chr12_mat	1000000	1200000	0.01335
chr12_mat	1200000	1400000	0.013105
chr12_mat	1400000	1600000	0.0134103
chr12_mat	1600000	1800000	0.0122431
chr12_mat	1800000	2000000	0.0148195
chr12_mat	2000000	2200000	0.0141366
chr12_mat	2200000	2400000	0.0134851
chr12_mat	2400000	2600000	0.0136254
chr12_mat	2600000	2800000	0.0138318
chr12_mat	2800000	3000000	0.0146549
chr12_mat	3000000	3200000	0.0151569
chr12_mat	3200000	3400000	0.0102289
chr12_mat	3400000	3600000	0.013894
chr12_mat	3600000	3800000	0.0142716
chr12_mat	3800000	4000000	0.0162055
chr12_mat	4000000	4200000	0.0169849
chr12_mat	4200000	4400000	0.0174956
chr12_mat	4400000	4600000	0.0101365
chr12_mat	4600000	4800000	0.0117053
chr12_mat	4800000	5000000	0.0145635
chr12_mat	5000000	5200000	0.0154938
chr12_mat	5200000	5400000	0.0134039
chr12_mat	5400000	5600000	0.0123251
chr12_mat	5600000	5800000	0.0119371
chr12_mat	5800000	6000000	0.013896
chr12_mat	6000000	6200000	0.0162366
chr12_mat	6200000	6400000	0.0152243
chr12_mat	6400000	6600000	0.0158404
chr12_mat	6600000	6800000	0.0103174
chr12_mat	6800000	7000000	0.0153263
chr12_mat	7000000	7200000	0.019084
chr12_mat	7200000	7400000	0.0147221
chr12_mat	7400000	7600000	0.0149815
chr12_mat	7600000	7800000	0.0113475
chr12_mat	7800000	8000000	0.0150567
chr12_mat	8000000	8200000	0.0166715
chr12_mat	8200000	8400000	0.0156932
chr12_mat	8400000	8600000	0.0133659
chr12_mat	8600000	8800000	0.00926514
chr12_mat	8800000	9000000	0.0117663
chr12_mat	9000000	9200000	0.0116801
chr12_mat	9200000	9400000	0.0126897
chr12_mat	9400000	9600000	0.0112443
chr12_mat	9600000	9800000	0.0105082
chr12_mat	9800000	10000000	0.0126711
chr12_mat	10000000	10200000	0.00909222
chr12_mat	10200000	10400000	0.0160788
chr12_mat	10400000	10600000	0.0162741
chr12_mat	10600000	10800000	0.0161281
chr12_mat	10800000	11000000	0.0100912
chr12_mat	11000000	11200000	0.0105063
chr12_mat	11200000	11400000	0.0145505
chr12_mat	11400000	11600000	0.0120971
chr12_mat	11600000	11800000	0.0130266
chr12_mat	11800000	12000000	0.0120503
chr12_mat	12000000	12200000	0.010544
chr12_mat	12200000	12400000	0.0143682
chr12_mat	12400000	12600000	0.016372
chr12_mat	12600000	12800000	0.016261
chr12_mat	12800000	13000000	0.0164505
chr12_mat	13000000	13200000	0.0142833
chr12_mat	13200000	13400000	0.0143096
chr12_mat	13400000	13600000	0.0113303
chr12_mat	13600000	13800000	0.0105237
chr12_mat	13800000	14000000	0.0103712
chr12_mat	14000000	14200000	0.0140356
chr12_mat	14200000	14400000	0.0132977
chr12_mat	14400000	14600000	0.0139986
chr12_mat	14600000	14800000	0.0134505
chr12_mat	14800000	15000000	0.0104342
chr12_mat	15000000	15200000	0.0144972
chr12_mat	15200000	15400000	0.0195872
chr12_mat	15400000	15600000	0.0167017
chr12_mat	15600000	15800000	0.0178791
chr12_mat	15800000	16000000	0.0150802
chr12_mat	16000000	16200000	0.0127724
chr12_mat	16200000	16400000	0.0177223
chr12_mat	16400000	16600000	0.0126741
chr12_mat	16600000	16800000	0.0195268
chr12_mat	16800000	17000000	0.0174785
chr12_mat	17000000	17200000	0.019501
chr12_mat	17200000	17400000	0.0186647
chr12_mat	17400000	17600000	0.0186286
chr12_mat	17600000	17800000	0.0188193
chr12_mat	17800000	18000000	0.0174044
chr12_mat	18000000	18200000	0.0148413
chr12_mat	18200000	18400000	0.0122998
chr12_mat	18400000	18600000	0.0169839
chr12_mat	18600000	18800000	0.0136467
chr12_mat	18800000	19000000	0.0117226
chr12_mat	19000000	19200000	0.0162897
chr12_mat	19200000	19400000	0.0175684
chr12_mat	19400000	19600000	0.0184031
chr12_mat	19600000	19800000	0.0182145
chr12_mat	19800000	20000000	0.0349787
chr12_mat	20000000	20200000	
chr12_mat	20200000	20400000	
chr12_mat	20400000	20600000	
chr12_mat	20600000	20800000	
chr12_mat	20800000	20824288	
chr13_mat	0	200000	
chr13_mat	200000	400000	0.0299804
chr13_mat	400000	600000	0.025949
chr13_mat	600000	800000	0.0192011
chr13_mat	800000	1000000	0.0255129
chr13_mat	1000000	1200000	0.0278909
chr13_mat	1200000	1400000	0.0236536
chr13_mat	1400000	1600000	0.0197523
chr13_mat	1600000	1800000	0.0120731
chr13_mat	1800000	2000000	0.0207705
chr13_mat	2000000	2200000	0.0210964
chr13_mat	2200000	2400000	0.0168913
chr13_mat	2400000	2600000	0.0173641
chr13_mat	2600000	2800000	0.016426
chr13_mat	2800000	3000000	0.0194068
chr13_mat	3000000	3200000	0.0186463
chr13_mat	3200000	3400000	0.0196706
chr13_mat	3400000	3600000	
chr13_mat	3600000	3800000	
chr13_mat	3800000	4000000	
chr13_mat	4000000	4200000	
chr13_mat	4200000	4400000	
chr13_mat	4400000	4600000	
chr13_mat	4600000	4800000	
chr13_mat	4800000	5000000	0.0252885
chr13_mat	5000000	5200000	0.0178081
chr13_mat	5200000	5400000	0.0178301
chr13_mat	5400000	5600000	0.0181291
chr13_mat	5600000	5800000	0.0138868
chr13_mat	5800000	6000000	0.0131031
chr13_mat	6000000	6200000	0.018345
chr13_mat	6200000	6400000	0.0179935
chr13_mat	6400000	6600000	0.0156288
chr13_mat	6600000	6800000	0.0168775
chr13_mat	6800000	7000000	0.0238615
chr13_mat	7000000	7200000	0.0233283
chr13_mat	7200000	7400000	0.0137815
chr13_mat	7400000	7600000	0.0147251
chr13_mat	7600000	7800000	0.0160998
chr13_mat	7800000	8000000	0.0189892
chr13_mat	8000000	8200000	0.0169687
chr13_mat	8200000	8400000	0.0196496
chr13_mat	8400000	8600000	0.0152965
chr13_mat	8600000	8800000	0.0180354
chr13_mat	8800000	9000000	0.0123443
chr13_mat	9000000	9200000	0.0148404
chr13_mat	9200000	9400000	0.0166584
chr13_mat	9400000	9600000	0.0186804
chr13_mat	9600000	9800000	0.0155688
chr13_mat	9800000	10000000	0.0219847
chr13_mat	10000000	10200000	0.0225481
chr13_mat	10200000	10400000	0.0235516
chr13_mat	10400000	10600000	0.0233485
chr13_mat	10600000	10800000	0.0220416
chr13_mat	10800000	11000000	0.0159301
chr13_mat	11000000	11200000	0.0137698
chr13_mat	11200000	11400000	0.0155859
chr13_mat	11400000	11600000	0.0149664
chr13_mat	11600000	11800000	0.0142287
chr13_mat	11800000	12000000	0.0108769
chr13_mat	12000000	12200000	0.0142055
chr13_mat	12200000	12400000	0.0178395
chr13_mat	12400000	12600000	0.0144821
chr13_mat	12600000	12800000	0.0152493
chr13_mat	12800000	13000000	0.0154551
chr13_mat	13000000	13200000	0.0160801
chr13_mat	13200000	13400000	0.0162274
chr13_mat	13400000	13600000	0.0154532
chr13_mat	13600000	13800000	0.0135848
chr13_mat	13800000	14000000	0.0137109
chr13_mat	14000000	14200000	0.0153407
chr13_mat	14200000	14400000	0.0136243
chr13_mat	14400000	14600000	0.0137659
chr13_mat	14600000	14800000	0.0106959
chr13_mat	14800000	15000000	0.0116838
chr13_mat	15000000	15200000	0.0150899
chr13_mat	15200000	15400000	0.0100328
chr13_mat	15400000	15600000	0.0109289
chr13_mat	15600000	15800000	0.0160546
chr13_mat	15800000	16000000	0.0124998
chr13_mat	16000000	16200000	0.0161946
chr13_mat	16200000	16400000	0.0163359
chr13_mat	16400000	16600000	0.0130389
chr13_mat	16600000	16800000	0.0703944
chr13_mat	16800000	17000000	0.0138662
chr13_mat	17000000	17200000	0.0106658
chr13_mat	17200000	17400000	0.0171156
chr13_mat	17400000	17600000	0.0199731
chr13_mat	17600000	17800000	0.0366844
chr13_mat	17800000	18000000	
chr13_mat	18000000	18200000	
chr13_mat	18200000	18400000	
chr13_mat	18400000	18440361	
chr14_mat	0	200000	
chr14_mat	200000	400000	0.0455339
chr14_mat	400000	600000	0.0209763
chr14_mat	600000	800000	0.0167295
chr14_mat	800000	1000000	0.0199188
chr14_mat	1000000	1200000	0.0170681
chr14_mat	1200000	1400000	0.0198124
chr14_mat	1400000	1600000	0.016691
chr14_mat	1600000	1800000	0.0216254
chr14_mat	1800000	2000000	0.0195397
chr14_mat	2000000	2200000	0.0234406
chr14_mat	2200000	2400000	0.0261251
chr14_mat	2400000	2600000	0.0269368
chr14_mat	2600000	2800000	0.0161612
chr14_mat	2800000	3000000	0.0161313
chr14_mat	3000000	3200000	0.0605642
chr14_mat	3200000	3400000	0.0344164
chr14_mat	3400000	3600000	0.020662
chr14_mat	3600000	3800000	0.0142471
chr14_mat	3800000	4000000	0.0249887
chr14_mat	4000000	4200000	0.0170808
chr14_mat	4200000	4400000	0.0175256
chr14_mat	4400000	4600000	0.0207561
chr14_mat	4600000	4800000	0.0187528
chr14_mat	4800000	5000000	0.0154339
chr14_mat	5000000	5200000	0.0157982
chr14_mat	5200000	5400000	0.0127111
chr14_mat	5400000	5600000	0.0135757
chr14_mat	5600000	5800000	0.0119456
chr14_mat	5800000	6000000	0.0159804
chr14_mat	6000000	6200000	0.0121317
chr14_mat	6200000	6400000	0.0146303
chr14_mat	6400000	6600000	0.0138215
chr14_mat	6600000	6800000	0.0133414
chr14_mat	6800000	7000000	0.0132135
chr14_mat	7000000	7200000	0.0186887
chr14_mat	7200000	7400000	0.0169179
chr14_mat	7400000	7600000	0.017926
chr14_mat	7600000	7800000	0.0205294
chr14_mat	7800000	8000000	0.0253887
chr14_mat	8000000	8200000	0.022194
chr14_mat	8200000	8400000	0.0164147
chr14_mat	8400000	8600000	0.0144265
chr14_mat	8600000	8800000	0.00925022
chr14_mat	8800000	9000000	0.010038
chr14_mat	9000000	9200000	0.0106215
chr14_mat	9200000	9400000	0.0144329
chr14_mat	9400000	9600000	0.0152049
chr14_mat	9600000	9800000	0.010729
chr14_mat	9800000	10000000	0.010122
chr14_mat	10000000	10200000	0.0114623
chr14_mat	10200000	10400000	0.011802
chr14_mat	10400000	10600000	0.0138793
chr14_mat	10600000	10800000	0.0132184
chr14_mat	10800000	11000000	0.0108994
chr14_mat	11000000	11200000	0.00969682
chr14_mat	11200000	11400000	0.0129982
chr14_mat	11400000	11600000	0.015277
chr14_mat	11600000	11800000	0.0144965
chr14_mat	11800000	12000000	0.014229
chr14_mat	12000000	12200000	0.0141223
chr14_mat	12200000	12400000	0.0148865
chr14_mat	12400000	12600000	0.0128047
chr14_mat	12600000	12800000	0.0142307
chr14_mat	12800000	13000000	0.0147526
chr14_mat	13000000	13200000	0.0163234
chr14_mat	13200000	13400000	0.0127461
chr14_mat	13400000	13600000	0.00982345
chr14_mat	13600000	13800000	0.00868724
chr14_mat	13800000	14000000	0.0103052
chr14_mat	14000000	14200000	0.0118627
chr14_mat	14200000	14400000	0.00976089
chr14_mat	14400000	14600000	0.0102936
chr14_mat	14600000	14800000	0.013333
chr14_mat	14800000	15000000	0.0101614
chr14_mat	15000000	15200000	0.00988402
chr14_mat	15200000	15400000	0.0115965
chr14_mat	15400000	15600000	0.0233633
chr14_mat	15600000	15800000	
chr14_mat	15800000	16000000	0.0367915
chr14_mat	16000000	16200000	0.0664835
chr14_mat	16200000	16400000	
chr14_mat	16400000	16411571	
chr15_mat	0	200000	
chr15_mat	200000	400000	0.051258
chr15_mat	400000	600000	
chr15_mat	600000	800000	0.0258795
chr15_mat	800000	1000000	0.0149758
chr15_mat	1000000	1200000	0.0121359
chr15_mat	1200000	1400000	0.00978748
chr15_mat	1400000	1600000	0.00993089
chr15_mat	1600000	1800000	0.0106267
chr15_mat	1800000	2000000	0.0116887
chr15_mat	2000000	2200000	0.0100602
chr15_mat	2200000	2400000	0.0120771
chr15_mat	2400000	2600000	0.010942
chr15_mat	2600000	2800000	0.0132643
chr15_mat	2800000	3000000	0.0153168
chr15_mat	3000000	3200000	0.00907643
chr15_mat	3200000	3400000	0.0105213
chr15_mat	3400000	3600000	0.0107522
chr15_mat	3600000	3800000	0.0105183
chr15_mat	3800000	4000000	0.0132052
chr15_mat	4000000	4200000	0.00873458
chr15_mat	4200000	4400000	0.0132721
chr15_mat	4400000	4600000	0.0153957
chr15_mat	4600000	4800000	0.0188879
chr15_mat	4800000	5000000	0.0196771
chr15_mat	5000000	5200000	0.0124809
chr15_mat	5200000	5400000	0.0130848
chr15_mat	5400000	5600000	0.00916759
chr15_mat	5600000	5800000	0.0156222
chr15_mat	5800000	6000000	0.0129276
chr15_mat	6000000	6200000	0.00973217
chr15_mat	6200000	6400000	0.012028
chr15_mat	6400000	6600000	0.0155718
chr15_mat	6600000	6800000	0.0183168
chr15_mat	6800000	7000000	0.0112792
chr15_mat	7000000	7200000	0.0109344
chr15_mat	7200000	7400000	0.0161408
chr15_mat	7400000	7600000	0.0166931
chr15_mat	7600000	7800000	0.0166468
chr15_mat	7800000	8000000	0.0162224
chr15_mat	8000000	8200000	0.0161053
chr15_mat	8200000	8400000	0.0122444
chr15_mat	8400000	8600000	0.010081
chr15_mat	8600000	8800000	0.0111938
chr15_mat	8800000	9000000	0.0196188
chr15_mat	9000000	9200000	0.0174087
chr15_mat	9200000	9400000	0.0129748
chr15_mat	9400000	9600000	0.0107455
chr15_mat	9600000	9800000	0.0113985
chr15_mat	9800000	10000000	0.0106328
chr15_mat	10000000	10200000	0.00888967
chr15_mat	10200000	10400000	0.00930852
chr15_mat	10400000	10600000	0.012228
chr15_mat	10600000	10800000	0.00906192
chr15_mat	10800000	11000000	0.0114676
chr15_mat	11000000	11200000	0.0144655
chr15_mat	11200000	11400000	0.0116487
chr15_mat	11400000	11600000	0.0104562
chr15_mat	11600000	11800000	0.00953401
chr15_mat	11800000	12000000	0.0159456
chr15_mat	12000000	12200000	0.0145524
chr15_mat	12200000	12400000	0.0125433
chr15_mat	12400000	12600000	0.0113216
chr15_mat	12600000	12800000	0.0142779
chr15_mat	12800000	13000000	0.0120768
chr15_mat	13000000	13200000	0.0155789
chr15_mat	13200000	13400000	0.016619
chr15_mat	13400000	13600000	0.0209423
chr15_mat	13600000	13800000	
chr15_mat	13800000	13831355	
chr16_mat	0	200000	
chr16_mat	200000	400000	
chr16_mat	400000	600000	0.0784487
chr16_mat	600000	800000	0.0444736
chr16_mat	800000	1000000	0.0300547
chr16_mat	1000000	1200000	0.0356849
chr16_mat	1200000	1400000	0.0462565
chr16_mat	1400000	1600000	0.0361416
chr16_mat	1600000	1800000	0.0289456
chr16_mat	1800000	2000000	0.0376677
chr16_mat	2000000	2200000	0.0330895
chr16_mat	2200000	2400000	0.0309337
chr16_mat	2400000	2600000	0.0372537
chr16_mat	2600000	2800000	0.0347332
chr16_mat	2800000	3000000	0.0384144
chr16_mat	3000000	3200000	0.0282254
chr16_mat	3200000	3400000	0.0313515
chr16_mat	3400000	3600000	0.034149
chr16_mat	3600000	3800000	0.0319693
chr16_mat	3800000	4000000	0.038437
chr16_mat	4000000	4200000	0.0195035
chr16_mat	4200000	4400000	0.012121
chr16_mat	4400000	4600000	0.0164758
chr16_mat	4600000	4800000	0.0131376
chr16_mat	4800000	5000000	0.025468
chr16_mat	5000000	5200000	0.0535824
chr16_mat	5200000	5400000	0.0270493
chr16_mat	5400000	5600000	0.13114
chr16_mat	5600000	5740876	
chr17_mat	0	200000	
chr17_mat	200000	400000	
chr17_mat	400000	600000	
chr17_mat	600000	800000	
chr17_mat	800000	1000000	0.0213979
chr17_mat	1000000	1200000	0.0136649
chr17_mat	1200000	1400000	0.0153238
chr17_mat	1400000	1600000	0.00873714
chr17_mat	1600000	1800000	0.0112154
chr17_mat	1800000	2000000	0.0133047
chr17_mat	2000000	2200000	0.0115607
chr17_mat	2200000	2400000	0.0160797
chr17_mat	2400000	2600000	0.0210632
chr17_mat	2600000	2800000	0.0112386
chr17_mat	2800000	3000000	0.0129027
chr17_mat	3000000	3200000	0.0147122
chr17_mat	3200000	3400000	0.0166384
chr17_mat	3400000	3600000	0.0183582
chr17_mat	3600000	3800000	0.0157754
chr17_mat	3800000	4000000	0.0166703
chr17_mat	4000000	4200000	0.0158837
chr17_mat	4200000	4400000	0.0147364
chr17_mat	4400000	4600000	0.0165977
chr17_mat	4600000	4800000	0.0172452
chr17_mat	4800000	5000000	0.0162096
chr17_mat	5000000	5200000	0.0115123
chr17_mat	5200000	5400000	0.0152237
chr17_mat	5400000	5600000	0.0112593
chr17_mat	5600000	5800000	0.0109818
chr17_mat	5800000	6000000	0.00961942
chr17_mat	6000000	6200000	0.0110685
chr17_mat	6200000	6400000	0.0117372
chr17_mat	6400000	6600000	0.0134429
chr17_mat	6600000	6800000	0.0115766
chr17_mat	6800000	7000000	0.0100453
chr17_mat	7000000	7200000	0.0134885
chr17_mat	7200000	7400000	0.0153797
chr17_mat	7400000	7600000	0.0100066
chr17_mat	7600000	7800000	0.0112137
chr17_mat	7800000	8000000	0.0154568
chr17_mat	8000000	8200000	0.0114373
chr17_mat	8200000	8400000	0.0146519
chr17_mat	8400000	8600000	0.0157721
chr17_mat	8600000	8800000	0.0128072
chr17_mat	8800000	9000000	0.0110514
chr17_mat	9000000	9200000	0.0120282
chr17_mat	9200000	9400000	0.0113971
chr17_mat	9400000	9600000	0.0157794
chr17_mat	9600000	9800000	0.0137955
chr17_mat	9800000	10000000	0.0130939
chr17_mat	10000000	10200000	0.0189306
chr17_mat	10200000	10400000	0.0155996
chr17_mat	10400000	10600000	0.012914
chr17_mat	10600000	10800000	0.0187348
chr17_mat	10800000	11000000	0.0200126
chr17_mat	11000000	11200000	
chr17_mat	11200000	11378085	
chr18_mat	0	200000	
chr18_mat	200000	400000	
chr18_mat	400000	600000	
chr18_mat	600000	800000	0.0382457
chr18_mat	800000	1000000	0.0189441
chr18_mat	1000000	1200000	0.0151007
chr18_mat	1200000	1400000	0.0112887
chr18_mat	1400000	1600000	0.0121308
chr18_mat	1600000	1800000	0.0167168
chr18_mat	1800000	2000000	0.0207179
chr18_mat	2000000	2200000	0.0228909
chr18_mat	2200000	2400000	0.0162846
chr18_mat	2400000	2600000	0.0157148
chr18_mat	2600000	2800000	0.0118731
chr18_mat	2800000	3000000	0.0114323
chr18_mat	3000000	3200000	0.0160168
chr18_mat	3200000	3400000	0.0152438
chr18_mat	3400000	3600000	0.0131392
chr18_mat	3600000	3800000	0.0117146
chr18_mat	3800000	4000000	0.0119443
chr18_mat	4000000	4200000	0.0119289
chr18_mat	4200000	4400000	0.0109144
chr18_mat	4400000	4600000	0.0156819
chr18_mat	4600000	4800000	0.0147349
chr18_mat	4800000	5000000	0.0165226
chr18_mat	5000000	5200000	0.0132796
chr18_mat	5200000	5400000	0.0152847
chr18_mat	5400000	5600000	0.015519
chr18_mat	5600000	5800000	0.0168357
chr18_mat	5800000	6000000	0.0124814
chr18_mat	6000000	6200000	0.0148549
chr18_mat	6200000	6400000	0.0134646
chr18_mat	6400000	6600000	0.0150792
chr18_mat	6600000	6800000	0.0137453
chr18_mat	6800000	7000000	0.00932591
chr18_mat	7000000	7200000	0.0127656
chr18_mat	7200000	7400000	0.0119028
chr18_mat	7400000	7600000	0.0157729
chr18_mat	7600000	7800000	0.0107843
chr18_mat	7800000	8000000	0.0113285
chr18_mat	8000000	8200000	0.0117004
chr18_mat	8200000	8400000	0.0120727
chr18_mat	8400000	8600000	0.0107806
chr18_mat	8600000	8800000	0.0150783
chr18_mat	8800000	9000000	0.0102491
chr18_mat	9000000	9200000	0.014371
chr18_mat	9200000	9400000	0.0155615
chr18_mat	9400000	9600000	
chr18_mat	9600000	9800000	
chr18_mat	9800000	10000000	0.0155297
chr18_mat	10000000	10200000	0.0165416
chr18_mat	10200000	10400000	0.0157623
chr18_mat	10400000	10600000	0.0151216
chr18_mat	10600000	10800000	0.0238031
chr18_mat	10800000	11000000	0.0410125
chr18_mat	11000000	11200000	
chr18_mat	11200000	11233222	
chr19_mat	0	200000	
chr19_mat	200000	400000	
chr19_mat	400000	600000	
chr19_mat	600000	800000	
chr19_mat	800000	1000000	
chr19_mat	1000000	1200000	
chr19_mat	1200000	1400000	
chr19_mat	1400000	1600000	
chr19_mat	1600000	1800000	
chr19_mat	1800000	2000000	
chr19_mat	2000000	2200000	
chr19_mat	2200000	2400000	
chr19_mat	2400000	2600000	
chr19_mat	2600000	2800000	
chr19_mat	2800000	3000000	
chr19_mat	3000000	3200000	
chr19_mat	3200000	3400000	
chr19_mat	3400000	3600000	
chr19_mat	3600000	3800000	
chr19_mat	3800000	4000000	
chr19_mat	4000000	4200000	
chr19_mat	4200000	4400000	
chr19_mat	4400000	4600000	
chr19_mat	4600000	4800000	
chr19_mat	4800000	5000000	
chr19_mat	5000000	5200000	
chr19_mat	5200000	5400000	
chr19_mat	5400000	5600000	0.0721218
chr19_mat	5600000	5800000	0.0119045
chr19_mat	5800000	6000000	0.0135613
chr19_mat	6000000	6200000	0.011737
chr19_mat	6200000	6400000	0.0159097
chr19_mat	6400000	6600000	0.0164235
chr19_mat	6600000	6800000	0.0158228
chr19_mat	6800000	7000000	0.0108279
chr19_mat	7000000	7200000	0.0136183
chr19_mat	7200000	7400000	0.0105084
chr19_mat	7400000	7600000	0.0131049
chr19_mat	7600000	7800000	0.0136585
chr19_mat	7800000	8000000	0.0111975
chr19_mat	8000000	8200000	0.014836
chr19_mat	8200000	8400000	0.0174831
chr19_mat	8400000	8600000	0.0143741
chr19_mat	8600000	8800000	0.0154303
chr19_mat	8800000	9000000	0.0170246
chr19_mat	9000000	9200000	0.0158027
chr19_mat	9200000	9400000	0.016134
chr19_mat	9400000	9600000	0.0171103
chr19_mat	9600000	9800000	0.0169746
chr19_mat	9800000	10000000	0.0167153
chr19_mat	10000000	10200000	0.0148607
chr19_mat	10200000	10400000	0.0164965
chr19_mat	10400000	10600000	
chr19_mat	10600000	10800000	
chr19_mat	10800000	11000000	
chr19_mat	11000000	11169410	
chr20_mat	0	200000	
chr20_mat	200000	400000	
chr20_mat	400000	600000	
chr20_mat	600000	800000	
chr20_mat	800000	1000000	
chr20_mat	1000000	1200000	0.0197063
chr20_mat	1200000	1400000	0.0125812
chr20_mat	1400000	1600000	0.0160304
chr20_mat	1600000	1800000	0.0332418
chr20_mat	1800000	2000000	
chr20_mat	2000000	2200000	0.0222007
chr20_mat	2200000	2400000	0.0107689
chr20_mat	2400000	2600000	0.0125418
chr20_mat	2600000	2800000	0.016208
chr20_mat	2800000	3000000	0.0162773
chr20_mat	3000000	3200000	0.0102035
chr20_mat	3200000	3400000	0.0131231
chr20_mat	3400000	3600000	0.0144342
chr20_mat	3600000	3800000	0.00927379
chr20_mat	3800000	4000000	0.0122937
chr20_mat	4000000	4200000	0.0134008
chr20_mat	4200000	4400000	0.0158344
chr20_mat	4400000	4600000	0.0164882
chr20_mat	4600000	4800000	0.0127547
chr20_mat	4800000	5000000	0.0117956
chr20_mat	5000000	5200000	0.0119566
chr20_mat	5200000	5400000	0.0150352
chr20_mat	5400000	5600000	0.0152048
chr20_mat	5600000	5800000	0.0147781
chr20_mat	5800000	6000000	0.0180095
chr20_mat	6000000	6200000	0.011482
chr20_mat	6200000	6400000	0.0131423
chr20_mat	6400000	6600000	0.010256
chr20_mat	6600000	6800000	0.0132546
chr20_mat	6800000	7000000	0.0119265
chr20_mat	7000000	7200000	0.0161503
chr20_mat	7200000	7400000	0.0101959
chr20_mat	7400000	7600000	0.0250842
chr20_mat	7600000	7800000	
chr20_mat	7800000	8000000	
chr20_mat	8000000	8200000	0.0124006
chr20_mat	8200000	8400000	0.0117823
chr20_mat	8400000	8600000	0.0139511
chr20_mat	8600000	8800000	0.0101354
chr20_mat	8800000	9000000	0.0116614
chr20_mat	9000000	9200000	0.0128168
chr20_mat	9200000	9400000	0.0140583
chr20_mat	9400000	9600000	0.015271
chr20_mat	9600000	9800000	0.0135745
chr20_mat	9800000	10000000	0.0159877
chr20_mat	10000000	10200000	0.0106268
chr20_mat	10200000	10400000	0.0125931
chr20_mat	10400000	10600000	0.0170856
chr20_mat	10600000	10800000	0.0113841
chr20_mat	10800000	11000000	0.0104668
chr20_mat	11000000	11200000	0.0151622
chr20_mat	11200000	11400000	0.0178423
chr20_mat	11400000	11600000	0.0156102
chr20_mat	11600000	11800000	0.013425
chr20_mat	11800000	12000000	0.0155316
chr20_mat	12000000	12200000	0.00959109
chr20_mat	12200000	12400000	0.0108627
chr20_mat	12400000	12600000	0.0137902
chr20_mat	12600000	12800000	0.0133516
chr20_mat	12800000	13000000	0.0107304
chr20_mat	13000000	13200000	0.0123617
chr20_mat	13200000	13400000	0.00912351
chr20_mat	13400000	13600000	0.0112189
chr20_mat	13600000	13800000	0.0159404
chr20_mat	13800000	14000000	0.0169177
chr20_mat	14000000	14200000	0.0156662
chr20_mat	14200000	14400000	0.0166287
chr20_mat	14400000	14600000	0.00985592
chr20_mat	14600000	14800000	0.0124662
chr20_mat	14800000	15000000	0.0160751
chr20_mat	15000000	15200000	0.0222456
chr20_mat	15200000	15400000	0.0560161
chr20_mat	15400000	15459785	
chr21_mat	0	200000	
chr21_mat	200000	400000	0.0188425
chr21_mat	400000	600000	0.014622
chr21_mat	600000	800000	0.0155781
chr21_mat	800000	1000000	0.0113085
chr21_mat	1000000	1200000	0.0110388
chr21_mat	1200000	1400000	0.0169718
chr21_mat	1400000	1600000	0.0117146
chr21_mat	1600000	1800000	0.00912768
chr21_mat	1800000	2000000	0.00940362
chr21_mat	2000000	2200000	0.0110285
chr21_mat	2200000	2400000	0.0126258
chr21_mat	2400000	2600000	0.0111892
chr21_mat	2600000	2800000	0.0135241
chr21_mat	2800000	3000000	0.0144366
chr21_mat	3000000	3200000	0.0121736
chr21_mat	3200000	3400000	0.0130119
chr21_mat	3400000	3600000	0.0139781
chr21_mat	3600000	3800000	0.0130316
chr21_mat	3800000	4000000	0.0123472
chr21_mat	4000000	4200000	0.0136111
chr21_mat	4200000	4400000	0.0110341
chr21_mat	4400000	4600000	0.00913435
chr21_mat	4600000	4800000	0.00944618
chr21_mat	4800000	5000000	0.0271341
chr21_mat	5000000	5200000	0.0122712
chr21_mat	5200000	5400000	0.0118558
chr21_mat	5400000	5600000	0.0106497
chr21_mat	5600000	5800000	0.00904382
chr21_mat	5800000	6000000	0.00777929
chr21_mat	6000000	6200000	0.00955915
chr21_mat	6200000	6400000	0.0113895
chr21_mat	6400000	6600000	0.00978612
chr21_mat	6600000	6800000	0.0114335
chr21_mat	6800000	7000000	0.0111187
chr21_mat	7000000	7200000	0.0186846
chr21_mat	7200000	7400000	0.042389
chr21_mat	7400000	7600000	
chr21_mat	7600000	7800000	
chr21_mat	7800000	8000000	
chr21_mat	8000000	8001925	
chr22_mat	0	200000	
chr22_mat	200000	400000	
chr22_mat	400000	600000	
chr22_mat	600000	800000	0.012925
chr22_mat	800000	1000000	0.0141581
chr22_mat	1000000	1200000	0.0213289
chr22_mat	1200000	1400000	0.0205504
chr22_mat	1400000	1600000	0.0120956
chr22_mat	1600000	1800000	0.0116019
chr22_mat	1800000	2000000	0.0247943
chr22_mat	2000000	2200000	0.0119556
chr22_mat	2200000	2400000	0.00972541
chr22_mat	2400000	2600000	0.00876907
chr22_mat	2600000	2800000	0.0104484
chr22_mat	2800000	3000000	0.0126288
chr22_mat	3000000	3200000	0.0107107
chr22_mat	3200000	3400000	
chr22_mat	3400000	3600000	
chr22_mat	3600000	3800000	
chr22_mat	3800000	4000000	
chr22_mat	4000000	4200000	
chr22_mat	4200000	4400000	0.0119929
chr22_mat	4400000	4600000	0.0119218
chr22_mat	4600000	4800000	0.0266249
chr22_mat	4800000	5000000	
chr22_mat	5000000	5052704	
chr23_mat	0	200000	
chr23_mat	200000	400000	
chr23_mat	400000	600000	0.0204366
chr23_mat	600000	800000	0.0126001
chr23_mat	800000	1000000	0.0162406
chr23_mat	1000000	1200000	0.0137307
chr23_mat	1200000	1400000	0.0441707
chr23_mat	1400000	1600000	0.0118385
chr23_mat	1600000	1800000	0.0143577
chr23_mat	1800000	2000000	0.0155898
chr23_mat	2000000	2200000	0.0103823
chr23_mat	2200000	2400000	0.0114106
chr23_mat	2400000	2600000	0.0108659
chr23_mat	2600000	2800000	0.0114964
chr23_mat	2800000	3000000	0.00984785
chr23_mat	3000000	3200000	0.0134757
chr23_mat	3200000	3400000	0.0123911
chr23_mat	3400000	3600000	0.0130792
chr23_mat	3600000	3800000	0.0130563
chr23_mat	3800000	4000000	0.0420506
chr23_mat	4000000	4200000	0.0144442
chr23_mat	4200000	4400000	0.013375
chr23_mat	4400000	4600000	0.0126274
chr23_mat	4600000	4800000	0.0141183
chr23_mat	4800000	5000000	0.0183404
chr23_mat	5000000	5200000	0.0160002
chr23_mat	5200000	5400000	0.0155552
chr23_mat	5400000	5600000	0.0143552
chr23_mat	5600000	5800000	0.0106669
chr23_mat	5800000	6000000	0.0114493
chr23_mat	6000000	6200000	0.0187508
chr23_mat	6200000	6400000	0.0311686
chr23_mat	6400000	6600000	
chr23_mat	6600000	6800000	
chr23_mat	6800000	6987744	
chr24_mat	0	200000	
chr24_mat	200000	400000	
chr24_mat	400000	600000	
chr24_mat	600000	800000	0.0323984
chr24_mat	800000	1000000	0.0242851
chr24_mat	1000000	1200000	0.0130074
chr24_mat	1200000	1400000	0.0135024
chr24_mat	1400000	1600000	0.0144737
chr24_mat	1600000	1800000	0.0166674
chr24_mat	1800000	2000000	0.0113568
chr24_mat	2000000	2200000	0.0103816
chr24_mat	2200000	2400000	0.0141268
chr24_mat	2400000	2600000	0.0123655
chr24_mat	2600000	2800000	0.01199
chr24_mat	2800000	3000000	0.0157365
chr24_mat	3000000	3200000	0.0197288
chr24_mat	3200000	3400000	0.01835
chr24_mat	3400000	3600000	0.0181209
chr24_mat	3600000	3800000	0.0120478
chr24_mat	3800000	4000000	0.0158165
chr24_mat	4000000	4200000	0.0136121
chr24_mat	4200000	4400000	0.0112878
chr24_mat	4400000	4600000	0.0131944
chr24_mat	4600000	4800000	0.0136861
chr24_mat	4800000	5000000	0.0121956
chr24_mat	5000000	5200000	0.013593
chr24_mat	5200000	5400000	0.0113681
chr24_mat	5400000	5600000	0.0131777
chr24_mat	5600000	5800000	0.0135763
chr24_mat	5800000	6000000	0.0128089
chr24_mat	6000000	6200000	0.0109371
chr24_mat	6200000	6400000	0.0138077
chr24_mat	6400000	6600000	0.0168085
chr24_mat	6600000	6800000	0.0162344
chr24_mat	6800000	7000000	0.0128012
chr24_mat	7000000	7200000	0.0218961
chr24_mat	7200000	7400000	0.0211199
chr24_mat	7400000	7600000	
chr24_mat	7600000	7800000	
chr24_mat	7800000	7809384	
chr25_mat	0	200000	
chr25_mat	200000	400000	
chr25_mat	400000	600000	
chr25_mat	600000	800000	0.120504
chr25_mat	800000	1000000	0.0446741
chr25_mat	1000000	1200000	0.0368749
chr25_mat	1200000	1400000	0.0882788
chr25_mat	1400000	1600000	0.0666747
chr25_mat	1600000	1800000	0.0857566
chr25_mat	1800000	2000000	0.0961996
chr25_mat	2000000	2200000	0.0674949
chr25_mat	2200000	2400000	0.073282
chr25_mat	2400000	2600000	0.0690535
chr25_mat	2600000	2800000	0.0548909
chr25_mat	2800000	3000000	0.105103
chr25_mat	3000000	3200000	0.0868012
chr25_mat	3200000	3400000	0.0484335
chr25_mat	3400000	3600000	0.0807366
chr25_mat	3600000	3800000	0.108034
chr25_mat	3800000	4000000	0.068154
chr25_mat	4000000	4200000	0.0968054
chr25_mat	4200000	4400000	0.0903128
chr25_mat	4400000	4600000	0.0382313
chr25_mat	4600000	4800000	0.0683269
chr25_mat	4800000	5000000	0.0431233
chr25_mat	5000000	5200000	0.0151047
chr25_mat	5200000	5400000	0.0102531
chr25_mat	5400000	5600000	0.01231
chr25_mat	5600000	5800000	0.0200276
chr25_mat	5800000	6000000	0.016027
chr25_mat	6000000	6200000	0.107141
chr25_mat	6200000	6400000	0.00929331
chr25_mat	6400000	6600000	0.0134725
chr25_mat	6600000	6800000	0.0116399
chr25_mat	6800000	7000000	0.0109848
chr25_mat	7000000	7200000	0.00938638
chr25_mat	7200000	7400000	0.0100573
chr25_mat	7400000	7600000	0.0286518
chr25_mat	7600000	7800000	0.00876115
chr25_mat	7800000	8000000	0.018605
chr25_mat	8000000	8199455	
chr26_mat	0	200000	
chr26_mat	200000	400000	
chr26_mat	400000	600000	
chr26_mat	600000	800000	0.0264314
chr26_mat	800000	1000000	0.0181819
chr26_mat	1000000	1200000	0.0119043
chr26_mat	1200000	1400000	0.0118635
chr26_mat	1400000	1600000	0.0131882
chr26_mat	1600000	1800000	0.0111832
chr26_mat	1800000	2000000	0.0189906
chr26_mat	2000000	2200000	0.0166807
chr26_mat	2200000	2400000	0.00948171
chr26_mat	2400000	2600000	0.00983165
chr26_mat	2600000	2800000	0.00894135
chr26_mat	2800000	3000000	0.00914149
chr26_mat	3000000	3200000	0.00892687
chr26_mat	3200000	3400000	0.0216257
chr26_mat	3400000	3600000	0.0113884
chr26_mat	3600000	3800000	0.0118804
chr26_mat	3800000	4000000	0.0143853
chr26_mat	4000000	4200000	0.0116047
chr26_mat	4200000	4400000	0.0110414
chr26_mat	4400000	4600000	0.0109249
chr26_mat	4600000	4800000	0.0144248
chr26_mat	4800000	5000000	0.0145448
chr26_mat	5000000	5200000	0.0098813
chr26_mat	5200000	5400000	0.0113039
chr26_mat	5400000	5600000	0.0135391
chr26_mat	5600000	5800000	0.00959147
chr26_mat	5800000	6000000	0.0117361
chr26_mat	6000000	6200000	0.0120871
chr26_mat	6200000	6400000	0.0255832
chr26_mat	6400000	6600000	
chr26_mat	6600000	6800000	
chr26_mat	6800000	6902691	
chr27_mat	0	200000	
chr27_mat	200000	400000	
chr27_mat	400000	600000	0.025211
chr27_mat	600000	800000	0.0152157
chr27_mat	800000	1000000	0.0115445
chr27_mat	1000000	1200000	0.0106699
chr27_mat	1200000	1400000	0.00916236
chr27_mat	1400000	1600000	0.0104748
chr27_mat	1600000	1800000	0.0122475
chr27_mat	1800000	2000000	0.0123005
chr27_mat	2000000	2200000	0.0114025
chr27_mat	2200000	2400000	0.0111267
chr27_mat	2400000	2600000	0.0128682
chr27_mat	2600000	2800000	0.0129489
chr27_mat	2800000	3000000	0.01294
chr27_mat	3000000	3200000	0.0128595
chr27_mat	3200000	3400000	0.0110492
chr27_mat	3400000	3600000	0.0102239
chr27_mat	3600000	3800000	0.012086
chr27_mat	3800000	4000000	0.010576
chr27_mat	4000000	4200000	0.0128909
chr27_mat	4200000	4400000	0.0155345
chr27_mat	4400000	4600000	0.0247163
chr27_mat	4600000	4800000	0.0147968
chr27_mat	4800000	5000000	0.0179808
chr27_mat	5000000	5200000	0.0150283
chr27_mat	5200000	5400000	0.0126729
chr27_mat	5400000	5600000	0.0262675
chr27_mat	5600000	5800000	
chr27_mat	5800000	5843241	
chr28_mat	0	200000	
chr28_mat	200000	400000	0.0191839
chr28_mat	400000	600000	0.00997275
chr28_mat	600000	800000	0.0140532
chr28_mat	800000	1000000	0.011687
chr28_mat	1000000	1200000	0.0116995
chr28_mat	1200000	1400000	0.0109178
chr28_mat	1400000	1600000	0.0115969
chr28_mat	1600000	1800000	
chr28_mat	1800000	2000000	0.0109448
chr28_mat	2000000	2200000	0.0175916
chr28_mat	2200000	2400000	0.0158892
chr28_mat	2400000	2600000	0.00997093
chr28_mat	2600000	2800000	0.0116918
chr28_mat	2800000	3000000	0.013708
chr28_mat	3000000	3200000	0.0110021
chr28_mat	3200000	3400000	0.0119785
chr28_mat	3400000	3600000	0.0127744
chr28_mat	3600000	3800000	0.0155479
chr28_mat	3800000	4000000	
chr28_mat	4000000	4200000	
chr28_mat	4200000	4400000	0.00996163
chr28_mat	4400000	4600000	0.0151166
chr28_mat	4600000	4800000	0.0129777
chr28_mat	4800000	5000000	0.0117699
chr28_mat	5000000	5200000	0.0127654
chr28_mat	5200000	5400000	0.0114842
chr28_mat	5400000	5600000	0.0139978
chr28_mat	5600000	5800000	0.0218036
chr28_mat	5800000	6000000	
chr28_mat	6000000	6200000	
chr28_mat	6200000	6367150	
chr29_mat	0	200000	
chr29_mat	200000	400000	
chr29_mat	400000	600000	0.124261
chr29_mat	600000	800000	0.0614256
chr29_mat	800000	1000000	0.0957675
chr29_mat	1000000	1200000	0.0601581
chr29_mat	1200000	1400000	0.0434746
chr29_mat	1400000	1600000	0.0498834
chr29_mat	1600000	1800000	0.0583243
chr29_mat	1800000	2000000	0.0578474
chr29_mat	2000000	2200000	0.038306
chr29_mat	2200000	2400000	0.0530521
chr29_mat	2400000	2600000	0.0586747
chr29_mat	2600000	2800000	0.0154874
chr29_mat	2800000	3000000	0.013727
chr29_mat	3000000	3200000	0.0121739
chr29_mat	3200000	3400000	0.0180413
chr29_mat	3400000	3600000	0.0131595
chr29_mat	3600000	3800000	0.0157393
chr29_mat	3800000	4000000	0.0176867
chr29_mat	4000000	4200000	0.0125101
chr29_mat	4200000	4400000	0.0101638
chr29_mat	4400000	4600000	0.0130199
chr29_mat	4600000	4800000	0.0208223
chr29_mat	4800000	5000000	0.0521557
chr29_mat	5000000	5200000	0.0131334
chr29_mat	5200000	5400000	0.015877
chr29_mat	5400000	5600000	
chr29_mat	5600000	5689316	
chr30_mat	0	200000	0.0275055
chr30_mat	200000	400000	0.0100275
chr30_mat	400000	600000	0.0149977
chr30_mat	600000	800000	0.0157449
chr30_mat	800000	1000000	0.0106144
chr30_mat	1000000	1200000	
chr30_mat	1200000	1400000	0.0545237
chr30_mat	1400000	1600000	0.0123971
chr30_mat	1600000	1800000	0.0184876
chr30_mat	1800000	2000000	0.0135776
chr30_mat	2000000	2200000	0.018044
chr30_mat	2200000	2400000	0.0223269
chr30_mat	2400000	2600000	0.035172
chr30_mat	2600000	2800000	0.0318003
chr30_mat	2800000	3000000	0.0351647
chr30_mat	3000000	3200000	0.0315848
chr30_mat	3200000	3400000	0.0287862
chr30_mat	3400000	3600000	0.0317037
chr30_mat	3600000	3800000	0.0264923
chr30_mat	3800000	4000000	0.0249296
chr30_mat	4000000	4200000	0.0289207
chr30_mat	4200000	4400000	0.0281873
chr30_mat	4400000	4600000	0.0308936
chr30_mat	4600000	4800000	0.024278
chr30_mat	4800000	5000000	0.0313197
chr30_mat	5000000	5200000	0.034489
chr30_mat	5200000	5400000	0.03575
chr30_mat	5400000	5600000	0.0292257
chr30_mat	5600000	5800000	0.0279678
chr30_mat	5800000	6000000	0.0241351
chr30_mat	6000000	6200000	0.0223754
chr30_mat	6200000	6400000	0.0238408
chr30_mat	6400000	6600000	0.0320543
chr30_mat	6600000	6800000	0.0269161
chr30_mat	6800000	7000000	0.024093
chr30_mat	7000000	7200000	0.0295907
chr30_mat	7200000	7400000	0.0376607
chr30_mat	7400000	7600000	0.0251891
chr30_mat	7600000	7800000	0.0284702
chr30_mat	7800000	8000000	0.0219134
chr30_mat	8000000	8200000	0.0299917
chr30_mat	8200000	8400000	0.0299211
chr30_mat	8400000	8600000	0.028542
chr30_mat	8600000	8800000	0.0235526
chr30_mat	8800000	9000000	0.0230348
chr30_mat	9000000	9200000	0.0298449
chr30_mat	9200000	9400000	0.0271096
chr30_mat	9400000	9600000	0.072781
chr30_mat	9600000	9800000	
chr30_mat	9800000	10000000	
chr30_mat	10000000	10075530	
chr31_mat	0	200000	0.0736777
chr31_mat	200000	400000	0.0136764
chr31_mat	400000	600000	0.0154681
chr31_mat	600000	800000	0.0162826
chr31_mat	800000	1000000	0.0160177
chr31_mat	1000000	1200000	0.0169023
chr31_mat	1200000	1400000	0.0185943
chr31_mat	1400000	1600000	0.0184622
chr31_mat	1600000	1800000	0.0187283
chr31_mat	1800000	2000000	0.0152255
chr31_mat	2000000	2200000	0.0150986
chr31_mat	2200000	2400000	0.0112409
chr31_mat	2400000	2600000	0.0236951
chr31_mat	2600000	2800000	0.0408481
chr31_mat	2800000	3000000	0.0372451
chr31_mat	3000000	3200000	0.0435635
chr31_mat	3200000	3400000	0.0498042
chr31_mat	3400000	3600000	0.0459914
chr31_mat	3600000	3800000	0.0379349
chr31_mat	3800000	4000000	0.0450798
chr31_mat	4000000	4200000	0.0628407
chr31_mat	4200000	4400000	0.0481739
chr31_mat	4400000	4600000	0.0542998
chr31_mat	4600000	4800000	0.0694225
chr31_mat	4800000	5000000	
chr31_mat	5000000	5200000	
chr31_mat	5200000	5400000	
chr31_mat	5400000	5600000	
chr31_mat	5600000	5620948	
chr32_mat	0	200000	
chr32_mat	200000	400000	
chr32_mat	400000	600000	0.0145969
chr32_mat	600000	800000	0.017794
chr32_mat	800000	1000000	0.0167678
chr32_mat	1000000	1200000	0.0115536
chr32_mat	1200000	1400000	0.0169239
chr32_mat	1400000	1600000	0.012308
chr32_mat	1600000	1800000	0.0187165
chr32_mat	1800000	2000000	0.0292367
chr32_mat	2000000	2200000	0.0229996
chr32_mat	2200000	2400000	
chr32_mat	2400000	2600000	
chr32_mat	2600000	2800000	
chr32_mat	2800000	3000000	
chr32_mat	3000000	3200000	
chr32_mat	3200000	3400000	0.101661
chr32_mat	3400000	3600000	0.0365925
chr32_mat	3600000	3800000	0.0496979
chr32_mat	3800000	4000000	0.0349513
chr32_mat	4000000	4200000	0.0374174
chr32_mat	4200000	4400000	0.0522906
chr32_mat	4400000	4600000	0.0347552
chr32_mat	4600000	4800000	0.0424277
chr32_mat	4800000	5000000	0.071381
chr32_mat	5000000	5200000	
chr32_mat	5200000	5400000	
chr32_mat	5400000	5583733	
chr33_mat	0	200000	
chr33_mat	200000	400000	
chr33_mat	400000	600000	0.0192921
chr33_mat	600000	800000	0.0147297
chr33_mat	800000	1000000	0.022198
chr33_mat	1000000	1200000	0.0154676
chr33_mat	1200000	1400000	0.0221688
chr33_mat	1400000	1600000	0.0220919
chr33_mat	1600000	1800000	0.0113415
chr33_mat	1800000	2000000	0.0207351
chr33_mat	2000000	2200000	0.0444477
chr33_mat	2200000	2400000	0.0564961
chr33_mat	2400000	2600000	0.027978
chr33_mat	2600000	2800000	0.0397482
chr33_mat	2800000	3000000	0.0418171
chr33_mat	3000000	3200000	0.0429012
chr33_mat	3200000	3400000	0.0594959
chr33_mat	3400000	3600000	0.0452574
chr33_mat	3600000	3800000	
chr33_mat	3800000	4000000	
chr33_mat	4000000	4200000	
chr33_mat	4200000	4246341	
chr34_mat	0	200000	
chr34_mat	200000	400000	
chr34_mat	400000	600000	0.0329905
chr34_mat	600000	800000	0.0295024
chr34_mat	800000	1000000	0.039043
chr34_mat	1000000	1200000	0.0349803
chr34_mat	1200000	1400000	0.0358643
chr34_mat	1400000	1600000	0.0434738
chr34_mat	1600000	1800000	0.0408319
chr34_mat	1800000	2000000	0.0451834
chr34_mat	2000000	2200000	0.0524073
chr34_mat	2200000	2400000	0.02748
chr34_mat	2400000	2600000	0.0248903
chr34_mat	2600000	2800000	0.0233253
chr34_mat	2800000	3000000	0.0186563
chr34_mat	3000000	3200000	0.0102778
chr34_mat	3200000	3400000	0.0142784
chr34_mat	3400000	3600000	0.0144007
chr34_mat	3600000	3800000	0.0117032
chr34_mat	3800000	4000000	0.0102038
chr34_mat	4000000	4200000	0.0565565
chr34_mat	4200000	4400000	
chr34_mat	4400000	4456870	
chr35_mat	0	200000	
chr35_mat	200000	400000	
chr35_mat	400000	600000	
chr35_mat	600000	800000	0.0626836
chr35_mat	800000	1000000	0.012577
chr35_mat	1000000	1200000	0.0175382
chr35_mat	1200000	1400000	0.0178173
chr35_mat	1400000	1600000	0.0155126
chr35_mat	1600000	1800000	0.0108948
chr35_mat	1800000	2000000	0.0318729
chr35_mat	2000000	2200000	
chr35_mat	2200000	2400000	
chr35_mat	2400000	2600000	
chr35_mat	2600000	2800000	
chr35_mat	2800000	3000000	
chr35_mat	3000000	3200000	
chr35_mat	3200000	3400000	
chr35_mat	3400000	3600000	
chr35_mat	3600000	3800000	
chr35_mat	3800000	4000000	
chr35_mat	4000000	4200000	
chr35_mat	4200000	4400000	
chr35_mat	4400000	4600000	
chr35_mat	4600000	4800000	
chr35_mat	4800000	4884911	
chr36_mat	0	200000	0.0137075
chr36_mat	200000	400000	0.0135495
chr36_mat	400000	600000	0.015048
chr36_mat	600000	800000	0.0212344
chr36_mat	800000	1000000	0.014103
chr36_mat	1000000	1200000	0.015033
chr36_mat	1200000	1400000	0.0225613
chr36_mat	1400000	1600000	0.023922
chr36_mat	1600000	1800000	0.0247046
chr36_mat	1800000	2000000	0.027573
chr36_mat	2000000	2200000	0.0245948
chr36_mat	2200000	2400000	0.0233484
chr36_mat	2400000	2600000	0.0246814
chr36_mat	2600000	2800000	0.0257053
chr36_mat	2800000	3000000	0.0213683
chr36_mat	3000000	3200000	0.0224733
chr36_mat	3200000	3400000	0.0303971
chr36_mat	3400000	3600000	0.0236922
chr36_mat	3600000	3800000	0.0250718
chr36_mat	3800000	4000000	0.0253813
chr36_mat	4000000	4200000	0.0226763
chr36_mat	4200000	4400000	0.0231648
chr36_mat	4400000	4600000	0.0407135
chr36_mat	4600000	4800000	
chr36_mat	4800000	4818805	
chr37_mat	0	200000	0.0154438
chr37_mat	200000	400000	0.0157899
chr37_mat	400000	600000	0.0152652
chr37_mat	600000	800000	0.0171074
chr37_mat	800000	1000000	0.0148439
chr37_mat	1000000	1200000	0.0424809
chr37_mat	1200000	1400000	0.0215321
chr37_mat	1400000	1600000	0.0185295
chr37_mat	1600000	1800000	0.0114389
chr37_mat	1800000	2000000	0.0155355
chr37_mat	2000000	2200000	0.0285193
chr37_mat	2200000	2400000	0.0405201
chr37_mat	2400000	2600000	0.0389729
chr37_mat	2600000	2800000	0.0383727
chr37_mat	2800000	3000000	0.0513422
chr37_mat	3000000	3200000	0.032424
chr37_mat	3200000	3400000	0.0514838
chr37_mat	3400000	3600000	0.0439887
chr37_mat	3600000	3800000	0.0345223
chr37_mat	3800000	4000000	0.0344126
chr37_mat	4000000	4200000	0.0434301
chr37_mat	4200000	4400000	0.0511216
chr37_mat	4400000	4600000	0.0343692
chr37_mat	4600000	4800000	0.0401805
chr37_mat	4800000	5000000	0.0369995
chr37_mat	5000000	5200000	0.0595138
chr37_mat	5200000	5400000	0.122666
chr37_mat	5400000	5600000	
chr37_mat	5600000	5800000	
chr37_mat	5800000	6000000	0.0340227
chr37_mat	6000000	6200000	0.0272973
chr37_mat	6200000	6400000	0.0230648
chr37_mat	6400000	6600000	0.030611
chr37_mat	6600000	6800000	0.0321236
chr37_mat	6800000	7000000	0.0333159
chr37_mat	7000000	7200000	0.0321259
chr37_mat	7200000	7400000	
chr37_mat	7400000	7600000	
chr37_mat	7600000	7800000	
chr37_mat	7800000	7863776	
chrW_mat	0	200000	
chrW_mat	200000	400000	
chrW_mat	400000	600000	
chrW_mat	600000	800000	
chrW_mat	800000	1000000	
chrW_mat	1000000	1200000	
chrW_mat	1200000	1400000	
chrW_mat	1400000	1600000	
chrW_mat	1600000	1800000	0.0096065
chrW_mat	1800000	2000000	
chrW_mat	2000000	2200000	
chrW_mat	2200000	2400000	
chrW_mat	2400000	2600000	0.0579124
chrW_mat	2600000	2800000	0.0145164
chrW_mat	2800000	3000000	0.0125273
chrW_mat	3000000	3200000	0.0211021
chrW_mat	3200000	3400000	0.0327252
chrW_mat	3400000	3600000	
chrW_mat	3600000	3800000	
chrW_mat	3800000	4000000	
chrW_mat	4000000	4200000	
chrW_mat	4200000	4400000	
chrW_mat	4400000	4600000	
chrW_mat	4600000	4800000	
chrW_mat	4800000	5000000	
chrW_mat	5000000	5200000	
chrW_mat	5200000	5400000	
chrW_mat	5400000	5600000	
chrW_mat	5600000	5800000	
chrW_mat	5800000	6000000	
chrW_mat	6000000	6200000	
chrW_mat	6200000	6400000	
chrW_mat	6400000	6600000	
chrW_mat	6600000	6800000	
chrW_mat	6800000	7000000	
chrW_mat	7000000	7200000	
chrW_mat	7200000	7400000	
chrW_mat	7400000	7600000	
chrW_mat	7600000	7800000	
chrW_mat	7800000	8000000	
chrW_mat	8000000	8200000	
chrW_mat	8200000	8400000	
chrW_mat	8400000	8600000	0.0341392
chrW_mat	8600000	8800000	0.0115211
chrW_mat	8800000	9000000	0.0137816
chrW_mat	9000000	9200000	0.0160576
chrW_mat	9200000	9400000	0.00920821
chrW_mat	9400000	9600000	0.00665959
chrW_mat	9600000	9800000	0.0135907
chrW_mat	9800000	10000000	0.00805019
chrW_mat	10000000	10200000	0.00669036
chrW_mat	10200000	10400000	0.00990824
chrW_mat	10400000	10600000	0.00886371
chrW_mat	10600000	10800000	0.0109367
chrW_mat	10800000	11000000	0.0152887
chrW_mat	11000000	11200000	0.0089901
chrW_mat	11200000	11400000	0.0107648
chrW_mat	11400000	11600000	0.0145867
chrW_mat	11600000	11800000	0.0174411
chrW_mat	11800000	12000000	0.0155542
chrW_mat	12000000	12200000	0.0150042
chrW_mat	12200000	12400000	0.0156984
chrW_mat	12400000	12600000	0.00642132
chrW_mat	12600000	12800000	0.00814694
chrW_mat	12800000	13000000	0.0106064
chrW_mat	13000000	13200000	0.0113475
chrW_mat	13200000	13400000	0.0148544
chrW_mat	13400000	13600000	0.0124298
chrW_mat	13600000	13800000	0.0147764
chrW_mat	13800000	14000000	0.0381248
chrW_mat	14000000	14200000	0.0380586
chrW_mat	14200000	14400000	0.0155772
chrW_mat	14400000	14600000	0.0133786
chrW_mat	14600000	14800000	0.0084367
chrW_mat	14800000	15000000	0.00999494
chrW_mat	15000000	15200000	0.00924508
chrW_mat	15200000	15400000	0.0150839
chrW_mat	15400000	15600000	0.0132409
chrW_mat	15600000	15800000	0.0112264
chrW_mat	15800000	16000000	0.00845575
chrW_mat	16000000	16200000	0.0106088
chrW_mat	16200000	16400000	0.00781353
chrW_mat	16400000	16600000	0.0094664
chrW_mat	16600000	16800000	0.0141739
chrW_mat	16800000	17000000	0.0220721
chrW_mat	17000000	17200000	0.021655
chrW_mat	17200000	17400000	0.0115157
chrW_mat	17400000	17600000	0.0115307
chrW_mat	17600000	17800000	0.00842397
chrW_mat	17800000	18000000	0.012919
chrW_mat	18000000	18200000	0.0408603
chrW_mat	18200000	18400000	0.0407161
chrW_mat	18400000	18600000	0.035461
chrW_mat	18600000	18800000	0.0287703
chrW_mat	18800000	19000000	0.0391691
chrW_mat	19000000	19200000	
chrW_mat	19200000	19400000	
chrW_mat	19400000	19600000	
chrW_mat	19600000	19800000	
chrW_mat	19800000	20000000	
chrW_mat	20000000	20200000	
chrW_mat	20200000	20400000	
chrW_mat	20400000	20600000	
chrW_mat	20600000	20800000	
chrW_mat	20800000	21000000	
chrW_mat	21000000	21200000	
chrW_mat	21200000	21400000	
chrW_mat	21400000	21600000	
chrW_mat	21600000	21800000	
chrW_mat	21800000	22000000	
chrW_mat	22000000	22200000	0.01405
chrW_mat	22200000	22400000	
chrW_mat	22400000	22600000	
chrW_mat	22600000	22800000	0.0130558
chrW_mat	22800000	23000000	0.0141025
chrW_mat	23000000	23200000	0.015607
chrW_mat	23200000	23400000	0.0126255
chrW_mat	23400000	23600000	0.00685235
chrW_mat	23600000	23800000	0.0336307
chrW_mat	23800000	24000000	0.045015
chrW_mat	24000000	24200000	0.0154122
chrW_mat	24200000	24400000	0.00825778
chrW_mat	24400000	24600000	0.0145087
chrW_mat	24600000	24800000	0.011481
chrW_mat	24800000	25000000	0.00825686
chrW_mat	25000000	25200000	0.0111697
chrW_mat	25200000	25400000	0.0093044
chrW_mat	25400000	25600000	0.0103014
chrW_mat	25600000	25800000	0.00903781
chrW_mat	25800000	26000000	0.0112296
chrW_mat	26000000	26200000	0.0125606
chrW_mat	26200000	26400000	0.0069207
chrW_mat	26400000	26600000	0.0104829
chrW_mat	26600000	26800000	0.022051
chrW_mat	26800000	27000000	0.0145336
chrW_mat	27000000	27200000	0.0152898
chrW_mat	27200000	27400000	0.0132154
chrW_mat	27400000	27600000	0.00829463
chrW_mat	27600000	27800000	0.0119938
chrW_mat	27800000	28000000	0.0102663
chrW_mat	28000000	28200000	0.013467
chrW_mat	28200000	28400000	0.0105392
chrW_mat	28400000	28600000	0.012275
chrW_mat	28600000	28800000	0.0149215
chrW_mat	28800000	29000000	0.0126199
chrW_mat	29000000	29200000	0.00851795
chrW_mat	29200000	29400000	0.0109484
chrW_mat	29400000	29600000	0.00993156
chrW_mat	29600000	29800000	0.0142458
chrW_mat	29800000	30000000	0.0151201
chrW_mat	30000000	30200000	0.0142502
chrW_mat	30200000	30400000	0.0142578
chrW_mat	30400000	30600000	0.0165408
chrW_mat	30600000	30800000	0.012555
chrW_mat	30800000	31000000	0.00976918
chrW_mat	31000000	31200000	0.0122191
chrW_mat	31200000	31400000	0.00894012
chrW_mat	31400000	31600000	0.00779997
chrW_mat	31600000	31800000	0.0095899
chrW_mat	31800000	32000000	0.0116591
chrW_mat	32000000	32200000	0.00936754
chrW_mat	32200000	32400000	0.00922957
chrW_mat	32400000	32600000	0.00829634
chrW_mat	32600000	32800000	0.0146522
chrW_mat	32800000	33000000	0.011755
chrW_mat	33000000	33200000	0.00620846
chrW_mat	33200000	33400000	0.00999881
chrW_mat	33400000	33600000	0.01405
chrW_mat	33600000	33777440	0.0176377
chrZ_pat	0	200000	
chrZ_pat	200000	400000	
chrZ_pat	400000	600000	
chrZ_pat	600000	800000	
chrZ_pat	800000	1000000	
chrZ_pat	1000000	1200000	
chrZ_pat	1200000	1400000	
chrZ_pat	1400000	1600000	
chrZ_pat	1600000	1800000	0.00449452
chrZ_pat	1800000	2000000	
chrZ_pat	2000000	2200000	0.0260934
chrZ_pat	2200000	2400000	
chrZ_pat	2400000	2600000	
chrZ_pat	2600000	2800000	0.029576
chrZ_pat	2800000	3000000	0.0105689
chrZ_pat	3000000	3200000	0.0153393
chrZ_pat	3200000	3400000	0.0152663
chrZ_pat	3400000	3600000	0.00835295
chrZ_pat	3600000	3800000	0.0106485
chrZ_pat	3800000	4000000	0.00780739
chrZ_pat	4000000	4200000	0.00812538
chrZ_pat	4200000	4400000	0.00973822
chrZ_pat	4400000	4600000	0.012454
chrZ_pat	4600000	4800000	0.00829265
chrZ_pat	4800000	5000000	0.00880864
chrZ_pat	5000000	5200000	0.0184799
chrZ_pat	5200000	5400000	0.0365694
chrZ_pat	5400000	5600000	0.0366649
chrZ_pat	5600000	5800000	
chrZ_pat	5800000	6000000	0.0131592
chrZ_pat	6000000	6200000	0.0103778
chrZ_pat	6200000	6400000	0.00998613
chrZ_pat	6400000	6600000	0.00991349
chrZ_pat	6600000	6800000	0.00790075
chrZ_pat	6800000	7000000	0.00797474
chrZ_pat	7000000	7200000	0.0111323
chrZ_pat	7200000	7400000	0.0123598
chrZ_pat	7400000	7600000	0.0121553
chrZ_pat	7600000	7800000	0.00802467
chrZ_pat	7800000	8000000	0.00664449
chrZ_pat	8000000	8200000	0.0077736
chrZ_pat	8200000	8400000	0.0078277
chrZ_pat	8400000	8600000	0.011107
chrZ_pat	8600000	8800000	0.00995826
chrZ_pat	8800000	9000000	0.00993587
chrZ_pat	9000000	9200000	0.0115777
chrZ_pat	9200000	9400000	0.0107775
chrZ_pat	9400000	9600000	0.00837002
chrZ_pat	9600000	9800000	0.00975786
chrZ_pat	9800000	10000000	
chrZ_pat	10000000	10200000	0.0339254
chrZ_pat	10200000	10400000	
chrZ_pat	10400000	10600000	
chrZ_pat	10600000	10800000	0.0164594
chrZ_pat	10800000	11000000	0.00708407
chrZ_pat	11000000	11200000	0.00929999
chrZ_pat	11200000	11400000	0.00679971
chrZ_pat	11400000	11600000	0.0101387
chrZ_pat	11600000	11800000	0.0101068
chrZ_pat	11800000	12000000	0.00923856
chrZ_pat	12000000	12200000	0.00662542
chrZ_pat	12200000	12400000	0.00745734
chrZ_pat	12400000	12600000	0.00805862
chrZ_pat	12600000	12800000	0.00991028
chrZ_pat	12800000	13000000	0.0103882
chrZ_pat	13000000	13200000	0.00945394
chrZ_pat	13200000	13400000	0.0095429
chrZ_pat	13400000	13600000	0.00938748
chrZ_pat	13600000	13800000	0.0101012
chrZ_pat	13800000	14000000	0.00961402
chrZ_pat	14000000	14200000	0.0084245
chrZ_pat	14200000	14400000	0.00802862
chrZ_pat	14400000	14600000	0.00845055
chrZ_pat	14600000	14800000	0.00876367
chrZ_pat	14800000	15000000	0.00809743
chrZ_pat	15000000	15200000	0.00940088
chrZ_pat	15200000	15400000	0.0114506
chrZ_pat	15400000	15600000	0.00827692
chrZ_pat	15600000	15800000	0.0166267
chrZ_pat	15800000	16000000	
chrZ_pat	16000000	16200000	0.00744072
chrZ_pat	16200000	16400000	0.0104376
chrZ_pat	16400000	16600000	0.00957205
chrZ_pat	16600000	16800000	0.00606911
chrZ_pat	16800000	17000000	0.00904408
chrZ_pat	17000000	17200000	0.0101483
chrZ_pat	17200000	17400000	0.0102683
chrZ_pat	17400000	17600000	0.00925878
chrZ_pat	17600000	17800000	0.00801721
chrZ_pat	17800000	18000000	0.00753861
chrZ_pat	18000000	18200000	0.00779612
chrZ_pat	18200000	18400000	0.0100599
chrZ_pat	18400000	18600000	0.00773902
chrZ_pat	18600000	18800000	0.00829484
chrZ_pat	18800000	19000000	0.00927165
chrZ_pat	19000000	19200000	0.0105397
chrZ_pat	19200000	19400000	0.00961808
chrZ_pat	19400000	19600000	0.00985536
chrZ_pat	19600000	19800000	0.00982753
chrZ_pat	19800000	20000000	0.00869625
chrZ_pat	20000000	20200000	0.00983743
chrZ_pat	20200000	20400000	0.00733604
chrZ_pat	20400000	20600000	0.00926905
chrZ_pat	20600000	20800000	0.00868521
chrZ_pat	20800000	21000000	0.00880596
chrZ_pat	21000000	21200000	0.00859718
chrZ_pat	21200000	21400000	0.0131202
chrZ_pat	21400000	21600000	0.0126377
chrZ_pat	21600000	21800000	0.0128218
chrZ_pat	21800000	22000000	0.0110311
chrZ_pat	22000000	22200000	0.00780409
chrZ_pat	22200000	22400000	0.0122409
chrZ_pat	22400000	22600000	0.0184862
chrZ_pat	22600000	22800000	0.00367132
chrZ_pat	22800000	23000000	0.00982912
chrZ_pat	23000000	23200000	0.00917475
chrZ_pat	23200000	23400000	0.00992709
chrZ_pat	23400000	23600000	0.00842
chrZ_pat	23600000	23800000	0.00962321
chrZ_pat	23800000	24000000	0.0106263
chrZ_pat	24000000	24200000	0.0109311
chrZ_pat	24200000	24400000	0.0099189
chrZ_pat	24400000	24600000	0.00988905
chrZ_pat	24600000	24800000	0.0102663
chrZ_pat	24800000	25000000	0.0103356
chrZ_pat	25000000	25200000	0.00994438
chrZ_pat	25200000	25400000	0.00869376
chrZ_pat	25400000	25600000	0.00726423
chrZ_pat	25600000	25800000	0.00774435
chrZ_pat	25800000	26000000	0.00740403
chrZ_pat	26000000	26200000	0.00955076
chrZ_pat	26200000	26400000	0.0081761
chrZ_pat	26400000	26600000	0.00933822
chrZ_pat	26600000	26800000	0.00963004
chrZ_pat	26800000	27000000	0.00874852
chrZ_pat	27000000	27200000	0.00754333
chrZ_pat	27200000	27400000	0.00892379
chrZ_pat	27400000	27600000	0.00787183
chrZ_pat	27600000	27800000	0.00876239
chrZ_pat	27800000	28000000	0.0106292
chrZ_pat	28000000	28200000	0.0103583
chrZ_pat	28200000	28400000	0.0101186
chrZ_pat	28400000	28600000	0.0109674
chrZ_pat	28600000	28800000	0.00891746
chrZ_pat	28800000	29000000	0.00737374
chrZ_pat	29000000	29200000	0.00748174
chrZ_pat	29200000	29400000	0.00953733
chrZ_pat	29400000	29600000	0.00786873
chrZ_pat	29600000	29800000	0.00947692
chrZ_pat	29800000	30000000	0.01016
chrZ_pat	30000000	30200000	0.00981274
chrZ_pat	30200000	30400000	0.00713641
chrZ_pat	30400000	30600000	0.00634702
chrZ_pat	30600000	30800000	0.00979227
chrZ_pat	30800000	31000000	0.0102463
chrZ_pat	31000000	31200000	0.0102434
chrZ_pat	31200000	31400000	0.0106982
chrZ_pat	31400000	31600000	0.00898189
chrZ_pat	31600000	31800000	0.00778474
chrZ_pat	31800000	32000000	0.00881262
chrZ_pat	32000000	32200000	0.00725352
chrZ_pat	32200000	32400000	0.0110244
chrZ_pat	32400000	32600000	0.0123298
chrZ_pat	32600000	32800000	0.0111942
chrZ_pat	32800000	33000000	0.00886928
chrZ_pat	33000000	33200000	0.008371
chrZ_pat	33200000	33400000	0.00851172
chrZ_pat	33400000	33600000	0.00683576
chrZ_pat	33600000	33800000	0.00956243
chrZ_pat	33800000	34000000	0.011409
chrZ_pat	34000000	34200000	0.0103638
chrZ_pat	34200000	34400000	0.0105979
chrZ_pat	34400000	34600000	0.011387
chrZ_pat	34600000	34800000	0.00903421
chrZ_pat	34800000	35000000	0.0105442
chrZ_pat	35000000	35200000	0.0106353
chrZ_pat	35200000	35400000	0.0235901
chrZ_pat	35400000	35600000	
chrZ_pat	35600000	35800000	
chrZ_pat	35800000	36000000	0.0126644
chrZ_pat	36000000	36200000	0.0113155
chrZ_pat	36200000	36400000	0.0101079
chrZ_pat	36400000	36600000	0.00767929
chrZ_pat	36600000	36800000	0.00961078
chrZ_pat	36800000	37000000	0.0111143
chrZ_pat	37000000	37200000	0.00814657
chrZ_pat	37200000	37400000	0.0104229
chrZ_pat	37400000	37600000	0.0101261
chrZ_pat	37600000	37800000	0.0102323
chrZ_pat	37800000	38000000	0.0100965
chrZ_pat	38000000	38200000	0.0101267
chrZ_pat	38200000	38400000	0.0105163
chrZ_pat	38400000	38600000	0.0106984
chrZ_pat	38600000	38800000	0.0111486
chrZ_pat	38800000	39000000	0.0104054
chrZ_pat	39000000	39200000	0.00691829
chrZ_pat	39200000	39400000	0.00698099
chrZ_pat	39400000	39600000	0.00813107
chrZ_pat	39600000	39800000	0.0089751
chrZ_pat	39800000	40000000	0.00723147
chrZ_pat	40000000	40200000	0.00990339
chrZ_pat	40200000	40400000	0.00968042
chrZ_pat	40400000	40600000	0.00646061
chrZ_pat	40600000	40800000	0.0101819
chrZ_pat	40800000	41000000	0.00993313
chrZ_pat	41000000	41200000	0.00971338
chrZ_pat	41200000	41400000	0.00944324
chrZ_pat	41400000	41600000	0.00968294
chrZ_pat	41600000	41800000	0.00719177
chrZ_pat	41800000	42000000	0.0101109
chrZ_pat	42000000	42200000	0.0107869
chrZ_pat	42200000	42400000	0.010495
chrZ_pat	42400000	42600000	0.00752143
chrZ_pat	42600000	42800000	0.0100542
chrZ_pat	42800000	43000000	0.0101878
chrZ_pat	43000000	43200000	0.0102868
chrZ_pat	43200000	43400000	0.00978128
chrZ_pat	43400000	43600000	0.0112533
chrZ_pat	43600000	43800000	0.00984634
chrZ_pat	43800000	44000000	0.0100594
chrZ_pat	44000000	44200000	0.00979264
chrZ_pat	44200000	44400000	0.0099974
chrZ_pat	44400000	44600000	0.0107413
chrZ_pat	44600000	44800000	0.0117147
chrZ_pat	44800000	45000000	0.0118764
chrZ_pat	45000000	45200000	0.011816
chrZ_pat	45200000	45400000	0.00910359
chrZ_pat	45400000	45600000	0.00702607
chrZ_pat	45600000	45800000	0.00750346
chrZ_pat	45800000	46000000	0.00664157
chrZ_pat	46000000	46200000	0.0083864
chrZ_pat	46200000	46400000	0.00996052
chrZ_pat	46400000	46600000	0.0134736
chrZ_pat	46600000	46800000	0.0125006
chrZ_pat	46800000	47000000	0.00653319
chrZ_pat	47000000	47200000	0.0111271
chrZ_pat	47200000	47400000	0.0121339
chrZ_pat	47400000	47600000	0.00877471
chrZ_pat	47600000	47800000	0.00949293
chrZ_pat	47800000	48000000	0.010451
chrZ_pat	48000000	48200000	0.00706142
chrZ_pat	48200000	48400000	0.00873602
chrZ_pat	48400000	48600000	0.00869642
chrZ_pat	48600000	48800000	0.0097533
chrZ_pat	48800000	49000000	0.0080428
chrZ_pat	49000000	49200000	0.0101297
chrZ_pat	49200000	49400000	0.00743859
chrZ_pat	49400000	49600000	0.00893257
chrZ_pat	49600000	49800000	0.00561562
chrZ_pat	49800000	50000000	0.00704849
chrZ_pat	50000000	50200000	0.0107555
chrZ_pat	50200000	50400000	0.0108837
chrZ_pat	50400000	50600000	0.00690772
chrZ_pat	50600000	50800000	0.00985359
chrZ_pat	50800000	51000000	0.0105841
chrZ_pat	51000000	51200000	0.00819063
chrZ_pat	51200000	51400000	0.0105434
chrZ_pat	51400000	51600000	0.00841729
chrZ_pat	51600000	51800000	0.0102684
chrZ_pat	51800000	52000000	0.00663779
chrZ_pat	52000000	52200000	0.00839421
chrZ_pat	52200000	52400000	0.00989972
chrZ_pat	52400000	52600000	0.00863574
chrZ_pat	52600000	52800000	0.0102355
chrZ_pat	52800000	53000000	0.00926262
chrZ_pat	53000000	53200000	0.00854484
chrZ_pat	53200000	53400000	0.0103412
chrZ_pat	53400000	53600000	0.0101711
chrZ_pat	53600000	53800000	0.010003
chrZ_pat	53800000	54000000	0.00837341
chrZ_pat	54000000	54200000	0.00687005
chrZ_pat	54200000	54400000	0.00818576
chrZ_pat	54400000	54600000	0.00801958
chrZ_pat	54600000	54800000	0.0101862
chrZ_pat	54800000	55000000	0.00784325
chrZ_pat	55000000	55200000	0.00895281
chrZ_pat	55200000	55400000	0.0103334
chrZ_pat	55400000	55600000	0.00936161
chrZ_pat	55600000	55800000	0.00715514
chrZ_pat	55800000	56000000	0.0107564
chrZ_pat	56000000	56200000	0.0109092
chrZ_pat	56200000	56400000	0.0101448
chrZ_pat	56400000	56600000	0.0101034
chrZ_pat	56600000	56800000	0.00992174
chrZ_pat	56800000	57000000	0.00901551
chrZ_pat	57000000	57200000	0.00749922
chrZ_pat	57200000	57400000	0.00763024
chrZ_pat	57400000	57600000	0.00783974
chrZ_pat	57600000	57800000	0.00766772
chrZ_pat	57800000	58000000	0.0105095
chrZ_pat	58000000	58200000	0.0104392
chrZ_pat	58200000	58400000	0.00826993
chrZ_pat	58400000	58600000	0.0091044
chrZ_pat	58600000	58800000	0.00659988
chrZ_pat	58800000	59000000	0.00705846
chrZ_pat	59000000	59200000	0.0082627
chrZ_pat	59200000	59400000	0.0087729
chrZ_pat	59400000	59600000	0.00997439
chrZ_pat	59600000	59800000	0.00649307
chrZ_pat	59800000	60000000	0.00824781
chrZ_pat	60000000	60200000	0.0110401
chrZ_pat	60200000	60400000	0.0107129
chrZ_pat	60400000	60600000	0.00699229
chrZ_pat	60600000	60800000	0.00934931
chrZ_pat	60800000	61000000	0.0101828
chrZ_pat	61000000	61200000	0.0102263
chrZ_pat	61200000	61400000	0.00933695
chrZ_pat	61400000	61600000	0.0103064
chrZ_pat	61600000	61800000	0.0101575
chrZ_pat	61800000	62000000	0.0079566
chrZ_pat	62000000	62200000	0.0107932
chrZ_pat	62200000	62400000	0.0110401
chrZ_pat	62400000	62600000	0.00762343
chrZ_pat	62600000	62800000	0.00792373
chrZ_pat	62800000	63000000	0.0102645
chrZ_pat	63000000	63200000	0.0112435
chrZ_pat	63200000	63400000	
chrZ_pat	63400000	63600000	
chrZ_pat	63600000	63800000	0.0230363
chrZ_pat	63800000	64000000	0.0151558
chrZ_pat	64000000	64200000	0.00980166
chrZ_pat	64200000	64400000	0.00752007
chrZ_pat	64400000	64600000	0.00971262
chrZ_pat	64600000	64800000	0.010301
chrZ_pat	64800000	65000000	0.0259265
chrZ_pat	65000000	65200000	0.00791685
chrZ_pat	65200000	65400000	0.00799192
chrZ_pat	65400000	65600000	0.00884784
chrZ_pat	65600000	65800000	0.00931095
chrZ_pat	65800000	66000000	0.0111141
chrZ_pat	66000000	66200000	0.00597302
chrZ_pat	66200000	66400000	0.0075321
chrZ_pat	66400000	66600000	0.00852556
chrZ_pat	66600000	66800000	0.0106936
chrZ_pat	66800000	67000000	0.00803644
chrZ_pat	67000000	67200000	0.00810801
chrZ_pat	67200000	67400000	0.00753963
chrZ_pat	67400000	67600000	0.00844737
chrZ_pat	67600000	67800000	0.0107708
chrZ_pat	67800000	68000000	0.00721741
chrZ_pat	68000000	68200000	0.0125286
chrZ_pat	68200000	68400000	0.0119684
chrZ_pat	68400000	68600000	0.00696845
chrZ_pat	68600000	68800000	0.00958716
chrZ_pat	68800000	69000000	0.00777087
chrZ_pat	69000000	69200000	0.00978216
chrZ_pat	69200000	69400000	0.00651284
chrZ_pat	69400000	69600000	0.00588311
chrZ_pat	69600000	69800000	0.00683836
chrZ_pat	69800000	70000000	0.00734988
chrZ_pat	70000000	70200000	0.00813807
chrZ_pat	70200000	70400000	0.00971651
chrZ_pat	70400000	70600000	0.0108775
chrZ_pat	70600000	70800000	0.00996867
chrZ_pat	70800000	71000000	0.00992935
chrZ_pat	71000000	71200000	0.00996234
chrZ_pat	71200000	71400000	0.00973421
chrZ_pat	71400000	71600000	0.00961292
chrZ_pat	71600000	71800000	0.00963245
chrZ_pat	71800000	72000000	0.0100388
chrZ_pat	72000000	72200000	0.0102694
chrZ_pat	72200000	72400000	0.010233
chrZ_pat	72400000	72600000	0.0105115
chrZ_pat	72600000	72800000	0.0101664
chrZ_pat	72800000	73000000	0.00974209
chrZ_pat	73000000	73200000	0.00843462
chrZ_pat	73200000	73400000	0.00883084
chrZ_pat	73400000	73600000	0.00709927
chrZ_pat	73600000	73800000	0.0087621
chrZ_pat	73800000	74000000	0.0104935
chrZ_pat	74000000	74200000	0.0105484
chrZ_pat	74200000	74400000	0.00985836
chrZ_pat	74400000	74600000	0.010188
chrZ_pat	74600000	74800000	0.0101026
chrZ_pat	74800000	75000000	0.0101575
chrZ_pat	75000000	75200000	0.00718777
chrZ_pat	75200000	75400000	0.00888392
chrZ_pat	75400000	75600000	0.010481
chrZ_pat	75600000	75800000	0.00806359
chrZ_pat	75800000	76000000	0.00773847
chrZ_pat	76000000	76200000	0.0125977
chrZ_pat	76200000	76400000	0.0176083
chrZ_pat	76400000	76600000	0.0233787
chrZ_pat	76600000	76800000	0.00560361
chrZ_pat	76800000	77000000	0.00395019
chrZ_pat	77000000	77200000	0.0136148
chrZ_pat	77200000	77400000	0.00736862
chrZ_pat	77400000	77600000	0.0107599
chrZ_pat	77600000	77800000	0.00867841
chrZ_pat	77800000	78000000	0.0088489
chrZ_pat	78000000	78200000	0.0107886
chrZ_pat	78200000	78400000	0.0111339
chrZ_pat	78400000	78600000	0.00823191
chrZ_pat	78600000	78800000	0.00864605
chrZ_pat	78800000	79000000	0.00796369
chrZ_pat	79000000	79200000	0.00820727
chrZ_pat	79200000	79400000	0.00934162
chrZ_pat	79400000	79600000	0.0102837
chrZ_pat	79600000	79800000	0.0105044
chrZ_pat	79800000	80000000	0.0114893
chrZ_pat	80000000	80200000	0.0110639
chrZ_pat	80200000	80400000	0.011619
chrZ_pat	80400000	80600000	0.0102615
chrZ_pat	80600000	80800000	0.00920123
chrZ_pat	80800000	81000000	0.0115439
chrZ_pat	81000000	81200000	0.00724731
chrZ_pat	81200000	81400000	0.0100641
chrZ_pat	81400000	81600000	0.0101393
chrZ_pat	81600000	81800000	0.00753709
chrZ_pat	81800000	82000000	0.0104548
chrZ_pat	82000000	82200000	0.00958997
chrZ_pat	82200000	82218670	
