chrom	start	end	weight	E1	E2	E3
chr1_pat	0	200000				
chr1_pat	200000	400000				
chr1_pat	400000	600000	0.005866359396428421	-1.35922546849491	1.6484100401352313	-0.8702223110675559
chr1_pat	600000	800000	0.004646537217737043	-1.8841086340002657	1.8780542713006914	-0.6941856813014878
chr1_pat	800000	1000000	0.006181531497222435	-0.2018853674476335	1.0294950325900871	-0.8227768810398638
chr1_pat	1000000	1200000	0.004569087936212716	-1.8580527195798637	1.653310611893862	-0.28755841797903287
chr1_pat	1200000	1400000	0.007272598169950479	0.31311223996284765	0.767944049672161	-0.4307941738295654
chr1_pat	1400000	1600000	0.007070516543662373	0.7558862506340369	0.6548350565405668	-0.26226125881335693
chr1_pat	1600000	1800000	0.006662688900192553	0.8701754677074274	0.566277507527433	-0.19143873447041782
chr1_pat	1800000	2000000	0.0069281768680101346	0.8253081166889403	0.6482969675251768	-0.0743325942956512
chr1_pat	2000000	2200000	0.006770240947740242	0.7364178450792775	0.6013251482442653	-0.324367759864198
chr1_pat	2200000	2400000	0.006672803317197441	0.43328001473330746	0.7110139668149433	-0.4337687158360015
chr1_pat	2400000	2600000	0.006547053319811133	0.32416914938030855	0.7121048575899999	-0.5529827373504057
chr1_pat	2600000	2800000	0.006420096477695556	0.23369977069837372	0.6218998351063706	-0.6607395120994258
chr1_pat	2800000	3000000	0.005162059188762071	-1.598024199902038	1.702092095852199	-0.7199294853924832
chr1_pat	3000000	3200000	0.005225367351861173	-1.3381725330728538	1.5232121295380692	-0.6914649915215947
chr1_pat	3200000	3400000	0.006134543371979694	-0.10687737053158822	0.8079222496030978	-0.6009403495407798
chr1_pat	3400000	3600000	0.007020101385838886	0.7848432082390364	0.41469071456506923	-0.17505210340083466
chr1_pat	3600000	3800000	0.006825534849385269	0.610420602627619	0.4034396388600541	-0.2167765151083219
chr1_pat	3800000	4000000	0.007182844445053815	-0.09369058670245466	0.5233868299065058	-0.5445121068849691
chr1_pat	4000000	4200000	0.006080690227369165	-0.7274950726112115	0.9178005375401789	-0.6521216409199878
chr1_pat	4200000	4400000	0.004480318239501057	-1.8414672998620538	1.191772076727279	-0.028354885305874187
chr1_pat	4400000	4600000	0.004870215608880027	-1.8624012526576528	1.1907511083890625	-0.09120774578421767
chr1_pat	4600000	4800000	0.006106373714686453	-1.1099461014136474	0.6805340863885175	-0.4111103477979205
chr1_pat	4800000	5000000	0.005390371153220299	-0.9233852657380022	0.8196931486475846	-0.4003256984495233
chr1_pat	5000000	5200000	0.005169721693810157	-1.171443098478798	0.8629190000968613	-0.5147558416947767
chr1_pat	5200000	5400000	0.0059604465940547415	-0.7711943590315633	0.7826954448542647	-0.7452968376432614
chr1_pat	5400000	5600000	0.005184677474071404	-0.8880707596279116	0.8724811381017198	-0.5820630542026215
chr1_pat	5600000	5800000	0.0063056476421683985	0.6846065133337004	0.17957283769043278	-0.10955820900321622
chr1_pat	5800000	6000000	0.006301034641718512	0.7140482763079644	0.18604208358341162	-0.1546381247071664
chr1_pat	6000000	6200000	0.00633547409726122	0.7549216402489785	0.27005607805411136	-0.1735985491099259
chr1_pat	6200000	6400000	0.0064223167040136035	0.7117481682611781	0.3257130009991218	-0.2268917104435852
chr1_pat	6400000	6600000	0.006128686485704105	0.7695932238615342	0.13170612573920754	-0.19663676405599828
chr1_pat	6600000	6800000	0.006166939294297345	0.6695475384472348	0.10024732297985979	-0.10137421856778737
chr1_pat	6800000	7000000	0.006078990293325873	0.6917846453957318	0.16022997030696087	-0.11798127035320234
chr1_pat	7000000	7200000	0.006079799034418664	0.7201817996990623	0.19382233586125805	-0.1678229315418816
chr1_pat	7200000	7400000	0.006191021945086463	0.6986743388303736	0.12328009286377785	-0.06742889318217091
chr1_pat	7400000	7600000	0.006136144621470208	0.7018955911706185	0.13985571547452447	-0.1470341239246311
chr1_pat	7600000	7800000	0.0064055208553783095	0.3516837059523515	0.15419919206585167	-0.30617046111404933
chr1_pat	7800000	8000000	0.006484098040588807	0.3589685799908286	0.07013052113555293	-0.22894009165781204
chr1_pat	8000000	8200000	0.0063405921440567075	0.6159404102311683	0.12049476914440863	-0.09109445332061233
chr1_pat	8200000	8400000	0.006327599918927414	0.5848095834044197	0.06980403279135773	-0.09887488132075821
chr1_pat	8400000	8600000	0.006095982928097448	0.13296605166919634	0.14940569955664165	-0.3757573415105332
chr1_pat	8600000	8800000	0.006534188731235518	0.08848853083985166	0.13943507831681803	-0.2839011307139577
chr1_pat	8800000	9000000	0.006225464603756628	-0.03824441900365332	0.16904043660972984	-0.4197710793057298
chr1_pat	9000000	9200000	0.005756733186882746	-0.24255486232251863	0.16531519125369973	-0.18155562626158023
chr1_pat	9200000	9400000	0.006399446233927672	0.6072691012856561	-0.16052967321169162	0.19900401550109742
chr1_pat	9400000	9600000	0.006245212469711844	0.6156135487508358	-0.03974507412619055	0.05027611740363663
chr1_pat	9600000	9800000	0.006114113741460244	0.5644322297088257	-0.08893656637298371	-0.06644516370407788
chr1_pat	9800000	10000000	0.005770681342222807	0.10114371592381924	0.23511594215731427	-0.4467159977024403
chr1_pat	10000000	10200000	0.006609906833025605	0.4635757672050131	0.03305115814461541	-0.05999738064616251
chr1_pat	10200000	10400000	0.006388103282878948	0.632553355351239	-0.04125717843671223	-0.05079455926535036
chr1_pat	10400000	10600000	0.006503382835545901	0.6030945717255565	-0.062394282360221	0.1629695946841906
chr1_pat	10600000	10800000	0.006443827835421834	0.592556601097625	-0.06602429122141178	0.17972542905674818
chr1_pat	10800000	11000000	0.006361941292203003	0.6434931740995574	-0.11914843204189142	0.10649243423529321
chr1_pat	11000000	11200000	0.006264173076760559	0.6001606346607324	-0.08819557380868531	0.15789422778277643
chr1_pat	11200000	11400000	0.006078139573418851	0.5879742652292124	-0.1138606023357827	0.0157231237946417
chr1_pat	11400000	11600000	0.006090216673661716	0.6205789684258837	-0.16759291639896598	0.18237214428799628
chr1_pat	11600000	11800000	0.0064625591258609194	0.45171819881980624	-0.08521095304592612	-0.06500100294941377
chr1_pat	11800000	12000000	0.006090323421415705	0.39810699463279375	-0.06816728150881717	0.1051675305412463
chr1_pat	12000000	12200000	0.006301720298008103	0.595774928426603	-0.13685698348065178	0.09426610500260724
chr1_pat	12200000	12400000	0.006209740210825981	0.6622641177306597	-0.14455363455092368	0.11366290953268454
chr1_pat	12400000	12600000	0.006492663726843605	0.6193367822992885	-0.18196492832388583	0.2191383760654638
chr1_pat	12600000	12800000	0.006378045443309541	0.5696059435872922	-0.10576890568679945	0.17693612860771982
chr1_pat	12800000	13000000	0.00637462343727356	0.5306882961945822	-0.18374271821306032	0.18816569697868393
chr1_pat	13000000	13200000	0.0065579658165891026	0.6314503059348087	-0.2093412010806336	0.24144813332120024
chr1_pat	13200000	13400000	0.006612001117522461	0.5674536263515758	-0.20374928691971667	0.37037572272316793
chr1_pat	13400000	13600000	0.006627514650765669	0.5363808795516448	-0.20151260101725385	0.4045774213083276
chr1_pat	13600000	13800000	0.0066949370617614004	0.2108576075968866	-0.15652259478014688	0.015583999395871467
chr1_pat	13800000	14000000	0.006575793680042917	0.1519149467864357	-0.18429011094531075	0.0835116858249189
chr1_pat	14000000	14200000	0.005928670652641215	-0.5384916415182506	-0.1595368767624804	0.19353650569918512
chr1_pat	14200000	14400000	0.006042764229776241	-0.9997827998866002	0.09251235271306316	-0.007749593861412326
chr1_pat	14400000	14600000	0.008338341588956301	-0.23462180125344004	-0.30494048034248156	0.11650620400100171
chr1_pat	14600000	14800000	0.00782904052035847	-0.25242522497660363	-0.35725872748774	0.23131537741886252
chr1_pat	14800000	15000000	0.004935038353378108	-1.3594087607090573	0.0014101576347635362	0.4006324727012806
chr1_pat	15000000	15200000	0.004781859826946673	-1.3549389696918257	-0.0932171738288362	0.35274179524138927
chr1_pat	15200000	15400000	0.004675054271499716	-1.0623680275292138	-0.05193859903315112	0.12347132950990315
chr1_pat	15400000	15600000	0.0064040183316173	-0.13927908596268604	-0.32849377616147696	0.15696033637625795
chr1_pat	15600000	15800000	0.0070171624525637005	0.48396788220016945	-0.3329199499326837	0.4162935959642956
chr1_pat	15800000	16000000	0.006840603197185159	0.5305491048468108	-0.326598403655979	0.47335342566936883
chr1_pat	16000000	16200000	0.006687981031401576	0.5466373434105096	-0.38178416358445855	0.5876775771165949
chr1_pat	16200000	16400000	0.006781631746716854	0.4684678276146681	-0.37147297365456017	0.469292856920094
chr1_pat	16400000	16600000	0.005600644083194865	-0.39241942075826136	-0.1802908436386251	0.11168394106136853
chr1_pat	16600000	16800000	0.0069799639842968485	0.2896667400405336	-0.3615539445709292	0.33881801972808784
chr1_pat	16800000	17000000	0.007009083421594811	0.516302070665485	-0.37218785322396164	0.5127573805104769
chr1_pat	17000000	17200000	0.006798435896838905	0.43958553087657726	-0.3808903733312148	0.39278044506180393
chr1_pat	17200000	17400000	0.005017327118743884	-0.7557637849911797	-0.12605366511080746	0.20869742054103665
chr1_pat	17400000	17600000	0.006916755173249407	0.37686180221697313	-0.3400209436608191	0.33214761746357724
chr1_pat	17600000	17800000	0.007931698545614506	0.40571624064802003	-0.5422733807542836	0.35604317641910826
chr1_pat	17800000	18000000	0.007364366585171778	0.17864630353539163	-0.4681022604358872	0.4339298248484453
chr1_pat	18000000	18200000	0.005191820391515722	-0.8225880101984243	-0.3976044788323588	0.27267141218132435
chr1_pat	18200000	18400000	0.0054180352302706245	-0.9252496015949417	-0.22294735201922497	0.3537763599512379
chr1_pat	18400000	18600000	0.004243534576108947	-1.201366753098369	-0.304704164323093	0.40924832518225757
chr1_pat	18600000	18800000	0.005955195503171467	-0.8848935536141027	-0.42573614388049086	0.42714618174696556
chr1_pat	18800000	19000000	0.00824569696835339	-0.27820536921763306	-0.5010602186530935	0.3246318801850669
chr1_pat	19000000	19200000	0.007056671165823536	-0.6249926540188614	-0.4767194589656294	0.38570802483410804
chr1_pat	19200000	19400000	0.004993940775361209	-1.118649218794305	-0.3436124945441074	0.4382785660296869
chr1_pat	19400000	19600000	0.00523775635635681	-1.0562008438149237	-0.3328711699123543	0.47832796413511447
chr1_pat	19600000	19800000	0.008772869491798788	-0.24480918889030126	-0.5096361524066658	0.6205611917242134
chr1_pat	19800000	20000000				
chr1_pat	20000000	20200000				
chr1_pat	20200000	20400000				
chr1_pat	20400000	20600000				
chr1_pat	20600000	20800000				
chr1_pat	20800000	21000000	0.011226100308832473	0.4243500619244497	-0.1788976487181556	0.7303548365400437
chr1_pat	21000000	21200000	0.007609912983936699	0.21208097294292927	-0.060196140288942254	0.5565135996317774
chr1_pat	21200000	21400000	0.0051985180283557865	-1.018126370994442	0.16355414410728256	0.3826339756468384
chr1_pat	21400000	21600000	0.007724177850057366	0.1145063306022127	-0.10853257848914508	0.4361474278553446
chr1_pat	21600000	21800000	0.0068220810511130615	-0.2955980532911142	-0.03286860038407082	0.285155441741907
chr1_pat	21800000	22000000	0.005146308322996307	-0.9993098058243011	0.11956927565268105	0.26243571542854094
chr1_pat	22000000	22200000	0.005783369444446614	-0.7784197048592475	0.08086812009300373	0.1984940009120804
chr1_pat	22200000	22400000	0.006112681246788171	-0.6300597451370397	-0.008821389542712171	0.16584907790007822
chr1_pat	22400000	22600000	0.006286225817648178	-0.5034104853186097	0.12128885166737696	0.08933941172380201
chr1_pat	22600000	22800000	0.007345526856600588	-0.07756840137744274	0.020568698605334303	0.3866805287825688
chr1_pat	22800000	23000000	0.006693961239448066	-0.5263704242899923	0.14895935693729967	0.22549518055931794
chr1_pat	23000000	23200000	0.006296050540363178	-0.35440130717060153	0.12435713080636832	0.3019467425243256
chr1_pat	23200000	23400000	0.008154325799633655	0.3511945494110413	0.07535211451687757	0.4488789531246381
chr1_pat	23400000	23600000	0.00800624596502176	0.49345188518132077	-0.04066326522917611	0.5748686652680441
chr1_pat	23600000	23800000	0.007670463644110033	0.5943122979653599	0.01966540300815183	0.5500039257601661
chr1_pat	23800000	24000000	0.007783758384632924	0.6570193618730928	0.08613273123038168	0.5879832107126827
chr1_pat	24000000	24200000	0.007895060617102378	0.6476396347673907	0.015712916230680506	0.5014636674962323
chr1_pat	24200000	24400000	0.007778510258837823	0.5585058971345966	0.04864226102397287	0.4173610880560992
chr1_pat	24400000	24600000	0.007937014607960369	0.4782282020927061	0.04833734699217583	0.3845447556376541
chr1_pat	24600000	24800000	0.008508076262364711	0.2871820139398519	0.01387488559991621	0.28286104710567606
chr1_pat	24800000	25000000	0.007111824421769624	-0.38932308219648837	0.011204917198299708	0.11462689820345325
chr1_pat	25000000	25200000	0.005950795466651386	-0.9275552127274055	0.08956898974689799	0.23764001916884395
chr1_pat	25200000	25400000	0.006775986383085962	-0.7827645956614545	0.049506660472545705	0.1548521830733014
chr1_pat	25400000	25600000	0.006004320936494012	-1.2606655065581422	0.07707331842036486	0.3456457235625289
chr1_pat	25600000	25800000	0.005300875020923084	-1.314252945531982	0.08021064224535276	0.40715863648738676
chr1_pat	25800000	26000000	0.005859925129450238	-0.8840390537408448	0.03335444671309046	0.24262898795263943
chr1_pat	26000000	26200000	0.0068900453015680735	0.0182650225778362	-0.11465355904504755	0.37948172928344975
chr1_pat	26200000	26400000	0.00583835260992752	-0.8463913468269172	-0.011055520321252786	0.23994892608930643
chr1_pat	26400000	26600000	0.007650043905170794	-1.3376054830657607	0.002641890478999845	0.44857723915009373
chr1_pat	26600000	26800000				
chr1_pat	26800000	27000000	0.011349737883776979	-1.033683890807064	0.11135316641280026	0.21138007332272457
chr1_pat	27000000	27200000	0.007188483900641482	0.4165147394613123	-0.05678262510236108	0.5927556493395643
chr1_pat	27200000	27400000	0.007241410379093378	0.3381094007258193	-0.06323760098254866	0.5002227079678078
chr1_pat	27400000	27600000	0.006253596068852369	-0.44519452235115486	0.002682245888936126	0.1883022723666335
chr1_pat	27600000	27800000	0.005846197106538183	-0.7700570880868117	0.09432645082610501	0.037691413753522036
chr1_pat	27800000	28000000	0.004627447655835737	-1.3090246390317293	-0.014393231112610538	0.30042956864747167
chr1_pat	28000000	28200000	0.0050031923355047655	-1.3252820265495793	-0.03571808945555554	0.31973709954424845
chr1_pat	28200000	28400000	0.005599592824247671	-1.0655725893298689	-0.07815313398117577	0.22051090583625368
chr1_pat	28400000	28600000	0.005821102019709749	-0.773097882047264	-0.13346074584641127	0.17138947426712883
chr1_pat	28600000	28800000	0.006299866041926275	-0.3377470092945541	-0.0900333398242684	0.0740874659408726
chr1_pat	28800000	29000000	0.0047201279120553325	-0.9681601722264992	0.09174894674170608	0.18800309556189213
chr1_pat	29000000	29200000	0.007654342327313536	0.10969600489553707	-0.05450349489921613	0.23921159869584943
chr1_pat	29200000	29400000	0.00597913608751997	-0.21791478387806618	-0.06034245660844524	0.18744408174373803
chr1_pat	29400000	29600000	0.006931006278828004	-0.06989304322019013	0.01316179365067377	0.07242908220979982
chr1_pat	29600000	29800000	0.005811928401932828	-0.9433637837457844	-0.038000064303154585	0.05977781004407825
chr1_pat	29800000	30000000	0.005177646391269978	-0.9729950146257254	0.039168096095310204	0.12119050606332328
chr1_pat	30000000	30200000	0.007649257151398858	0.03226011987800738	-0.07729034520831558	0.2929633003376828
chr1_pat	30200000	30400000	0.006965383690740693	-0.07864566064738483	0.016038390426219573	0.17275817445927766
chr1_pat	30400000	30600000	0.007304461735683982	0.27961254190409984	-0.12446613488883976	0.19172697731610988
chr1_pat	30600000	30800000	0.006325622997035894	-0.4537959513566829	-0.07848154870732739	0.0864738473942572
chr1_pat	30800000	31000000	0.0070540172303729005	-0.4786838725888992	0.012051895563471873	0.034852158401699807
chr1_pat	31000000	31200000	0.004544891966712743	-1.645664103259221	0.13793715638793885	0.2960686579007671
chr1_pat	31200000	31400000	0.006688337652264463	-0.6362422325950302	-0.028052128215365502	0.06692506095417886
chr1_pat	31400000	31600000	0.0072879240046362145	0.358805956561659	-0.09466483543795043	0.4486351706025551
chr1_pat	31600000	31800000	0.00713034205950385	0.6619304778568034	-0.05349716401469418	0.4732912422132489
chr1_pat	31800000	32000000	0.0067647237754348425	0.6789739049573169	-0.07121372046406763	0.4126890187649688
chr1_pat	32000000	32200000	0.006416167881213783	0.6622771732890731	-0.07185919023751468	0.47679078477918524
chr1_pat	32200000	32400000	0.006477397544348978	0.7029192538827385	-0.10714524537729547	0.5410532617669336
chr1_pat	32400000	32600000	0.006231024297480065	0.6920002528407136	-0.10927243673954508	0.5350477950640979
chr1_pat	32600000	32800000	0.006213165424648693	0.7080761239634333	-0.09936575179580744	0.49925698261938867
chr1_pat	32800000	33000000	0.006452044291230772	0.7081721425449732	-0.09821567135068103	0.48383409316725545
chr1_pat	33000000	33200000	0.006305975831396987	0.6635039680848747	-0.14264764264800084	0.5012348930209102
chr1_pat	33200000	33400000	0.005640850271464382	-0.023563685372687312	-0.04341033399343191	0.15524916202297664
chr1_pat	33400000	33600000	0.004687614461565171	-1.2988764838735058	0.09489253403906259	-0.0936617408547807
chr1_pat	33600000	33800000	0.005818855378430606	-0.16690381318045477	0.03440261999959514	0.06964542862076491
chr1_pat	33800000	34000000	0.006730745829769606	0.5985373873738243	-0.15028590992404078	0.3994033221082466
chr1_pat	34000000	34200000	0.006580886503845614	0.6477296451051353	-0.10917673636078669	0.409478477997303
chr1_pat	34200000	34400000	0.006403148208061294	0.5713318450301754	-0.08215582649043474	0.3070349897265152
chr1_pat	34400000	34600000	0.006737865399018484	0.5611107831587839	-0.10509177358492042	0.40677982889153835
chr1_pat	34600000	34800000	0.004767573785893272	-1.2647797146520037	-0.08171266837721351	0.1862383343802779
chr1_pat	34800000	35000000	0.006500763021793385	-0.4254215537075438	-0.018572354639186293	-0.08792195997444639
chr1_pat	35000000	35200000	0.00689030224013624	-0.026547265963236467	-0.07118942209166504	-0.055701194016613
chr1_pat	35200000	35400000	0.0063647297553104075	0.21214141791740695	-0.012109554245125368	0.05208420962746176
chr1_pat	35400000	35600000	0.006645468848528428	0.48290213883338573	-0.1390129745065454	0.29770309909898346
chr1_pat	35600000	35800000	0.006376543960744416	0.557785839296569	-0.10784922655451515	0.39978676411656694
chr1_pat	35800000	36000000	0.006375622619858134	0.6551866489759325	-0.15734987788122404	0.4071631679121647
chr1_pat	36000000	36200000	0.006691966813790528	0.4841740683109061	-0.11949282672726422	0.3028056389040541
chr1_pat	36200000	36400000	0.005747035127096454	-0.05072191496015442	-0.05029477014042292	0.0023909014942547976
chr1_pat	36400000	36600000	0.006484558788579478	0.6734872713260744	-0.12659017089567567	0.35633236300279647
chr1_pat	36600000	36800000	0.006783526557153347	0.6463751306809193	-0.12057091783480683	0.38596711998761984
chr1_pat	36800000	37000000	0.007226390640359337	0.6193534622779376	-0.15414199647747892	0.2751766673328747
chr1_pat	37000000	37200000	0.007556583149875665	0.6289313320254468	-0.09466466016420867	0.35918237953676363
chr1_pat	37200000	37400000	0.006910200303803995	0.6062146665743128	-0.0847206276511418	0.31832569336430605
chr1_pat	37400000	37600000	0.00666273216648694	0.3854129354589483	-0.07989481341914359	0.22358393359406317
chr1_pat	37600000	37800000	0.005719631300366804	-0.651354633605591	-0.13326820226647246	-0.3295907727247272
chr1_pat	37800000	38000000	0.00533100157599334	-1.056090341807218	-0.10643490594556963	-0.14217374291903906
chr1_pat	38000000	38200000	0.006670186988963526	-0.6045896561945602	-0.1448220041919124	-0.2661429342974055
chr1_pat	38200000	38400000	0.006703420809024343	-0.6485350069144363	-0.1394982295650781	-0.3184410066359715
chr1_pat	38400000	38600000	0.006206046113197107	-0.6509448217621154	-0.2091346927028411	-0.08758627971371553
chr1_pat	38600000	38800000	0.0064021374179639105	-0.3519212743845924	-0.11296732791944568	-0.17738247083730113
chr1_pat	38800000	39000000	0.006649088631379746	0.5114880648607465	-0.24253238904095725	0.29459700888273627
chr1_pat	39000000	39200000	0.006162879224512644	0.6877383245227809	-0.17352297780317794	0.47717132338931517
chr1_pat	39200000	39400000	0.006196039456887891	0.6796208044301866	-0.22831686350203947	0.47345508741031983
chr1_pat	39400000	39600000	0.006102121779321194	0.6734253591803555	-0.23401546247647984	0.44488484388902927
chr1_pat	39600000	39800000	0.005911496647574841	0.6944530488901282	-0.18219762583623275	0.34013626575962747
chr1_pat	39800000	40000000	0.0063381285324080675	0.6805788346336828	-0.22520021389103448	0.4594291330761337
chr1_pat	40000000	40200000	0.006509181258640425	0.6344296427317289	-0.18223235201072285	0.2897996205109433
chr1_pat	40200000	40400000	0.005868737862339993	0.03749694353346051	-0.13263034436920987	-0.10534173675186606
chr1_pat	40400000	40600000	0.0065493332976443	0.5810468964486349	-0.18821205014140518	0.21571820490697502
chr1_pat	40600000	40800000	0.006782298131025723	0.2265799997184305	-0.14083002012093046	0.16313399648360088
chr1_pat	40800000	41000000	0.0052888871260614095	-1.0216758045485808	-0.17263712066866052	-0.25868607870980925
chr1_pat	41000000	41200000	0.005682756519552591	-0.4265174975737035	-0.1612197783626938	-0.18009111357530724
chr1_pat	41200000	41400000	0.006217008327479128	0.5039872732368283	-0.14947555664390097	0.3083028928379204
chr1_pat	41400000	41600000	0.00685082591515871	0.641150216192046	-0.1728067656653031	0.32720077811184023
chr1_pat	41600000	41800000	0.006795011359728139	0.6802915718378999	-0.15508938340442152	0.395218872536741
chr1_pat	41800000	42000000	0.006486180440521159	0.6991805545932388	-0.14434806132326583	0.43501878538192856
chr1_pat	42000000	42200000	0.0066343234718607	0.5989187855785006	-0.1796118710925588	0.22873110196622196
chr1_pat	42200000	42400000	0.006477286893030638	-0.12438747924514744	-0.12522648547848236	-0.169562533377077
chr1_pat	42400000	42600000	0.006942023763518087	0.5844043065179151	-0.1574696282731634	0.2701994756511269
chr1_pat	42600000	42800000	0.005944613163645659	-0.7776391641734567	-0.13991790699581078	-0.08435360645550781
chr1_pat	42800000	43000000	0.005957002177894346	-0.6514532284844671	-0.25923816450092707	-0.14723839960008966
chr1_pat	43000000	43200000	0.005409361638675711	-0.8071425642934863	-0.136217426218931	-0.2415179269706174
chr1_pat	43200000	43400000	0.006792490684300554	-0.12712988516488535	-0.19255649568944772	-0.18339692969812552
chr1_pat	43400000	43600000	0.0071143405043551065	0.4651433665849709	-0.22255150773007987	0.12738771373805025
chr1_pat	43600000	43800000	0.006464590846454303	0.6619903032625472	-0.17343821416379288	0.3545743730809478
chr1_pat	43800000	44000000	0.006321153184438364	0.7081316497115745	-0.21950735636174062	0.30865234359414595
chr1_pat	44000000	44200000	0.006400917574726916	0.7072737051672618	-0.2348624084309144	0.3852371801596393
chr1_pat	44200000	44400000	0.006031115672201467	0.6869164026677578	-0.18666496449120876	0.34099764587853476
chr1_pat	44400000	44600000	0.006511212293753883	0.7012820719833075	-0.20119647851147596	0.33785401898503725
chr1_pat	44600000	44800000	0.005979096449312569	0.7060750641581495	-0.22485536333568712	0.2879181965315654
chr1_pat	44800000	45000000	0.005861598355952405	0.693542348197723	-0.21758927724878974	0.3568418932913925
chr1_pat	45000000	45200000	0.006044875945444875	0.7056935170626359	-0.21304405042365135	0.25822039299687993
chr1_pat	45200000	45400000	0.0060940805188292166	0.707113440290823	-0.19144821906708578	0.32021366555020186
chr1_pat	45400000	45600000	0.006335953590624015	0.6804508525554618	-0.18313129894609245	0.34518556426926295
chr1_pat	45600000	45800000	0.006171791989457218	0.7295736594421325	-0.15339016050819945	0.2780875066607208
chr1_pat	45800000	46000000	0.006445604743750347	0.6685907731908962	-0.21339853885154017	0.1694097592403241
chr1_pat	46000000	46200000	0.006252001045969624	0.5817087386247323	-0.18737339672931075	0.20037428644072577
chr1_pat	46200000	46400000	0.005857251872961516	-0.08693590217743868	-0.11622530639587227	-0.23095719692493455
chr1_pat	46400000	46600000	0.004997345387562256	-0.9452373749555555	-0.31351047445654406	-0.10579750112891838
chr1_pat	46600000	46800000	0.006700148348257319	0.33384287279011493	-0.15632192598055591	0.004902232809735888
chr1_pat	46800000	47000000	0.00664809840047708	0.39536577997404165	-0.1072666178197497	0.10414998094104079
chr1_pat	47000000	47200000	0.006664270419378741	0.5995301964420022	-0.14826886600068812	0.24408782704143975
chr1_pat	47200000	47400000	0.0070781967420497595	-0.030537680270794777	-0.18485158738669696	-0.10035602507844334
chr1_pat	47400000	47600000	0.00461349606301217	-1.6972035350066361	-0.621450392049706	0.1959925898925445
chr1_pat	47600000	47800000	0.005521069528090728	-1.236773766682002	-0.4569506772697481	0.032889571008117034
chr1_pat	47800000	48000000	0.006021061965728348	-0.6572221171599333	-0.2610925668530745	-0.29159660100356405
chr1_pat	48000000	48200000	0.005652511303163796	-0.779594306300954	-0.3576398941145841	-0.2352774778417376
chr1_pat	48200000	48400000	0.005642478320575284	-0.5755641348944466	-0.35485195379470597	-0.33188397945437126
chr1_pat	48400000	48600000	0.006652838141622411	0.3629012936496059	-0.19277837466166922	0.0013351891145025993
chr1_pat	48600000	48800000	0.00694742820460449	0.30065491017506646	-0.24276031341472679	0.0391302208457554
chr1_pat	48800000	49000000	0.006823373014185884	0.5253903401971725	-0.19816563502128098	0.1814457422397801
chr1_pat	49000000	49200000	0.00573176225657259	-0.27297633257152487	-0.2606358442854459	-0.16529720611489745
chr1_pat	49200000	49400000	0.0058530788687980815	-0.04738343705990602	-0.23436726735384564	-0.06670315580290309
chr1_pat	49400000	49600000	0.006090884709790607	0.4709025588360618	-0.2379349834074226	0.04328824673327643
chr1_pat	49600000	49800000	0.0061092992020149095	0.480940941851537	-0.2169310125353139	-0.06294982580703883
chr1_pat	49800000	50000000	0.005928698106446463	0.40880761115684505	-0.2732806281209144	-0.013526324677415765
chr1_pat	50000000	50200000	0.006116976158786381	0.6741338590571252	-0.2390488000503705	0.15361976023949914
chr1_pat	50200000	50400000	0.006187371701293746	0.6959686871148305	-0.23028488263074115	0.22973791884861677
chr1_pat	50400000	50600000	0.006258833105802151	0.7065631498048323	-0.22422818623995436	0.19179921962986243
chr1_pat	50600000	50800000	0.006289784539297223	0.7210461456436931	-0.2719967794255999	0.1492533173117976
chr1_pat	50800000	51000000	0.006037208832635207	0.7027596820943909	-0.26755173554662987	0.24515753269696947
chr1_pat	51000000	51200000	0.006281520979714995	0.7143777214297041	-0.24101044456276344	0.17009671803434676
chr1_pat	51200000	51400000	0.005984565701426163	0.7164185523202697	-0.2811324608086153	0.19054088792989388
chr1_pat	51400000	51600000	0.005925209561928894	0.7069500867724416	-0.2327055105569632	0.22297417661773994
chr1_pat	51600000	51800000	0.006437186139889381	0.6909064361220522	-0.26577212964433905	0.1461150748790945
chr1_pat	51800000	52000000	0.00638495080830251	0.7146284560782954	-0.26528390414268166	0.1726415420704777
chr1_pat	52000000	52200000	0.006207364611351205	0.6831061457056387	-0.26094633634052583	0.21070140914942065
chr1_pat	52200000	52400000	0.006056259653448093	0.6942019410133116	-0.2926924705249408	0.17145054061048748
chr1_pat	52400000	52600000	0.006380833875374194	0.7197204471303235	-0.24598441865761386	0.15026156052821754
chr1_pat	52600000	52800000	0.006242582254142905	0.6883495924012347	-0.2738609628457948	0.21089133798435816
chr1_pat	52800000	53000000	0.006747526087573639	0.6924623258367303	-0.2589760142120821	0.17115890522583027
chr1_pat	53000000	53200000	0.00609511089173044	0.7282161051553556	-0.28231820642576905	0.10217265142649815
chr1_pat	53200000	53400000	0.0060485948984429355	0.712923996937424	-0.2711281801379822	0.1638136651183523
chr1_pat	53400000	53600000	0.006175054030729902	0.7112639563453127	-0.26754860339156655	0.18634641311151498
chr1_pat	53600000	53800000	0.006101910856571758	0.7175305500098011	-0.2840007420878443	0.19353367722140613
chr1_pat	53800000	54000000	0.006449945612122221	0.7047791831439866	-0.19344567428397644	0.2097407354851283
chr1_pat	54000000	54200000	0.006225473679252305	0.7220871478778437	-0.24959152750122804	0.1859238332156166
chr1_pat	54200000	54400000	0.006730304141995431	0.6588037953051266	-0.21415326057181194	0.2080597299162444
chr1_pat	54400000	54600000	0.005646754204007172	-0.573062582553903	-0.3772692094435898	-0.21653701190787203
chr1_pat	54600000	54800000	0.006173853343358566	-0.4035556444410637	-0.27472061980838725	-0.5107367544759868
chr1_pat	54800000	55000000	0.006626290638668466	0.5032032871924159	-0.19272001919375456	-0.014698894398722923
chr1_pat	55000000	55200000	0.006163524510129541	0.7016641952203574	-0.18283534170643098	0.1856036066064886
chr1_pat	55200000	55400000	0.0063283784135497985	0.7145332103156682	-0.19280825982302388	0.17811668987452955
chr1_pat	55400000	55600000	0.006096618594676036	0.6962427198805055	-0.23659791248849107	0.1332399332886314
chr1_pat	55600000	55800000	0.006107070886887468	0.7216723773756833	-0.21125436743455303	0.15769397650863168
chr1_pat	55800000	56000000	0.0061569804981704895	0.7212205070317204	-0.2330023907251477	0.08472777692860912
chr1_pat	56000000	56200000	0.006082945740542845	0.7481222778348928	-0.17402123728590016	0.1054891309174704
chr1_pat	56200000	56400000	0.006066555753282563	0.7346889860802094	-0.17977294413380868	0.14137035894087122
chr1_pat	56400000	56600000	0.006209503232764465	0.7377135979928426	-0.23091623462145888	0.03702093146353769
chr1_pat	56600000	56800000	0.00615431173027296	0.7531074512085455	-0.2085768299665858	0.11702551750297878
chr1_pat	56800000	57000000	0.006188033079215288	0.7574049304072261	-0.13183708563599367	0.06367892562962661
chr1_pat	57000000	57200000	0.006360919712541824	0.7420335541841399	-0.14296988050279905	0.10542946975718537
chr1_pat	57200000	57400000	0.006587366093708062	0.7184819690443879	-0.15549191889222966	0.07363202550127756
chr1_pat	57400000	57600000	0.00712481030396459	0.39608922865352275	-0.1910977538063571	-0.26665185378810174
chr1_pat	57600000	57800000	0.005236343546464001	-1.3298118064889888	-0.7611519527987525	0.03929303753665618
chr1_pat	57800000	58000000	0.004648279043296394	-1.7313260452270367	-1.0077903449365349	0.2771799862882283
chr1_pat	58000000	58200000	0.005934141532479325	-0.6626128904395956	-0.5313145722843448	-0.4846743845515803
chr1_pat	58200000	58400000	0.005810426920977176	-0.5094076376423934	-0.36104781733489477	-0.450250330305778
chr1_pat	58400000	58600000	0.007060399015435761	0.08799484751388993	-0.28462659070505575	-0.3363288985686367
chr1_pat	58600000	58800000	0.006642453112195204	-0.049991355540588825	-0.2924274776379487	-0.36088990395335113
chr1_pat	58800000	59000000	0.007150077720021882	0.5883441281182303	-0.16967787197495057	-0.2000641573079809
chr1_pat	59000000	59200000	0.007068384327239934	0.031734887728388436	-0.36482762228275556	-0.45567446185211563
chr1_pat	59200000	59400000	0.005096498890465305	-1.552665449854354	-1.2279846732010369	0.12354568123481907
chr1_pat	59400000	59600000	0.005780828579762785	-1.3010167902172187	-1.0702752455848792	-0.18839143641840372
chr1_pat	59600000	59800000	0.004989653429927384	-1.383593160727868	-1.0239102589100773	-0.07688168053970494
chr1_pat	59800000	60000000	0.0054070980899715345	-0.8474200353614061	-0.7770176730277757	-0.29684860433194576
chr1_pat	60000000	60200000	0.006046158893715528	-0.5851333861564229	-0.514808070462018	-0.4306174070582536
chr1_pat	60200000	60400000	0.005936702548830677	-0.5246545138083689	-0.5782402954002561	-0.45421825560295465
chr1_pat	60400000	60600000	0.005986570971382184	-0.5983601540202481	-0.6725114855607851	-0.3467176396037223
chr1_pat	60600000	60800000	0.004651612869360719	-1.5060416972816366	-1.1276965754331698	0.20469745752508992
chr1_pat	60800000	61000000	0.005881599601669768	-0.8706703609358128	-0.9355776718017151	-0.29638863032120877
chr1_pat	61000000	61200000	0.004534990017936025	-1.631213684562991	-1.2894529283700231	0.22305897300491673
chr1_pat	61200000	61400000	0.004633316086064669	-1.5107612748551653	-1.1112868700528247	0.08593793781727359
chr1_pat	61400000	61600000	0.005540724880113424	-0.9308112017855507	-0.8237475607652376	-0.24463529257482164
chr1_pat	61600000	61800000	0.0072036442719104615	-0.012683383292821994	-0.47418047425003196	-0.4751349306578607
chr1_pat	61800000	62000000	0.005932839905347975	-0.6527285843691901	-0.5866969430058969	-0.2827023812816069
chr1_pat	62000000	62200000	0.006066482002627384	-0.714560301014719	-0.6002219190428839	-0.403395238258436
chr1_pat	62200000	62400000	0.005797850016598849	-0.8682776762873943	-0.7465749232933484	-0.3617759019090695
chr1_pat	62400000	62600000	0.005895058905220988	-0.8825338995138007	-0.6914185608787277	-0.39733581071595203
chr1_pat	62600000	62800000	0.007219774057339999	-0.013333884636786418	-0.46100283296454597	-0.4137868554222675
chr1_pat	62800000	63000000	0.005541948822133796	-0.5333464802166866	-0.5003396072916542	-0.20763512112754856
chr1_pat	63000000	63200000	0.007015028494872067	0.09489572663029645	-0.28143577699968697	-0.22023454835545858
chr1_pat	63200000	63400000	0.006628035677944388	0.4864837118950216	-0.22670128547250823	-0.17853740463791093
chr1_pat	63400000	63600000	0.006378250273143903	0.27633079319446757	-0.23539484824341794	-0.2610327656739823
chr1_pat	63600000	63800000	0.006512873355008895	0.7262080505554869	-0.2274087964184019	-0.055456927969825646
chr1_pat	63800000	64000000	0.006239811180639716	0.71865538554926	-0.15329846678193323	0.007913153070886534
chr1_pat	64000000	64200000	0.0052637145743997275	-0.7130325655255356	-0.5306907153433361	-0.18109073213264815
chr1_pat	64200000	64400000	0.006210879287416799	-0.13318577648543845	-0.3983393983742642	-0.35735372318441516
chr1_pat	64400000	64600000	0.006266384858429074	0.40514224832087686	-0.21699839923604763	-0.242785914370809
chr1_pat	64600000	64800000	0.006357570367247843	0.7631793380178133	-0.20757487067791844	-0.1190056634905677
chr1_pat	64800000	65000000	0.006240888228342943	0.7621779773498891	-0.2022859279243979	-0.2261816898231574
chr1_pat	65000000	65200000	0.005913880720549573	0.787494678904231	-0.1745182843821949	-0.1647561648378053
chr1_pat	65200000	65400000	0.006213248637351182	0.7129735992507356	-0.19226043338790966	-0.17769744498894394
chr1_pat	65400000	65600000	0.006455642451704026	0.28307249391695316	-0.2117910618730689	-0.29056711245625577
chr1_pat	65600000	65800000	0.006355052219000025	-0.4001632755545592	-0.4024740491145149	-0.4718716036671063
chr1_pat	65800000	66000000	0.006521180802799932	-0.2053655877510807	-0.5709647907120202	-0.4984465284951594
chr1_pat	66000000	66200000	0.005572201278681588	-0.983519855747341	-0.9035693792536055	-0.3508571459774003
chr1_pat	66200000	66400000	0.00549922847238657	-0.6374537874244731	-0.6941164150502336	-0.3724613466732006
chr1_pat	66400000	66600000	0.006691493420502751	0.15177575440089516	-0.44133863895433495	-0.5166460261825694
chr1_pat	66600000	66800000	0.005773432722814408	-0.7002899326806205	-0.6924968953611136	-0.3917270008160901
chr1_pat	66800000	67000000	0.006568177500682885	-0.6197857641688582	-0.6940686588549009	-0.5173438345414016
chr1_pat	67000000	67200000	0.005434843433168722	-1.1975329087320787	-0.9958302001757497	-0.14911063092837806
chr1_pat	67200000	67400000	0.007263513336883181	0.04034233799560842	-0.580359097847328	-0.5264208812819402
chr1_pat	67400000	67600000	0.005459343940246308	-1.0043698980723605	-0.8703200102106415	-0.13086262331714618
chr1_pat	67600000	67800000	0.00520821977289275	-1.4692329454407023	-1.071871694575432	0.11779767804062405
chr1_pat	67800000	68000000	0.006178181309107599	-1.0648163556027945	-0.917695295690076	-0.23279743547871712
chr1_pat	68000000	68200000	0.006237756178812538	-0.585816188808906	-0.6503178402329445	-0.24709304023888942
chr1_pat	68200000	68400000	0.006513467942126049	-0.32511182315819065	-0.5502319636020578	-0.335728204547028
chr1_pat	68400000	68600000	0.005333381096635347	-0.7097864128358793	-0.6850016075822493	-0.11855716377791167
chr1_pat	68600000	68800000	0.007171315065713926	0.32079913294125983	-0.272411459930086	-0.30239675655477743
chr1_pat	68800000	69000000	0.005330354419397524	-0.669957758851521	-0.6671981450599406	-0.29030646745862726
chr1_pat	69000000	69200000	0.005991171905680221	-0.20796628310178095	-0.38555328184450943	-0.38803575986140915
chr1_pat	69200000	69400000	0.006164597965048418	0.021160323154131813	-0.3822721613045055	-0.5405158016698195
chr1_pat	69400000	69600000	0.006394226347681044	0.6659019416253548	-0.155643512920225	-0.23502156623533066
chr1_pat	69600000	69800000	0.006929108406797554	0.645825714407561	-0.17581051742045894	-0.18746469507510816
chr1_pat	69800000	70000000	0.006636327333658926	0.31760866125523635	-0.28720791699288817	-0.40867848168821846
chr1_pat	70000000	70200000	0.005336460249052488	-1.2795800133993578	-0.8778074336603505	-0.13304932765105146
chr1_pat	70200000	70400000	0.005171641347764984	-1.2211261513826894	-1.0255528090001982	-0.2790474776584853
chr1_pat	70400000	70600000	0.005374236468768272	-0.7082288209851328	-0.6382278444747119	-0.4306571063688484
chr1_pat	70600000	70800000	0.0059731812293382655	-0.6282852103048444	-0.6408912958853754	-0.37950753906400786
chr1_pat	70800000	71000000	0.005040605790699234	-1.0866400973850798	-0.9119969010936408	-0.25960174264911695
chr1_pat	71000000	71200000	0.007123482857577667	0.07452691413305235	-0.3857362969248664	-0.5002627640171526
chr1_pat	71200000	71400000	0.005150770462833362	-1.2201030307059164	-0.8998035876498949	-0.0781493378897092
chr1_pat	71400000	71600000	0.006035362161696093	0.5456446370346912	-0.2306233155301981	-0.2810292823309698
chr1_pat	71600000	71800000	0.00591914349122814	0.7676837727058118	-0.16317174368393358	-0.17944112721368383
chr1_pat	71800000	72000000	0.00608006891186536	0.7653429987263165	-0.18541391785826056	-0.2318259749116744
chr1_pat	72000000	72200000	0.005784777391625189	0.7320947075343357	-0.18630839784274403	-0.2373007770384608
chr1_pat	72200000	72400000	0.005937670582687897	0.7207707152453278	-0.25501512930960557	-0.2797793175396543
chr1_pat	72400000	72600000	0.005866858908458192	0.7496073110661767	-0.23044223938222602	-0.3262242054932549
chr1_pat	72600000	72800000	0.005996037640367983	0.7050866284353712	-0.18672759007388348	-0.24386043066503071
chr1_pat	72800000	73000000	0.005799808119190546	0.716628649162818	-0.24126577617497338	-0.2908753472428786
chr1_pat	73000000	73200000	0.005755737680931042	0.6974601331413289	-0.22694875975668183	-0.27401239090910756
chr1_pat	73200000	73400000	0.00565124518351912	0.6488034569030913	-0.2159928444770773	-0.32612000548018477
chr1_pat	73400000	73600000	0.005348630746473317	-0.018401095457272122	-0.3540001738357812	-0.5128883101627899
chr1_pat	73600000	73800000	0.0058871163344435835	0.6456747381796893	-0.22226444587191876	-0.33943543949984334
chr1_pat	73800000	74000000	0.006129300087805772	0.7047922871611124	-0.18507688113662857	-0.24809309882323347
chr1_pat	74000000	74200000	0.00577280700801799	0.7428343195915663	-0.18366723389091774	-0.25013480699430324
chr1_pat	74200000	74400000	0.006316333802468758	0.741794206897168	-0.2037216276066297	-0.27648444691898755
chr1_pat	74400000	74600000	0.005928280233250914	0.7336059681389059	-0.23408310981210773	-0.34980214613648153
chr1_pat	74600000	74800000	0.006379794455748628	0.5941488429288295	-0.25710161510127294	-0.3798281884046012
chr1_pat	74800000	75000000	0.006311072720872556	0.10984172756331899	-0.4293918668737811	-0.5703877915960887
chr1_pat	75000000	75200000	0.00556436141497226	-0.7382971664868342	-0.6537650632916251	-0.29524432983054333
chr1_pat	75200000	75400000	0.0054914212265268735	-1.3704273666691864	-0.901529141889593	-0.19248828233960608
chr1_pat	75400000	75600000	0.005516454612694134	-0.71463972381853	-0.5919142172583034	-0.4269761464779771
chr1_pat	75600000	75800000	0.006435353154575049	0.28020118356600116	-0.34861379187073527	-0.5044151899629381
chr1_pat	75800000	76000000	0.006595748397248256	0.22606501910323407	-0.24028033138333263	-0.41354782976218496
chr1_pat	76000000	76200000	0.005963358392261912	-0.637804076362179	-0.6054806452877799	-0.4814063444463565
chr1_pat	76200000	76400000	0.005949601317219844	-0.4774679171391801	-0.48251998113585765	-0.4179536705570031
chr1_pat	76400000	76600000	0.006787049552720714	0.3418006790903206	-0.2596441475455645	-0.4372638265990789
chr1_pat	76600000	76800000	0.005857109990306725	-0.233551833412561	-0.43905290658789975	-0.5068526709975337
chr1_pat	76800000	77000000	0.005211101788211986	-0.9726940635585641	-0.6353736029531121	-0.3899784789997523
chr1_pat	77000000	77200000	0.00756368860739339	0.2492487514075768	-0.35357016707346306	-0.521454623687596
chr1_pat	77200000	77400000	0.006275054081461236	0.5428271896682068	-0.23272789804277982	-0.4203933175418941
chr1_pat	77400000	77600000	0.006354993084531347	0.2316665589787982	-0.31919555805020494	-0.5276803700071141
chr1_pat	77600000	77800000	0.00627933052218023	0.5073511541522528	-0.25875959409314864	-0.43900340513174524
chr1_pat	77800000	78000000	0.006157623491069445	0.7489852134966207	-0.23109639377202612	-0.3114866238401384
chr1_pat	78000000	78200000	0.006344993403806873	0.7461730909049749	-0.16005259041454578	-0.28793385893823925
chr1_pat	78200000	78400000	0.006394776277848252	0.6651181657147649	-0.22624817885697382	-0.2995936965259453
chr1_pat	78400000	78600000	0.005412835195001983	-0.4185466781113803	-0.46122244716812255	-0.4300068412126743
chr1_pat	78600000	78800000	0.0056098435195889584	-0.31005109724184743	-0.41989410381798214	-0.5078523612965309
chr1_pat	78800000	79000000	0.0060410174245835715	0.6704078295172978	-0.2365886282432221	-0.3568584121748738
chr1_pat	79000000	79200000	0.005830626143556102	0.7464944918447318	-0.22782792066012245	-0.34575000839127645
chr1_pat	79200000	79400000	0.005792095375313563	0.6864487017299562	-0.22638891494707672	-0.36484823394027066
chr1_pat	79400000	79600000	0.005628057465673773	0.6627163460771486	-0.31354167039676456	-0.4133577243464526
chr1_pat	79600000	79800000	0.005866436033182624	0.6220161639816639	-0.24680882396724307	-0.3728819328339656
chr1_pat	79800000	80000000	0.005803808018022155	0.5856093075401068	-0.25791199204080345	-0.39709918716528747
chr1_pat	80000000	80200000	0.006090081163686207	0.4206317600439495	-0.28523902582436717	-0.503768972647978
chr1_pat	80200000	80400000	0.005488298700633285	-0.19249310343446294	-0.3048386707613219	-0.4787784742933492
chr1_pat	80400000	80600000	0.0056724699661327895	0.6524173528439523	-0.23967909639174456	-0.4254273691059878
chr1_pat	80600000	80800000	0.005907607916750252	0.7101001154583491	-0.24972337174860554	-0.4581440521440814
chr1_pat	80800000	81000000	0.00613783668875253	0.7163338669217041	-0.2484671839760851	-0.4492434033639441
chr1_pat	81000000	81200000	0.0054533802450156795	-0.08614822284267484	-0.38338993425442003	-0.4490334114083009
chr1_pat	81200000	81400000	0.0056846863237452324	-0.3709493103384923	-0.4509661577944055	-0.4913007431886185
chr1_pat	81400000	81600000	0.006407684335816798	0.2616862325062865	-0.3061321292273942	-0.5250063296958258
chr1_pat	81600000	81800000	0.0057960370946577985	-0.04857516161204479	-0.3621921100440702	-0.5411171524505176
chr1_pat	81800000	82000000	0.005039702948993801	-0.3788982348332512	-0.33044752566191826	-0.38925587899419967
chr1_pat	82000000	82200000	0.006059377486846312	0.6716734418213182	-0.24160761363218472	-0.47376248165165247
chr1_pat	82200000	82400000	0.0062123945599336546	0.6974520607441899	-0.16260688784350438	-0.3694592194034262
chr1_pat	82400000	82600000	0.0067192549106468566	0.4282209931449327	-0.21895934890683913	-0.48531187134421583
chr1_pat	82600000	82800000	0.0058812025409966445	-0.43418339128618016	-0.47717548445966596	-0.6022976234901213
chr1_pat	82800000	83000000	0.004950237058912331	-1.3905684112271657	-0.9208966720291918	0.025963630279477
chr1_pat	83000000	83200000	0.004873678078930385	-1.632428869484742	-0.9439294996108072	0.10631799828341995
chr1_pat	83200000	83400000	0.004840578342140244	-1.3772669324201998	-0.8354639324825558	0.16209818315099958
chr1_pat	83400000	83600000	0.006496410674516034	0.6195043320314246	-0.19047903737745212	-0.379120715254663
chr1_pat	83600000	83800000	0.006376293830084061	0.7907183156072014	-0.18895897558546212	-0.41667049343535206
chr1_pat	83800000	84000000	0.0062327241314176106	0.7901861584010503	-0.1638762764296688	-0.4048220321000084
chr1_pat	84000000	84200000	0.0067047812735876655	0.7249403823421594	-0.17717096978078387	-0.43547855349784675
chr1_pat	84200000	84400000	0.006497112749672879	0.4700435600024949	-0.2384797083102837	-0.5855489752304079
chr1_pat	84400000	84600000	0.005872034852416834	-0.5433272486431718	-0.47882093481456417	-0.36776579396803305
chr1_pat	84600000	84800000	0.005148378620087839	-1.333109130143724	-0.9654505819352368	-0.06260415830252893
chr1_pat	84800000	85000000	0.004533430494607028	-1.6378395852009175	-0.9936111555002828	0.2707417456944775
chr1_pat	85000000	85200000	0.005484270934208237	-0.8756130769727639	-0.7353728879309818	-0.39591523432555237
chr1_pat	85200000	85400000	0.00432137100755376	-1.361882386227605	-0.7314435077607729	0.17632031713095644
chr1_pat	85400000	85600000	0.006892619017777043	0.4936608471530223	-0.3084676982127337	-0.5493822325499104
chr1_pat	85600000	85800000	0.0061306376383634025	-0.24607218747127618	-0.3949175945183026	-0.5395550843656246
chr1_pat	85800000	86000000	0.006595247107704719	-0.03678028190674453	-0.34881823975787085	-0.5563792389189505
chr1_pat	86000000	86200000	0.005505751662883075	-0.7644367629228145	-0.4210775550719331	-0.3642024128915127
chr1_pat	86200000	86400000	0.006325269524890746	-0.016115921302766994	-0.3164140129674957	-0.5291104269669692
chr1_pat	86400000	86600000	0.006026549230624821	0.16461387278390377	-0.31817804062129545	-0.5246699457182861
chr1_pat	86600000	86800000	0.005851842269539981	0.08457817711364106	-0.23644840432124925	-0.5510481208444551
chr1_pat	86800000	87000000	0.00588697710297702	0.6416205117723035	-0.18664252239699966	-0.466852919373165
chr1_pat	87000000	87200000	0.00591152532296143	0.7390283020446663	-0.23580028008261392	-0.45165912036906863
chr1_pat	87200000	87400000	0.005863213070246943	0.7592375519085217	-0.16004021802530835	-0.475829492073609
chr1_pat	87400000	87600000	0.006214036005261402	0.6912781307064083	-0.16816409078427735	-0.4547487334788799
chr1_pat	87600000	87800000	0.006113957261683154	-0.2610204618921386	-0.4063655615623637	-0.5558342214963584
chr1_pat	87800000	88000000	0.005312737549548237	-0.8402812667595932	-0.5278436905880565	-0.35605195639024106
chr1_pat	88000000	88200000	0.005223713390307141	-0.9817276975690439	-0.5037508225098715	-0.2899808595706466
chr1_pat	88200000	88400000	0.00631765300171155	0.0009477935116065255	-0.3342007020073991	-0.46472952091282316
chr1_pat	88400000	88600000	0.006469288454352294	0.6291429039866683	-0.14861810890807123	-0.45130174216556873
chr1_pat	88600000	88800000	0.006215210466108997	0.591627908607069	-0.1850189822830725	-0.4464177782147344
chr1_pat	88800000	89000000	0.00445684141262024	-1.1012646265284909	-0.4799520895853621	-0.2588810966692977
chr1_pat	89000000	89200000	0.006453988482092103	-0.07606699806286914	-0.2852294864798628	-0.5185723439821772
chr1_pat	89200000	89400000	0.006635046585483442	0.5015850714933621	-0.18353063952125082	-0.4324627202508831
chr1_pat	89400000	89600000	0.005601271202810816	-0.6858133012514266	-0.29975291432913354	-0.3288420969726646
chr1_pat	89600000	89800000	0.006377203547117288	-0.10193214835019544	-0.44315205332339513	-0.544616842788002
chr1_pat	89800000	90000000	0.005442614897339605	-1.1240462841116854	-0.49130656648628773	0.04640218904859259
chr1_pat	90000000	90200000	0.0038327912663963072	-1.9211105326343356	-0.5643701576869667	0.5805258207533955
chr1_pat	90200000	90400000	0.006453736364139973	-0.10930662879261788	-0.374481359019613	-0.4503173674751135
chr1_pat	90400000	90600000	0.005924438902139252	-0.11795092436178559	-0.23416720671076127	-0.3764224644366558
chr1_pat	90600000	90800000	0.0063104676129357214	-0.18856842291659473	-0.34507247544627934	-0.5756116707676777
chr1_pat	90800000	91000000	0.006188469592121762	0.5508917081524555	-0.18109301293799837	-0.4599372655267261
chr1_pat	91000000	91200000	0.006136760851762924	0.4456275995719914	-0.17123259253131168	-0.49496641121259666
chr1_pat	91200000	91400000	0.005757789896161427	-0.6887155623460977	-0.3975400802810684	-0.47107924369368187
chr1_pat	91400000	91600000	0.004600303253093608	-1.2043151947943116	-0.525019550269411	-0.14339800756084825
chr1_pat	91600000	91800000	0.006341925899716908	0.34487762845410375	-0.14960065245987392	-0.3831308431834407
chr1_pat	91800000	92000000	0.006117583388358489	0.556058296711992	-0.1894988367789648	-0.45854267557803313
chr1_pat	92000000	92200000	0.006195323660978671	0.592973023812382	-0.18177677524731714	-0.46057710135492524
chr1_pat	92200000	92400000	0.0056012959426873805	0.7211006831367003	-0.18807730222840272	-0.45132532214528764
chr1_pat	92400000	92600000	0.005862626554043524	0.5945160317254247	-0.23484450413540164	-0.48481230371842143
chr1_pat	92600000	92800000	0.0055805032138164365	0.3691940559585718	-0.2597735316279201	-0.48157185306529704
chr1_pat	92800000	93000000	0.005357366534013541	-0.3420300385619653	-0.2613269908554288	-0.49638580034377133
chr1_pat	93000000	93200000	0.006042996005622518	0.48099989313212693	-0.2118943557190735	-0.38863191375073214
chr1_pat	93200000	93400000	0.006016676225698563	0.6022825967326929	-0.1979227576870429	-0.44175449804502587
chr1_pat	93400000	93600000	0.005392607730565576	0.6373472499501195	-0.2994681274133584	-0.4990570478816275
chr1_pat	93600000	93800000	0.005687574743745401	0.6247794614698289	-0.3221882907193347	-0.5184151051950863
chr1_pat	93800000	94000000	0.0055785905874208425	0.5883007004713146	-0.3117124461371811	-0.5134602631076621
chr1_pat	94000000	94200000	0.0056502083048763	0.6166911708803383	-0.32021397862059836	-0.49006905004870543
chr1_pat	94200000	94400000	0.005601692275718631	0.559215925516449	-0.34150044355143444	-0.546062953287341
chr1_pat	94400000	94600000	0.005703033028438899	0.5406141520376905	-0.35456989185627297	-0.5620562923781148
chr1_pat	94600000	94800000	0.005519522676415894	0.5267938857444607	-0.3377704799122369	-0.5298589114653942
chr1_pat	94800000	95000000	0.005173051934997694	-0.06052947166254263	-0.29595859130387875	-0.5332510568792228
chr1_pat	95000000	95200000	0.005470115765542305	0.5048828074660795	-0.27647725571078063	-0.5386957598058589
chr1_pat	95200000	95400000	0.005785764142229285	0.36077350297924626	-0.2757897297779632	-0.5381537661913045
chr1_pat	95400000	95600000	0.005765562244983074	-0.05112034363176286	-0.25564356930158877	-0.463337132318219
chr1_pat	95600000	95800000	0.004392606648103927	-1.4459653283878569	-0.2793585759627988	0.1444943941422
chr1_pat	95800000	96000000	0.005443962133217062	-0.434870265490397	-0.37453103434394075	-0.4207922905867264
chr1_pat	96000000	96200000	0.0054820334079517495	0.112435256681989	-0.24894472841798165	-0.5689560265019666
chr1_pat	96200000	96400000	0.005756107978456075	0.5677965694840291	-0.12299707864894295	-0.5237685971102753
chr1_pat	96400000	96600000	0.0060303646391914306	0.4936595829666227	-0.27460587578781437	-0.5983432509228936
chr1_pat	96600000	96800000	0.005470348634878975	-0.18493792723020763	-0.23284746090071992	-0.38597665352887695
chr1_pat	96800000	97000000	0.005163815574757558	-0.8607865754567314	-0.22737061027788416	-0.1645902184279162
chr1_pat	97000000	97200000	0.005947999137071798	0.290978789355636	-0.17264365906322196	-0.5075984267746464
chr1_pat	97200000	97400000	0.005854749720834173	0.3841767037243874	-0.2723996147793555	-0.5620718291690783
chr1_pat	97400000	97600000	0.005194382693515889	-0.47097801004766404	-0.3152558078234601	-0.4170675456980148
chr1_pat	97600000	97800000	0.006038856937922376	-0.18546781077281826	-0.17211221716974034	-0.4974680813028996
chr1_pat	97800000	98000000	0.004645049865828161	-0.9993803912795771	-0.21722275127865084	-0.1266827667478701
chr1_pat	98000000	98200000	0.006161571430084683	-0.1406360558457152	-0.22046387391857392	-0.5430938421938595
chr1_pat	98200000	98400000	0.006215518630887729	0.4832160352553788	-0.11425479967155687	-0.568322700622949
chr1_pat	98400000	98600000	0.005537891549839584	-0.3052422696723069	-0.14261231416062484	-0.3760403760543037
chr1_pat	98600000	98800000	0.0056673450647140656	-0.6062555469224309	-0.14354030838378515	-0.23413377839197785
chr1_pat	98800000	99000000	0.0051489571320542295	-0.7131363172093389	-0.2414143715412485	-0.26975416523114587
chr1_pat	99000000	99200000	0.005910761308819308	-0.05013188506180811	-0.15040967199947342	-0.4810493100293069
chr1_pat	99200000	99400000	0.004803532902922799	-0.8867958663483259	-0.11522411015696196	-0.11551667194774148
chr1_pat	99400000	99600000	0.0056181788990056405	-0.2577340148681155	-0.012313601285807262	-0.37453431198992
chr1_pat	99600000	99800000	0.006664283578966877	0.335529754753591	-0.05571364376745831	-0.5555301093103959
chr1_pat	99800000	100000000	0.006245032708271567	-0.3178794666132614	-0.13868100924913823	-0.538736356270919
chr1_pat	100000000	100200000	0.005472222531220179	-0.427232065789932	-0.04460122767727527	-0.3426522737144142
chr1_pat	100200000	100400000	0.005448370175509347	-0.1876085718831397	-0.11987874838241691	-0.4882301145924546
chr1_pat	100400000	100600000	0.005115782477699967	-0.15002506440995958	-0.054072363482184145	-0.42874789239417616
chr1_pat	100600000	100800000	0.005750788161921588	0.2889099739814032	-0.044927763314083755	-0.6299774857405656
chr1_pat	100800000	101000000	0.005230328627465749	-0.4469350560728747	-0.13320697373647092	-0.45212825865681144
chr1_pat	101000000	101200000	0.005267073118172126	-0.3584317306512123	-0.21532649815892674	-0.5179161854248846
chr1_pat	101200000	101400000	0.005508976336178988	-0.16139337987002678	-0.12985226636152133	-0.34672563732724027
chr1_pat	101400000	101600000	0.005781479186835961	-0.09165781349095262	-0.15104289824224748	-0.4283246956236513
chr1_pat	101600000	101800000	0.00501344858313979	-0.8011404364674181	-0.032023884142774524	-0.3924849087829585
chr1_pat	101800000	102000000	0.006112681013097849	0.3909895382823332	-0.08230039966220927	-0.6374293720721128
chr1_pat	102000000	102200000	0.006160323332404013	0.4320493168146315	0.054145762387740715	-0.6015027596541747
chr1_pat	102200000	102400000	0.006703119308176652	-0.11619947968020992	-0.09139565703771037	-0.5847318569495001
chr1_pat	102400000	102600000	0.004002940689323869	-1.914879490435772	0.1138490758622517	0.4250430480758744
chr1_pat	102600000	102800000	0.004934999330264506	-1.4404848044796246	0.009378042894396641	-0.07825233716755313
chr1_pat	102800000	103000000	0.005658250420292288	-0.5765177205745722	-0.0983847981633766	-0.5913246282664297
chr1_pat	103000000	103200000	0.00645264057709637	0.39958319086296007	0.008970156406747342	-0.6328089795522236
chr1_pat	103200000	103400000	0.00598079557480958	0.6242820640340043	0.10360465094930212	-0.5819290905889821
chr1_pat	103400000	103600000	0.0055883698968809134	0.6869363314961134	-0.002307952884413783	-0.6047026900617805
chr1_pat	103600000	103800000	0.005659177845275116	0.7003373193062128	0.016732653474348935	-0.5700361444531689
chr1_pat	103800000	104000000	0.005586895905057987	0.6705481639052245	-0.022415522978845213	-0.6056972167414603
chr1_pat	104000000	104200000	0.005555545852831385	0.6370740097004389	-0.041956860081921094	-0.6535026363390348
chr1_pat	104200000	104400000	0.005615285685364301	0.65860574836206	-0.03137444333092479	-0.5987931808073713
chr1_pat	104400000	104600000	0.005652125468892035	0.6219902730156397	-0.08870480810936182	-0.6424879861682267
chr1_pat	104600000	104800000	0.005707919692387486	0.4680656344256807	-0.145816307003841	-0.705895661651995
chr1_pat	104800000	105000000	0.004647126888241922	-0.8766191325639787	0.09860459980643319	-0.3569872249270994
chr1_pat	105000000	105200000	0.0059721511640787595	0.010093757239694757	-0.08730451302519274	-0.6287544734395315
chr1_pat	105200000	105400000	0.005613688632366526	0.6534675980866669	-0.07553957408908256	-0.6429843967366317
chr1_pat	105400000	105600000	0.005641195063910239	0.6252101161903925	0.03958494709998832	-0.6147725224720119
chr1_pat	105600000	105800000	0.005694442500432178	0.6758895057398371	-0.02182788832377173	-0.6425840685893387
chr1_pat	105800000	106000000	0.005641268102629173	0.654816867048761	-0.029761561912714528	-0.6301449052486828
chr1_pat	106000000	106200000	0.005805259908993316	0.6033617295098355	-0.10732567557125904	-0.750682152914491
chr1_pat	106200000	106400000	0.005745604009224209	0.6486901402964836	-0.020002487001895924	-0.6531626767789993
chr1_pat	106400000	106600000	0.005789018638693152	0.5599037842435741	-0.012499548802547283	-0.6893294842068015
chr1_pat	106600000	106800000	0.00570273165892359	0.5929739193141634	-0.06282680588604427	-0.7546181188449085
chr1_pat	106800000	107000000	0.0054899951342096956	0.6600896959624811	0.025924469562854918	-0.6722562568192356
chr1_pat	107000000	107200000	0.0059158260873226395	0.3520873798147254	0.00722376158552838	-0.6965553241097372
chr1_pat	107200000	107400000	0.0059605337720252324	0.11675900235747559	-0.06568525969695797	-0.7408703637039962
chr1_pat	107400000	107600000	0.006296835849045831	-0.18079511992345673	0.018082848161390427	-0.5812272078997425
chr1_pat	107600000	107800000	0.006306989713696796	-0.5033345755860916	0.03549210805723555	-0.44527705941807283
chr1_pat	107800000	108000000	0.0069302424484292725	-0.6229793005141899	-0.08856185066329468	-0.4114464086995432
chr1_pat	108000000	108200000	0.005449629815621179	-1.2672741937118959	-0.03974522557069991	-0.02083811015793765
chr1_pat	108200000	108400000	0.004169085272730216	-1.6293279456071743	0.19336717661191	0.024215455750249432
chr1_pat	108400000	108600000	0.004482275293312775	-1.1265396824810219	0.005366061782308295	-0.1114105363053946
chr1_pat	108600000	108800000	0.0060426674224826945	0.3191461742418901	0.12276267081621428	-0.790030039439043
chr1_pat	108800000	109000000	0.006657149945333772	0.4577824848744623	0.12638869418336146	-0.8532268764203786
chr1_pat	109000000	109200000	0.006181499546099943	0.06029954095408558	0.07844566519058227	-0.7871406057863047
chr1_pat	109200000	109400000	0.00583867359379112	-0.474860941303582	0.11334204651440516	-0.6162541866669803
chr1_pat	109400000	109600000	0.0039007228608088007	-1.95327944814579	0.561268059973895	0.3911527699522902
chr1_pat	109600000	109800000	0.0062694155533922205	-0.41645479120061174	0.09040285894341515	-0.6643683303866514
chr1_pat	109800000	110000000	0.006291454778716132	0.25731878083015647	0.1263797499156703	-0.8064487758390565
chr1_pat	110000000	110200000	0.005078043083548816	-0.8707742297669439	0.17632013042835842	-0.47774795322006663
chr1_pat	110200000	110400000	0.0055141054285559234	-0.6968130268061926	0.32624332060865174	-0.4462111901683962
chr1_pat	110400000	110600000	0.006469352767061228	-0.14771027916619728	0.17880293418851848	-0.7809294052605296
chr1_pat	110600000	110800000	0.005059663095518412	-1.2613089166758393	0.4705046055631535	-0.21689612739004738
chr1_pat	110800000	111000000	0.005517793197202171	-0.839418900368185	0.53595641572813	-0.3626902353673374
chr1_pat	111000000	111200000	0.00676211996892916	0.07228401316928726	0.2552751379979039	-0.8211124785230535
chr1_pat	111200000	111400000	0.004919477305652529	-1.4025372797401994	0.708704060849959	-0.18440454789242225
chr1_pat	111400000	111600000	0.00632770339732295	0.31386664887400095	0.4023143865456137	-0.8659000224373212
chr1_pat	111600000	111800000	0.006382321906097039	0.6952231907136462	0.4260849095199744	-1.011906454257061
chr1_pat	111800000	112000000	0.006689736048805631	0.7974789518498853	0.38464192836089534	-0.9919193379750146
chr1_pat	112000000	112200000	0.006470840647754901	0.6495323771864694	0.3993909520148445	-0.8766808532981715
chr1_pat	112200000	112400000	0.005779408570389601	-0.35093354870802157	0.6301730975915282	-0.6335464300163944
chr1_pat	112400000	112600000	0.005433191548427679	-1.0874544775680173	0.7265202183452647	-0.4822113152531364
chr1_pat	112600000	112800000	0.006703515086955687	0.17930602322230793	0.4895602989202229	-0.9663517841761318
chr1_pat	112800000	113000000	0.006332668628053645	0.36871648571665194	0.44926306801170385	-1.0063840993151882
chr1_pat	113000000	113200000	0.006549607992262502	0.4388802921816148	0.3599996731259425	-0.9891899219765055
chr1_pat	113200000	113400000	0.004726694182608848	-1.245177591863672	0.8348171506245586	-0.23049992122247473
chr1_pat	113400000	113600000	0.004602959838324714	-1.1352507487582957	0.7915873633035754	-0.4151153047789142
chr1_pat	113600000	113800000	0.0060225293122832925	-0.008827830124968884	0.4252141280722875	-0.9145404094985781
chr1_pat	113800000	114000000	0.004786502313492276	-0.7778581598906246	0.5896814565798248	-0.4988193410472217
chr1_pat	114000000	114200000	0.006161315413709418	0.09946500045083059	0.4192972132874808	-1.016376778947176
chr1_pat	114200000	114400000	0.005206140892189177	-0.7951564302162172	0.537566041386167	-0.5591376369092165
chr1_pat	114400000	114600000	0.006018462832729158	-1.129167670030552	0.5748320282718117	-0.13514873915564515
chr1_pat	114600000	114800000	0.0055955081867706605	-0.9924041684897363	0.7147848937087328	-0.3036932564824271
chr1_pat	114800000	115000000	0.00588865413174334	-1.2771623287001677	0.6486173552772987	0.06446471241127542
chr1_pat	115000000	115200000	0.004914562036432006	-1.888246384289948	0.8992541713921617	0.5432871294781357
chr1_pat	115200000	115400000	0.006719044254966425	-1.4913821623516998	0.8283874409701066	0.412693215912493
chr1_pat	115400000	115600000	0.005854358126268574	-1.7414339210524132	0.6633284100308057	0.5803618970258292
chr1_pat	115600000	115800000	0.005893382014468029	-1.77204788661821	0.6721836568904115	0.5370947338672949
chr1_pat	115800000	115996361	0.012795280385161926	-1.430691674411003	0.6701938008593	0.09673907273360843
chr1A_pat	0	200000	0.009605907246499411	-1.3375784706270755	1.4181239649897606	-0.9566808356048272
chr1A_pat	200000	400000	0.0068384647609086744	-1.5618953426655577	1.4035482728519764	-0.7956566284652133
chr1A_pat	400000	600000	0.0049432171462132956	-0.22444082500668297	0.6453983665173647	-0.7104478594273915
chr1A_pat	600000	800000	0.007426322111583012	-1.3475143117964898	1.3229209658801417	-0.41988741443686567
chr1A_pat	800000	1000000	0.004747999689983687	-1.671669088384565	1.608025007337123	-0.14404347560595576
chr1A_pat	1000000	1200000	0.0051768635781426495	-1.6670584573288858	1.650609551888077	-0.17206674161711372
chr1A_pat	1200000	1400000	0.004205132413251946	-1.6176197578277927	1.5677338139548798	-0.3125674098494477
chr1A_pat	1400000	1600000	0.004418919506733974	-1.1045918848993195	0.9932833471442362	-0.6475723514907787
chr1A_pat	1600000	1800000	0.005061810621072075	0.04586064422147325	0.5884681639606417	-0.7617542411988751
chr1A_pat	1800000	2000000	0.005667216711751451	-0.7238781780810215	0.7080265352954921	-0.6802301582992809
chr1A_pat	2000000	2200000	0.0052787390141328565	-1.0621277164592964	0.9363641550802418	-0.8062445289729873
chr1A_pat	2200000	2400000	0.006177576041205842	0.015336112846262177	0.5103150985540668	-0.8012766207772536
chr1A_pat	2400000	2600000	0.006659732684929037	0.8396929158476889	0.5318696777150144	-0.8909085921899788
chr1A_pat	2600000	2800000	0.006799432512629052	0.8177342547146355	0.44541855830733	-0.9196988067023351
chr1A_pat	2800000	3000000	0.006734951070828162	0.604385674096582	0.41592437614043887	-0.6978576922126632
chr1A_pat	3000000	3200000	0.006094592389724244	-0.615095991105267	0.5449827344852466	-0.5560489891649066
chr1A_pat	3200000	3400000	0.004124612695536913	-1.7967781450381146	1.5640273453157332	-0.36316361737220587
chr1A_pat	3400000	3600000	0.004804001430628531	-1.4886997835549298	1.228700321834927	-0.489314388865232
chr1A_pat	3600000	3800000	0.004699359307218026	-1.1416354993878617	0.9409162442959367	-0.46737734543344217
chr1A_pat	3800000	4000000	0.006104018684960394	0.5958501036097054	0.22557854825889692	-0.6392568598618191
chr1A_pat	4000000	4200000	0.006181622596422747	0.6020981223074812	0.28544049217526174	-0.7284376603859386
chr1A_pat	4200000	4400000	0.0047843613198780225	-1.3739687101385356	1.058652574547502	-0.7834624520839941
chr1A_pat	4400000	4600000	0.005772706702364975	-0.4606609087212047	0.6024296358597412	-0.69984203047801
chr1A_pat	4600000	4800000	0.006276515794433958	0.8343431699383	0.1742860292330345	-0.7317943766297235
chr1A_pat	4800000	5000000	0.005821963855451422	1.029962316289066	0.10556906124759455	-0.6872229929131077
chr1A_pat	5000000	5200000	0.006086842429782869	1.0787006841075995	0.08149983463827505	-0.6729051738461892
chr1A_pat	5200000	5400000	0.006018358232405515	1.0261249016355063	0.0747239768835505	-0.70475701737926
chr1A_pat	5400000	5600000	0.00609387677999727	0.8555446503421562	0.04093017832120471	-0.6197455774025198
chr1A_pat	5600000	5800000	0.0060292819298350285	0.2077214572926553	0.1733472015639676	-0.5002712272859242
chr1A_pat	5800000	6000000	0.0059033684474925786	-0.37924728109348854	0.22349282289191977	-0.380368205193392
chr1A_pat	6000000	6200000	0.004321797257519853	-1.5188742781129938	0.9605556237295789	-0.31737871098321724
chr1A_pat	6200000	6400000	0.00505084370233062	-0.9551951592790854	0.5763551102164008	-0.4468813803404142
chr1A_pat	6400000	6600000	0.006309417146751127	0.00014753165363964757	0.2252267295289323	-0.5155192443253174
chr1A_pat	6600000	6800000	0.004390998539267618	-1.2588378470194856	0.7758963798178233	-0.5788677556517401
chr1A_pat	6800000	7000000	0.006487451817538529	0.33398126951074386	0.2143113022423684	-0.5668505536788517
chr1A_pat	7000000	7200000	0.006290699115126116	0.51296318306751	0.2634874385678125	-0.5343487507226005
chr1A_pat	7200000	7400000	0.005101170923971835	-0.7657607014703925	0.6668628891933565	-0.7160267313097605
chr1A_pat	7400000	7600000	0.005802482624959481	0.005844819851570465	0.314763563660625	-0.6462356354585512
chr1A_pat	7600000	7800000	0.006069836131186926	0.906067238809906	0.05287313716719532	-0.6229849697377028
chr1A_pat	7800000	8000000	0.005784276305117721	0.8131919269171476	-0.02684207337207879	-0.5018914214491289
chr1A_pat	8000000	8200000	0.006019946784989911	0.05655478058429265	0.022977545955329443	-0.43295436742325916
chr1A_pat	8200000	8400000	0.004582394280339799	-1.159198335278686	0.5931026358839809	-0.4015496125376388
chr1A_pat	8400000	8600000	0.005626546854797351	0.7889401084063651	-0.09838005013397613	-0.3988800322148912
chr1A_pat	8600000	8800000	0.006027114399156787	0.9195165774987386	-0.09277082664554234	-0.456752660539988
chr1A_pat	8800000	9000000	0.005787081522697501	0.9770036061869498	-0.07774938736124884	-0.4613723716384889
chr1A_pat	9000000	9200000	0.005927182215681924	0.9668241142523175	-0.08080637834895285	-0.4016783006260293
chr1A_pat	9200000	9400000	0.005632380327953275	0.959684539138539	-0.07300712056855498	-0.4015283954743975
chr1A_pat	9400000	9600000	0.005806533852551781	0.9611146451064343	-0.07597407524596199	-0.3788476922096626
chr1A_pat	9600000	9800000	0.0060566007605603045	0.903251886166867	-0.07641281855999041	-0.4713941295462662
chr1A_pat	9800000	10000000	0.0060652135800685816	0.9284052166159216	-0.07991634712617728	-0.36260336316724356
chr1A_pat	10000000	10200000	0.005840174693123008	0.9151976126200602	-0.09206928319135103	-0.4197833180061798
chr1A_pat	10200000	10400000	0.005625472486153575	0.9500241922045418	-0.08433070695715215	-0.4244384072601038
chr1A_pat	10400000	10600000	0.005959479058453323	0.8601996778144964	-0.04402147512570563	-0.422628805185676
chr1A_pat	10600000	10800000	0.006114394156474995	0.7692931636057471	0.009899227493472143	-0.40506942258923695
chr1A_pat	10800000	11000000	0.006045788313811367	0.8752118851628158	-0.054822267847476444	-0.4841189473063666
chr1A_pat	11000000	11200000	0.005994699662747727	0.8769123888865317	-0.028056039383832308	-0.4775301760798199
chr1A_pat	11200000	11400000	0.005837364568071431	0.9099863838853115	-0.07458560784054123	-0.42023497438428553
chr1A_pat	11400000	11600000	0.005847650052032708	0.7552292509325621	-0.0905371578556711	-0.40618322409563873
chr1A_pat	11600000	11800000	0.005423201179126558	-0.015113820224595335	-0.03754816765724485	-0.24378143507720978
chr1A_pat	11800000	12000000	0.004140713891424031	-1.1033190533907222	0.3461091833212857	-0.18271841858809992
chr1A_pat	12000000	12200000	0.005120480139412706	-0.4438752252767809	0.0579648473499045	-0.16116723487460147
chr1A_pat	12200000	12400000	0.0039518489503581646	-1.0727838719412244	0.3320264444778203	-0.18411753352221039
chr1A_pat	12400000	12600000	0.006466034749809006	0.41502985438963663	-0.12025304474392723	-0.30349361275212405
chr1A_pat	12600000	12800000	0.0062852442249688445	-0.03939080569137526	0.056803107894193856	-0.46530900364234257
chr1A_pat	12800000	13000000	0.00667659854269602	0.3691910186012752	-0.007181726361163207	-0.43337549133671255
chr1A_pat	13000000	13200000	0.004335338877492259	-1.320984086038977	0.6807554074224772	-0.30527544992675687
chr1A_pat	13200000	13400000	0.0055428614072636495	-0.702191991600407	0.19545250681433235	-0.31315387937961653
chr1A_pat	13400000	13600000	0.0052792838364641706	-0.4803434061998431	0.09613595849552121	-0.29298335627370425
chr1A_pat	13600000	13800000	0.005328707576018404	-0.48424787266446906	0.04492596604288175	-0.12323724722234895
chr1A_pat	13800000	14000000	0.004675352219222127	-0.8821080722512389	0.2846300778130695	-0.12039727854741743
chr1A_pat	14000000	14200000	0.004550959567665576	-0.881220976587519	0.1995763800994245	-0.19172340599869467
chr1A_pat	14200000	14400000	0.005778619485388882	-0.1397957683499248	0.011844595256440518	-0.33304134732660434
chr1A_pat	14400000	14600000	0.006028230090739679	0.08038654189909904	-0.01789734069724268	-0.41868932261364383
chr1A_pat	14600000	14800000	0.00703190838384094	0.4421154477917511	-0.04908631490178301	-0.4879938296375421
chr1A_pat	14800000	15000000	0.006773730633515921	0.6769479065658744	-0.03878507561736463	-0.3912258022462383
chr1A_pat	15000000	15200000	0.005551816431222325	-0.3294930943710573	0.07333369512562687	-0.42287692479237243
chr1A_pat	15200000	15400000	0.0055953138511434216	-0.8436017148422629	0.18041072804091607	-0.41497904993669626
chr1A_pat	15400000	15600000	0.006587126309972546	-0.34236275583958525	0.004800534645056662	-0.3529698742270267
chr1A_pat	15600000	15800000	0.005465798680190498	-0.33172590032751803	-0.011526651088169564	-0.40232163843047325
chr1A_pat	15800000	16000000	0.006108331160947646	0.8131480981507514	-0.17483293655386054	-0.4063023728946672
chr1A_pat	16000000	16200000	0.00581873891901455	0.9032534200666086	-0.16331889303282232	-0.3429386266052011
chr1A_pat	16200000	16400000	0.00594670835539438	0.8892115887998377	-0.16700398322856908	-0.29739348477719285
chr1A_pat	16400000	16600000	0.005947414583768016	0.8684435142429654	-0.17980885929678056	-0.3284690817810361
chr1A_pat	16600000	16800000	0.00574920346630664	0.8832080806322425	-0.19273596468549983	-0.2883883184663723
chr1A_pat	16800000	17000000	0.0058251776890123575	0.8338951660635238	-0.2131923169693367	-0.28020760427637503
chr1A_pat	17000000	17200000	0.005826224093458914	0.8353172179964675	-0.1998261447958161	-0.27206473827221495
chr1A_pat	17200000	17400000	0.005679559913516818	0.838912471319682	-0.2241102088372616	-0.27061300400781657
chr1A_pat	17400000	17600000	0.005952839509320557	0.8702003542269376	-0.21617879492537986	-0.25334981910531634
chr1A_pat	17600000	17800000	0.00583674668417905	0.7873218361472015	-0.2123392416587776	-0.28881159874433676
chr1A_pat	17800000	18000000	0.005616440820666604	0.4961957668206737	-0.21111135145701795	-0.2728472553611628
chr1A_pat	18000000	18200000	0.004608242159118633	-0.8139009244961359	-0.030192336696278705	-0.4011815987942506
chr1A_pat	18200000	18400000	0.005819271428456527	0.5233185020162815	-0.21410172858393195	-0.25912810107359446
chr1A_pat	18400000	18600000	0.006189601009612953	0.24445038231634023	-0.14417104579631987	-0.28905332686020746
chr1A_pat	18600000	18800000	0.005746183683712535	0.739210439059758	-0.24108221862787108	-0.21307590500689222
chr1A_pat	18800000	19000000	0.0060791402188829355	0.8236368095849441	-0.2493296765027268	-0.24520784165811768
chr1A_pat	19000000	19200000	0.005859843835988291	0.7598719920872781	-0.24697568260161093	-0.2674576061246898
chr1A_pat	19200000	19400000	0.0060727322192934245	0.3074030177873352	-0.18940529875792403	-0.28984619387376975
chr1A_pat	19400000	19600000	0.0046506883616155015	-0.8792456291178697	-0.025885326752226906	-0.3688717737729457
chr1A_pat	19600000	19800000	0.0061554627683225276	0.2612255627558832	-0.19797374888841746	-0.2325661497921763
chr1A_pat	19800000	20000000	0.006064317628309055	0.4210279658891354	-0.18618774747807543	-0.2916107543463238
chr1A_pat	20000000	20200000	0.005946663964643893	0.5181282581626508	-0.2585691188966378	-0.3754547452512173
chr1A_pat	20200000	20400000	0.005855989004306783	0.8660257858721059	-0.24251881479025636	-0.2573789741997381
chr1A_pat	20400000	20600000	0.0059215985575007185	0.8876418561910387	-0.2601708091100715	-0.25330724552704903
chr1A_pat	20600000	20800000	0.005699509495173132	0.8152275724691661	-0.25030660721759457	-0.248279228277559
chr1A_pat	20800000	21000000	0.005259706375813062	-0.1475020904502327	-0.19379141019299911	-0.35739884214174855
chr1A_pat	21000000	21200000	0.0064068375554234384	0.653178499503871	-0.257780106090403	-0.25581542691212666
chr1A_pat	21200000	21400000	0.005709814532177151	-0.4288003306390542	-0.1451506634808053	-0.31867714114727064
chr1A_pat	21400000	21600000	0.0049522949580180125	-0.27771083468808044	-0.167348018483107	-0.3042362103292229
chr1A_pat	21600000	21800000	0.006154336103776182	0.7104638607579757	-0.25307767355798	-0.26279157715349927
chr1A_pat	21800000	22000000	0.006138659940801285	0.8482777373342129	-0.25511935280687276	-0.3293652654019849
chr1A_pat	22000000	22200000	0.006257513020866406	0.794857482090298	-0.2536573177485554	-0.2949628388264693
chr1A_pat	22200000	22400000	0.006278579569230733	0.6572861079738169	-0.23789713112697203	-0.24636196694482465
chr1A_pat	22400000	22600000	0.005335489101770031	-0.2714431540416138	-0.1522825589978634	-0.3739340036618816
chr1A_pat	22600000	22800000	0.006296732661226671	0.7808424590850996	-0.27993650652070895	-0.2450059920449618
chr1A_pat	22800000	23000000	0.0061339761107024205	0.8341725287297816	-0.25009764712144295	-0.21135733811629892
chr1A_pat	23000000	23200000	0.005875636884059909	0.8674201071071247	-0.261339247237357	-0.26493566196159224
chr1A_pat	23200000	23400000	0.006043305126387562	0.7641498032178965	-0.27272140428534775	-0.31983777103018096
chr1A_pat	23400000	23600000	0.005494071104691602	-0.3407553247891322	-0.3372011190946086	-0.5053504434661724
chr1A_pat	23600000	23800000	0.005998372228482401	0.676906907684386	-0.2839273724227286	-0.3213615984782476
chr1A_pat	23800000	24000000	0.005106015251335279	-1.027569030080056	-0.28531094917578526	-0.4342082394455845
chr1A_pat	24000000	24200000	0.005757317889237339	-0.6412310016694361	-0.31730754909239867	-0.46423480870722184
chr1A_pat	24200000	24400000	0.0066764918466610266	0.4979334714448156	-0.27979881192337214	-0.40087621658402905
chr1A_pat	24400000	24600000	0.006216679525178177	0.7924176063708918	-0.27844086525563905	-0.392808101271667
chr1A_pat	24600000	24800000	0.005900897113584886	0.661946822667186	-0.2872618335367167	-0.2874090072590961
chr1A_pat	24800000	25000000	0.00437716561064665	-1.1754081268335417	-0.2555847883251529	-0.21985037602206411
chr1A_pat	25000000	25200000	0.005883563447326185	0.009362450966544684	-0.3322203593799186	-0.24945220736880738
chr1A_pat	25200000	25400000	0.006240984647414859	0.7951324619446758	-0.2820631796969754	-0.30204308865086266
chr1A_pat	25400000	25600000	0.006206921071463816	0.7788133348824731	-0.2608280289190828	-0.36857237327638703
chr1A_pat	25600000	25800000	0.006000614061168982	0.6265707610770607	-0.30006033708474855	-0.352218161510779
chr1A_pat	25800000	26000000	0.005616267870136809	-0.19678795890270917	-0.3142012735887088	-0.3655885281397692
chr1A_pat	26000000	26200000	0.005040817489201472	-0.434942943049585	-0.34233012328656875	-0.33762464202133546
chr1A_pat	26200000	26400000	0.006235256913771694	0.5191255296249312	-0.29164804254108456	-0.29431893137863635
chr1A_pat	26400000	26600000	0.005945533091079315	0.7756571016804692	-0.25295080418606536	-0.29091070405903685
chr1A_pat	26600000	26800000	0.006142148175684965	0.8869976370695324	-0.2563201713469458	-0.28024339211216376
chr1A_pat	26800000	27000000	0.006100142951790265	0.8714007244746209	-0.25739140745046457	-0.2959191516876666
chr1A_pat	27000000	27200000	0.005764259730508275	0.8312277513546515	-0.2571406083022044	-0.29187695946807146
chr1A_pat	27200000	27400000	0.005432385805884767	0.0052280534960075595	-0.30223735632473897	-0.37831629532765976
chr1A_pat	27400000	27600000	0.005014033811645192	-0.506125682435113	-0.28570350438837216	-0.364618938117749
chr1A_pat	27600000	27800000	0.006343809615087808	0.7491137690047202	-0.29891666400050154	-0.32633557331412366
chr1A_pat	27800000	28000000	0.006540810605361568	0.8042408482373962	-0.27252074625459005	-0.40442152091906564
chr1A_pat	28000000	28200000	0.006642194994525803	0.7348343519197362	-0.2839934590979584	-0.4263717580088576
chr1A_pat	28200000	28400000	0.005810263070506154	-0.33136945041547106	-0.4191160863949098	-0.5172631835950492
chr1A_pat	28400000	28600000	0.005028744031644292	-0.8850430740570576	-0.48241736847134836	-0.4969412403114356
chr1A_pat	28600000	28800000	0.006377786178632747	0.7079968060235277	-0.28176330232662056	-0.43185892477618015
chr1A_pat	28800000	29000000	0.005208737175889558	-0.16225337581982652	-0.29418239470344903	-0.4187224758790658
chr1A_pat	29000000	29200000	0.006805144497862618	0.5618949871144565	-0.2828078016101071	-0.408134611785503
chr1A_pat	29200000	29400000	0.007035530134283683	0.47119891779306755	-0.2916324257049689	-0.35749299981947413
chr1A_pat	29400000	29600000	0.005834375696508436	-0.6107548526492438	-0.40330432054592924	-0.24927773785932264
chr1A_pat	29600000	29800000	0.0044861434155070105	-1.2656975761895188	-0.49212008414677855	-0.22012460903690612
chr1A_pat	29800000	30000000	0.0049950662022572164	-0.8433551944838067	-0.42746776064805936	-0.23395221222036755
chr1A_pat	30000000	30200000	0.006425943513008226	0.5712525038894292	-0.2751165478585984	-0.3591032745047392
chr1A_pat	30200000	30400000	0.005894629802246637	0.1090551628823583	-0.292996910762524	-0.43754350575403206
chr1A_pat	30400000	30600000	0.006268048841596219	0.7588305410570029	-0.26407852724752984	-0.433851024014553
chr1A_pat	30600000	30800000	0.006271521686025248	0.8806548688423125	-0.230414481692027	-0.3769280079927201
chr1A_pat	30800000	31000000	0.006326368039558247	0.9252551103052136	-0.1952844291516846	-0.3083954420064826
chr1A_pat	31000000	31200000	0.00589717303517255	0.9023878371513225	-0.20139675019174938	-0.31142434977060596
chr1A_pat	31200000	31400000	0.006350268553249416	0.9009702430486165	-0.19939896163197784	-0.34863996881655157
chr1A_pat	31400000	31600000	0.00644701291539054	0.7012568898769966	-0.25100772178297565	-0.3830360977495808
chr1A_pat	31600000	31800000	0.004361906226640096	-1.1002940729505701	-0.5171452166621354	-0.3357904149115766
chr1A_pat	31800000	32000000	0.005367368052182223	-0.7746072713119742	-0.4959466186147115	-0.36390605730448217
chr1A_pat	32000000	32200000	0.005975906348917366	-0.16958014223263845	-0.3492916580035389	-0.34945164003262186
chr1A_pat	32200000	32400000	0.004516852339012958	-0.8535165155588017	-0.5040268395459049	-0.2894835043768757
chr1A_pat	32400000	32600000	0.005705194515387141	-0.5474421208086897	-0.4257654330281332	-0.35378062155300033
chr1A_pat	32600000	32800000	0.0056198195768391405	-0.3464723159026782	-0.404636803838551	-0.4191067922224871
chr1A_pat	32800000	33000000	0.006593584588496174	0.6513471871349125	-0.25200328051207155	-0.4819552902607558
chr1A_pat	33000000	33200000	0.005865470035938662	-0.19071011935645985	-0.4057742440505598	-0.4857761270770452
chr1A_pat	33200000	33400000	0.007062073403114301	0.7375744759040134	-0.23831013188721012	-0.43167915258453826
chr1A_pat	33400000	33600000	0.0057109622533289125	-0.22778733823595348	-0.38808738752268235	-0.44487331273826486
chr1A_pat	33600000	33800000	0.0069877336228281045	0.19808761155514606	-0.3661380919009966	-0.43721095302498036
chr1A_pat	33800000	34000000	0.005267668087798439	-0.6595595641865857	-0.5029805868560107	-0.3036759196105316
chr1A_pat	34000000	34200000	0.004488170206099522	-1.0022967247317283	-0.6097141919575202	-0.311032689756867
chr1A_pat	34200000	34400000	0.0055963721257579905	-0.47156370452426954	-0.5445013296303624	-0.3613229505878625
chr1A_pat	34400000	34600000	0.005181650959264759	-0.9306779639522343	-0.6873626461889606	-0.43635539519112226
chr1A_pat	34600000	34800000	0.006412790106095754	0.45883101259337	-0.29321225413820623	-0.42856019268972295
chr1A_pat	34800000	35000000	0.0064974364524519514	0.7010081997538791	-0.23531500875150155	-0.3911902033859728
chr1A_pat	35000000	35200000	0.003991201517170059	-1.0888911460083022	-0.6123438422706863	-0.4316594668132927
chr1A_pat	35200000	35400000	0.006427442523423609	0.5957818204771155	-0.27643464055819683	-0.41940191282850087
chr1A_pat	35400000	35600000	0.006393828478268798	0.7884655002381373	-0.20431075808378993	-0.35074125556103347
chr1A_pat	35600000	35800000	0.006401494578981986	0.9379074077268865	-0.22955321182883295	-0.37681774152457564
chr1A_pat	35800000	36000000	0.0063366892150884015	0.9797811496593668	-0.21227918279532698	-0.38671320069247306
chr1A_pat	36000000	36200000	0.00675240252423732	0.91606088077113	-0.21425575439520567	-0.3962306001352052
chr1A_pat	36200000	36400000	0.006516747146747243	0.40083860434359925	-0.32568778373963475	-0.4229944312909239
chr1A_pat	36400000	36600000	0.006456616014882265	-0.4503579443958845	-0.4021188407272968	-0.4375826949093071
chr1A_pat	36600000	36800000	0.00507336291091434	-1.3322917489659607	-0.840376684993062	-0.44506977458510005
chr1A_pat	36800000	37000000	0.005462851253959714	-0.8247559742490259	-0.6513088332509498	-0.491020919283527
chr1A_pat	37000000	37200000	0.0068487720541748525	0.6991487392739055	-0.2758657406698505	-0.41136575750869286
chr1A_pat	37200000	37400000	0.00642381307514576	0.8832168657398776	-0.20389032204923585	-0.3220351162704706
chr1A_pat	37400000	37600000	0.006594451638329019	0.7830572008478813	-0.22261178489702868	-0.3120714355975889
chr1A_pat	37600000	37800000	0.006419539183981627	0.8449598811422349	-0.23417391550336286	-0.30248918794195656
chr1A_pat	37800000	38000000	0.006539370516443616	0.9221428953692429	-0.2088029991818961	-0.2965969798336035
chr1A_pat	38000000	38200000	0.005900647156371457	0.08719994855199631	-0.39147385452251626	-0.36742227850825876
chr1A_pat	38200000	38400000	0.004655922555657171	-0.8244049397839353	-0.6179895168684887	-0.4825189307770647
chr1A_pat	38400000	38600000	0.0062951712987702356	0.7272709536457168	-0.20852407297056744	-0.24755011958404358
chr1A_pat	38600000	38800000	0.006845579214136142	0.8607131551842809	-0.19583973296430202	-0.2648298837349015
chr1A_pat	38800000	39000000	0.00656559372006812	0.9112678380873752	-0.1851520999716974	-0.20819569974940563
chr1A_pat	39000000	39200000	0.006414501399346853	0.6794405233219522	-0.24255423626275366	-0.23322150347459522
chr1A_pat	39200000	39400000	0.0052007169966565145	-0.2997890667487905	-0.4185393772022341	-0.373195064533274
chr1A_pat	39400000	39600000	0.00634980903306345	0.7776070979685048	-0.21718006731454637	-0.1755064671183164
chr1A_pat	39600000	39800000	0.006101667440122493	0.8834937053412987	-0.21243406011412924	-0.18862032905866627
chr1A_pat	39800000	40000000	0.006101759277483572	0.8568381141416672	-0.19778211458702452	-0.10401373902485879
chr1A_pat	40000000	40200000	0.006191900342271084	0.7732360924375657	-0.2096381114652232	-0.14019579340247476
chr1A_pat	40200000	40400000	0.005795006866304356	0.6547331529039011	-0.22339525531776097	-0.21508654136262825
chr1A_pat	40400000	40600000	0.0059474759626737045	0.8503376617970074	-0.21418432008840124	-0.13776410563523386
chr1A_pat	40600000	40800000	0.006175323195141476	0.8723285009491949	-0.1972187995249854	-0.11449713208154898
chr1A_pat	40800000	41000000	0.006266489999547065	0.8980929435862737	-0.19769200233959802	-0.12599922686857748
chr1A_pat	41000000	41200000	0.006409432959981231	0.8394197872179748	-0.19554609458932873	-0.1728114397232723
chr1A_pat	41200000	41400000	0.004527726338816099	-0.4964551298521868	-0.47326649431402273	-0.4375995554455591
chr1A_pat	41400000	41600000	0.006242949998894465	0.7785038133010755	-0.1977502539705453	-0.2804685729037137
chr1A_pat	41600000	41800000	0.006412758863139349	0.5418563874502557	-0.22084109507608246	-0.2449933932489084
chr1A_pat	41800000	42000000	0.005339980589088638	-0.39511708405782503	-0.4457166238670353	-0.3698569871572634
chr1A_pat	42000000	42200000	0.006331865768237488	0.6610506336312666	-0.23435803675030306	-0.2592138250844601
chr1A_pat	42200000	42400000	0.00624493077232608	0.8814102301464306	-0.1732899403814855	-0.3092186984403835
chr1A_pat	42400000	42600000	0.006415173131631113	0.6728871789769656	-0.1755262830451573	-0.25136169117562224
chr1A_pat	42600000	42800000	0.005222763881257308	-0.37272962725560344	-0.5712472323703434	-0.32215995115527707
chr1A_pat	42800000	43000000	0.006324519946868922	-0.060535768453808855	-0.4314919063719597	-0.3498577552605804
chr1A_pat	43000000	43200000	0.0060028009888057655	-0.30219082249204193	-0.5452262241812802	-0.4586914570035878
chr1A_pat	43200000	43400000	0.005580876958949304	-0.6471211079887538	-0.5794946900671922	-0.4550101284583026
chr1A_pat	43400000	43600000	0.006144346508826146	0.07000099424130522	-0.42297558734034274	-0.42227336356267486
chr1A_pat	43600000	43800000	0.005007707153732675	-0.7304579511629095	-0.6468465800132136	-0.42451772215063255
chr1A_pat	43800000	44000000	0.004777744308002467	-0.9367862585321672	-0.7213396549608125	-0.4289021290952011
chr1A_pat	44000000	44200000	0.00654455165517514	-0.25743525794926625	-0.4136200316901898	-0.326349068661208
chr1A_pat	44200000	44400000	0.004341957166254682	-1.0681259724620746	-0.8217142946185242	-0.30653794042962174
chr1A_pat	44400000	44600000	0.0058628481347913035	0.04949946723768622	-0.3449353540556471	-0.33641112310935206
chr1A_pat	44600000	44800000	0.006443309311165299	0.2853593539093973	-0.23404488305525414	-0.3306230098865284
chr1A_pat	44800000	45000000	0.006929870846548408	0.334434158308408	-0.3009150084298184	-0.42532607585739773
chr1A_pat	45000000	45200000	0.004431109392000747	-0.9006714020954659	-0.7103105961585577	-0.46473069945099443
chr1A_pat	45200000	45400000	0.006455038800668833	0.8085199589877711	-0.10884101714480761	-0.4093883929659651
chr1A_pat	45400000	45600000	0.006296824138012785	0.5257388107180456	-0.15756215158300532	-0.4246549681856602
chr1A_pat	45600000	45800000	0.005561147708611641	-0.25575853010010785	-0.41060013655999295	-0.48867807418295245
chr1A_pat	45800000	46000000	0.006757639457089627	0.5910815725078848	-0.1658298559385186	-0.3957716197131855
chr1A_pat	46000000	46200000	0.004330202726381423	-1.0668585184469848	-0.8778788119845299	-0.4605626762820603
chr1A_pat	46200000	46400000	0.005513714809760011	-0.9548255149283895	-0.8566816631273867	-0.3946837278365155
chr1A_pat	46400000	46600000	0.0048490464756065065	-1.1849617909975683	-0.9497255111390661	-0.30029197660897666
chr1A_pat	46600000	46800000	0.006338790734241545	-0.530363637733302	-0.5476107972441994	-0.3623365783812154
chr1A_pat	46800000	47000000	0.007819106407898164	0.4002096559474204	-0.3155480719613282	-0.5056237910882222
chr1A_pat	47000000	47200000	0.005190264642744416	-0.8428734194262764	-0.8813185596759829	-0.39562182593758105
chr1A_pat	47200000	47400000	0.005918246571034151	-0.6538830366157741	-0.7270153511526944	-0.45906421005473214
chr1A_pat	47400000	47600000	0.004430130951002324	-1.062665310525106	-0.9827022595810628	-0.3012102209635357
chr1A_pat	47600000	47800000	0.004884562060746423	-1.0476356452914029	-1.1191403987667043	-0.17982513346798326
chr1A_pat	47800000	48000000	0.005373972956182203	-0.9671869643661309	-1.0876557512423055	-0.14948101636799047
chr1A_pat	48000000	48200000	0.00423749386245064	-1.1155603866631256	-1.21474524873648	-0.08602189683044854
chr1A_pat	48200000	48400000	0.007800377441017687	-1.1045036617833848	-1.199468964621498	-0.10476533748850068
chr1A_pat	48400000	48600000	0.004757105242066216	-1.0048413343597524	-1.0714698700661902	-0.16796512032181035
chr1A_pat	48600000	48800000	0.004313032909312034	-1.1684148119534519	-1.1596601887631612	-0.07833652677935726
chr1A_pat	48800000	49000000	0.006145271834660092	-0.6311146691327656	-0.7244161041987821	-0.1600212766032963
chr1A_pat	49000000	49200000	0.006935177730831027	-0.5749895924301046	-0.761990442466522	-0.15367502347863785
chr1A_pat	49200000	49400000	0.005358942964671527	-1.0131152693983367	-1.0507207213444678	-0.11305935981129799
chr1A_pat	49400000	49600000	0.005159473679522734	-1.028543576853693	-1.0806511898839057	-0.13199713522382187
chr1A_pat	49600000	49800000	0.005280229026647011	-1.0697089533302113	-1.08763157190586	-0.10997757900498124
chr1A_pat	49800000	50000000	0.005090359721690198	-1.0948554307884835	-1.1345937971805244	-0.14378503713178584
chr1A_pat	50000000	50200000	0.0074880533779359175	-0.3894863724448858	-0.6432605283000531	-0.27369722768077265
chr1A_pat	50200000	50400000	0.005954647991314222	-0.7205693418024026	-0.7161667038914357	-0.3785125103771458
chr1A_pat	50400000	50600000	0.005404823234626459	-0.9586167976901994	-0.7626362746957664	-0.5339993602418516
chr1A_pat	50600000	50800000	0.007001755809344974	0.07128316368699578	-0.4237028644077298	-0.5883790509251614
chr1A_pat	50800000	51000000	0.005855101390935316	-0.5527664158581582	-0.5747636261233513	-0.6934521073598802
chr1A_pat	51000000	51200000	0.007346593014901198	0.9158635062962376	-0.09450521616443824	-0.6490468443848396
chr1A_pat	51200000	51400000	0.007676878823950114	0.9187949351391201	-0.09028457068571838	-0.5407889626755684
chr1A_pat	51400000	51600000	0.007091343038705238	0.9653649739742538	-0.07306494163460223	-0.4939250290974602
chr1A_pat	51600000	51800000	0.007223210509067912	0.19137412876529375	-0.23720566238294788	-0.27713725719628435
chr1A_pat	51800000	52000000	0.00497627595249115	-1.0804936337511633	-0.7743087043202632	-0.4554781932904826
chr1A_pat	52000000	52200000	0.006391869076861067	-0.35695822209434447	-0.3852177463629352	-0.3102034838962513
chr1A_pat	52200000	52400000	0.006164900358389193	-0.5479277402757864	-0.46644428460216136	-0.3928378457884761
chr1A_pat	52400000	52600000	0.005785771153420267	-0.6972727693616473	-0.5273865086144577	-0.3176709560696404
chr1A_pat	52600000	52800000	0.005660992203541731	-0.5614701951092608	-0.5401092001855945	-0.23249308946920677
chr1A_pat	52800000	53000000	0.00645318756791311	0.09317300365035018	-0.2377607198715052	-0.16721608067166768
chr1A_pat	53000000	53200000	0.006691137749895865	0.24183763126945546	-0.25036429324861104	-0.21351513836827118
chr1A_pat	53200000	53400000	0.005745004098765465	-0.37959037370216303	-0.36958270565501355	-0.26866024736086225
chr1A_pat	53400000	53600000	0.006245618344129231	-0.2748363565201753	-0.3688432425595224	-0.19679601125370577
chr1A_pat	53600000	53800000	0.007182828755351706	0.3158116804817438	-0.18127025679561082	-0.05726503497085982
chr1A_pat	53800000	54000000	0.006734473387362088	0.6644657414955774	-0.09688627633698242	0.04209584354452558
chr1A_pat	54000000	54200000	0.004804401470896235	-0.7532551647630709	-0.5315404113078105	-0.28667372274100034
chr1A_pat	54200000	54400000	0.005346909102484919	-0.6377399005624097	-0.5653288656332135	-0.21037189786788785
chr1A_pat	54400000	54600000	0.00630369408876117	-0.12442070304791872	-0.37044612801846555	-0.07572486802441243
chr1A_pat	54600000	54800000	0.006892951152795728	0.13763664073717746	-0.2976801374688845	-0.08959675327020954
chr1A_pat	54800000	55000000	0.007144341640545855	0.5416457775483923	-0.17457635256023943	-0.03182221477185758
chr1A_pat	55000000	55200000	0.007359057474230413	0.34489757582310937	-0.17467583969412617	0.07319818515038946
chr1A_pat	55200000	55400000	0.005779987821991541	-0.47080318850271824	-0.34139603015867853	8.773883327828813e-05
chr1A_pat	55400000	55600000	0.0042768943344061615	-1.1626080595624035	-0.75865153594929	-0.14465974330078912
chr1A_pat	55600000	55800000	0.006555682492415976	-0.5648459692301679	-0.3709957086792422	0.11121287258505468
chr1A_pat	55800000	56000000	0.005633940598204235	-0.6481017269632662	-0.5571772235525726	-0.043824857740207605
chr1A_pat	56000000	56200000	0.007000480912840564	0.47658288311317093	-0.14790570570919326	0.25126090633997894
chr1A_pat	56200000	56400000	0.0059807176563942965	-0.320334656394167	-0.30203188473001036	-0.010563533471936708
chr1A_pat	56400000	56600000	0.006053850467784931	-0.27736179470399364	-0.2596394909645565	0.02144897404330425
chr1A_pat	56600000	56800000	0.0069601792675126	0.6877721145227255	-0.11012981076915046	0.18111211095642707
chr1A_pat	56800000	57000000	0.007867409158256568	0.7798368145980638	-0.09420598280858093	0.1275877456251993
chr1A_pat	57000000	57200000	0.007286467698120346	0.7466032947275982	-0.10684765999500657	0.12540864628855583
chr1A_pat	57200000	57400000	0.006107344781538598	-0.3848632353658892	-0.31620759359410233	-0.08042729440665092
chr1A_pat	57400000	57600000	0.007132006973392825	-0.0027165137839441134	-0.1972269469100281	0.0879042412413404
chr1A_pat	57600000	57800000	0.004605314420827516	-1.0537719043803901	-0.7437297568594743	-0.27138708370854125
chr1A_pat	57800000	58000000	0.004460302482634843	-1.2935236547393691	-0.7637336774616004	-0.26006838717367753
chr1A_pat	58000000	58200000	0.0051377100609182715	-0.8046824377138183	-0.5779492750831715	-0.13827393473859048
chr1A_pat	58200000	58400000	0.006959716466739449	0.14747185513778083	-0.24909904763113216	0.07797206021434798
chr1A_pat	58400000	58600000	0.007636909674127288	0.7573579107898585	-0.1106793997696921	0.12320328060224223
chr1A_pat	58600000	58800000	0.007618648769463659	0.7454640861386715	-0.11178547900641986	0.17699490839884857
chr1A_pat	58800000	59000000	0.007203509463060247	0.6047932148814941	-0.14947641719383348	0.2747787601496355
chr1A_pat	59000000	59200000	0.0075023625544431	0.44259545941389883	-0.1761052455308566	0.3905096435080634
chr1A_pat	59200000	59400000	0.008807531650906855	-0.6484859691965623	-0.4731471062776947	0.04069828776452305
chr1A_pat	59400000	59600000				
chr1A_pat	59600000	59800000				
chr1A_pat	59800000	60000000	0.008680141216961519	0.028935923427284887	-0.2831384427368732	0.6722280405868037
chr1A_pat	60000000	60200000	0.005449683103247367	-0.7404077116402382	-0.44705339311844805	0.358885458699433
chr1A_pat	60200000	60400000	0.004748011579623648	-1.0871852220677807	-0.6674151326564478	0.08610473410044152
chr1A_pat	60400000	60600000	0.005873715025917387	-0.450000155956254	-0.3526229284744312	0.5466664471850923
chr1A_pat	60600000	60800000	0.007181439628060987	0.2407198861143047	-0.2275762210859761	0.9009729223645216
chr1A_pat	60800000	61000000	0.007052323907129951	0.21808974106064355	-0.28695145095120855	0.7972019466698167
chr1A_pat	61000000	61200000	0.006093119632586139	-0.2995975723242382	-0.4188628862999891	0.5447937298270403
chr1A_pat	61200000	61400000	0.005285869470324989	-0.6201232747284559	-0.5674975074879373	0.31664459573662196
chr1A_pat	61400000	61600000	0.006824082240546451	0.21265538751414015	-0.26714090503618265	0.8934508088489203
chr1A_pat	61600000	61800000	0.006872328319667132	0.04223579164151414	-0.33713524319655286	0.7644687497155055
chr1A_pat	61800000	62000000	0.0071751593794662245	0.5620026067827735	-0.2805863603796398	0.7669652167152038
chr1A_pat	62000000	62200000	0.006883268307013958	0.5604581108115886	-0.2955234831105785	0.6716943443985918
chr1A_pat	62200000	62400000	0.007259848983781638	0.1714639391851323	-0.3449838415112521	0.6330574287372975
chr1A_pat	62400000	62600000	0.005786193143180041	-0.1817751547483104	-0.42172549367460116	0.5856087739650286
chr1A_pat	62600000	62800000	0.007031050415116916	0.08154152101067844	-0.29690311926250584	0.732198671495905
chr1A_pat	62800000	63000000	0.005586423102074621	-0.3978938344259815	-0.4658056989238416	0.5262831390733519
chr1A_pat	63000000	63200000	0.007235335230573075	0.30007056392180376	-0.2746398310399514	0.9411402580771321
chr1A_pat	63200000	63400000	0.005760042235486705	-0.2882806063161067	-0.39326697912736125	0.6130339568692379
chr1A_pat	63400000	63600000	0.00472370276524238	-0.9109707448995025	-0.7183044169847514	0.20889562780267545
chr1A_pat	63600000	63800000	0.006268826886995733	-0.13178827175929886	-0.30225953501587255	0.7968956063852978
chr1A_pat	63800000	64000000	0.005830318208917908	-0.3979380592385868	-0.45187626227432254	0.5777630801654677
chr1A_pat	64000000	64200000	0.005326260461517242	-0.8020075286607279	-0.5602100273904341	0.2993136068628523
chr1A_pat	64200000	64400000	0.004299897306378327	-0.9464924454367571	-0.6650054282512402	0.27227620416769177
chr1A_pat	64400000	64600000	0.006744277946757282	0.15695936604732547	-0.31807371359180503	0.821138544010213
chr1A_pat	64600000	64800000	0.007134692713688108	-0.08596157382034121	-0.40269201000934357	0.5424520313050596
chr1A_pat	64800000	65000000	0.007200442899932461	0.12445938935264676	-0.29983615946882597	0.7853235676407401
chr1A_pat	65000000	65200000	0.004977446741512973	-0.7741489702363751	-0.55318383709393	0.2567251558721553
chr1A_pat	65200000	65400000	0.005566495103658334	-0.5512524815567408	-0.42030811792668604	0.4511613779612066
chr1A_pat	65400000	65600000	0.004930927518872096	-0.7492377346082797	-0.5382899341577949	0.2895443282795355
chr1A_pat	65600000	65800000	0.007264566191413213	0.2299208728272203	-0.28382954584109166	0.7650396475314643
chr1A_pat	65800000	66000000	0.007413107324040086	0.5204258343623396	-0.25024703465429815	0.7157108158683888
chr1A_pat	66000000	66200000	0.0069072773232108624	0.4475885196118037	-0.24839637469890555	0.8081436549817419
chr1A_pat	66200000	66400000	0.005144066215066089	-0.6988993170026798	-0.5625062891813034	0.21310046354049608
chr1A_pat	66400000	66600000	0.007057754707593731	0.19388843939797304	-0.2789226806960483	0.6523410267878028
chr1A_pat	66600000	66800000	0.006698427963063124	0.5774374978983183	-0.20030511465214368	0.6750718519762517
chr1A_pat	66800000	67000000	0.007004931919175416	0.629335904726546	-0.20876107254877327	0.6073662156786598
chr1A_pat	67000000	67200000	0.006622229621792418	0.6321146349851327	-0.19511087312669415	0.6558803916473769
chr1A_pat	67200000	67400000	0.006816851696654486	0.6186097639615458	-0.22909074491244225	0.6252463442843432
chr1A_pat	67400000	67600000	0.006389353634409158	0.13645985214335757	-0.26033410192949524	0.4790670473431305
chr1A_pat	67600000	67800000	0.006451825702355855	-0.015044860113520943	-0.29639314603137223	0.45629766515027864
chr1A_pat	67800000	68000000	0.007161220167388068	0.5643085262514329	-0.16668311808194178	0.6331631900202122
chr1A_pat	68000000	68200000	0.00728002245393918	0.568217710769424	-0.18159406845097703	0.6627279149086234
chr1A_pat	68200000	68400000	0.007194468601325166	0.43269845622566816	-0.1873410263185655	0.7158085371809516
chr1A_pat	68400000	68600000	0.005780639662589392	-0.4002938170099238	-0.2493399604702447	0.4893313942527396
chr1A_pat	68600000	68800000	0.004667178850583557	-1.1612430285636806	-0.5638265307281072	-0.02661289809303483
chr1A_pat	68800000	69000000	0.005203817140025138	-0.9750845052100845	-0.47603108184674026	0.07484593805980409
chr1A_pat	69000000	69200000	0.0065313179367793425	-0.18344485647847716	-0.23565201540520336	0.5766521959328597
chr1A_pat	69200000	69400000	0.0070187709778736585	0.5411489686789196	-0.10611995989626666	0.787563022103079
chr1A_pat	69400000	69600000	0.006736921735181812	0.045235979577416666	-0.11989030507549908	0.6854853561826899
chr1A_pat	69600000	69800000	0.005186335258101432	-0.8987105509013829	-0.3866399016511521	0.22584725539683034
chr1A_pat	69800000	70000000	0.006368648092355816	-0.23902527438680712	-0.16128944538165735	0.6071823164273966
chr1A_pat	70000000	70200000	0.0046318556036041144	-1.0527935328844409	-0.33613060690237767	0.03548269185258405
chr1A_pat	70200000	70400000	0.005102492574802433	-0.8554189749905992	-0.2942739763008101	0.2476851784808483
chr1A_pat	70400000	70600000	0.006310449522119178	-0.4339106127860122	-0.12168713939992529	0.5065721583625775
chr1A_pat	70600000	70800000	0.006066599862046079	-0.17981299283866545	-0.053780251025250046	0.5651184240888932
chr1A_pat	70800000	71000000	0.0068404181400325515	0.6308264546092284	0.016445960218559617	0.822282843611633
chr1A_pat	71000000	71200000	0.006560676500030172	0.3133700550516179	-0.041542294597525016	0.7105400940914498
chr1A_pat	71200000	71400000	0.007087470141445895	0.5093187243013478	0.008314933832514367	0.7149965259740543
chr1A_pat	71400000	71600000	0.0069124022911449525	0.009005582448139366	-0.0810836288252682	0.6766266926563461
chr1A_pat	71600000	71800000	0.005049585122909954	-0.8499019292532267	-0.031442127525736	0.22538191984438544
chr1A_pat	71800000	72000000	0.005017880362240153	-0.9446950827455722	-0.14823239157574936	0.14133893006777948
chr1A_pat	72000000	72200000				
chr1A_pat	72200000	72373967				
chr2_pat	0	200000				
chr2_pat	200000	400000	0.00550758911754448	-1.1052128958434202	-0.6926815967134163	-0.25426148226733364
chr2_pat	400000	600000	0.008402269674331827	-1.0493707062517477	-0.5092313853099621	-0.0852519067230371
chr2_pat	600000	800000	0.00690024752745576	-1.5022146694948801	-0.5293815314341083	0.19865723279134828
chr2_pat	800000	1000000	0.004977209911679827	-1.2026580390171138	-0.49403744941411315	0.12960645632253004
chr2_pat	1000000	1200000	0.0050431023130068885	-1.1723412531584063	-0.5255573343028181	-0.03485032252455777
chr2_pat	1200000	1400000	0.004498256715476297	-1.092495102991033	-0.6211653350527473	-0.0514078595084867
chr2_pat	1400000	1600000	0.005129656466251122	0.2951927133583689	-0.4612310640062694	-0.5764261641579023
chr2_pat	1600000	1800000	0.004771829582608581	-0.03206221768246801	-0.5599321536942733	-0.5862046244307196
chr2_pat	1800000	2000000	0.0055026888969876425	0.5627446749724769	-0.44015112561688985	-0.7914674679388947
chr2_pat	2000000	2200000	0.00604312876584635	0.5558616257327502	-0.4231107202801028	-0.8046134087077461
chr2_pat	2200000	2400000	0.006707805521813762	0.23687744249011894	-0.4356724644711934	-0.5428668930218735
chr2_pat	2400000	2600000	0.004787930798019546	-1.3419951358315276	-0.493161549017301	-0.0801902411565208
chr2_pat	2600000	2800000	0.005257192004282234	-0.8281171261935821	-0.5236635022353084	-0.24661752334298065
chr2_pat	2800000	3000000	0.005602498441502958	-0.5746235218456085	-0.44973422620316855	-0.32787665753015854
chr2_pat	3000000	3200000	0.006252313259046949	0.3320406543498789	-0.415908659455919	-0.669164888303122
chr2_pat	3200000	3400000	0.005851578944818665	0.6524196543609045	-0.3833009203109522	-0.8988813655282112
chr2_pat	3400000	3600000	0.0056498706694404115	0.7070815465692664	-0.3940980494606266	-0.9395470199510182
chr2_pat	3600000	3800000	0.005802099092377292	0.7011265519590241	-0.413643587068614	-0.8914203196821735
chr2_pat	3800000	4000000	0.005945679563774826	0.7016360353104721	-0.430147842405848	-0.8930974923323356
chr2_pat	4000000	4200000	0.006067575227235433	0.5727154738098575	-0.45720224214119315	-0.8075081124668867
chr2_pat	4200000	4400000	0.005963382963493939	-0.21206455347083894	-0.5554988305334221	-0.4911330061533474
chr2_pat	4400000	4600000	0.006346829219741885	0.212848849381182	-0.41600752861361706	-0.6256303450881618
chr2_pat	4600000	4800000	0.006225413681282515	-0.1474866453996531	-0.44539270249379953	-0.40714854509544196
chr2_pat	4800000	5000000	0.005020011653002117	-1.031503053377716	-0.3911341891938437	-0.0926130092596747
chr2_pat	5000000	5200000	0.005949704635521547	-0.6716132957215989	-0.39547906325170024	-0.16378141453804984
chr2_pat	5200000	5400000	0.004617336387162854	-1.2523559037334242	-0.32455861501187916	-0.05038806525104033
chr2_pat	5400000	5600000	0.005632843630222694	0.12567698244463416	-0.27972462785435076	-0.4195473584756897
chr2_pat	5600000	5800000	0.006540934104969341	0.35165302232662027	-0.30842541933726475	-0.5779326275219988
chr2_pat	5800000	6000000	0.0063215511078051085	-0.38456552878621325	-0.3509299534661084	-0.32516497572016634
chr2_pat	6000000	6200000	0.006347617695495921	0.3653310929358425	-0.24986842895203007	-0.5115383007758213
chr2_pat	6200000	6400000	0.00586360193022731	-0.3031205617429693	-0.3397470861695746	-0.31403890555240893
chr2_pat	6400000	6600000	0.004688763751378658	-1.281297563170339	-0.3808267307538706	0.0051618340391804945
chr2_pat	6600000	6800000	0.00482296870150393	-1.2603430426018112	-0.34936407322746754	0.07095776366185626
chr2_pat	6800000	7000000	0.00428442676494436	-1.7039453251292456	-0.2976403676225431	0.25227633134829924
chr2_pat	7000000	7200000	0.006297654695036879	-0.19132600029002372	-0.2896129846379898	-0.14390996922879445
chr2_pat	7200000	7400000	0.006664865710749665	0.5788126521027469	-0.32531046937564856	-0.6245824505757397
chr2_pat	7400000	7600000	0.006643160458079478	0.6815481954455278	-0.3127281313632957	-0.7092507427894008
chr2_pat	7600000	7800000	0.0065807283616490875	0.6971237676677404	-0.3065844946238708	-0.7583166426907598
chr2_pat	7800000	8000000	0.0059828993250035	-0.04854461882479108	-0.28869673328312756	-0.440671737021129
chr2_pat	8000000	8200000	0.006668416595118615	-0.35027372168277227	-0.26513739613815995	-0.3776901343977578
chr2_pat	8200000	8400000	0.004788138309033105	-1.2098472182126994	-0.23745465695964443	-0.06949245541033032
chr2_pat	8400000	8600000	0.005560971359093399	-0.022706463417819678	-0.2255649168498769	-0.4277524664809524
chr2_pat	8600000	8800000	0.0059964458699663745	0.3437758963315103	-0.20505133720945787	-0.5481960986945567
chr2_pat	8800000	9000000	0.004898495849278206	-1.0743523599516815	-0.1189603874733048	-0.2687024640820711
chr2_pat	9000000	9200000	0.004181317006955214	-1.5880860658991767	-0.027311828708655173	0.052912200846404404
chr2_pat	9200000	9400000	0.006177433665930217	0.275726855809923	-0.10013602878001067	-0.4924376626305554
chr2_pat	9400000	9600000	0.0060857945813153555	0.5838418470003676	-0.13868511103852632	-0.6616444620979124
chr2_pat	9600000	9800000	0.008063939297429394	0.5416713241938078	-0.11279066940930814	-0.49284902003246706
chr2_pat	9800000	10000000	0.0044919967727151166	-0.1544874692475423	-0.12649883584912916	-0.2536651162834056
chr2_pat	10000000	10200000	0.006122382405981577	0.30457168748288727	-0.1125732588846795	-0.5284770267032084
chr2_pat	10200000	10400000	0.0051764731371926505	-0.7371984091187107	-0.044746401527064016	-0.3017888853094813
chr2_pat	10400000	10600000	0.006118181087990505	-0.06052097016600127	-0.010578914423126683	-0.4408914277342863
chr2_pat	10600000	10800000	0.005047610783160947	-0.8604156904006022	-0.0153462612104227	-0.2631166505687107
chr2_pat	10800000	11000000	0.0048887991337147226	-0.9399099688485782	-0.14042302664479772	-0.18669692287284348
chr2_pat	11000000	11200000	0.0064588025175041745	0.5128816748817132	-0.177774072331875	-0.5516480837579042
chr2_pat	11200000	11400000	0.006088385386090383	0.6696323160860779	-0.20396542518303823	-0.6545821570554547
chr2_pat	11400000	11600000	0.005745559308690981	0.6919391012140068	-0.16273052841855978	-0.6397765807584683
chr2_pat	11600000	11800000	0.005675386007336343	0.6102031488611772	-0.132468327161477	-0.6285039551500977
chr2_pat	11800000	12000000	0.005039352876872513	-0.2197231066404687	-0.008054280088574192	-0.49848497118860446
chr2_pat	12000000	12200000	0.0053491019215842275	0.16146163709816708	-0.0311132308906586	-0.5230688703937947
chr2_pat	12200000	12400000	0.005425175551955467	-0.29288342065083706	0.00825463920743496	-0.45148634132041654
chr2_pat	12400000	12600000	0.005843849117947212	0.31051389114154787	-0.016170153991629937	-0.6056732304051696
chr2_pat	12600000	12800000	0.005541554519001851	0.4834851029094607	-0.05614721951047518	-0.6208915560467445
chr2_pat	12800000	13000000	0.005732178054546688	0.5084973889661684	-0.09345918977202895	-0.6288016355830857
chr2_pat	13000000	13200000	0.006006826134780897	0.5588781958186725	-0.09586687333800244	-0.5960067581179664
chr2_pat	13200000	13400000	0.005785990532067783	0.16638990933313705	-0.08059241253472377	-0.4304413951452184
chr2_pat	13400000	13600000	0.004627107603207534	-1.2696887108189852	0.2631048458526188	-0.18889632712166238
chr2_pat	13600000	13800000	0.005273039597648282	-0.5347661071634071	0.056899925283825654	-0.28305762779656973
chr2_pat	13800000	14000000	0.0058642997016974995	0.48544956075561707	-0.1399737841930989	-0.5597692799593004
chr2_pat	14000000	14200000	0.0062005964559417115	0.5543032630316789	-0.11388068977175264	-0.5744641826547319
chr2_pat	14200000	14400000	0.0059110327885761515	0.26337708264676873	-0.05306367198335022	-0.5009017389775909
chr2_pat	14400000	14600000	0.005452764834589717	-0.547714630698998	0.13275126687018274	-0.26869997207771357
chr2_pat	14600000	14800000	0.0040977216783566256	-1.639415095417868	0.31102947377312606	-0.028985190568688084
chr2_pat	14800000	15000000	0.006075906849164263	-0.5047220945636931	0.018218072556021616	-0.1055679337908323
chr2_pat	15000000	15200000	0.0058382877227847185	-0.5159425021196172	0.11062385877287718	-0.29143486949038305
chr2_pat	15200000	15400000	0.005885742810428785	-0.2958600132394373	0.03806979779093826	-0.2857165476942993
chr2_pat	15400000	15600000	0.006399730766614257	-0.19784258917839295	0.0015653739956502345	-0.2726656191362799
chr2_pat	15600000	15800000	0.0059132084823316795	-0.5367245325081257	0.04559375974066506	-0.2012131157899412
chr2_pat	15800000	16000000	0.006729091222257619	-0.12225342361118649	-0.01246132075974699	-0.20394421625782921
chr2_pat	16000000	16200000	0.004386088830261636	-1.3827540812386163	0.24202016179637298	0.08245919511358239
chr2_pat	16200000	16400000	0.006180555466713449	0.01273930425983141	0.07347959577915535	-0.3081516454623353
chr2_pat	16400000	16600000	0.005745900069957163	-0.7537452894102467	0.1486215934114926	-0.1511329984055457
chr2_pat	16600000	16800000	0.00474438911694507	-1.1935130082745928	0.3241474760450417	-0.08812425090049888
chr2_pat	16800000	17000000	0.005470481329004865	-0.6890954167945932	0.23355102779681802	-0.27071992146022994
chr2_pat	17000000	17200000	0.006526440469111619	0.3826825183448015	0.027705372869232574	-0.49499566631018005
chr2_pat	17200000	17400000	0.006239571950306795	0.3555861026486345	0.022512806814466515	-0.45870961319257375
chr2_pat	17400000	17600000	0.005160042121927123	-0.8430356745163081	0.26854336211949614	-0.23867861016584205
chr2_pat	17600000	17800000	0.00591483476855403	-0.13411650597342648	0.1200262557175725	-0.37528620621553804
chr2_pat	17800000	18000000	0.006060099718206402	0.47453020484152647	0.022789142733250372	-0.5206406098294791
chr2_pat	18000000	18200000	0.005476822879219713	-0.5409645915215323	0.21428746184994743	-0.25190928507215626
chr2_pat	18200000	18400000	0.005672648266811697	-0.36055018534506966	0.20180112101596206	-0.2614682239731874
chr2_pat	18400000	18600000	0.006077662921361992	-0.4588182198342593	0.18199993558541272	-0.23097617810432827
chr2_pat	18600000	18800000	0.005840336700137106	-0.7668633174293531	0.2305097821520736	-0.13000797916540976
chr2_pat	18800000	19000000	0.004489047033665956	-1.5007800398798217	0.5398797911613702	0.025795052389988773
chr2_pat	19000000	19200000	0.0061893603762126536	0.45045398394781666	0.0021465450818839832	-0.4726231919667336
chr2_pat	19200000	19400000	0.006206654076776911	0.6329873256856121	0.05179877714212285	-0.5807168113949114
chr2_pat	19400000	19600000	0.006011552549183993	0.5220876165934407	0.08077477883129223	-0.578004794399135
chr2_pat	19600000	19800000	0.005767984291642843	0.25996611901645644	0.18939497987791432	-0.60594797825511
chr2_pat	19800000	20000000	0.005804750651236073	0.18287526512105942	0.15861789264473683	-0.48882309165586946
chr2_pat	20000000	20200000	0.005075771225670063	-0.47105753019235	0.29209284303145777	-0.38352938042759604
chr2_pat	20200000	20400000	0.006078062820647093	0.44471607389930745	0.07313431860249522	-0.537211901156643
chr2_pat	20400000	20600000	0.006077240769735356	0.2629001528329982	0.16162297141054202	-0.47398046432447594
chr2_pat	20600000	20800000	0.004470148975623161	-1.3769110745468833	0.8554449019731858	-0.21941189010400916
chr2_pat	20800000	21000000	0.004932908529726945	-1.1117840563742525	0.7828791633978682	-0.25384589176355543
chr2_pat	21000000	21200000	0.005268474845261622	-0.7468091375798891	0.5845644100076351	-0.2748185215155073
chr2_pat	21200000	21400000	0.004460386463181987	-1.2698362634142797	0.7697023570411423	-0.15395685925537794
chr2_pat	21400000	21600000	0.006313534782565026	0.01863620675912495	0.34871938510632794	-0.4746158856881334
chr2_pat	21600000	21800000	0.005656603790963245	-0.22661315503109852	0.36631364986988824	-0.4209684151412215
chr2_pat	21800000	22000000	0.005454358096349957	-0.33729224599851004	0.31476579409303757	-0.40235970735659815
chr2_pat	22000000	22200000	0.0062211372165957195	0.3144583062632205	0.13624728845315795	-0.5070818503557486
chr2_pat	22200000	22400000	0.006159691527283317	0.6514120784494769	0.08862806426305873	-0.5925623833165258
chr2_pat	22400000	22600000	0.006214854977798525	0.5864001114438269	0.12541609037477897	-0.559778065020572
chr2_pat	22600000	22800000	0.0052779415125161384	-0.5738936337751464	0.4023291252589278	-0.3605468403009532
chr2_pat	22800000	23000000	0.006129716481812605	0.019078394133836708	0.2554218128252554	-0.45926886832876507
chr2_pat	23000000	23200000	0.006135583367900652	0.5137038278149887	0.11499812456962961	-0.495162662026026
chr2_pat	23200000	23400000	0.0063368211240352095	0.3885957438715481	0.11112031766150034	-0.3932406531937674
chr2_pat	23400000	23600000	0.0046969662189577065	-1.2044500758624124	0.5573154435180073	-0.07720043431036669
chr2_pat	23600000	23800000	0.004522914897813627	-1.4023013447442958	0.8640492958291605	-0.17781390602900335
chr2_pat	23800000	24000000	0.005201735456568915	-1.0513002197837817	0.7487315139959753	-0.29207961977241986
chr2_pat	24000000	24200000	0.005800941305269219	-0.16196501595714394	0.2658244622613907	-0.2992849449726168
chr2_pat	24200000	24400000	0.006361982461224508	0.509983747076656	0.14630204982049347	-0.47813195683586884
chr2_pat	24400000	24600000	0.006091499801090855	0.3102693291406171	0.1801781708896948	-0.46898441859378504
chr2_pat	24600000	24800000	0.0059511575688538645	-0.040679069190833285	0.28630692597050367	-0.44988097522223275
chr2_pat	24800000	25000000	0.005420897969609191	-0.6135211576674213	0.4895001573778964	-0.43046981813409513
chr2_pat	25000000	25200000	0.006292876565540219	0.3266507650759284	0.2201971157490487	-0.47160142971850255
chr2_pat	25200000	25400000	0.006101196423750997	-0.07930481366308931	0.32147674227932627	-0.394529466982006
chr2_pat	25400000	25600000	0.006465630453370796	-0.04239987262074343	0.2357424943061703	-0.37450000267657263
chr2_pat	25600000	25800000	0.0054853257466776295	-0.2628731443130865	0.3912427151956465	-0.38453419878191
chr2_pat	25800000	26000000	0.004703184273268507	-1.2719069599311184	0.8812090397656723	-0.34928838833547793
chr2_pat	26000000	26200000	0.005779745451243482	-0.5167313587315793	0.44536043546256854	-0.3108208211456804
chr2_pat	26200000	26400000	0.005871822719727068	0.6333086998335575	0.1498462538885989	-0.5722459908359291
chr2_pat	26400000	26600000	0.006103606629369612	0.7226866373931967	0.17375780839634072	-0.6289524814057853
chr2_pat	26600000	26800000	0.006161471630497222	0.7173868572908106	0.18527248666475482	-0.6193403163585883
chr2_pat	26800000	27000000	0.006078797308845267	0.6562126707517196	0.20452492184859902	-0.5699173304249294
chr2_pat	27000000	27200000	0.005442311046188711	-0.21836743292932345	0.47901427332058005	-0.5686801470737911
chr2_pat	27200000	27400000	0.0058663461445104086	0.0780862238885014	0.3324445601050032	-0.555726773473908
chr2_pat	27400000	27600000	0.006344335486991441	0.45894769979380545	0.20013932625176103	-0.5177769545623233
chr2_pat	27600000	27800000	0.0055759148141996265	-0.7142768353196386	0.6502958434365532	-0.45269986999957745
chr2_pat	27800000	28000000	0.004803102669007323	-1.4394683054000899	1.0174992870151012	-0.37979631863352137
chr2_pat	28000000	28200000	0.006111704695713514	-0.23082376102587163	0.4572378174428589	-0.449952332801178
chr2_pat	28200000	28400000	0.00629330218242074	0.47681176861914415	0.22194081386217418	-0.5483297612051793
chr2_pat	28400000	28600000	0.006051289112342458	0.5606075854881448	0.20240727003341188	-0.5965227680802772
chr2_pat	28600000	28800000	0.005943191648919781	0.6843627690273305	0.16128672954266166	-0.5611187501085129
chr2_pat	28800000	29000000	0.006028060556591522	0.6900879491689905	0.18720966860127466	-0.605173345422026
chr2_pat	29000000	29200000	0.005847285068317276	0.4564718162539246	0.2487268833206398	-0.5911426401329409
chr2_pat	29200000	29400000	0.005934059064170245	0.36541850347798016	0.3342922799867277	-0.5861770570441602
chr2_pat	29400000	29600000	0.005187005172961854	-0.6337498460582883	0.8488459517862442	-0.6107730793140131
chr2_pat	29600000	29800000	0.005442302374454003	-0.47545063404870846	0.6585704224726802	-0.5262139192005009
chr2_pat	29800000	30000000	0.005977497164582468	0.3999615204952852	0.27438347460713236	-0.50586007902767
chr2_pat	30000000	30200000	0.004847615865744535	-1.1492334975400278	0.8789584978472987	-0.3955954239270201
chr2_pat	30200000	30400000	0.006275809998266519	0.218700259061261	0.3629088250672757	-0.5208424758560823
chr2_pat	30400000	30600000	0.006307296746358844	0.546771769564204	0.21219278466746036	-0.5323111199509127
chr2_pat	30600000	30800000	0.006217943192971704	0.610987645586458	0.3097409341881861	-0.6495308063384593
chr2_pat	30800000	31000000	0.006285668919348175	0.3955181530356372	0.3207823648120112	-0.5852101134416003
chr2_pat	31000000	31200000	0.006241096165462003	0.6882804984845855	0.24173345738234342	-0.5536023221621367
chr2_pat	31200000	31400000	0.006360176773219021	0.631132832703956	0.2128928399199838	-0.5118471098695475
chr2_pat	31400000	31600000	0.005755127155923767	-0.18789223619288964	0.536129173867419	-0.5114725890480505
chr2_pat	31600000	31800000	0.006665252043707483	0.2010860914639117	0.42360579070145227	-0.5837490822520293
chr2_pat	31800000	32000000	0.006592725138043402	0.15773273018615813	0.4269065617898252	-0.5225310226771405
chr2_pat	32000000	32200000	0.004527375778143115	-1.5130853126336843	1.192888504751849	-0.40077772204047496
chr2_pat	32200000	32400000	0.005438471598811005	-1.0358783988781466	0.9104278429999034	-0.4167125882933839
chr2_pat	32400000	32600000	0.006390355968699389	-0.11844125476800269	0.6000443017947545	-0.5555146663249652
chr2_pat	32600000	32800000	0.006441213491152994	0.15307888200689213	0.4556786531389625	-0.5418419425235598
chr2_pat	32800000	33000000	0.0063639516934090755	-0.04373272795319205	0.42506927052861737	-0.41910279614722923
chr2_pat	33000000	33200000	0.006411237410174686	0.0661247552985176	0.36326062752297916	-0.31937361596655156
chr2_pat	33200000	33400000	0.004731583781613603	-1.523452692943902	0.9920472141719722	-0.10094873246211235
chr2_pat	33400000	33600000	0.006765192905282914	-0.03265975859181585	0.39277258191515774	-0.30933181481437905
chr2_pat	33600000	33800000	0.006921252346691096	-0.18691670343813344	0.4234337191424453	-0.3269112012253974
chr2_pat	33800000	34000000	0.00625232711726203	-0.33697439793078954	0.46528542648357873	-0.20513036490223388
chr2_pat	34000000	34200000	0.004960783056527043	-1.3446534548273141	0.9651675035146312	-0.16807517281933865
chr2_pat	34200000	34400000	0.0064061832246642475	-0.8697974730121067	0.7497278351015719	-0.2337705820951919
chr2_pat	34400000	34600000	0.0067545310885234145	-0.06897568001875407	0.4976927637533703	-0.3884898209347667
chr2_pat	34600000	34800000	0.007171596354263398	0.11874932488818218	0.435091765671987	-0.4400030662607811
chr2_pat	34800000	35000000	0.006519319171278238	0.14964778162244996	0.4329061725900258	-0.41614517888576025
chr2_pat	35000000	35200000	0.005974388957215988	-0.6350813655330328	0.7495044332166758	-0.3961945822273862
chr2_pat	35200000	35400000	0.005519181031521584	-1.0251682393705868	1.0353060139412187	-0.5034937990232837
chr2_pat	35400000	35600000	0.005984594680467364	-0.5417977041646151	0.7813858118002699	-0.4909154597071027
chr2_pat	35600000	35800000	0.00653758129866043	0.3896061664613178	0.3976367355379437	-0.5226482113596386
chr2_pat	35800000	36000000	0.00622584783841908	0.09132586933752448	0.45638508020388246	-0.5009568719100413
chr2_pat	36000000	36200000	0.005928672845055958	-0.7018890022483221	0.8992785220973912	-0.58183626570757
chr2_pat	36200000	36400000	0.006001953685377045	-0.2755362752590842	0.7334169121151364	-0.5677266735781409
chr2_pat	36400000	36600000	0.0059865497391725295	-0.5775405566579171	0.7879561004018296	-0.5060958050257
chr2_pat	36600000	36800000	0.00633167161498752	0.5508350937637444	0.32371413777409314	-0.5721287567387094
chr2_pat	36800000	37000000	0.00641864031270536	0.4512498540044126	0.3878354622554068	-0.5646351513311036
chr2_pat	37000000	37200000	0.004557318358218481	-1.6108101509436552	1.3573323579997767	-0.497716566514917
chr2_pat	37200000	37400000	0.00590376110504704	-0.132645794852158	0.7334377447232067	-0.6208655390622749
chr2_pat	37400000	37600000	0.006452111092348446	0.6569658241550983	0.3822953751997861	-0.5693363861213488
chr2_pat	37600000	37800000	0.006626910648905587	0.7660430970871589	0.27451495369274126	-0.49733138230635704
chr2_pat	37800000	38000000	0.006822709778117424	0.7801477688146671	0.29942389498104643	-0.5461027547629262
chr2_pat	38000000	38200000	0.006744472703277664	0.7253411070666883	0.3398992557705931	-0.47984212598784015
chr2_pat	38200000	38400000	0.006518810328463324	0.281222757727504	0.4587175356025851	-0.5796549515392952
chr2_pat	38400000	38600000	0.005503330614216771	-0.956327519351629	0.9424282300908141	-0.5145554774606742
chr2_pat	38600000	38800000	0.006704215965433293	0.5732620407474434	0.32276568820503004	-0.47969315705827575
chr2_pat	38800000	39000000	0.00691914999325726	0.6756143396378022	0.33970015830706146	-0.46587695944002533
chr2_pat	39000000	39200000	0.005063364180450037	-1.126892060455288	1.0838029468880708	-0.4358151182066576
chr2_pat	39200000	39400000	0.006054691057246758	-0.10851517061778836	0.6173519814141525	-0.4481882634981606
chr2_pat	39400000	39600000	0.006657596847329195	0.6756133068945391	0.3502312586067027	-0.502565472086892
chr2_pat	39600000	39800000	0.006368287154101162	0.504107098411116	0.3639633765379804	-0.48066992080320925
chr2_pat	39800000	40000000	0.006751999001258249	0.11693646096686339	0.6022398254201257	-0.6251747610024748
chr2_pat	40000000	40200000	0.004719485647065626	-1.3630056989532513	1.3994157232208844	-0.7065592072541907
chr2_pat	40200000	40400000	0.006534170924282858	0.5792317197964055	0.3470580050890413	-0.510642982796182
chr2_pat	40400000	40600000	0.006889147036762908	0.7384582838582734	0.3630507157756172	-0.46476670530502995
chr2_pat	40600000	40800000	0.006825567582273868	0.7614336439971912	0.4148493518127231	-0.5929509150010858
chr2_pat	40800000	41000000	0.006820174003338792	0.7484780357084622	0.3839114832104151	-0.535964089699839
chr2_pat	41000000	41200000	0.006534768502371504	0.627216254514865	0.39378326900577937	-0.5360115565391476
chr2_pat	41200000	41400000	0.006530144845687951	0.3719863311845941	0.4812058218624526	-0.5253133817102131
chr2_pat	41400000	41600000	0.006007664491797476	-0.7442857715504806	1.0157626353807927	-0.595900150717317
chr2_pat	41600000	41800000	0.005154519078245733	-1.4381241878690951	1.3011246481248935	-0.5214628249254939
chr2_pat	41800000	42000000	0.0065522002353004295	-0.4475132331685874	0.7601713806925221	-0.45987253092813035
chr2_pat	42000000	42200000	0.006226904248445936	-0.9374047977643574	1.0267977496690908	-0.42415458720027077
chr2_pat	42200000	42400000	0.0060273669099049024	-0.8430051476551438	1.0094216556960056	-0.43783486280040235
chr2_pat	42400000	42600000	0.006134669741087746	-0.9027946088849301	1.0403482203059393	-0.4280688484764514
chr2_pat	42600000	42800000	0.005817407014211686	-1.1697602811199286	1.1355419662496267	-0.4179719647182502
chr2_pat	42800000	43000000	0.004659412515905103	-1.5020277323616626	1.251387743047075	-0.2449239130269768
chr2_pat	43000000	43200000	0.005597598971958151	-0.6994365044241596	0.8307848569943277	-0.4489980771574216
chr2_pat	43200000	43400000	0.006716472196629932	0.08550616449749596	0.5532305951144977	-0.5274138043970628
chr2_pat	43400000	43600000	0.006597946489379776	0.0421068802437523	0.5663679073862486	-0.4834063510353058
chr2_pat	43600000	43800000	0.004629689610272646	-1.3998828143481166	1.2926216633236316	-0.4728896874496072
chr2_pat	43800000	44000000	0.006874007260376911	0.031551234847826765	0.5515151069545312	-0.4197742562118663
chr2_pat	44000000	44200000	0.004821585677710881	-1.521987271229004	1.259210271285037	-0.3209234977583862
chr2_pat	44200000	44400000	0.005645989083051227	-1.2230492666612454	1.1202684998074959	-0.34020141839536033
chr2_pat	44400000	44600000	0.007307100063185264	0.43244755883595976	0.4271587063250162	-0.517094745559632
chr2_pat	44600000	44800000	0.005789411384539293	-0.7074097714994065	0.7972252703489037	-0.37195301195110136
chr2_pat	44800000	45000000	0.0061247964584822245	-0.8001742085131727	1.022961100787843	-0.5862727265905193
chr2_pat	45000000	45200000	0.006445404015610431	-0.1557821537843692	0.7088874758559334	-0.5312231617100767
chr2_pat	45200000	45400000	0.00711052695102569	-0.119264623829751	0.6000470502939084	-0.49180002290803654
chr2_pat	45400000	45600000	0.0053312596434671716	-1.2092683428645017	1.0513859727216048	-0.3445878068278166
chr2_pat	45600000	45800000	0.006638900651331094	-0.4228428803900487	0.7146371179063801	-0.46021134692147464
chr2_pat	45800000	46000000	0.004826318225834647	-1.7233251798500187	1.319076877203427	-0.3233642228562151
chr2_pat	46000000	46200000	0.005363037078624532	-1.3780188539257705	1.0196038789862176	-0.186328659262121
chr2_pat	46200000	46400000	0.006926012017936958	0.19713868538983292	0.4643554310945214	-0.4294388567339733
chr2_pat	46400000	46600000	0.0074947822257196515	0.5075911479853459	0.3775871090258843	-0.47648477833527597
chr2_pat	46600000	46800000	0.006830928737426954	-0.21707021949035984	0.5995663099957904	-0.42741982925834743
chr2_pat	46800000	47000000	0.006638581502684976	-0.28660059836128915	0.6434656285673083	-0.4672017489056661
chr2_pat	47000000	47200000	0.005614401791884565	-1.3289775216265651	1.1027856919426222	-0.41573547357625873
chr2_pat	47200000	47400000	0.006345866495262591	-0.4312193754485313	0.669155375874457	-0.4076178705629204
chr2_pat	47400000	47600000	0.007029695766436604	0.632853372370834	0.4009754467056103	-0.49363465082609037
chr2_pat	47600000	47800000	0.007129929305455031	0.5694064255671408	0.4137209598532307	-0.4236662289425264
chr2_pat	47800000	48000000	0.006171629883010071	-0.3404440341152884	0.7308799422810516	-0.4912153590108074
chr2_pat	48000000	48200000	0.006408873322574774	0.013843175429090334	0.5489330785142525	-0.46702493379730137
chr2_pat	48200000	48400000	0.006782398286180634	0.7901666648171946	0.35637998693647216	-0.41292967318848295
chr2_pat	48400000	48600000	0.0072951923711106125	0.8158865124532421	0.4141497000030912	-0.46336577796867484
chr2_pat	48600000	48800000	0.006987083538710564	0.8193491320720212	0.4160386919556934	-0.416945010777516
chr2_pat	48800000	49000000	0.006851909718625364	0.7243033710367691	0.3053448657047932	-0.3569311220147796
chr2_pat	49000000	49200000	0.005362890062396606	-0.8980278607117635	0.8945938963624612	-0.36414759286155646
chr2_pat	49200000	49400000	0.004658768197351504	-1.7118799496484691	1.3076594555403416	-0.3728785550046811
chr2_pat	49400000	49600000	0.006145430863586296	-0.6940881341929738	0.9059019462730764	-0.5768310073330486
chr2_pat	49600000	49800000	0.005189581559252168	-1.1504156758453477	0.9898421860254396	-0.39664832441603126
chr2_pat	49800000	50000000	0.00666720987964454	0.6965885171659135	0.2601869694601033	-0.3263359679285122
chr2_pat	50000000	50200000	0.006940140329039449	0.8223527362820277	0.30312837447500135	-0.4337659853978111
chr2_pat	50200000	50400000	0.006572908768961275	0.802865121336449	0.34033100467161587	-0.34692393060034105
chr2_pat	50400000	50600000	0.006540571832466841	0.7706853595695302	0.2893303796472365	-0.3490120173860734
chr2_pat	50600000	50800000	0.006518128607314766	0.7657043546406329	0.2901877811515337	-0.3282034046106504
chr2_pat	50800000	51000000	0.006640468035256968	0.7892127453335642	0.2658020274268217	-0.24739889634717607
chr2_pat	51000000	51200000	0.006781502210421445	0.6054834170810359	0.3004787637158242	-0.22678819374400574
chr2_pat	51200000	51400000	0.0071935995057903854	0.47964910458324833	0.2691290089461102	-0.20083826872541272
chr2_pat	51400000	51600000	0.007289287322278777	0.11616981618128122	0.38425398582897696	-0.2325279591584305
chr2_pat	51600000	51800000	0.00813032043230884	0.15935334444711063	0.39084384382642423	-0.135500262857632
chr2_pat	51800000	52000000	0.0057841395271163295	-1.5596013795327839	1.0571235994462376	-0.16976617167858188
chr2_pat	52000000	52200000	0.006583789307176868	-1.4809998890783038	0.980941182641009	-0.11000391966285447
chr2_pat	52200000	52400000	0.007466009094037511	0.1468879324120065	0.3665460749092572	-0.12286530502225763
chr2_pat	52400000	52600000	0.006011430506047077	-0.6943042824631156	0.6800218826007535	-0.29113304384177163
chr2_pat	52600000	52800000	0.007343339929123785	0.49536520404220885	0.3480559858059902	-0.21570321986274898
chr2_pat	52800000	53000000	0.00730214940186973	0.6201863242369989	0.2888728881194523	-0.23826132125510407
chr2_pat	53000000	53200000	0.006982073348838043	0.7520600351983359	0.27944343541867905	-0.23911262623297924
chr2_pat	53200000	53400000	0.006939353552561385	0.6752607539514922	0.31580887621417797	-0.25104819896323544
chr2_pat	53400000	53600000	0.006794816290562002	0.5048965255828217	0.3505496744103364	-0.3186006937644883
chr2_pat	53600000	53800000	0.007614364808728912	-1.6561141150594463	1.2042238342528482	-0.4184905864522552
chr2_pat	53800000	54000000	0.005919706071709913	-0.5726350716712807	0.753121722600856	-0.4633516818143056
chr2_pat	54000000	54200000	0.0069593462316363715	0.6224526936527374	0.30998016069099693	-0.24267364902897312
chr2_pat	54200000	54400000	0.0058606140820656235	-0.9500684064395526	0.782817279871353	-0.320370516280794
chr2_pat	54400000	54600000	0.006493254199294385	-0.2102173480974931	0.4406295818353066	-0.3018442425033411
chr2_pat	54600000	54800000	0.005126763794999544	-1.3641840209994391	0.8717247477669078	-0.3427846736909321
chr2_pat	54800000	55000000	0.007242434079701183	0.5104038921368486	0.2399830419473894	-0.20851403680592032
chr2_pat	55000000	55200000	0.007160011014090304	0.6901818555021336	0.25357981935342677	-0.2044767609203994
chr2_pat	55200000	55400000	0.006909523357392403	0.7523162020565389	0.22774048915673173	-0.2534176489164534
chr2_pat	55400000	55600000	0.006308877638422968	0.7945429900695893	0.2306645405843464	-0.25670245446269535
chr2_pat	55600000	55800000	0.006629895788100613	0.7344019973242272	0.2576471193420033	-0.23831501547394307
chr2_pat	55800000	56000000	0.006522047016919673	0.7518967714722096	0.26149158078791745	-0.24842887358530577
chr2_pat	56000000	56200000	0.006365684833573653	0.737744631747491	0.2624342635305901	-0.26228437660436543
chr2_pat	56200000	56400000	0.0072358103165902285	0.7130363999872588	0.2635623254710954	-0.2648968960597122
chr2_pat	56400000	56600000	0.00651300829543974	0.7389024571739746	0.252590955967284	-0.22276938037008318
chr2_pat	56600000	56800000	0.006476402967765517	0.74250853944424	0.24310561153442387	-0.2965823734660763
chr2_pat	56800000	57000000	0.0063747759513813965	0.734607261755774	0.24982229967104153	-0.24157582902528293
chr2_pat	57000000	57200000	0.006339290457655679	0.7426832619624488	0.19486019298220944	-0.2473088227588938
chr2_pat	57200000	57400000	0.00693315393281204	0.7132361727772553	0.20400229996287553	-0.2410888715575044
chr2_pat	57400000	57600000	0.006300328765223402	0.7520980833743799	0.2461629018561292	-0.2748859293982863
chr2_pat	57600000	57800000	0.00618877038025419	0.7145623948964581	0.2131666282920536	-0.2611001260529372
chr2_pat	57800000	58000000	0.006434117434343533	0.7085607002455049	0.21387178187295214	-0.23523560259693932
chr2_pat	58000000	58200000	0.006340551646269686	0.710882186571187	0.2248765457490758	-0.21015097413054906
chr2_pat	58200000	58400000	0.006200049378963511	0.7198144714338504	0.2632148806720912	-0.25958701839889814
chr2_pat	58400000	58600000	0.006675447768077474	0.7035551247569952	0.2054273331239865	-0.13427183538286874
chr2_pat	58600000	58800000	0.006642448064863392	0.7481051458728593	0.21206481219645115	-0.21968710718240336
chr2_pat	58800000	59000000	0.0064693154128697946	0.7107156992622993	0.2090501641994351	-0.14547332905420018
chr2_pat	59000000	59200000	0.006495403683476062	0.7181958094073925	0.22547250420787715	-0.1840376365986597
chr2_pat	59200000	59400000	0.006907285976232911	0.5204534142000237	0.22374490667335303	-0.18033211760802897
chr2_pat	59400000	59600000	0.006184529693880139	-0.42521169404594017	0.4786718163389325	-0.3614385594139162
chr2_pat	59600000	59800000	0.007166145468863238	0.6609001168373125	0.19817612159692877	-0.06904659899189518
chr2_pat	59800000	60000000	0.0077152769048618635	0.6343413306300487	0.2260966167897304	-0.1495025036184532
chr2_pat	60000000	60200000	0.006778602157282963	-0.019962404373624145	0.2919229872926803	-0.1095032929658487
chr2_pat	60200000	60400000	0.004457811321467455	-1.7273432866198613	0.8952131333727864	-0.1179993416798594
chr2_pat	60400000	60600000	0.005600349218703434	-1.281601891162648	0.7477551143181672	-0.2567776873512183
chr2_pat	60600000	60800000	0.006786065905484384	-0.6337560506127685	0.42650264127398263	-0.18423475362865677
chr2_pat	60800000	61000000	0.00558364805708379	-0.891907162617958	0.5455247386802838	-0.1876600173692235
chr2_pat	61000000	61200000	0.006338382271631314	-0.23149185577083442	0.3239275984903744	-0.2010322360506105
chr2_pat	61200000	61400000	0.007012819348075998	0.41884852694080527	0.1687515831750703	-0.17616492351943322
chr2_pat	61400000	61600000	0.00737312281339986	0.5766931987192702	0.20721679326215045	-0.1329732832096307
chr2_pat	61600000	61800000	0.007517824638850905	0.39749540429381375	0.10618672672888288	-0.03511430842872332
chr2_pat	61800000	62000000	0.007388947379000544	0.36640379375047055	0.12779263641345204	-0.004428045628593472
chr2_pat	62000000	62200000	0.006489641033940549	-0.5654225193141394	0.3495133247941888	-0.1043714845421233
chr2_pat	62200000	62400000	0.004632977600982439	-1.5414497951812396	0.7090015486222632	-0.06822206856514777
chr2_pat	62400000	62600000	0.006761091075102246	-0.2662124972139125	0.23425465206195234	-0.0422070748891872
chr2_pat	62600000	62800000	0.005910261008082334	-0.48806563406200554	0.2952213444767533	-0.033039007881459435
chr2_pat	62800000	63000000	0.006952425863602381	-0.13663555577756742	0.14546381080235793	0.16493899466069473
chr2_pat	63000000	63200000	0.004772299203185329	-1.4632154646105482	0.531459692318107	0.18961609361279605
chr2_pat	63200000	63400000	0.005631120364049753	-1.3587236493905437	0.5317911434109036	0.17437692917817874
chr2_pat	63400000	63600000	0.007165926383716565	-0.33877918134972845	0.19011104349152605	0.16402706381124468
chr2_pat	63600000	63800000	0.006289152775218174	-0.5083821729526521	0.1700547754960273	0.18440022922609597
chr2_pat	63800000	64000000	0.004852602402067218	-1.6559026125683804	0.5050691543814646	0.0996064768045337
chr2_pat	64000000	64200000	0.006202061191172881	-0.7360847004577421	0.16925863260281415	0.1954296452559659
chr2_pat	64200000	64400000	0.006011386999414414	-0.6573761579431909	0.1880586267335869	0.007957282818879221
chr2_pat	64400000	64600000	0.006839145369058558	-0.05365522775566027	0.08858932956578548	-0.03585860225937664
chr2_pat	64600000	64800000	0.007126478201031821	0.5413377258033246	0.006523880304691445	0.07827653176102713
chr2_pat	64800000	65000000	0.007081847930935441	0.6102341375897519	0.023698971896492626	0.053940374382231315
chr2_pat	65000000	65200000	0.007062801022773086	0.6242201777673209	0.052519298354438394	0.00610151083072568
chr2_pat	65200000	65400000	0.007747020203294867	0.3348837207315337	0.04702624671622138	-0.038394131265922046
chr2_pat	65400000	65600000	0.007287347406603385	0.02344680576637093	0.01415494172545365	0.0038591740048072236
chr2_pat	65600000	65800000	0.007254083048310625	0.11693448493041801	0.0423764050432542	0.16560980578680515
chr2_pat	65800000	66000000	0.005293757617587573	-1.1664655976651175	0.2811063813737562	0.13089545456974552
chr2_pat	66000000	66200000	0.007289164030249748	-0.07019741116916212	0.01246582947971176	0.2417336203769061
chr2_pat	66200000	66400000	0.007957613257058885	0.3568571774556205	0.005242498025991747	0.2565639468747905
chr2_pat	66400000	66600000	0.00546990010623449	-0.9629069578468128	0.21096552890861786	0.2845110510994843
chr2_pat	66600000	66800000	0.004640559558172171	-1.363474447494335	0.30329721583767605	0.23905156823605214
chr2_pat	66800000	67000000	0.006033163504087384	-0.894183624843809	0.13377775311595638	0.2564413238292539
chr2_pat	67000000	67200000	0.006362482038389884	-0.655435330162452	0.08190239222246715	0.23121063252662322
chr2_pat	67200000	67400000	0.006564805382774875	-0.20386252892779896	-0.026875608138136962	0.3482605044068666
chr2_pat	67400000	67600000	0.0055593010113667175	-1.0469063508964067	0.08765104360604482	0.3745979771605639
chr2_pat	67600000	67800000	0.004998530967084893	-1.3327538640169074	0.17906863398043293	0.25802488096467263
chr2_pat	67800000	68000000	0.006938648410465942	-0.4001567816816307	-0.008816570682789522	0.3204414149881779
chr2_pat	68000000	68200000	0.006739271600281061	-0.22273640687377555	-0.05597176535725846	0.38462420566204314
chr2_pat	68200000	68400000	0.004766336865837333	-0.9670009125504777	0.09390650351379543	0.23785830882205045
chr2_pat	68400000	68600000	0.005826876946742914	-0.63401394145826	0.018386091136541112	0.30111526745514294
chr2_pat	68600000	68800000	0.007891871232920313	0.23129294938268366	-0.0879622096611515	0.4084550217165689
chr2_pat	68800000	69000000	0.007299678449924971	0.4200488435611734	-0.08479112982327205	0.37651681120878766
chr2_pat	69000000	69200000	0.007464531933157319	-0.024938896620950092	-0.01749568587274751	0.4659278536603232
chr2_pat	69200000	69400000	0.004801445425825263	-1.212126796469871	0.07898048263818601	0.3479879764937148
chr2_pat	69400000	69600000	0.0063306532560793065	-0.774247881017088	0.032791844316720005	0.30266816968251864
chr2_pat	69600000	69800000	0.006938789893783243	-0.2542107498286806	-0.0031503957716576586	0.37563633143294073
chr2_pat	69800000	70000000	0.007112232600149068	0.177538566670338	-0.07759904796456726	0.376403894110215
chr2_pat	70000000	70200000	0.006844695797915663	0.22080758973869008	-0.09436772121203912	0.2722799480271587
chr2_pat	70200000	70400000	0.006541232490613435	0.2761092596907991	-0.09949351043995876	0.24578450326959178
chr2_pat	70400000	70600000	0.006652420213068499	0.458995115569031	-0.1040226060295452	0.3797608993189585
chr2_pat	70600000	70800000	0.006464527480326139	0.14616723409740706	-0.10179443667276562	0.23718794754973327
chr2_pat	70800000	71000000	0.006782620769364188	0.326405707393204	-0.08652327830027885	0.3016336438205221
chr2_pat	71000000	71200000	0.006780493602778968	0.593908634263145	-0.07382761887435425	0.38235540227084425
chr2_pat	71200000	71400000	0.006908573009369828	0.5712088494587235	-0.11507745415712738	0.5015153727269612
chr2_pat	71400000	71600000	0.007009542872945381	0.45035153849682685	-0.06110806673227771	0.5082864440630906
chr2_pat	71600000	71800000	0.006150015775720242	-0.19451826545434517	-0.053121174854080806	0.3886628414092324
chr2_pat	71800000	72000000	0.005415164470346731	-0.774524672426876	0.02474460429814255	0.36856618710265543
chr2_pat	72000000	72200000	0.005874425423186125	-0.6487129501213799	-0.054198428524833725	0.39404153671306147
chr2_pat	72200000	72400000	0.00542524828040081	-0.6493499055455593	-0.028222904971339478	0.33245726297833866
chr2_pat	72400000	72600000	0.005902573367198697	-0.3776302428994309	-0.028327579594840196	0.33379969381655916
chr2_pat	72600000	72800000	0.005618534997092987	-0.2841597403054158	-0.07267926605610432	0.36208686365574544
chr2_pat	72800000	73000000	0.006639201443875701	0.39066058258816316	-0.0774607410375976	0.5190906103514545
chr2_pat	73000000	73200000	0.0065637575363639645	0.3713534226162021	-0.051807112427962355	0.5638499708716977
chr2_pat	73200000	73400000	0.005217310225849811	-0.534650226558021	-0.06068730090161082	0.4048153525575409
chr2_pat	73400000	73600000	0.005652353171254153	-0.5168990819533996	-0.06314789636205675	0.37077579586455
chr2_pat	73600000	73800000	0.006571159963128068	0.08712307146168959	-0.0916653147486567	0.48711201287234757
chr2_pat	73800000	74000000	0.006652388612042109	0.4776061609075456	-0.10412548450650329	0.6070771109514318
chr2_pat	74000000	74200000	0.006838492586663064	0.42642029156334643	-0.07660209738443098	0.5395202667822013
chr2_pat	74200000	74400000	0.006921389653386209	0.43610462859709226	-0.0984637722034647	0.5684088111150902
chr2_pat	74400000	74600000	0.006709573273221955	0.24353825657619993	-0.07796212716955822	0.5471482861993355
chr2_pat	74600000	74800000	0.0067114663211924	0.4847990175555735	-0.04701294571095196	0.636538400075684
chr2_pat	74800000	75000000	0.007176190222543415	0.5085331929694245	-0.11387891761474009	0.6431616493791339
chr2_pat	75000000	75200000	0.006642893611994014	0.5231329678924809	-0.09204160736581299	0.6529931361939146
chr2_pat	75200000	75400000	0.006847239127914492	0.510120379714087	-0.07203736007267672	0.6456510338984016
chr2_pat	75400000	75600000	0.006809623763737547	0.5406203890184311	-0.08258367505616955	0.70906234060749
chr2_pat	75600000	75800000	0.006533990843261493	0.45006576751656424	-0.08700561507611519	0.6245469635033832
chr2_pat	75800000	76000000	0.006702763451855656	0.35501479688698157	-0.13010264759210352	0.6421620788623631
chr2_pat	76000000	76200000	0.005898644100253316	0.1122021237460752	-0.09545225785425344	0.5298349912942873
chr2_pat	76200000	76400000	0.006665010503177883	0.45330769784987845	-0.0943467855177737	0.7304467384432272
chr2_pat	76400000	76600000	0.007252280807183953	0.40618767828774194	-0.11759503282535773	0.6643054036826248
chr2_pat	76600000	76800000	0.00739079183833724	0.257716759700182	-0.08645843967348098	0.701946080551092
chr2_pat	76800000	77000000	0.005971718445307122	-0.47220798919548934	-0.09999476306322995	0.6092818346835436
chr2_pat	77000000	77200000	0.006028345905741197	-0.7129225079315394	-0.09856616439679632	0.6315042918310325
chr2_pat	77200000	77400000	0.0047613143832335204	-1.088565463071789	-0.06989076747650498	0.5811516932935585
chr2_pat	77400000	77600000	0.006074328738058795	-0.47378343078618906	-0.037576159125881255	0.6763389307540802
chr2_pat	77600000	77800000	0.006320231994196885	-0.19560060170921204	-0.006516837208644142	0.7583479288992322
chr2_pat	77800000	78000000	0.007005616052400165	0.22382010981871733	-0.0167428556333862	1.0305637341998855
chr2_pat	78000000	78200000				
chr2_pat	78200000	78400000				
chr2_pat	78400000	78600000				
chr2_pat	78600000	78800000	0.009033452465585361	0.522073323757932	0.07917337662611534	1.0715483132927464
chr2_pat	78800000	79000000	0.006986973968234752	0.4570210648017225	0.08036819462574213	0.9728731979210603
chr2_pat	79000000	79200000	0.006790510307424239	0.3859058787425083	0.07235776135181302	0.8765064278280312
chr2_pat	79200000	79400000	0.006716904090401232	0.49913617643132374	0.08598968349154795	0.8891293301475208
chr2_pat	79400000	79600000	0.006969156863511809	0.5330746233000109	0.09525060625923448	0.821933328438469
chr2_pat	79600000	79800000	0.007094399858109891	0.49101692775274386	0.13010629498454232	0.7301031420187823
chr2_pat	79800000	80000000	0.007346272872388307	0.5042859324751335	0.12322726326784963	0.7546500167290988
chr2_pat	80000000	80200000	0.007109809384325121	0.41340944273023666	0.13645522649721198	0.7599193799269901
chr2_pat	80200000	80400000	0.004860044060987824	-0.6920708319272217	0.25473233144706353	0.42549006766813413
chr2_pat	80400000	80600000	0.006463180529941116	-0.23354982846168787	0.19954304782617532	0.511791812705774
chr2_pat	80600000	80800000	0.00721144411289443	0.4892935617277825	0.13372423325283045	0.7883466115192659
chr2_pat	80800000	81000000	0.006851478385942082	0.5545544209826175	0.11153823739707329	0.7441587132796761
chr2_pat	81000000	81200000	0.006756247802860925	0.5116491787273351	0.12989364520546312	0.8064508202176941
chr2_pat	81200000	81400000	0.0062185122991202805	0.04192014915953222	0.16700262495318907	0.6439961966316479
chr2_pat	81400000	81600000	0.006940231560085816	0.39087213976057	0.10088402875688661	0.772922154435843
chr2_pat	81600000	81800000	0.005754815206517657	-0.22231763092215862	0.109441075980545	0.5184270024839813
chr2_pat	81800000	82000000	0.005181830564761498	-0.529768866873352	0.166184690491427	0.41434427746360897
chr2_pat	82000000	82200000	0.006506570053952553	0.3822040585320435	0.11908461869956136	0.767160656617594
chr2_pat	82200000	82400000	0.006901903395026654	0.5379703441813206	0.12926154889885594	0.8142113890679736
chr2_pat	82400000	82600000	0.006968677153349446	0.3910275672164083	0.14171749286509464	0.8527914234768394
chr2_pat	82600000	82800000	0.005527065943816662	-0.7367529421994052	0.15682179669416002	0.45915359186174676
chr2_pat	82800000	83000000	0.005423420592343647	-0.7999653138904002	0.14228043024954765	0.40062008020580614
chr2_pat	83000000	83200000	0.007491846140396185	0.1962744971042606	0.10467139718856135	0.6475491800824952
chr2_pat	83200000	83400000	0.006813846357659296	0.4202800135972549	0.10342488887275351	0.7257731470942729
chr2_pat	83400000	83600000	0.007136019608184652	0.5244100342192339	0.09149450300605308	0.7595656187407592
chr2_pat	83600000	83800000	0.006348064708866864	0.5632466659002329	0.09655159872030941	0.7261454284110386
chr2_pat	83800000	84000000	0.0065706363574232025	0.5476573301943676	0.09006307220614398	0.6733472556303174
chr2_pat	84000000	84200000	0.00628705881757975	0.5729615828166289	0.08043737402937844	0.6399492579417422
chr2_pat	84200000	84400000	0.006864311900495624	0.5460742259386756	0.07591868633517825	0.6470327417634097
chr2_pat	84400000	84600000	0.00633413418280982	0.5083556794469974	0.06875433035999946	0.6294882936933881
chr2_pat	84600000	84800000	0.006318446331192056	0.37368294100810134	0.041080592179739445	0.46215081086537246
chr2_pat	84800000	85000000	0.0064753459302869625	0.32954877334445487	0.03731816443049153	0.4829150452939072
chr2_pat	85000000	85200000	0.006757772780213055	0.4562656878220475	0.08565251416861146	0.5498718199837487
chr2_pat	85200000	85400000	0.006623374125542752	0.37606199783162203	0.038095766954227006	0.5597506967511803
chr2_pat	85400000	85600000	0.006890026794636968	0.5074817946977176	0.1132774752728304	0.6070431249465861
chr2_pat	85600000	85800000	0.005700565119589632	-0.3953723426087366	0.04336322038015227	0.2619356299807036
chr2_pat	85800000	86000000	0.007533863908715034	0.1489113913154618	0.060516536303698576	0.33544950811224783
chr2_pat	86000000	86200000	0.006010616422570717	-0.3392461683979888	0.024505943628220405	0.17083876256003966
chr2_pat	86200000	86400000	0.00684967669245298	0.26626578706595116	0.06506459761185357	0.3361192063639691
chr2_pat	86400000	86600000	0.00643425686458651	-0.11401144572556576	0.06841843546756456	0.21268079617315833
chr2_pat	86600000	86800000	0.007283611972238251	0.42954935929849447	0.08668468872732778	0.4573288057328303
chr2_pat	86800000	87000000	0.007064731183608406	0.5829110184158263	0.07662032479137515	0.45277705791395684
chr2_pat	87000000	87200000	0.006920040538204636	0.5704672086342646	0.056528719135892816	0.47517259813792045
chr2_pat	87200000	87400000	0.007025286325659036	0.5730642921160631	0.039503377229281905	0.36977277987065105
chr2_pat	87400000	87600000	0.006971729407033861	0.5616543818124803	0.03758981145341731	0.44356451485887066
chr2_pat	87600000	87800000	0.006709348918843863	0.46354611021199327	0.05965132248729371	0.40455378704324163
chr2_pat	87800000	88000000	0.0050913543722073545	-0.9366391926915889	-0.0827480461027923	0.0011918036790022875
chr2_pat	88000000	88200000	0.005367248815609484	-0.7167624927789146	-0.015488702794830906	0.01687070980873875
chr2_pat	88200000	88400000	0.006288764761429248	-0.1441216368231772	0.030615034494844	0.24914105798459227
chr2_pat	88400000	88600000	0.006726773233453985	0.5406668475542248	0.07490735182575464	0.4164111414251078
chr2_pat	88600000	88800000	0.006431692114933717	0.621076738165901	0.048962061356827895	0.37723868048233244
chr2_pat	88800000	89000000	0.006528180835982837	0.5809669585085755	0.015465356816088774	0.33541770283447053
chr2_pat	89000000	89200000	0.006413600432823657	0.6296572750452945	0.039374210503886106	0.2933534654446138
chr2_pat	89200000	89400000	0.006414287187949369	0.5905777440584896	0.017046367612317155	0.3082621291768908
chr2_pat	89400000	89600000	0.006414138471645025	0.6188553954220744	0.025994262111237797	0.3177631125879333
chr2_pat	89600000	89800000	0.00650571760053878	0.6362948595960993	-0.03232894621470217	0.26659022342065586
chr2_pat	89800000	90000000	0.006497985806580926	0.5970502695249836	-0.028618800726003542	0.24427683137277037
chr2_pat	90000000	90200000	0.0063140795522014384	0.4406936898238482	-0.021989408870878205	0.20796808352157028
chr2_pat	90200000	90400000	0.006495801288523321	0.6148492855305419	-0.00749096665909171	0.1910269607193869
chr2_pat	90400000	90600000	0.006756170267390624	0.5243820914234351	0.0039109473737372015	0.20161238963073277
chr2_pat	90600000	90800000	0.005451789424828997	-0.5930319969885712	-0.135431890490766	-0.10075445248933682
chr2_pat	90800000	91000000	0.006752947784172467	0.19901095044908024	-0.04360930614553249	0.028997758956370263
chr2_pat	91000000	91200000	0.005123354933965254	-0.5736546170237505	-0.16570830117134325	-0.03812500351292003
chr2_pat	91200000	91400000	0.004980968829988905	-0.9193284437034066	-0.20975305026460503	-0.030961198063234174
chr2_pat	91400000	91600000	0.0052306844072903085	-1.115156997706157	-0.2741689152933293	-0.0763540180566961
chr2_pat	91600000	91800000	0.00652832962836111	-0.24945207731140523	-0.16833467448318748	0.05536520970028736
chr2_pat	91800000	92000000	0.006242047569896967	-0.4431645423310313	-0.17363361204188582	0.03174955380870233
chr2_pat	92000000	92200000	0.00573961573089007	-0.7411327037511438	-0.19984810854563093	0.004049971782220644
chr2_pat	92200000	92400000	0.007115106919037651	0.14366117077427593	-0.09181301278273298	0.13163817202047748
chr2_pat	92400000	92600000	0.005283711900264173	-0.9775985457124724	-0.30855426013390513	-0.05001653169803942
chr2_pat	92600000	92800000	0.007083288616253929	0.10125491686536543	-0.15449829596772532	-0.047236872917020944
chr2_pat	92800000	93000000	0.005995131998633796	-0.3864149924223809	-0.25740748052377027	-0.11738607514007995
chr2_pat	93000000	93200000	0.007106668005226436	0.15149201029807682	-0.11761338122020425	0.05827113333628797
chr2_pat	93200000	93400000	0.007296065335305887	0.471299354509364	-0.060621984001190565	0.1361782028842235
chr2_pat	93400000	93600000	0.006729097359375276	0.35830832214163627	-0.07379687800312777	0.09579467540203992
chr2_pat	93600000	93800000	0.0058414146246393355	-0.8149741199100029	-0.4289291151953651	-0.20111841474451184
chr2_pat	93800000	94000000	0.006898765553611583	-0.4884096243132293	-0.4034953451387372	-0.2436440891115961
chr2_pat	94000000	94200000	0.005462199423666973	-1.1919371360975388	-0.5801309838344817	-0.2788615344305079
chr2_pat	94200000	94400000	0.005124799778040172	-0.8612047613455815	-0.40986837518157915	-0.14658003693553126
chr2_pat	94400000	94600000	0.0066835694229193865	0.5964812756329428	-0.08988260299976669	0.1814502061819335
chr2_pat	94600000	94800000	0.006218864591762427	0.7087349476518012	-0.09678830337357221	0.10731062749909133
chr2_pat	94800000	95000000	0.006071525109991721	0.6836395790641325	-0.15037669210341326	0.02397374304480412
chr2_pat	95000000	95200000	0.006488281226465559	0.7018993821707395	-0.16234128051002925	0.01630090242332509
chr2_pat	95200000	95400000	0.0061132454935974734	0.6928742870336748	-0.16611812144743748	-0.07936357132882921
chr2_pat	95400000	95600000	0.006544324989889151	0.6951727143197761	-0.1362973768144454	-0.033990399397974685
chr2_pat	95600000	95800000	0.006298274264594099	0.4860685401554316	-0.1897113737271748	-0.11096230598829988
chr2_pat	95800000	96000000	0.005009285262027934	-0.8305048666651611	-0.571329497450803	-0.5328112132907384
chr2_pat	96000000	96200000	0.006702436716328894	0.6617647417999275	-0.10893035997865155	-0.041335536476541784
chr2_pat	96200000	96400000	0.006735125654621563	0.7214524406985358	-0.11250081255164282	0.04170544787644305
chr2_pat	96400000	96600000	0.010771605863657246	0.7079525954709905	-0.14350035687937113	-0.02801454844661607
chr2_pat	96600000	96800000	0.006571396660921267	0.7082910811628153	-0.17043417401350286	-0.06711842893071722
chr2_pat	96800000	97000000	0.006488298649060314	0.731195401706626	-0.1581079294554644	-0.047533875736310065
chr2_pat	97000000	97200000	0.006200561919236812	0.11993313447317124	-0.3388008349702991	-0.17786287511115165
chr2_pat	97200000	97400000				
chr2_pat	97400000	97600000	0.010902923675142041	0.7167352148006633	-0.2045524020582568	-0.09388665222426842
chr2_pat	97600000	97800000	0.006408592885573833	0.7549762139034979	-0.19085951663207984	-0.1339409460437222
chr2_pat	97800000	98000000	0.006245162272566043	0.7566782649980885	-0.2587105700578043	-0.15995390556288092
chr2_pat	98000000	98200000	0.0063050838353784396	0.7400441244376892	-0.18298699946705707	-0.11267577117720126
chr2_pat	98200000	98400000	0.006552091721379794	0.7202715500652007	-0.1860780192704602	-0.13238004065117598
chr2_pat	98400000	98600000	0.006800181325686418	0.7632508409259773	-0.2178324483385835	-0.14537774234530831
chr2_pat	98600000	98800000	0.006729725178551311	0.7562331002094201	-0.17210764488832503	-0.10701960808369855
chr2_pat	98800000	99000000	0.007145948657308833	0.6073629721889617	-0.155289348567006	-0.11132976389692188
chr2_pat	99000000	99200000	0.0049258449389660165	-1.2663390015380303	-0.7565748440221749	-0.4092663848053548
chr2_pat	99200000	99400000	0.00716747712210693	0.06122523710004781	-0.34555957164900925	-0.33663127687147143
chr2_pat	99400000	99600000	0.004598157696228139	-1.4165550912390192	-0.8579069493214155	-0.39150698277182605
chr2_pat	99600000	99800000	0.004848585414489596	-1.443130907576168	-0.9572737129078642	-0.4082866259211602
chr2_pat	99800000	100000000	0.0065514334144713806	-0.06977920355336666	-0.3916021816837438	-0.22030168829347682
chr2_pat	100000000	100200000	0.0068608436545539225	0.6147985449019817	-0.21106133772044977	-0.1421181124634612
chr2_pat	100200000	100400000	0.007506456698413995	0.6588678787255586	-0.13094318681685146	-0.06848184373264818
chr2_pat	100400000	100600000	0.006143216786043845	-0.2477181337025003	-0.40580215594600444	-0.29972531224450083
chr2_pat	100600000	100800000	0.006696087547831777	-0.2383223303585161	-0.508637624853407	-0.26244521584314257
chr2_pat	100800000	101000000	0.005170079201303622	-1.1817601341252393	-0.8920074360611948	-0.32770552950503756
chr2_pat	101000000	101200000	0.004792531223245967	-1.7968970739114567	-1.2163465457261002	-0.3041375574986311
chr2_pat	101200000	101400000	0.00553553762239416	-1.0373236891855342	-0.7731164761446939	-0.31197945453751436
chr2_pat	101400000	101600000	0.0069259724870973085	0.2850295589616815	-0.311824936929218	-0.1728618054796796
chr2_pat	101600000	101800000	0.007067567711643158	0.6572876416815475	-0.26709965290989435	-0.15538792885540695
chr2_pat	101800000	102000000	0.007171959584808514	0.6397309026182755	-0.26031863963253155	-0.17642229976153534
chr2_pat	102000000	102200000	0.006892930188133601	0.7386282781498258	-0.3609452705771971	-0.2580455334596515
chr2_pat	102200000	102400000	0.00692663546187636	0.7777398415818922	-0.28953833775152144	-0.19756361944047587
chr2_pat	102400000	102600000	0.007100480032142725	0.6563114148912428	-0.3034798936078917	-0.25085267893883567
chr2_pat	102600000	102800000	0.006985682525299938	0.3522177418086064	-0.37305093264241035	-0.3451046495044168
chr2_pat	102800000	103000000	0.00700634579817002	0.71662418354171	-0.2677788054222066	-0.2260812744456386
chr2_pat	103000000	103200000	0.0070213680851581185	0.5800956490307962	-0.28080303354185243	-0.3147634384977031
chr2_pat	103200000	103400000	0.005675500806738249	-0.8778268694279108	-0.9189424211584166	-0.557066905763447
chr2_pat	103400000	103600000	0.004862974091071873	-1.5866930195842068	-1.1060596905781765	-0.4023607966806213
chr2_pat	103600000	103800000	0.005233201692913443	-0.8558038540215775	-0.6750403852122123	-0.3701363210481892
chr2_pat	103800000	104000000	0.0066584881477533674	0.7170704853314976	-0.25001951387677357	-0.2775227777917804
chr2_pat	104000000	104200000	0.0069309849026917515	0.7082592183699981	-0.3062239209887112	-0.2711595660439549
chr2_pat	104200000	104400000	0.007277497202612956	0.23293501296888344	-0.29510603290778376	-0.27024497991654584
chr2_pat	104400000	104600000	0.006568739890961927	-0.3594353074727609	-0.5293610768794496	-0.3453781626027947
chr2_pat	104600000	104800000	0.00478244729280834	-1.5113280688525441	-1.0218569879961323	-0.29532307572007155
chr2_pat	104800000	105000000	0.00496801142017386	-1.3490223689331582	-0.9603650362963212	-0.23306705111359732
chr2_pat	105000000	105200000	0.007143780440598128	-0.6271328367643438	-0.770438535254568	-0.30098252733833664
chr2_pat	105200000	105400000	0.006688093696458861	-0.6996409281441669	-0.7012269326354231	-0.16167409651939682
chr2_pat	105400000	105600000	0.004324974338312419	-1.6862699365335032	-1.1972838518992683	-0.13930962454127463
chr2_pat	105600000	105800000	0.007307749275465772	-0.3494538031124593	-0.5560070543191246	-0.2375868424651352
chr2_pat	105800000	106000000	0.004535777962521438	-1.5972547386473304	-1.1244934990906013	-0.21154442247431784
chr2_pat	106000000	106200000	0.007567263721192615	0.23007737118409413	-0.43473576236321726	-0.23202033135386246
chr2_pat	106200000	106400000	0.007306320213580805	0.029331732316420674	-0.42211141774105737	-0.31394896471557826
chr2_pat	106400000	106600000	0.0073206514074649655	0.09744705845213672	-0.5551487391791952	-0.39431338257711945
chr2_pat	106600000	106800000	0.0065059953875135365	-0.52816909629561	-0.7945077698175613	-0.4999375771234215
chr2_pat	106800000	107000000	0.0072599767695462935	0.6588065771670188	-0.3154978976589763	-0.22267854431578404
chr2_pat	107000000	107200000	0.007009561675791157	0.8299999696480634	-0.399066940650306	-0.31395767443847894
chr2_pat	107200000	107400000	0.00705650621455775	0.7987422709673194	-0.34257248290335846	-0.2360497332227395
chr2_pat	107400000	107600000	0.006822531859066854	0.8160282988011344	-0.3896033385875994	-0.35620150580221377
chr2_pat	107600000	107800000	0.006265935185089251	0.8327795742821601	-0.38521741663296527	-0.4010036071215515
chr2_pat	107800000	108000000	0.00622901854778118	0.8130920522087458	-0.3652928547242534	-0.3183195253156306
chr2_pat	108000000	108200000	0.0064033161102362846	0.8504738356216006	-0.33165297353195017	-0.3109517857734637
chr2_pat	108200000	108400000	0.006717578181714849	0.7990732388984086	-0.31671894894536184	-0.3267704064618384
chr2_pat	108400000	108600000	0.007053175814879577	0.45520961781611446	-0.3247513601894489	-0.2543860314495469
chr2_pat	108600000	108800000	0.004690419153746297	-1.6211223818315714	-1.3419095622218218	-0.5769133068888793
chr2_pat	108800000	109000000	0.006068445889348407	-0.8177301104766092	-0.9696795651824492	-0.546183930830545
chr2_pat	109000000	109200000	0.007126495178445648	0.5028530852845842	-0.31102009742701775	-0.26580022175566326
chr2_pat	109200000	109400000	0.0064596882703204265	0.616601439677976	-0.3824630278792725	-0.4314185228625798
chr2_pat	109400000	109600000	0.0065303925601513805	0.6074636747680062	-0.40646681568012805	-0.4025402601680705
chr2_pat	109600000	109800000	0.006960530396493926	0.6124151906585921	-0.39309747692330077	-0.3742163346954646
chr2_pat	109800000	110000000	0.006768629503591204	0.20028421813343972	-0.5693648887602847	-0.5043526746895688
chr2_pat	110000000	110200000	0.006246098295920427	-0.8347078819840893	-1.0359084124993396	-0.6275321864261596
chr2_pat	110200000	110400000	0.006750814422959894	-0.46790252428603735	-0.9620583985598494	-0.6991718002937124
chr2_pat	110400000	110600000	0.00499105400143365	-1.3111472863701528	-1.1541216566545318	-0.58563521942149
chr2_pat	110600000	110800000	0.007061642198698602	0.48967784207312776	-0.41861454515049973	-0.3808284564494649
chr2_pat	110800000	111000000	0.0071264516949275	0.7757234578190532	-0.3488022858826048	-0.33278845916403016
chr2_pat	111000000	111200000	0.006312105470627753	0.8581151758045911	-0.33424828575237436	-0.3691590383369012
chr2_pat	111200000	111400000	0.006510691997693135	0.8414880883684352	-0.408773987703645	-0.498464054536784
chr2_pat	111400000	111600000	0.006313768619475492	0.8656709545283664	-0.3938912398288748	-0.5336712345826019
chr2_pat	111600000	111800000	0.006058665234380547	0.744485744163002	-0.3151771378457601	-0.4319690052757921
chr2_pat	111800000	112000000	0.005389989866800908	-0.6156356527687115	-0.959039793513197	-0.5537125741416945
chr2_pat	112000000	112200000	0.006099861159542492	-0.04638676997242129	-0.7201400212080965	-0.571701366471147
chr2_pat	112200000	112400000	0.006099365278774766	0.2823789729206597	-0.518141828482526	-0.5351882006427506
chr2_pat	112400000	112600000	0.005182920994194059	-0.9348861412891671	-1.0368214800569497	-0.576772252269458
chr2_pat	112600000	112800000	0.005594098373019498	-0.7664809330622938	-0.8732480734194673	-0.5705311157088709
chr2_pat	112800000	113000000	0.005362097057350141	-0.7526483958861768	-0.9781339654429019	-0.5880442720216027
chr2_pat	113000000	113200000	0.0064147271404642854	0.6689798528526073	-0.40199278309664666	-0.45619251321546994
chr2_pat	113200000	113400000	0.007041937800453948	0.5821469401840714	-0.36698431230070855	-0.3886117149386453
chr2_pat	113400000	113600000	0.006012541451221046	-0.525884460702969	-0.7022084787306	-0.40757136114035697
chr2_pat	113600000	113800000	0.004803327069814273	-1.7612841354729984	-1.3445302136709238	-0.33746063862915965
chr2_pat	113800000	114000000	0.007099188571440184	-0.03951479258906691	-0.6865870787433336	-0.46480373571746053
chr2_pat	114000000	114200000	0.006398960868110512	-0.5569743548842249	-0.7929357199733302	-0.4766733362675854
chr2_pat	114200000	114400000	0.007021288455313041	0.17733604975612036	-0.5129794571509082	-0.550467206256723
chr2_pat	114400000	114600000	0.0054686854156550425	-0.9169703833181184	-0.9730248984374719	-0.6202434732003633
chr2_pat	114600000	114800000	0.006272639652333238	0.500020308493016	-0.39244230031828087	-0.4725463057849162
chr2_pat	114800000	115000000	0.00655233244539475	0.7673167580900145	-0.36781071797727655	-0.4946590259518913
chr2_pat	115000000	115200000	0.00615625097049649	0.6873763174016134	-0.32095375459828684	-0.45447471983855636
chr2_pat	115200000	115400000	0.005263429325532898	-0.868743816108014	-0.9557898312032943	-0.580294233831363
chr2_pat	115400000	115600000	0.006825894107795335	0.3740303319787314	-0.4086345197445494	-0.42459406583253356
chr2_pat	115600000	115800000	0.0066910891988276435	0.5290833749618229	-0.35571076634758586	-0.37127892442104243
chr2_pat	115800000	116000000	0.006425013594120827	0.05937112739529119	-0.5898998299124131	-0.5570038160965378
chr2_pat	116000000	116200000	0.0069101922185610285	0.3220290047475967	-0.5858307227385772	-0.5976264100316363
chr2_pat	116200000	116400000	0.004227524477121018	-1.731515649487976	-1.3690054827974627	-0.36303032166703997
chr2_pat	116400000	116600000	0.006500235323266359	0.5668728950413843	-0.3677895578872784	-0.4070050902671217
chr2_pat	116600000	116800000	0.006837639729076748	0.7712915316962905	-0.3274383617943821	-0.40239294229059297
chr2_pat	116800000	117000000	0.006762287266005352	0.6789584568722328	-0.3481873641071589	-0.395498799945448
chr2_pat	117000000	117200000	0.006854732149270761	0.5745910035568949	-0.3290515104630252	-0.3733146839800767
chr2_pat	117200000	117400000	0.005148906011715502	-1.2186179259314887	-1.0221026057673062	-0.416048738320093
chr2_pat	117400000	117600000	0.006229290738972451	-0.7447234901395625	-0.8964306188086899	-0.5059198666199313
chr2_pat	117600000	117800000	0.005078507754515279	-1.5901055234646917	-1.4650312555088074	-0.557570826122879
chr2_pat	117800000	118000000	0.005006877576931294	-1.4706040257220248	-1.380288515296328	-0.56925547288248
chr2_pat	118000000	118200000	0.0067915288058507765	0.2658868292759225	-0.5531917938216014	-0.5692841262876162
chr2_pat	118200000	118400000	0.006483159656273405	0.7114984169578489	-0.24605579829172444	-0.3497516595592508
chr2_pat	118400000	118600000	0.006792707984731604	0.7823961695443444	-0.28201941547861314	-0.422256714318262
chr2_pat	118600000	118800000	0.006564501646078086	0.7213102684648376	-0.2757843236138508	-0.31894442686159324
chr2_pat	118800000	119000000	0.006787700946500008	0.40646026988435724	-0.33667917841912454	-0.362900213734406
chr2_pat	119000000	119200000	0.005950542026670252	-0.8367730995391375	-0.9467502962906283	-0.6216220325173137
chr2_pat	119200000	119400000	0.005586339130730626	-0.755222059156634	-0.8712241032152593	-0.460439748350096
chr2_pat	119400000	119600000	0.00703558101237879	0.7094074381834392	-0.250368549820673	-0.3731916153007624
chr2_pat	119600000	119800000	0.00654861037112295	0.7063280609770012	-0.30194860990696754	-0.4446108902197201
chr2_pat	119800000	120000000	0.006561167711778751	0.6799348849385063	-0.22758439825914364	-0.3825732343351398
chr2_pat	120000000	120200000	0.00609033315473712	-0.15605757729591652	-0.5525621725264599	-0.5200656691123916
chr2_pat	120200000	120400000	0.005431664470848895	-0.9511346016903038	-0.9787904800355673	-0.5845772865595872
chr2_pat	120400000	120600000	0.004979189282997372	-1.6797291431958044	-1.4948146555712376	-0.5876099609623187
chr2_pat	120600000	120800000	0.005314177816771683	-1.4814615272710392	-1.3619221635767866	-0.5286223626434339
chr2_pat	120800000	121000000	0.00599239912784955	0.05551214086204825	-0.5761449716966818	-0.5422478755688537
chr2_pat	121000000	121200000	0.0062142778670074604	0.6339017675031272	-0.2964504187526964	-0.43108100741588584
chr2_pat	121200000	121400000	0.006174267677164889	0.6959612809319243	-0.2427348305276187	-0.48808096213743796
chr2_pat	121400000	121600000	0.00591176909019209	0.7923198250791952	-0.2520007879974675	-0.5047494085690916
chr2_pat	121600000	121800000	0.005932375224642209	0.7260031876451379	-0.2681427822414664	-0.5026634628800803
chr2_pat	121800000	122000000	0.006041055519317058	0.2445675886825103	-0.46667871002853006	-0.5859878583289114
chr2_pat	122000000	122200000	0.006078760990143774	0.4112323950435851	-0.33956105759859395	-0.5381900697928739
chr2_pat	122200000	122400000	0.0057930383562616395	0.7496521239381454	-0.2665222640134844	-0.5174513790147741
chr2_pat	122400000	122600000	0.006318214975071413	0.5851183596609528	-0.34622902305989767	-0.5207811497607124
chr2_pat	122600000	122800000	0.005550381526626486	-0.3658020701187708	-0.7299910825016476	-0.6531464103404062
chr2_pat	122800000	123000000	0.006209654233671848	0.4328059422282353	-0.37783823978856995	-0.4688014317589268
chr2_pat	123000000	123200000	0.006585062099549667	-0.3022612604068465	-0.5306068865311973	-0.4362190435783078
chr2_pat	123200000	123400000	0.006480614963992039	-0.1680632422039325	-0.4729015596736097	-0.4628104360327807
chr2_pat	123400000	123600000	0.006473106755661499	0.24468555915679976	-0.3532212747938993	-0.4266274792355736
chr2_pat	123600000	123800000	0.0064534112613663696	-0.18310629995980693	-0.5462626879334107	-0.5689538235672449
chr2_pat	123800000	124000000	0.005410249564105578	-0.5236436840380156	-0.7466552590310386	-0.6611250123270446
chr2_pat	124000000	124200000	0.00573657537891655	0.7260841470868025	-0.22550464199441156	-0.4922026103199504
chr2_pat	124200000	124400000	0.005866458350564512	0.7687914595371699	-0.22204528587164843	-0.5483818225077521
chr2_pat	124400000	124600000	0.005924032751957989	0.7028122412057551	-0.2098232799421883	-0.49486435107823534
chr2_pat	124600000	124800000	0.006030981042078378	0.6572267644457753	-0.180653254970689	-0.45001219065391257
chr2_pat	124800000	125000000	0.006236976383018612	0.434271179592774	-0.30645693029648563	-0.5106058622955507
chr2_pat	125000000	125200000	0.005648690455645886	-0.8832931448632557	-0.8725228736530366	-0.535790662677719
chr2_pat	125200000	125400000	0.00455209323741043	-1.7672586168541056	-1.336809947211353	-0.3543894598932556
chr2_pat	125400000	125600000	0.004447803966679932	-1.7839708703620494	-1.377063406904481	-0.3875284922844709
chr2_pat	125600000	125800000	0.005740722123647173	0.02550167603076907	-0.4810075412116277	-0.6241159242059123
chr2_pat	125800000	126000000	0.005820914953249878	0.6258039077462688	-0.22869130697480497	-0.47455198029099893
chr2_pat	126000000	126200000	0.005868007532225705	0.7231295857564614	-0.15899150631960643	-0.46309497160715396
chr2_pat	126200000	126400000	0.005958401393582591	0.7191138017313495	-0.19007708618141564	-0.5168799316607988
chr2_pat	126400000	126600000	0.006080650933748332	0.5827429386615737	-0.19513286376072692	-0.4697138047052422
chr2_pat	126600000	126800000	0.0052908905114017295	-0.5995429420719459	-0.5685509791571888	-0.4874035312029361
chr2_pat	126800000	127000000	0.0065414246653913025	0.45348441161401054	-0.2023295301457296	-0.41277126394025804
chr2_pat	127000000	127200000	0.005921162846977799	0.21578130205923837	-0.3207988971684557	-0.5368709345078255
chr2_pat	127200000	127400000	0.006042668471391227	0.5869001171454653	-0.20459686395347274	-0.46544779564877814
chr2_pat	127400000	127600000	0.00590584370993804	0.1691933011853685	-0.35688412986845985	-0.4165412196688411
chr2_pat	127600000	127800000	0.006467258650237225	0.649555579942235	-0.16383920575670377	-0.4572003122603669
chr2_pat	127800000	128000000	0.006671326500706968	0.37033893512976435	-0.22461502032442238	-0.40638808302459306
chr2_pat	128000000	128200000	0.006360380330927687	-0.009611957746281066	-0.3356214064102761	-0.35983836981501033
chr2_pat	128200000	128400000	0.005597321182884742	-0.7184515553405404	-0.6124395264892859	-0.3524501961826677
chr2_pat	128400000	128600000	0.004682518104094846	-1.4708483379729491	-0.9919883259574294	-0.19274994927930775
chr2_pat	128600000	128800000	0.005154129064406039	-1.236169365007281	-0.8203443418510168	-0.23151494809591128
chr2_pat	128800000	129000000	0.005373867871359788	-1.0415714608119286	-0.7081843059419072	-0.17459986036717362
chr2_pat	129000000	129200000	0.006864871138133997	0.13047146790324102	-0.25464763795812845	-0.34599698934246287
chr2_pat	129200000	129400000	0.005412673927744015	-0.7462548899982328	-0.42229959880411155	-0.2105706497406176
chr2_pat	129400000	129600000	0.006479656393813219	0.54953871161951	-0.1322504549372925	-0.3982315213231317
chr2_pat	129600000	129800000	0.005699591070189705	-0.4818823150219423	-0.3862647612472745	-0.330394834717482
chr2_pat	129800000	130000000	0.005782198238202983	-0.6471366375363153	-0.3600303757974128	-0.2990963521970936
chr2_pat	130000000	130200000	0.005649253081934122	-0.5360371611077465	-0.4309285166892554	-0.1962105513734802
chr2_pat	130200000	130400000	0.004934420008983423	-1.3719770747895925	-0.8477883565691448	-0.1444773889929143
chr2_pat	130400000	130600000	0.005701589762054653	-1.351138245831544	-0.8635703160677514	-0.16245700440438343
chr2_pat	130600000	130800000	0.0055248733013080545	-0.9021707477577269	-0.6341234813709934	-0.23669640667696198
chr2_pat	130800000	131000000	0.00578216064382915	-0.5666864339802633	-0.4169339662894923	-0.24843388534608424
chr2_pat	131000000	131200000	0.004853048744489664	-1.5815910250086798	-0.8080935348120521	0.06986780725650467
chr2_pat	131200000	131400000	0.0058487712508143086	-0.7821246192766459	-0.43669125928009694	-0.08502476114011812
chr2_pat	131400000	131600000	0.007434084230304912	0.24038696493759745	-0.16693270744179523	-0.317906763529799
chr2_pat	131600000	131800000	0.004682377457318598	-1.3953108870482915	-0.6870335640479801	-0.1319375750598812
chr2_pat	131800000	132000000	0.004574693041742814	-1.48641919982713	-0.804308938677213	-0.22212207659177896
chr2_pat	132000000	132200000	0.0056315976729389245	-0.15436437247817142	-0.29372848739008367	-0.3836836748824801
chr2_pat	132200000	132400000	0.0059421389467448895	0.7068149880183329	-0.04705779229821305	-0.5164384582241064
chr2_pat	132400000	132600000	0.006149956795475322	0.17726772754115885	-0.1220191121035661	-0.43986009081292843
chr2_pat	132600000	132800000	0.005446325668152889	-0.16225683643528993	-0.21345296789256993	-0.4515857203688134
chr2_pat	132800000	133000000	0.005745483859968654	0.5922469965399706	-0.1003148994419711	-0.4841754735098143
chr2_pat	133000000	133200000	0.005894779826396245	0.4601278727728361	-0.0981469966849004	-0.4762008538882749
chr2_pat	133200000	133400000	0.005702626540034174	0.42372768673479494	-0.09569923067796898	-0.46785871097211595
chr2_pat	133400000	133600000	0.004792629246955906	-1.1479202592079851	-0.6632220346033066	-0.489538575083645
chr2_pat	133600000	133800000	0.005925171239554033	0.010282940813532232	-0.2797655038949543	-0.5788045764006571
chr2_pat	133800000	134000000	0.005964094043719038	0.5832864497528095	-0.05865408084624846	-0.4137332775953636
chr2_pat	134000000	134200000	0.005102626754163698	-0.2530916918364786	-0.2216236120499305	-0.4396366404822716
chr2_pat	134200000	134400000	0.005875048339514795	-0.20498230848730212	-0.24363509833391636	-0.5537506138463134
chr2_pat	134400000	134600000	0.005146686604746627	-0.6724406671978344	-0.2511952913337054	-0.4306890364176407
chr2_pat	134600000	134800000	0.005820217120577313	0.5715917514748529	0.01842118461265665	-0.4146658992688024
chr2_pat	134800000	135000000	0.0056700727542790055	0.6980663101411084	-0.04314739439312172	-0.5101810063275409
chr2_pat	135000000	135200000	0.005766737228472932	0.6789266786094535	-0.014316750671206243	-0.5372059694629517
chr2_pat	135200000	135400000	0.005290728614353875	0.6798571998864708	-0.037482586110582014	-0.5592520829060293
chr2_pat	135400000	135600000	0.005453616223953936	0.6471370845625938	-0.03631423296456186	-0.5176881504902632
chr2_pat	135600000	135800000	0.005546929794145083	0.6495316675815903	-0.05282353674995409	-0.5758757360494379
chr2_pat	135800000	136000000	0.005599023367043226	0.6521087998598462	-0.03546614791143248	-0.5745636532919164
chr2_pat	136000000	136200000	0.005638099675739971	0.6611007838475577	-0.007522829649065311	-0.5821536564470537
chr2_pat	136200000	136400000	0.005521882175704768	0.6501569817604402	-0.005587892193673323	-0.530274015210424
chr2_pat	136400000	136600000	0.005509728852052417	0.6017177018411828	-0.06282938878727432	-0.544499223033757
chr2_pat	136600000	136800000	0.005367971381225169	0.1717547792612527	-0.2934100041839413	-0.6984741347972472
chr2_pat	136800000	137000000	0.005861052469748577	0.3607417826627526	-0.10504747679918962	-0.5495325279768636
chr2_pat	137000000	137200000	0.005991128892613346	0.45959287322579484	-0.028297511264897025	-0.46589539923469825
chr2_pat	137200000	137400000	0.005919433482272809	-0.16522940791863325	-0.11794179220684659	-0.43495106935626776
chr2_pat	137400000	137600000	0.004226840371937083	-1.581554736721545	-0.42098749432146265	-0.2595686145256169
chr2_pat	137600000	137800000	0.006104582083782552	0.2644008371661518	0.042911929454470955	-0.3931365041664342
chr2_pat	137800000	138000000	0.006211648076542489	0.22590522477633124	0.09066863467235814	-0.3955025223958078
chr2_pat	138000000	138200000	0.00624742232554722	0.2675109391512841	0.13161338560645472	-0.4239858257871967
chr2_pat	138200000	138400000	0.006625060578854147	0.6282440409173186	0.11809068131103628	-0.4006500277684588
chr2_pat	138400000	138600000	0.006297540905081269	0.47926531870657263	0.11961872762029613	-0.4290367881093274
chr2_pat	138600000	138800000	0.004737033034619909	-1.188165867459562	-0.15045577246389624	-0.3326217532141265
chr2_pat	138800000	139000000	0.0056222312635472406	-0.5553916667408088	-0.026191284522002735	-0.43448350015422593
chr2_pat	139000000	139200000	0.006135664104245741	0.357440866063414	0.08302748003549086	-0.4587871225946454
chr2_pat	139200000	139400000	0.006194131005517967	0.5168252786922817	0.14677007845101545	-0.4296535930381317
chr2_pat	139400000	139600000	0.0062845163232572235	0.608567387733168	0.1435456690977203	-0.3839271696535192
chr2_pat	139600000	139800000	0.0064461752746124345	0.4060555970528932	0.0795598970022246	-0.3127453279862926
chr2_pat	139800000	140000000	0.005300424114063494	-1.0705286899251638	-0.11763181758664631	-0.136063887770436
chr2_pat	140000000	140200000	0.004245101785921464	-1.580420517268692	-0.2657022073944176	-0.06608827296063173
chr2_pat	140200000	140400000	0.006175799208551233	-0.35327685803508957	-0.08700481857631746	-0.24626121737762743
chr2_pat	140400000	140600000	0.0052290668956882025	-1.170601741345039	-0.22170709856679627	-0.17309054747213795
chr2_pat	140600000	140800000	0.0048413614795839235	-1.142054759182445	-0.15016146506655154	-0.23305428138921536
chr2_pat	140800000	141000000	0.006246329944865982	-0.1450496326664307	0.11425984688003736	-0.30607219242629463
chr2_pat	141000000	141200000	0.0059841017571516265	0.6180823507007565	0.1755501944511514	-0.4158808569042214
chr2_pat	141200000	141400000	0.006075764893720149	0.6105931483654983	0.2073226656971489	-0.4694157072958642
chr2_pat	141400000	141600000	0.0059681983889513035	0.5908529011707273	0.21388241502835525	-0.43912684537749325
chr2_pat	141600000	141800000	0.0057097829694085205	-0.28205929337621294	0.10654607095553445	-0.3334906344633774
chr2_pat	141800000	142000000	0.00542846243610859	-0.7863171752046009	0.07165744640637836	-0.38691781872321723
chr2_pat	142000000	142200000	0.005775699693002356	0.1638420994299323	0.1463483811965483	-0.3792692875182465
chr2_pat	142200000	142400000	0.005652590245126787	0.22521630767222045	0.19070600523292397	-0.3801345286443989
chr2_pat	142400000	142600000	0.005039129359521739	-1.0602601992394074	-0.027727549760936544	-0.2860717746306366
chr2_pat	142600000	142800000	0.005004055415167167	-0.9973355790886648	-0.045325900109501396	-0.3362437508896788
chr2_pat	142800000	143000000	0.005871674657152622	0.3359037871477035	0.15799597552225855	-0.4135652894531538
chr2_pat	143000000	143200000	0.005917441536629781	0.628846342859889	0.23586254545694846	-0.4428211233766705
chr2_pat	143200000	143400000	0.005423958144935079	-0.4582672755767234	0.3010660492784487	-0.3071574326714781
chr2_pat	143400000	143600000	0.005893784773516986	0.442972114177463	0.2413976310760267	-0.4447850038900764
chr2_pat	143600000	143800000	0.0050204601856660095	-1.0331168293737738	0.18438494595772542	-0.26613072630068324
chr2_pat	143800000	144000000	0.005822422710707245	-0.2804980179675428	0.1934623115518926	-0.4125893907604601
chr2_pat	144000000	144200000	0.005584047915126565	-0.5511138215897834	0.19387566138035067	-0.3328476720058017
chr2_pat	144200000	144400000	0.005940888923635733	0.2090327452224774	0.23468288810755888	-0.41375049833222904
chr2_pat	144400000	144600000	0.006358204610913733	0.1509683350874977	0.21913677472477283	-0.4445496585372949
chr2_pat	144600000	144800000	0.00432747450602275	-1.2774585660480051	0.14268858306836238	-0.24663856581512764
chr2_pat	144800000	145000000	0.005923996985938759	0.4626840358615789	0.2416087689159836	-0.46867343997731575
chr2_pat	145000000	145200000	0.005588598173865423	0.07766730748760024	0.2184427689789721	-0.5204427641133915
chr2_pat	145200000	145400000	0.005496476076919101	0.6948545678327233	0.27918559507138385	-0.6114552980949395
chr2_pat	145400000	145600000	0.005540037171173364	0.7121768261570786	0.26594674177378164	-0.5854802750016571
chr2_pat	145600000	145800000	0.005515930549728897	0.6655264665559544	0.28198758679854186	-0.5801585323275189
chr2_pat	145800000	146000000	0.005366774917427638	0.6003843564561562	0.2525956623648087	-0.6014086040323885
chr2_pat	146000000	146200000	0.005313909765685218	0.3427313896521645	0.1857955684290046	-0.6084844715556785
chr2_pat	146200000	146400000	0.0057676822704011204	0.5776054944223534	0.2737579943044395	-0.4741249638829242
chr2_pat	146400000	146600000	0.006027964252879674	0.6624469718755333	0.33111989517396895	-0.5230839419271697
chr2_pat	146600000	146800000	0.006099325526053411	0.6985410015390796	0.35314489396991255	-0.5492515146883478
chr2_pat	146800000	147000000	0.006133673950261854	0.5709548579334115	0.32731646976120193	-0.46211408949554034
chr2_pat	147000000	147200000	0.006217801975121833	0.06073002532146319	0.30130575256238107	-0.3921597196703575
chr2_pat	147200000	147400000	0.006411216743405344	-0.5585490677059204	0.32209146280413015	-0.3349914721216488
chr2_pat	147400000	147600000	0.0042019699436426205	-1.6652844621063192	0.23905819770821526	-0.06447431225651888
chr2_pat	147600000	147800000	0.0060701558787807355	-0.04912542646044074	0.28641941761250306	-0.35346228334395285
chr2_pat	147800000	148000000	0.004698357450823857	-1.3639390073424182	0.38108571061725954	-0.22254147467537191
chr2_pat	148000000	148200000	0.006009006840507075	-0.24522797050073816	0.45776805873496323	-0.4222062949173773
chr2_pat	148200000	148400000	0.005998096849783027	0.6961150548717266	0.4136802965051558	-0.6029532082904504
chr2_pat	148400000	148600000	0.0057937312200740465	0.8108022144679768	0.4405353871420158	-0.6510353457481488
chr2_pat	148600000	148800000	0.0054990344257375605	0.8096402708258614	0.46069659761122805	-0.6783305569137943
chr2_pat	148800000	149000000	0.0057463906916518405	0.7246584587624765	0.4847513428294529	-0.6869012922093375
chr2_pat	149000000	149200000	0.005965624925315753	0.56713673632062	0.512395930084081	-0.5897387873167463
chr2_pat	149200000	149400000	0.006060679517541787	0.6142375313060323	0.5414653156905271	-0.6233804379462248
chr2_pat	149400000	149600000	0.006112769802839779	0.7057037761990241	0.5713176916592552	-0.6038737461871243
chr2_pat	149600000	149800000	0.006109798087891593	0.776654732500729	0.5871660779982043	-0.6636430048571907
chr2_pat	149800000	150000000	0.00578740202869027	0.7423804401981716	0.5511055650698778	-0.6472083987703062
chr2_pat	150000000	150200000	0.005669295793531792	0.4606102357404688	0.5771063444540369	-0.5870656797140055
chr2_pat	150200000	150400000	0.00495474044369913	0.3447909587535593	0.5763565222043314	-0.4846954116812601
chr2_pat	150400000	150600000	0.004490599567649177	-1.0922902583204606	0.7031448081159883	-0.2594497642447947
chr2_pat	150600000	150800000	0.006629467067055466	-0.49684719187891474	0.6645505609089889	-0.4064938112974719
chr2_pat	150800000	151000000	0.00528745672353008	-0.5582798611328403	0.559472232422954	-0.1202656215251753
chr2_pat	151000000	151200000	0.0069149320845618215	-0.6077395115388674	0.38557990323787533	0.1607084554943433
chr2_pat	151200000	151400000	0.010289677717457316	-0.8949035396111692	0.36945719506696334	0.1723152802763946
chr2_pat	151400000	151600000	0.012766956544375974	-0.8604347002149453	0.5319662540200538	0.07651993553440731
chr2_pat	151600000	151800000	0.005911380747143359	-0.4441393064503011	0.41070914703527034	0.1381556692187044
chr2_pat	151800000	152000000	0.00802716362802502	-1.206584922242667	0.3149193371040731	0.28567260765924246
chr2_pat	152000000	152200000	0.007989549813952581	-1.5890355336668498	0.28326922513838837	0.21950897749651188
chr2_pat	152200000	152400000	0.004013962283739652	-1.6380090563032665	0.3178359395069028	0.2596993269617754
chr2_pat	152400000	152562993				
chr3_pat	0	200000				
chr3_pat	200000	400000	0.0047072960801393315	-1.6623855996343482	-0.12238978270669325	-0.49907604483766443
chr3_pat	400000	600000	0.008473870255447243	-1.3017817372715519	-0.3228134186523617	-0.7003098561848263
chr3_pat	600000	800000	0.005980830827516777	-1.6378543395622196	-0.1024343823242959	-0.5041412692255365
chr3_pat	800000	1000000	0.005637168193337888	-1.2351598279244116	-0.3742086042165282	-0.7737753041213123
chr3_pat	1000000	1200000	0.004701599179596063	0.29055518076039666	-0.6034540018909017	-0.477828307045971
chr3_pat	1200000	1400000	0.006889410432416177	-0.3574601186882554	-0.3979211232741986	-0.7046187643340245
chr3_pat	1400000	1600000	0.006538474163436543	0.17335780522393876	-0.35316953750685764	-0.527344525983633
chr3_pat	1600000	1800000	0.005114636506850873	0.3925495388587141	-0.6229249594771084	-0.5031612327809686
chr3_pat	1800000	2000000	0.008491511340336521	-0.124504752645626	-0.33514822631656593	-0.6444410882743368
chr3_pat	2000000	2200000	0.006335872079264203	-0.6605494562332319	-0.49927704997383887	-0.7856617942689913
chr3_pat	2200000	2400000	0.006086271804028576	-0.7478259296866173	-0.5139500071273195	-0.6408725219997398
chr3_pat	2400000	2600000	0.004941233206895008	-0.9056959108565179	-0.6124124511104596	-0.6584286111048399
chr3_pat	2600000	2800000	0.005357101088648869	-0.831451617594986	-0.635325737895207	-0.7575150498046785
chr3_pat	2800000	3000000	0.005419086691439035	0.1869819564716274	-0.8177570281862659	-0.5337605006452892
chr3_pat	3000000	3200000	0.005785809161588601	0.16203568851068498	-0.7280079650252351	-0.465717105554594
chr3_pat	3200000	3400000	0.005729364239747324	-0.19710255390143383	-0.669682159386942	-0.5126324426537617
chr3_pat	3400000	3600000	0.004686740202153978	-1.3042858506251125	-0.5000615422182598	-0.569500134794744
chr3_pat	3600000	3800000	0.005565277212226223	-0.8818054757402486	-0.5691590607816582	-0.5346208071750673
chr3_pat	3800000	4000000	0.007565573935768979	-0.4821105504699416	-0.5734028281882281	-0.42071184373498394
chr3_pat	4000000	4200000	0.005129652692851871	-0.4895406409950448	-0.6333558926916067	-0.5045103083749095
chr3_pat	4200000	4400000	0.005725742811600786	0.8019169309407795	-0.63502629195233	-0.41305062113380914
chr3_pat	4400000	4600000	0.005542493800917015	0.8699394182846008	-0.6457582981292389	-0.4072920900343267
chr3_pat	4600000	4800000	0.005960229477098282	0.9401710152104334	-0.6562443103897244	-0.4074134531572393
chr3_pat	4800000	5000000	0.005879712805913914	0.9287655565895006	-0.6181479722171321	-0.3971303452767494
chr3_pat	5000000	5200000	0.005889301968582286	0.46327331795929494	-0.5506273158073277	-0.375424803300291
chr3_pat	5200000	5400000	0.0038700401184919493	-1.4101378278888934	-0.5225842991935111	-0.5004513550652695
chr3_pat	5400000	5600000	0.005887234676463805	0.2218518084043227	-0.47022258227864583	-0.3129584515877058
chr3_pat	5600000	5800000	0.005907585956159927	-0.23813893380327786	-0.5631746636046059	-0.27226082123518724
chr3_pat	5800000	6000000	0.0051277419739709585	-0.5221431250854197	-0.5281980877487596	-0.26659725944011936
chr3_pat	6000000	6200000	0.005703001090624658	0.04093371830336179	-0.5427362187642244	-0.32757498906962235
chr3_pat	6200000	6400000	0.005369423595886168	-0.779702460158531	-0.5848983369208656	-0.4386499983911623
chr3_pat	6400000	6600000	0.005372026284192114	-0.6972011523374865	-0.5579537887094107	-0.3475518432516831
chr3_pat	6600000	6800000	0.00619296681201823	0.7317269629478105	-0.5208621517817007	-0.3385537931925476
chr3_pat	6800000	7000000	0.005982537458037421	0.5328181050150963	-0.6371267022474817	-0.4052953481968076
chr3_pat	7000000	7200000	0.006345842513101209	0.4847603567259271	-0.6409135146884687	-0.40770214100031216
chr3_pat	7200000	7400000	0.006045558023012809	-0.19869877284350695	-0.5942658132591313	-0.4107285666739896
chr3_pat	7400000	7600000	0.004777877756161299	-1.1657695470405889	-0.5653814876007013	-0.37865750770178647
chr3_pat	7600000	7800000	0.004428066177232486	-1.60980341645614	-0.4629674450972421	-0.27415427295148104
chr3_pat	7800000	8000000	0.005832039968184014	-0.29598611362601424	-0.6305538834549913	-0.24431764900976305
chr3_pat	8000000	8200000	0.0060280250393855645	0.0736326320434585	-0.6686007119074385	-0.3569555410689328
chr3_pat	8200000	8400000	0.0059741839838955806	0.8454731170861277	-0.577244547125982	-0.28563222253692805
chr3_pat	8400000	8600000	0.005756864248688273	0.9360704009092186	-0.47724698858126385	-0.3238850403357542
chr3_pat	8600000	8800000	0.005553214567354712	0.9629198933360175	-0.5074256933910875	-0.29092761604127026
chr3_pat	8800000	9000000	0.005878301110203489	0.9494893339738556	-0.5191964321374124	-0.30710712347771274
chr3_pat	9000000	9200000	0.005932369727441448	0.921912341803426	-0.46644305090483973	-0.32427964988690844
chr3_pat	9200000	9400000	0.005892786788782126	0.9139315890966886	-0.43739764860915475	-0.323188854708284
chr3_pat	9400000	9600000	0.00586525796460344	0.8092464973312539	-0.519315925945958	-0.33440583009904623
chr3_pat	9600000	9800000	0.006103717221033395	0.19460953218296437	-0.6098791808079211	-0.27643516984664207
chr3_pat	9800000	10000000	0.006580384680780945	-0.37147212753429915	-0.6786545516296486	-0.18310381193537245
chr3_pat	10000000	10200000	0.0052497411430024	-1.4275282502930702	-0.6379102125316026	-0.07824787447450308
chr3_pat	10200000	10400000	0.00530458005771655	-1.276931047790175	-0.586544244023779	-0.17265306742790035
chr3_pat	10400000	10600000	0.006424538685028785	0.5869822996903027	-0.5610668303517546	-0.2570519880425347
chr3_pat	10600000	10800000	0.006410987221968822	0.8586544058320279	-0.5305138425805875	-0.29517932579042744
chr3_pat	10800000	11000000	0.006283191343165626	0.9489108868800566	-0.5242219726303886	-0.2894135442680218
chr3_pat	11000000	11200000	0.006080066662900689	0.36979425975305097	-0.6123703073463435	-0.31460766712953814
chr3_pat	11200000	11400000				
chr3_pat	11400000	11600000				
chr3_pat	11600000	11800000				
chr3_pat	11800000	12000000				
chr3_pat	12000000	12200000				
chr3_pat	12200000	12400000				
chr3_pat	12400000	12600000				
chr3_pat	12600000	12800000				
chr3_pat	12800000	13000000	0.0063853047117723655	0.814264482158543	-0.5062686293007016	-0.23042231450162573
chr3_pat	13000000	13200000	0.005513005544115738	-0.24323944722721355	-0.7771659497285835	-0.27193388799963325
chr3_pat	13200000	13400000	0.0057732841301605916	0.8479653894283546	-0.4143030254714994	-0.2328538091063432
chr3_pat	13400000	13600000	0.005630068553888603	0.795210379883742	-0.4351432052906692	-0.21689510170471932
chr3_pat	13600000	13800000	0.005701421282122639	0.44159433720136626	-0.43062369692368174	-0.09452973015693435
chr3_pat	13800000	14000000	0.006079546308493461	0.2565789394515697	-0.4650956450552912	-0.11000108056661974
chr3_pat	14000000	14200000	0.005689752131825912	0.27818893598140254	-0.43941541770090964	-0.11674684402269489
chr3_pat	14200000	14400000	0.0046691535681686784	-0.8811126235604831	-0.6075708659456643	0.07017430837149036
chr3_pat	14400000	14600000	0.005500667704301088	0.33268937187389475	-0.46898946433330624	-0.1091339421167771
chr3_pat	14600000	14800000	0.005655643957483802	0.8354738876488916	-0.3630848434660575	-0.19328560049371685
chr3_pat	14800000	15000000	0.005570080197034766	0.8997876253455801	-0.3728314715568744	-0.21102426488141107
chr3_pat	15000000	15200000	0.005919052961577838	0.8878951400292042	-0.3938697563278301	-0.21790975401704346
chr3_pat	15200000	15400000	0.006062068418353942	0.8137806207751312	-0.4175071410326364	-0.1890467075301499
chr3_pat	15400000	15600000	0.005959565412777028	0.8108358709848009	-0.38606224452738785	-0.21923241504530586
chr3_pat	15600000	15800000	0.00624665749893247	0.7131599937962277	-0.3732109835677309	-0.20803093425807995
chr3_pat	15800000	16000000	0.005233769542245627	-0.43469741970563863	-0.4548037143639347	-0.034895570728832065
chr3_pat	16000000	16200000	0.0052119436013920726	-0.77832695559285	-0.4609699941110909	0.2041340131221927
chr3_pat	16200000	16400000	0.005476242453626786	-0.5761029577299674	-0.4551052183727546	0.18530915835469022
chr3_pat	16400000	16600000	0.0053268617592141946	-0.8623209546279428	-0.4159429850697137	0.21115094738008885
chr3_pat	16600000	16800000	0.0066236226304825195	-0.02257846408751364	-0.4217660729104591	0.08229798477988155
chr3_pat	16800000	17000000	0.005498270356550196	-0.8342097071814889	-0.39725484254196314	0.24578472303009183
chr3_pat	17000000	17200000	0.004928559618078775	-1.0271728559807056	-0.3937458171204044	0.30720609535747195
chr3_pat	17200000	17400000	0.00572097313525418	-0.10665030446252675	-0.40645678255712797	0.046261123656006445
chr3_pat	17400000	17600000	0.005679773616144387	-0.36239804300456385	-0.4027625525838013	0.01974791683297652
chr3_pat	17600000	17800000	0.006143629981108136	0.2674488464053455	-0.38892591293902934	-0.00021867900586290204
chr3_pat	17800000	18000000	0.005958633395196157	0.47725896526127554	-0.3718356483812396	0.007939121439120416
chr3_pat	18000000	18200000	0.005877120447841872	0.4582440906893138	-0.29022946605776484	-0.06969814098024822
chr3_pat	18200000	18400000	0.004442447323093161	-1.1308951917210004	-0.3739920493100126	0.32719331100290916
chr3_pat	18400000	18600000	0.006141599013703007	0.14088296124352243	-0.42139524582513205	-0.03322202826660285
chr3_pat	18600000	18800000	0.0062246785096094544	0.6480929434638796	-0.305639923667334	-0.04698174801062111
chr3_pat	18800000	19000000	0.00645118236261071	0.5905065453206163	-0.3239674013533359	-0.08672747562412786
chr3_pat	19000000	19200000	0.006078786466785971	0.751579262394314	-0.33187460407258756	-0.0955000004005647
chr3_pat	19200000	19400000	0.005843996309881086	0.7944551324864157	-0.24646467059010124	-0.11189973034719249
chr3_pat	19400000	19600000	0.006111493303589123	0.6310890063060692	-0.2682054070985431	-0.08857306005431083
chr3_pat	19600000	19800000	0.004620151877889789	-1.2184445339965437	-0.5271610960253568	0.4220773547379252
chr3_pat	19800000	20000000	0.006033166574655018	-0.10220235866891134	-0.46369636790474983	0.13099892298509425
chr3_pat	20000000	20200000	0.006340258053206741	0.7950406771786293	-0.28272294377739077	-0.03641165674980166
chr3_pat	20200000	20400000	0.00599170560679808	0.8554934846577966	-0.312496444969318	-0.062050084569937755
chr3_pat	20400000	20600000	0.005794837484131796	0.8227984081200286	-0.22974942823677239	-0.08864121457161163
chr3_pat	20600000	20800000	0.006119284967695312	0.8376268734132765	-0.22354622410819525	-0.08144266435457809
chr3_pat	20800000	21000000	0.005926168956105635	0.8369174007782643	-0.29721510964009246	-0.02934553277386765
chr3_pat	21000000	21200000	0.005930819382139376	0.7908872961802008	-0.2719363220632612	-0.05959182797253513
chr3_pat	21200000	21400000	0.0060133263326516435	0.4141486018421873	-0.37257542695646195	0.01198150946533409
chr3_pat	21400000	21600000	0.0051033863970413075	-0.51279150621058	-0.4850493107382003	0.33415082122089435
chr3_pat	21600000	21800000	0.005225187791790665	-0.9110294884570458	-0.6531583221308476	0.7160017021548333
chr3_pat	21800000	22000000	0.005822704885916739	-0.2565737056664766	-0.5097125855356534	0.2742514805896031
chr3_pat	22000000	22200000	0.005690195374492154	0.6698561957306445	-0.34059554679677095	0.04724229053759527
chr3_pat	22200000	22400000	0.00580109050040017	0.6640672427240605	-0.3092389574292024	0.07715379878799719
chr3_pat	22400000	22600000	0.006027454792294223	0.4079343497819731	-0.43714473252779307	0.16404228851676708
chr3_pat	22600000	22800000	0.00593052173893914	0.7689174493520169	-0.21163827990624953	0.021333000757154972
chr3_pat	22800000	23000000	0.005491577216563903	0.795362225503665	-0.2331218775301826	0.03748036309075797
chr3_pat	23000000	23200000	0.005814326534782124	0.7935712406291757	-0.28877157694571387	0.05193226422746731
chr3_pat	23200000	23400000	0.0056795656549830965	0.8088513095315154	-0.29192009359081983	0.07907948158974724
chr3_pat	23400000	23600000	0.005874839848095882	0.7883071310175007	-0.2641945594607543	0.05661503902449728
chr3_pat	23600000	23800000	0.005759795519042001	0.7986053247024338	-0.22083635363012855	0.016166335439659014
chr3_pat	23800000	24000000	0.005859792383642113	0.7986018203592614	-0.23276226171342068	0.03556122301027267
chr3_pat	24000000	24200000	0.005922535142743903	0.8570908140327423	-0.24330308690635621	0.018796202769250668
chr3_pat	24200000	24400000	0.006137603854774571	0.8397453311360863	-0.3039434555100525	0.042595547222593
chr3_pat	24400000	24600000	0.006051838947038643	0.8250099927617159	-0.2257951105116141	0.024605891737239646
chr3_pat	24600000	24800000	0.006123003677139873	0.6985649771676945	-0.28742280167643275	0.07169245933469662
chr3_pat	24800000	25000000	0.005701679341576336	-0.4099455973047586	-0.6714683186717877	0.44552516220572086
chr3_pat	25000000	25200000	0.004612528216138064	-1.3775327902432324	-0.5442288610973051	1.0145884477298182
chr3_pat	25200000	25400000	0.004681209189723519	-1.5400936024574425	-0.49556620600579954	1.0677487522777365
chr3_pat	25400000	25600000	0.00630799105333625	0.2201535656647841	-0.46231959111355087	0.24855771313826044
chr3_pat	25600000	25800000	0.006331654491754209	0.7837396888838108	-0.30555507206362814	0.036618895569664474
chr3_pat	25800000	26000000	0.0063967283225390284	0.8537546007720159	-0.24495893027764615	0.0379234809317891
chr3_pat	26000000	26200000	0.005990062868636985	0.8527164317346692	-0.20958823226261522	0.03690609289431636
chr3_pat	26200000	26400000	0.006153730565310722	0.8404438903747551	-0.23371739145061884	0.036341555756941715
chr3_pat	26400000	26600000	0.006135747679031851	0.7027027247554288	-0.30598890717076765	0.07568847752304982
chr3_pat	26600000	26800000	0.005437277395419971	-0.5936742164875891	-0.6458901866137571	0.44925047434680404
chr3_pat	26800000	27000000	0.006359342620198436	0.49458378350055104	-0.402566810695806	0.15463715871000977
chr3_pat	27000000	27200000	0.006347711442428601	0.7985980436265427	-0.2745821783776802	0.06366532094023301
chr3_pat	27200000	27400000	0.006514897061622053	0.6869371639761848	-0.2895762763658373	0.09923571299866336
chr3_pat	27400000	27600000	0.006617208162246555	0.7358298807129124	-0.27775885285853935	0.06992571197042392
chr3_pat	27600000	27800000	0.0062271510348887275	0.5425944867685853	-0.31421239179276955	0.15365335946499104
chr3_pat	27800000	28000000	0.004470925947540875	-1.379396205827888	-0.5804799689388618	1.0122420180480571
chr3_pat	28000000	28200000	0.006029084723650446	0.6852536565217682	-0.29803172170768416	0.09916852831631771
chr3_pat	28200000	28400000	0.005892273024315015	0.8371387522525853	-0.2485332691607328	0.07545364317191491
chr3_pat	28400000	28600000	0.005803035221262541	0.8335337803144451	-0.23121500109088644	0.09315799508145675
chr3_pat	28600000	28800000	0.00590651712777629	0.8376108027260044	-0.30459278174324056	0.1027972460427245
chr3_pat	28800000	29000000	0.005647241131215421	0.8253458523981624	-0.34011601495790666	0.1741732277759849
chr3_pat	29000000	29200000	0.005868060881856232	0.8508235069266897	-0.29229151653056307	0.11781912803024278
chr3_pat	29200000	29400000	0.0059606402280305655	0.8396998410413846	-0.3041006220642646	0.15444290162303742
chr3_pat	29400000	29600000	0.005874785755776521	0.8761588046107073	-0.31184910652813497	0.09985156386830682
chr3_pat	29600000	29800000	0.005962938712792049	0.8422048561847364	-0.3250107736893888	0.1382778289159808
chr3_pat	29800000	30000000	0.00616019516911001	0.827507614159699	-0.3113598553665698	0.14205380986223828
chr3_pat	30000000	30200000	0.006144472367614824	0.749655112216522	-0.3631798368768143	0.15852802934786178
chr3_pat	30200000	30400000	0.005307679416511683	-0.5269939954738676	-0.6713922527351037	0.5896311220548525
chr3_pat	30400000	30600000	0.006250048028490224	0.4067160053442986	-0.45476377654727096	0.24220218681580588
chr3_pat	30600000	30800000	0.005948070618421337	-0.11616944734225244	-0.5527579695310931	0.4942905948190727
chr3_pat	30800000	31000000	0.005744331852600691	-0.654496578042246	-0.6386446265156607	0.7094561015673919
chr3_pat	31000000	31200000	0.006205203633700963	-0.03193693816279282	-0.503358621121076	0.3491573071521123
chr3_pat	31200000	31400000	0.006518341451939964	0.6633220567873992	-0.36787464575365414	0.15834678206662936
chr3_pat	31400000	31600000	0.006187072719278118	0.8340991574055243	-0.30099793257575386	0.0903687769269473
chr3_pat	31600000	31800000	0.006448160315963209	0.6627947264978785	-0.30523671329322083	0.127489077371612
chr3_pat	31800000	32000000	0.0056488753235728615	-0.6864137699109686	-0.5587683674240489	0.6811342235843454
chr3_pat	32000000	32200000	0.0059534081088750265	-0.15779833670207935	-0.45028364517260744	0.4088039712692113
chr3_pat	32200000	32400000	0.006635576131248724	0.7401458506280739	-0.3102825630226385	0.16360488679320276
chr3_pat	32400000	32600000	0.006366745697513169	0.6773671423304052	-0.3472487375095386	0.1706401343869814
chr3_pat	32600000	32800000	0.005410698172273027	-0.6797132289057137	-0.6037259465508786	0.6742499229383148
chr3_pat	32800000	33000000	0.005481957579360581	-0.526389820762224	-0.5979413340446494	0.6050836349654469
chr3_pat	33000000	33200000	0.006400917513676945	0.7067417056668182	-0.32125915551219414	0.12175712107385911
chr3_pat	33200000	33400000	0.006097421409443548	0.6899552497130282	-0.2902359561153415	0.18803850320605126
chr3_pat	33400000	33600000	0.006555894824267712	0.7244339715066431	-0.3500941637643722	0.19457518458737652
chr3_pat	33600000	33800000	0.0068524794558467335	0.5741209235499363	-0.41240515428220514	0.26495829214838085
chr3_pat	33800000	34000000	0.005057870990470485	-1.1819052152906264	-0.6965251333233198	1.102649046144308
chr3_pat	34000000	34200000	0.0053294722078664	-1.3904149681271691	-0.5536761554920744	1.1788605372558674
chr3_pat	34200000	34400000	0.005747074537175737	-0.46573002855916146	-0.5552326272294893	0.4522740792215739
chr3_pat	34400000	34600000	0.006528073630856525	0.701763739526347	-0.359350637454027	0.10431497590045699
chr3_pat	34600000	34800000	0.006428736035788057	0.858048698978802	-0.31337237041361493	0.12673293857725634
chr3_pat	34800000	35000000	0.006598978287359137	0.7533864812336809	-0.3493052052169268	0.1639495110130344
chr3_pat	35000000	35200000	0.005754823219744289	-0.30992767050241693	-0.5052368436628886	0.5572867067986141
chr3_pat	35200000	35400000	0.006426505139603164	-0.4094377945978394	-0.5123354421444257	0.5886191466211184
chr3_pat	35400000	35600000	0.004423812352032399	-1.5056699488069671	-0.4082512030512593	1.1149332166753008
chr3_pat	35600000	35800000	0.006554715989213042	0.38925974617978526	-0.42180669706717155	0.2587739836608937
chr3_pat	35800000	36000000	0.005517524880142929	-0.7156512223460639	-0.622900097126641	0.7392557600642531
chr3_pat	36000000	36200000	0.006669398970147542	0.3694676228166142	-0.4323752009925777	0.28411865464519864
chr3_pat	36200000	36400000	0.006878319723268009	0.7576745824005424	-0.38902331333170054	0.22093045187912674
chr3_pat	36400000	36600000	0.005235004348127758	-0.8875097781437269	-0.47087606928780734	0.8097372603023856
chr3_pat	36600000	36800000	0.006433500680548074	-0.010408919996485681	-0.4227089539466374	0.4623506803384663
chr3_pat	36800000	37000000	0.005856195168408762	-0.6259340574102182	-0.4511189123179247	0.7152570333075028
chr3_pat	37000000	37200000	0.00479849585323647	-1.4721320356153933	-0.37372798491102555	1.324672340546186
chr3_pat	37200000	37400000	0.0071858260667844055	-0.09161173921829915	-0.47410873457722064	0.6388853774586979
chr3_pat	37400000	37600000	0.005751537518995686	-1.1998203162229624	-0.5800834298002344	1.3681554505252098
chr3_pat	37600000	37800000	0.005246441373432804	-1.3905245117262772	-0.3991778985334186	1.312978015293604
chr3_pat	37800000	38000000	0.0056425420747309345	-0.9737934874691807	-0.5997123949640455	0.9814990755714517
chr3_pat	38000000	38200000	0.006473857364754905	-0.5403855761699031	-0.530874826643778	0.7597560790766854
chr3_pat	38200000	38400000	0.0055207517190018745	-0.9467547796943323	-0.6421777618229536	0.86013881270605
chr3_pat	38400000	38600000	0.006533774441025644	0.6811509390426979	-0.5164442734250898	0.32900039064617115
chr3_pat	38600000	38800000	0.006103777172732065	0.8939789210596091	-0.3751693812599595	0.17533460315725863
chr3_pat	38800000	39000000	0.005953578318729053	0.9137700024959933	-0.4147371716320062	0.20714462830833658
chr3_pat	39000000	39200000	0.005932175292953344	0.9092437302569236	-0.3589029435311679	0.23237918740263186
chr3_pat	39200000	39400000	0.006105332563447356	0.8987519954564306	-0.3668103242175005	0.2580924806787887
chr3_pat	39400000	39600000	0.006022691127870334	0.7156577729441425	-0.47803093691700593	0.33447675103350416
chr3_pat	39600000	39800000	0.005956231200514988	0.7371870874877516	-0.4770518849564561	0.3350254562034016
chr3_pat	39800000	40000000	0.006115384771296908	0.9109462055535188	-0.3671433505777316	0.24168200006518098
chr3_pat	40000000	40200000	0.0058875551677574495	0.8974637793137645	-0.38498350366986095	0.1942028399303074
chr3_pat	40200000	40400000	0.006009275193235484	0.4401916968779764	-0.5234828461067151	0.38463085335897085
chr3_pat	40400000	40600000	0.006326071450828823	0.6647702229017199	-0.44650648282749705	0.29125133523263186
chr3_pat	40600000	40800000	0.004977659482828103	-0.897293688315066	-0.7311919453537866	0.8697562304632227
chr3_pat	40800000	41000000	0.006378743751590821	-0.09760998412513627	-0.5802678785481127	0.4720214163772981
chr3_pat	41000000	41200000	0.005994203161747342	0.28396775145561803	-0.48848081699273843	0.3181764094339337
chr3_pat	41200000	41400000	0.00646334099092051	0.8648736872874395	-0.35678441867840277	0.16484987399461423
chr3_pat	41400000	41600000	0.006657319961905101	0.748165127899909	-0.31107372904201946	0.1381682822721183
chr3_pat	41600000	41800000	0.006229001129793967	-0.5279102728738433	-0.594631553449923	0.6570599876261979
chr3_pat	41800000	42000000	0.006199390279463519	-0.7238813139370507	-0.46268217750970425	0.7611414750224761
chr3_pat	42000000	42200000	0.005374624471724912	-1.3017887338271348	-0.5081193302698489	1.1283199350370585
chr3_pat	42200000	42400000	0.006847028669459606	0.5724432696927017	-0.38462410488005977	0.1860748661670532
chr3_pat	42400000	42600000	0.0061394624843008555	-0.09046985440711877	-0.5705504603592985	0.497607136564666
chr3_pat	42600000	42800000	0.00497824987434773	-1.361457726482581	-0.7634748683508484	1.359004012664646
chr3_pat	42800000	43000000	0.006289971178998845	-0.015602921900361296	-0.6510846789938324	0.552593170341942
chr3_pat	43000000	43200000	0.006211028218140472	0.8171193817117557	-0.4124656949789736	0.19236711814802424
chr3_pat	43200000	43400000	0.0060852045095336855	0.905836267269686	-0.4047148667153414	0.21392188494870354
chr3_pat	43400000	43600000	0.0060291929229430545	0.938908789518957	-0.37983754486590593	0.21657101599413076
chr3_pat	43600000	43800000	0.006028177474034068	0.9121606873674795	-0.3834785218853016	0.23600925835331157
chr3_pat	43800000	44000000	0.005933391788180216	0.9153855640673219	-0.34760040463468017	0.1980948603166332
chr3_pat	44000000	44200000	0.006404863612167873	0.9049160597684268	-0.4027104704631224	0.21881734361623745
chr3_pat	44200000	44400000	0.006488560608730821	0.21473864690178465	-0.49074329779951525	0.37701519411884116
chr3_pat	44400000	44600000	0.00598087271974388	-0.2898899792488786	-0.47562273834685787	0.49627991366109586
chr3_pat	44600000	44800000	0.0060607523620329565	-0.3354267262204877	-0.5192697163190976	0.46342726970285203
chr3_pat	44800000	45000000	0.007188331578407574	0.5476274864346855	-0.4072829170954187	0.27223274074252246
chr3_pat	45000000	45200000	0.006168414118365494	-0.4656244258146266	-0.5063609863448845	0.5376855353825529
chr3_pat	45200000	45400000	0.005915009117761136	-0.5611138741891256	-0.5596141115923952	0.5475054741142802
chr3_pat	45400000	45600000	0.0069889538765467805	-0.037006942201519316	-0.5329129351107724	0.3550448340752554
chr3_pat	45600000	45800000	0.007654713279104083	0.2576905128812252	-0.42670969634371303	0.27364438384288675
chr3_pat	45800000	46000000	0.005883566442107216	-0.9318921809315244	-0.35911796662544504	0.6418217012066664
chr3_pat	46000000	46200000	0.004511435303501703	-1.5332360356927976	-0.08714392489747513	1.1944195999440097
chr3_pat	46200000	46400000	0.005721731456772004	-1.2400666069512276	-0.30906657405759225	1.1567210147370113
chr3_pat	46400000	46600000	0.00545008639112984	-0.9921255540070733	-0.4821910899077651	0.9526696630530057
chr3_pat	46600000	46800000	0.0057027135971605795	-0.8318628149258983	-0.4063318779931662	0.7933961316074299
chr3_pat	46800000	47000000	0.005156561668332591	-1.047637734099092	-0.44162016228819384	0.8785817301748671
chr3_pat	47000000	47200000	0.005139621959510006	-1.4138560863403011	-0.5369955235944148	1.2519520827957744
chr3_pat	47200000	47400000	0.005707237632010457	-0.7598172648118837	-0.5298492986152518	0.7417581430078182
chr3_pat	47400000	47600000	0.0064811721986108945	-0.23322490145157956	-0.5390825919410015	0.4497631110636639
chr3_pat	47600000	47800000	0.006484853226252385	-0.21363617970015872	-0.52638446569961	0.33055621631339543
chr3_pat	47800000	48000000	0.00679862457106552	0.77883408484309	-0.37213294194723845	0.0916537313461733
chr3_pat	48000000	48200000	0.006662034764626882	0.8975327132721821	-0.326334207903579	0.12388601440459825
chr3_pat	48200000	48400000	0.006772744857943668	0.9045341079403947	-0.4301466364383563	0.18966302538465085
chr3_pat	48400000	48600000	0.006961846639981615	0.6159535970336879	-0.3606100942454227	0.16574072831903033
chr3_pat	48600000	48800000	0.005516518905293673	-0.31889476018142826	-0.6077489179891118	0.4043929582009536
chr3_pat	48800000	49000000	0.006454111353466148	0.7940323098330934	-0.3228565111925939	0.12312256643051084
chr3_pat	49000000	49200000	0.006446719441185434	0.9394424121284486	-0.3358507990012534	0.15808709673251126
chr3_pat	49200000	49400000	0.006153778578636014	0.8612839926303992	-0.3641489321288791	0.17809607703858354
chr3_pat	49400000	49600000	0.005825422781969486	-0.06446400650987341	-0.5172222700507503	0.3747035773478544
chr3_pat	49600000	49800000	0.005537560919852517	-0.7241364722540609	-0.5517966559038925	0.6074684416045268
chr3_pat	49800000	50000000	0.0071514855882183325	0.4407649000316888	-0.28582842866171226	0.20469847545558192
chr3_pat	50000000	50200000	0.005484660373962363	-0.6732405685541363	-0.45747265519160013	0.4370573933021315
chr3_pat	50200000	50400000	0.006936174095826039	0.5897884935070671	-0.29823128062461923	0.15029287950652595
chr3_pat	50400000	50600000	0.006573251129899449	0.4147138423402179	-0.38450971750835544	0.2656041179458206
chr3_pat	50600000	50800000	0.005769301604912237	-0.26996171881571024	-0.5888534808043538	0.4478706545640454
chr3_pat	50800000	51000000	0.006390902178673398	0.5637024372436436	-0.36053801624256465	0.20841932956358528
chr3_pat	51000000	51200000	0.006487493326018987	0.7928131830378603	-0.3127189629431714	0.14301195961347982
chr3_pat	51200000	51400000	0.006471175051886217	0.9031832428973208	-0.3684554000412715	0.1739240518302012
chr3_pat	51400000	51600000	0.006409555140900286	0.9377389236874332	-0.35126595672151345	0.1540795232936519
chr3_pat	51600000	51800000	0.00620857822938227	0.8730630246621038	-0.2772844853318601	0.12656079480588858
chr3_pat	51800000	52000000	0.006329988737543007	0.7010473278652251	-0.3211527831862893	0.17248307976112542
chr3_pat	52000000	52200000	0.005497271877986676	-0.5544017698193205	-0.47395537419381323	0.4157356977450881
chr3_pat	52200000	52400000	0.006479415169287774	0.8024960923881292	-0.2892555222354577	0.11745540735464148
chr3_pat	52400000	52600000	0.006519388069068699	0.919886663269923	-0.2728444580665782	0.08578010713289137
chr3_pat	52600000	52800000	0.006394204478899348	0.9124026734895558	-0.32683579659254125	0.15486950912128955
chr3_pat	52800000	53000000	0.006455638501405325	0.9454105096460699	-0.31490756846235507	0.09141950768472093
chr3_pat	53000000	53200000	0.0067207052492582785	0.6026240081159371	-0.3033383210428481	0.10831268908355877
chr3_pat	53200000	53400000	0.006536266269836181	-0.03431750537745588	-0.4350729043266839	0.2557543641571477
chr3_pat	53400000	53600000	0.006309409344299749	-0.49412096365448477	-0.5553136950667088	0.44783603248109094
chr3_pat	53600000	53800000	0.0055044773155242975	-0.8036069448355484	-0.5647334795109432	0.5109218115423491
chr3_pat	53800000	54000000	0.0067572273218436205	0.4500013538024021	-0.3478488158196213	0.12117754031908476
chr3_pat	54000000	54200000	0.006118956417384482	-0.3225733712425516	-0.43000287096793544	0.19357500714947432
chr3_pat	54200000	54400000	0.006955653147238736	0.369728933294803	-0.2693678781730416	0.10969655126695411
chr3_pat	54400000	54600000	0.006776078446619789	0.8539549196566112	-0.2854448008714286	0.07586238551247515
chr3_pat	54600000	54800000	0.006877959620774147	0.7584308003889377	-0.3385313570964266	0.12194549896884864
chr3_pat	54800000	55000000	0.006397012122626464	0.8806872801290064	-0.27676550221674867	0.08129857324956517
chr3_pat	55000000	55200000	0.006476452134563154	0.9486530378833019	-0.33716381065007966	0.08929322232888733
chr3_pat	55200000	55400000	0.006839183847123868	0.8087103272944705	-0.27700073804669456	0.09134337363399114
chr3_pat	55400000	55600000	0.006784967615706675	0.7070260723766039	-0.29279556598109313	0.08479283957847643
chr3_pat	55600000	55800000	0.006725293580275984	0.6579073481168407	-0.24248550310402364	0.0639753195566781
chr3_pat	55800000	56000000	0.006175155174272217	-0.24056671758633816	-0.37738926327381817	0.15076666929990887
chr3_pat	56000000	56200000	0.004973734722291309	-1.047619766795671	-0.2942315336637179	0.42304233968778304
chr3_pat	56200000	56400000	0.007219671897324788	0.4749322384145202	-0.17619001295376444	0.023605431390212362
chr3_pat	56400000	56600000	0.006830391525026752	-0.13800018760312757	-0.37914732030102355	0.13694723149980614
chr3_pat	56600000	56800000	0.006685299706289386	0.12155397952012865	-0.2517134490008748	0.04148658996965084
chr3_pat	56800000	57000000	0.006969999840313427	0.6521051886285748	-0.12188179407017762	-0.01692871407144755
chr3_pat	57000000	57200000	0.005439875580355256	-0.7944120483575051	-0.14111220986937645	0.30239886264419374
chr3_pat	57200000	57400000	0.006749975976694255	-0.6562755169064824	-0.31039439199068386	0.3409082629397222
chr3_pat	57400000	57600000	0.00563216101494174	-0.7394821692543467	-0.1203937095502034	0.25579977784434876
chr3_pat	57600000	57800000	0.005061201850841261	-0.9719359294978401	-0.1551410330646552	0.36700299767484734
chr3_pat	57800000	58000000	0.005432941998422345	-0.8974782809041221	-0.07465627587556069	0.19343231572137234
chr3_pat	58000000	58200000	0.00549249395248744	-0.9659469033241804	-0.07412600943445292	0.38212561502333564
chr3_pat	58200000	58400000	0.0048202932772398515	-1.2195064820826182	-0.1178916547228164	0.36254701043007004
chr3_pat	58400000	58600000	0.007303736550142784	-0.2672429730597442	-0.13225812216025717	-0.017286565045030018
chr3_pat	58600000	58800000	0.006050674333677746	-0.31155699274546017	-0.22172673470566548	0.026903151139174988
chr3_pat	58800000	59000000	0.006786366199037123	-0.13537510920133444	-0.19437829335133808	0.005500844578877745
chr3_pat	59000000	59200000	0.00496903078136926	-0.850463445250306	-0.3560013790964758	0.21749301875443172
chr3_pat	59200000	59400000	0.006045057881630405	0.05733377123851692	-0.2179745147462009	0.0619975931496771
chr3_pat	59400000	59600000	0.006309026692695892	0.14214392959345412	-0.22331227497451403	0.024262376476197656
chr3_pat	59600000	59800000	0.005668725244925201	-0.3343334314611827	-0.2847894190117276	-0.03055621073044924
chr3_pat	59800000	60000000	0.006752389385845334	0.5289911098783001	-0.18786155903126714	-0.07350303005957401
chr3_pat	60000000	60200000	0.006796668567473595	0.7368132193030531	-0.20112680400852959	-0.11412173196224036
chr3_pat	60200000	60400000	0.006755030726014829	0.382744880303084	-0.0996190725530635	-0.11289066953856675
chr3_pat	60400000	60600000	0.004973836950428861	-1.0766034532308457	-0.3319368917205559	0.11966690829918883
chr3_pat	60600000	60800000	0.0058219250851442314	-0.6582436850283494	-0.3077045772243359	0.006575217536551619
chr3_pat	60800000	61000000	0.007108567121173832	0.5792226381841095	-0.10834251330559833	-0.1532352091468126
chr3_pat	61000000	61200000	0.007401025559428046	0.43586071633460166	-0.10449565191511782	-0.1269649266247546
chr3_pat	61200000	61400000	0.005830759768688033	-0.8128047258349943	-0.1046925149646037	0.02281462179251078
chr3_pat	61400000	61600000	0.005432113967967803	-1.0168547281941376	-0.19577248836374922	0.20166831090585818
chr3_pat	61600000	61800000	0.005953289350068959	-0.40837512092990724	-0.11760061532818913	-0.024354915276199082
chr3_pat	61800000	62000000	0.006543196602818282	0.004107757190651138	-0.06430770788904282	-0.02022303776599538
chr3_pat	62000000	62200000	0.005455270552118776	-0.7671691189559939	-0.1229925957069658	0.06978055619382409
chr3_pat	62200000	62400000	0.005099535959268677	-1.0393303506347977	-0.16593226570239314	0.09289760976568955
chr3_pat	62400000	62600000	0.006681555208511358	-0.4166133859459281	-0.10669244111648721	-0.05340075925682197
chr3_pat	62600000	62800000	0.005701791096802563	-0.6221639216261421	-0.13011297817123343	-0.02681776766354208
chr3_pat	62800000	63000000	0.00425009608852044	-1.3671570940360098	-0.04364755567175964	0.30044056778008016
chr3_pat	63000000	63200000	0.00679176326032233	0.13903608114264615	-0.03250410757141258	-0.13582157264841135
chr3_pat	63200000	63400000	0.005553352757670035	-0.1756011063775264	-0.23311223297901534	-0.20830340690407279
chr3_pat	63400000	63600000	0.006411934082396365	0.8757403622406953	-0.14136294544105146	-0.14447762644276677
chr3_pat	63600000	63800000	0.006798014290993757	0.8988771203792005	-0.21431556064421994	-0.0901361124320937
chr3_pat	63800000	64000000	0.006279779418751173	0.7388675600513283	-0.15823044052980934	-0.1014094050484272
chr3_pat	64000000	64200000	0.00666685496152192	0.5303441959033156	-0.0746057951661356	-0.1142717961511573
chr3_pat	64200000	64400000	0.004906902817575113	-0.94895455895675	-0.2941605339610492	-0.07632836877394217
chr3_pat	64400000	64600000	0.007707221897242619	0.3208910695219331	-0.04956764922948915	-0.13978212326262385
chr3_pat	64600000	64800000	0.006708824630699737	0.006602455175802379	-0.028737037810396406	-0.1735795582130047
chr3_pat	64800000	65000000	0.006762583201719017	-0.4101937693463516	-0.13349701490781987	-0.08144163034917505
chr3_pat	65000000	65200000	0.005927247308130402	-0.6662924650110126	-0.12309420463869106	-0.18808093146144017
chr3_pat	65200000	65400000	0.006876959266154555	0.14174449650699725	0.03491805290760819	-0.19044033545838251
chr3_pat	65400000	65600000	0.005148892180277942	-0.684978189558263	-0.10877837337515481	-0.2096660582519014
chr3_pat	65600000	65800000	0.006493134290627213	0.277792922012842	0.154199667856	-0.1652245993465744
chr3_pat	65800000	66000000	0.005479422557128778	-0.7759337636880976	-0.12627795429643085	-0.04403681612980448
chr3_pat	66000000	66200000	0.006662178118246684	0.1129403424537896	0.069348837366977	-0.13193376211455593
chr3_pat	66200000	66400000	0.007214961674765352	0.432239469177764	0.06231834209465378	-0.12293614072630492
chr3_pat	66400000	66600000	0.004529446508999721	-0.9263009026413017	-0.18739332780565218	-0.1936647631556809
chr3_pat	66600000	66800000	0.006527145581375484	0.4587557487936096	0.0817450424016269	-0.19781722740657526
chr3_pat	66800000	67000000	0.006764567944197591	0.4941425180720415	0.055238775403729984	-0.16898443996167214
chr3_pat	67000000	67200000	0.006347654844563201	0.25080080844859653	-0.030367383186842546	-0.1371357044700173
chr3_pat	67200000	67400000	0.006852179377936364	0.7188831824779054	0.0005525278584008735	-0.13477976068938932
chr3_pat	67400000	67600000	0.007118034497152959	0.7327168853133896	0.03634810699147055	-0.20941764100189955
chr3_pat	67600000	67800000	0.007036268532695849	0.44872301202995635	0.14189082331369063	-0.22186069793992874
chr3_pat	67800000	68000000	0.0063441355376329	-0.08810064403966994	0.05607237055607403	-0.17744814186627797
chr3_pat	68000000	68200000	0.0048039458333572985	-0.9015230475089113	-0.1351239687269569	-0.2702338546600347
chr3_pat	68200000	68400000	0.006814255550444577	0.13912083804214584	0.016399738245181268	-0.2212221994725731
chr3_pat	68400000	68600000	0.006745968369849811	0.6642349183710236	0.18515181449412316	-0.24061789173170284
chr3_pat	68600000	68800000	0.006657969051227394	0.7958972631418157	0.1336519512786476	-0.20147202292810246
chr3_pat	68800000	69000000	0.00675579476841549	0.8167383045462097	0.1469772931215198	-0.21483646893582004
chr3_pat	69000000	69200000	0.00682907362976218	0.7854326239676813	0.1535014812302038	-0.15970261243189282
chr3_pat	69200000	69400000	0.006638373846823302	0.8018104845949272	0.1675375150105733	-0.1790272279512772
chr3_pat	69400000	69600000	0.006868229752271425	0.7616538309611304	0.21363956597840553	-0.15798973338811137
chr3_pat	69600000	69800000	0.006654136713928638	0.7822266894547858	0.27811789902177825	-0.19996514984494362
chr3_pat	69800000	70000000	0.0066448409408874495	0.46905245814190644	0.3463225098343099	-0.22937184232263771
chr3_pat	70000000	70200000	0.00499735214890841	-0.6107644071977386	0.21602790591484983	-0.2693725654700909
chr3_pat	70200000	70400000	0.005601388564531699	-0.4687485940436646	0.29747616724140963	-0.21360569088571493
chr3_pat	70400000	70600000	0.004354896468277245	-1.0086677361835743	0.18465834673557227	-0.2228794049780568
chr3_pat	70600000	70800000	0.005420899099018253	-0.9585284095439222	0.1836178686607163	-0.17336175526316214
chr3_pat	70800000	71000000	0.0055775366540923264	-0.852689261039049	0.23856452282947763	-0.26328419249603474
chr3_pat	71000000	71200000	0.007179482336762661	0.30781597554592427	0.40598711294897266	-0.24962827173906404
chr3_pat	71200000	71400000	0.0070078348439389475	0.413967743016084	0.32948267159076133	-0.2614158545493362
chr3_pat	71400000	71600000	0.007136324896793987	0.2558150806415281	0.24220313414599948	-0.26090592253557127
chr3_pat	71600000	71800000	0.006895138575580417	0.5353134590102434	0.2916237438356313	-0.24763425220233903
chr3_pat	71800000	72000000	0.007453517026285072	0.45108729065513103	0.41098145887162585	-0.27015671373422956
chr3_pat	72000000	72200000	0.007318186967057025	0.1071891673493157	0.4921537591051378	-0.29102986187186686
chr3_pat	72200000	72400000	0.0049604165347947385	-0.8679498119629306	0.29360587670824945	-0.4054477810032123
chr3_pat	72400000	72600000	0.006703703493794759	-0.40763463399962113	0.4489450268722424	-0.36612669376449875
chr3_pat	72600000	72800000	0.005222243276823304	-0.8479510283616992	0.33965495525381745	-0.39832226623125516
chr3_pat	72800000	73000000	0.00718349891378873	0.14982792334101971	0.5415052463008123	-0.2880652546822641
chr3_pat	73000000	73200000	0.005504316033701443	-0.613331684524806	0.27748079406906645	-0.3801231277383804
chr3_pat	73200000	73400000	0.0058736115194630055	-0.6003257215571447	0.2877753673571761	-0.34343902296453227
chr3_pat	73400000	73600000	0.006706882497618703	0.025194412285372985	0.48603910606215467	-0.28401153985300803
chr3_pat	73600000	73800000	0.006148683779032914	-0.1480599249558309	0.43870076108396067	-0.3839247710974227
chr3_pat	73800000	74000000	0.007106645082046	0.3766063447339507	0.44936167373070307	-0.211725413271164
chr3_pat	74000000	74200000	0.007025667182239952	0.6254689837093801	0.4601775516197731	-0.2635397433800904
chr3_pat	74200000	74400000	0.006972954692722463	0.6753394486704242	0.45326252288973146	-0.22267984860862905
chr3_pat	74400000	74600000	0.0074663302521493875	0.5746407077138227	0.3974583335458734	-0.24603645341797722
chr3_pat	74600000	74800000	0.007292634299119641	0.5933278174768785	0.45220822558020213	-0.24064101197770016
chr3_pat	74800000	75000000	0.007557059772787685	0.533084319333932	0.5049914022231845	-0.2898749230729974
chr3_pat	75000000	75200000	0.006185720040051375	-0.19548855457095218	0.451218487787604	-0.39297252243017156
chr3_pat	75200000	75400000	0.007790591863388765	0.25037130769014626	0.6152301754559094	-0.2498303921286797
chr3_pat	75400000	75600000	0.005461339763889846	-0.6152718719096198	0.31940014642000036	-0.4102982115581925
chr3_pat	75600000	75800000	0.007370704278654434	0.4152147293562438	0.548158460323097	-0.2836190029431488
chr3_pat	75800000	76000000	0.007407576624616384	0.6800482142482016	0.49758174925650434	-0.24116509471864447
chr3_pat	76000000	76200000	0.007456427589330704	0.6428729520871006	0.5276671198678956	-0.26897707413845273
chr3_pat	76200000	76400000	0.007824256534910125	0.6162648423669405	0.5931441598964067	-0.2110285554253645
chr3_pat	76400000	76600000	0.007225931294339233	0.40056896584641194	0.7192377876057658	-0.20895084455171586
chr3_pat	76600000	76800000	0.0059496996008566805	-0.31094178112424975	0.6086958259104428	-0.28969944156927246
chr3_pat	76800000	77000000	0.0049927248962267304	-0.9400994360945351	0.3654596268441641	-0.42927393944493514
chr3_pat	77000000	77200000	0.006362675705938858	0.20462302544182256	0.787520998534539	-0.21080165867928916
chr3_pat	77200000	77400000	0.006213790450022877	-0.24470454441337522	0.6982583228387562	-0.27968250685840823
chr3_pat	77400000	77600000	0.007104984292408088	0.29847530489862134	0.8663517265270505	-0.17760346268765098
chr3_pat	77600000	77800000	0.00758631070134913	0.29701408215267405	0.8565976640076723	-0.13737759365791605
chr3_pat	77800000	78000000	0.006676539626995005	-0.2716811825810653	0.7370853922923624	-0.24603805280545052
chr3_pat	78000000	78200000	0.006538888618050945	-0.5061039586081253	0.6953331507261177	-0.3173389432294895
chr3_pat	78200000	78400000				
chr3_pat	78400000	78600000				
chr3_pat	78600000	78800000				
chr3_pat	78800000	79000000				
chr3_pat	79000000	79200000	0.006978034206209784	-0.5254262372725171	0.5738942838961103	-0.10112728914713957
chr3_pat	79200000	79400000	0.004664847788335977	-0.9197302240812532	0.43388692804301826	-0.0803721265892262
chr3_pat	79400000	79600000	0.006780462097718665	-0.13175094599581644	0.5831942120753901	-0.06915170251233274
chr3_pat	79600000	79800000	0.007935787035429657	0.2886386238124972	0.411154285611101	0.04113920430327408
chr3_pat	79800000	80000000	0.008129153779161074	0.5110714088224587	0.4342868196768514	0.00957827415528487
chr3_pat	80000000	80200000	0.007691982807803111	0.6097141555492739	0.36497370295714787	0.04786843656007796
chr3_pat	80200000	80400000	0.007609294903458806	0.5983727811191293	0.29468606625696153	-0.006232054172199703
chr3_pat	80400000	80600000	0.00713590215954536	0.44223045612453293	0.3941669618903454	0.03452822332282306
chr3_pat	80600000	80800000	0.005556087036391661	-0.3182960709913852	0.37499252266269695	0.004653527090021443
chr3_pat	80800000	81000000	0.005175778224311924	-0.666789739441138	0.376595714051293	0.03273479455774635
chr3_pat	81000000	81200000	0.005214379032541195	-0.5868256421765957	0.38702617670324846	0.024725800812190415
chr3_pat	81200000	81400000	0.006176493627492229	-0.17106995018527332	0.4576906378016106	0.07459806324125856
chr3_pat	81400000	81600000	0.004075293817733463	-0.917771829939635	0.38534426699427693	0.02677695764871452
chr3_pat	81600000	81800000	0.0064527299017038565	0.010673084971426496	0.5116343938269903	0.06805542231531334
chr3_pat	81800000	82000000	0.007062860343916122	0.07323359334353123	0.565440925970817	0.08106674663131336
chr3_pat	82000000	82200000	0.00462171353509384	-0.8387252579414064	0.4101433406472543	0.01605538035400837
chr3_pat	82200000	82400000	0.00560514794007616	-0.7449080520175719	0.5144331269786279	0.0037574542693667905
chr3_pat	82400000	82600000	0.005371124726996485	-0.567020258273056	0.44190218250804786	0.00931944305301053
chr3_pat	82600000	82800000	0.007100604718215242	0.23464042935553345	0.3833859607313106	0.05893873310976975
chr3_pat	82800000	83000000	0.007642250263867989	0.32570759419328443	0.4246287715668595	0.053495223717899644
chr3_pat	83000000	83200000	0.007069548567394211	0.0691712190249694	0.49412220870408496	0.03336380343552876
chr3_pat	83200000	83400000	0.005019233579226352	-0.7431116357509749	0.38143233580200603	0.027421286031394432
chr3_pat	83400000	83600000	0.006435845322125637	-0.046306915489983724	0.35964436832827734	0.02603019041493037
chr3_pat	83600000	83800000	0.006045598910923526	-0.07413225518213684	0.3294215745953384	0.057975502067292496
chr3_pat	83800000	84000000	0.0065430997039480345	0.18153219117789973	0.36852078819223477	0.07678382475960033
chr3_pat	84000000	84200000	0.006951813033253994	0.3411359608485322	0.39657253374438944	0.14116924203585263
chr3_pat	84200000	84400000	0.006145982044407281	-0.4274988954274519	0.46152839538793766	0.04228680251067361
chr3_pat	84400000	84600000	0.0057868889304857635	-0.6439528611745909	0.4943024876781652	0.03966297869000732
chr3_pat	84600000	84800000	0.0056522143284618185	-0.8676769404485872	0.41785298694965606	-0.043001350975503096
chr3_pat	84800000	85000000	0.005262717856811867	-1.0425654019191015	0.41079678536287684	-0.1014585515473518
chr3_pat	85000000	85200000	0.005820012194310761	-0.552327537619024	0.4824009904818583	-0.03440241335729437
chr3_pat	85200000	85400000	0.007657031472317882	0.1491475927970088	0.40413709998907815	0.09872910698767601
chr3_pat	85400000	85600000	0.005480768661895399	-0.7520018762172686	0.3228569800815092	-0.023509862069530138
chr3_pat	85600000	85800000	0.005245633060931061	-0.5440492781770472	0.31184789451634976	-0.09351009451713704
chr3_pat	85800000	86000000	0.006832793351408567	0.15717160988641526	0.31525298396594426	0.04643456789593611
chr3_pat	86000000	86200000	0.005498134917251023	-0.5109329368912487	0.36319212742326185	-0.06965285227786885
chr3_pat	86200000	86400000	0.005576605853011439	-0.7248884288276511	0.3702661599657186	-0.01797870738652248
chr3_pat	86400000	86600000	0.006220074595601444	-0.5450886405186269	0.4330493485399291	0.027749417181607495
chr3_pat	86600000	86800000	0.005252429477256618	-0.8920996642826404	0.37443556126358607	-0.02931512711192763
chr3_pat	86800000	87000000	0.00575542533993456	-0.4571710597530418	0.4221416889541094	0.05934485627039162
chr3_pat	87000000	87200000	0.004006296260647996	-0.9402535800104098	0.32037652612776524	-0.09102221603925294
chr3_pat	87200000	87400000	0.005021966078883548	-0.7426372519859445	0.3436282374272032	-0.09038446012811273
chr3_pat	87400000	87600000	0.006103465290614056	-0.5018128936507952	0.2745639062133592	-0.08695895564357949
chr3_pat	87600000	87800000	0.0048958163808719615	-0.873596736238398	0.19105265340244043	-0.18340437677268479
chr3_pat	87800000	88000000	0.006131975734323235	-0.27536868661501673	0.09794902683077328	-0.11361169258237552
chr3_pat	88000000	88200000	0.00738730286758413	0.44328015297633994	-0.020564662853428162	0.0009051740198734203
chr3_pat	88200000	88400000	0.00688877804513922	0.3480804524025527	-0.04019714119413304	-0.0065854200597438035
chr3_pat	88400000	88600000	0.005816799426325524	-0.13508901731254788	-0.15946778315819443	-0.19431069618008226
chr3_pat	88600000	88800000	0.00698178258843778	0.5586677299008078	-0.07994068400373333	-0.05877397952338157
chr3_pat	88800000	89000000	0.007916799245187973	0.3732432623308219	-0.06215107195937356	-0.020929225842502428
chr3_pat	89000000	89200000	0.007786804316774743	0.036197961807514	0.11106181609562109	-0.0889550831173454
chr3_pat	89200000	89400000	0.005633902669917178	-0.9951281205007401	0.025238111368568752	-0.2593931637107982
chr3_pat	89400000	89600000	0.005759690063765905	-0.5875265077523925	0.1223734831966247	-0.19859346132915498
chr3_pat	89600000	89800000	0.004523257879682931	-1.0032578612622398	-0.021531074584239987	-0.28151206328132905
chr3_pat	89800000	90000000	0.005908036388593842	-0.31832139983904156	0.007306699597147746	-0.13204666670624776
chr3_pat	90000000	90200000	0.007732179393145433	0.3522622999505615	-0.058139348182939136	-0.06451027808814523
chr3_pat	90200000	90400000	0.007190362659647425	0.22236689900049494	-0.10099190854420269	-0.13752611704267023
chr3_pat	90400000	90600000	0.005260128543685741	-0.8730327177465699	-0.15496903906905987	-0.3763390123963923
chr3_pat	90600000	90800000	0.006855279748051926	0.09115924179340974	-0.10542117467683929	-0.14105908085797061
chr3_pat	90800000	91000000	0.006645724615491503	0.2546495017709181	-0.10862670107952163	-0.09523363094660872
chr3_pat	91000000	91200000	0.006894007940937637	0.3601478735597675	-0.20331582393788503	-0.10430419938401164
chr3_pat	91200000	91400000	0.007011321654335911	0.1771351303066178	-0.17572409618277993	-0.15173436449958924
chr3_pat	91400000	91600000	0.005475782740910741	-0.6984047973306958	-0.3069394572400112	-0.420118452777017
chr3_pat	91600000	91800000	0.006946841808906916	0.38148644157439215	-0.22806045102140612	-0.16145914495443797
chr3_pat	91800000	92000000	0.006575261116697924	-0.14763647134091046	-0.19591980767932207	-0.2074013691172872
chr3_pat	92000000	92200000	0.006055186481562011	-0.5399900789604037	-0.28068236765342486	-0.3888924939583192
chr3_pat	92200000	92400000	0.004801161486740545	-1.046156402782023	-0.3633552666601511	-0.5602391280801656
chr3_pat	92400000	92600000	0.006717608888751187	0.5824607592330191	-0.3270772855426116	-0.15069163677164032
chr3_pat	92600000	92800000	0.006897583582386723	0.7881542791952447	-0.38303776304384857	-0.15188434307171686
chr3_pat	92800000	93000000	0.006827525484398106	0.8312718470754118	-0.3227985401006945	-0.08341286304221789
chr3_pat	93000000	93200000	0.0064875636543997505	0.8179122395324658	-0.36726799872149307	-0.12748699855882054
chr3_pat	93200000	93400000	0.006749330674834284	0.8703486105219994	-0.4236981078330777	-0.15933599576182544
chr3_pat	93400000	93600000	0.006678430570506411	0.8931111484054113	-0.4218279450154297	-0.10110059209661022
chr3_pat	93600000	93800000	0.006888421257922042	0.8802940546596449	-0.47217021938043136	-0.141325503071801
chr3_pat	93800000	94000000	0.007433480048265462	0.7694180169750052	-0.3914401154075404	-0.15438742974155906
chr3_pat	94000000	94200000	0.007001657942480185	0.6561918629927191	-0.44644302592396057	-0.1205902245422913
chr3_pat	94200000	94400000	0.005955374128281375	-0.5032783232087311	-0.25264510702900905	-0.41025849176097745
chr3_pat	94400000	94600000	0.004805959100923715	-1.2056824870262206	-0.2242908470146893	-0.5991779360915434
chr3_pat	94600000	94800000	0.006810214693124447	-0.2845131244257467	-0.34608180940750005	-0.301614398320353
chr3_pat	94800000	95000000	0.005622826510686915	-0.5389669331281469	-0.34072947330200204	-0.5028738549520686
chr3_pat	95000000	95200000	0.007284012232268153	0.4635691824011514	-0.2917942707132451	-0.16082867609558316
chr3_pat	95200000	95400000	0.005630888251424493	-0.91472164798661	-0.16637442036816533	-0.5434804045702576
chr3_pat	95400000	95600000	0.0060817998863273584	-0.8744375355544719	-0.12455422776654583	-0.43349080824268804
chr3_pat	95600000	95800000	0.0058071396763988686	-0.7023542325597144	-0.05073328605984822	-0.45654313559681664
chr3_pat	95800000	96000000	0.0051180330622827225	-1.1648917841933855	-0.006006437477245028	-0.6914473182172473
chr3_pat	96000000	96200000	0.006080830064593008	-1.1235757103199882	-0.0040700509509433765	-0.5325571197175932
chr3_pat	96200000	96400000	0.007746392244151983	-0.07498026098298254	-0.076281555678402	-0.20043463529139796
chr3_pat	96400000	96600000	0.006313315999475504	-0.385830155369158	-0.29068430221985947	-0.39547481649392846
chr3_pat	96600000	96800000	0.0066186415810698404	-0.05641372708525785	-0.33103782694509193	-0.2589402787186145
chr3_pat	96800000	97000000	0.006629891073264917	-0.5352166866548411	-0.2594451084692979	-0.38102983397817786
chr3_pat	97000000	97200000	0.0052687057638720215	-0.9012177876232416	-0.008124065315422029	-0.4634509282732926
chr3_pat	97200000	97400000	0.004969996674850364	-1.2300923878057195	-0.10237387228335765	-0.8467645907594018
chr3_pat	97400000	97600000	0.0054225579830152	-1.0406575855001545	-0.07051170680744484	-0.7418356872231239
chr3_pat	97600000	97800000	0.004389235568324369	-1.137218707414007	-0.15047733819436562	-0.8603224631509011
chr3_pat	97800000	98000000	0.005252528591325721	-1.0157869406801638	-0.14756501023244678	-0.7659558175476151
chr3_pat	98000000	98200000	0.005270249575835124	-0.7188804917868176	-0.1677804589566586	-0.6657372708722326
chr3_pat	98200000	98400000	0.00636145280577986	0.022637229162009293	-0.3021612921902802	-0.35358108180304765
chr3_pat	98400000	98600000	0.006295219058159738	0.29435806125615027	-0.31478426102415363	-0.25812959451520134
chr3_pat	98600000	98800000	0.00702622042671141	0.4723107610060011	-0.3192591527946102	-0.18084670562559338
chr3_pat	98800000	99000000	0.006766794734334098	0.6773476764581071	-0.36573961608369476	-0.19037306159346243
chr3_pat	99000000	99200000	0.005207012415128672	-0.49055890536766655	-0.38051042455416934	-0.6232773007872932
chr3_pat	99200000	99400000	0.005232287362423247	-0.7121361252399694	-0.38892507869073323	-0.6349982032169316
chr3_pat	99400000	99600000	0.005683472711572628	-0.3025089053287633	-0.2698065999463981	-0.43708435546591057
chr3_pat	99600000	99800000	0.004960940450173267	-1.1103277621686358	-0.37654889321545987	-0.9196356966812703
chr3_pat	99800000	100000000	0.0058223452880318055	-0.3645099896873155	-0.33259041958484864	-0.5433297876274198
chr3_pat	100000000	100200000	0.006812096997993624	0.43721207445874	-0.33566311201945076	-0.28792704593445045
chr3_pat	100200000	100400000	0.006594444374777959	0.6687132110028496	-0.4008564732219603	-0.2564069597038497
chr3_pat	100400000	100600000	0.006209407685415216	0.13599179606929118	-0.37252466862351336	-0.316898145131981
chr3_pat	100600000	100800000	0.005984408310999779	0.1386402806342185	-0.37865826911753564	-0.3558036569437825
chr3_pat	100800000	101000000	0.006587103277845895	0.4412732430362188	-0.3022180562703954	-0.25399703360320636
chr3_pat	101000000	101200000	0.00664793964241967	0.4831552251666523	-0.3634005462022801	-0.22751456623996308
chr3_pat	101200000	101400000	0.0067905427800798186	0.6136828382051598	-0.44860900817719523	-0.23722124890875596
chr3_pat	101400000	101600000	0.006109805339203724	-0.2730161213319142	-0.31584919998248184	-0.4838075940723155
chr3_pat	101600000	101800000	0.0044327123357875056	-1.2059187367540527	-0.20935718858135594	-0.7574181042961707
chr3_pat	101800000	102000000	0.006030428819362735	-0.08697440073081718	-0.35121713617083533	-0.40741660204397656
chr3_pat	102000000	102200000	0.006942357476410224	0.1631177650070648	-0.3854765540191638	-0.31989561919044646
chr3_pat	102200000	102400000	0.006683242100628503	0.007448908261848995	-0.3635500590275395	-0.41232025423709767
chr3_pat	102400000	102600000	0.0049256317737207626	-1.2269184572157388	-0.45650438215457706	-0.9448652750551743
chr3_pat	102600000	102800000	0.0053070074283826235	-0.8663377696008243	-0.3939637357804549	-0.8192732929686896
chr3_pat	102800000	103000000	0.005475571926245049	-0.7015423573108194	-0.4176482139027511	-0.7145921429126775
chr3_pat	103000000	103200000	0.0060816784478503055	-0.15022135109977736	-0.4119022998470174	-0.47311594805157947
chr3_pat	103200000	103400000	0.006859655080378603	0.7693153042984225	-0.5349471591663241	-0.3114542576369649
chr3_pat	103400000	103600000	0.006791796930169289	0.5959360348845273	-0.35077619002127886	-0.21589690778658185
chr3_pat	103600000	103800000	0.0057076054318283154	-0.2109562987464393	-0.4667560936395281	-0.5042297071715361
chr3_pat	103800000	104000000	0.006200103889583519	0.1670303082607334	-0.502566257649271	-0.4649793455913887
chr3_pat	104000000	104200000	0.0057089159687639755	-0.23162463087790425	-0.5682098931353812	-0.63781271621899
chr3_pat	104200000	104400000	0.00629116138949037	0.7718363905894984	-0.33946947355945034	-0.247033411507981
chr3_pat	104400000	104600000	0.00648967136638912	0.7017959997963051	-0.4236305527728343	-0.23380561141702458
chr3_pat	104600000	104800000	0.006492795393770783	0.39974687719420493	-0.4235485004332639	-0.31777567623433717
chr3_pat	104800000	105000000	0.006665715459156792	0.28734053736823095	-0.4459607531801763	-0.3190383284441042
chr3_pat	105000000	105200000	0.005968297459450711	0.3837352518624137	-0.45659445563186857	-0.2880017911870475
chr3_pat	105200000	105400000	0.0061227188964357564	0.2919443676672912	-0.4535703861749508	-0.339713068445452
chr3_pat	105400000	105600000	0.006016017131388885	-0.5635781849540981	-0.6986654224088142	-0.8870779425054478
chr3_pat	105600000	105800000	0.006263290130576104	0.29859469704723984	-0.5230539476466762	-0.41254068678926026
chr3_pat	105800000	106000000	0.005464699618034432	-0.5745613920794296	-0.4126824929206151	-0.6227650105203143
chr3_pat	106000000	106200000	0.0049576604676124115	-1.1545872602973146	-0.3921837080052118	-0.7220494342820435
chr3_pat	106200000	106400000	0.005783597717107332	-0.7717986140913577	-0.4571080723786069	-0.6581906081453163
chr3_pat	106400000	106600000	0.0068574525533112935	0.16413883580096297	-0.47083975445447246	-0.34080618627727066
chr3_pat	106600000	106800000	0.006496177975469059	-0.030845866471253328	-0.39499368064724394	-0.30277264829139494
chr3_pat	106800000	107000000	0.004523923506678533	-1.2592886403897539	-0.3167038958972472	-0.7167950674729368
chr3_pat	107000000	107200000	0.0061552057670094485	-0.10179004284264485	-0.43835438068449517	-0.45855830336222625
chr3_pat	107200000	107400000	0.006413920712470492	-0.27737174398253867	-0.5093145070222953	-0.4591190035822716
chr3_pat	107400000	107600000	0.006137112607210134	-0.5322286748261401	-0.5059712439384847	-0.5833048315770674
chr3_pat	107600000	107800000	0.00448679880728544	-1.4268792626321163	-0.23759499251430577	-0.8043038362181179
chr3_pat	107800000	108000000	0.006622303133447273	-0.2819715207917538	-0.41174790767771197	-0.46021825080630435
chr3_pat	108000000	108200000	0.005854931935314187	-0.6677317631569648	-0.5451976262208562	-0.6963452747391813
chr3_pat	108200000	108400000	0.004879077152631573	-1.2052257504338721	-0.44368429005042015	-0.8805381521376932
chr3_pat	108400000	108600000	0.0069344482401293185	0.6497956563839108	-0.5735312014396298	-0.20084076609853285
chr3_pat	108600000	108800000	0.00663766082245178	0.8704705610400963	-0.6417958698911365	-0.26794353264214193
chr3_pat	108800000	109000000	0.006933918757970617	0.7392622964330656	-0.6239997167287076	-0.31692399280736056
chr3_pat	109000000	109200000	0.006464584455223739	-0.0087044826619816	-0.6283328934488137	-0.5365197547767618
chr3_pat	109200000	109400000	0.004909425290210354	-1.1555439456820016	-0.5743830487806421	-0.9857065112281047
chr3_pat	109400000	109600000	0.006368784190009542	0.6288219561966218	-0.48647995803861244	-0.2721830502121296
chr3_pat	109600000	109800000	0.00669821271864671	0.5531390058891227	-0.6042903565244625	-0.2455050003963353
chr3_pat	109800000	110000000	0.0066003273174428225	0.7705163035629919	-0.6407456270131029	-0.24509429607502203
chr3_pat	110000000	110200000	0.006147994809320395	0.1877262959653401	-0.6092671108054257	-0.36573856896219453
chr3_pat	110200000	110400000	0.0054747198080692915	-0.6719152772035247	-0.746332675521478	-0.6691217365619713
chr3_pat	110400000	110600000	0.0064299670752875435	0.4432491392670748	-0.7009820152660582	-0.3954124565498197
chr3_pat	110600000	110800000	0.006542497779474292	0.6746573557849066	-0.6114252016970868	-0.29027763323730954
chr3_pat	110800000	111000000	0.006590608527324972	0.7460533191797484	-0.6398969375825648	-0.27356690104288484
chr3_pat	111000000	111200000	0.006302940645286443	0.508157751218486	-0.672817686336994	-0.3531111045218564
chr3_pat	111200000	111400000	0.006272655775803914	-0.07473515955355302	-0.6951380157101608	-0.5156397421570604
chr3_pat	111400000	111600000	0.00648687703649494	0.35992216825734663	-0.7177339693753357	-0.37392687877006936
chr3_pat	111600000	111800000	0.00424406497177295	-1.5017467230367982	-0.6754472785739076	-1.069278039715079
chr3_pat	111800000	112000000	0.0064128507528389694	0.2798607931616611	-0.6013448862496127	-0.3073774992447353
chr3_pat	112000000	112200000	0.00618274077880342	0.1339491341293565	-0.6829752039607218	-0.33997862604804585
chr3_pat	112200000	112400000	0.006968709096195263	0.7050721624538993	-0.7012958111141134	-0.24028012961406572
chr3_pat	112400000	112600000	0.006135308101491815	-0.6998275727489953	-0.6122548445083524	-0.656136042262983
chr3_pat	112600000	112800000	0.00671128096062192	0.649127480053228	-0.8739859333470409	-0.2782825000500189
chr3_pat	112800000	113000000	0.006445698625772057	0.20166483291029555	-0.7707645003022655	-0.33100847632720537
chr3_pat	113000000	113200000	0.0047557174444047955	-1.3034762394574257	-0.5756947044516477	-0.980938627602683
chr3_pat	113200000	113400000	0.005647298257682178	-1.0279055987680412	-0.6613664419160663	-0.8047459070430527
chr3_pat	113400000	113600000	0.004909398826541284	-1.3245859914248344	-0.6475327832852915	-1.01235668911021
chr3_pat	113600000	113800000	0.0067521487647968495	-0.05264569860178695	-0.7855955402823533	-0.48859687828461273
chr3_pat	113800000	114000000	0.00632836705667215	-0.6119524236304728	-0.7544936186414146	-0.6947188539665666
chr3_pat	114000000	114200000	0.005049501619417647	-1.4243793772936493	-0.5058734198165773	-1.0799821372618015
chr3_pat	114200000	114400000	0.004940888075282996	-1.4347024034552507	-0.33880018058430156	-0.927371189859389
chr3_pat	114400000	114600000	0.007148276660962439	-0.47944702496773917	-0.5214829771761582	-0.4375598529521662
chr3_pat	114600000	114800000	0.0046763656493941375	-1.5464357341059969	-0.28115694796514146	-1.1500414433503519
chr3_pat	114800000	115000000	0.006127235143572342	-1.5507951705591532	-0.14650560046641872	-1.0598876038068425
chr3_pat	115000000	115134639				
chr4_pat	0	200000	0.008252079697876159	-0.6532062206332659	0.592172438096795	-0.9191675009027617
chr4_pat	200000	400000	0.007403731511197598	-0.2226708896301558	0.5247583099253591	-0.9413418214376472
chr4_pat	400000	600000	0.007417987185652756	-0.6844684785598499	0.055994363797288914	-0.6434404695568491
chr4_pat	600000	800000	0.005224050561952637	-1.4235027460040421	0.27886051629202124	0.19693237756501697
chr4_pat	800000	1000000	0.006214025532721478	-0.8497362782611714	0.11528863047718041	-0.47486826299848006
chr4_pat	1000000	1200000	0.006041925360075349	-0.4255259242028598	0.08986048343800448	-0.6707439774981757
chr4_pat	1200000	1400000	0.005318607176585307	0.5727814143161769	0.2213261221645064	-0.6827819725340896
chr4_pat	1400000	1600000	0.005290187907823049	0.38165369982235575	0.23224466183426737	-0.6753051847704455
chr4_pat	1600000	1800000	0.006313662717554636	-0.47348434950384277	0.16582024670082662	-0.5170751549206032
chr4_pat	1800000	2000000	0.005175073957847545	-1.3841712773507167	0.4024256929133648	0.22555305049484348
chr4_pat	2000000	2200000	0.006557714455039958	-1.3400201802264657	0.25204661564885805	0.1417885282300603
chr4_pat	2200000	2400000	0.006757586862245579	-0.05035443100858708	0.26166107455886894	-0.8133179671413068
chr4_pat	2400000	2600000	0.00653435314914818	0.03293577577000693	0.2321558236357059	-0.8863648952844985
chr4_pat	2600000	2800000	0.005141187688344293	-1.059151792938266	0.25452478191668554	-0.43926704471812944
chr4_pat	2800000	3000000	0.004422609361648646	-1.3544937634994605	0.3394028270003994	-0.06143490362721913
chr4_pat	3000000	3200000	0.004778769201024695	-1.1765631952174092	0.41330721148750416	-0.24447620798510167
chr4_pat	3200000	3400000	0.006149706271932901	0.7958160235282448	0.4961858045402741	-0.7196243207127276
chr4_pat	3400000	3600000	0.006179345549993777	0.9882888542258916	0.7228964905873314	-0.6007417514221628
chr4_pat	3600000	3800000	0.006318011421484257	0.9873935399988786	0.7009043761312714	-0.5400760127841774
chr4_pat	3800000	4000000	0.006157513208351668	0.9707076020785019	0.6764731772614258	-0.4897026511430879
chr4_pat	4000000	4200000	0.005963863335579309	0.9593904633383563	0.6534304667022282	-0.49616361988143476
chr4_pat	4200000	4400000	0.005905214052141221	0.9663150412017397	0.6520206301013638	-0.4933807693037271
chr4_pat	4400000	4600000	0.006046433297766828	0.9366728532624203	0.6108867879093625	-0.5204619300515364
chr4_pat	4600000	4800000	0.005819719372310599	1.001467681836547	0.6760119325236267	-0.4255140331896787
chr4_pat	4800000	5000000	0.006220713655476487	1.0106686648255396	0.747086509498884	-0.5154351526403493
chr4_pat	5000000	5200000	0.006345358749557706	0.9174166195448828	0.6647588190727286	-0.6285790978024063
chr4_pat	5200000	5400000	0.005751679734261709	-0.4889732401899701	0.38409411690916495	-0.5327983468620194
chr4_pat	5400000	5600000	0.005890323610127961	-0.8227606480238638	0.4351507459297334	-0.5365191475257399
chr4_pat	5600000	5800000	0.004984837076046386	-1.2614887760545184	0.5785358007858824	-0.06176846585357924
chr4_pat	5800000	6000000	0.004168918645948853	-1.341377971617548	0.45157121541469547	-0.04439352889159134
chr4_pat	6000000	6200000	0.007088704685701292	0.26436919681363136	0.27089670927792664	-0.7677518581412907
chr4_pat	6200000	6400000	0.007121303679092783	0.6977393854987024	0.40250658162019354	-0.7476035967897159
chr4_pat	6400000	6600000	0.0076841998339824405	0.503109347533639	0.292820073872816	-0.6401569932133291
chr4_pat	6600000	6800000	0.005099889153124628	-1.1248601993820955	0.2063125683946067	-0.04488676195688479
chr4_pat	6800000	7000000	0.004622220393174889	-1.3327563005998493	0.1482483928872495	0.3480439671660474
chr4_pat	7000000	7200000	0.006093151472909789	-0.2174870994902457	0.0032510551061360224	-0.5030823787446121
chr4_pat	7200000	7400000	0.005499589566277242	-0.8229736876352733	0.03148825184529408	-0.2376064348249385
chr4_pat	7400000	7600000	0.004250873328933134	-1.3365562981844281	0.10119225259007741	0.44039746340098823
chr4_pat	7600000	7800000	0.0066275059610763735	0.0131171198138533	-0.13115822740976144	-0.562348034789004
chr4_pat	7800000	8000000	0.006764791631925702	0.23112903772378246	-0.13719336975033622	-0.6410124175850286
chr4_pat	8000000	8200000	0.005198275676430188	-0.7600021132486786	-0.02576744974075263	-0.349210267831562
chr4_pat	8200000	8400000	0.005146857085344141	-0.7499091574049321	-0.03712253062944921	-0.4672003551660579
chr4_pat	8400000	8600000	0.005852093007398519	-0.10694641180489578	-0.04115998109015688	-0.6103255493609736
chr4_pat	8600000	8800000	0.005217736025907224	-0.7816954199576088	-0.04327778742815195	-0.23775555637160511
chr4_pat	8800000	9000000	0.004377975361577118	-1.0927750605181545	-0.0033835055854077468	0.03584598902804292
chr4_pat	9000000	9200000	0.004800552370290462	-0.9623566598941585	0.030186277459885936	0.035479002083674764
chr4_pat	9200000	9400000	0.004071507073350915	-1.192071782154859	0.08280033484151093	0.03821668284605512
chr4_pat	9400000	9600000	0.005989232881114327	0.1450361774568404	0.01529157244440158	-0.6183509274759214
chr4_pat	9600000	9800000	0.0061125730355825565	0.1653465449510009	0.22207791696489249	-0.6874829185643608
chr4_pat	9800000	10000000	0.005958573423626931	0.8885935669570934	0.32607769543090925	-0.4147252539446691
chr4_pat	10000000	10200000	0.006817398787284426	0.833769805647096	0.33673188926378383	-0.4920063288105692
chr4_pat	10200000	10400000	0.006328151984258392	0.9232884796163066	0.32427359637743497	-0.2689426111868225
chr4_pat	10400000	10600000	0.0062710312525276575	0.423363624707915	0.3492940783482335	-0.5146849418114345
chr4_pat	10600000	10800000	0.005985654414509647	0.41006518722935276	0.25947980189405934	-0.4514099409776113
chr4_pat	10800000	11000000	0.006236700775685532	0.7716255035090296	0.2785923859690663	-0.2626189584207385
chr4_pat	11000000	11200000	0.00620286185539872	0.9251941945734049	0.3096644480859053	-0.28377118176296356
chr4_pat	11200000	11400000	0.006274144160676798	0.8802214325158678	0.24469773274817688	-0.3412147902631757
chr4_pat	11400000	11600000	0.005962024049826511	0.4345874506185742	0.04197339196247208	-0.5849891698460762
chr4_pat	11600000	11800000	0.0038859045091843443	-1.2598728560642005	0.06372050562935776	0.2786307050029103
chr4_pat	11800000	12000000	0.005748603114660964	-0.5869447774705172	-0.058920256369362024	-0.19577108858310097
chr4_pat	12000000	12200000	0.00463485292029397	-0.902813745398179	-0.03958198675104936	0.06556813869780552
chr4_pat	12200000	12400000	0.005159092148284423	-0.6043976641329201	-0.09221156223710442	0.043894400613202544
chr4_pat	12400000	12600000	0.006069696980980157	0.6005301213769557	-0.0948075266722216	-0.3750575557357275
chr4_pat	12600000	12800000	0.0061422409689480826	0.3288727824128386	-0.09944329858185699	-0.44165200616224015
chr4_pat	12800000	13000000	0.005928556042515547	-0.24980962623398195	-0.05523661526569736	-0.5151319032670344
chr4_pat	13000000	13200000	0.005637988520380255	-0.33086413370440343	-0.04732065966861789	-0.5260092585705605
chr4_pat	13200000	13400000	0.005765217632974842	-0.22440802008210625	-0.011543105466526909	-0.5735663464215404
chr4_pat	13400000	13600000	0.006134774598554569	0.7058257773987481	-0.04121227643735301	-0.3123442914617292
chr4_pat	13600000	13800000	0.006152350803990714	0.8078317680557394	-0.096336552432802	-0.29479677593671877
chr4_pat	13800000	14000000	0.0063588730614992026	0.8623920387950121	-0.04513666102619627	-0.16854159204988645
chr4_pat	14000000	14200000	0.006010466885014729	0.5313540444665816	-0.1296291361965964	-0.3645711091394116
chr4_pat	14200000	14400000	0.005393276647904854	-0.4669701153643852	0.054793370003793786	-0.43270348038072176
chr4_pat	14400000	14600000	0.006385581949410968	0.8086964033153125	-0.04447740892555647	-0.2423380328762642
chr4_pat	14600000	14800000	0.005908629272785326	-0.02389658879949786	-0.037527309190980865	-0.4959805784451208
chr4_pat	14800000	15000000	0.005012643836034077	-0.7500528916868818	0.06469813877992475	-0.24097560864746403
chr4_pat	15000000	15200000	0.006399602106855214	-0.2853455787611589	-0.025303149709569293	-0.40207654078520516
chr4_pat	15200000	15400000	0.005613564592132948	-0.2039232747111285	-0.12182850741424196	-0.37213751786009863
chr4_pat	15400000	15600000	0.006278003896247102	0.5541856245594237	-0.1490324014764988	-0.28365212950374374
chr4_pat	15600000	15800000	0.005256709885701961	-0.4096523820240822	-0.07514456554769942	-0.42384437264195346
chr4_pat	15800000	16000000	0.0055357193410909165	0.11158300396358634	-0.16808329130913907	-0.40523129488444626
chr4_pat	16000000	16200000	0.005923173350870217	0.7470458608774655	-0.24089017948635116	-0.14182839203201422
chr4_pat	16200000	16400000	0.005935243870234868	0.8495532473018785	-0.2876310068688511	-0.10664942274560665
chr4_pat	16400000	16600000	0.005994725675043137	0.8404601233122738	-0.3253861173126057	-0.11179957363999296
chr4_pat	16600000	16800000	0.005984729997105104	0.7674151965112559	-0.24510070449091098	-0.10984801205872674
chr4_pat	16800000	17000000	0.006078545865755827	0.7455360050999125	-0.2383378041485413	-0.1020504390413348
chr4_pat	17000000	17200000	0.006271669155319822	0.635678156567999	-0.22702087507155952	-0.24904076585288412
chr4_pat	17200000	17400000	0.005660685981758379	0.049180408488352464	-0.1622311515530486	-0.4797038752073061
chr4_pat	17400000	17600000	0.006111204768520058	0.8000274851007556	-0.24498119268608404	-0.14487039533456955
chr4_pat	17600000	17800000	0.006698888917184691	0.7230674306153675	-0.21283426685549528	-0.33611362427662905
chr4_pat	17800000	18000000	0.006131356067965421	-0.049657937889342814	-0.08036166318542645	-0.3021003954785587
chr4_pat	18000000	18200000	0.004960238302798512	-0.8846549529082333	-0.03248088834165247	-0.14373089511474976
chr4_pat	18200000	18400000	0.0049772353247880185	-0.8830964881845988	-0.09239065203367965	-0.09231918195788787
chr4_pat	18400000	18600000	0.005175009041740698	-0.71511546820101	-0.2101118648118786	-0.21730673319010999
chr4_pat	18600000	18800000	0.005136910261100406	-0.2913257071947444	-0.2786248423223407	-0.31397191621351356
chr4_pat	18800000	19000000	0.005904361343831869	0.7316712468031814	-0.40355884249173707	-0.17852171053535926
chr4_pat	19000000	19200000	0.006078674810587333	0.8386202762263159	-0.4929571637789655	-0.08012702762425443
chr4_pat	19200000	19400000	0.005711457518729453	0.7879634511441156	-0.4911671949340939	-0.05815839366935906
chr4_pat	19400000	19600000	0.00592635587071713	0.7657908076802146	-0.5524896976286283	-0.1257889757147911
chr4_pat	19600000	19800000	0.005768794732458803	0.7728353956482323	-0.5472349079055762	-0.11881993213808877
chr4_pat	19800000	20000000	0.006025212480635443	0.7321467063692811	-0.5321161406940165	-0.12709560314051632
chr4_pat	20000000	20200000	0.00602150159172619	0.7567079652209084	-0.5468273206195077	-0.07911349732333005
chr4_pat	20200000	20400000	0.0059314973461561515	0.7636479836794154	-0.6032479190735707	-0.07539913332068511
chr4_pat	20400000	20600000	0.005947825188407657	0.7289156047209034	-0.5648506855840328	-0.13740145727924258
chr4_pat	20600000	20800000	0.005833028570231685	0.7535963347733788	-0.5971118905700554	-0.08878936475307538
chr4_pat	20800000	21000000	0.00582376469154089	0.7467703826285766	-0.573577629164409	-0.09325045706172948
chr4_pat	21000000	21200000	0.005779362128548956	0.7884599655445482	-0.5579703061931376	-0.06802658010091828
chr4_pat	21200000	21400000	0.006101500705663335	0.8165366316423552	-0.5533982703336542	-0.08499128935516581
chr4_pat	21400000	21600000	0.006126883187011025	0.8179876375201004	-0.4912301860863413	-0.11820636919915546
chr4_pat	21600000	21800000	0.005917244249191146	0.7613477359273952	-0.3696816599245391	-0.1356237314193083
chr4_pat	21800000	22000000	0.006706255959386524	0.5557258559248445	-0.3961305542108951	-0.34814993389391014
chr4_pat	22000000	22200000	0.005785623301484199	-0.24921294392509127	-0.30941592360478215	-0.41441814136305466
chr4_pat	22200000	22400000	0.006306929180274354	-0.5233816674290872	-0.3180904811548965	-0.28987782781035826
chr4_pat	22400000	22600000	0.005196427496389557	-0.687761098326321	-0.3288711375979121	-0.0093628754851323
chr4_pat	22600000	22800000	0.004615132469169832	-1.0146155163974557	-0.3014864190130254	0.06188655188420766
chr4_pat	22800000	23000000	0.004975976237727601	-1.0306481563400949	-0.2683516358472021	-0.06578533858921258
chr4_pat	23000000	23200000	0.00679346650000498	0.2611786658366392	-0.4325998349913532	-0.42186062472189323
chr4_pat	23200000	23400000	0.007289122098602146	0.5225992022149705	-0.42129869270885956	-0.4910067616836527
chr4_pat	23400000	23600000	0.0067736045334392155	0.4515189563224607	-0.4227512442013396	-0.43520027041040016
chr4_pat	23600000	23800000	0.0055832937836354825	-0.7825161636062726	-0.31852681478135303	-0.36140278189915304
chr4_pat	23800000	24000000	0.0053779411381054115	-0.7249519154581964	-0.38859732884313486	-0.37740214374806763
chr4_pat	24000000	24200000	0.006515056581599467	0.6925894857546709	-0.49691222632392074	-0.27613413514377494
chr4_pat	24200000	24400000	0.006209889725717219	0.7584528152567824	-0.5078071275830572	-0.2517693737683912
chr4_pat	24400000	24600000	0.005619868917344801	0.017492685361719496	-0.3205522635835302	-0.4789102692736657
chr4_pat	24600000	24800000	0.005887534251156102	0.7639059620918761	-0.482467755456654	-0.24801021554837313
chr4_pat	24800000	25000000	0.006175148058016776	0.8817139979146341	-0.4448443964022546	-0.1361624974966778
chr4_pat	25000000	25200000	0.006600315660967704	0.8526423287678622	-0.42462096743801314	-0.186842345361876
chr4_pat	25200000	25400000	0.006592548781149489	0.25678970043556976	-0.36059076651384886	-0.588332283968242
chr4_pat	25400000	25600000	0.005990344417345459	-0.25594202914520087	-0.3608883697321243	-0.465736780079364
chr4_pat	25600000	25800000	0.00461519923586232	-1.2418968780409754	-0.3614346985251641	0.2755605153472521
chr4_pat	25800000	26000000	0.004791848247766791	-1.1072660092083666	-0.3522111053423775	0.23837876598147845
chr4_pat	26000000	26200000	0.006715611172633544	-0.09804976363615692	-0.4157907300322462	-0.504777445682376
chr4_pat	26200000	26400000	0.006236429504742897	-0.3812551916482451	-0.34509851134398284	-0.4199940388604139
chr4_pat	26400000	26600000	0.006101102040236332	-0.6335793604727092	-0.42155653848981267	-0.25183780842684744
chr4_pat	26600000	26800000	0.006112446773929575	-0.47947418893092963	-0.404330135462685	-0.3470946165491854
chr4_pat	26800000	27000000	0.005867501714895253	-0.7281333322764177	-0.40544533466057164	-0.29218310046635776
chr4_pat	27000000	27200000	0.005118573592005676	-0.8129911313776684	-0.45028710062700095	-0.086483950779434
chr4_pat	27200000	27400000	0.005460634258116522	-0.6530352591756968	-0.38341183769043996	-0.35064782058420524
chr4_pat	27400000	27600000	0.004987525615637971	-0.7596542135083205	-0.3721025642442165	-0.3353116690622809
chr4_pat	27600000	27800000	0.006449398164458632	0.3156242387457483	-0.43354528679667825	-0.5044447461566551
chr4_pat	27800000	28000000	0.006444177988152574	0.8690898676637782	-0.5737758269390634	-0.2517639488001951
chr4_pat	28000000	28200000	0.005996989695702229	0.8567557449259061	-0.5162458457830874	-0.15008531135823966
chr4_pat	28200000	28400000	0.00605046675478238	0.8559099518232226	-0.5494498602194786	-0.07892811343360083
chr4_pat	28400000	28600000	0.006164875534475823	0.7871512515864554	-0.4934430148533225	-0.11593792146042083
chr4_pat	28600000	28800000	0.0062553830179107395	0.7745847285094202	-0.49145637819931015	-0.04322806758959364
chr4_pat	28800000	29000000	0.006092326931422596	0.812197054376857	-0.4915307484098233	-0.09842236888982428
chr4_pat	29000000	29200000	0.005804201714787301	0.007951808959574326	-0.425741326260705	-0.4451238124914682
chr4_pat	29200000	29400000	0.005647720529924121	-0.19962604894207062	-0.417564023551213	-0.3606433213204639
chr4_pat	29400000	29600000	0.005497263410249528	-0.43317697031913727	-0.3876847633590596	-0.5018253615155548
chr4_pat	29600000	29800000	0.005718233128256523	0.19904044213111138	-0.3886089289521419	-0.3941094371456626
chr4_pat	29800000	30000000	0.006218545909166447	0.794896518609726	-0.44969173976902876	-0.09766312073009936
chr4_pat	30000000	30200000	0.006234470466447314	0.8087364297588009	-0.40527093093541217	0.0014057610016370262
chr4_pat	30200000	30400000	0.006180660583347812	0.8532995948423027	-0.455192032760041	0.06401667144134025
chr4_pat	30400000	30600000	0.006269215305724295	0.8594153305067149	-0.44750386321265423	0.0095799144145137
chr4_pat	30600000	30800000	0.0062044608920587465	0.8653452318922792	-0.48418303026905174	-0.049742754627211956
chr4_pat	30800000	31000000	0.006086541045371524	0.879807121457972	-0.42188206581024407	-0.05045546050307599
chr4_pat	31000000	31200000	0.006223468895057191	0.40892618282463283	-0.36017496591347825	-0.38673402152821146
chr4_pat	31200000	31400000	0.006627291580585487	0.5859818414500545	-0.3699120528811022	-0.2907341607027265
chr4_pat	31400000	31600000	0.005828264981483547	-0.5091750757729826	-0.3155944606269982	-0.4764432483076764
chr4_pat	31600000	31800000	0.005300853912544889	-0.8118600951000495	-0.4227661929975124	-0.2268990336739922
chr4_pat	31800000	32000000	0.005271250791550564	-1.023766588396309	-0.4611514513303968	-0.04575970208981224
chr4_pat	32000000	32200000	0.005444891403536368	-0.7574643910851236	-0.3702334184718966	-0.46336802556085577
chr4_pat	32200000	32400000	0.0065417549029992295	0.44100465144936046	-0.5161528828305532	-0.5461073556347675
chr4_pat	32400000	32600000	0.006788372361862477	0.681688361651804	-0.5089870917771752	-0.3549232533288368
chr4_pat	32600000	32800000	0.006477639177610882	0.8083977766629592	-0.4864928965937384	-0.09015452214143377
chr4_pat	32800000	33000000	0.006109101740318682	0.8776325204042932	-0.49587083252937136	0.0011954011398029442
chr4_pat	33000000	33200000	0.006110409785472448	0.8879076308998987	-0.6010373951529268	-0.03232788850327942
chr4_pat	33200000	33400000	0.006252586605971058	0.8799035438462877	-0.5357515967663972	0.07023971235071387
chr4_pat	33400000	33600000	0.006079197266142601	0.8819540090785963	-0.5288468773149632	0.10398847681060493
chr4_pat	33600000	33800000	0.006395440685471932	0.8098253486653039	-0.4518165810053247	0.01133844083292246
chr4_pat	33800000	34000000	0.006592919987537639	0.8071898142146555	-0.4513654380646789	0.0359521978210371
chr4_pat	34000000	34200000	0.006276764995924459	0.7459199671406194	-0.4207107160075047	-0.02452572990717034
chr4_pat	34200000	34400000	0.00631206244692819	0.22255353130157537	-0.3694175492936512	-0.14419010785941094
chr4_pat	34400000	34600000	0.005910441506128671	-0.22527885801963468	-0.32266963044939584	-0.4103573320678675
chr4_pat	34600000	34800000	0.004560372077865705	-0.9676857348701856	-0.4089561556361373	-0.1331318843533192
chr4_pat	34800000	35000000	0.005705873931156002	-0.04233241120919208	-0.2648211454275807	-0.3247218089906054
chr4_pat	35000000	35200000	0.006312623399882938	0.7820272243244881	-0.2617169850053454	-0.04415965241990183
chr4_pat	35200000	35400000	0.0063269635192771895	0.7696278100472342	-0.2927358733577737	-0.07897810744006208
chr4_pat	35400000	35600000	0.005049266934349938	-0.2300534663760914	-0.27164573834641575	-0.19129904038424755
chr4_pat	35600000	35800000	0.005142581134317189	-0.5129646349039534	-0.38233943017880595	-0.18207297990004256
chr4_pat	35800000	36000000	0.006072157846480475	-0.37436565036942254	-0.33925584064513914	-0.45695470955979794
chr4_pat	36000000	36200000	0.006561905801815864	0.3036362138051936	-0.30739577143943353	-0.39315846001503024
chr4_pat	36200000	36400000	0.006384613662406363	0.8210073195953485	-0.29088802231137745	-0.056610235386895955
chr4_pat	36400000	36600000	0.006986878477614315	0.8587871483905509	-0.3236480984778404	-0.009469309920519161
chr4_pat	36600000	36800000	0.006291753470894123	0.8910313429377246	-0.35038349287600334	0.0005017846234829912
chr4_pat	36800000	37000000	0.006437864911190723	0.6895732915368181	-0.34606697972425643	-0.16644314953732042
chr4_pat	37000000	37200000	0.005229389058809658	-0.5341906779589434	-0.33475461757395947	-0.3484910421602897
chr4_pat	37200000	37400000	0.005008386096792398	-0.8140793123846242	-0.40428015458428906	-0.1711800686803147
chr4_pat	37400000	37600000	0.0058793419672070815	-0.582813851496674	-0.3760092939685059	-0.1938186574142799
chr4_pat	37600000	37800000	0.005025167015451106	-0.5114077826332996	-0.4821380903040308	-0.08389261292566397
chr4_pat	37800000	38000000	0.006576145819213539	0.6186174940361632	-0.3594087368658619	-0.16982452917158655
chr4_pat	38000000	38200000	0.006628791247613518	0.837886039027152	-0.3412997489956859	-0.042034533980080335
chr4_pat	38200000	38400000	0.006904576554768719	0.7873534822150704	-0.3575742653352478	-0.1601407424088916
chr4_pat	38400000	38600000	0.006166090309726669	0.2990606157373416	-0.3298194889180577	-0.37522337297756025
chr4_pat	38600000	38800000	0.004704094647189637	-0.8949088284031639	-0.3628952019131111	-0.3266812641535602
chr4_pat	38800000	39000000	0.006582679841538726	0.5369141811726481	-0.33426388643569943	-0.2933416421555204
chr4_pat	39000000	39200000	0.005735963505101649	-0.2624461017461948	-0.22888619004984115	-0.5886164826695196
chr4_pat	39200000	39400000	0.006556362527795645	0.7411589483245219	-0.3477099199427591	-0.10415648708702703
chr4_pat	39400000	39600000	0.006203054385689493	0.903333733066045	-0.388301010761261	0.07249068177649728
chr4_pat	39600000	39800000	0.006114580042934288	0.9145505184124635	-0.3906571457718603	0.1718063953057489
chr4_pat	39800000	40000000	0.006359708407813255	0.9005329099104444	-0.4479526534005172	0.16514113237709888
chr4_pat	40000000	40200000	0.006314422639331636	0.8135089211625588	-0.39205604923389215	0.0019359534727690975
chr4_pat	40200000	40400000	0.006050629582714288	0.4711325661666092	-0.3032609810223069	-0.2623041334852017
chr4_pat	40400000	40600000	0.005840066223289242	-0.34165740376881526	-0.29671167506687623	-0.5397765550360022
chr4_pat	40600000	40800000	0.0059896957098464765	0.311565258568932	-0.22321201157545645	-0.34519300771519207
chr4_pat	40800000	41000000	0.0065324885464936	0.8156885805343849	-0.3193591672931436	-0.030501996813878714
chr4_pat	41000000	41200000	0.006515296415797049	0.8351178126289025	-0.299323844451974	-0.0024556939564152414
chr4_pat	41200000	41400000	0.00660895565787838	0.8353240071717224	-0.26924585636750625	0.047994822992551936
chr4_pat	41400000	41600000	0.006217619190405977	0.3636499246212375	-0.22603149455368443	-0.21584874608495513
chr4_pat	41600000	41800000	0.006753811089129088	0.4500683151902357	-0.3132029570132892	-0.33751566834255237
chr4_pat	41800000	42000000	0.007302266558675496	0.4946603127793332	-0.313959141183991	-0.4028388873410479
chr4_pat	42000000	42200000	0.0057829029010213525	-0.5037220768158978	-0.3413875705496752	-0.5240834307082132
chr4_pat	42200000	42400000	0.0077915320555756494	0.3316635404429386	-0.34791464371631237	-0.45577298673583255
chr4_pat	42400000	42600000	0.004672451545867038	-1.2916455649925165	-0.636414323796543	0.3881102216931163
chr4_pat	42600000	42800000	0.006588256198604846	-0.8919635032072651	-0.5001840984648506	-0.2663296870472533
chr4_pat	42800000	43000000	0.005934456347303891	-1.0406692604793535	-0.4729908156452258	-0.2582594283721929
chr4_pat	43000000	43200000	0.0068385568342484646	-0.39262490397854605	-0.4109303900451175	-0.4431925053241979
chr4_pat	43200000	43400000	0.006309429376136311	-0.24843453332604706	-0.365770578203762	-0.4594248642591388
chr4_pat	43400000	43600000	0.006375470902238772	-0.29244660978236636	-0.3798153931273617	-0.4806708731407465
chr4_pat	43600000	43800000	0.005188692796052695	-1.1160354499291907	-0.6775852884089537	-0.19700805454703726
chr4_pat	43800000	44000000	0.005714648797278017	-0.9574058488600207	-0.6404277772050042	-0.31416600141751116
chr4_pat	44000000	44200000	0.005900611401806401	-0.5653589598411944	-0.5143400120834052	-0.36353594813297596
chr4_pat	44200000	44400000	0.007668361966269328	0.5039051424730528	-0.2631061815563654	-0.5360522352093029
chr4_pat	44400000	44600000	0.007685798122609707	0.4724999078075899	-0.22329918449992014	-0.514129073641984
chr4_pat	44600000	44800000	0.005226884016766967	-0.7756909215178496	-0.3919063412641996	-0.4982301254753923
chr4_pat	44800000	45000000	0.005314757372708864	-0.9153771733155456	-0.3441256226142754	-0.40927642212021165
chr4_pat	45000000	45200000	0.006177355309619396	-0.06614011823404096	-0.23280352002253962	-0.36733833521585785
chr4_pat	45200000	45400000	0.006738629901675414	0.8369299084400302	-0.07233711793609936	-0.08466501374588026
chr4_pat	45400000	45600000	0.006945507304040695	0.8743470985051601	-0.06150546149816165	-0.059605646218212405
chr4_pat	45600000	45800000	0.004171373764313567	0.23985493451384038	-0.7045347066979613	0.025641774219240424
chr4_pat	45800000	46000000	0.006671547812985403	0.00902817170440156	-0.2340945079900458	-0.4971930827336152
chr4_pat	46000000	46200000	0.004695262229842884	-1.2637202988421712	-0.45154564044507856	-0.19036243012943208
chr4_pat	46200000	46400000	0.007294742814634905	0.19248701864802895	-0.17270772729278613	-0.40983467708756577
chr4_pat	46400000	46600000	0.006254475437647613	-0.3248309342625751	-0.2661961341501713	-0.5165557403763511
chr4_pat	46600000	46800000	0.007324014834538856	0.04753855282896802	-0.21440648705948684	-0.4914151550336569
chr4_pat	46800000	47000000	0.005776070081030064	-0.46542515148988517	-0.23691201880728516	-0.4802562898444432
chr4_pat	47000000	47200000	0.007211717570446647	0.5626066381596115	-0.11187269767767674	-0.2701824134183221
chr4_pat	47200000	47400000	0.005797221929364457	-0.5943623049124016	-0.332035294982483	-0.4798304126375617
chr4_pat	47400000	47600000				
chr4_pat	47600000	47800000				
chr4_pat	47800000	48000000	0.004909760555796416	-1.2180208899683709	-0.4630683317243557	-0.10445845626709648
chr4_pat	48000000	48200000	0.007369922650713921	-0.5211557237378518	-0.3283764344275761	-0.4760381259554973
chr4_pat	48200000	48400000	0.00807462810358808	0.2522240700590456	-0.12112278007375198	-0.2545773738793308
chr4_pat	48400000	48600000	0.005308729732384	-0.8615816453431211	-0.33419622372234226	-0.09516008453233324
chr4_pat	48600000	48800000	0.005548893383742814	-0.7224209626013312	-0.3327134646349379	-0.20844066287505778
chr4_pat	48800000	49000000	0.0068655752603862235	0.4463074359242112	-0.04947150786789669	-0.07535781239464681
chr4_pat	49000000	49200000	0.006567385949370152	0.35476528029938664	-0.16823609568469475	-0.17936614785558397
chr4_pat	49200000	49400000	0.00842583203080025	0.25681690810580354	-0.2537026040886893	-0.21915646361462898
chr4_pat	49400000	49600000	0.005246789727490006	-1.01369662627851	-0.3388021486622026	-0.2225655429643862
chr4_pat	49600000	49800000	0.004282510976412443	-1.319968774834758	-0.5995662874025443	0.21648936725516935
chr4_pat	49800000	50000000	0.006452231574913877	0.1393167505227168	-0.0704344642907069	-0.12547855565439026
chr4_pat	50000000	50200000	0.0070866741126623	0.7862738348152434	-0.08949588856466369	0.1455688000393252
chr4_pat	50200000	50400000	0.0070588333642705	0.7821320038515996	-0.15721276431774991	0.12006830194096978
chr4_pat	50400000	50600000	0.006656490164586062	0.8550025244189207	-0.13399113333656387	0.1711479314030051
chr4_pat	50600000	50800000	0.007271029998254714	0.7632003162435935	-0.23521839947481965	-0.04039830874666189
chr4_pat	50800000	51000000	0.0076685918538382395	0.753544112687275	-0.17729599069298016	0.06401541408905126
chr4_pat	51000000	51200000	0.007121110341372851	0.679403663844279	-0.08351739994759012	0.07885851074973625
chr4_pat	51200000	51400000	0.006875743935958256	0.2086133193923405	-0.21489844247849418	-0.1373996967501756
chr4_pat	51400000	51600000	0.006466692435877406	-0.27298656631470775	-0.2632621771934488	-0.404224895665782
chr4_pat	51600000	51800000	0.007003945100649106	0.6944777551868099	-0.16652607824719293	0.19974411719419982
chr4_pat	51800000	52000000	0.006554593050188633	0.8497923048342038	-0.19170325345967434	0.33557118872807573
chr4_pat	52000000	52200000	0.006607186918239055	0.8326507897330205	-0.1625731106558742	0.3251133532036393
chr4_pat	52200000	52400000	0.006754605124179671	0.8096255278990216	-0.17788573972897295	0.35930722823230177
chr4_pat	52400000	52600000	0.006609873243568954	0.7719950256722561	-0.11030523928408843	0.4138792301354959
chr4_pat	52600000	52800000	0.006485288066131375	0.4949680885016899	-0.018374071409933863	0.16927497683497134
chr4_pat	52800000	53000000	0.006878631398112428	0.7844056383277735	-0.08085308460135968	0.3885741861695582
chr4_pat	53000000	53200000	0.007101727991541438	0.7035558893212278	-0.15921635109848595	0.1384563859834778
chr4_pat	53200000	53400000	0.00737357010486958	0.39522061093354555	-0.15381614276431607	-0.0015734255739985133
chr4_pat	53400000	53600000	0.005510199508098037	-0.9072692467329653	-0.18720375613619217	-0.17258645794593527
chr4_pat	53600000	53800000	0.006671356074667938	-0.42186687788808835	-0.18541332117417786	-0.269746354474412
chr4_pat	53800000	54000000	0.007915231541420646	0.4307976693231682	-0.20388373652506314	-0.12228103423055658
chr4_pat	54000000	54200000	0.007494464643845053	0.627015992580326	-0.22964058957760505	-0.058051847543994145
chr4_pat	54200000	54400000	0.007768463057160275	0.6797839110270515	-0.20084793544255874	-0.020398687545017946
chr4_pat	54400000	54600000	0.008518113540286667	0.6986460445512412	-0.1513334747960338	0.018671209447091542
chr4_pat	54600000	54800000	0.007886654786103673	0.7329393210484025	-0.1727277344499966	0.006309736421180409
chr4_pat	54800000	55000000	0.007886731180582933	0.7603495278294425	-0.2059676882836584	0.007290825476719439
chr4_pat	55000000	55200000	0.008122307547873003	0.7396562977976748	-0.21646410745274466	0.12484140538914906
chr4_pat	55200000	55400000	0.007750610069010146	0.7628743578166642	-0.16117748844303115	0.3089179416493219
chr4_pat	55400000	55600000	0.007053617945815538	0.7634991549552702	-0.24133306496666906	0.4013800751237882
chr4_pat	55600000	55800000	0.009073784050962465	0.7722476844079129	-0.2628100344565194	0.4190609115453938
chr4_pat	55800000	56000000				
chr4_pat	56000000	56200000				
chr4_pat	56200000	56400000				
chr4_pat	56400000	56600000	0.0062612735597520905	-0.9830221813738644	-0.4998365890985898	0.5739974510253051
chr4_pat	56600000	56800000	0.005770114490485615	-0.9606546867617903	-0.457022119984	0.42874445970697245
chr4_pat	56800000	57000000	0.007694230298381213	0.08279355378310783	-0.34320112096467265	0.6443388711905378
chr4_pat	57000000	57200000	0.007945337522687623	0.35486708800832384	-0.46416109748322937	0.8197816772488561
chr4_pat	57200000	57400000	0.005632114971312033	-0.7694570721464582	-0.5156195867031091	0.5910821835875142
chr4_pat	57400000	57600000	0.006233934036777746	-0.6080092073257775	-0.43488390717473285	0.5538046050676914
chr4_pat	57600000	57800000	0.005007667864486165	-0.8623343853791948	-0.42101547969409403	0.521178882559913
chr4_pat	57800000	58000000	0.0067203117223236875	-0.22954887333687946	-0.41136251827449566	0.4456256255406972
chr4_pat	58000000	58200000	0.006862064521892314	-0.09446771004058954	-0.4278842279701979	0.39885202703237943
chr4_pat	58200000	58400000	0.006683810676732355	0.1238070171196246	-0.42846489372533947	0.491747826724719
chr4_pat	58400000	58600000	0.006700624050839915	0.4400478322978912	-0.4673668774324783	0.7234225088031291
chr4_pat	58600000	58800000	0.005696272149432175	-0.4093157579385294	-0.3626714425766143	0.2011091888912234
chr4_pat	58800000	59000000	0.006973990691113389	0.47847755746012655	-0.45489797081000616	0.6608354012356354
chr4_pat	59000000	59200000	0.007066076207187637	0.630769245557345	-0.4201067395685145	0.6328065409573157
chr4_pat	59200000	59400000	0.0067511644755592695	0.7646914345407043	-0.3664216804125729	0.7063148465551794
chr4_pat	59400000	59600000	0.0063896618457382585	0.43030914798382536	-0.37136387357631856	0.5015902264330592
chr4_pat	59600000	59800000	0.006568292222675392	0.07889224624324433	-0.3666587321278879	0.2627517328031081
chr4_pat	59800000	60000000	0.00600369020197541	-0.4145944893654354	-0.2907792851399201	0.06955140002469924
chr4_pat	60000000	60200000	0.009533210552675038	-0.08408360902162405	-0.38009310826229503	0.18517242574725554
chr4_pat	60200000	60400000				
chr4_pat	60400000	60600000				
chr4_pat	60600000	60800000				
chr4_pat	60800000	61000000				
chr4_pat	61000000	61200000	0.005027816934780845	-1.1749821834072731	-0.40216104126989266	0.3762690974271539
chr4_pat	61200000	61400000	0.0056409417349904106	-0.6767956171050908	-0.37140602165536646	0.2509927782795956
chr4_pat	61400000	61600000	0.00552336066766416	-0.3569723670954158	-0.4134257153553908	0.37431007842667513
chr4_pat	61600000	61800000	0.006465093566012273	0.534559185255854	-0.4372178392397156	0.5704504593172257
chr4_pat	61800000	62000000	0.005876986127708363	-0.26815669158410604	-0.34088757335997705	0.2554006921560004
chr4_pat	62000000	62200000	0.0068682676929640914	0.1183542691318019	-0.35701958692471264	0.38132274377748054
chr4_pat	62200000	62400000	0.005861126511537411	-0.4353026080886237	-0.23740830655431774	0.12249595474118649
chr4_pat	62400000	62600000	0.007242251484248302	0.08999426767506129	-0.404729950600243	0.3243843322612504
chr4_pat	62600000	62800000	0.006975829106015531	-0.5505523769618648	-0.3506844376762789	0.20377773060209728
chr4_pat	62800000	63000000	0.005902118019822847	-0.7667074245772554	-0.327269577687497	0.22023978507074454
chr4_pat	63000000	63200000	0.007504587805770226	0.47260468039883335	-0.32345872158603584	0.4582454503790755
chr4_pat	63200000	63400000				
chr4_pat	63400000	63600000	0.005944064009321357	-1.2433524360327184	-0.4898397479520329	0.37339946198817603
chr4_pat	63600000	63800000	0.004397943134342056	-1.228224216863581	-0.35262529202033843	0.38024063829282356
chr4_pat	63800000	64000000	0.006966867896803032	0.18192458856368446	-0.23862394407869178	0.21779024371583353
chr4_pat	64000000	64200000	0.007109704243037638	0.7298359819268401	-0.2598600341537856	0.5123864883307057
chr4_pat	64200000	64400000	0.007301698518764383	0.8447814627695346	-0.20648461202727458	0.5244770459858207
chr4_pat	64400000	64600000	0.00754142424733946	0.7961637674955921	-0.22498530623259852	0.28929844838938484
chr4_pat	64600000	64800000	0.007353866721779519	0.746717657600087	-0.1506252674588806	0.26989142241022623
chr4_pat	64800000	65000000	0.007274416897805423	0.682187378633668	-0.19906908466451267	0.3352298091090099
chr4_pat	65000000	65200000	0.006910057179506132	0.49109694298354617	-0.2476016835771364	0.3619820733284341
chr4_pat	65200000	65400000	0.006225351202290554	-0.2178757836624151	-0.27560848203012284	0.18986307943435396
chr4_pat	65400000	65600000	0.004475842412569471	-1.171013370979789	-0.21746613109676535	0.2733685345725787
chr4_pat	65600000	65800000	0.0061373657548979286	-0.3153297827267695	-0.25831741347611253	0.1474058338356067
chr4_pat	65800000	66000000	0.006906785544732792	0.44365180703940343	-0.325977364284665	0.43432764900806614
chr4_pat	66000000	66200000	0.006011360184618594	-0.10469107028899045	-0.2505999869454483	0.1675635275132063
chr4_pat	66200000	66400000	0.005859168848850239	-0.3659322478311004	-0.18148447099331458	-0.04145210997976529
chr4_pat	66400000	66600000	0.005191168090567522	-0.6996303207383459	-0.15091246038128864	0.0373161144262807
chr4_pat	66600000	66800000	0.006959419160690413	0.3548878824558224	-0.08956788219574167	0.39428034134050044
chr4_pat	66800000	67000000	0.007142706496016526	0.7029763436968447	-0.19132920108010273	0.3892035948404083
chr4_pat	67000000	67200000	0.007277900464798074	0.2627606812870142	-0.06589735071290764	0.04876444196696828
chr4_pat	67200000	67400000	0.00763159593730938	0.6239429194961069	-0.10775028463634877	0.0873452594033038
chr4_pat	67400000	67600000	0.007227298819012285	0.5802257485440953	-0.11318766501740249	0.17154512524184803
chr4_pat	67600000	67800000	0.007006921144300284	0.4164893414281932	-0.02068117154341225	0.19508686574498396
chr4_pat	67800000	68000000	0.007549726476612352	0.44767045678050577	-0.09291708354201644	0.09163440583369835
chr4_pat	68000000	68200000	0.005089436390480614	-1.0967721593841993	-0.1891163131596122	-0.015712932930862348
chr4_pat	68200000	68400000	0.004870507896929327	-1.1197314821049902	-0.2974604972052909	0.13948499076629856
chr4_pat	68400000	68600000	0.005975565740224173	-1.0092145586587649	-0.31284755356091853	0.07529936538391814
chr4_pat	68600000	68800000	0.006054919096580548	-0.6660720269220874	-0.11937431437513035	-0.0009001238890060145
chr4_pat	68800000	69000000	0.004544753691334804	-1.268807694300703	-0.374712548806846	0.28349220119742674
chr4_pat	69000000	69200000	0.004992686057877044	-1.1211660233601266	-0.2916114870280862	0.21712561785021542
chr4_pat	69200000	69400000	0.004718659327460076	-1.1378993436266924	-0.1693955135702927	0.2694818344075999
chr4_pat	69400000	69600000	0.006342074673317357	-0.7684683424969986	-0.08423993908706047	-0.23408235691149631
chr4_pat	69600000	69800000	0.008057801858733116	-0.3293439184997431	-0.016165488931626996	-0.2835891742997491
chr4_pat	69800000	70000000	0.0061517377589702825	-0.7084402359406619	0.09245639746136843	-0.1421457788108157
chr4_pat	70000000	70200000	0.0067391484103238265	0.06865831408013556	0.13998302567508708	-0.08014902714424639
chr4_pat	70200000	70400000	0.006400253519779161	0.7583914210554424	0.3515077301640286	0.33318123856843823
chr4_pat	70400000	70600000	0.006542023829713846	0.7908296888802481	0.351387332596235	0.338070339333897
chr4_pat	70600000	70800000	0.006375696241495607	0.8556141005768216	0.34357508259576247	0.44639838300856033
chr4_pat	70800000	71000000	0.006175011565053399	0.8432596961164404	0.4275626338746064	0.40232013561437
chr4_pat	71000000	71200000	0.006385464296765236	0.8375065679695091	0.4528401267384441	0.4336519756140585
chr4_pat	71200000	71400000	0.006593892689424429	0.8058340337046191	0.4032081065105173	0.3305635264159571
chr4_pat	71400000	71600000	0.006623635906760878	0.8388970499262363	0.517420076250655	0.3526910145386384
chr4_pat	71600000	71800000	0.006786149156505162	0.8081837134751991	0.49749977865430456	0.3110737175293657
chr4_pat	71800000	72000000	0.006958717064862686	0.8260049788912824	0.5451740793741017	0.24130452045201198
chr4_pat	72000000	72200000	0.006731619347271378	0.8794267871260375	0.5901209399890922	0.2700246087111551
chr4_pat	72200000	72400000	0.006503277154182878	0.8947283301382637	0.6456502996565536	0.2838664794433988
chr4_pat	72400000	72600000	0.006821370243212431	0.9497055114736875	0.7079641362991177	0.4035479975064606
chr4_pat	72600000	72800000	0.006730676016078225	0.9278966030068312	0.5685088029756143	0.26513963123588696
chr4_pat	72800000	73000000	0.006786555535130613	0.7357300367765058	0.28021942087502777	0.07840805786240446
chr4_pat	73000000	73200000				
chr4_pat	73200000	73325478				
chr4A_pat	0	200000	0.005432116571447096	-0.6882849525828502	0.015848328154232587	-0.20420885764700156
chr4A_pat	200000	400000	0.007826162703601522	0.364700624499109	0.48518852192229645	-0.07531158065633121
chr4A_pat	400000	600000	0.008388950426317002	0.3219239185334303	0.6746676705258554	0.06282262865807327
chr4A_pat	600000	800000	0.00842322988133715	-0.0031938607113985488	0.8087028095935018	0.0062587654839539155
chr4A_pat	800000	1000000	0.007652106052393042	-0.6013352455202285	0.5028204944523533	0.029970103534557032
chr4A_pat	1000000	1200000	0.008207045687749293	0.6511153489469843	0.7255660240054915	-0.2706438072242251
chr4A_pat	1200000	1400000	0.008015179117575155	1.0686859688013444	-0.022799953270560447	-0.2604629413190707
chr4A_pat	1400000	1600000	0.007059471025787183	0.497205214282076	0.2527586622388091	-0.29100657234647237
chr4A_pat	1600000	1800000	0.00616569457518255	-0.0441685832902447	0.3718574229009794	-0.192064373011331
chr4A_pat	1800000	2000000	0.007358919636889648	0.9928862335455907	-0.17061572294572558	-0.5022733716477598
chr4A_pat	2000000	2200000	0.0071649558564166735	0.9633012802929395	-0.24143033792982854	-0.6792160363443844
chr4A_pat	2200000	2400000	0.007359917259939415	0.9356434536033537	-0.27069846097849704	-0.7682201159562111
chr4A_pat	2400000	2600000	0.006833204204020583	0.9291567088505385	-0.25541123830135554	-0.7604447323238697
chr4A_pat	2600000	2800000	0.006803441934318168	0.9067626493378792	-0.16348325541336053	-0.7105757616228805
chr4A_pat	2800000	3000000	0.006803200002002948	0.9444476744244963	-0.2623493204849803	-0.6619885261329237
chr4A_pat	3000000	3200000	0.006723349107840842	0.9061022882180695	-0.1992843403565865	-0.6983320541505806
chr4A_pat	3200000	3400000	0.0064998076268837955	1.0190700710304341	-0.2635432107306706	-0.5400734536988885
chr4A_pat	3400000	3600000	0.006656630475088709	0.9485287315048634	-0.17373244225830806	-0.46758598702411475
chr4A_pat	3600000	3800000	0.006136510305846352	0.3772386519608629	-0.09431558556940431	-0.3934156126688804
chr4A_pat	3800000	4000000	0.00595049440738419	0.2856416871386957	0.17917933524889978	-0.3231931516087328
chr4A_pat	4000000	4200000	0.00580521147563769	0.09967353886189854	0.11331572708878734	-0.22698029775432427
chr4A_pat	4200000	4400000	0.005647360835725392	-0.06331541969268335	0.34406238242533127	-0.06948260097028915
chr4A_pat	4400000	4600000	0.007029052086459205	0.7162689825790092	0.33996701333171697	-0.11997780065965119
chr4A_pat	4600000	4800000	0.004552906976780284	-0.5830254442807017	0.0897948895944077	-0.13469951993217663
chr4A_pat	4800000	5000000	0.0048757664167952235	-0.7269530024980296	-0.062290580848844375	-0.18437105832980896
chr4A_pat	5000000	5200000	0.005346383727334865	-0.5589224062157093	0.32622917240962246	-0.1104819063490087
chr4A_pat	5200000	5400000	0.005998791560826748	-0.43210126855722514	0.6879378911108823	-0.1442409592342346
chr4A_pat	5400000	5600000	0.007373852640018212	0.11731123307288573	0.7279071755175411	-0.32251555625517203
chr4A_pat	5600000	5800000	0.008731576783336104	0.4423802841237877	0.8824338994531028	-0.3370300236990018
chr4A_pat	5800000	6000000	0.006531694578211132	-0.629715991719095	0.460583102231845	-0.10201228987087942
chr4A_pat	6000000	6200000	0.006083829066017127	-0.402818950265487	0.382703780570111	-0.12396853757845658
chr4A_pat	6200000	6400000	0.005826198608997402	-0.4707059032055517	0.22330972833854146	-0.17868454421135122
chr4A_pat	6400000	6600000	0.0051723343739430916	-0.5648142210392021	-0.035148670858926444	-0.21066711884288897
chr4A_pat	6600000	6800000	0.005050115252951902	-0.7441442398124293	-0.1256463303750786	-0.22502419586353026
chr4A_pat	6800000	7000000	0.007044869051262462	0.14585358480813532	0.6993659983775069	-0.23635958660848785
chr4A_pat	7000000	7200000	0.0063880607989916975	-0.246878940334366	0.27239568251584817	-0.21183564886378808
chr4A_pat	7200000	7400000	0.005680307932650847	-0.5413288935340429	0.11347305975763079	-0.25361779806277296
chr4A_pat	7400000	7600000	0.005255235665449994	-0.5206634220462135	0.1117254564103865	-0.2550190645174509
chr4A_pat	7600000	7800000	0.007034110750928315	0.5614249476332704	0.41216187659732934	0.07717479260723971
chr4A_pat	7800000	8000000	0.005607736880415379	-0.3706636082159693	0.2535494225486414	-0.17674833732686462
chr4A_pat	8000000	8200000	0.006619179751518523	0.3945339942347389	0.28883292836218843	-0.06718908430605787
chr4A_pat	8200000	8400000	0.007261739574678103	1.1303544772247305	-0.19220307248492585	0.228985795540649
chr4A_pat	8400000	8600000	0.006060184457541007	0.3177846780421533	0.2437832536659836	-0.062393647575092304
chr4A_pat	8600000	8800000	0.0046522961143948315	-0.6341879370238446	0.05089524787621945	-0.20907962424494259
chr4A_pat	8800000	9000000	0.004177143126851132	-0.7559787650176836	-0.19170810041105527	-0.2838171077775599
chr4A_pat	9000000	9200000	0.007312644363149222	0.9290926018997894	0.046523069801982266	0.25490052816243675
chr4A_pat	9200000	9400000	0.0070675457282630555	1.1595415056274276	-0.161801210396746	0.4800811624688691
chr4A_pat	9400000	9600000	0.005255668136670687	-0.15643170435291187	0.04724363048980897	0.02509860424254117
chr4A_pat	9600000	9800000	0.0044918013314541256	-0.6917103537083802	-0.11776260679396695	-0.1121023572221201
chr4A_pat	9800000	10000000	0.006512663305288222	0.8960925242274571	0.08737546597537924	0.24682934711809437
chr4A_pat	10000000	10200000	0.006922541704870617	1.056300771539463	-0.138477017607891	0.47918643794167437
chr4A_pat	10200000	10400000	0.0067936937570585295	0.8703993915754787	-0.12598548534386883	0.5066452992182924
chr4A_pat	10400000	10600000	0.006905093089088684	0.9738581527413018	-0.13445859017793757	0.5198851788949567
chr4A_pat	10600000	10800000	0.006215321942173363	0.1945632889098162	0.08843265423161155	0.07291822657617564
chr4A_pat	10800000	11000000	0.004680402207495346	-0.6454632774428285	-0.35590918743384337	-0.25639990052433964
chr4A_pat	11000000	11200000	0.004755780708345556	-0.588100980753482	-0.12163148346191006	-0.2849849727974671
chr4A_pat	11200000	11400000	0.004909640268420644	-0.4751374945418479	-0.2690829959874696	-0.3901503610606876
chr4A_pat	11400000	11600000	0.004381134416704613	-0.7608467047383062	-0.3766729864587917	-0.32833953369266383
chr4A_pat	11600000	11800000	0.006295666803219776	0.15178770598368718	0.3685398832951478	-0.21518247353915448
chr4A_pat	11800000	12000000	0.005962534012344555	-0.1956382508137813	0.336135488322414	-0.20714949712710515
chr4A_pat	12000000	12200000	0.006206590041436419	-0.1357066203162554	0.21876374145970037	-0.25939393808722816
chr4A_pat	12200000	12400000	0.004642874291476758	-0.7043807446609371	-0.24975107534283203	-0.2497936825859242
chr4A_pat	12400000	12600000	0.005822917013353608	0.09566522217462982	0.11075302634103812	-0.38551926081968424
chr4A_pat	12600000	12800000	0.006474402612298409	0.4382190523518338	0.16442865472124513	-0.3898135144428738
chr4A_pat	12800000	13000000	0.006769487204102302	0.9481791350276261	-0.017082959604436444	-0.32878226628370794
chr4A_pat	13000000	13200000	0.005736120403097444	0.2653859769061263	0.10513220645396995	-0.3355618626267501
chr4A_pat	13200000	13400000	0.006245294425774591	0.5861177468079078	0.024520157348075663	-0.38121270910296357
chr4A_pat	13400000	13600000	0.006639721162338222	0.99376369274258	-0.21374451557957208	-0.3757496327375239
chr4A_pat	13600000	13800000	0.007136745734839819	1.0300807088174782	-0.1890183971310403	-0.27242316700765956
chr4A_pat	13800000	14000000	0.0067929045855690375	1.0408873207010876	-0.2574939104040827	-0.21722975221919505
chr4A_pat	14000000	14200000	0.006892079538025765	1.0241271271184722	-0.10883900715011388	-0.1256817612320786
chr4A_pat	14200000	14400000	0.007056672106174664	1.0803942615865318	0.06774545902465899	-0.12353233121738513
chr4A_pat	14400000	14600000	0.005185415997519117	-0.2258583537827521	0.32184709399425815	-0.14566012077670376
chr4A_pat	14600000	14800000	0.006862340723520402	-0.8654849373147812	-0.07657327553208003	-0.31165690536487395
chr4A_pat	14800000	15000000	0.006356475953018018	-0.7147610851065711	0.2910933937746717	-0.31090761986405985
chr4A_pat	15000000	15200000	0.0048905016166486785	-0.8868428642969979	-0.24811890348765764	-0.3896012276724766
chr4A_pat	15200000	15400000	0.006303292531364919	-0.4448757371027767	0.6218219344022373	-0.21934469881813945
chr4A_pat	15400000	15600000	0.006240471170179132	-0.29130349952761486	0.6772834995134628	-0.16305325614539926
chr4A_pat	15600000	15800000	0.005715428271087144	-0.4458549880512764	0.3625341675238952	-0.106676138425359
chr4A_pat	15800000	16000000	0.007671767578541869	0.44907986201032085	0.8026620831993161	0.06963881859134795
chr4A_pat	16000000	16200000	0.006526760110427959	0.2393838674756634	0.4998765474692798	-0.022529363328010008
chr4A_pat	16200000	16400000	0.004888998943485766	-0.7025286696391079	-0.03287870156808647	-0.0891809814008703
chr4A_pat	16400000	16600000	0.006736980625901183	-0.12266464972032673	0.4517199825249252	-0.0548073312671936
chr4A_pat	16600000	16800000	0.005535852010498299	-0.3877069356608858	0.1525307795922358	0.006247235178861527
chr4A_pat	16800000	17000000	0.005214069871420448	-0.20520814883746477	-0.17413183574613625	-0.09404469287811038
chr4A_pat	17000000	17200000	0.005482346451018729	-0.4317006257591799	0.061748461905410265	-0.10974217936864747
chr4A_pat	17200000	17400000	0.007857231270532755	0.5851512099791762	0.4797664412942548	0.07326199798474915
chr4A_pat	17400000	17600000	0.007737675821881743	0.7917811540982095	0.34766978168632784	0.27088254411580387
chr4A_pat	17600000	17800000	0.008592980846733711	0.9537726967149227	0.2886859224414564	0.30456420520920024
chr4A_pat	17800000	18000000	0.009574322648564101	0.655898890192815	0.6710647554399984	0.13120813421325975
chr4A_pat	18000000	18200000	0.007927475379802398	-0.2747398602185976	0.7545887804145727	-0.06855847989598655
chr4A_pat	18200000	18400000	0.005965629477276194	-0.7901607236866828	0.1952424350924404	-0.21286634616486194
chr4A_pat	18400000	18600000	0.004815104852132445	-0.8459687098638843	-0.20076014761890648	-0.3745344681575598
chr4A_pat	18600000	18800000	0.00480376915955754	-0.8540310995411216	-0.23939952200052358	-0.4272303730593067
chr4A_pat	18800000	19000000	0.005274291354650546	-0.7137442082799033	0.033064901624881834	-0.27537695080062985
chr4A_pat	19000000	19200000	0.0080780470163167	1.0202748671887116	0.4007367189117091	0.2123322960781157
chr4A_pat	19200000	19400000	0.006237514626587345	0.02298581538605638	0.12285661149676273	-0.14001172852999122
chr4A_pat	19400000	19525173				
chr5_pat	0	200000				
chr5_pat	200000	400000	0.0054077441912363	-0.28533222501637506	0.7328640531790497	0.16008813935512198
chr5_pat	400000	600000	0.005848574111994272	-0.06414582424639491	0.881160090584121	0.25300079714163043
chr5_pat	600000	800000	0.006949243862516424	0.4894072084980179	1.1510320860787482	0.25816215453768726
chr5_pat	800000	1000000	0.007361402684032064	0.739374515750115	1.0962613141763005	0.26786408273657175
chr5_pat	1000000	1200000	0.004884037993095673	-0.8025958030348382	-0.3749136455436763	0.8949160612921069
chr5_pat	1200000	1400000	0.006942823675551525	0.8902884036543997	-0.5277957377539546	1.1677985550636407
chr5_pat	1400000	1600000	0.007348532952085236	1.4147952386838574	-0.43321378201412797	1.2630935358218984
chr5_pat	1600000	1800000	0.006784656202734178	0.642347608339132	-0.3904552269865697	0.9955868392460964
chr5_pat	1800000	2000000	0.0061332601992112115	-0.08137551741016574	-0.4397990250674604	0.839887801086277
chr5_pat	2000000	2200000	0.005094312565750352	-1.314875253658616	-0.6474830196857224	0.6003195872625238
chr5_pat	2200000	2400000	0.004731269441775171	-1.4784412574912176	-0.7475127983864318	0.497626274472031
chr5_pat	2400000	2600000	0.00578951902714735	-0.3741141846920264	-0.43029152551001093	0.6222390274216675
chr5_pat	2600000	2800000	0.007124965790302205	1.1332363086468433	-0.045658858327593206	0.8009977882052112
chr5_pat	2800000	3000000	0.0070205295596922285	0.780048520837612	0.037612098331139425	0.5952421761702381
chr5_pat	3000000	3200000	0.00407749285399226	-1.3357722040910334	-0.5590742478089792	0.5846393589296128
chr5_pat	3200000	3400000	0.006949331447046456	0.2607229594764028	-0.06491999479652319	0.5708057670927882
chr5_pat	3400000	3600000	0.007485882082193256	0.7549455658213918	0.038890324462104504	0.5898808223772914
chr5_pat	3600000	3800000	0.007392718319188148	1.0845707713306303	0.07956916338848462	0.6060631622258835
chr5_pat	3800000	4000000	0.0063248608443900785	0.06564438217751663	0.009694532651505647	0.4304130201188624
chr5_pat	4000000	4200000	0.005724349769844253	-0.5330646435403227	-0.07045336478131763	0.3094432981907149
chr5_pat	4200000	4400000	0.004199444618572959	-1.1294820023475207	-0.2881549057389405	0.22543828844547562
chr5_pat	4400000	4600000	0.006468710294583472	0.1616480320687694	0.2164047336016944	0.18791469531410546
chr5_pat	4600000	4800000	0.005668702950964615	-0.3491022695665111	0.10093101429659032	0.18621896986525446
chr5_pat	4800000	5000000	0.004615738836668727	-0.6903270788244477	0.038366770850812436	0.06188806944938786
chr5_pat	5000000	5200000	0.011937142538982584	-0.49564033162105914	0.28794983532353136	-0.18975752516704897
chr5_pat	5200000	5400000	0.005283782191848805	-0.935636676122512	0.07455888605208554	-0.41966568973411283
chr5_pat	5400000	5600000	0.00596042435640339	-0.6584514150086747	0.22959445875006618	-0.3714873343729618
chr5_pat	5600000	5800000	0.00563033873572713	-0.6330852778098225	0.1365486322984042	-0.29327951531784957
chr5_pat	5800000	6000000	0.0054538996555396	-0.6873565890536601	0.15297041900023958	-0.3801646581101126
chr5_pat	6000000	6200000	0.005428626176097457	-0.8937291935603932	0.039151773679956384	-0.44538659586898416
chr5_pat	6200000	6400000	0.005466230927085513	-0.680844043992265	0.16596907187301452	-0.46206108141987334
chr5_pat	6400000	6600000	0.005534371435903233	-0.5841411750324575	0.16389124807384278	-0.47233651850111147
chr5_pat	6600000	6800000	0.004277305778905388	-0.8643446985057266	0.08305264859882934	-0.45156918680731106
chr5_pat	6800000	7000000	0.005510286530140218	-1.0637682487509732	-0.12148319163073025	-0.4265568841892718
chr5_pat	7000000	7200000	0.005454390992277939	-0.6944693528738263	0.07793493389675074	-0.2901075002155342
chr5_pat	7200000	7400000	0.004316841732786614	-1.07322953986716	-0.1946933161745683	-0.2716497763624521
chr5_pat	7400000	7600000	0.005792668458433934	-0.2841136699768584	0.06991233086029583	-0.12652696501322297
chr5_pat	7600000	7800000	0.0069846603899213775	0.4739471473226195	0.2728168816263822	-0.21031168088372984
chr5_pat	7800000	8000000	0.006727923979029229	0.18107647061796472	0.21415729499369074	-0.15612566655179827
chr5_pat	8000000	8200000	0.006001178773911255	-0.27518526194731235	0.13454860658804424	-0.2168698686650045
chr5_pat	8200000	8400000	0.006790387246812222	0.30804396431529857	0.2690848562506586	-0.28417356322469883
chr5_pat	8400000	8600000	0.005664527609894796	-0.2761761204762081	0.23457005768982322	-0.33968721588501394
chr5_pat	8600000	8800000	0.006012526510600749	-0.003424797061860008	0.5120848294890878	-0.3797834754634458
chr5_pat	8800000	9000000	0.007515137788040439	0.7520937163753212	0.7433108266916519	-0.3549993773192481
chr5_pat	9000000	9200000	0.006883835017192743	0.4636394244632021	0.731114242640058	-0.43070777110866565
chr5_pat	9200000	9400000	0.006247807749748286	-0.03535366954682415	0.5567897395772994	-0.407907691102424
chr5_pat	9400000	9600000	0.006755173901552441	0.2157213296880588	0.6893807504261835	-0.4918391169078101
chr5_pat	9600000	9800000	0.005279528295811589	-0.4650219053797205	0.3500671436390106	-0.4634378394005606
chr5_pat	9800000	10000000	0.007243463813813237	0.4674834664330438	0.8116737382980475	-0.5481846422867226
chr5_pat	10000000	10200000	0.007467935041034916	0.48354131619527796	0.7786618512475797	-0.6049851574729893
chr5_pat	10200000	10400000	0.0055327225436983055	-0.362174348405316	0.5027527801237204	-0.4471879585610907
chr5_pat	10400000	10600000	0.007065635944942206	0.5128175307915733	0.8323816178701015	-0.5865270485610246
chr5_pat	10600000	10800000	0.0073853129197309145	0.5793648587517418	0.8069594979828185	-0.5882008287193484
chr5_pat	10800000	11000000	0.00731409226026195	0.6565874836503093	0.9007009161614222	-0.5330781773755896
chr5_pat	11000000	11200000	0.007477740860519028	0.6298770999719936	0.9487243325712182	-0.5942990272745913
chr5_pat	11200000	11400000	0.006349939567285697	-0.043631950121295136	0.7053109854733717	-0.5659325921695143
chr5_pat	11400000	11600000	0.004694603581920678	-0.5657238095599614	0.42152654385482197	-0.5519635169737201
chr5_pat	11600000	11800000	0.005888062455692721	-0.09430392046662209	0.7580366239635162	-0.552320335329201
chr5_pat	11800000	12000000	0.008095670917584511	0.4432560105417336	0.9504528266038677	-0.612684873937259
chr5_pat	12000000	12200000	0.006743454722586055	-0.15111998793511075	0.6536949115411703	-0.5663051567346629
chr5_pat	12200000	12400000	0.005236553989384376	-0.27462759138216936	0.6402500557112679	-0.4945808440210799
chr5_pat	12400000	12600000	0.0070592075247877025	0.5699988401662441	1.103234671115547	-0.571345083958107
chr5_pat	12600000	12800000	0.007177826494198043	0.1913676634132568	0.8945332105139536	-0.5808423072193161
chr5_pat	12800000	13000000	0.00730634633203478	0.5105885722077815	1.18602684919387	-0.5062072232261944
chr5_pat	13000000	13200000	0.005144092761917674	-0.7516032525846107	0.08806232091036244	-0.3118017694077708
chr5_pat	13200000	13400000	0.005209457143591154	-0.5415982934074437	-0.11915646738347663	-0.2545834241799936
chr5_pat	13400000	13600000	0.0056174505513090145	-0.6136395830744464	-0.08160554378678551	-0.2721477233612012
chr5_pat	13600000	13800000	0.005125044605768405	-0.9592609437727092	-0.23682040985674227	-0.35247573333153864
chr5_pat	13800000	14000000	0.006272086446193975	-0.5042887813711115	-0.052803050803467616	-0.2805139619430004
chr5_pat	14000000	14200000	0.005228224715552898	-0.7531131917308238	-0.14516678520190612	-0.31679194884780937
chr5_pat	14200000	14400000	0.007279630134093692	0.48368080442065486	0.12012384089023802	-0.21540513973601205
chr5_pat	14400000	14600000	0.006952085081288771	0.44393872329934053	0.12215600163025651	-0.2374657762782549
chr5_pat	14600000	14800000	0.005206301869699709	-0.6498259479240885	-0.05530410321894013	-0.33463028126467376
chr5_pat	14800000	15000000	0.0071121696914574	0.5283271197962217	0.32180928072672016	-0.26749217976874584
chr5_pat	15000000	15200000	0.005749016730951562	-0.3585153684516193	0.0015138467097723953	-0.3126013761766623
chr5_pat	15200000	15400000	0.0062693849250671715	0.028049995594872926	0.1960074829442638	-0.3632784108082484
chr5_pat	15400000	15600000	0.005337977487794411	-0.7996699170061248	-0.07746459025504178	-0.4682594268153848
chr5_pat	15600000	15800000	0.0065022050433178645	-0.7058323049145278	-0.0066817266029945204	-0.47013127597677135
chr5_pat	15800000	16000000	0.006727925166036578	-0.1938777801306132	0.11533023974815114	-0.42757776502579925
chr5_pat	16000000	16200000	0.007654543805658686	-0.14729130642804783	0.18230570890399617	-0.44289426395862364
chr5_pat	16200000	16400000	0.005242590682810859	-0.6755555187084148	0.044771641953038815	-0.48145545151575636
chr5_pat	16400000	16600000	0.007298998874053968	0.5967187498046869	0.36370829599429555	-0.4172187702517758
chr5_pat	16600000	16800000	0.006771206176685757	0.04289377874190974	0.24103390652216872	-0.49206509129321435
chr5_pat	16800000	17000000	0.005074119943348403	-0.5694297946411501	0.047641197471525766	-0.4720068800635882
chr5_pat	17000000	17200000	0.007762439601688292	0.46411529972931764	0.26032903775645266	-0.515969040730361
chr5_pat	17200000	17400000	0.006502574523436042	-0.24189278721478752	0.08859084714488884	-0.5705755045913458
chr5_pat	17400000	17600000	0.012552435460455464	-0.6881830885389199	0.04723964152320155	-0.5655165827182853
chr5_pat	17600000	17800000				
chr5_pat	17800000	18000000				
chr5_pat	18000000	18200000				
chr5_pat	18200000	18400000				
chr5_pat	18400000	18600000				
chr5_pat	18600000	18800000				
chr5_pat	18800000	19000000				
chr5_pat	19000000	19200000				
chr5_pat	19200000	19400000				
chr5_pat	19400000	19600000	0.0073536171624216575	0.6083567758106253	1.2311955914152093	-0.5261107541207981
chr5_pat	19600000	19800000	0.0057099141232399035	-0.44692644186427916	0.7486560649725065	-0.43249641099848524
chr5_pat	19800000	20000000	0.00665288552987429	0.021799447794772872	0.9830378117203081	-0.3753013124561229
chr5_pat	20000000	20200000	0.007470577478420975	0.2568569699000153	1.1273145027676879	-0.39287114355620506
chr5_pat	20200000	20400000	0.00640225747890904	-0.14009813117115794	0.7395320312559963	-0.3593974745570434
chr5_pat	20400000	20600000	0.005165799749380216	-0.5341936094047894	-0.08846689837885535	-0.2353758770418304
chr5_pat	20600000	20800000	0.006815010163546718	0.347801675271369	0.059592002289132244	-0.17490102091328666
chr5_pat	20800000	21000000	0.00747436560832814	0.6778278696439185	-0.05720526918054737	-0.19657188389528035
chr5_pat	21000000	21200000	0.005663591122036576	-0.2374782137627158	-0.21483720522977476	-0.19546562796471667
chr5_pat	21200000	21400000	0.006981493245689888	0.8603822528712872	-0.01063084665754352	-0.1997626180991934
chr5_pat	21400000	21600000	0.006930647701029798	1.0088553675579166	0.08523167474393864	-0.18681564031148418
chr5_pat	21600000	21800000	0.006865876133871089	0.9629798349414205	0.09234906185719555	-0.27919686226836343
chr5_pat	21800000	22000000	0.006853913435913932	0.9160986042069258	0.13127292637612256	-0.22723229878715084
chr5_pat	22000000	22200000	0.006731754757321453	0.9416910086695705	0.08055102639996743	-0.28323147244924357
chr5_pat	22200000	22400000	0.006490978792294023	0.9381730623426289	0.07302399837046498	-0.24479724193741845
chr5_pat	22400000	22600000	0.006884665385035244	0.9655284876757023	0.014839239377400185	-0.21973320536903515
chr5_pat	22600000	22800000	0.006730877125019289	0.977591863333182	-0.045304673799306236	-0.22387835424814398
chr5_pat	22800000	23000000	0.006962554745495647	1.001931928604287	-0.0414623730194287	-0.20249267884018152
chr5_pat	23000000	23200000	0.005413154876438632	-0.003662366094680451	-0.24849053174835	-0.24862059896375482
chr5_pat	23200000	23400000	0.005416923702501012	-0.64549473435088	-0.3524423283824843	-0.2517993639819492
chr5_pat	23400000	23600000	0.0057700200069928115	-0.30353405583706833	-0.2755801604007276	-0.22098257930303838
chr5_pat	23600000	23800000	0.007571464907156724	0.41964126636076793	-0.36643533248659743	-0.2744746043700902
chr5_pat	23800000	24000000	0.006892275324279968	0.2828306222030631	-0.3946786461596199	-0.3158132015537135
chr5_pat	24000000	24200000	0.0064400216449511044	-0.13920164624133807	-0.4069693274465568	-0.2855410208360111
chr5_pat	24200000	24400000	0.006714722473151036	0.6202695375972963	-0.30133379641705693	-0.23547646502885927
chr5_pat	24400000	24600000	0.006845435303492661	0.9074710806835103	-0.20767480389656492	-0.12675368280032784
chr5_pat	24600000	24800000	0.005111078847819131	-0.3064177464009772	-0.29662912011766274	-0.32545190544654445
chr5_pat	24800000	25000000	0.005108412799409749	-0.41813254351484713	-0.26842704204241885	-0.33346221510069013
chr5_pat	25000000	25200000	0.004426394349245149	-0.8957114693005241	-0.23066379607974613	-0.44263840383359754
chr5_pat	25200000	25400000	0.004876250002446618	-0.9377629782425272	-0.21904178808072994	-0.5451725062961827
chr5_pat	25400000	25600000	0.00450995268625045	-1.0821385176905933	-0.2433614802966317	-0.6302285933255093
chr5_pat	25600000	25800000	0.005829907867591074	-0.6686523380141972	-0.25582979588415516	-0.5434385728384802
chr5_pat	25800000	26000000	0.00567524564286471	-0.6391536444308009	-0.21135027016577262	-0.4661371809466622
chr5_pat	26000000	26200000	0.006554643025341435	-0.1397969825163689	-0.27424108178634954	-0.4153319160119383
chr5_pat	26200000	26400000	0.006079404046637341	-0.17579782802696967	-0.3052189629212942	-0.36512828746289727
chr5_pat	26400000	26600000	0.00679930344217825	-0.17890488665553445	-0.2834644846785183	-0.3912445847009254
chr5_pat	26600000	26800000	0.004070375240505763	-1.0088189959756915	-0.26572365636309114	-0.48683435121851953
chr5_pat	26800000	27000000	0.00518803181769897	-0.5369472294900678	-0.23596370426262328	-0.4317222772180438
chr5_pat	27000000	27200000	0.005528524504349865	-0.4549794495174377	-0.3244430490470994	-0.42571654335370823
chr5_pat	27200000	27400000	0.005979483650192235	-0.33998708620968277	-0.31829034427137093	-0.4387483814971453
chr5_pat	27400000	27600000	0.005237965502538717	-0.45647435744560033	-0.26314821780996417	-0.45351977534077714
chr5_pat	27600000	27800000	0.006594733099725602	0.5063859645861724	-0.2350808557880563	-0.31663159606325475
chr5_pat	27800000	28000000	0.0042516804489526475	-0.8440552090476702	-0.25545724380988294	-0.4816363024793765
chr5_pat	28000000	28200000	0.006226030643108449	0.14040127951214618	-0.21678279944854117	-0.38885268352036245
chr5_pat	28200000	28400000	0.004788516641954102	-0.6944819701392219	-0.1870572056789041	-0.46951002752178234
chr5_pat	28400000	28600000	0.0057983217858631735	-0.3858405348653822	-0.15278554310714304	-0.5021450033408437
chr5_pat	28600000	28800000	0.004130444337501987	-0.9556072488998529	-0.26965259204454206	-0.6325774004857652
chr5_pat	28800000	29000000	0.0051778113193795515	-0.8116660936473292	-0.2679212716049839	-0.5740124553989605
chr5_pat	29000000	29200000	0.007282507016722632	0.43718715406271175	-0.3013492732651802	-0.4334298604604679
chr5_pat	29200000	29400000	0.007410257523539858	0.8682578442309318	-0.3848457931806732	-0.3451237332541292
chr5_pat	29400000	29600000	0.004979495594300662	-0.5065260595140644	-0.4516108149180875	-0.5035533473006105
chr5_pat	29600000	29800000	0.005836969457689647	-0.18349566515613017	-0.4863454007006688	-0.4675768471747745
chr5_pat	29800000	30000000	0.006905271994933165	0.4756303590433184	-0.48309268389943016	-0.47411877207466174
chr5_pat	30000000	30200000	0.006447178966932685	-0.015086272454586904	-0.4497500017585655	-0.6490574007259767
chr5_pat	30200000	30400000	0.004887761373249329	-0.8674678760136569	-0.2999955852960979	-0.5754420083136195
chr5_pat	30400000	30600000	0.004742745373141999	-0.9995638354154921	-0.3003361347006196	-0.6394876610409361
chr5_pat	30600000	30800000	0.0051780559299073785	-0.8389384063515067	-0.30493276080371934	-0.5872190881574127
chr5_pat	30800000	31000000	0.00683737537217944	-0.0645316862317421	-0.19927523443251058	-0.5610479193367903
chr5_pat	31000000	31200000	0.005749756280076413	-0.34882248190107623	-0.233130066811589	-0.5990674393451859
chr5_pat	31200000	31400000	0.005310015337386553	-0.436543648064165	-0.29861302883560953	-0.5357157356579206
chr5_pat	31400000	31600000	0.004519998078620248	-0.7408747250625213	-0.29006572361551236	-0.5002306635282904
chr5_pat	31600000	31800000	0.005616289858760521	-0.3287627753373301	-0.2875552765261861	-0.5193967931623521
chr5_pat	31800000	32000000	0.005415866947619576	-0.523568921874244	-0.32239500441297186	-0.515721983417046
chr5_pat	32000000	32200000	0.0060063966880913346	0.2786419324712182	-0.32096844628050075	-0.46486467026070977
chr5_pat	32200000	32400000	0.006530376838342291	0.9276534688071666	-0.34688445050155825	-0.4644779673845708
chr5_pat	32400000	32600000	0.005023113397315832	-0.30026204625774594	-0.3017940830223091	-0.5100127572170493
chr5_pat	32600000	32800000	0.006264786966588283	0.2424163695696246	-0.20463311777491638	-0.49033345867523503
chr5_pat	32800000	33000000	0.00648194180708536	0.7327674834302634	-0.24702028562329295	-0.447700670548162
chr5_pat	33000000	33200000	0.005773736881085485	0.26925335873468775	-0.32328382589306115	-0.44766440109848976
chr5_pat	33200000	33400000	0.0059975237979607516	0.35433412982615237	-0.31768808461599524	-0.4181122232095514
chr5_pat	33400000	33600000	0.0064816027936640186	0.9883922370048328	-0.34757264187683445	-0.4813482019496624
chr5_pat	33600000	33800000	0.006403616159758796	0.7654250674228011	-0.42279364712209055	-0.46722608934799276
chr5_pat	33800000	34000000	0.006683063197930304	0.697416738333139	-0.3017573097579579	-0.438972001718751
chr5_pat	34000000	34200000	0.006414719321567932	0.4969887752543526	-0.24346938852333708	-0.436975770210745
chr5_pat	34200000	34400000	0.006657292321500953	0.7071644598531732	-0.19806873016198132	-0.5128297174535767
chr5_pat	34400000	34600000	0.006322717305098672	0.034611361418801286	-0.18404964521019182	-0.46782084167341165
chr5_pat	34600000	34800000	0.004656366916965051	-0.5340311638597458	-0.36439428277478114	-0.4026011143359222
chr5_pat	34800000	35000000	0.006077053424639077	0.5966030887639808	-0.41869087324480564	-0.4359816970373319
chr5_pat	35000000	35200000	0.006312139976913072	1.0427808255740723	-0.37433938333084465	-0.43275910605751194
chr5_pat	35200000	35400000	0.006295292750238454	1.081476985196606	-0.3147429632346416	-0.48568760539658784
chr5_pat	35400000	35600000	0.00616347575176782	1.0329156646011763	-0.28241979971230347	-0.4760252285216917
chr5_pat	35600000	35800000	0.006415573679795379	1.0259819282389382	-0.30742753086727365	-0.4623352990660622
chr5_pat	35800000	36000000	0.006197567668972945	1.0146246540216528	-0.32781465235512824	-0.4418434807332302
chr5_pat	36000000	36200000	0.00617664841437291	0.9447873648188819	-0.33853765260524965	-0.43146947640257827
chr5_pat	36200000	36400000	0.006420400040712847	0.6875661583463563	-0.3960733172841018	-0.3718220176153864
chr5_pat	36400000	36600000	0.006299842286603989	0.7439987117271059	-0.3224365018829368	-0.40427036960183643
chr5_pat	36600000	36800000	0.005806316741722373	0.5225963496288013	-0.32924460130350147	-0.3961413539454177
chr5_pat	36800000	37000000	0.005218493384770637	-0.2774749900062649	-0.3383126214156965	-0.4126438989028904
chr5_pat	37000000	37200000	0.003934221490912334	-1.1123609354549984	-0.2926232130709654	-0.5140327184577991
chr5_pat	37200000	37400000	0.005272496184633765	-0.390216118580138	-0.28959562759846386	-0.4625181949280838
chr5_pat	37400000	37600000	0.005262930794726002	-0.1324152515534828	-0.39203856641894136	-0.4259370623278818
chr5_pat	37600000	37800000	0.006284333374649205	0.9583753883551087	-0.3852922041074931	-0.40822354697643
chr5_pat	37800000	38000000	0.006635797181433316	1.052097470541049	-0.46913161918087526	-0.44743501073667846
chr5_pat	38000000	38200000	0.006616594637377413	1.0845680928937222	-0.42801652128771356	-0.3969988112151535
chr5_pat	38200000	38400000	0.006577888031227557	1.0068890148622027	-0.4884912195571602	-0.35878953226820914
chr5_pat	38400000	38600000	0.006475592443458312	0.3931310339149362	-0.4559325017141641	-0.3887530555972905
chr5_pat	38600000	38800000	0.004364824895361596	-0.9950694852968948	-0.37846486810521546	-0.4968275040290285
chr5_pat	38800000	39000000	0.004776865506541746	-0.9071440506801104	-0.35838764184570215	-0.5000563827035656
chr5_pat	39000000	39200000	0.005490522894225164	-0.18444087185178476	-0.3654296805422582	-0.48657871507699246
chr5_pat	39200000	39400000	0.006080450722927716	0.16220401369176182	-0.36807992335166284	-0.3911716041117884
chr5_pat	39400000	39600000	0.006853133208226745	0.2480847775780829	-0.4630151878658309	-0.5203593829541834
chr5_pat	39600000	39800000	0.005712671914853666	-0.3929683575564359	-0.35712716052023485	-0.5138276854650802
chr5_pat	39800000	40000000	0.005718722810565829	0.32949493076877895	-0.4364659223092507	-0.45278095500924403
chr5_pat	40000000	40200000	0.006950707631052843	0.960193723137174	-0.5711555067090911	-0.404502520725219
chr5_pat	40200000	40400000	0.006333483784798225	0.5342971871115668	-0.3995945268512444	-0.519099602102268
chr5_pat	40400000	40600000	0.004147077061929452	-1.1172781803026028	-0.2307813329778843	-0.5483931620158876
chr5_pat	40600000	40800000	0.005344001307439656	-0.8638028353722339	-0.15114510775207451	-0.5258696012919449
chr5_pat	40800000	41000000	0.005085317925160442	-1.002893188988758	-0.1362525400370087	-0.541387063168274
chr5_pat	41000000	41200000	0.004556474452268437	-1.0003092778004787	-0.2142627858804245	-0.5811896046614516
chr5_pat	41200000	41400000	0.005648089992611902	-0.32470162936315294	-0.3004794368358129	-0.5393980805360983
chr5_pat	41400000	41600000	0.0056765427697597305	-0.45005118947990363	-0.3608899193050991	-0.5167938023586097
chr5_pat	41600000	41800000	0.00639835851568942	-0.03467089515109135	-0.3331411296847506	-0.5342056911836288
chr5_pat	41800000	42000000	0.004891937690297824	-0.8562005115304491	-0.26423152850366005	-0.5079509111794157
chr5_pat	42000000	42200000	0.0060859444826514425	-0.4578057935157496	-0.2691455542488579	-0.5205852368320547
chr5_pat	42200000	42400000	0.004300994032622573	-1.0120304728297473	-0.29187694677927173	-0.44710609444557753
chr5_pat	42400000	42600000	0.006094963674648088	-0.0009604056496636664	-0.4361338287874225	-0.5357369287037862
chr5_pat	42600000	42800000	0.006625884062367599	0.7864905943655593	-0.41141459608908226	-0.5061721804579764
chr5_pat	42800000	43000000	0.006973524615462616	1.0192107945408775	-0.4030310765341184	-0.49380127731115375
chr5_pat	43000000	43200000	0.006642914093737842	0.8701042828240859	-0.39391947866600563	-0.4639177290967029
chr5_pat	43200000	43400000	0.006602997079870372	1.018525478584642	-0.3596080744801797	-0.48295770565044566
chr5_pat	43400000	43600000	0.006277545320434542	0.9784921878254558	-0.33093801820449464	-0.4576978758924744
chr5_pat	43600000	43800000	0.005355465516612764	0.019819396476036612	-0.347942728798018	-0.38929658572503867
chr5_pat	43800000	44000000	0.00449198649376474	-0.7840600695774532	-0.371788663639403	-0.3634586235485817
chr5_pat	44000000	44200000	0.00598930294890461	0.6779333561451659	-0.32615020350345936	-0.44427813609190836
chr5_pat	44200000	44400000	0.006391029054743027	0.9893022711349869	-0.37025501851716547	-0.4971225353986378
chr5_pat	44400000	44600000	0.006329334369559461	0.9849896788606392	-0.3909009851692645	-0.5313995607892904
chr5_pat	44600000	44800000	0.0060747112957703995	0.9887090603847035	-0.34430319620678207	-0.5547683118246379
chr5_pat	44800000	45000000	0.0060580711165340966	0.9541355504656838	-0.2942300090488387	-0.5320169428233413
chr5_pat	45000000	45200000	0.006068930004485924	0.9572648828166594	-0.3458111903412104	-0.533650909298937
chr5_pat	45200000	45400000	0.005990769258858549	0.9490993255462497	-0.3454008841798284	-0.5423979442504011
chr5_pat	45400000	45600000	0.0059191784120708095	0.9602515620617563	-0.2869422834300059	-0.4549194335945914
chr5_pat	45600000	45800000	0.005900100426169567	1.0159769891638357	-0.3273023228475568	-0.5060818318481407
chr5_pat	45800000	46000000	0.006201490115296417	0.9882310496966933	-0.34432559855248157	-0.37434832793451017
chr5_pat	46000000	46200000	0.0061280650393762785	0.6737977520597488	-0.3706667696811729	-0.39143278441977825
chr5_pat	46200000	46400000	0.005182965127755189	-0.03327226872373819	-0.32527888681117734	-0.35810370813943165
chr5_pat	46400000	46600000	0.006318037602845733	0.5201901407261714	-0.2459836030083655	-0.3612543094265816
chr5_pat	46600000	46800000	0.00619192156084104	-0.11584244533784284	-0.2110579178340162	-0.46463970770405644
chr5_pat	46800000	47000000	0.005569630251692297	-0.037550240398230204	-0.1524284115244928	-0.31516188503694287
chr5_pat	47000000	47200000	0.004850282201512658	-0.5329841645365885	-0.24816945588306652	-0.3245652545395734
chr5_pat	47200000	47400000	0.005821139382095965	-0.09695868369676915	-0.1534373817675564	-0.3261143893698007
chr5_pat	47400000	47600000	0.005213090923613793	-0.37410925609096796	-0.1489852892083977	-0.3536845415344087
chr5_pat	47600000	47800000	0.005100125098639383	-0.5005290132558234	-0.24480969836560645	-0.231050184616419
chr5_pat	47800000	48000000	0.004655088810208244	-0.5268353265438287	-0.28426217394629866	-0.20632264876996664
chr5_pat	48000000	48200000	0.005500416838381072	-0.1571566221839698	-0.2539216227977891	-0.294939559995521
chr5_pat	48200000	48400000	0.004328397817966353	-1.1974459560867379	-0.25096002284568814	-0.24183662141277937
chr5_pat	48400000	48600000	0.005362202474503009	-0.35016493374553154	-0.32637480047961687	-0.25954872777022003
chr5_pat	48600000	48800000	0.0065496264929785185	0.5699959513768486	-0.3868186952060196	-0.2508218776234384
chr5_pat	48800000	49000000	0.006152424744288165	0.8400349405927637	-0.426385089003988	-0.19106798303204067
chr5_pat	49000000	49200000	0.006461473356172802	0.7777940986163323	-0.35585745061413515	-0.24034600862223102
chr5_pat	49200000	49400000	0.0055471469382416	-0.33046072675218735	-0.22296738810722422	-0.2336370473766915
chr5_pat	49400000	49600000	0.004966891908024596	-0.7985936059945634	-0.20360511068417386	-0.21139986615767978
chr5_pat	49600000	49800000	0.00665245066710457	0.427215128231589	-0.17540320695005956	-0.31448377364563684
chr5_pat	49800000	50000000	0.004183778333543256	-0.9025009853447692	-0.280689891255369	-0.18536579151765806
chr5_pat	50000000	50200000	0.005401942640887573	-0.06607209444609816	-0.26646952173517363	-0.21976553427431306
chr5_pat	50200000	50400000	0.006235866257485327	0.8998163380083007	-0.2953254248164044	-0.10761535681028385
chr5_pat	50400000	50600000	0.006025304537088403	0.965337372690892	-0.4111242069356427	-0.09772769937813046
chr5_pat	50600000	50800000	0.006365334570859085	1.0385025557084577	-0.4230930639339058	-0.14232302920467543
chr5_pat	50800000	51000000	0.006287951677868663	1.1045942932070874	-0.4919678662267734	-0.12812020262862384
chr5_pat	51000000	51200000	0.006258310141333525	1.0184961254889247	-0.4241774379570716	-0.15139147765030161
chr5_pat	51200000	51400000	0.006545856435551976	0.5044224657086545	-0.42325629719168345	-0.24909655044283827
chr5_pat	51400000	51600000	0.00555283148116247	-0.3442146560637918	-0.5056302806313866	-0.16511735329837507
chr5_pat	51600000	51800000	0.00609125572659422	-0.08634987973788308	-0.466746539284463	-0.2852849474306769
chr5_pat	51800000	52000000	0.006802495938015616	0.10167496103549925	-0.3810012999426474	-0.1833067624423865
chr5_pat	52000000	52200000	0.004404429029246206	-0.7919054250087714	-0.46906744209317497	-0.13728376844159068
chr5_pat	52200000	52400000	0.006138087708256463	0.9157587132368602	-0.3931860358850616	-0.08715048594369927
chr5_pat	52400000	52600000	0.006349013055762437	1.0321411598878911	-0.534948060065461	-0.09770728262044437
chr5_pat	52600000	52800000	0.006145002732574036	0.6022126420335867	-0.3702826567592607	-0.22223786213066704
chr5_pat	52800000	53000000	0.004264590886827947	-0.9436557832977693	-0.3778275680392878	-0.0726047777787862
chr5_pat	53000000	53200000	0.004399769879310468	-1.0904203188738855	-0.27969177823988534	-0.1030863455359005
chr5_pat	53200000	53400000	0.005472689930683116	-0.8074183591370373	-0.2847577391239771	-0.16370669541537058
chr5_pat	53400000	53600000	0.005549916618144879	-0.7119259947669437	-0.32347966679539253	-0.19258785747191778
chr5_pat	53600000	53800000	0.00681580331959142	-0.3892865077554529	-0.27682581257140665	-0.15611807688481633
chr5_pat	53800000	54000000	0.0047452464529147715	-1.0843034581364792	-0.23827034473067693	-0.04812180268995511
chr5_pat	54000000	54200000	0.0045223626156141	-0.9499725407681201	-0.29960225186999295	-0.06813570213765907
chr5_pat	54200000	54400000	0.006006089687588972	0.2864170390075116	-0.4953748247623049	-0.06379752359031833
chr5_pat	54400000	54600000	0.006646445389683004	1.1002407393553872	-0.6234923458654673	0.004249679416634119
chr5_pat	54600000	54800000	0.006501889729480592	1.2138908471769287	-0.5584368911515307	0.08875640685576251
chr5_pat	54800000	55000000	0.006573659275606888	1.1287211712984342	-0.5921346831403047	0.0056026591731400364
chr5_pat	55000000	55200000	0.006400456873774907	0.4054889681943759	-0.4846265914696988	0.013874316272918649
chr5_pat	55200000	55400000	0.0057260048368988365	-0.12083662438824812	-0.42986645218244174	0.023431023114546853
chr5_pat	55400000	55600000	0.006829050719357709	0.314879297353555	-0.44222969693030156	-0.039408719235820434
chr5_pat	55600000	55800000	0.005508448361603487	-0.39917023629091575	-0.4753180568788789	0.07019613801387796
chr5_pat	55800000	56000000	0.00692732213445487	0.5805036269133498	-0.4701847743313805	0.04172944614675892
chr5_pat	56000000	56200000	0.006210581496329706	0.25738711814410414	-0.4916013432714806	0.005641460485510972
chr5_pat	56200000	56400000	0.006754160346372163	0.6484824241160114	-0.45538841390748885	-0.021179956872816437
chr5_pat	56400000	56600000	0.005713148512444016	-0.5873470252946579	-0.3786630422414123	0.12701120371314253
chr5_pat	56600000	56800000	0.004759285504409733	-0.894752401795456	-0.35014996424125766	0.19277834954842965
chr5_pat	56800000	57000000	0.006177290800861858	0.5026987856044183	-0.45380471247465165	0.010047341921767471
chr5_pat	57000000	57200000	0.005105027949763556	-0.49770739679316495	-0.5003960401943505	0.21178614757521178
chr5_pat	57200000	57400000	0.006105006198463416	0.3125463109874326	-0.5917879849672172	0.15623665909696693
chr5_pat	57400000	57600000	0.006679826369162455	1.213744703903658	-0.5996128071372293	0.2650967936810922
chr5_pat	57600000	57800000	0.006815447655823148	0.9252466502732143	-0.62048630386674	0.156058517072927
chr5_pat	57800000	58000000	0.006184980632604745	0.03099638670542704	-0.5046153882157972	0.19795030253260915
chr5_pat	58000000	58200000	0.005776218301302552	-0.1783181106216224	-0.5294912445978249	0.18294030357053728
chr5_pat	58200000	58400000	0.005668931823967722	-0.5802669844599294	-0.4160456561932707	0.2134541389335624
chr5_pat	58400000	58600000	0.00501176113924564	-0.6439354703681235	-0.37944622935083183	0.2662188200062418
chr5_pat	58600000	58800000	0.0063396155148801175	-0.003997447968607577	-0.46556470147188334	0.20000288755169462
chr5_pat	58800000	59000000	0.007459226408250776	0.500349717794256	-0.5916497683275053	0.180462436295512
chr5_pat	59000000	59200000	0.006677342651921738	0.18148983913504643	-0.5225091054213644	0.19707316685495838
chr5_pat	59200000	59400000	0.004299249192725514	-1.3088133681278442	-0.5390546491845314	0.5459088129827309
chr5_pat	59400000	59600000	0.00623537619030249	0.2528408669537749	-0.5168625697480086	0.1411159355508191
chr5_pat	59600000	59800000	0.005667857334137838	-0.12685700041078096	-0.5513292673917318	0.2588008843858662
chr5_pat	59800000	60000000	0.00692297280799643	0.6796073585358176	-0.580513668266723	0.1729694643765895
chr5_pat	60000000	60200000	0.006346409441461152	-0.218776553084391	-0.47154551575147446	0.2477373474834833
chr5_pat	60200000	60400000	0.005638576136483015	-0.6690560699417063	-0.4745348563101571	0.29138645492295784
chr5_pat	60400000	60600000	0.0052422967542485824	-0.7586094579202215	-0.45989755014179606	0.30896363216362344
chr5_pat	60600000	60800000	0.005178560446485902	-0.4599441985764899	-0.44331855585228175	0.22748530472950282
chr5_pat	60800000	61000000	0.006700412380488371	0.7273255699396893	-0.5825255208561941	0.1742172090269251
chr5_pat	61000000	61200000	0.006184370878423556	-0.30662827626676836	-0.4075973255602207	0.11720347117775154
chr5_pat	61200000	61400000	0.004750111992158152	-1.1839895458598264	-0.3988836597781683	0.4129041241153181
chr5_pat	61400000	61600000	0.006479346522059574	-0.5387679515057028	-0.4424302298479525	0.11774619631675644
chr5_pat	61600000	61800000	0.006294416766249759	-0.6535119445180764	-0.4391782701183162	0.18272395816746884
chr5_pat	61800000	62000000	0.004429402879189721	-1.2743900834792072	-0.43922440540502694	0.5200839908117735
chr5_pat	62000000	62200000	0.004556372199345447	-0.8819464580419054	-0.4985444090232988	0.38275501917905386
chr5_pat	62200000	62400000	0.005723378386461159	0.9800994116603758	-0.6856762974490207	0.23484275363640256
chr5_pat	62400000	62600000	0.006042757700295045	1.0515493920128598	-0.6758945305559422	0.3275539130843354
chr5_pat	62600000	62800000	0.00612442612799176	0.6590897114187264	-0.5727629987971107	0.2241848767733455
chr5_pat	62800000	63000000	0.004724599214889089	-1.2881191984164502	-0.6642632545862004	0.6449535486281304
chr5_pat	63000000	63200000	0.008144494408897683	0.6098021343083357	-0.5937594581832254	0.2398678761006184
chr5_pat	63200000	63400000	0.009432283089065878	0.9165363643276607	-0.717510721298348	0.2972698572120341
chr5_pat	63400000	63600000	0.009133241339484895	0.7135891030759436	-0.7328922136068045	0.1740317494445653
chr5_pat	63600000	63800000				
chr5_pat	63800000	63896914				
chr6_pat	0	200000				
chr6_pat	200000	400000				
chr6_pat	400000	600000				
chr6_pat	600000	800000	0.007692588945557167	1.046872425665081	0.4163167841020519	0.44590712517849507
chr6_pat	800000	1000000	0.007765407929778838	1.0148351169848089	0.41282802095338644	0.5305595714931256
chr6_pat	1000000	1200000	0.0076662724576086316	0.9313392088139191	0.3109354350099848	0.5921172724752284
chr6_pat	1200000	1400000	0.008419901608961593	1.050338854611228	0.3977471534748172	0.5927339488647826
chr6_pat	1400000	1600000	0.007912907751449903	0.936544077899606	0.19316224836527826	0.6266003581860761
chr6_pat	1600000	1800000	0.004950878172959613	-0.4753914026415997	-0.28364295560561065	0.14477559818612853
chr6_pat	1800000	2000000	0.004697942584425553	-0.6917201481772096	-0.2964254416600672	0.08833954330907716
chr6_pat	2000000	2200000	0.00461286970146274	-0.850907811155598	0.12607237885729247	0.010042865939396845
chr6_pat	2200000	2400000	0.007691027599629689	-0.14321576690555973	-0.2122122595267467	0.09594636228294166
chr6_pat	2400000	2600000	0.00648171043192651	-0.5496859006710777	0.1862705429045139	-0.020099338398572572
chr6_pat	2600000	2800000	0.008183827643065432	-0.11034066398804328	-0.1305817636941059	-0.13470746312652712
chr6_pat	2800000	3000000	0.008025016161221256	0.09533858053966125	-0.20902995580432662	-0.03769786462859508
chr6_pat	3000000	3200000	0.008338107681189377	-0.7247500146960547	0.17761747439381662	-0.27416064696298426
chr6_pat	3200000	3400000	0.004669750925577844	-0.9173276334047766	0.757979855319413	-0.4265636134984994
chr6_pat	3400000	3600000	0.005957226399528784	-0.8338838673411193	0.34624908519229153	-0.416381863477294
chr6_pat	3600000	3800000	0.005709884327712291	-0.7242183127074818	0.25684154024492434	-0.3997015873323261
chr6_pat	3800000	4000000	0.005154090630736109	-0.8932665264031224	0.3622786446427734	-0.3768679304383834
chr6_pat	4000000	4200000	0.005333659811502817	-0.8297626950049634	0.5949702719786121	-0.3659157906715109
chr6_pat	4200000	4400000	0.008189853528980148	0.5155005320381651	0.09082089956572727	-0.6042185600509373
chr6_pat	4400000	4600000	0.007805006169422977	0.7141386455878526	0.21810195092701293	-0.7448420900171016
chr6_pat	4600000	4800000	0.007466301278724173	0.820103315106708	0.30872825227211254	-0.7454464013986178
chr6_pat	4800000	5000000	0.00765462454165625	0.8964295185674361	0.3518961283865081	-0.642911289849066
chr6_pat	5000000	5200000	0.007513601415747832	0.9147930499724737	0.39930811640446157	-0.6489883710055976
chr6_pat	5200000	5400000	0.00825970739038404	0.9172312422848662	0.36978614153759476	-0.5782257060951848
chr6_pat	5400000	5600000	0.010514491904883027	0.9282302398335873	0.442984967894714	-0.5320784670706408
chr6_pat	5600000	5800000				
chr6_pat	5800000	6000000				
chr6_pat	6000000	6200000				
chr6_pat	6200000	6400000				
chr6_pat	6400000	6600000				
chr6_pat	6600000	6800000	0.010065690596497475	1.0655694640412434	0.5836591659875344	-0.26551949634534266
chr6_pat	6800000	7000000				
chr6_pat	7000000	7200000	0.009390068580010177	-0.21498695275987603	-0.03439386112571632	-0.170831622237833
chr6_pat	7200000	7400000	0.004376086879661637	-0.8944626756007279	0.456426395370122	-0.20220253703073063
chr6_pat	7400000	7600000	0.004996629402774298	-0.6286243852821506	-0.20622567239391595	-0.2512464838765653
chr6_pat	7600000	7800000	0.006243020667509187	-0.21323739167992745	-0.47007809303921455	-0.26338624354146173
chr6_pat	7800000	8000000	0.005695088248207265	-0.34537400573123905	-0.4631369731558245	-0.29203743879642763
chr6_pat	8000000	8200000	0.0063787983968258246	0.18431607717873763	-0.6250164117138457	-0.40162055652856354
chr6_pat	8200000	8400000	0.005771969931100701	-0.0007387697839075103	-0.5208432259980397	-0.3258134767442959
chr6_pat	8400000	8600000	0.007001250243831995	0.8452978191308655	-0.09663888624307071	-0.5148469414372706
chr6_pat	8600000	8800000	0.006780653898809762	0.4979167878267184	-0.3701004786632603	-0.4526308163974317
chr6_pat	8800000	9000000	0.007139885495770519	0.9850983761964511	0.1973430905657074	-0.5947154470715874
chr6_pat	9000000	9200000	0.006933133692500613	0.9421240470818546	0.15887040650128814	-0.5046513187987525
chr6_pat	9200000	9400000	0.007084697374545766	0.9997072765460651	0.29143352033705894	-0.6108416222987795
chr6_pat	9400000	9600000	0.007260760909434049	1.0217867438383386	0.324993095352751	-0.4975619722438382
chr6_pat	9600000	9800000	0.0072567988422063525	0.9984446015222925	0.2750839258508204	-0.5573568557264317
chr6_pat	9800000	10000000	0.006738194243941258	1.0555262100311549	0.2662890767661543	-0.40161077098637293
chr6_pat	10000000	10200000	0.006737132141281714	0.9367108548089972	0.06636382200323747	-0.34164964383267016
chr6_pat	10200000	10400000	0.005299491333159002	-0.36389496401421995	-0.16789644176144486	-0.16744131327761355
chr6_pat	10400000	10600000	0.005916235959624589	0.26088050187741896	-0.31122961924887355	-0.08058234999433124
chr6_pat	10600000	10800000	0.0062046954740459835	-0.006346961683071063	-0.6582073050719935	-0.14917042841453246
chr6_pat	10800000	11000000	0.004248956278768838	-0.9007272253389652	0.26581568721144416	-0.06704404946143044
chr6_pat	11000000	11200000	0.007178695934114486	0.3180472726564947	-0.4131848297586493	-0.12348987368612467
chr6_pat	11200000	11400000	0.0059692939802920945	0.18321916756746484	-0.270545075132589	-0.22975165443491197
chr6_pat	11400000	11600000	0.006971308231241183	1.0634514137323399	0.21844881958892198	-0.1693914898996141
chr6_pat	11600000	11800000	0.006761526604550806	1.1114936261469588	0.2547804022474283	-0.2170788779411901
chr6_pat	11800000	12000000	0.006825784710343555	1.021132459369464	0.11982565715750217	-0.2999870073561944
chr6_pat	12000000	12200000	0.00642076161716537	0.8454916065961928	-0.07875619633464952	-0.3093669223904911
chr6_pat	12200000	12400000	0.005604914449084479	-0.018005554361366322	-0.47915482511724783	-0.2901832612772258
chr6_pat	12400000	12600000	0.0065040199971390465	0.5702964889083336	-0.36564243428233306	-0.2155844525963624
chr6_pat	12600000	12800000	0.0055225136162943295	-0.24152394249367665	-0.5814355363501161	-0.307502084232742
chr6_pat	12800000	13000000	0.006294015960533177	0.4274320196365519	-0.39755638361506307	-0.3995585923985934
chr6_pat	13000000	13200000	0.004906979362137871	-0.6290760479709027	-0.41848296247987327	-0.24830902653419076
chr6_pat	13200000	13400000	0.006687570921911903	0.32471963953166794	-0.4529867005130053	-0.38910026739405285
chr6_pat	13400000	13600000	0.006795182352037486	0.7283487142743966	-0.16050306751325896	-0.32526675112792236
chr6_pat	13600000	13800000	0.006675554838256901	0.7034470965567702	-0.173756890619216	-0.25496014347871643
chr6_pat	13800000	14000000	0.006390788786566724	0.8923234145602276	0.014708923921265044	-0.3034093865123522
chr6_pat	14000000	14200000	0.006382933056279912	0.637855180726243	-0.2675350513603606	-0.25950599717614065
chr6_pat	14200000	14400000	0.004783871303279904	-0.476903973118646	-0.5445506288059748	-0.2408903884426244
chr6_pat	14400000	14600000	0.006374792506981858	0.8703366256589673	0.03677303751739053	-0.2917451455089134
chr6_pat	14600000	14800000	0.006344586519644139	1.0257093329327118	0.2111106922471053	-0.1658910165380663
chr6_pat	14800000	15000000	0.006443300134098556	1.006283380803377	0.18525227722256205	-0.25992560875471055
chr6_pat	15000000	15200000	0.00621392934474342	0.9690147905863392	0.11098576453267411	-0.2629044519413716
chr6_pat	15200000	15400000	0.0064541179106222014	0.951141844182736	0.08593943318926431	-0.25649323856324296
chr6_pat	15400000	15600000	0.006300598739711103	0.8477649006849722	-0.1069127930209389	-0.17783766036442428
chr6_pat	15600000	15800000	0.0064411002313990865	0.805784333884095	-0.2217547697301661	-0.19129054800206233
chr6_pat	15800000	16000000	0.0054248858000952305	-0.5351044866718925	-0.44988131031392337	-0.17634696402077538
chr6_pat	16000000	16200000	0.004575383520151616	-0.6986787097467971	0.03354509538590215	-0.2205186496268611
chr6_pat	16200000	16400000	0.0064705632130334974	0.38055613112053166	-0.4601046080877949	-0.1891941038749145
chr6_pat	16400000	16600000	0.005451893634287694	-0.4689089608227664	-0.4140696682336863	-0.26392521857698004
chr6_pat	16600000	16800000	0.00476046931479923	-0.8858956513147567	0.4960879489474776	-0.2507343579415552
chr6_pat	16800000	17000000	0.004564774356315694	-0.80003710263403	0.18111119307071838	-0.27933447624848506
chr6_pat	17000000	17200000	0.005319103207466393	-0.4521769483427197	-0.3603965939031775	-0.27234260747967676
chr6_pat	17200000	17400000	0.005130820080487228	-0.3683487253117121	-0.3155154384670901	-0.2968854684231619
chr6_pat	17400000	17600000	0.0056910606703987005	-0.24183972211996074	-0.4413947555654387	-0.23736468358203697
chr6_pat	17600000	17800000	0.005606599053524438	-0.47034380038321805	-0.240979509571685	-0.24028605959352012
chr6_pat	17800000	18000000	0.005379058926686305	-0.8385790215917153	0.2568260368027287	-0.1615209381821997
chr6_pat	18000000	18200000	0.00631057530711946	0.13633903540570816	-0.1822175962592409	-0.24453677218467673
chr6_pat	18200000	18400000	0.00755497348904709	0.5977847247821353	-0.08179814334758864	-0.27384877351252174
chr6_pat	18400000	18600000	0.0054932837702570255	-0.6520182647735651	0.03113503940020573	-0.2979059403756318
chr6_pat	18600000	18800000	0.005572604271860721	-0.7171122175217014	-0.001321100034341455	-0.22404252786060924
chr6_pat	18800000	19000000	0.005096813747673327	-0.3656442816693199	-0.0641593594089049	-0.21167948009009552
chr6_pat	19000000	19200000	0.006669988601124123	0.9525720624793397	0.03236799655106003	-0.12084802893122061
chr6_pat	19200000	19400000	0.005796657248560398	0.14771301355607314	-0.44722355596818975	-0.21147125523968097
chr6_pat	19400000	19600000	0.00647493644034252	0.8527643564775083	-0.13961382088695698	-0.1944164553021299
chr6_pat	19600000	19800000	0.005607366239983434	-0.08365984540557538	-0.4142480051355053	-0.20152959876398996
chr6_pat	19800000	20000000	0.006996488056663416	0.6293238067055912	-0.286318064793757	-0.18098648428372377
chr6_pat	20000000	20200000	0.007060808246207981	0.6891952921834523	-0.2653653455140969	-0.08295556077707103
chr6_pat	20200000	20400000	0.005769579262560455	-0.05634490581440653	-0.6365133473694045	-0.20785778879303266
chr6_pat	20400000	20600000	0.005384288114886837	-0.2798480743033026	-0.5568695513891474	-0.20198727525542262
chr6_pat	20600000	20800000	0.00634580284469633	0.08047383409549874	-0.6607611059671652	-0.1801436461777575
chr6_pat	20800000	21000000	0.00493138382000651	-0.4487850307764245	-0.3909350951387356	-0.20991351159770721
chr6_pat	21000000	21200000	0.0059273018251769696	0.18818734334836473	-0.5528424317164732	-0.12592022487464696
chr6_pat	21200000	21400000	0.005362943030335731	-0.207581415504952	-0.6535672617787036	-0.20971487367979072
chr6_pat	21400000	21600000	0.005488286329932538	-0.4874751332052289	-0.4315147143773197	-0.27048016731211716
chr6_pat	21600000	21800000	0.004324348117450943	-0.9141730748125159	0.5029816787073316	-0.35982069745351075
chr6_pat	21800000	22000000	0.004266976655283335	-0.7316184017697753	-0.15592532481079993	-0.2952855223419265
chr6_pat	22000000	22200000	0.006525864088568856	0.5173488662977027	-0.5590314834742537	-0.0692405574929856
chr6_pat	22200000	22400000	0.0063776902601300044	0.8734375722169951	-0.4058021796564488	0.03827144745390239
chr6_pat	22400000	22600000	0.006735387113569499	1.0710528814228055	-0.12946985352229953	0.06745633383735279
chr6_pat	22600000	22800000	0.0066364027316577565	0.7063785232551426	-0.47371463348281745	-0.06252807205025222
chr6_pat	22800000	23000000	0.004708832766023833	-0.8385129633960323	0.11327645758654394	-0.24893836626695678
chr6_pat	23000000	23200000	0.007379936108953241	-0.4489253739221046	-0.3732962161301407	-0.26661084966923077
chr6_pat	23200000	23400000	0.005967294051994576	-0.8513225891634547	0.4801621364760797	-0.3775033656026598
chr6_pat	23400000	23600000	0.005371340584660294	-0.8664907078095097	0.5907130030492026	-0.3783791812835496
chr6_pat	23600000	23800000	0.005021537936910905	-0.8676034309273823	0.509716737457639	-0.4349579126830716
chr6_pat	23800000	24000000	0.005381483677059959	-0.6932844021928589	0.21863898316866312	-0.39382432203759016
chr6_pat	24000000	24200000	0.006119476556351904	-0.5671020932604439	0.2294327878958166	-0.4707628450995947
chr6_pat	24200000	24400000	0.005399644275121232	-0.7955183287163157	0.35667421008836214	-0.46342078668543357
chr6_pat	24400000	24600000	0.005063002979074403	-0.8471803763073398	0.4608442643790782	-0.4285323984654587
chr6_pat	24600000	24800000	0.0046869365989230215	-0.9124232666857517	0.5323244768051836	-0.35621732480265694
chr6_pat	24800000	25000000	0.004896252569031719	-0.7117542722094182	0.16948532877095615	-0.19204934582086206
chr6_pat	25000000	25200000	0.007197479330071756	0.4560349145170855	-0.30958981245324285	-0.3028813576595176
chr6_pat	25200000	25400000	0.00675612535816634	0.08805626145425217	-0.5418750669022818	-0.12729967686359403
chr6_pat	25400000	25600000	0.005967850919044722	0.07165671083539175	-0.6751771993447684	-0.0504804853624339
chr6_pat	25600000	25800000	0.006522710834909121	0.8740190298041055	-0.07503618450218814	-0.13818148242413897
chr6_pat	25800000	26000000	0.006701404134627199	1.0063455730507924	0.09811410033233363	-0.15895545144702508
chr6_pat	26000000	26200000	0.00659760829140484	1.0551044784796608	0.15129876307030568	-0.1970749281320941
chr6_pat	26200000	26400000	0.006439781751171583	1.0840268029776479	0.16556989329432342	-0.08518743786058983
chr6_pat	26400000	26600000	0.0065826198660653016	1.0618479119780817	0.1136375256985741	-0.060540382991449565
chr6_pat	26600000	26800000	0.00680485803831894	1.0628108566588852	0.10342849700449579	-0.05823965271773223
chr6_pat	26800000	27000000	0.006448727899061812	0.4314090173921324	-0.36643742866287626	-0.043117435042808766
chr6_pat	27000000	27200000	0.004107387016388679	-0.849338139069799	0.4189620498809566	-0.13711953334611193
chr6_pat	27200000	27400000	0.005430370245522566	-0.5798334274384034	-0.31707867069000556	-0.16353183195650392
chr6_pat	27400000	27600000	0.0050796501009185875	-0.5336831276167192	-0.3580179033361894	-0.1297114226450361
chr6_pat	27600000	27800000	0.006582807125783393	0.7976176274144035	-0.2385131819850394	-0.09183758566977047
chr6_pat	27800000	28000000	0.00637337239270547	0.781083874745723	-0.2134685762589098	-0.037822562810945495
chr6_pat	28000000	28200000	0.004912533594046775	-0.5940929298520267	-0.23544742596499882	-0.1500268835084156
chr6_pat	28200000	28400000	0.006441405889997611	-0.11642290090363364	-0.5455437779796256	-0.24805364499364582
chr6_pat	28400000	28600000	0.005658450318717556	-0.5397070306869627	-0.1994633070062823	-0.16562071132356085
chr6_pat	28600000	28800000	0.006321046049714698	0.7483871515589055	-0.2515387960858014	-0.15247540281649027
chr6_pat	28800000	29000000	0.00534993131236347	-0.3157747005739843	-0.5710239221715424	-0.1578939180315102
chr6_pat	29000000	29200000	0.004899116797824192	-0.6817838891790889	0.02967084261019828	-0.10542433353390906
chr6_pat	29200000	29400000	0.00673129078159779	0.5601901817428054	-0.40154146409631614	-0.16292220388117462
chr6_pat	29400000	29600000	0.00531517350179715	0.09107104197631857	-0.5133256546635779	-0.12525436648172225
chr6_pat	29600000	29800000	0.006101754341089719	1.0711951166085443	0.08177488251334357	-0.13197968118462336
chr6_pat	29800000	30000000	0.006217813537412518	1.1166275940298656	0.19578026352306277	-0.21564513920214487
chr6_pat	30000000	30200000	0.006523068713608456	1.0450048606380464	0.10883526695958452	-0.2758452613984089
chr6_pat	30200000	30400000	0.00650484578785993	0.9230810072818552	-0.09103482307095534	-0.1270961501500412
chr6_pat	30400000	30600000	0.006067040452219015	-0.037114123270095625	-0.6006122793052937	-0.06046189777173011
chr6_pat	30600000	30800000	0.005584605375405019	-0.08518993589717551	-0.3157216307446605	0.005757558174638698
chr6_pat	30800000	31000000	0.006579908697131394	0.9332481768159269	-0.14313245325944382	-0.03561033903587907
chr6_pat	31000000	31200000	0.005976061571892601	0.17754831207286437	-0.5900365362046183	-0.032084176488120536
chr6_pat	31200000	31400000	0.0056263155498571795	-0.35014971381454146	-0.3009452641704557	0.04595313566562967
chr6_pat	31400000	31600000	0.004700513781143109	-0.7524355941107442	-0.057094090094324694	-0.013023697134418918
chr6_pat	31600000	31800000	0.005370064267831897	-0.5037125734468217	-0.2948679631350205	0.0002544978408866217
chr6_pat	31800000	32000000	0.00541443526704132	-0.30181509618175384	-0.3522385592919472	-0.04745454068888501
chr6_pat	32000000	32200000	0.006366224238036941	0.31354345549501234	-0.5284697811155166	0.03760591066089277
chr6_pat	32200000	32400000	0.006832176466916999	0.901979855407382	-0.1394483756984948	0.09895006334303569
chr6_pat	32400000	32600000	0.005302467683979947	-0.4555119753646014	-0.23546711078368357	-0.02746228375689856
chr6_pat	32600000	32800000	0.006403026277390586	0.09634383796813617	-0.570613964331183	-0.05758308823760774
chr6_pat	32800000	33000000	0.005306400462020282	-0.356871801122522	-0.3656845480588126	-0.046407606614211734
chr6_pat	33000000	33200000	0.00621218197382447	0.4279803704241659	-0.2400907678387101	-0.009595625988195456
chr6_pat	33200000	33400000	0.006751638842638778	1.0891027100018367	0.1132642636406812	0.0038046191593328004
chr6_pat	33400000	33600000	0.00661688215249584	0.5454163761821673	-0.26280108668071456	-0.05505131316987636
chr6_pat	33600000	33800000	0.00503776651430163	-0.7240671364506853	-0.06396469890783565	0.025657127151765068
chr6_pat	33800000	34000000	0.006932703563435502	0.12368920746196095	-0.44765790784791404	-0.060184404735261744
chr6_pat	34000000	34200000	0.005102993221868671	-0.3600639701852637	-0.477382750973065	-0.013114781697690205
chr6_pat	34200000	34400000	0.006587143461517334	0.83485501269515	-0.1807640300554892	0.1145856560687225
chr6_pat	34400000	34600000	0.0063818572674010955	0.6781584572254556	-0.2529211217730794	0.2532794665785232
chr6_pat	34600000	34800000	0.006044015383712798	0.6699443814040511	-0.25939633440966436	0.32232984373358525
chr6_pat	34800000	35000000	0.005840815163285779	-0.016967201193162317	-0.7056869135031872	0.29860812586307034
chr6_pat	35000000	35200000	0.006820645193204783	0.8509203187683051	-0.1328066615060701	0.4514241881548651
chr6_pat	35200000	35400000	0.007038805767988525	1.157295124054733	0.2649389837455262	0.7066801142334926
chr6_pat	35400000	35600000	0.007113748334559473	1.0758276950559598	0.15654738953094924	0.6672716282964644
chr6_pat	35600000	35800000	0.007108127154656444	0.9165311458681181	0.00453981868856796	0.6491796981598937
chr6_pat	35800000	36000000	0.006218198693342179	0.12633125306189383	-0.05550540594214739	0.47918049165286813
chr6_pat	36000000	36200000	0.00751079178942263	0.38416267078737637	-0.18019199808039574	0.5461476985710111
chr6_pat	36200000	36400000	0.007465511379565371	-0.42234222846560643	-0.15324630161065592	0.5280175286415447
chr6_pat	36400000	36600000	0.0071014045667392904	-0.5102470147221974	-0.1712054375475895	0.3120397416908505
chr6_pat	36600000	36800000	0.006321039664806843	-0.5547826973255013	-0.3254222025383652	0.2088131109881891
chr6_pat	36800000	37000000	0.004726414749774726	-0.47166391721936185	-0.32024990501005113	-0.1002819837969428
chr6_pat	37000000	37036084				
chr7_pat	0	200000				
chr7_pat	200000	400000				
chr7_pat	400000	600000				
chr7_pat	600000	800000				
chr7_pat	800000	1000000	0.007294846119417411	0.23072496776192888	0.8299571224215403	-0.1403299885637358
chr7_pat	1000000	1200000	0.006424917151819366	0.010448395822848178	0.7563897102347663	-0.16208509854559058
chr7_pat	1200000	1400000	0.0072950298876572695	0.8657313979480408	0.47825652241339034	-0.11829142524123593
chr7_pat	1400000	1600000	0.006971221840460508	0.47955640748526773	0.4923369756838967	-0.06806264599894145
chr7_pat	1600000	1800000	0.008275788962662994	-0.06930159911452101	0.7447071803550022	-0.3629252685060535
chr7_pat	1800000	2000000	0.005360911453397245	-0.6269188128955748	0.17222666755010974	-0.3528163432141133
chr7_pat	2000000	2200000	0.007202278854648348	-0.05907415657897867	0.9191697031091137	-0.4088429061985837
chr7_pat	2200000	2400000	0.005023073054003138	-0.8577169002566312	-0.10629455690962752	-0.43359178143489785
chr7_pat	2400000	2600000	0.007157411336111656	-0.14323455385131897	0.7275921439100231	-0.3884920532873026
chr7_pat	2600000	2800000	0.006948812187109031	0.27988649584699665	0.7859224620355355	-0.3150136716797837
chr7_pat	2800000	3000000	0.006028834886008145	-0.3544418857147256	0.40744454482684594	-0.3472190877185808
chr7_pat	3000000	3200000	0.008436168902882804	-0.00785400498246832	0.9124388571499915	-0.46314057520101376
chr7_pat	3200000	3400000	0.0060542167766947114	-0.7406769435160341	0.15264749242634731	-0.5648662745981572
chr7_pat	3400000	3600000	0.006210715654906169	-0.5308347211658948	0.40980315222866204	-0.5196163699938735
chr7_pat	3600000	3800000	0.006385565754400445	-0.22458031753115454	0.5567948390316654	-0.4978462955821548
chr7_pat	3800000	4000000	0.006738302495146733	-0.25632881898004684	0.6269800754248885	-0.46947886711173387
chr7_pat	4000000	4200000	0.0077842821054789225	-0.29613522297042183	0.5658873287746549	-0.573251572621543
chr7_pat	4200000	4400000				
chr7_pat	4400000	4600000				
chr7_pat	4600000	4800000	0.005675597958305069	-0.6844623184037386	0.13273485560452486	-0.41632001162961046
chr7_pat	4800000	5000000	0.006712221964687412	-0.41659368360079696	0.5923820587803121	-0.2799137478105642
chr7_pat	5000000	5200000	0.007892664828377853	-0.2949060834730026	0.7245023016160389	-0.30350621252120896
chr7_pat	5200000	5400000	0.004460043265096557	-0.9890308800179706	-0.34866675393486607	-0.41668065613411254
chr7_pat	5400000	5600000	0.0072806700590491305	0.46791015478610426	0.6044506601321576	-0.026117369670255686
chr7_pat	5600000	5800000	0.006913711438519735	0.3750102353899604	0.5443890434829515	-0.012633798095224415
chr7_pat	5800000	6000000	0.0067486130461801176	0.33149760414470336	0.37587162610468977	-0.010548262849129533
chr7_pat	6000000	6200000	0.007506117439959364	0.4522879828299551	0.5888085221981477	-0.09479336857386911
chr7_pat	6200000	6400000	0.006697568774131773	0.12153759190395706	0.4997732004821323	-0.1603786599606051
chr7_pat	6400000	6600000	0.007632370102324575	0.429637357295908	0.7346290788367844	-0.17050787550804064
chr7_pat	6600000	6800000	0.005965001625964775	-0.6838955510706035	0.3564464397244256	-0.4336353855261625
chr7_pat	6800000	7000000	0.0047870194955305905	-0.9219467242869639	-0.13546526512489437	-0.45264805458189566
chr7_pat	7000000	7200000	0.004724733144776827	-0.857339485326777	0.12535414574621878	-0.4343115810638381
chr7_pat	7200000	7400000	0.007626291517033206	0.6499633790660149	0.7141418754497365	-0.10898454051512775
chr7_pat	7400000	7600000	0.007270132099368616	0.8341233700363636	0.4119351452537866	-0.04957715209869936
chr7_pat	7600000	7800000	0.005917627718789824	-0.2542796344579392	0.37761656546418043	-0.1994358805005458
chr7_pat	7800000	8000000	0.004403492825529936	-0.9837446451191529	-0.22841778878991412	-0.37972101066570785
chr7_pat	8000000	8200000	0.006447003132041663	0.2698528088781207	0.5946657189546961	-0.190751556968269
chr7_pat	8200000	8400000	0.007105308841471455	1.0259616533862281	0.026749546108626267	-0.11608835811573776
chr7_pat	8400000	8600000	0.006571420981353832	1.1020794155859828	-0.10597163882500495	-0.09854796028499221
chr7_pat	8600000	8800000	0.0067746342683942945	0.9876952406137138	0.0954731992972766	-0.1297332152613628
chr7_pat	8800000	9000000	0.007136073552973612	1.0059746234881775	0.02935264319764786	-0.13329121500379668
chr7_pat	9000000	9200000	0.0065368383859311305	0.9163892584624729	0.048787302182722724	-0.16309198523857282
chr7_pat	9200000	9400000	0.0058936827855243035	0.16131157739314853	0.23231616184169213	-0.25470381959369826
chr7_pat	9400000	9600000	0.00667975685510759	0.3248612294993106	0.32970860504488897	-0.20910338328247186
chr7_pat	9600000	9800000	0.005721244995211585	-0.25877566566182536	0.41836771540780854	-0.2084649893517652
chr7_pat	9800000	10000000	0.005900914179148139	-0.26076611171459685	0.6137715630279488	-0.15718470251276384
chr7_pat	10000000	10200000	0.005042555778317894	-0.7431362949037814	0.34541311145316367	-0.354141409496792
chr7_pat	10200000	10400000	0.007394744573003701	0.5844100909906047	0.6662931417370619	-0.10826414383176106
chr7_pat	10400000	10600000	0.007298269838553575	0.8328532811585934	0.3962306629562024	-0.09044957142042195
chr7_pat	10600000	10800000	0.007370548699919566	0.17406819875285023	0.9139383394763522	-0.20539338667302187
chr7_pat	10800000	11000000	0.004890777563737669	-1.0135944280546958	-0.30256889288117467	-0.6421166938444817
chr7_pat	11000000	11200000	0.007192628571840433	-0.7898386370554609	0.33848208962531606	-0.5643169241968851
chr7_pat	11200000	11400000	0.006688104967178353	-0.8598087054051656	-0.04823701332961734	-0.7332482257545722
chr7_pat	11400000	11600000	0.007349520357812236	-0.9315150980921106	-0.04006662942149792	-0.5960589064201832
chr7_pat	11600000	11800000				
chr7_pat	11800000	12000000	0.00991280558043942	-0.49781316684889715	0.6214174246267395	-0.16068599228030847
chr7_pat	12000000	12200000	0.005179401239455145	-0.5661957239594696	0.07770538070802678	-0.18464815607551385
chr7_pat	12200000	12400000	0.005941920430905525	0.17239297091317302	0.2954818436517962	-0.11375895576324199
chr7_pat	12400000	12600000	0.005532275864333421	-0.1318526566989202	0.27871261282836096	-0.13878183348850176
chr7_pat	12600000	12800000	0.006381352603488416	0.7698455146171005	0.012064063596136314	-0.1551423707912888
chr7_pat	12800000	13000000	0.005380756012745065	0.09416601426224287	0.07856622230360794	-0.18675453618729604
chr7_pat	13000000	13200000	0.006283671760849114	0.9817409666721139	-0.14564832248125262	-0.2469024049088668
chr7_pat	13200000	13400000	0.006591950689723027	0.853924409752934	-0.024041364328986316	-0.28208807336452424
chr7_pat	13400000	13600000	0.006520924162761716	0.9384839667683418	-0.11813806673934249	-0.32256684630848703
chr7_pat	13600000	13800000	0.0065569031529414965	1.0255696492109465	-0.18283518739707957	-0.30179485717233573
chr7_pat	13800000	14000000	0.006634030675617693	1.0246878908604282	-0.21001285945118178	-0.2866933519036892
chr7_pat	14000000	14200000	0.006579347110671294	0.9346247208349209	-0.11118847978786262	-0.26040974225140356
chr7_pat	14200000	14400000	0.006287548398301596	0.7480963762870075	-0.10869012923996967	-0.2634594725560059
chr7_pat	14400000	14600000	0.006510917973306811	0.9353181107891128	-0.20827472378715137	-0.30283859460693274
chr7_pat	14600000	14800000	0.006751476337237552	1.0282005365128224	-0.25909668403939	-0.27134361324631273
chr7_pat	14800000	15000000	0.006667939526974063	0.5261756120167568	0.12993371694661143	-0.26261382875673556
chr7_pat	15000000	15200000	0.006220833615411705	0.5118406510262525	0.01790686284197852	-0.2300591183945653
chr7_pat	15200000	15400000	0.003903678361249571	-0.9149027459705192	-0.339913462749213	-0.46617282130036963
chr7_pat	15400000	15600000	0.0060381781606792875	0.4730938868041432	-0.07239612520082334	-0.2654012416391979
chr7_pat	15600000	15800000	0.0051078669261870905	-0.3575498216281981	-0.0977233899609102	-0.42641104316208356
chr7_pat	15800000	16000000	0.004334776707241115	-0.7794041373199327	-0.34841409726781164	-0.5122904507727624
chr7_pat	16000000	16200000	0.00538864375607664	-0.4516105165272739	-0.13174736054551894	-0.4179920085006842
chr7_pat	16200000	16400000	0.005202852376301614	-0.10552786188390381	-0.2858038271713355	-0.3634188107094796
chr7_pat	16400000	16600000	0.005928153987389566	-0.18448245511410652	-0.03978676659807382	-0.3596249678955518
chr7_pat	16600000	16800000	0.006570457300091029	0.1450846538856922	-0.013930984037756859	-0.3489571137019084
chr7_pat	16800000	17000000	0.004881646387869332	-0.8108901657980865	-0.38836948451900577	-0.5769962308090161
chr7_pat	17000000	17200000	0.005259450501125369	-0.5380586194586603	-0.23358568776654282	-0.4404845224840907
chr7_pat	17200000	17400000	0.004777675379990647	-0.4716352491710916	-0.2417723471432403	-0.3732317244292404
chr7_pat	17400000	17600000	0.006179934548056485	0.15873731361316418	-0.07367828050340638	-0.27627549865619455
chr7_pat	17600000	17800000	0.006346166115454854	-0.36066634224946037	0.16149320236267836	-0.3324291809569735
chr7_pat	17800000	18000000	0.0070037170494610685	0.6631438846503396	-0.01435393469649196	-0.2927496583532766
chr7_pat	18000000	18200000	0.0049239435149335984	-0.2966272531281705	-0.4590585209315526	-0.49462775142500526
chr7_pat	18200000	18400000	0.005002542078987894	-0.6991356861437712	-0.36516355202630896	-0.4809901120431243
chr7_pat	18400000	18600000	0.005605591121895422	-0.24788758036547998	-0.04542191637687837	-0.40753846237065733
chr7_pat	18600000	18800000	0.006266005109726291	0.8728470126950842	-0.15005442480906991	-0.2701400434511239
chr7_pat	18800000	19000000	0.006476477687068702	0.9765440591804073	-0.4239752695344554	-0.2669871095819519
chr7_pat	19000000	19200000	0.005379695954967402	0.1590003575879489	-0.22206526101212984	-0.33075811096798874
chr7_pat	19200000	19400000	0.006355979538000573	0.4949844647695633	-0.14790651590310885	-0.2870689603742767
chr7_pat	19400000	19600000	0.005830715002909767	0.03542432076159338	-0.035513641180057426	-0.3604753060956917
chr7_pat	19600000	19800000	0.005730945963288476	-0.2559215515431134	-0.07562953187746166	-0.44530085059074176
chr7_pat	19800000	20000000	0.006235423889932672	0.4669233420292772	-0.24338085664645812	-0.35225454880383156
chr7_pat	20000000	20200000	0.004489980352827421	-0.5617711088428652	-0.370620293846459	-0.4592176715287108
chr7_pat	20200000	20400000	0.004859094459213851	-0.7447533899812058	-0.24230347131724927	-0.46109598270375196
chr7_pat	20400000	20600000	0.006286398141151374	0.3121162914905073	0.12273526362419339	-0.31496060289428035
chr7_pat	20600000	20800000	0.0068085813508707545	0.7680895142125359	-0.005306236273812485	-0.28848089566025553
chr7_pat	20800000	21000000	0.006706977209267375	0.6932531014462955	-0.08959934475870011	-0.32345997237458196
chr7_pat	21000000	21200000	0.006406073187703084	0.7505574282522405	-0.07396811992791762	-0.33346834937071657
chr7_pat	21200000	21400000	0.007206565213045082	0.2707711433818497	0.23086815031013863	-0.3733160776704714
chr7_pat	21400000	21600000	0.004661812121028737	-0.6186494626092767	-0.3276630411854464	-0.40607545675075113
chr7_pat	21600000	21800000	0.005933359904055163	0.05533477517385028	0.007355637626063287	-0.369902895942685
chr7_pat	21800000	22000000	0.005421011087123098	-0.6953714507959124	-0.2348233272216987	-0.5638632401979733
chr7_pat	22000000	22200000	0.005478179551828563	-0.61112243716707	-0.2042147655462173	-0.5696867130319979
chr7_pat	22200000	22400000	0.005040163587374425	-0.777707566235951	-0.401749685961219	-0.5877537883653314
chr7_pat	22400000	22600000	0.005582270607968348	-0.40794926410099414	-0.041352000813874606	-0.5025588047178794
chr7_pat	22600000	22800000	0.003837545599301366	-0.8980409086121957	-0.5949967326524819	-0.5763167458809293
chr7_pat	22800000	23000000	0.005660276876758938	-0.24586081998355583	-0.026365689359264675	-0.4507786721941495
chr7_pat	23000000	23200000	0.005722881910979907	-0.20130002512823095	-0.07185383180237771	-0.35137245655462634
chr7_pat	23200000	23400000	0.006907869312186004	0.3603344734407285	0.19606570550496544	-0.29123480174598754
chr7_pat	23400000	23600000	0.006896522784170086	0.5158814395816995	0.1695911083543681	-0.25010208082359614
chr7_pat	23600000	23800000	0.0063308520689681624	0.09517120309932726	0.02639053264640154	-0.20856820507780124
chr7_pat	23800000	24000000	0.004534093188314976	-0.7848820571958814	-0.45049823752120244	-0.31267394013919275
chr7_pat	24000000	24200000	0.005709999784558029	-0.09188421707724531	-0.0349392260664784	-0.20209539004766366
chr7_pat	24200000	24400000	0.005340619319113609	-0.27209225682621735	-0.10420943123003987	-0.2483736878669158
chr7_pat	24400000	24600000	0.005738897627277823	0.47437789024559485	-0.12916462059242523	-0.466774362679329
chr7_pat	24600000	24800000	0.006634921964941533	0.6390109056262879	-0.046447301467837085	-0.297665288829687
chr7_pat	24800000	25000000	0.006638953046840812	0.9681419071894592	-0.2584776706709831	-0.28837097109748566
chr7_pat	25000000	25200000	0.006822420489765729	1.040071824438161	-0.266775420587892	-0.2854979063813952
chr7_pat	25200000	25400000	0.006665547726589509	1.047939312557331	-0.2434862461020832	-0.25540378971153177
chr7_pat	25400000	25600000	0.006666674699271025	0.7124629324260592	0.14587901827773303	-0.21049293844899186
chr7_pat	25600000	25800000	0.006967549809201077	-0.19067915621447953	0.3519897936630736	-0.18075707949538777
chr7_pat	25800000	26000000	0.0062283429159794195	0.009625162715085908	0.14734146165009077	-0.24349029109630116
chr7_pat	26000000	26200000	0.004793434462569808	-0.9609876830652477	-0.35710749403490294	-0.3387614766891369
chr7_pat	26200000	26400000	0.005307865542192358	-0.6582826813631071	-0.11660908491980974	-0.26307684965312866
chr7_pat	26400000	26600000	0.0046890726434407875	-0.5827724151324244	-0.2814431418336642	-0.2609015914221312
chr7_pat	26600000	26800000	0.0064474043467497005	0.8817689580311164	-0.08964163464956437	-0.18274185547123573
chr7_pat	26800000	27000000	0.006438306662346053	0.9586589773335967	-0.19598927404322408	-0.21995744018195626
chr7_pat	27000000	27200000	0.006502081437697307	0.9508584539096896	-0.24456402126105894	-0.20159171679954965
chr7_pat	27200000	27400000	0.006300302934661851	0.796289076831625	-0.2510760313738684	-0.2101061552762358
chr7_pat	27400000	27600000	0.005639448442516189	-0.024838646162620187	-0.02035621276865957	-0.14920296667063185
chr7_pat	27600000	27800000	0.006634665854007423	0.6186878032150408	-0.24050747919697274	-0.26809612194567956
chr7_pat	27800000	28000000	0.006608536446451632	0.8570576350000366	-0.228025082116049	-0.24591264978315094
chr7_pat	28000000	28200000	0.006638047834415238	0.9896729355665245	-0.22349707002412084	-0.2612601783035628
chr7_pat	28200000	28400000	0.006398638503108669	1.0001596148097425	-0.2472820077958698	-0.21158708261507925
chr7_pat	28400000	28600000	0.00565775430023817	-0.3960323573773029	0.22603623280959	-0.17429420746208565
chr7_pat	28600000	28800000	0.005123955419430144	-0.6504919612498111	0.07750370575119143	-0.07120196736932809
chr7_pat	28800000	29000000	0.006186019922095196	-0.0775864337384223	0.26133246373740004	-0.11334172946760754
chr7_pat	29000000	29200000	0.0072121530760888885	0.8459430497919356	0.19233708645003753	-0.28901348625330653
chr7_pat	29200000	29400000	0.00493806459381324	-0.6197050851444341	-0.07718688607277598	-0.07506822868401665
chr7_pat	29400000	29600000	0.006551184488823184	-0.02576292397215812	0.4189767819870763	-0.19385782236826474
chr7_pat	29600000	29800000	0.007540670763357722	0.7745929614346115	0.2513539494212683	-0.25140809587767504
chr7_pat	29800000	30000000	0.007503353958800633	0.9362564081418537	0.1476258563166077	-0.2615600205304824
chr7_pat	30000000	30200000	0.007614774752368131	0.846964980238311	0.20321825327837137	-0.2302125281269216
chr7_pat	30200000	30400000	0.007528169179094916	0.15352860110613767	0.33851940237657785	-0.1674972080016314
chr7_pat	30400000	30600000	0.005595751639320318	-0.673234583210904	0.2522014158952622	0.004357233811754951
chr7_pat	30600000	30800000	0.006828580872820168	0.5171708637955029	0.3716620755859074	-0.1793359213190367
chr7_pat	30800000	31000000	0.006683293452341325	0.8080674289772443	0.003978019907095827	-0.10603226468113702
chr7_pat	31000000	31200000	0.005470693519885609	-0.08408415961064292	0.1558903051478981	0.03699667584057873
chr7_pat	31200000	31400000	0.006166180661660841	1.0187319409061653	-0.29011986912717064	-0.1587853582226626
chr7_pat	31400000	31600000	0.0063417819558121554	0.8969236571150947	-0.20383065410164103	-0.14459647063826336
chr7_pat	31600000	31800000	0.006628459284876302	0.7620359049978468	-0.17668327871030856	-0.11473908920580948
chr7_pat	31800000	32000000	0.006269226043824038	0.31172252974288683	0.02391303978790069	-0.08800359360609025
chr7_pat	32000000	32200000	0.005629603050438204	-0.2634564185584431	0.1506685724149628	0.07258437151638664
chr7_pat	32200000	32400000	0.006558904941485573	1.015093278228669	-0.26518311597704114	-0.10962936099653442
chr7_pat	32400000	32600000	0.0069719099652087	0.8136706926692919	-0.07512715406113496	-0.0878066506930699
chr7_pat	32600000	32800000	0.006038875396623696	-0.06636560582386498	0.05349225293328845	-0.0034877373727760412
chr7_pat	32800000	33000000	0.005456831490524556	-0.4007293902518702	-0.157965424308463	0.02484327567427078
chr7_pat	33000000	33200000	0.004327228700541139	-0.8911366121742756	-0.3657694085168509	0.08602949998036959
chr7_pat	33200000	33400000	0.005854906161586805	0.34774190236923475	0.00017156375591371445	-0.011867330695543368
chr7_pat	33400000	33600000	0.0065094905629870655	0.885762657706991	-0.2054810973771504	-0.06958458361900706
chr7_pat	33600000	33800000	0.007122563708552401	0.6138819496768606	0.12351162294611807	-0.02358950783083804
chr7_pat	33800000	34000000	0.005417524569716397	-0.3824356157027143	0.023163207794441833	0.1717564808014614
chr7_pat	34000000	34200000	0.006282890163241479	0.9486364133123653	-0.11686231666883277	-0.051644517283882634
chr7_pat	34200000	34400000	0.0065483242860095965	1.0738633540044435	-0.2349250238454002	-0.002377296405573799
chr7_pat	34400000	34600000	0.006288383905331602	1.120329396505346	-0.5012296069450957	0.0009165943859200151
chr7_pat	34600000	34800000	0.006332224211432362	1.067917080898317	-0.29208934373566986	-0.029564051747723776
chr7_pat	34800000	35000000	0.0062249502366771865	1.0453407405501245	-0.12672530963819115	0.021362096278222446
chr7_pat	35000000	35200000	0.006607923230106293	1.0129392646018824	-0.1355260429520731	0.001295007289467022
chr7_pat	35200000	35400000	0.006037870625069525	0.9492255303286486	-0.24561519056219608	0.025860661318256033
chr7_pat	35400000	35600000	0.0061622478704970625	0.88833641942573	-0.2572269918466522	-0.05949557081754966
chr7_pat	35600000	35800000	0.005850730272995778	0.04373820172133831	0.19551317132734647	-0.023672639336001958
chr7_pat	35800000	36000000	0.00425663397634654	-1.1524836690148081	-0.5751014026190489	0.35260873888914906
chr7_pat	36000000	36200000	0.005828736998190651	-0.15690484501345267	0.021832607547979537	0.0044612285199862435
chr7_pat	36200000	36400000	0.006153834997936877	0.8593390888765449	-0.04768717799801672	0.06453382772743638
chr7_pat	36400000	36600000	0.0062636804251089764	1.1153770935139466	-0.20431829173639604	0.13795889218800908
chr7_pat	36600000	36800000	0.006588976325731642	1.1971885083437934	-0.3372978059663007	0.15336565913612651
chr7_pat	36800000	37000000	0.006351725423966247	0.8685362132184159	0.11769560138837977	0.03918795530123791
chr7_pat	37000000	37200000	0.005370286145448303	-0.4603213917448887	0.0504417985563133	0.3536083929241963
chr7_pat	37200000	37400000	0.004894155553144835	-1.0231330711300624	-0.09015734469325667	0.5594497060801065
chr7_pat	37400000	37600000	0.006486738174627786	-0.09790931104047298	0.20552163153700595	0.2780955664710954
chr7_pat	37600000	37800000	0.006559361291745853	0.2562261173595475	0.5823056313575116	0.28562903847904114
chr7_pat	37800000	38000000	0.005635238361932226	-0.28028034133961777	0.23380694782508119	0.43107280329090575
chr7_pat	38000000	38200000	0.005348435979651568	-0.8931811474038811	-0.023674692648171437	0.6472493982235324
chr7_pat	38200000	38400000	0.005684386333233091	-0.2343158894416379	0.6042112944560633	0.4940900878562771
chr7_pat	38400000	38600000	0.008178711279092287	0.49557018899070077	0.7708018353637917	0.344718702244077
chr7_pat	38600000	38800000	0.007513443793465171	-0.7528884831343797	0.5110380486085737	0.7037430242402348
chr7_pat	38800000	39000000	0.006671543223551402	-0.6424901975490563	0.3067650195870115	0.5820753063083429
chr7_pat	39000000	39200000	0.005896455022550511	-0.31787043235535617	0.3164427433625929	0.3556626063774056
chr7_pat	39200000	39386660	0.006494109161635685	-0.7422709757217502	0.04158838651332852	0.2809933806589768
chr8_pat	0	200000	0.006586251788815136	-0.4624095531313276	-0.49661704742195295	-0.1240452068812459
chr8_pat	200000	400000	0.00710105627136394	-0.05557421213140517	-0.7316591543301713	0.09940244915626666
chr8_pat	400000	600000	0.008655605655416974	0.5822119383762409	-0.41888941708262656	0.5740063460112784
chr8_pat	600000	800000	0.006884841418705989	-0.3291836806838003	-0.41762160500101464	0.37267865026629043
chr8_pat	800000	1000000	0.005442026289037744	-0.5370244124657899	-0.2199905745121495	0.21526231843327417
chr8_pat	1000000	1200000	0.005163235779167509	-0.8853252252777744	-0.06833761715833445	0.047392495259547494
chr8_pat	1200000	1400000	0.005915011627475868	-0.3396589481504373	-0.22647272323833692	0.4009874756603625
chr8_pat	1400000	1600000	0.005723858457463117	-0.0905731657645984	-0.6326487140937024	0.371550413470708
chr8_pat	1600000	1800000	0.005034917017492402	-0.3801904686404344	-0.3340446540803383	0.1192555374502018
chr8_pat	1800000	2000000	0.006465285470315509	0.5819844015121887	-0.5354462812009512	0.21816608862314896
chr8_pat	2000000	2200000	0.005954031187564026	0.23203240675519102	-0.6887368385954984	-0.04098524808179056
chr8_pat	2200000	2400000	0.005419986850894393	-0.18611341751193375	-0.7355723293913282	-0.13858304387282286
chr8_pat	2400000	2600000	0.006026164637482949	0.009362810696352954	-0.6114348459882057	-0.02697630395650091
chr8_pat	2600000	2800000	0.004817204439633361	-0.8641541690974975	-0.10572166792505748	-0.2942433611227642
chr8_pat	2800000	3000000	0.006268190335647407	-0.1314770263306343	-0.2631756712588152	-0.1678491668488532
chr8_pat	3000000	3200000	0.006900856921281324	0.9245249306261484	-0.2693356826198696	-0.16401724156709518
chr8_pat	3200000	3400000	0.0058114782241990804	-0.012584934517575901	-0.7404235309459353	-0.11164646586270378
chr8_pat	3400000	3600000	0.005634047563130534	-0.17613191436684578	-0.7638610078046749	-0.18338901802307014
chr8_pat	3600000	3800000	0.006590965163771927	0.8195949617965272	-0.28077717934136576	-0.031209257151986906
chr8_pat	3800000	4000000	0.0074269263861225865	1.131718544019034	0.18239575685179685	-0.020000973865922166
chr8_pat	4000000	4200000	0.007528635590731163	1.0963614791107261	0.19706311471677493	0.13102677707707036
chr8_pat	4200000	4400000	0.008004071489819855	0.9158512305612501	-0.011984372849990444	0.3421929160744257
chr8_pat	4400000	4600000	0.007470865269977102	0.8903904044182842	-0.08856502264399925	0.260783025676287
chr8_pat	4600000	4800000	0.006291297532796898	-0.28194628247938053	-0.7895217773607757	0.5325716608569969
chr8_pat	4800000	5000000	0.0043767565244770745	-1.0729905153194608	0.10367834883792831	-0.06932059753368643
chr8_pat	5000000	5200000	0.006478080776996872	0.7600747570001551	-0.3628534708509127	0.20987371270754904
chr8_pat	5200000	5400000	0.007010462992302183	0.8953781965976363	-0.2926192749441058	-0.005895679184720913
chr8_pat	5400000	5600000	0.004842492497105771	-0.42226708599753343	-0.6387596764306879	-0.21256256628027095
chr8_pat	5600000	5800000	0.004284056892075249	-0.6347937917491009	-0.3853296302931163	-0.3358212660098334
chr8_pat	5800000	6000000	0.004653155140873232	-0.7135751545262654	-0.24163651195703495	-0.2371342132827001
chr8_pat	6000000	6200000	0.004500307423285438	-0.7855869199895188	-0.20666914980548953	-0.2996033921680998
chr8_pat	6200000	6400000	0.005116243471445668	-0.7103965382296883	-0.37590053923057315	-0.08431726194078316
chr8_pat	6400000	6600000	0.00661067389135601	0.9503592277405378	-0.20233188306497146	-0.04420227835373888
chr8_pat	6600000	6800000	0.006529950789471656	1.128551383821871	0.11038607587538168	-0.2815950179040277
chr8_pat	6800000	7000000	0.006512078982661948	1.160089829615827	0.14310823071721238	-0.27915540856449367
chr8_pat	7000000	7200000	0.005895193280514393	0.5384327844941362	-0.33994195834470964	-0.0602645237698376
chr8_pat	7200000	7400000	0.0065058291032212045	0.6868823635826997	-0.34567849183181637	0.20192146474385383
chr8_pat	7400000	7600000	0.007101512671782328	0.8182584918714375	-0.1975729552532804	0.25537210683003325
chr8_pat	7600000	7800000	0.005862752764612556	0.20089176986207183	-0.43905300296026395	0.19672233745297618
chr8_pat	7800000	8000000	0.006692264260206586	0.4474747904602274	-0.28969104320119865	0.2958708562403395
chr8_pat	8000000	8200000	0.0068817618565544655	0.6388867791367965	-0.26560544105719835	0.4959712716657349
chr8_pat	8200000	8400000	0.0052412891519775795	-0.6856217376436312	0.13355563937731574	0.17426527256330576
chr8_pat	8400000	8600000	0.005936825786171032	-0.41064474547706575	-0.212892065116342	0.41817782450674695
chr8_pat	8600000	8800000	0.005939111002244662	-0.2963905732093204	-0.32510897108148346	0.5055271192983012
chr8_pat	8800000	9000000	0.0056878390202908845	-0.6923414865193633	0.14143339924310525	0.2758311528953132
chr8_pat	9000000	9200000	0.004955525633877231	-0.8204308129958243	0.7710580748630719	-0.1732957843104531
chr8_pat	9200000	9400000	0.004469691888129676	-0.7780944233498046	0.7199930190548335	-0.21892744477291767
chr8_pat	9400000	9600000	0.004976553507521458	-0.7292963816589111	0.5386743623625274	0.06853743133066048
chr8_pat	9600000	9800000	0.004661931480385414	-0.817743456091488	0.5714192474049238	0.026447607396003544
chr8_pat	9800000	10000000	0.005790698102222193	-0.5235267997887543	0.013690932770588717	0.4466154531854602
chr8_pat	10000000	10200000	0.005223424562192079	-0.8469903108301464	0.4716764315556164	0.03831499267983858
chr8_pat	10200000	10400000	0.0059058018703795866	-0.6679159006995512	0.3764711820768456	0.2041741695660476
chr8_pat	10400000	10600000	0.005277830469957673	-0.5240340058683036	-0.14632430365576043	0.21255496687849904
chr8_pat	10600000	10800000	0.007263459600640624	0.8595118671860871	-0.22210457907582049	0.3661778655694948
chr8_pat	10800000	11000000	0.005746739263071286	-0.14028653959199003	-0.3055687271029059	0.19735204963515682
chr8_pat	11000000	11200000	0.00550549141484396	-0.38622584573360647	-0.39123552828785013	0.08986706967230182
chr8_pat	11200000	11400000	0.006675226846129793	0.9671799043334043	-0.09369632586429022	-0.04626996604999536
chr8_pat	11400000	11600000	0.0058488847922354625	0.0853951398773449	-0.5983029607488437	-0.12555428505525665
chr8_pat	11600000	11800000	0.00434701131515773	-0.6502275048975256	-0.32730079856424843	-0.34844065225352594
chr8_pat	11800000	12000000	0.0047199605116352164	-0.4022131762114236	-0.33720910114927294	-0.28978643274671156
chr8_pat	12000000	12200000	0.006793117312687239	0.9119308017589308	-0.11610325327192135	-0.0916737413258878
chr8_pat	12200000	12400000	0.006540614838313127	1.0760122800958323	0.16066258643129636	-0.14945756442240526
chr8_pat	12400000	12600000	0.006101757064109227	1.0554976289464462	0.2156493511100281	-0.24609325169558197
chr8_pat	12600000	12800000	0.0065397676732287	1.0650911264712992	0.2316002136421901	-0.20034757812240875
chr8_pat	12800000	13000000	0.0064368679233002025	1.0132072801289795	0.19806882870406112	-0.15571398238601097
chr8_pat	13000000	13200000	0.0068610195512468445	0.9844347092905196	0.12821557415672005	-0.20063137215617263
chr8_pat	13200000	13400000	0.0063042894073695975	0.7614595443129095	-0.1159099500674231	-0.2962233503348736
chr8_pat	13400000	13600000	0.0068152293185506484	0.9498052135077603	0.07630912583446349	-0.31154438597527706
chr8_pat	13600000	13800000	0.006309880994629931	0.921321411619134	-0.005709593077464977	-0.31098604911216604
chr8_pat	13800000	14000000	0.004804303106797901	-0.40454184493760564	-0.19375226755545402	-0.4885733006399234
chr8_pat	14000000	14200000	0.005101089288066802	-0.41145824615156207	-0.3730979555130768	-0.40584768642037233
chr8_pat	14200000	14400000	0.00452066250133729	-0.6288178653517907	-0.3413731314830681	-0.41462304083211343
chr8_pat	14400000	14600000	0.006226398214832051	0.3418767196722699	-0.45810107905030834	-0.2757452117846243
chr8_pat	14600000	14800000	0.0054100824987719535	-0.43355933709535827	-0.4819635810989588	-0.36262236967634964
chr8_pat	14800000	15000000	0.005970148913302761	0.02528476765713543	-0.5709810028608711	-0.19572220427113132
chr8_pat	15000000	15200000	0.006517662850313833	0.8518738442477917	-0.07931647295786504	-0.22516173159277447
chr8_pat	15200000	15400000	0.006279067962758652	0.841621235513895	-0.20020440405629764	-0.3168173127125024
chr8_pat	15400000	15600000	0.004670406190287494	-0.5876576292386183	-0.44686407602407874	-0.34598871801429426
chr8_pat	15600000	15800000	0.004472398861910482	-0.657846177114682	-0.13971318494394958	-0.3730780808501619
chr8_pat	15800000	16000000	0.006715372064249132	0.6166712494263322	-0.4095488876834038	-0.01614548497210352
chr8_pat	16000000	16200000	0.004984252472918427	-0.407259087230883	-0.42548151973570797	-0.2694851405500777
chr8_pat	16200000	16400000	0.006261917949932086	0.2876123626743901	-0.4195671906484439	-0.3601033554302222
chr8_pat	16400000	16600000	0.0051234141727476215	-0.3297630963787358	-0.5485571328481608	-0.36726450937865873
chr8_pat	16600000	16800000	0.004250217021095312	-0.7815573460700056	-0.24042382801769832	-0.45813887651971086
chr8_pat	16800000	17000000	0.005096101805161085	-0.2681365044649141	-0.4841757085739367	-0.37413267585789073
chr8_pat	17000000	17200000	0.005800253116722789	0.10733336717370813	-0.6005870311725944	-0.2984132595329883
chr8_pat	17200000	17400000	0.0058059901034010816	-0.04674252862991062	-0.6341972738277304	-0.33054383078061805
chr8_pat	17400000	17600000	0.006711487870099267	0.6505629500617679	-0.3036685478809089	-0.1673454322623493
chr8_pat	17600000	17800000	0.005534769178549329	-0.07146398799127444	-0.33772562089206715	-0.019149084208824028
chr8_pat	17800000	18000000	0.006487694805666684	0.6549334218703252	-0.21522180833949273	-0.01397195976212091
chr8_pat	18000000	18200000	0.00680905937540172	1.169991209607259	0.18693743379047711	-0.1573855442482678
chr8_pat	18200000	18400000	0.007283940950967862	0.9314143454766535	-0.20747904591838592	0.0936001052596783
chr8_pat	18400000	18600000	0.006343091703336909	0.5639124928615965	-0.3729257386042608	-0.05702162298749255
chr8_pat	18600000	18800000	0.004771954274209492	-0.5846108983258592	-0.3368230724270387	-0.36000279787184375
chr8_pat	18800000	19000000	0.004423057615613942	-0.6012122306330941	-0.3353178221269686	-0.43194205807786024
chr8_pat	19000000	19200000	0.005165096891058489	-0.29937008143308513	-0.515806798699116	-0.371861221871608
chr8_pat	19200000	19400000	0.0064764728033143365	0.5847015840993418	-0.3367824310703278	-0.20811215501682884
chr8_pat	19400000	19600000	0.006448375510221208	0.9641182405532814	-0.018684471925776373	-0.1864240788408226
chr8_pat	19600000	19800000	0.0060174000548077235	0.2584179333507521	-0.5236846831208218	-0.03683657686337033
chr8_pat	19800000	20000000	0.006885752800096992	1.0542852649405845	0.1504550702059485	-0.10824227987697817
chr8_pat	20000000	20200000	0.006850421774118069	1.113156792735157	0.26393225588642544	-0.11174011514797831
chr8_pat	20200000	20400000	0.006982074648127688	1.1072041594836906	0.2581569378312969	-0.008813915568991337
chr8_pat	20400000	20600000	0.007172559545834414	1.0352872317602382	0.03265028640696399	0.12395192248220942
chr8_pat	20600000	20800000	0.006635202226371873	0.6755326708021071	-0.2429333071478771	0.07136388316150086
chr8_pat	20800000	21000000	0.004193577097408161	-0.9084353638185507	-0.028194939156980826	-0.24512088269575444
chr8_pat	21000000	21200000	0.004422665875714244	-0.6977909778074564	-0.4606026337020598	-0.21480074200327734
chr8_pat	21200000	21400000	0.006499388961496551	0.39112067316266197	-0.5012841643979625	-0.04444636619554483
chr8_pat	21400000	21600000	0.006785764102692781	0.8304652812070819	-0.12805541325101996	-0.00479211493052051
chr8_pat	21600000	21800000	0.006274143114957157	0.7161614523212946	-0.05895496260306932	-0.07168372496360291
chr8_pat	21800000	22000000	0.006067575399362013	0.3225338852326572	-0.34785238049949985	0.03777374719417983
chr8_pat	22000000	22200000	0.006607180423720204	0.4398711074163969	-0.3807633376810448	0.13072327729843347
chr8_pat	22200000	22400000	0.00577461716825623	0.140839939946583	-0.5386919874911389	0.02854229816096076
chr8_pat	22400000	22600000	0.006365471804534743	0.6062801947152956	-0.2553883408153097	-0.025792259952899615
chr8_pat	22600000	22800000	0.0072500116826571615	1.1113861015039224	0.16411883170084482	-0.04812575426961576
chr8_pat	22800000	23000000	0.007361195279407008	0.8826337391547843	-0.04678994588662141	-0.019332336587593233
chr8_pat	23000000	23200000	0.006661939929139028	0.02071277476750859	-0.42693721743857554	0.1445477767285571
chr8_pat	23200000	23400000	0.003899140797543552	-1.0341008443989905	0.42389618881736146	-0.37386476544070274
chr8_pat	23400000	23600000	0.005006603374487482	-0.6734652518447262	-0.18656911281141259	0.18784514370763208
chr8_pat	23600000	23800000	0.005562364450314755	-0.42990483739952934	-0.2818144069671424	0.3801845656422045
chr8_pat	23800000	24000000	0.006597134666476217	0.08184392809131612	-0.5194604112820144	0.5740334012907937
chr8_pat	24000000	24200000	0.005106068065323512	-0.567956836294115	-0.5050133366581006	0.2530350227000954
chr8_pat	24200000	24400000	0.006812837458463875	0.5717832473239888	-0.3882832360824012	0.4886170863223442
chr8_pat	24400000	24600000	0.005770033076954898	-0.10069428108853311	-0.48481214345725576	0.4897815955662474
chr8_pat	24600000	24800000	0.0069273095718749515	0.6525650333109175	-0.13253276939030853	0.5211858788760786
chr8_pat	24800000	25000000	0.007479521569070003	0.9675645081017047	0.14872395120792664	0.30483653864232946
chr8_pat	25000000	25200000	0.007391359152754077	0.941796987483553	0.2688662876725158	0.18488215168243846
chr8_pat	25200000	25400000	0.007000959885783267	0.9924903061908632	0.31932922755975374	0.0003550663387556825
chr8_pat	25400000	25600000	0.007007195272024992	1.0328588218603958	0.33138244211568196	-0.05938560816259749
chr8_pat	25600000	25800000	0.007178004034985855	1.0093948543549056	0.31204777839530645	-0.04936522113804125
chr8_pat	25800000	26000000	0.00748900725534468	1.0284089502430074	0.3257543777518847	0.01700714256036204
chr8_pat	26000000	26200000	0.007782349519222985	1.0585894652092425	0.4054915317398507	-0.037836545664742094
chr8_pat	26200000	26400000	0.008128341641043065	0.7463939773129765	-0.13105231194905573	0.21771834921486716
chr8_pat	26400000	26600000	0.009035779096646197	-0.46942937149899194	-0.5068289928670221	0.3478757893591642
chr8_pat	26600000	26800000				
chr8_pat	26800000	27000000				
chr8_pat	27000000	27200000				
chr8_pat	27200000	27400000	0.007385528730429645	-0.7951535170746229	0.4895333355230534	-0.02753965370562621
chr8_pat	27400000	27600000				
chr8_pat	27600000	27800000	0.0095869797270389	0.6748339636997468	0.04854926990545974	0.726425947670573
chr8_pat	27800000	28000000	0.0067911237526203675	-0.39471488101844365	-0.17656596963025498	0.6570506655690463
chr8_pat	28000000	28200000	0.006820414008935605	-0.5971644816561791	0.08318273427739807	0.48001941558462546
chr8_pat	28200000	28400000	0.00683962926668655	-0.4318965865973277	-0.1306401499134896	0.5877545447412186
chr8_pat	28400000	28600000	0.006639403841802114	-0.34228801395066116	-0.07367903285769682	0.533773274255696
chr8_pat	28600000	28800000	0.005803130346625246	-0.5582286650423512	0.04184685172213318	0.264925778687936
chr8_pat	28800000	29000000	0.00558121006965365	-0.41100791950815996	0.03668850138693462	0.19627719211988942
chr8_pat	29000000	29200000	0.004837288877035699	-0.6193539120817656	0.17040501701958358	0.005108729663683289
chr8_pat	29200000	29400000	0.0070184186205259555	-0.11708015229758795	-0.18886391776693257	0.5945229162565809
chr8_pat	29400000	29600000	0.005217165710980342	-0.5029305270531826	0.02472996757811285	0.26396776572659614
chr8_pat	29600000	29800000	0.005710211026328831	-0.7137488942361312	0.5250328792937906	0.11708518195290293
chr8_pat	29800000	30000000	0.0077753268513950785	-0.32683642398324414	0.1820108780788613	0.6339377270779656
chr8_pat	30000000	30200000	0.005140829757968683	-0.6937899035288778	0.1985993393028091	0.2975971019711262
chr8_pat	30200000	30400000	0.008979177235207473	0.1554948480347322	-0.06226970223131248	0.967179713013533
chr8_pat	30400000	30600000	0.0070641047901530965	-0.5156486305434473	0.128687939079892	0.565113836755008
chr8_pat	30600000	30800000	0.005654639658048421	-0.7318303558439386	0.24321436382243683	0.2467233925538007
chr8_pat	30800000	31000000	0.005420979150390703	-0.641422482131426	0.12265827803095126	0.2765886596849791
chr8_pat	31000000	31200000	0.005745359659075569	-0.4967591874372318	-0.06349797930995839	0.3477676214743767
chr8_pat	31200000	31400000	0.005705105128819211	-0.37590471162533073	0.028901595859607845	0.3370088512672129
chr8_pat	31400000	31600000	0.007849080782642567	0.32468559967759697	-0.15659330755467785	0.8017542696442238
chr8_pat	31600000	31800000	0.009063513629744967	0.41157007718285493	-0.0342454718886553	0.9722220774563511
chr8_pat	31800000	32000000	0.005473737867483007	-0.7512084206497331	0.20646054587648613	0.5255503004775922
chr8_pat	32000000	32200000				
chr8_pat	32200000	32400000				
chr8_pat	32400000	32600000				
chr8_pat	32600000	32694906				
chr9_pat	0	200000				
chr9_pat	200000	400000				
chr9_pat	400000	600000				
chr9_pat	600000	800000	0.008610045489685457	1.1028035852164288	-0.28707038440565413	-0.13520167348060508
chr9_pat	800000	1000000	0.007611274220376643	1.184133524381895	-0.24472861150196393	0.02862682239242346
chr9_pat	1000000	1200000	0.007506277616204577	1.0539112218550881	0.08691776666625493	-0.034810994126826096
chr9_pat	1200000	1400000	0.0060059773660403526	0.09144329528151768	0.636382063371503	0.05919665756614517
chr9_pat	1400000	1600000	0.00703528207299036	0.11406365803604479	0.48707337565339187	-0.029178541650136
chr9_pat	1600000	1800000	0.005216741524957644	-0.7826882398959847	-0.05944827315161006	0.08379422988744867
chr9_pat	1800000	2000000	0.006851555431066477	-0.4870422896066569	0.4535128486395786	0.17564332918998685
chr9_pat	2000000	2200000	0.006108136962359225	-0.27299454035187665	0.24855539790212142	0.14530635315461657
chr9_pat	2200000	2400000	0.008030237797419385	0.9770024332882192	0.258747258386962	0.2079691014672967
chr9_pat	2400000	2600000	0.008067800926379497	1.0203358303751995	0.1771031350798527	0.2808927478578188
chr9_pat	2600000	2800000	0.007733403122712757	0.45641830294980545	0.6349454333839255	0.2935817985271932
chr9_pat	2800000	3000000	0.005030488667324661	-0.6787315153391886	0.2737764280221642	0.029712444997982625
chr9_pat	3000000	3200000	0.007237268147395019	0.7429619602950246	0.4466696677238553	0.2005811921996196
chr9_pat	3200000	3400000	0.005925764360901032	-0.3793007928370138	0.41496356984328897	0.050499285951557095
chr9_pat	3400000	3600000				
chr9_pat	3600000	3800000	0.007850999482861647	1.0482025100845616	-0.1035856216100227	0.5927167661264184
chr9_pat	3800000	4000000	0.00777331488449938	1.0992765849993094	-0.09449923573605928	0.6389276504853226
chr9_pat	4000000	4200000	0.008019745698322062	1.1016893312277438	-0.017313144461815942	0.5096142885418862
chr9_pat	4200000	4400000	0.006864446405586115	0.17237844918883188	0.5882865757396377	0.37736548526881053
chr9_pat	4400000	4600000	0.004192734978764717	-0.9058484840990203	-0.5381119869980429	0.0554259064241833
chr9_pat	4600000	4800000	0.004154466882555131	-0.8316359527519188	-0.6683638945403464	0.05650237983725966
chr9_pat	4800000	5000000	0.006879666624651733	-0.6118301752919805	-0.030920605634065772	0.0524030465877007
chr9_pat	5000000	5200000	0.004730550271922746	-0.6789525906536054	-0.1491257873822337	0.001529742920246028
chr9_pat	5200000	5400000	0.006434421621342132	-0.6294969811090265	0.09379089154977575	-0.024992122900982704
chr9_pat	5400000	5600000	0.005779678337597334	-0.5750453955271077	0.18273910523851536	0.0038168124337307667
chr9_pat	5600000	5800000	0.005669455087746011	-0.4815888627455741	0.13233106661031338	-0.07283085274733823
chr9_pat	5800000	6000000	0.008197626006777047	0.6157262928531727	0.42160406848168164	-0.5603603258725238
chr9_pat	6000000	6200000	0.007680009844473081	0.612880612180951	0.4213937007021995	-0.4793835257782096
chr9_pat	6200000	6400000	0.007966634004205254	0.3881623123054249	0.6790915508375781	-0.4522817842075714
chr9_pat	6400000	6600000	0.0056784294896051295	-0.597308874445859	0.2868006218319265	-0.0635501341151811
chr9_pat	6600000	6800000	0.005124697300425413	-0.7558471501115167	-0.17310440633344298	-0.09105380895425223
chr9_pat	6800000	7000000	0.0051006498664585885	-0.6663622085416433	-0.12666539420080067	-0.05950560357384855
chr9_pat	7000000	7200000	0.0051683674137139425	-0.8155301581881147	-0.43764839090633784	-0.04938449112593196
chr9_pat	7200000	7400000	0.005171669773878452	-0.4779288645943257	0.24682590301857416	-0.04079883536229254
chr9_pat	7400000	7600000	0.005783870911525758	-0.4443824359622278	0.4423665476413638	-0.07260270665669873
chr9_pat	7600000	7800000	0.007079989817027662	0.4874114267009797	0.4738772494112491	-0.24927656119890668
chr9_pat	7800000	8000000	0.005310184709046172	-0.09594251454769559	0.3027158602163829	-0.17691529135969367
chr9_pat	8000000	8200000	0.006699743777130399	1.2136072374411067	-0.2543201193227798	-0.6665645523396283
chr9_pat	8200000	8400000	0.006812948678744254	1.2056511536824048	-0.35932459447060894	-0.7993264967047803
chr9_pat	8400000	8600000	0.006745837144597423	1.1529336525370248	-0.3661581611948345	-0.7710299151826832
chr9_pat	8600000	8800000	0.007579993753478698	0.9448494683507564	-0.0054469572123840015	-0.498843112091078
chr9_pat	8800000	9000000	0.007053093398068667	1.0574603432531633	0.05442968653967431	-0.43436830580590025
chr9_pat	9000000	9200000	0.0062192217597343185	-0.10837464367236734	0.6526712079343236	-0.16907638955892743
chr9_pat	9200000	9400000	0.006619855967398411	0.5643845354408135	0.5083329756929904	-0.2907422556071928
chr9_pat	9400000	9600000	0.005490860654548635	-0.47533777736470784	0.29140232970763685	-0.08417205729547182
chr9_pat	9600000	9800000	0.0049018549004404815	-0.5332085951891087	0.259131384559022	-0.07086751026352833
chr9_pat	9800000	10000000	0.005844388227716263	0.11655145699516219	0.35177350829315845	-0.1322708796518613
chr9_pat	10000000	10200000	0.007001836217734626	0.959301293117218	0.03307012142785582	-0.25225121232746567
chr9_pat	10200000	10400000	0.006628302486636521	0.45584236514942594	0.3279494685609379	-0.13908916444229003
chr9_pat	10400000	10600000	0.004970226751882051	-0.6905606022071975	0.06038112651068485	-0.0071216341469237925
chr9_pat	10600000	10800000	0.004472102546844652	-0.5861002767079687	0.1341012767388091	-0.006136253537999187
chr9_pat	10800000	11000000	0.006776449900113536	0.711210096462408	0.26678407085305206	0.013155805023706049
chr9_pat	11000000	11200000	0.0068726615987073	0.8242573164436229	0.16831292574227738	0.010225754182467184
chr9_pat	11200000	11400000	0.004368899069150724	-0.466354912996424	-0.2510354646674187	-0.02041265833097505
chr9_pat	11400000	11600000	0.004848183442869129	-0.5736517880070604	0.1918528120773067	0.06197846055139012
chr9_pat	11600000	11800000	0.004200940147255202	-0.7701801716651947	-0.24815098662197438	0.05858709777117667
chr9_pat	11800000	12000000	0.005027173728810775	-0.4549310543239027	0.3311819246977541	0.057821057322323205
chr9_pat	12000000	12200000	0.006311912479212061	0.5836403362815089	0.26686914106797777	0.2124514722403731
chr9_pat	12200000	12400000	0.006330299895816881	0.5012359986814839	0.3025741393553756	0.18800168342761767
chr9_pat	12400000	12600000	0.006531660164604504	1.0113919097925945	-0.22235304410379397	0.3422056125233406
chr9_pat	12600000	12800000	0.00672492289634433	0.9942375033655413	-0.27583875960941107	0.3663285451874456
chr9_pat	12800000	13000000	0.006529833496309491	0.7440787371667498	0.09598876897280306	0.20895627027113542
chr9_pat	13000000	13200000	0.006547762095373171	1.0740772426374285	-0.2648039539604193	0.21778288774372548
chr9_pat	13200000	13400000	0.007041708697571842	0.9719261265156215	-0.09671736665055236	0.0867536763985948
chr9_pat	13400000	13600000	0.006620348688488854	1.113845210977447	-0.3368139529158143	0.1299239607696328
chr9_pat	13600000	13800000	0.006574491692943239	0.7453783228289133	0.21256774422800354	0.27169623140052807
chr9_pat	13800000	14000000	0.0055445755088512905	-0.24432343853407565	0.5523502287809001	0.10024902101487113
chr9_pat	14000000	14200000	0.00476016044516997	-0.7929177986538	-0.1364886108522017	0.03990542377570569
chr9_pat	14200000	14400000	0.005679548025846685	-0.7131741099757654	-0.028923322883516442	0.03247864363083556
chr9_pat	14400000	14600000	0.005511521139776427	-0.58900073996365	0.22527588002888368	0.045331279191466296
chr9_pat	14600000	14800000	0.0063734636282505785	-0.13662801054386978	0.487338299481931	0.03881539873380815
chr9_pat	14800000	15000000	0.007966497360138386	0.8306789934550376	0.21014976310997083	0.12029608809315899
chr9_pat	15000000	15200000	0.007782841942598877	1.0150278430996316	-0.009873397141698508	-0.018571652625663602
chr9_pat	15200000	15400000	0.007107362679645211	0.480761372796241	0.43695740835905084	0.0943864776150961
chr9_pat	15400000	15600000	0.007735122387894744	0.3289961885332038	0.623422571688056	0.045756390009807794
chr9_pat	15600000	15800000	0.007823488846603735	0.6667233978431019	0.423474039412821	-0.1263418032406411
chr9_pat	15800000	16000000	0.0068794510569213825	0.43476033017947474	0.4377599186201159	-0.10046049597639854
chr9_pat	16000000	16200000	0.007170957603732185	0.10740044763955209	0.4657910745782979	-0.016261812393043407
chr9_pat	16200000	16400000	0.006654589839917051	-0.37470332559493597	0.3475092042623604	-0.014964807760626567
chr9_pat	16400000	16600000	0.005345613173039469	-0.7393428783557069	-0.2680889318916906	0.01754388113777507
chr9_pat	16600000	16800000	0.005053167000463432	-0.8178078366762965	-0.5278174500130239	-0.012845617506934758
chr9_pat	16800000	17000000	0.004818715329790663	-0.7406929482649023	-0.20025267999772858	0.0014784551684684415
chr9_pat	17000000	17200000	0.005575416242753994	-0.6322821417213634	0.013853788946870142	0.026719404501213403
chr9_pat	17200000	17400000	0.0058490077548552935	-0.608389271085923	0.05627478645596028	0.009978284396985865
chr9_pat	17400000	17600000	0.004903713736507881	-0.615286441159771	-0.07068803452368286	-0.014660399825605247
chr9_pat	17600000	17800000	0.004662015148767092	-0.9170223234971685	-0.6857425989603197	-0.04657794302862697
chr9_pat	17800000	18000000	0.007983048714628939	-0.49772352425795335	0.2286935767355009	-0.20149149456005824
chr9_pat	18000000	18200000	0.005461791657267001	-0.34423745730369587	0.4817178153497906	-0.15304267628703758
chr9_pat	18200000	18400000	0.00519043137374535	-0.5850367477896397	0.2746190911484975	-0.1651646939632255
chr9_pat	18400000	18600000	0.00596540474926337	0.1436533423380348	0.5025703157310061	-0.19115386128420933
chr9_pat	18600000	18800000	0.006776791685872637	1.145433455181502	-0.02910926124128033	-0.370251498862198
chr9_pat	18800000	19000000	0.0067915101079838724	0.9502388136762454	0.04991505686053953	-0.2238710793109085
chr9_pat	19000000	19200000	0.00454529015445561	-0.25030530379246557	0.0014406640571740406	-0.08042352243457708
chr9_pat	19200000	19400000	0.00578219595121761	0.06044703057353996	0.47593069544530847	-0.1097586038528986
chr9_pat	19400000	19600000	0.005211878836198909	-0.059605844983516676	0.4287462564471766	-0.10507125751138693
chr9_pat	19600000	19800000	0.004374946506499963	-0.6690630965137764	-0.03380849957003924	-0.0757638780883088
chr9_pat	19800000	20000000	0.006755850316914749	0.655303112973106	0.5603192162377613	-0.1305275894091508
chr9_pat	20000000	20200000	0.005858924608936945	-0.47143884363405186	0.49595902048439006	-0.09057364905832098
chr9_pat	20200000	20400000	0.0062901558936396375	0.487819171638897	0.3515824871292913	-0.2213555526419593
chr9_pat	20400000	20600000	0.006752765637035584	1.1262168584997838	-0.31342867516969675	-0.5153218932061109
chr9_pat	20600000	20800000	0.006709235939511275	1.1492017667749996	-0.40962703356517666	-0.6499277767077684
chr9_pat	20800000	21000000	0.006832976291576438	1.0776988165282007	-0.25311869819306343	-0.7696785460260697
chr9_pat	21000000	21200000	0.006569840611382155	1.154370377998614	-0.36144307107447987	-0.5942497730535463
chr9_pat	21200000	21400000	0.007033484133853716	1.0936071920054617	-0.18371343285706096	-0.49073324253679845
chr9_pat	21400000	21600000	0.005952154759622205	0.10428934370378676	0.5533540652945763	-0.17071209284178018
chr9_pat	21600000	21800000	0.006381684845344779	-0.10602818248358885	0.6620628755670223	-0.06371346460001344
chr9_pat	21800000	22000000	0.005564214934544167	-0.6328251354311122	0.033299700608484244	0.009734615132237823
chr9_pat	22000000	22200000	0.00465700974850479	-0.7584451479273703	-0.14837448224205224	0.047574471350070216
chr9_pat	22200000	22400000	0.005244994287688048	-0.5232347277476737	0.4643874478694767	0.1355194316344618
chr9_pat	22400000	22600000	0.007141575471398798	0.6724368941094527	0.430553398570128	0.23146560822553283
chr9_pat	22600000	22800000	0.0072107658207457796	1.0014215066536982	0.029175860155490965	0.3033677863579052
chr9_pat	22800000	23000000	0.007062182884471772	0.6815753707705651	0.31394674543967677	0.2710937662993566
chr9_pat	23000000	23200000	0.004711741225339572	-0.6324755246162177	0.3689393945747816	0.05290859627545735
chr9_pat	23200000	23400000	0.006556489123179725	0.9787332712743957	-0.04541396989668671	0.4405497310086387
chr9_pat	23400000	23600000	0.00656667946982173	1.1303415098313525	-0.3819266659419256	0.668914583161432
chr9_pat	23600000	23800000	0.006995446880734001	1.0531538138892247	-0.1556003720827801	0.7680626850165991
chr9_pat	23800000	24000000	0.006882164480399555	1.0679567613904062	-0.2683258655248452	0.8589842305013092
chr9_pat	24000000	24200000	0.006839941468523864	1.098922719889397	-0.21011254195328163	0.7991867892566842
chr9_pat	24200000	24400000	0.006760422489529279	0.983352283630723	0.08381170262902482	0.744681661781905
chr9_pat	24400000	24600000	0.004784730835092051	-0.6334711004750628	0.15560239383336283	0.10683476366336096
chr9_pat	24600000	24800000	0.005422409622961981	-0.41234770732395265	0.45348431648568377	0.17943079084490302
chr9_pat	24800000	25000000	0.004423899805911299	-0.7562979163975418	-0.06141184283870814	0.13857471698610352
chr9_pat	25000000	25200000	0.00613654703801742	-0.27913692995093786	0.3835716593001097	0.1353829536128549
chr9_pat	25200000	25400000	0.006536196424567987	-0.5150933642677343	0.45216895459526046	0.13091758260094505
chr9_pat	25400000	25600000	0.007259039794887834	-0.30841478325487287	0.39017158345483266	0.10254146845659924
chr9_pat	25600000	25800000	0.005648712556943999	-0.9081120568504263	-0.573323566786115	-0.004995072478614273
chr9_pat	25800000	26000000	0.005253241472382858	-0.7975645592697388	-0.22696150578927227	-0.031666929797461545
chr9_pat	26000000	26200000	0.005939918439139776	-0.10609504609729167	0.30822866517262876	-0.07375870850934864
chr9_pat	26200000	26241639				
chr10_pat	0	200000	0.009287766036953428	-0.26667100053012294	-0.05647221529356098	-0.24337345505982672
chr10_pat	200000	400000	0.004117418624441565	-0.8488175892787977	-0.08830399305991207	-0.24294445973071216
chr10_pat	400000	600000	0.00514147853540156	-0.32616288004839195	-0.708795382324236	-0.11649819926397198
chr10_pat	600000	800000	0.005131298740131836	-0.33908036383946644	-0.5221567161329438	-0.023192983853287687
chr10_pat	800000	1000000	0.005175938403294967	-0.3003553331331887	-0.5243954834059507	0.03105742912317263
chr10_pat	1000000	1200000	0.006218052098558109	0.20240809697297826	-0.7260911010193072	0.22059938816155977
chr10_pat	1200000	1400000	0.004771305042091442	-0.433503574330036	-0.3722346162194386	0.040895754846225076
chr10_pat	1400000	1600000	0.007751949587004601	0.578750469568634	-0.18366813475823127	0.3222708261400786
chr10_pat	1600000	1800000	0.0077591916691911915	0.1236765442696578	0.31156965138136794	0.15401078754356157
chr10_pat	1800000	2000000	0.007508271795634123	-0.26096992843181976	0.3789845954274499	-0.09522135462677883
chr10_pat	2000000	2200000	0.006037637801464409	-0.6532632322225518	0.2574358666599901	-0.1561337600307029
chr10_pat	2200000	2400000	0.00624614093228815	-0.46198128995035526	0.4439007335521776	-0.1409275036968355
chr10_pat	2400000	2600000	0.006582673701428807	0.403974493723592	0.3776583377832423	0.046931313117186596
chr10_pat	2600000	2800000	0.006134419750587325	-0.3449276143025181	-0.046260490776470195	-0.03943624399775078
chr10_pat	2800000	3000000	0.00768148257322699	0.7514289814083243	-0.11266300335001911	0.37783606232739364
chr10_pat	3000000	3200000	0.004506242949243207	-0.6991508186818782	0.1968163165864795	-0.1678649433676357
chr10_pat	3200000	3400000	0.005980711186957052	0.03292291518797487	-0.23226711288311477	0.018601994914867078
chr10_pat	3400000	3600000	0.005335669933066005	-0.376989239346216	0.03569241227923284	-0.06392439457555961
chr10_pat	3600000	3800000	0.005359566287579415	-0.61301469774855	0.11718482328145213	-0.07079703313735268
chr10_pat	3800000	4000000	0.00554152445465048	-0.5497466478982622	-0.018071369137164117	-0.1023127503405156
chr10_pat	4000000	4200000	0.004911388107323086	-0.7563948138178744	-0.08053688387125704	-0.022175690106876297
chr10_pat	4200000	4400000	0.005236426717832308	-0.515367277528094	-0.48099988915036057	0.038626823797000095
chr10_pat	4400000	4600000	0.005836477128189716	0.0006551550282860663	-0.688784867289265	0.0745889178528564
chr10_pat	4600000	4800000	0.007493815816547865	1.0326179145773815	-0.463124471008675	0.3850254476890023
chr10_pat	4800000	5000000	0.00670938364663582	0.4975899592994269	-0.5175695636871224	-9.021321927181521e-05
chr10_pat	5000000	5200000	0.0054449917167888546	0.06358439150461292	-0.5484041993070075	0.015179357067030531
chr10_pat	5200000	5400000	0.00550227075281478	0.08344474618833661	-0.5564018976139011	-0.025385215113200958
chr10_pat	5400000	5600000	0.005421613034803067	-0.14589584342669198	-0.5646520949224391	-0.1154884208369914
chr10_pat	5600000	5800000	0.005348869264163734	-0.22537969619408102	-0.5286539817868727	-0.18111253780460881
chr10_pat	5800000	6000000	0.005832564282169044	0.11538759532586661	-0.5742547003512379	-0.0859472389076546
chr10_pat	6000000	6200000	0.005205782949351198	-0.18069370607694576	-0.6108981496580592	-0.10598642338507108
chr10_pat	6200000	6400000	0.0067679361575363785	0.8610695485250778	-0.3959817724461618	0.137656556203254
chr10_pat	6400000	6600000	0.006871090229343774	1.0227389647370282	-0.31125818015302126	0.19513395867106206
chr10_pat	6600000	6800000	0.004363393820309805	-0.5534003268163789	-0.3591720921792224	-0.12627814964456535
chr10_pat	6800000	7000000	0.004743380063247641	-0.2872972897586932	-0.414200864191228	-0.15764453750811142
chr10_pat	7000000	7200000	0.006473672577757458	0.49206386332927865	-0.6458813369005816	-0.15407717861164105
chr10_pat	7200000	7400000	0.0044377119901976665	-0.5583267774982131	-0.27920515219597064	-0.2296356344670161
chr10_pat	7400000	7600000	0.00466375678565528	-0.4776719838542465	-0.4611383260972667	-0.2842443408312202
chr10_pat	7600000	7800000	0.005217769804487764	-0.2629703760947351	-0.5013208381836639	-0.21962764865090892
chr10_pat	7800000	8000000	0.004948305530665965	-0.342917959298783	-0.4913996336269698	-0.14942930917240294
chr10_pat	8000000	8200000	0.006399701615790759	0.7733889711770703	-0.45846702742253237	0.14297203196410502
chr10_pat	8200000	8400000	0.006984748478657728	1.199905856333592	-0.09730724143546544	0.32645926226550276
chr10_pat	8400000	8600000	0.007384010572946435	0.36481746374540946	-0.431851005393609	0.04205180502561167
chr10_pat	8600000	8800000	0.005104876976077977	-0.3430128040538968	-0.28651838855885225	-0.10599643945940754
chr10_pat	8800000	9000000	0.004804008559989651	-0.7303302952270627	-0.290615802909329	-0.14604969398919063
chr10_pat	9000000	9200000	0.005766916648539408	-0.012385831134335942	-0.6560142968959741	-0.17341205330003429
chr10_pat	9200000	9400000	0.006182402724476926	0.48708571971852166	-0.595832833013233	-0.0644238245538315
chr10_pat	9400000	9600000	0.006693910351621202	1.217795134985919	0.12808444278928005	0.41040434794599456
chr10_pat	9600000	9800000	0.007142899475913127	1.2086923397043023	0.23074809435270402	0.3850451673108012
chr10_pat	9800000	10000000	0.0068346254754234285	0.8541560376304352	-0.20627358227441525	0.21961785808037276
chr10_pat	10000000	10200000	0.00501796451700721	-0.12377113855501838	-0.6477245014536157	-0.16719409830551574
chr10_pat	10200000	10400000	0.004538578960258872	-0.4979520223462477	-0.38147781029467465	-0.23360800560923212
chr10_pat	10400000	10600000	0.005358747170774305	-0.2754705836718828	-0.5261302614782669	-0.33361049290083283
chr10_pat	10600000	10800000	0.003818571359269319	-0.840257235588979	-0.08178571054483565	-0.30364180110958794
chr10_pat	10800000	11000000	0.006301703517190804	0.24460131274267097	-0.5334315669072995	-0.18794849681412687
chr10_pat	11000000	11200000	0.0046869152622558705	-0.4941199998175496	-0.39179804893590453	-0.2561492535181789
chr10_pat	11200000	11400000	0.005008394323168597	-0.36177093493380363	-0.4263792564223722	-0.26401015714120996
chr10_pat	11400000	11600000	0.005995878282956258	0.15507360480876223	-0.5815156164857583	-0.23871958046823114
chr10_pat	11600000	11800000	0.006015007427619508	0.004613471719934198	-0.650577935474275	-0.25772852922893025
chr10_pat	11800000	12000000	0.007236755305741927	0.9763550445997932	-0.3258769687047869	-0.12543799121609106
chr10_pat	12000000	12200000	0.005316072101356039	-0.13802333040785644	-0.43888658158621763	-0.195060839881414
chr10_pat	12200000	12400000	0.006077954182114835	-0.09028521112839233	-0.5775345178089765	-0.25010136748776574
chr10_pat	12400000	12600000	0.0054480646195143685	-0.1338611442737546	-0.25101449879485527	-0.1983077546402867
chr10_pat	12600000	12800000	0.006988254842737031	0.21337953413474595	-0.4253339801616235	-0.21896072094025687
chr10_pat	12800000	13000000	0.0071090597730088766	-0.15488994299696215	-0.291090924280286	-0.11482612990554365
chr10_pat	13000000	13200000	0.0055778828005412385	-0.48258877740570094	-0.08179656841885939	-0.1366089805172143
chr10_pat	13200000	13400000	0.006136106998734636	-0.18577938666998584	0.1078647270610831	-0.23373873549495988
chr10_pat	13400000	13600000	0.008125701186271771	0.8976071115426273	0.48649578882974465	-0.3691083111179721
chr10_pat	13600000	13800000	0.007324511708733035	1.0265662420351163	0.3442108921266101	-0.398820125582802
chr10_pat	13800000	14000000	0.0074602975567131915	0.9166388080770629	-0.007577476991382615	-0.41615905438447665
chr10_pat	14000000	14200000	0.005496626952279978	-0.24893009482960757	-0.42199840635669406	-0.3000048990568232
chr10_pat	14200000	14400000	0.006986919660094236	0.6923512180339337	-0.1685134773204127	-0.42639390105624636
chr10_pat	14400000	14600000	0.007098158274470771	0.735450830481691	-0.010202934386106427	-0.47632208100807794
chr10_pat	14600000	14800000	0.007270009927687294	0.057432828720792604	-0.24543954924074776	-0.4192087749838972
chr10_pat	14800000	15000000	0.0052867236934978305	-0.3585780205640816	-0.005157804528895453	-0.2629984381061771
chr10_pat	15000000	15200000	0.007009208025393367	0.869060952164379	0.10220040001465032	-0.6546757371439942
chr10_pat	15200000	15400000	0.007286262566460198	0.9281553951661187	0.14703299517821417	-0.6710773722535334
chr10_pat	15400000	15600000	0.006835063291299857	0.9692036955482722	0.19496135269581225	-0.8653703084184148
chr10_pat	15600000	15800000	0.00691829716141327	1.0023070445985454	0.21024217293950015	-0.8689236790606785
chr10_pat	15800000	16000000	0.006945497261849674	0.9735896818855899	0.20197382273991993	-0.8413856297913002
chr10_pat	16000000	16200000	0.007050387674585008	0.762803184969221	0.016915890245877165	-0.6545423859674989
chr10_pat	16200000	16400000	0.0067240707119883255	1.0458454493119131	0.1701071604259824	-0.7112752481508969
chr10_pat	16400000	16600000	0.006731039667114703	1.1060883999706046	0.24902609146296767	-0.6071005550334655
chr10_pat	16600000	16800000	0.006240527638925247	0.36727996714177163	-0.2854161224925331	-0.22872524146490583
chr10_pat	16800000	17000000	0.0068794195538252325	0.791208799988051	-0.30342582151078146	-0.2821309889756266
chr10_pat	17000000	17200000	0.005990476010959806	0.0796732876519753	-0.3616621290161306	-0.2641518410078998
chr10_pat	17200000	17400000	0.004103063905539134	-0.868464978301585	-0.09950143984995224	-0.2124260645482263
chr10_pat	17400000	17600000	0.006140928166259224	0.12803760509052473	-0.390705726824945	-0.2493335625224948
chr10_pat	17600000	17800000	0.005686688360270817	-0.09644615178955923	-0.2656342312060978	-0.22837032738228227
chr10_pat	17800000	18000000	0.0056239425161021366	-0.2186945380494487	-0.2093779861892039	-0.19295951971686556
chr10_pat	18000000	18200000	0.00509683253644905	-0.4034223140247771	-0.03222198392324779	-0.22861698351173487
chr10_pat	18200000	18400000	0.007709686215365192	0.5723054933369973	-0.05507915228420123	-0.0559637479200896
chr10_pat	18400000	18600000	0.00445242225156101	-0.7287068593841085	-0.24657734676137477	-0.2129537979923699
chr10_pat	18600000	18800000	0.006756871192036653	0.7323384199862755	-0.3023640043700538	-0.03549360050165284
chr10_pat	18800000	19000000	0.0050713264854617985	-0.30659088343077007	-0.40774237700887767	-0.13755788677420963
chr10_pat	19000000	19200000	0.005732676721761613	-0.6480853884670796	0.06010859839570514	-0.23142131128213983
chr10_pat	19200000	19400000	0.006122605465787445	-0.16342190616363603	-0.2727361065627491	-0.14671924424736693
chr10_pat	19400000	19600000	0.005437967687480386	-0.6391449473140189	0.1412367556961977	-0.26739198174349854
chr10_pat	19600000	19800000	0.004151038045525088	-0.542648010223435	0.22093207361294126	-0.28313068880056785
chr10_pat	19800000	20000000	0.006316509825153728	-0.4886151446054705	0.3382698077447283	-0.3750802474963048
chr10_pat	20000000	20200000	0.005229016286184761	-0.7211474292218101	0.5185851845488062	-0.6042595484630835
chr10_pat	20200000	20400000	0.007456464168289455	-0.6437268958772546	0.535377392543658	-0.588747789938524
chr10_pat	20400000	20600000	0.005853317808302577	-0.5999617874028407	0.574894648319584	-0.6606866283354565
chr10_pat	20600000	20761298	0.007097942331969452	-0.4937709270553506	0.4470908900506919	-0.6562912847656034
chr11_pat	0	200000	0.006510980788319002	0.9574913221519343	0.03781005583815368	-0.5632672280797757
chr11_pat	200000	400000	0.00611703171452159	0.3459049816793202	-0.6601756632624597	-0.28661364557423175
chr11_pat	400000	600000	0.006664252425821015	0.8934685656793333	-0.135948341422641	-0.43768876745513013
chr11_pat	600000	800000	0.006214548923631439	0.9844781359388873	0.10726674425558878	-0.4692098979941821
chr11_pat	800000	1000000	0.006457869263378448	0.9686512770876934	0.051024626285255704	-0.39002931339551383
chr11_pat	1000000	1200000	0.006428690843981428	0.8678022770513496	-0.04846999551986385	-0.17392470596491968
chr11_pat	1200000	1400000	0.006061418506500791	0.4620716187300389	-0.5387952465169751	-0.06955717870977526
chr11_pat	1400000	1600000	0.0040771586948065985	-0.6611384575026737	-0.6463680274341962	0.027598045942224744
chr11_pat	1600000	1800000	0.005572317414188899	-0.006773817764637271	-0.7282101543618227	0.08589433044137777
chr11_pat	1800000	2000000	0.0068727150862927435	0.7821704993805072	-0.19562360747150928	0.16791039685531456
chr11_pat	2000000	2200000	0.00680499141254686	0.9107886336122313	-0.007011535588615103	0.12062652977122465
chr11_pat	2200000	2400000	0.007058351812088872	0.9585646214839539	0.0655864251305613	0.21335573942054403
chr11_pat	2400000	2600000	0.006829943743977559	1.0754318741578417	0.10924711415715205	0.21640424217053128
chr11_pat	2600000	2800000	0.007435393194431389	0.9991492454501243	-0.09347134227088309	0.24328129797710765
chr11_pat	2800000	3000000	0.006489126087900411	0.6478522740161751	-0.5632812182151831	0.23156093081035078
chr11_pat	3000000	3200000	0.0041509354552655125	-0.7097769330633037	-0.5063149463214794	0.09239059048271077
chr11_pat	3200000	3400000	0.005681172493458861	0.04934965290971512	-0.8615719974616931	0.1768762890377741
chr11_pat	3400000	3600000	0.005926161752614213	-0.015287158361898093	-0.7780415915126977	0.16537984416144424
chr11_pat	3600000	3800000	0.004539306517096176	-0.7147656841120111	-0.2160584863140364	0.05592252453618552
chr11_pat	3800000	4000000	0.005495321088517564	-0.4303834316803058	-0.5785383611719207	0.056889112368735305
chr11_pat	4000000	4200000	0.005384925603156392	-0.25088768790800975	-0.24715694517335524	0.014854148205102625
chr11_pat	4200000	4400000	0.0053423569378286484	-0.5357724010020362	-0.23347167961366685	0.03429061830627544
chr11_pat	4400000	4600000	0.004764578372557094	-0.7494860707932309	0.12487238391191151	-0.009756108959395387
chr11_pat	4600000	4800000	0.004603212757542605	-0.7980840169155481	0.19991248284198804	-0.00924408414557344
chr11_pat	4800000	5000000	0.0053536009876087925	-0.5088609449660181	-0.09638198892284072	-0.033610112291378474
chr11_pat	5000000	5200000	0.005955749911453655	-0.4622093863766804	0.07442018630174868	-0.0070405802479889396
chr11_pat	5200000	5400000	0.005567330132807894	-0.7122008570398407	0.2952963236036342	-0.02278401104385731
chr11_pat	5400000	5600000	0.004788782019171409	-0.8609254476484364	0.6239349661450915	-0.029427396048693124
chr11_pat	5600000	5800000	0.0044116749515915165	-0.8764047933376797	0.7259212303430348	-0.04728270270562736
chr11_pat	5800000	6000000	0.005608429080823581	-0.817992035081759	0.4314940342210556	-0.0815329131344397
chr11_pat	6000000	6200000	0.004778987884328636	-0.8405588498370964	0.14938574123613738	-0.0663808009556386
chr11_pat	6200000	6400000	0.006565366696656758	0.42012241140720596	-0.5185126541750714	-0.2371455604614641
chr11_pat	6400000	6600000	0.00700186760744125	1.0375073157672652	-0.11460523833258535	-0.4511846935248411
chr11_pat	6600000	6800000	0.00698845788779311	0.8067247236499772	-0.15275586540054656	-0.24870747028868112
chr11_pat	6800000	7000000	0.006802435130589636	0.6919274419518552	-0.14824493394383803	-0.298328365701738
chr11_pat	7000000	7200000	0.006434027723956562	1.0475565471027881	0.057028090165278114	-0.3238970813410928
chr11_pat	7200000	7400000	0.005935417037190731	0.6814131051774641	-0.23697660772322734	-0.2030275599482826
chr11_pat	7400000	7600000	0.005493391259879429	0.1544342363526288	-0.5881556687789344	-0.07418285606512708
chr11_pat	7600000	7800000	0.004811425761875571	-0.3823352869008524	-0.5771312696295533	-0.078375729932911
chr11_pat	7800000	8000000	0.005882682083940361	-0.05493931633893614	-0.5020889118450323	-0.06611071672271968
chr11_pat	8000000	8200000	0.005571366919806271	-0.1990589449237531	-0.621670023821513	-0.04226333138208768
chr11_pat	8200000	8400000	0.006790956983550613	0.9775348216938516	-0.053841938027344854	-0.05455282504938496
chr11_pat	8400000	8600000	0.006483366302623684	1.2443574147535876	0.15429630796864313	-0.07822060766152628
chr11_pat	8600000	8800000	0.007190321059889865	1.10770481790886	0.07006353543856343	-0.0029994825830589574
chr11_pat	8800000	9000000	0.006022314543709666	0.07823866647475929	-0.6338047767947913	0.05472975549180392
chr11_pat	9000000	9200000	0.006098308409510658	-0.03981302894678074	-0.5902776935709421	0.10730075811409608
chr11_pat	9200000	9400000	0.005790494448786337	-0.2011230328680378	-0.4803209024417192	0.20459575537465055
chr11_pat	9400000	9600000	0.00644559054278876	0.46985932108815903	-0.28047147201070477	0.3637314420951987
chr11_pat	9600000	9800000	0.007601164450371334	0.7214664160366544	-0.0995132727575303	0.4335361608846156
chr11_pat	9800000	10000000	0.006322853026656373	0.07660282093071848	-0.216364668140267	0.2940257642811353
chr11_pat	10000000	10200000	0.0057313036718100755	-0.7549569078233972	0.25094571872611454	0.1348710558350888
chr11_pat	10200000	10400000	0.0059514305499240115	-0.7364796372901348	0.1633975116273879	0.09075373262142189
chr11_pat	10400000	10600000	0.005025253359281086	-0.8301811471073557	0.434131481886068	0.05384513022051484
chr11_pat	10600000	10800000	0.005280817906563494	-0.6653087799081434	0.3720127836588301	0.04605577406936593
chr11_pat	10800000	11000000	0.005090040351542652	-0.7784073282449617	0.520984447382399	0.04908660692890703
chr11_pat	11000000	11200000	0.006549344031458289	-0.8411103162290987	0.6716808217464613	0.03500590196633585
chr11_pat	11200000	11400000	0.00457634885446354	-0.8201375488958748	0.8635187504618899	-0.010289768344813153
chr11_pat	11400000	11600000	0.0057271060547174285	-0.8742845804995144	0.6517017341534809	0.012755495485166638
chr11_pat	11600000	11800000	0.005380673999075312	-0.6273973221956781	0.09334804146138818	-0.007680498116281949
chr11_pat	11800000	12000000	0.007787943980425894	0.26368880452831256	-0.45579883875294264	0.08224534466618302
chr11_pat	12000000	12200000	0.006858954690536395	-0.34289689562256315	-0.3142019438302902	-0.017567795663262113
chr11_pat	12200000	12400000	0.004264818096176851	-0.8059834658261064	0.08547412686871327	-0.06286601802731329
chr11_pat	12400000	12600000	0.004219839179319427	-0.6879490022388468	-0.3210268689683627	-0.086917479007044
chr11_pat	12600000	12800000	0.005242440834843932	-0.5488366063424295	-0.5843427413442286	-0.051182891924900435
chr11_pat	12800000	13000000	0.0061170095930312635	0.027892805056662633	-0.6580506615879135	-0.09930475748830123
chr11_pat	13000000	13200000	0.0070556987693707295	0.9217152970839552	-0.5397073709707131	-0.15728576439239592
chr11_pat	13200000	13400000	0.0051501949036150034	0.03532133263967117	-0.5940743358268171	-0.1409688088367466
chr11_pat	13400000	13600000	0.0045848854430168414	-0.4644184424451573	-0.5439356979339812	-0.09505372426482352
chr11_pat	13600000	13800000	0.004561655125296798	-0.6745825135275674	-0.29454748194340413	-0.07950660062920016
chr11_pat	13800000	14000000	0.005104203853073156	-0.37541191665766227	-0.6107967545066968	-0.09001484928987549
chr11_pat	14000000	14200000	0.006182436825451277	0.3478206587306848	-0.6067810251829542	-0.10732604685225226
chr11_pat	14200000	14400000	0.006134077762685202	-0.07637581535265844	-0.5813682370685918	-0.11814909361253718
chr11_pat	14400000	14600000	0.006267531314521564	-0.20653385258305215	-0.7583241130884645	-0.09161981529411553
chr11_pat	14600000	14800000	0.006709784726042234	0.8689244844686816	-0.21884401646615026	-0.12893763027761188
chr11_pat	14800000	15000000	0.006937443034877668	1.0754183943402291	0.0898937877854919	-0.10157779488908474
chr11_pat	15000000	15200000	0.00708418518772876	0.892832924037301	0.045610695487003576	0.04105986573425421
chr11_pat	15200000	15400000	0.007512255054260321	0.9885603273128615	0.1695553384319418	0.1370323078615048
chr11_pat	15400000	15600000	0.006530862858671174	1.0790834991266212	0.21131316326905328	0.2340708758367435
chr11_pat	15600000	15800000	0.006674328807837074	1.026976973912066	-0.0014688948991268375	0.24629914652667062
chr11_pat	15800000	16000000	0.005457144275208091	-0.17818991430535774	-0.8007214784617461	0.15760655202615678
chr11_pat	16000000	16200000	0.00523233832623881	-0.2592009813295227	-0.5785020844554821	0.18612845960544938
chr11_pat	16200000	16400000	0.00790492466132577	0.9696542361961585	0.06464098246092789	0.5991070406649062
chr11_pat	16400000	16600000	0.006836197636657486	0.24109776894408058	-0.45226846790969866	0.34237737245853184
chr11_pat	16600000	16800000	0.006872118935451696	0.9938418250312214	0.051653379389928845	0.7328231741703851
chr11_pat	16800000	17000000	0.007291347672984441	1.0347665076547825	0.243984256048431	0.915935956919123
chr11_pat	17000000	17200000	0.01015399508631638	1.047155965428343	0.3774773150077964	0.9560743369977076
chr11_pat	17200000	17400000	0.011780695686082133	1.1306189745373278	0.3495993830719122	0.9630965712617199
chr11_pat	17400000	17600000	0.007025103278401383	1.1379759696887974	0.366681369761734	1.0140261562392419
chr11_pat	17600000	17800000	0.007435331951125998	1.1173617723577554	0.3787796687044576	0.9397791617902341
chr11_pat	17800000	18000000	0.007360242680912065	1.144382348085046	0.294692670532821	0.8094829746237122
chr11_pat	18000000	18200000	0.006321094852070917	0.2789532933605498	-0.3120340106308129	0.2405482874069678
chr11_pat	18200000	18400000	0.005939532180589183	0.10810639025077896	-0.38210493366739046	0.12761074079693346
chr11_pat	18400000	18600000	0.006743946386441745	0.11440364822708092	-0.5722311034949861	0.10275265987063414
chr11_pat	18600000	18800000	0.0068992178927607265	0.6193313915960349	-0.3378048035399573	0.033980887226752056
chr11_pat	18800000	19000000	0.006986353482727713	0.5335323679753562	-0.35778845450574376	-0.013638631008441867
chr11_pat	19000000	19200000	0.004661423364201504	-0.7856295359736979	-0.056725701380720805	-0.06893464713145099
chr11_pat	19200000	19400000	0.006930373007975495	0.04021742084789843	-0.5192370585201903	-0.1400408576527442
chr11_pat	19400000	19600000	0.0059938256237911025	-0.2582848190747137	-0.5034593808449029	-0.1381482410560354
chr11_pat	19600000	19800000	0.007194069214233991	-0.10162504549100614	-0.40535091405696905	-0.239277603232753
chr11_pat	19800000	20000000	0.005515591166772684	-0.48752347165864746	-0.39549591849653304	-0.1406524867126417
chr11_pat	20000000	20200000	0.007898832382129862	0.8107182468785189	-0.18276108053894077	-0.6443815695485154
chr11_pat	20200000	20400000	0.008221451370135541	1.099535423231863	0.3004038633687302	-0.8872655651259128
chr11_pat	20400000	20600000	0.007884842576323102	1.0639827923064662	0.3751340975420522	-1.0201091894620886
chr11_pat	20600000	20800000	0.007786743080537883	0.9586301161877221	0.3569753143459132	-1.0508871867629914
chr11_pat	20800000	21000000	0.007757228246552356	1.0498112769207526	0.47109580097945114	-1.2277361591218185
chr11_pat	21000000	21200000	0.008461529536875552	1.0624950826582311	0.48101028829877446	-1.0863451309463228
chr11_pat	21200000	21400000				
chr11_pat	21400000	21600000				
chr11_pat	21600000	21694367				
chr12_pat	0	200000	0.006710035009893353	-0.3715822467021838	0.09750656453466787	-0.4708979843903883
chr12_pat	200000	400000	0.004793246668136378	-0.6639099162066007	-0.20109757408151518	-0.41079904598364675
chr12_pat	400000	600000	0.0048737921534821645	-0.8388195677291197	-0.35615838312152637	-0.3321979724526811
chr12_pat	600000	800000	0.00786333468889337	-0.2131041977811764	0.4024281632376079	-0.16396497025310436
chr12_pat	800000	1000000	0.007523285489851404	-0.4050437056281167	0.3506905083494214	-0.10046220362222355
chr12_pat	1000000	1200000	0.00648925116380623	-0.28354760607208196	0.22885457448889215	-0.15118641722853376
chr12_pat	1200000	1400000	0.00681483878165816	-0.19629228970571194	0.5250447617119135	-0.17335819117594106
chr12_pat	1400000	1600000	0.006944380724641474	0.1934850479029868	0.333094477672185	-0.17095888656820274
chr12_pat	1600000	1800000	0.006461082773976596	0.004558883424868639	0.4292820349794219	-0.1975605158782855
chr12_pat	1800000	2000000	0.007660019241719467	0.9042101678138275	-0.19218648590747975	-0.6239538564366928
chr12_pat	2000000	2200000	0.007565549635763764	0.9387630904157682	-0.40463588187643407	-0.7689793592455564
chr12_pat	2200000	2400000	0.0071912933194163845	0.9568599076484776	-0.3459907184165458	-0.8406098628597058
chr12_pat	2400000	2600000	0.007481226694016018	0.953571897400646	-0.3885843333713375	-0.8605323535401497
chr12_pat	2600000	2800000	0.007585019777155839	0.9706985974039158	-0.4317247085993818	-0.875681509738998
chr12_pat	2800000	3000000	0.008072568505432368	0.9856241936220584	-0.4020991522510647	-0.7569323824282919
chr12_pat	3000000	3200000	0.008021233364691488	0.9892582045542762	-0.1733731679047906	-0.6269269925129498
chr12_pat	3200000	3400000	0.005244251812089943	-0.16132391948488933	0.09053147936612572	-0.21132185052824767
chr12_pat	3400000	3600000	0.006491409482403481	-0.10364534450836488	0.5734901836354773	-0.29643885659904706
chr12_pat	3600000	3800000	0.006465244683158466	-0.061834318435371925	0.3606825691127546	-0.22272689213398375
chr12_pat	3800000	4000000	0.0060327835594193475	-0.30131161829859876	0.47406851683011425	-0.20455236063062712
chr12_pat	4000000	4200000	0.0062094864861847975	0.1456075772856914	0.404479155869408	-0.2052047282556183
chr12_pat	4200000	4400000	0.00703822787233318	0.9767162566220239	0.19904006095406437	-0.0846611767712115
chr12_pat	4400000	4600000	0.00462750820687826	-0.6919265978813781	-0.024553382096765882	-0.09198244526763771
chr12_pat	4600000	4800000	0.0060246827379259365	-0.25789116017916397	0.5210968088023736	-0.046359311240344106
chr12_pat	4800000	5000000	0.007202441922691951	0.9812065340403856	0.09740877958304076	0.018292121235666762
chr12_pat	5000000	5200000	0.007575483091932246	1.1634965124056325	-0.1942965781159827	0.023377301718112305
chr12_pat	5200000	5400000	0.006735705946202718	0.44451062594998014	0.4415170277667754	-0.23176328527198056
chr12_pat	5400000	5600000	0.006097849271971208	-0.386329890807416	0.23955920745248704	-0.22167357317476577
chr12_pat	5600000	5800000	0.005730953348500446	-0.372825204077658	0.445270466717185	-0.2626097537467266
chr12_pat	5800000	6000000	0.007012571160524296	0.7035660135976737	0.2735453420616343	-0.09297780795381878
chr12_pat	6000000	6200000	0.007567380960115848	1.1671366593443768	-0.3747797748546381	0.07594980625797983
chr12_pat	6200000	6400000	0.007742998182815078	1.0665891076923377	-0.11436637968861524	-0.05484444910281125
chr12_pat	6400000	6600000	0.007001543122202745	0.1633070986682802	0.5595861598925528	-0.20095865327812037
chr12_pat	6600000	6800000	0.004822928755643595	-0.6830648779068431	0.025151759838138946	-0.09159430464384342
chr12_pat	6800000	7000000	0.007969947393726702	0.9776918834981319	-0.08548470069681792	-0.14770263549086748
chr12_pat	7000000	7200000	0.008114992433250943	0.9091859430765581	0.06584093343785893	-0.18722419151519598
chr12_pat	7200000	7400000	0.006375282700500394	0.3202442010888339	0.5600846018151477	-0.2323754747052412
chr12_pat	7400000	7600000	0.006756491498113686	0.4129930636782995	0.43503142740536443	-0.3998002851391017
chr12_pat	7600000	7800000	0.005386936665533619	-0.4132020668273642	0.39463957802759736	-0.19147393554207026
chr12_pat	7800000	8000000	0.007183511572223823	0.5144207047231415	0.36330072740840097	-0.28515942609345657
chr12_pat	8000000	8200000	0.007445793690344858	0.8476919095858296	0.22993416366179434	-0.023663943676888368
chr12_pat	8200000	8400000	0.007481879295292521	0.9922458587057885	0.18120957382351552	0.12877822090620575
chr12_pat	8400000	8600000	0.0060704572065877855	0.288207445824554	0.3261525102910321	0.04721700010660722
chr12_pat	8600000	8800000	0.004279600469929072	-0.7831547819887138	-0.1489075493378817	-0.2457699561197544
chr12_pat	8800000	9000000	0.004892380182058878	-0.832940024268833	-0.3484754279003017	-0.3554074474770595
chr12_pat	9000000	9200000	0.005019074022944692	-0.6399963090952115	-0.04096061532842285	-0.2987626712389747
chr12_pat	9200000	9400000	0.005802598787935512	-0.2901985916938268	0.24819189310021733	-0.13795890000508215
chr12_pat	9400000	9600000	0.005243299449447554	-0.5802228679028696	-0.06526174469773781	-0.2740024378581026
chr12_pat	9600000	9800000	0.00533465074160169	-0.46914629362819915	0.34049598163027905	-0.13050360705559494
chr12_pat	9800000	10000000	0.006133838486994413	0.0478544571788232	0.5462538135037552	-0.12805426011926951
chr12_pat	10000000	10200000	0.004559446254467365	-0.6977844769728466	0.023970107039633416	-0.26305123471352054
chr12_pat	10200000	10400000	0.007153440638398473	0.5474683068858865	0.4514272567474395	-0.10874582142643649
chr12_pat	10400000	10600000	0.007468280055373686	0.6561359816914467	0.3795070241512857	0.024898085155236588
chr12_pat	10600000	10800000	0.00664246482762253	-0.11394266593278334	0.5171521045563053	-0.17877707970953838
chr12_pat	10800000	11000000	0.004653059931796968	-0.6626800465413244	0.07063089992282029	-0.21576586867072683
chr12_pat	11000000	11200000	0.005324864361540267	-0.22370066815381204	0.37375103475664717	-0.19772405765085632
chr12_pat	11200000	11400000	0.006646732322313887	0.13834736336637551	0.506370808908205	-0.13778568696717122
chr12_pat	11400000	11600000	0.005312170023500126	-0.6996277296901003	-0.12508083563282787	-0.2944136383529163
chr12_pat	11600000	11800000	0.005613868164594066	-0.702225666667716	-0.12739504796936926	-0.3867199572316281
chr12_pat	11800000	12000000	0.0051271848659356	-0.6123642809802288	0.02016270844817812	-0.3207304892842537
chr12_pat	12000000	12200000	0.004190714692001491	-0.5941853683742339	-0.08323169248353755	-0.3152142209071615
chr12_pat	12200000	12400000	0.005249037910497395	-0.07786821267241523	0.5510555671342188	-0.26272541076186745
chr12_pat	12400000	12600000	0.006649813265812405	0.8174663752655897	0.23752447960861456	-0.2842524909986462
chr12_pat	12600000	12800000	0.006601581896396273	1.124020512516445	-0.20687992775236924	-0.10508442978203099
chr12_pat	12800000	13000000	0.007199460194028558	1.0585992788903817	-0.08451221349299701	-0.1884895941426618
chr12_pat	13000000	13200000	0.006614574542756249	1.0907735818216522	-0.11473292237397605	-0.08563551889697028
chr12_pat	13200000	13400000	0.006868291779677596	0.9862460401876567	0.10435752751276245	-0.19459715403434907
chr12_pat	13400000	13600000	0.005622091648936818	0.19353754678750973	0.5949787418681617	-0.160269561579946
chr12_pat	13600000	13800000	0.005036541531931462	-0.3420917744849627	0.29819607999465036	-0.22227621262689218
chr12_pat	13800000	14000000	0.004592904373168325	-0.8468811717344202	-0.4497226611546475	-0.41164518620709867
chr12_pat	14000000	14200000	0.005934609074265507	-0.604017400395358	-0.14437860152962145	-0.3662559541404627
chr12_pat	14200000	14400000	0.005669956252637983	-0.43847126566960015	0.08418223885610644	-0.28951983764124634
chr12_pat	14400000	14600000	0.005564282681877254	-0.478907853559232	0.03161958478862439	-0.38392728018349986
chr12_pat	14600000	14800000	0.0062156936018667825	-0.09768579937854689	0.17938006477743948	-0.23711367098235103
chr12_pat	14800000	15000000	0.004581259773901465	-0.6198087924650493	-0.09668063944689342	-0.30814590079991433
chr12_pat	15000000	15200000	0.0052523326818886325	-0.5285332194444109	0.08513711392042062	-0.2796322964134252
chr12_pat	15200000	15400000	0.007006474564528715	0.18355682863585196	0.5260998635052959	-0.11900504982066137
chr12_pat	15400000	15600000	0.004907884401163142	-0.4072439964580466	0.2939755890329725	-0.21582891964030412
chr12_pat	15600000	15800000	0.0047260395497340825	-0.7763240742846315	-0.2658880368151301	-0.2865153044858552
chr12_pat	15800000	16000000	0.005451822936530817	-0.5251702516498167	0.14587576500696084	-0.19485438973279545
chr12_pat	16000000	16200000	0.00449746125257074	-0.6808875850996383	-0.05525910095971043	-0.21681069127096475
chr12_pat	16200000	16400000	0.007184963414599743	0.8510412060263394	0.46709233740405465	0.058949221697827583
chr12_pat	16400000	16600000	0.0045570513742847285	-0.5769188983215227	0.08966097275453834	-0.17821588949495348
chr12_pat	16600000	16800000	0.007200194275079013	0.7276037843966581	0.3834106734237012	-0.07745520628194578
chr12_pat	16800000	17000000	0.006208518132519597	-0.42875596938482713	0.31608493362697887	-0.0891420124695069
chr12_pat	17000000	17200000	0.006434214944261675	0.23240747081694388	0.6684689433821482	-0.10181035626433475
chr12_pat	17200000	17400000	0.005756503523175805	-0.04796431421192744	0.4577729496208656	-0.02900356130909597
chr12_pat	17400000	17600000	0.007485338608622665	1.1887992267094587	-0.20596441763848164	0.22448064595808806
chr12_pat	17600000	17800000	0.007732570763790411	1.226696024441509	-0.30535194067883137	0.19215402814353055
chr12_pat	17800000	18000000	0.007802315084009101	1.0132460902364913	0.05562532052508046	0.07089538481187156
chr12_pat	18000000	18200000	0.006015582877501636	0.00715093779105486	0.5597179170380733	-0.06210437905077163
chr12_pat	18200000	18400000	0.006134432231954467	0.011119320813426113	0.6063606473224824	-0.01147821724160273
chr12_pat	18400000	18600000	0.007191947811828425	0.6027710311106667	0.49280255922833804	-0.10826124036672799
chr12_pat	18600000	18800000	0.004781319853698542	-0.7554651305051864	0.022128573876105673	-0.04126971279169219
chr12_pat	18800000	19000000	0.005696052815664606	-0.4006422967555944	0.43062253927742977	-0.08654528789319373
chr12_pat	19000000	19200000	0.008241730670771243	0.7568900249989136	0.5102847384941501	0.2119243284768425
chr12_pat	19200000	19400000	0.007526128744963867	0.0013797980449610828	0.5080164398301423	0.07637005777979362
chr12_pat	19400000	19600000	0.008100285527173463	0.9980884054399238	0.3266125893338637	0.5359873683345059
chr12_pat	19600000	19800000	0.006042343924162767	0.0253621895239214	0.6068185152822815	0.22916149572721925
chr12_pat	19800000	20000000	0.004715120009220809	-0.6414065547466834	0.15166659299683743	0.05688133346731525
chr12_pat	20000000	20200000	0.005193813033842108	-0.4928037749870184	-0.06649058017436392	-0.0439479396600145
chr12_pat	20200000	20400000	0.006096439057713545	-0.2870953292744818	0.5027883062333649	0.031872925948496986
chr12_pat	20400000	20600000	0.009023617093710802	-0.3220536157226759	-0.06654992654748125	-0.18603918274896408
chr12_pat	20600000	20770244				
chr13_pat	0	200000	0.004752739827776821	-0.5764689273942423	-0.5374486463126938	-0.7778744452136521
chr13_pat	200000	400000	0.005569121625484766	-0.5256101715337	-0.3827051879330763	-0.6924525485457829
chr13_pat	400000	600000	0.0058817312300879915	-0.47107693692568114	-0.15093021169648307	-0.5343341794331468
chr13_pat	600000	800000	0.004343626686390948	-0.8077329841153379	-0.4161063147700103	-0.37226704925710574
chr13_pat	800000	1000000	0.0059945691987791155	-0.0893898578047015	0.2786154808551295	-0.10601273222489727
chr13_pat	1000000	1200000	0.007363738541400177	1.031560781214529	0.2601450008941343	0.07712336955335035
chr13_pat	1200000	1400000	0.005807535228452242	0.0329591026060276	0.37470322797173766	-0.08742239354174564
chr13_pat	1400000	1600000	0.005153714604544581	-0.5985575891956902	0.17516477906329242	-0.19208041469502107
chr13_pat	1600000	1800000	0.0043431456556096365	-0.8691824716514344	-0.06872582848556903	-0.217042666619845
chr13_pat	1800000	2000000	0.006579370360293373	0.129699908251563	0.5863277825213524	-0.017630532051183624
chr13_pat	2000000	2200000	0.006841127964590192	0.31927393596660175	0.6562510781086609	0.007491081529461079
chr13_pat	2200000	2400000	0.006644966547120293	0.2572051391007809	0.6264330948658707	0.05265804152807887
chr13_pat	2400000	2600000	0.00650311777332889	0.5785243461924693	0.26990520299767545	0.22173092346550283
chr13_pat	2600000	2800000	0.0071615897121193785	1.2689645290085285	-0.14550289554700968	0.5538535016174752
chr13_pat	2800000	3000000	0.007383327035752455	1.2028090167081005	-0.08762582003124376	0.4104219709993394
chr13_pat	3000000	3200000	0.006373797321172848	-0.025635699058723132	0.4610884799741724	-0.11497890888160174
chr13_pat	3200000	3400000	0.004940535948025492	-0.6695290734913547	-0.1048537297714575	-0.3216426721158292
chr13_pat	3400000	3600000	0.006371710300933728	0.030166901456795025	0.32154378083654905	-0.27719218253978495
chr13_pat	3600000	3800000	0.005333142501065172	-0.28748259419834626	0.2542242318594206	-0.1885935622825293
chr13_pat	3800000	4000000	0.006883529883234084	0.5738490687606301	0.3736094117182553	-0.16645907816089794
chr13_pat	4000000	4200000	0.0046124668277244575	-0.6621660610986161	-0.05324717118646876	-0.25465893768488507
chr13_pat	4200000	4400000	0.004576431527319477	-0.7484405515544247	0.02948731381501095	-0.2204157436396171
chr13_pat	4400000	4600000	0.0068749171906120525	-0.22016488904277312	0.7981490574921304	-0.20069162509060504
chr13_pat	4600000	4800000	0.005445509874926559	-0.8708205744763807	-0.0020941958611288046	-0.14252504587073495
chr13_pat	4800000	5000000	0.0053795828635877655	-0.4333304202280858	0.5617061560838668	-0.15492453668235115
chr13_pat	5000000	5200000	0.00770523353273844	0.7971065153012582	0.4681876924339104	-0.1473079078955542
chr13_pat	5200000	5400000	0.007737407221908524	1.1102289933083251	0.06444275558034458	-0.11641782208679424
chr13_pat	5400000	5600000	0.007619395418305955	0.4770666002370897	0.5640122847134146	-0.25342569129223663
chr13_pat	5600000	5800000	0.005908002553503836	-0.6193976230993318	0.3507202516357482	-0.17666773280674308
chr13_pat	5800000	6000000	0.005180371868708529	-0.4727883161805819	0.12663603312485786	-0.2540125531855627
chr13_pat	6000000	6200000	0.007406512832316594	0.9546207996687762	0.16118581721754277	-0.1431279871041542
chr13_pat	6200000	6400000	0.007610387129727613	1.0849058925749464	0.09262862738226599	-0.08139505784446684
chr13_pat	6400000	6600000	0.006911164797863548	0.21286990443639356	0.6217880150049848	-0.21024434040445195
chr13_pat	6600000	6800000	0.0053132756667991395	-0.23090592787579114	0.34902479977946366	-0.16298584350845277
chr13_pat	6800000	7000000	0.007228128649345963	1.003109214362332	0.07102776187395368	0.08536853673081703
chr13_pat	7000000	7200000	0.007398698209992567	0.9519255214421077	0.14846074827536138	0.04969174753433913
chr13_pat	7200000	7400000	0.00508326004407073	-0.5337509503345012	0.2669686760594117	-0.16231402174336632
chr13_pat	7400000	7600000	0.005832892398836415	-0.5840553817369272	0.1808797609871369	-0.23543524454121428
chr13_pat	7600000	7800000	0.0050939351219607435	-0.8895796956778821	-0.25322136997042505	-0.3078979647295894
chr13_pat	7800000	8000000	0.005599972570592896	-0.5622970896401074	0.2771284395623162	-0.15403671430439944
chr13_pat	8000000	8200000	0.007266859904985804	0.9134355314894149	0.33693403689012397	0.18856886511264567
chr13_pat	8200000	8400000	0.007462442830265807	0.7745767409375093	0.5655508258579206	0.11258273233626936
chr13_pat	8400000	8600000	0.005368072639315157	-0.4937740676014993	0.2808091053608656	-0.1701488030189927
chr13_pat	8600000	8800000	0.006657351162035805	-0.3016635619836255	0.7033976206417067	-0.15341191587962835
chr13_pat	8800000	9000000	0.004730334111118464	-0.7709020624667671	-0.05302824695616179	-0.22772409847937808
chr13_pat	9000000	9200000	0.006734913337077606	-0.49984033016453827	0.288838451568762	-0.1984995521907668
chr13_pat	9200000	9400000	0.008312961987820408	-0.18490167361359078	0.8428713810596546	-0.18921931798089375
chr13_pat	9400000	9600000	0.007290734277614613	-0.7704950461925694	-0.005021164129409682	-0.3577338581073444
chr13_pat	9600000	9800000	0.005841485360252277	-0.7205641985826607	0.06049525061877664	-0.2983956229721976
chr13_pat	9800000	10000000	0.004818263685441839	-0.7098269676007233	-0.060582847713366195	-0.38340817778513653
chr13_pat	10000000	10200000	0.005425873839304431	-0.6822807445135187	-0.012719126611487618	-0.3601641266782143
chr13_pat	10200000	10400000	0.005464914162002985	-0.8581867749385204	-0.21668108917673898	-0.29675556255652974
chr13_pat	10400000	10600000	0.007784696426449483	-0.2637047510613088	0.8307925071414057	-0.17365397520076242
chr13_pat	10600000	10800000	0.0059332798657985	-0.6776206574676038	0.42736098367803943	-0.08386410806945356
chr13_pat	10800000	11000000	0.0057633026313367594	-0.1707684219097741	0.5888003233140247	-0.2090978967188536
chr13_pat	11000000	11200000	0.006958034943447356	1.071911109347393	-0.05503812388881386	-0.3058191934123481
chr13_pat	11200000	11400000	0.006975489100088265	1.1143819832239168	-0.3322199399891738	-0.3369946472256935
chr13_pat	11400000	11600000	0.006960294980204352	1.023728021511009	-0.2885779600994955	-0.46745977855894566
chr13_pat	11600000	11800000	0.00661962243018827	1.0210911744547735	-0.3216257677792405	-0.5075175022954033
chr13_pat	11800000	12000000	0.005274535880211126	0.23906100095503136	0.1695366713854645	-0.3702409718290159
chr13_pat	12000000	12200000	0.0066985266832728365	0.8636339139908613	-0.004936723162863475	-0.5937703091606908
chr13_pat	12200000	12400000	0.007064855090310055	0.947825752030881	-0.2854238770374303	-0.7045148646155714
chr13_pat	12400000	12600000	0.007076403626165988	0.9417260319307382	-0.30880666403906437	-0.7496933267404041
chr13_pat	12600000	12800000	0.006845449200903561	0.9255680454649985	-0.35427360903953853	-0.7628795192440858
chr13_pat	12800000	13000000	0.0069480001511730075	0.9086992132493258	-0.31665964624062626	-0.7382614469101993
chr13_pat	13000000	13200000	0.007284590456141313	0.935490572080292	-0.2133298727378357	-0.7420422400452942
chr13_pat	13200000	13400000	0.007180429792493812	0.9739322281706139	-0.3313870925170601	-0.6149840319082445
chr13_pat	13400000	13600000	0.007032101077460234	1.04993242330512	-0.2585089308464115	-0.4896432041035232
chr13_pat	13600000	13800000	0.006093446424053292	0.26181779354070467	0.28757725387349037	-0.33860677468792366
chr13_pat	13800000	14000000	0.006382751874820786	0.24485960506073473	0.4080132408676603	-0.34597347483926577
chr13_pat	14000000	14200000	0.007320602449403337	1.1182981741093443	-0.19946160233763505	-0.2704992117679843
chr13_pat	14200000	14400000	0.0072789216254213265	0.9896209283332247	0.07424883843607517	-0.2813616839154273
chr13_pat	14400000	14600000	0.006295005114425344	0.4490128826167751	0.3074117503681963	-0.2994701665565758
chr13_pat	14600000	14800000	0.00514631733790997	-0.4022000603391711	0.12055054800369952	-0.2170716377630963
chr13_pat	14800000	15000000	0.006027362363419124	-0.7083694054808551	0.11431759684256598	-0.24493282019663057
chr13_pat	15000000	15200000	0.007424493692977012	0.3865032170266182	0.8671930779395192	-0.27802838552285064
chr13_pat	15200000	15400000	0.004996869046258453	-0.8203234496055151	0.05328673447193271	-0.2374680664640531
chr13_pat	15400000	15600000	0.005146570674670303	-0.7238151238868749	0.0452728874874895	-0.2190350852669561
chr13_pat	15600000	15800000	0.009121457783230152	0.9636274085531922	0.30451545734623003	-0.17736606412089756
chr13_pat	15800000	16000000	0.006995386502396743	-0.3175166469489789	0.2955446689006876	-0.21908147433584751
chr13_pat	16000000	16200000	0.009782587411076892	0.1810347605727181	0.755435415279195	-0.4110764657381205
chr13_pat	16200000	16400000	0.010034608695311444	0.5024133685029281	0.5065382101673247	-0.4209165000143911
chr13_pat	16400000	16600000	0.00810845519976411	0.0009330236530967924	0.6733620596465484	-0.2939181886390694
chr13_pat	16600000	16800000	0.0049251496515961965	-0.8214802987531873	-0.008213896139238711	-0.1367790510652086
chr13_pat	16800000	17000000	0.007362656172601358	-0.24709085667809946	0.7492578596126521	-0.107566949862252
chr13_pat	17000000	17200000	0.004761571172623728	-0.9384589168174694	-0.09403174870012643	-0.02903160338329955
chr13_pat	17200000	17400000	0.00807837845979736	0.4183719165722729	0.8147523643193424	0.18327547799963848
chr13_pat	17400000	17600000	0.006803181180995153	-0.06082415714638936	0.6293099560191963	0.2606279240356194
chr13_pat	17600000	17800000	0.008364491453281876	0.9816067180502271	0.2061334560957677	0.658470696697597
chr13_pat	17800000	18000000	0.007528427720549878	0.7576248021088432	-0.07869469449889156	0.6288944049558965
chr13_pat	18000000	18200000				
chr13_pat	18200000	18400000				
chr13_pat	18400000	18600000				
chr13_pat	18600000	18800000				
chr13_pat	18800000	18838779				
chr14_pat	0	200000	0.00466207553099467	-0.638159666933809	-0.3900643829958297	0.08855245509230396
chr14_pat	200000	400000	0.006023352443732841	-0.19279242570182137	0.09785075088389812	0.0037423388745568115
chr14_pat	400000	600000	0.00564610511881125	0.03736689166916335	0.23559696881851963	-0.17195007137896964
chr14_pat	600000	800000	0.0051259721673741696	0.0006996840522663721	0.0724364823481599	-0.17370373393374602
chr14_pat	800000	1000000	0.005333200256911307	-0.00981968039621215	0.15746745243174975	-0.05689081134188681
chr14_pat	1000000	1200000	0.0048796430400228465	-0.2848645216945246	-0.05135244225092078	0.047890820635916286
chr14_pat	1200000	1400000	0.005079336159784485	-0.03245246348167187	-0.0025704421125810808	0.10376949510018564
chr14_pat	1400000	1600000	0.004985657914098677	-0.08425447817625249	0.12529463779016992	0.09237715235041248
chr14_pat	1600000	1800000	0.006272656272094628	0.4107508069993127	0.32772777731025776	0.003061776927490676
chr14_pat	1800000	2000000	0.0073671906591101085	1.1108724488547284	-0.08252552879726426	-0.24739148836915378
chr14_pat	2000000	2200000	0.007282276122424334	0.9674131313722188	0.060464414100620305	-0.14540633358695917
chr14_pat	2200000	2400000	0.007379993158688044	0.8443860353779582	0.2574964947450517	-0.006357024341975877
chr14_pat	2400000	2600000	0.006202049712857539	0.09679831932716644	0.6654623895549694	0.17382782709764988
chr14_pat	2600000	2800000	0.0046830456314605915	-0.6437341554749801	0.22849682639459967	0.24644544857592313
chr14_pat	2800000	3000000	0.005141946888202638	-0.2361764671965024	0.37198444492450977	0.32409327863755377
chr14_pat	3000000	3200000	0.005276630189560592	-0.3634707316031037	0.6025379052456976	0.29254875272590086
chr14_pat	3200000	3400000	0.007155251311526044	0.13133565536291075	0.870651692257189	0.4444713404115818
chr14_pat	3400000	3600000	0.0068208299591813945	0.38028991836862797	0.7392108031722587	0.5724890419194716
chr14_pat	3600000	3800000	0.005209375206333989	-0.2423207275550437	0.4837978046533709	0.48269205097366835
chr14_pat	3800000	4000000	0.007144608611319622	0.518396385504981	0.7943245435092254	0.6354317629614701
chr14_pat	4000000	4200000	0.005194355490291234	-0.04348614935827204	0.35321096797336526	0.5185740891145569
chr14_pat	4200000	4400000	0.006844815466205945	1.1537476307730168	-0.17352302106949127	0.4286151061843751
chr14_pat	4400000	4600000	0.0073969256220046894	1.0767517316768649	0.08344184352708876	0.41285391683080486
chr14_pat	4600000	4800000	0.005741783999473668	-0.11175990300908287	0.5163909148178266	0.4747467010166193
chr14_pat	4800000	5000000	0.0050909560346108764	-0.6973681559214627	0.21840069467166875	0.25597305537706283
chr14_pat	5000000	5200000	0.005362216258704365	-0.4966248027611209	0.3186584738060912	0.31538883840593873
chr14_pat	5200000	5400000	0.005204658352799742	-0.7648401290920608	-0.16649864568782388	0.21993045808885076
chr14_pat	5400000	5600000	0.005364293472533544	-0.7772393813016524	-0.11522231056949901	0.20680579064539317
chr14_pat	5600000	5800000	0.005166875318993782	-0.6034010273922887	0.16272486807601327	0.1764480890724507
chr14_pat	5800000	6000000	0.005467927060463527	-0.6112656070394392	0.3487201445965897	0.20137595547005913
chr14_pat	6000000	6200000	0.0049009700767812464	-0.6114625627457249	0.2447889219840146	0.2678037552976166
chr14_pat	6200000	6400000	0.006538861828603321	0.5591005915839853	0.7950608257268929	0.11136306540894322
chr14_pat	6400000	6600000	0.00664496852953311	0.2840582148225047	0.7484470771575007	0.033995893397804115
chr14_pat	6600000	6800000	0.006403495742217616	-0.3200937529726286	0.44429647751077295	0.08553213510095496
chr14_pat	6800000	7000000	0.005411091011354072	-0.7241829659008869	0.011850615829878789	-0.05106359284504534
chr14_pat	7000000	7200000	0.005712133871192383	-0.7158850062749538	-0.013349574962878493	-0.1702190362056262
chr14_pat	7200000	7400000	0.00593436802554671	-0.7746937259793925	0.20550566800650386	-0.2256937120015078
chr14_pat	7400000	7600000	0.006366876995657445	-0.6075733306534453	0.4539934909965534	-0.24895232728393357
chr14_pat	7600000	7800000	0.0054530656388672395	-0.7721834557527323	0.3063401458464506	-0.29405936478976913
chr14_pat	7800000	8000000	0.007959252757652335	0.1135567692547477	1.0481764515954541	-0.36901346186393796
chr14_pat	8000000	8200000	0.006446435982123929	0.3975109907187311	0.5916585844540193	-0.5505140162560497
chr14_pat	8200000	8400000	0.007651697381285428	1.0785790600901475	0.19196598160886139	-0.8545416352491019
chr14_pat	8400000	8600000	0.006790267415329316	0.986698802326938	0.2913801010706569	-0.6205233219707361
chr14_pat	8600000	8800000	0.004198315165551317	-0.6140354646856361	0.053122193891480304	-0.14100571424523067
chr14_pat	8800000	9000000	0.004602326055096833	-0.3594665138839016	0.19105363520387603	-0.1906136192959328
chr14_pat	9000000	9200000	0.005056751764646123	0.033953617763311565	0.2884961783669634	-0.23793488144406424
chr14_pat	9200000	9400000	0.006610142016596676	0.9874099184988616	0.06901621944811309	-0.6620525628610916
chr14_pat	9400000	9600000	0.006264413436934919	0.8683146474011182	-0.02258638814434432	-0.5399594983829679
chr14_pat	9600000	9800000	0.004073787429222545	-0.5675380416199067	-0.08975214231275595	0.02624255954548213
chr14_pat	9800000	10000000	0.00465090824781488	-0.28159965246334345	0.0679847542834234	0.017509914406600442
chr14_pat	10000000	10200000	0.004464016046928431	-0.49441044411988655	0.01934894346970113	0.08486069243579113
chr14_pat	10200000	10400000	0.0057595238117418785	0.6462675180039218	0.13242835719430887	-0.2847475166931953
chr14_pat	10400000	10600000	0.0070652563301279595	1.3027149223984622	-0.24193923898103278	-0.8369289304405664
chr14_pat	10600000	10800000	0.006753087395820924	0.9300580175453486	0.03477858757875759	-0.4610309594092252
chr14_pat	10800000	11000000	0.004880211354502911	-0.568793620952897	-0.1152437317494162	0.213135265340161
chr14_pat	11000000	11200000	0.005059444731015551	-0.36738242933670573	0.19030953262779723	0.3516218385010508
chr14_pat	11200000	11400000	0.006651475039302216	0.7063637364410704	0.11852089494952253	0.3874183723918505
chr14_pat	11400000	11600000	0.007137088873018803	1.0433775592520143	-0.2716657005112302	0.4816729320056896
chr14_pat	11600000	11800000	0.0070516942444471915	0.9914985671764956	-0.25015603111883405	0.5836467253299802
chr14_pat	11800000	12000000	0.007330671277532139	1.0166709462193693	-0.2900491522599236	0.6772721691308135
chr14_pat	12000000	12200000	0.007260191788815558	1.0301882654631014	-0.33239315974943834	0.7850245191647871
chr14_pat	12200000	12400000	0.00768298306709792	1.0321347780561707	-0.32152796821724217	0.7133941445987911
chr14_pat	12400000	12600000	0.007068871196415276	1.0466496069163895	-0.1962890634723181	0.763680070967626
chr14_pat	12600000	12800000	0.007591475019902624	1.017027081893769	-0.2051702862647299	0.6981053096505074
chr14_pat	12800000	13000000	0.0072432468255084715	1.1002048369955146	0.0023008646021554845	0.7677423506509273
chr14_pat	13000000	13200000	0.007371463966248893	0.9111116127949848	0.6585924993467531	0.6780749154825573
chr14_pat	13200000	13400000	0.0050799286910631096	-0.7038634194242318	0.6206430891469449	0.3095431367273069
chr14_pat	13400000	13600000	0.0048063082670722485	-0.8136091743926201	-0.5142985897556526	0.35037958921359763
chr14_pat	13600000	13800000	0.004354263238437884	-0.7574632316841039	-0.3366692281196575	0.3693996932829118
chr14_pat	13800000	14000000	0.004825943011295284	-0.7780078348538058	-0.2685641891347092	0.29022997860607685
chr14_pat	14000000	14200000	0.005405427380258392	-0.7998634870332734	-0.09203803248968252	0.23764693040955986
chr14_pat	14200000	14400000	0.005751434666947983	-0.29366291744144346	0.5874360931393025	0.2885809913759746
chr14_pat	14400000	14600000	0.005821819548708131	-0.5791353989954451	0.36788549683268995	0.2474816578359515
chr14_pat	14600000	14800000	0.0058474730610786245	-0.6724611942093025	0.16406570906691742	0.17705667489238275
chr14_pat	14800000	15000000	0.0054593157155221825	-0.49050335362028885	0.4054641188291019	0.04547013580569893
chr14_pat	15000000	15200000	0.005291667569474398	-0.7676472178357379	0.04865739079355482	-0.0029238313628998157
chr14_pat	15200000	15400000	0.006073085286882381	-0.5132394389822297	0.4091978060251708	-0.0980674865404324
chr14_pat	15400000	15600000	0.008820944034714197	0.4764827207239689	0.9847674077891512	-0.33458740929613917
chr14_pat	15600000	15800000	0.008902204289033034	0.671559529241232	0.8565474949700979	-0.4949466956102479
chr14_pat	15800000	16000000	0.004221341647741125	-0.6693992059896248	0.020053620673081477	-0.007591567463782865
chr14_pat	16000000	16200000	0.005059126718415987	-0.20633650845364687	0.2013178540167681	-0.0862643797581123
chr14_pat	16200000	16369598	0.007193126337767265	-0.38980993815643067	-0.17573426874531287	0.023442612859878118
chr15_pat	0	200000	0.007642745240002255	-0.3333955841400612	0.08353722135100676	-0.35224301714764006
chr15_pat	200000	400000	0.005140381989278619	-0.499318452458089	0.0654307449477244	-0.2115018302868836
chr15_pat	400000	600000	0.008187518744548964	0.6032855601115895	0.2782381548598087	-0.5820868977612267
chr15_pat	600000	800000	0.009538429313736526	0.846269041982938	0.3127334974153519	-0.7332260528651412
chr15_pat	800000	1000000	0.008546952937964062	0.9474357273211473	0.40970262076795677	-0.8371558624527463
chr15_pat	1000000	1200000	0.006837685598487517	0.42763242817517777	0.11200530688794541	-0.5087403219877437
chr15_pat	1200000	1400000	0.0052777665895197175	-0.7391736296713433	0.23270306783335365	-0.29576825077204866
chr15_pat	1400000	1600000	0.004605150070611448	-0.7238895808146503	0.3519516972766867	-0.3268439433640124
chr15_pat	1600000	1800000	0.005663585142915476	-0.6169654176905103	0.18567040106171787	-0.261461592242066
chr15_pat	1800000	2000000	0.0070404275643331125	0.31750811268318896	-0.10573341410672873	0.049918099627889075
chr15_pat	2000000	2200000	0.005037931848275902	-0.5028334030763708	-0.27610257893120044	-0.16661670992847644
chr15_pat	2200000	2400000	0.005651981162167734	-0.142825661797065	-0.5378047796346618	-0.12016668249194826
chr15_pat	2400000	2600000	0.005108561686648987	-0.2373849322486722	-0.5869371876186776	-0.09334809879363384
chr15_pat	2600000	2800000	0.006118366736371997	0.37764128600515484	-0.720798934073207	-0.022023563917363945
chr15_pat	2800000	3000000	0.007226097679573836	1.0506280884816572	-0.40141537148019035	0.001592091155022741
chr15_pat	3000000	3200000	0.004378441044696245	-0.4887432123813346	-0.4218653292471829	-0.1443133688906253
chr15_pat	3200000	3400000	0.004783142137409513	-0.6407063679442134	-0.06154233990452083	-0.1048320797631144
chr15_pat	3400000	3600000	0.004900097091733417	-0.6144480121159871	-0.10272829478809174	-0.026190894272600303
chr15_pat	3600000	3800000	0.004996294360470975	-0.5066113161906364	-0.4741477814860082	0.11949823703493301
chr15_pat	3800000	4000000	0.006060634274048503	0.10556815524228924	-0.622369425001259	0.14636355414598895
chr15_pat	4000000	4200000	0.004597487551111012	-0.8102880363743333	0.09365895228405888	0.0004995721662464415
chr15_pat	4200000	4400000	0.00655563287307469	-0.29165782588153094	-0.2929568938880521	0.064674487361418
chr15_pat	4400000	4600000	0.0077637212928924225	0.7289219619350521	-0.21467641457424388	0.38515369811550587
chr15_pat	4600000	4800000	0.008350884163193333	1.0443974189115919	0.3395125510480592	0.44548235298627514
chr15_pat	4800000	5000000	0.007262540135761961	1.136320081837221	0.2606150484860412	0.36932915227322866
chr15_pat	5000000	5200000	0.005314234947333901	0.06620261736799922	-0.37013162612450984	0.1195711670601442
chr15_pat	5200000	5400000	0.005164812839267268	-0.015023640579826598	-0.4772860031537697	0.08202876078523129
chr15_pat	5400000	5600000	0.004442203057557506	-0.5751151164532375	-0.350420850045642	-0.06858626963270172
chr15_pat	5600000	5800000	0.00505478599344429	-0.5143119767040779	-0.2206019058558639	-0.08722747156716291
chr15_pat	5800000	6000000	0.005640288865180705	-0.31399110258457946	-0.4838983807881689	-0.0689862103621252
chr15_pat	6000000	6200000	0.004457095322640088	-0.6584747432849896	-0.043284309113014015	-0.32975707780291286
chr15_pat	6200000	6400000	0.0045842804653198985	-0.5019010465636727	-0.33589461059325804	-0.2079039874425738
chr15_pat	6400000	6600000	0.00623396429458897	0.3659722852420805	-0.5840088341706181	-0.21452460169830684
chr15_pat	6600000	6800000	0.005821612130810278	0.18343644970404197	-0.39048542917011725	-0.2799166323590401
chr15_pat	6800000	7000000	0.004780904979762508	-0.16289181306962036	-0.47615600652576484	-0.31287114607130345
chr15_pat	7000000	7200000	0.004830889579344959	-0.1608580844448557	-0.6473900787696099	-0.23715766104666847
chr15_pat	7200000	7400000	0.006061733749260095	0.31013596835676893	-0.41202424073450483	-0.36453989103444406
chr15_pat	7400000	7600000	0.00716867421100255	0.7418134611265942	-0.15389135163067774	-0.4810082132287834
chr15_pat	7600000	7800000	0.007435719064392992	0.727118582762841	-0.19694206727718627	-0.6288901119626763
chr15_pat	7800000	8000000	0.00749676703423175	0.8954126728874273	0.013158542122322816	-0.6213068426755414
chr15_pat	8000000	8200000	0.007437668303156429	1.0051052624750432	0.09999960390761548	-0.9006712318594802
chr15_pat	8200000	8400000	0.006214561124621019	0.4926151845537502	-0.4010406418059991	-0.470669729550716
chr15_pat	8400000	8600000	0.004488354885496362	-0.6026152388106919	-0.4020176090397856	-0.14979647105797345
chr15_pat	8600000	8800000	0.0051687225527024235	-0.3559734599365578	-0.4218926295667607	-0.13535608269744195
chr15_pat	8800000	9000000	0.00716122180282106	0.24512999952800169	-0.4198321399337195	-0.09207262220425752
chr15_pat	9000000	9200000	0.008752972098222478	0.8380479693125277	-0.14402278556554354	-0.060497812316341576
chr15_pat	9200000	9400000	0.006711754566425305	-0.08238120513198746	-0.27769691250335915	-0.10383665571067396
chr15_pat	9400000	9600000	0.0054693799148221615	-0.5570809613469602	-0.08955543908336693	-0.09619578047650647
chr15_pat	9600000	9800000	0.006062561693351667	-0.3884226771532889	-0.21358666153664954	-0.12203950443687395
chr15_pat	9800000	10000000	0.005336016906891452	-0.3369397817171902	-0.09324182255808766	-0.14212616420490792
chr15_pat	10000000	10200000	0.004872842524835506	-0.5729202819034976	0.1268793521976586	-0.2230567272373298
chr15_pat	10200000	10400000	0.004532483797395334	-0.7303100693915419	0.07049001995287928	-0.2137649873896385
chr15_pat	10400000	10600000	0.005352263066985235	-0.6314328532932943	0.2855398320658909	-0.2938085746595301
chr15_pat	10600000	10800000	0.004094308660513052	-0.6897559064833172	0.0584690422769908	-0.2837835827722919
chr15_pat	10800000	11000000	0.004842253196391952	-0.6552272959428784	0.1869100546673828	-0.29726420004079174
chr15_pat	11000000	11200000	0.006112627386843736	-0.2076633805783244	-0.12178740012981523	-0.18643902556124473
chr15_pat	11200000	11400000	0.0054284420366850815	-0.2839383277238955	-0.1260302860438999	-0.21417603573827163
chr15_pat	11400000	11600000	0.00477405172996814	-0.7213198338142096	0.06808312547626569	-0.11088254335121116
chr15_pat	11600000	11800000	0.004401555050783953	-0.6194031519500527	-0.08953100032591202	-0.025706029689342942
chr15_pat	11800000	12000000	0.007461102727662296	0.5417904622189016	-0.20670944123678248	0.26934339492879944
chr15_pat	12000000	12200000	0.007855654124890653	0.45110003858343134	-0.3271953582396609	0.22273961804197734
chr15_pat	12200000	12400000	0.006430300014801965	0.14620710760898187	-0.4699182840746364	0.03946027918125036
chr15_pat	12400000	12600000	0.00642108348421371	0.24226452884072655	-0.3375669505634484	0.10812140892280478
chr15_pat	12600000	12800000	0.008097190869067477	1.1111471716049826	0.1415895925781219	0.17471722052839592
chr15_pat	12800000	13000000	0.006742158425712091	0.302505851946075	-0.3898976645662989	0.028593270362203587
chr15_pat	13000000	13200000	0.007266831005571459	0.4304408161055982	-0.3736974663349151	0.07821663390604794
chr15_pat	13200000	13400000	0.008067588695535954	0.9821350262007013	-0.10681785785638191	0.11788061719686212
chr15_pat	13400000	13600000	0.006792006792501746	0.32158883858913406	-0.46729922375469873	0.19730902086321844
chr15_pat	13600000	13800000	0.005705826801293702	0.3265909756213076	-0.3773318039745662	0.03227146287571947
chr15_pat	13800000	13859831				
chr16_pat	0	200000				
chr16_pat	200000	400000				
chr16_pat	400000	600000				
chr16_pat	600000	800000	0.01996062987148809	-0.8346560287411183	-0.17041990946456584	-0.173947360113262
chr16_pat	800000	1000000	0.020331747588422027	-0.5664022703453468	0.26582058808587117	-0.33359250768330523
chr16_pat	1000000	1200000	0.011535339503650455	-0.5564867809060987	0.2582393403233464	-0.1999138367399812
chr16_pat	1200000	1400000	0.009531723493131753	-0.723229219964273	0.2959394620924005	-0.31413918544862146
chr16_pat	1400000	1600000	0.012612383313595198	-0.6784952793136599	0.3517122201478604	-0.35618999706694043
chr16_pat	1600000	1800000	0.011889174487424348	-0.9634694529547975	0.1931044490188538	-0.37722083500308795
chr16_pat	1800000	2000000	0.01233186299727483	-0.6983056227004444	0.36040088846509816	-0.7624450711215192
chr16_pat	2000000	2200000	0.019068582989708534	0.9210021836479597	1.5293563607197442	-1.3491774705851804
chr16_pat	2200000	2400000	0.0389280017495007	1.2303019003178222	1.2860279220381254	-0.5122985836000008
chr16_pat	2400000	2600000	0.04059446705830408	1.0457922833277211	0.9027220889630646	-0.011915708709157334
chr16_pat	2600000	2800000	0.025559670402040015	0.5974722841161718	0.31142502607925904	0.3783818365934912
chr16_pat	2800000	3000000	0.022936973469035348	0.5781376147138417	0.3340757684245389	0.38075539613033904
chr16_pat	3000000	3200000	0.021888582068274164	0.533796552115318	-0.07879144614397589	0.43755375775058386
chr16_pat	3200000	3400000	0.02145409334049691	0.5643917084628679	-0.21803721728001663	0.1854675161094588
chr16_pat	3400000	3600000	0.02578512223467452	0.5794715126470693	-0.4290920869559475	0.2600570123061051
chr16_pat	3600000	3800000	0.020540268467555002	0.9128207870228576	-0.7470656249207471	0.13140135194471603
chr16_pat	3800000	4000000	0.023292910338987595	1.2521475571262355	-1.146566975486367	-0.39009204712143064
chr16_pat	4000000	4200000	0.011483676070117795	0.684611609304518	-1.581883503945437	-1.5315918726998903
chr16_pat	4200000	4400000	0.007849606687813327	-0.5742643512501939	-0.5968479551285418	-0.9701827560572692
chr16_pat	4400000	4600000				
chr16_pat	4600000	4800000				
chr16_pat	4800000	4801875				
chr17_pat	0	200000				
chr17_pat	200000	400000	0.005547742333727268	-0.5682200582241675	0.09088217786876723	-0.3221998649576945
chr17_pat	400000	600000	0.005678333325017436	-0.619778343623395	0.025125106018996316	-0.2530403425293569
chr17_pat	600000	800000	0.007356427725522689	-0.19942114532603963	0.7857938867063036	-0.19149323592855647
chr17_pat	800000	1000000	0.007011967451050987	-0.5836132140768863	0.14896228636478	-0.3382847918710626
chr17_pat	1000000	1200000	0.006486096297110625	-0.5066385250077647	0.286527467116246	-0.27827664056878487
chr17_pat	1200000	1400000	0.008236928281730685	0.03476861928441872	0.8053885018751389	-0.09841871962591867
chr17_pat	1400000	1600000	0.005275337233820197	-0.6918868358703453	-0.09327331003415573	-0.26967442705015476
chr17_pat	1600000	1800000	0.004700102183665244	-0.7763005041213571	-0.2069099097481053	-0.24212439285324544
chr17_pat	1800000	2000000	0.006674748267536664	-0.2822968784413026	0.6656163761981762	-0.1451671695089361
chr17_pat	2000000	2200000	0.005409514278537677	-0.6572545234998404	0.09797148273429575	-0.3482676595208199
chr17_pat	2200000	2400000	0.007763092142187421	0.35953000661477996	0.7198248101796215	0.10449942604117597
chr17_pat	2400000	2600000	0.008618708729333195	0.9172236830391781	0.4653562047041253	0.2435917854252437
chr17_pat	2600000	2800000	0.007591047643205808	-0.34118008367232877	0.6925629482610078	-0.090367247677417
chr17_pat	2800000	3000000	0.0065478028868952865	0.17920918544904035	0.4331128952836649	-0.05244825359493363
chr17_pat	3000000	3200000	0.007962963964807593	1.0088880733480425	-0.1548001735013675	-0.03552202868834246
chr17_pat	3200000	3400000	0.007821467573140872	0.9244085100971172	-0.18697497188665804	-0.21478295677200235
chr17_pat	3400000	3600000	0.007520728338425247	0.9382403813475644	-0.23579747328859843	-0.3996358653960573
chr17_pat	3600000	3800000	0.0077357600988451685	0.3234971021632241	0.3228343251434135	-0.4065756768512517
chr17_pat	3800000	4000000	0.009065168731327518	0.6784018326324927	0.32842879462468205	-0.6097338477178842
chr17_pat	4000000	4200000	0.008256413334283062	0.7183675393042656	0.14955349540250412	-0.6985129979176504
chr17_pat	4200000	4400000	0.007410558541690225	0.9109876417645502	-0.19447034491885995	-0.7101718960651304
chr17_pat	4400000	4600000	0.008067772320998869	0.9657437637284316	-0.23556878910720272	-0.8131588809803918
chr17_pat	4600000	4800000	0.008261781201155912	0.9929202891027885	-0.16614584258839646	-0.7688785617774367
chr17_pat	4800000	5000000	0.008033545925468568	1.0879689895353415	-0.08642624651130566	-0.6501582141215279
chr17_pat	5000000	5200000	0.005808149624111553	-0.030304492622655523	0.4682846525336397	-0.3562164636990169
chr17_pat	5200000	5400000	0.0075387235930861685	0.2317880533176623	1.1743032101158384	-0.6387150119058078
chr17_pat	5400000	5600000	0.005489035362881613	-0.6335363030498149	0.3646921077928331	-0.3563910538863376
chr17_pat	5600000	5800000	0.005217813556028963	-0.7450994597355656	0.06219758618206487	-0.4196676720210569
chr17_pat	5800000	6000000	0.004126210779105134	-0.77680152388665	-0.5189984058380565	-0.4965288577532997
chr17_pat	6000000	6200000	0.0045759768087381995	-0.7960799721948636	-0.22836385928052713	-0.3985708287451628
chr17_pat	6200000	6400000	0.005911969330306997	-0.5615538366330831	0.11005223601406788	-0.28682721050877363
chr17_pat	6400000	6600000	0.006142373267075985	-0.46702826953778326	0.3924259039640395	-0.11613913030567115
chr17_pat	6600000	6800000	0.005469687855269264	-0.7137832223564591	0.2820652043291127	-0.026800364905005838
chr17_pat	6800000	7000000	0.0048758923253866045	-0.8130846109515653	-0.2939313976325473	-0.08582213302304381
chr17_pat	7000000	7200000	0.006381609009677468	-0.1873674636114458	0.6482777256179386	0.23265491108664701
chr17_pat	7200000	7400000	0.006898717559405736	-0.09395223445865718	0.6983480687365419	0.20229937330363704
chr17_pat	7400000	7600000	0.0048038815706159125	-0.7663339202759739	-0.1308738851999457	0.05699549724692322
chr17_pat	7600000	7800000	0.005165371061125801	-0.8065280181899721	-0.07609767886928219	0.09991831998457248
chr17_pat	7800000	8000000	0.00865303440041346	0.27855902548350553	0.9971805911768632	0.30500364974126465
chr17_pat	8000000	8200000	0.005689526038671839	-0.6743565099514849	0.20602827258586587	0.17445412123217965
chr17_pat	8200000	8400000	0.0073898111764091326	0.21217395672646108	0.6117365593403628	0.3267193835242959
chr17_pat	8400000	8600000	0.0087010045336326	0.7722061579566294	0.7308902782529073	0.4245190226811003
chr17_pat	8600000	8800000	0.007005496276828878	-0.3398286000626592	0.5869498681430033	0.035668478848269014
chr17_pat	8800000	9000000	0.005098983516272923	-0.6079733270862755	0.08721084593300125	0.031858047313282976
chr17_pat	9000000	9200000	0.0061746878784208524	-0.3033663139624938	0.2621710436250446	0.011922135223168968
chr17_pat	9200000	9400000	0.0062670616457151255	-0.23520477265211448	0.4241535407627055	-0.017184010815157826
chr17_pat	9400000	9600000	0.006373451774442898	0.04546368858994254	0.4312463844632009	-0.08536339192706999
chr17_pat	9600000	9800000	0.006469878863052472	-0.47582817886314444	0.2745032270457437	-0.1854823005034307
chr17_pat	9800000	10000000	0.004456320336535182	-0.8130761610354369	-0.414580940561387	-0.3500867622754835
chr17_pat	10000000	10200000	0.005666272815685802	-0.3855242094792594	0.2659491897874563	-0.3795448646758053
chr17_pat	10200000	10400000	0.006161572613879327	-0.22826468708907538	0.27463201466369563	-0.3498329907596613
chr17_pat	10400000	10600000	0.0063307066263845815	-0.5071943215636749	0.1502363772690356	-0.3716316047696121
chr17_pat	10600000	10800000	0.0053950070170132565	-0.6504521870449401	-0.0577512941254607	-0.3698257072891436
chr17_pat	10800000	11000000	0.00722729631890347	-0.31230921552351126	0.35066490397349664	-0.39282374367079637
chr17_pat	11000000	11200000	0.0074184617450048776	-0.08780110548186242	0.3495046075088269	-0.2542851611901092
chr17_pat	11200000	11400000	0.00460061867968433	-0.3260958427698655	-0.2803317003619793	-0.5985130274600425
chr17_pat	11400000	11415815				
chr18_pat	0	200000				
chr18_pat	200000	400000	0.007812109106479448	0.6847811663391239	-0.03279861291123116	0.47040171087545907
chr18_pat	400000	600000	0.007289080989461505	0.8373467671936926	-0.08209971093808416	0.610510658446297
chr18_pat	600000	800000	0.00794538446482877	0.9632998733074365	-0.22182931450902504	0.8162479703713561
chr18_pat	800000	1000000	0.007878171344945893	0.9082381079964086	-0.016781031791883002	0.8120943791313657
chr18_pat	1000000	1200000	0.007884911345368444	0.6286794197388823	0.7574789257201998	0.8313591404523059
chr18_pat	1200000	1400000	0.005963484102178383	-0.5750849370146937	0.6530403891092855	0.6842459107413499
chr18_pat	1400000	1600000	0.0062602358781244745	-0.8014060405786128	0.0839029659863909	0.5231822612666722
chr18_pat	1600000	1800000	0.006154978553895889	-0.6862391121416405	0.04464496442336891	0.4112294726242443
chr18_pat	1800000	2000000	0.007288886356376808	-0.5750839217511473	0.22276345721244695	0.3537312361193484
chr18_pat	2000000	2200000	0.008377120808193094	-0.4937432238191244	0.24667785924867938	0.24291347538997715
chr18_pat	2200000	2400000	0.004825944053364098	-0.7958158456127794	-0.42280008742734393	0.1889301627327371
chr18_pat	2400000	2600000	0.00443881309662634	-0.6370211054841728	0.07262746195710758	0.040802240497323373
chr18_pat	2600000	2800000	0.005788746935665525	-0.22285533195943966	0.481390895620111	-0.0460884669136111
chr18_pat	2800000	3000000	0.0052123696919179575	-0.4538851869675356	0.2661246797430474	0.018601956080919878
chr18_pat	3000000	3200000	0.006342477580567323	0.7155259986549353	0.5179630409297091	-0.2478446599891029
chr18_pat	3200000	3400000	0.006914802080858534	1.2496443543085425	0.04924649486944563	-0.45497595402795926
chr18_pat	3400000	3600000	0.0055410782359196255	0.20920601585797272	0.3865196910539922	-0.03195941823337844
chr18_pat	3600000	3800000	0.00433688702517203	-0.5278134877432201	-0.007596131323681379	0.21618291968856154
chr18_pat	3800000	4000000	0.00430330096677187	-0.7131815931715081	-0.34751669202877206	0.18001981531206573
chr18_pat	4000000	4200000	0.004483308324476224	-0.6375384260583128	-0.19916812028844494	0.1447288103017429
chr18_pat	4200000	4400000	0.004148675032684344	-0.5127138659963663	0.1170699626433595	0.10965592645445273
chr18_pat	4400000	4600000	0.006791709486885482	0.47457052346936657	0.6528441242125905	-0.09499557352123772
chr18_pat	4600000	4800000	0.008086221140196343	-0.1357998953897228	0.769157943809921	-0.1272054282877358
chr18_pat	4800000	5000000	0.00887353039243184	0.14856877328184462	0.8127383884319043	-0.3185895251073245
chr18_pat	5000000	5200000	0.006309247267610872	-0.5221739769101543	0.43692284182583746	-0.042393871187038995
chr18_pat	5200000	5400000	0.007679881266390841	0.577279346724449	0.48144095322296615	-0.1983411631481597
chr18_pat	5400000	5600000	0.007881872161030212	0.6693662204638626	0.30218324936428165	-0.22560878524598382
chr18_pat	5600000	5800000	0.008310611296448625	0.22778686799188	0.6326284836935699	0.023580363759620443
chr18_pat	5800000	6000000	0.006333598363244245	0.08296228952684574	0.343948821957359	0.08601156388213699
chr18_pat	6000000	6200000	0.007971603613935549	1.0981299360335641	-0.20417381061045564	-0.09313380858403535
chr18_pat	6200000	6400000	0.006862308948174851	0.4746348395490116	0.38211344693288785	0.3472123639831705
chr18_pat	6400000	6600000	0.008018788074451772	1.0433410939431311	0.04037760766966641	0.12766697401632127
chr18_pat	6600000	6800000	0.006827949099548281	0.7749131757239075	0.2840005631286589	0.2865457416448353
chr18_pat	6800000	7000000	0.004472689827292161	-0.5798893028727502	0.15267146034726703	0.40196673934872973
chr18_pat	7000000	7200000	0.006095900163008166	-0.019851014299679327	0.4742647445282406	0.43173191585148485
chr18_pat	7200000	7400000	0.00618455818397187	-0.31102289896320384	0.5563594078900918	0.4918645000447758
chr18_pat	7400000	7600000	0.007431940368441458	0.1937035202079261	0.7439517861919354	0.3642797937420354
chr18_pat	7600000	7800000	0.004938292988842659	-0.6991016100081086	0.2121911262431967	0.47273650812415974
chr18_pat	7800000	8000000	0.005927081176414949	-0.5602358073009265	0.3359140703794398	0.3355651763661731
chr18_pat	8000000	8200000	0.0050386951105211315	-0.7970687222616033	-0.4688647017738076	0.29629255790809567
chr18_pat	8200000	8400000	0.006093408465025579	-0.6500923681726489	0.1915434241881486	0.04711251290704222
chr18_pat	8400000	8600000	0.004290759233935747	-0.7755509945082918	-0.2694451971625903	0.05955389695889651
chr18_pat	8600000	8800000	0.0065698393116313605	-0.19865463941633438	0.6707482085943473	-0.3115307441706141
chr18_pat	8800000	9000000	0.0041737587187357485	-0.7743587257486347	-0.041268960117059966	-0.1497409228339894
chr18_pat	9000000	9200000	0.0057603899513124016	-0.28242648051125424	0.5649292532683239	-0.5658833178100191
chr18_pat	9200000	9400000	0.006095398365551415	-0.5035963380933345	0.5698823142642923	-0.5323485038166735
chr18_pat	9400000	9600000	0.006007925352839616	0.35502416539001136	0.7218563463153301	-0.7895814762036406
chr18_pat	9600000	9800000	0.004210769347385303	-0.6880761375250354	0.2907757848174441	-0.31708932712485915
chr18_pat	9800000	10000000	0.005664650531472157	0.5745921493531325	0.00763988689792835	-0.443233369854579
chr18_pat	10000000	10200000	0.007637760579880199	1.0844477449204462	-0.39804511532119735	-0.2990926406301819
chr18_pat	10200000	10400000	0.007422546479604554	0.9202232276120476	-0.2526518871053735	-0.011862511970605095
chr18_pat	10400000	10600000	0.006821068923371028	0.6030187629732777	0.2206294571379204	0.36675730112867805
chr18_pat	10600000	10800000	0.007036495638776924	0.867909073124197	-0.13488863886197072	0.3872974464530338
chr18_pat	10800000	11000000	0.005356102870373207	-0.08259493410936722	0.45666264386555244	0.34889735460921556
chr18_pat	11000000	11200000	0.007127376508110666	0.923345079856702	-0.1283055945482508	0.45293009113338606
chr18_pat	11200000	11267241				
chr19_pat	0	200000	0.0066116488419249355	0.08386661475739568	0.663528695639732	0.4208509804672184
chr19_pat	200000	400000	0.006261121291185035	-0.5322793084440735	0.3868984441347965	0.43422305526482524
chr19_pat	400000	600000	0.004695068216402036	-0.8501010989355023	-0.21731536010854086	0.37687687545258125
chr19_pat	600000	800000	0.005008985492066618	-0.834845587827901	-0.17978977984771038	0.3981367483252298
chr19_pat	800000	1000000	0.006011273305256741	-0.5400569364145895	0.48288324219831097	0.5086696833441617
chr19_pat	1000000	1200000	0.0057599390500960475	-0.7071469260924292	-0.18753731717425065	0.2620301091976242
chr19_pat	1200000	1400000	0.0057811675695939434	-0.44464121591303973	0.577463277506933	0.3056434484062197
chr19_pat	1400000	1600000	0.006933210528145621	-0.20920282290516706	0.7630200856055172	0.29122243825357835
chr19_pat	1600000	1800000	0.005455266154701778	-0.5935842159813937	0.19605287248560566	0.12276975022578802
chr19_pat	1800000	2000000	0.004517414555552123	-0.7752680240133172	-0.27757783941189035	0.017872840985711506
chr19_pat	2000000	2200000	0.005878427663258758	-0.638856990411911	0.2675212446380032	0.03259889503165844
chr19_pat	2200000	2400000	0.006397747744705378	-0.20820565016722026	0.689744534475629	0.24723716096998924
chr19_pat	2400000	2600000	0.003939496786382582	-0.7834685907277394	-0.2946978979077325	-0.008967271923150956
chr19_pat	2600000	2800000	0.004486691580854078	-0.5639799572802606	-0.06465290401815156	-0.05073959303114584
chr19_pat	2800000	3000000	0.005896143536200211	-0.36757044921445925	0.5349561682119753	0.11338994959790025
chr19_pat	3000000	3200000	0.005365293458371661	-0.4434152417650431	0.25303878834807453	0.03235163426347308
chr19_pat	3200000	3400000	0.0053211019330511485	-0.3882702810889537	-0.07506522354541938	-0.20960954072281454
chr19_pat	3400000	3600000	0.004896087544327594	-0.5289713790567053	-0.2227959386898136	-0.2778350276328054
chr19_pat	3600000	3800000	0.005789079382294705	-0.6426227744491468	-0.07933003700353322	-0.22471149361245843
chr19_pat	3800000	4000000	0.005327874178673717	-0.6581671448085828	-0.5479903398507704	-0.5591784829753493
chr19_pat	4000000	4200000	0.005679927928004529	-0.6343678471436764	-0.5835951987895511	-0.6849151985530344
chr19_pat	4200000	4400000	0.005638135104814727	-0.6311974125121737	-0.3958314813110294	-0.6330541408995327
chr19_pat	4400000	4600000	0.0058325985047548955	-0.6205739595347723	-0.08396734517249947	-0.6104130887139532
chr19_pat	4600000	4800000	0.005214347881259726	-0.7068630880336362	-0.496519111755048	-0.624409434199031
chr19_pat	4800000	5000000	0.0047061466379152974	-0.8151305958904317	-0.31922492789073387	-0.5428260444767039
chr19_pat	5000000	5200000	0.005262661189404708	-0.4668196342090729	0.3781664985762057	-0.4424722589231385
chr19_pat	5200000	5400000	0.005082232249814428	-0.3599353369508463	0.44413296432708677	-0.37500547740242707
chr19_pat	5400000	5600000	0.0071642396451966186	0.5347135690316468	0.8530702718383844	0.05724652954453712
chr19_pat	5600000	5800000	0.004986486588152335	-0.4559056368540362	0.30553878156840936	-0.38395115135339347
chr19_pat	5800000	6000000	0.005654383187197443	-0.7167096736475029	0.010834414928780145	-0.46970389939642526
chr19_pat	6000000	6200000	0.004872538998371474	-0.627464485200503	0.21246077019641157	-0.5319418456577109
chr19_pat	6200000	6400000	0.006321460806543802	0.13806982552705246	0.643307268219542	-0.41328739087445443
chr19_pat	6400000	6600000	0.006375526884382101	0.36907934387571584	0.4694430675870275	-0.31000742984463303
chr19_pat	6600000	6800000	0.006962472026890769	0.73327767925312	0.5258981600542368	-0.15204735019012486
chr19_pat	6800000	7000000	0.004650625225639767	-0.4901435752557824	0.31013104765722493	-0.49570208864020027
chr19_pat	7000000	7200000	0.005962503775402114	-0.43599274749391537	0.2948681624174505	-0.5105375004427641
chr19_pat	7200000	7400000	0.004702287731712184	-0.4614807820133289	0.18149739767159606	-0.5513867766512421
chr19_pat	7400000	7600000	0.005555241711222832	-0.1630043852432793	0.3861997722509582	-0.5337595100215722
chr19_pat	7600000	7800000	0.006156315496804372	-0.18958072680970614	0.5563816404496836	-0.46977455515928024
chr19_pat	7800000	8000000	0.00504289963155239	-0.8343006389444264	0.3535904305073179	-0.5692093845030058
chr19_pat	8000000	8200000	0.006897847300962957	-0.10264057804674284	0.8139129436714183	-0.487848336309289
chr19_pat	8200000	8400000	0.010468607792786015	0.10503768283336286	0.47819110120733893	-0.37838816705595846
chr19_pat	8400000	8600000	0.007339848688263077	1.050903734350778	-0.09897665598570589	-0.3694606518845666
chr19_pat	8600000	8800000	0.0078552926109802	0.9753694846911485	-0.020370368976834374	-0.45675442779645675
chr19_pat	8800000	9000000	0.008527539824080548	0.8479389260697214	0.01944005531370881	-0.5452797623042362
chr19_pat	9000000	9200000	0.008079150267169337	0.8601159301626096	-0.029985822692794324	-0.5681288181198892
chr19_pat	9200000	9400000	0.008168315777614246	0.8743303426147011	-0.03199719985062802	-0.5398260664718749
chr19_pat	9400000	9600000	0.00801860244479447	0.9502202311702941	-0.1466209740443724	-0.4294129408535216
chr19_pat	9600000	9800000	0.008105453162827389	0.9053677610387851	-0.03790964486012107	-0.45221324650757183
chr19_pat	9800000	10000000	0.008807007938681818	0.8400321885983647	0.17446638526202857	-0.401354439346168
chr19_pat	10000000	10200000	0.007984625226337732	0.7526671481015167	0.4021600067549451	-0.292504594424761
chr19_pat	10200000	10400000	0.006158720031266764	-0.600372721133604	0.5012276492958134	-0.0680611122778654
chr19_pat	10400000	10600000	0.0068541773738538415	-0.6234569855436146	0.5830617073069647	-0.060837579303962344
chr19_pat	10600000	10800000	0.005586962630443977	-0.5758932563220343	0.4339065308764257	-0.026731876525517576
chr19_pat	10800000	11000000	0.0060980402958034615	-0.34436244787911774	0.5030971310911548	0.013143396430196255
chr19_pat	11000000	11183127	0.005358343475697495	-0.5797448539314148	-0.21095818733782773	-0.1264156818563766
chr20_pat	0	200000				
chr20_pat	200000	400000	0.004460034129718128	-0.6774491810587254	-0.24916040285099442	-0.19785771897904886
chr20_pat	400000	600000	0.005212457311466979	-0.6542552827136698	-0.4630589451330058	-0.3526346085927644
chr20_pat	600000	800000	0.0050558014094811	-0.6595189659876578	-0.5967446974102998	-0.41007967808367674
chr20_pat	800000	1000000	0.005807588198110499	-0.600284434039438	-0.20650527695108997	-0.35196109793929525
chr20_pat	1000000	1200000	0.006255132943736022	-0.6471226701653928	0.16093534028210263	-0.31921470371372695
chr20_pat	1200000	1400000	0.00876960847456601	-0.5140365183436643	0.5692549617444522	-0.2219398835610365
chr20_pat	1400000	1600000	0.011977774665601897	-0.8003491706145911	-0.07724107763009287	-0.2841297188079215
chr20_pat	1600000	1800000				
chr20_pat	1800000	2000000				
chr20_pat	2000000	2200000	0.004536562660482493	-0.7936955470940442	0.224332195589963	-0.33399962546243883
chr20_pat	2200000	2400000	0.006080125784899141	-0.15633300197923833	0.7221584515533626	-0.33473008981082947
chr20_pat	2400000	2600000	0.00807305812711143	0.34800608094680974	0.6961678597182543	-0.25772268002420623
chr20_pat	2600000	2800000	0.009237719385586518	0.8586832610553329	0.37716191985057146	-0.2335440622573011
chr20_pat	2800000	3000000	0.006187812108824597	-0.4986929514724986	0.33225809736415074	-0.22596626962526672
chr20_pat	3000000	3200000	0.006401208358289521	-0.6548070784732464	0.38946702800222066	-0.15337701012449279
chr20_pat	3200000	3400000	0.007899608738452989	0.7715974456395407	0.6027150368950908	-0.4171868885060681
chr20_pat	3400000	3600000	0.005201443216768164	-0.45255257107685526	0.6047851046918186	-0.15115801097164094
chr20_pat	3600000	3800000	0.006411039630695081	0.09766805959536184	0.6125927711808544	-0.28678242711908974
chr20_pat	3800000	4000000	0.0076896517399790065	1.0536980139081709	0.02578222101187018	-0.4145149312203151
chr20_pat	4000000	4200000	0.0077882008318841765	1.0421932820048865	-0.23187892850206065	-0.40161116364982424
chr20_pat	4200000	4400000	0.008548611021760386	0.8755385091554746	-0.11509162676882397	-0.2769991412701353
chr20_pat	4400000	4600000	0.007873815013467263	0.6164854003356179	0.15567042270103418	-0.1275565649135296
chr20_pat	4600000	4800000	0.006179471784854403	-0.23965588869648924	0.5031850636731738	0.04308394125284422
chr20_pat	4800000	5000000	0.006161038196990827	0.05427553206487048	0.596111043201446	0.1299513998397498
chr20_pat	5000000	5200000	0.007376322330803245	1.0773762806937244	-0.14140253755989063	0.2320757237442463
chr20_pat	5200000	5400000	0.007197947496621568	0.9271424175315232	-0.1521182220227523	0.16449090086355603
chr20_pat	5400000	5600000	0.0074911784214929476	1.0984886336852722	-0.018509014025342708	0.3465953426980215
chr20_pat	5600000	5800000	0.007702394255703738	1.0029770469950234	0.2842381022950911	0.3092340403228812
chr20_pat	5800000	6000000	0.005189623277286699	-0.42998210055978037	0.3526555494421033	0.12949873604836254
chr20_pat	6000000	6200000	0.0071949864092213595	-0.10167728932833155	0.7292389842919603	0.23648653575634343
chr20_pat	6200000	6400000	0.005949238815424722	-0.5368406858888203	0.4504598471638815	0.19326479677342234
chr20_pat	6400000	6600000	0.00627572537717999	-0.3646553526124084	0.4723645957435303	0.16211503831215884
chr20_pat	6600000	6800000	0.005321476847544913	-0.7446388381217209	0.282264393283109	0.04688876036093421
chr20_pat	6800000	7000000	0.007680727154868922	0.3617402355571227	0.6343497731207848	0.18102592483479885
chr20_pat	7000000	7200000	0.005808308165294497	-0.21904269319129643	0.32405290581560436	0.06417968672540442
chr20_pat	7200000	7400000	0.005504403324733554	-0.5140201600191281	0.06869017135789761	-0.07408507956558517
chr20_pat	7400000	7600000	0.006005829210905861	-0.6671961782231955	-0.0232530208558963	-0.0727291255050831
chr20_pat	7600000	7800000	0.005701150350875581	-0.7229572848736868	-0.2928177733868173	-0.21132924610066292
chr20_pat	7800000	8000000	0.007076325156627717	-0.29997560031766674	0.21153693614415825	-0.22663361757442216
chr20_pat	8000000	8200000	0.0044324729281422295	-0.7215995233556435	-0.36967283395394607	-0.3391870923309248
chr20_pat	8200000	8400000	0.005564804591373168	-0.6244910179613213	-0.1667859761996185	-0.2749961513905605
chr20_pat	8400000	8600000	0.005539325240770209	-0.5171648365165151	0.01024180929730414	-0.20689018372528428
chr20_pat	8600000	8800000	0.005256926034265505	-0.5221324915434843	0.09849828532484735	-0.27718168881178323
chr20_pat	8800000	9000000	0.005610907855818615	-0.5537602032054397	0.24386766450952688	-0.20668978482533176
chr20_pat	9000000	9200000	0.008786391095731793	0.521979531712081	0.5899440087264107	-0.3604439517501879
chr20_pat	9200000	9400000	0.006330895018891674	0.05324229061717518	0.44629675828167664	-0.35547755907442924
chr20_pat	9400000	9600000	0.007236081300114599	0.745111387906402	0.2997849173745892	-0.3669759755584878
chr20_pat	9600000	9800000	0.0067347736852939365	0.3134605796278644	0.48394439048044446	-0.45706562606050816
chr20_pat	9800000	10000000	0.006826803064518882	0.49551546445916966	0.44470715113917597	-0.4685088458886438
chr20_pat	10000000	10200000	0.004902592211139542	-0.37845266443622894	0.4234014503945318	-0.3993519501195079
chr20_pat	10200000	10400000	0.007589778690689023	0.861345367627285	0.25745748345921615	-0.513861593101355
chr20_pat	10400000	10600000	0.006030013397035086	-0.2968053855627473	0.4108418558359546	-0.35722957836217634
chr20_pat	10600000	10800000	0.005356385880784988	-0.5640088567490986	0.4169640930178168	-0.38896368844668117
chr20_pat	10800000	11000000	0.006415686541923143	0.3401716381005449	0.1662790507243094	-0.4268785685998721
chr20_pat	11000000	11200000	0.008108665383251994	1.043985715318218	-0.2808210487299598	-0.6840531071382713
chr20_pat	11200000	11400000	0.007584304381840781	1.0307702612225602	-0.34036164558690973	-0.7809611381299716
chr20_pat	11400000	11600000	0.007021277438351369	1.0477670249274311	-0.23533779537712568	-0.7519960643034402
chr20_pat	11600000	11800000	0.006646611784207754	0.7469266834818074	0.17227821081383476	-0.5790822255072638
chr20_pat	11800000	12000000	0.0045090653238235735	-0.5099230127893302	0.13439598857334636	-0.31960164195811214
chr20_pat	12000000	12200000	0.0055278220156488225	-0.24189948325478053	0.29128090088278163	-0.250216283128405
chr20_pat	12200000	12400000	0.004775412579132388	-0.22652733621788146	0.2236948700163989	-0.10743622822405169
chr20_pat	12400000	12600000	0.006874596444547686	0.39383833490609316	0.41210840258961506	-0.1119208577714102
chr20_pat	12600000	12800000	0.005008866642145569	-0.46693578324692925	0.3478488753951305	0.05352247039496156
chr20_pat	12800000	13000000	0.007207758751992109	0.7756130665619412	0.23948165597378573	0.09279314057195602
chr20_pat	13000000	13200000	0.004557445684277368	-0.5991167446716075	0.22165460208285606	0.19452043932920815
chr20_pat	13200000	13400000	0.00664129319600302	0.3297671701504968	0.41353243671612855	0.2867523276317568
chr20_pat	13400000	13600000	0.006995424806743197	0.6436596200328584	0.32034085487036223	0.3386418369500825
chr20_pat	13600000	13800000	0.007870053890905164	1.0491426793881258	-0.017742660195538457	0.5548782205945924
chr20_pat	13800000	14000000	0.007935762075277224	0.8867628857142359	0.1908572659532647	0.43784427232844086
chr20_pat	14000000	14200000	0.008380205575292626	0.8256566946041677	0.3656870352990008	0.5501409569850657
chr20_pat	14200000	14400000	0.006459556319857224	-0.15544492461587026	0.6455445666205446	0.378522601332015
chr20_pat	14400000	14600000	0.005722492845226735	-0.5675797504118235	0.28283920548950137	0.3596497234173929
chr20_pat	14600000	14800000	0.006433484945017693	-0.5745304038921963	0.5758682157023639	0.31566674362100156
chr20_pat	14800000	15000000	0.005331076721990474	-0.37856878980121655	0.37069943776753217	0.2800360559913494
chr20_pat	15000000	15200000	0.00655790445972135	0.9126137564231382	0.14458199749971365	0.2780647489543044
chr20_pat	15200000	15338504	0.008320394609326463	-0.1390062156236428	0.1742524612591161	-0.007443552823778816
chr21_pat	0	200000	0.00770375232029003	-0.5820961882939885	0.04764923312013582	0.011965223958317159
chr21_pat	200000	400000	0.008278968734304101	0.05494373739618735	0.00784163219546785	-0.09261207410466617
chr21_pat	400000	600000	0.007032771993766614	-0.08863165661037761	0.020222432396976228	-0.11744146087535133
chr21_pat	600000	800000	0.007136362154346227	0.20355060875195424	-0.09476416411031488	-0.08309516915163022
chr21_pat	800000	1000000	0.005434769847032059	-0.5048365035207852	0.008375696332141467	-0.3425015701939041
chr21_pat	1000000	1200000	0.004460903286304045	-0.47847215378315333	-0.2363086816531877	-0.42328467504981776
chr21_pat	1200000	1400000	0.007177209454131227	0.5708653331899141	-0.3356969677030003	-0.30148572692263326
chr21_pat	1400000	1600000	0.0051097133832918315	-0.2563312495205031	-0.41969913251991503	-0.2968414564416531
chr21_pat	1600000	1800000	0.005177349989044646	-0.45143059811059816	-0.477418690933665	-0.28665174965234147
chr21_pat	1800000	2000000	0.004848469346631609	-0.5175097348312027	-0.25648274267947574	-0.39459978719308586
chr21_pat	2000000	2200000	0.004891733100748756	-0.3216240302502983	-0.47946909592592246	-0.4575026382071728
chr21_pat	2200000	2400000	0.005566213877125741	0.03303625605239937	-0.5577006397727374	-0.310671574313837
chr21_pat	2400000	2600000	0.005491942695327715	-0.1316618135884552	-0.9100818112992359	-0.45096513783892855
chr21_pat	2600000	2800000	0.006871405715202089	0.7362758703020955	-0.4324638592799632	-0.43425921398493783
chr21_pat	2800000	3000000	0.007301238645382125	0.8011554164667881	-0.21482887671651876	-0.24181865231125796
chr21_pat	3000000	3200000	0.006501540416277384	0.281953974549025	-0.23572852758169854	-0.2745254824576316
chr21_pat	3200000	3400000	0.006737605642209256	0.32775422518214903	-0.09493022367572547	-0.09485823157465206
chr21_pat	3400000	3600000	0.006424866392147544	-0.29190014927288505	-0.01986276132785251	0.14382509439224975
chr21_pat	3600000	3800000	0.006241217021613054	0.03802062844726507	-0.30557656857722915	0.4949739116417018
chr21_pat	3800000	4000000	0.005242408674436757	-0.1843554773477379	-0.6900002149111062	0.5681665756583871
chr21_pat	4000000	4200000	0.0069226329044830785	0.5061246201571822	-0.623757788710982	0.6568526824289259
chr21_pat	4200000	4400000	0.005811339269551616	0.15990897631602471	-0.8193755192439355	0.7217140083622223
chr21_pat	4400000	4600000	0.004530422541478652	-0.46832544839680923	-0.24459119627636566	0.4608690727316697
chr21_pat	4600000	4800000	0.0046294890897131255	-0.39598753919369023	-0.44222081295220966	0.5380821604744109
chr21_pat	4800000	5000000	0.005137492391036743	-0.23598708961230294	-0.41945483715136334	0.4176210193160368
chr21_pat	5000000	5200000	0.005625207663523756	-0.31796788191520947	-0.17824869253051692	0.3281009709691231
chr21_pat	5200000	5400000	0.005479706667491562	-0.6428970743442974	0.41844513351961166	0.3127843744598873
chr21_pat	5400000	5600000	0.00509405402030039	-0.6717651313499935	0.27848293787061623	0.2957386090485199
chr21_pat	5600000	5800000	0.005173086400733514	-0.71138946847117	0.40431238720259477	0.12914499204915011
chr21_pat	5800000	6000000	0.005502118444712949	0.022217488807194947	0.13257359505211155	0.026521525149406845
chr21_pat	6000000	6200000	0.007130113703992026	0.9729900427986998	0.3932119374344636	0.22803310385463185
chr21_pat	6200000	6400000	0.008260668287738257	0.29916809592299126	0.1913479846418833	0.17771495995147985
chr21_pat	6400000	6600000	0.004586298819723744	-0.7798583643367301	0.2657157871747386	-0.0438677203221089
chr21_pat	6600000	6800000	0.005705228225455247	-0.15840304594913873	0.02882672656980859	0.1065703693987835
chr21_pat	6800000	7000000	0.005979863295519744	-0.05865564703497718	0.09183754747903132	0.04699531158162228
chr21_pat	7000000	7200000	0.009230556394280809	0.8830722544617856	0.3155710433537236	0.21191421393858395
chr21_pat	7200000	7400000	0.009617048843475187	0.8812549109008092	0.26887172573818996	0.10711871501076019
chr21_pat	7400000	7600000	0.007089639053885815	0.2255346338964281	0.21990207945933946	0.023819186819666438
chr21_pat	7600000	7800000	0.006407337178301947	-0.47529381892522116	0.3350452223374038	-0.12117012909117343
chr21_pat	7800000	7956264				
chr22_pat	0	200000				
chr22_pat	200000	400000	0.005031455976279122	-0.46978951311848516	-0.4651683102813273	-0.4268232197896637
chr22_pat	400000	600000	0.007319489784945118	-0.3751141460567903	-0.44986632117794634	0.35573425561188193
chr22_pat	600000	800000	0.006180162042475075	-0.7939465851565755	-0.5753091510214661	0.113355509953266
chr22_pat	800000	1000000	0.006486741668048062	-0.7131959473769168	-0.465143976349489	0.31377027901358934
chr22_pat	1000000	1200000	0.009347081346902009	0.2985389354893663	-0.33618838769928844	0.623284499725586
chr22_pat	1200000	1400000	0.009349470213379696	0.8450874777074174	-0.27772102129076087	0.2696356673896514
chr22_pat	1400000	1600000	0.006725056575024575	-0.08688905861106411	0.020713618591407794	0.5613809366705907
chr22_pat	1600000	1800000	0.006051379517196576	-0.3250931319664787	0.42400816846417155	0.46197758219846513
chr22_pat	1800000	2000000	0.007423995505937023	-0.9112440735540017	0.7204786349429875	0.09001455059192184
chr22_pat	2000000	2200000	0.006796425295817704	-0.47492111349911054	0.2673543238871623	0.49337036088490194
chr22_pat	2200000	2400000	0.005836240146172596	-0.37609510839624927	-0.04305747072353876	0.42214133740211984
chr22_pat	2400000	2600000	0.0052429445145837725	-0.27288413455725213	-0.3768908038285042	0.4501586717544131
chr22_pat	2600000	2800000	0.005799781108338401	0.08303705400685285	-0.4544495160789404	0.5441963512671361
chr22_pat	2800000	3000000	0.006183521104755277	0.7142731178162991	-0.4346962954035167	0.2373472491481003
chr22_pat	3000000	3200000	0.004853115036268109	-0.03048056707416596	-0.33952214917514123	0.025370879531382246
chr22_pat	3200000	3400000	0.006517300920678084	0.9230031268040283	-0.39960576495010774	-0.1579495347025226
chr22_pat	3400000	3600000	0.0065010773242782675	0.84611578846196	-0.3318125283825457	0.3548080385244222
chr22_pat	3600000	3800000	0.006166330097678898	-0.28257351955516286	0.2406540802452484	0.6908885989475841
chr22_pat	3800000	4000000	0.0042466589119317475	-0.7882251460905251	0.16885423499462343	0.2199583242449553
chr22_pat	4000000	4200000	0.005231045578876813	-0.6726161276108719	0.0395632993158163	-0.3331585770237172
chr22_pat	4200000	4400000	0.0065950141631477355	-0.3453197144213815	-0.10374636407646023	0.010061018815802167
chr22_pat	4400000	4600000	0.005620191127016444	-0.5633480792269625	-0.6634985105496968	-0.5980519589725919
chr22_pat	4600000	4800000	0.005010626245787357	-0.9022805652541851	-0.8522331257741805	-0.08021950413636815
chr22_pat	4800000	5000000				
chr22_pat	5000000	5200000				
chr22_pat	5200000	5320397				
chr23_pat	0	200000				
chr23_pat	200000	400000	0.004142123526128889	-0.20412743821022897	0.22051269981694974	-0.04952526232017237
chr23_pat	400000	600000	0.005354261989919275	0.08804672932286219	0.1779756233517337	0.035387312349266
chr23_pat	600000	800000	0.00581307875941813	-0.31681821742588695	0.114070616531485	0.311157315101841
chr23_pat	800000	1000000	0.007579344203781029	0.6467995710493102	-0.13431057495173204	0.1722066870043743
chr23_pat	1000000	1200000	0.006092229285091879	0.15790401012431873	-0.18310404677600045	0.18395082592765596
chr23_pat	1200000	1400000	0.005609074090979378	-0.25021525675210377	-0.28482547870457725	0.2495904304241171
chr23_pat	1400000	1600000	0.0048855145918362255	-0.328799415980918	-0.36193681734404737	0.45312965327277316
chr23_pat	1600000	1800000	0.006856401773351188	0.22533921518005284	-0.4598448396918505	0.6809812866500535
chr23_pat	1800000	2000000	0.00806082043250348	1.1138540862379314	-0.4437433123768033	0.20894139645153134
chr23_pat	2000000	2200000	0.005542340566805957	-0.0826894480945246	-0.7013596062902541	0.7953369258156011
chr23_pat	2200000	2400000	0.00653814628209098	-0.463513467070181	-1.0126467323144628	0.9280910816147508
chr23_pat	2400000	2600000	0.0053843402606618	-0.9541083129859395	-0.82521453788506	0.05956837538511226
chr23_pat	2600000	2800000	0.004886263493221489	-0.8339720063314435	-0.6534433742485662	-0.32756635597623823
chr23_pat	2800000	3000000	0.0047202632125261205	-0.821866658975754	-0.443601129733816	-0.2706722805620757
chr23_pat	3000000	3200000	0.005350247033101151	-0.5005840251588471	-0.35459083674464636	0.11634853495820552
chr23_pat	3200000	3400000	0.005988588940572906	-0.595542342423016	-0.20936719471561516	-0.15747270110680328
chr23_pat	3400000	3600000	0.006279846649568531	-0.6584690920998031	0.035821986818558305	-0.2706431902408092
chr23_pat	3600000	3800000	0.00536861918632623	-0.7451759394924342	0.41259184226885104	-0.3664387670438799
chr23_pat	3800000	4000000	0.006535794115302781	-0.8633622002363955	0.7602230342800327	-0.008654429737507807
chr23_pat	4000000	4200000	0.005717264485035006	-0.8875843316415499	0.7584788675372882	-0.13490114585858942
chr23_pat	4200000	4400000	0.004826471676901559	-0.8596428208793303	0.8562041576715401	0.4287159996275401
chr23_pat	4400000	4600000	0.005759671073419802	-0.45389785422316153	0.8735628515496705	0.8167827688515682
chr23_pat	4600000	4800000	0.006223325261318646	-0.24273607688988347	0.8653474592412519	1.012672889538148
chr23_pat	4800000	5000000	0.009788635351988102	0.636951024335826	0.608448186598939	0.7679114147685491
chr23_pat	5000000	5200000	0.008372498977540803	0.8916664829782053	0.3622149653483519	0.18872248656943363
chr23_pat	5200000	5400000	0.008421131504482026	0.7968621237964686	0.26627145164935845	-0.044509663134426905
chr23_pat	5400000	5600000	0.007714120276655152	0.9324682747784814	0.1117288904220333	-0.2594588394002501
chr23_pat	5600000	5800000	0.005975142813516632	-0.17064033170034693	0.22621233577975078	0.397278087989475
chr23_pat	5800000	6000000	0.006118922503698263	0.33600548169173955	0.06222105980224706	0.1997181189437606
chr23_pat	6000000	6200000	0.008110920124098846	0.8435879486621922	-0.04844351064013895	-0.2617188627753352
chr23_pat	6200000	6400000	0.007497516297701877	0.8246181692524956	-0.21255957170298223	0.24769108405222967
chr23_pat	6400000	6600000	0.006925841790671521	0.2617042377494176	-0.19446853369578004	0.6580970535203704
chr23_pat	6600000	6800000	0.004369478329429999	-0.6561187686505795	-0.3944152893742741	0.2889213658478165
chr23_pat	6800000	6983608	0.007141841445720591	-0.28837698363806885	-0.22433815186042932	0.5098737922673928
chr24_pat	0	200000	0.010958033342628756	0.29232216654155074	0.7041125474206442	-0.22141369147293424
chr24_pat	200000	400000	0.009008937094211402	0.4211714194821906	0.29040413007766397	-0.28670259175922985
chr24_pat	400000	600000	0.0044752574661959255	-0.5695514689843251	-0.26478037901486007	-0.07114057578781405
chr24_pat	600000	800000	0.0069774837529798924	0.7172405747390185	-0.18426238883475324	-0.4155078347104988
chr24_pat	800000	1000000	0.007285813335147567	0.7339073402382728	-0.457426904295985	-0.5506737440132929
chr24_pat	1000000	1200000	0.0071151808175290675	0.5211614633875047	-0.6004262823313717	-0.4362515023648998
chr24_pat	1200000	1400000	0.007836576603283256	0.7700945531769186	-0.2494634582246896	-0.3981531051181266
chr24_pat	1400000	1600000	0.007979146853808844	0.6906600273189766	0.28011368590525604	-0.17920749633724986
chr24_pat	1600000	1800000	0.008250122942238544	0.8099998819187381	0.36852568518686885	-0.130914914281356
chr24_pat	1800000	2000000	0.005996996785533174	-0.13913364009157672	-0.17097304939680272	0.13421761650638264
chr24_pat	2000000	2200000	0.005191531526163219	-0.6346191233242523	-0.3071067731420707	0.2232051118282623
chr24_pat	2200000	2400000	0.007831357839269491	0.20076162066701064	-0.5397051154290704	0.13492037262581932
chr24_pat	2400000	2600000	0.006226897676582155	-0.19033307516638576	-0.18793146740447314	0.22837668996624644
chr24_pat	2600000	2800000	0.006688089276893206	0.1362030485320437	0.08376878767691041	0.24921259831206954
chr24_pat	2800000	3000000	0.008292262035639942	0.7671084502077707	0.5311261971661237	0.5392491474250556
chr24_pat	3000000	3200000	0.009184483897622312	0.6310658431274938	0.5644549056640789	0.7659537142861649
chr24_pat	3200000	3400000	0.009039014544020507	0.6505997743477041	0.6446115264097957	0.7552927923532121
chr24_pat	3400000	3600000	0.009236949890978662	0.7641600367988859	0.3790709506357026	0.5232334585690187
chr24_pat	3600000	3800000	0.006205664041172286	-0.2513312486955194	-0.15171675623670933	0.32676420552846047
chr24_pat	3800000	4000000	0.008116288743849296	0.6978525971559759	0.3773250890606487	0.45194316770639653
chr24_pat	4000000	4200000	0.007909714849529743	0.8748987002573642	-0.1561890366168898	0.44725135978274017
chr24_pat	4200000	4400000	0.006681048711723486	0.17090241711855664	-0.4428378899553999	0.34351434458194446
chr24_pat	4400000	4600000	0.007514027413690636	0.5603894542300323	-0.5028101828380049	0.5632057220576182
chr24_pat	4600000	4800000	0.007522605458948818	0.7874236744048728	-0.4201717499866447	0.5828221923200413
chr24_pat	4800000	5000000	0.006286979363328134	-0.29724336272141644	-0.5563908517773013	0.15551201915896692
chr24_pat	5000000	5200000	0.007475882302388974	0.22705195893026128	-0.7186924315155796	0.24237219809307317
chr24_pat	5200000	5400000	0.005388793824333211	-0.5870573010269067	-0.310433897790575	0.2879715388711464
chr24_pat	5400000	5600000	0.007490707054656779	0.6924819415853231	-0.689084471290243	0.18139764260387936
chr24_pat	5600000	5800000	0.007315685458042559	-0.03024234447101379	-0.6427730978770623	0.201596799102998
chr24_pat	5800000	6000000	0.006873469854015183	-0.11002737413542234	-0.5076452634106011	0.2599481713043753
chr24_pat	6000000	6200000	0.006098507862093852	-0.40694149342088803	-0.395478867136041	0.2895697862283517
chr24_pat	6200000	6400000	0.00788683686658818	0.46735149088024114	-0.5873576220649839	0.1696907610890171
chr24_pat	6400000	6600000	0.009533465420501482	0.4078405280421208	-0.6788402569514745	0.0005734734764046486
chr24_pat	6600000	6800000	0.008359851177073212	-0.27642056685759725	-0.33402550441806483	0.24500457056474859
chr24_pat	6800000	7000000	0.006119471263841368	-0.5670148931262747	-0.201026194619461	0.3949074765731811
chr24_pat	7000000	7200000	0.009512100028772206	0.7739318677114987	-0.4306923108552221	0.1766353455335299
chr24_pat	7200000	7400000	0.007372313407160981	-0.18491272002392437	-0.39682981250637034	0.2900338391095726
chr24_pat	7400000	7600000	0.004768466083243966	-0.864603296365202	0.12754257016475815	0.5930590744178997
chr24_pat	7600000	7800000	0.009030523544414746	-0.9069906444162776	0.3670876023987976	0.7314750073883411
chr24_pat	7800000	7804404				
chr25_pat	0	200000				
chr25_pat	200000	400000				
chr25_pat	400000	600000				
chr25_pat	600000	800000	0.029931565059904804	0.7353515326435819	-0.14942642307130308	0.017490491098351376
chr25_pat	800000	1000000	0.028994169274354827	0.9754834182313354	-0.15857902313875233	0.26033125267577184
chr25_pat	1000000	1200000	0.04465655181861153	1.2715247108765517	-0.5798523840339395	0.28409831350865294
chr25_pat	1200000	1400000	0.03430420374836719	0.756700524365044	-0.11932030559192293	0.3439034869113182
chr25_pat	1400000	1600000	0.041919729861371435	0.9386346249666992	0.2185631795499134	0.015547087813609915
chr25_pat	1600000	1800000	0.020980326933519308	0.19605691467459574	-0.4562606460784982	-1.8246357211586457
chr25_pat	1800000	2000000	0.037465984642049886	1.0044527317169551	0.7122437415167922	0.010445710204766128
chr25_pat	2000000	2200000	0.03280488391637316	0.748093766754854	0.5493488587250619	0.11309491413366095
chr25_pat	2200000	2400000	0.04633465809960554	0.9459323430713915	0.7193085157895496	0.059931225927377485
chr25_pat	2400000	2600000	0.030800199320375428	0.6777078954251242	0.6243817653743162	0.23057586115615664
chr25_pat	2600000	2800000	0.02818596804580824	0.6490851135002488	0.7876441695944657	0.24865185459993094
chr25_pat	2800000	3000000	0.05188339829041332	1.1975117141325007	1.0427054010412482	-0.01578354336221707
chr25_pat	3000000	3200000	0.019634535668747323	0.36227661910286507	1.3832129593175027	-2.0774933848546056
chr25_pat	3200000	3400000	0.05042329728939204	1.2340144428827298	0.7679698734622638	0.14663390239114407
chr25_pat	3400000	3600000	0.04531288595044063	1.2303087637529497	0.4500443214602257	0.23172678992001303
chr25_pat	3600000	3800000	0.009217778548574989	-0.04881577150997995	0.7216978063632775	-0.7607155460771517
chr25_pat	3800000	4000000	0.004970349732049983	-0.672978043913251	0.48374171503447966	-0.3400898134882367
chr25_pat	4000000	4200000	0.0059093793980508035	-0.6151284251721055	0.41032330139852896	-0.15743470944415552
chr25_pat	4200000	4400000	0.010643752727434251	0.04960856941686275	0.6751073683197463	0.03757309755209772
chr25_pat	4400000	4600000	0.008148241796934918	-0.4960711345134096	0.44533685682425156	-0.1609663697134062
chr25_pat	4600000	4800000	0.005377516893293727	-0.7801905298640301	0.3194817989606304	-0.04872561448660472
chr25_pat	4800000	5000000	0.005877202765967007	-0.7979781137650457	0.2899035293375725	0.21795225030355095
chr25_pat	5000000	5200000	0.009382305380219278	-0.7336178135970912	0.31618349970919674	0.1953799552127388
chr25_pat	5200000	5400000	0.007858818242257308	-0.7201248015562501	0.2919962045857818	0.055978258846791494
chr25_pat	5400000	5600000	0.005374790561629439	-0.801068101890229	0.27389342832103275	0.14773676313882617
chr25_pat	5600000	5800000	0.005213877825060794	-0.7962180740511752	0.18798963781047995	-0.05342504770110842
chr25_pat	5800000	6000000	0.005821766288101713	-0.2100085479014763	-0.033962917937165056	-0.3088088210373353
chr25_pat	6000000	6200000	0.01031062770043781	1.8256789869312964	-1.495527013024418	-0.4462055160293326
chr25_pat	6200000	6400000	0.0057268954659248335	0.38953351391946406	-0.9713790630352711	-0.9446337894093577
chr25_pat	6400000	6600000	0.0053397768598692375	-0.30096818975015277	-0.5922703859902786	-1.1942553624442103
chr25_pat	6600000	6800000				
chr25_pat	6800000	6891618				
chr26_pat	0	200000				
chr26_pat	200000	400000	0.011273962793915977	0.19603315735028187	-0.5149229370252191	0.24628787952909845
chr26_pat	400000	600000	0.006700020462210584	0.5720145504361066	-0.18519511546037795	0.21306963468465662
chr26_pat	600000	800000	0.006469803927218618	0.028343097683312134	0.3380101737543306	0.11663209244378261
chr26_pat	800000	1000000	0.005014953243701397	-0.13331215897630136	0.10823564669800899	0.22339976173097545
chr26_pat	1000000	1200000	0.0053831722918923726	0.18530715684970728	0.1601718414128467	0.3742227916439369
chr26_pat	1200000	1400000	0.00423706330008462	-0.7405558354069602	0.06186471699473844	0.1784944985007482
chr26_pat	1400000	1600000	0.00657891789262019	-0.03779485258398052	0.37147561063694656	0.028005089819297616
chr26_pat	1600000	1800000	0.006274389221909813	0.11094913085176422	0.373262305122488	0.059937411112856845
chr26_pat	1800000	2000000	0.005212470802858363	-0.41293559850124223	0.2732710000825538	-0.10980974302390986
chr26_pat	2000000	2200000	0.00822525655454567	0.3481655859061513	0.236555431183151	0.19430218143622416
chr26_pat	2200000	2400000	0.008392787409229356	0.6054535529698575	0.05440707594944315	0.47048625387577736
chr26_pat	2400000	2600000	0.005170474933595614	0.05230058666582957	-0.11928947302948216	0.11938466875405059
chr26_pat	2600000	2800000	0.0054368701219920015	-0.12449099493961104	0.027041877097961915	0.16084086845050186
chr26_pat	2800000	3000000	0.005396489124671203	-0.1194363972890698	0.16718873629634343	0.18889775299321607
chr26_pat	3000000	3200000	0.006413873357401034	0.36211915392579597	0.13929751588527398	0.3552106952358356
chr26_pat	3200000	3400000	0.005204799300207588	-0.1074600209758082	0.08975928394359407	0.15198476750828158
chr26_pat	3400000	3600000	0.00481906170993721	-0.3347832250582784	0.031339311147755226	0.07326163496558619
chr26_pat	3600000	3800000	0.00780798030117671	0.5520228014883094	0.016132245138691305	0.2844672582020151
chr26_pat	3800000	4000000	0.005482159347406178	0.17049629487071363	0.10152543244545663	0.14288745317924925
chr26_pat	4000000	4200000	0.005787280525213337	0.5822725281319656	-0.13040453580068456	0.42015076151908265
chr26_pat	4200000	4400000	0.005819208876056775	-0.19329408721139038	0.3020912946011598	0.2394702254829356
chr26_pat	4400000	4600000	0.006288356500437253	-0.1657623908470386	0.38882545977441424	0.25641189264580416
chr26_pat	4600000	4800000	0.0057305495487078644	-0.1988037349991566	0.3028764271871169	0.20862610449816782
chr26_pat	4800000	5000000	0.00852895783965081	0.6659127209860797	0.5974720196145049	0.48640184847690043
chr26_pat	5000000	5200000	0.005891115458106575	-0.1184844466138767	0.6287100658721565	0.19456631686310608
chr26_pat	5200000	5400000	0.005739099545707356	-0.6143059950368208	0.13166388098744877	0.4337331536756107
chr26_pat	5400000	5600000	0.006358445690052371	-0.3150583498355881	0.6484055671147818	0.23713537180043096
chr26_pat	5600000	5800000	0.005544621283793002	-0.6968281516799745	-0.09372937369604788	0.08894766390377984
chr26_pat	5800000	6000000	0.005817742367658812	-0.40162771754710247	0.6374929478728252	-0.45463329203259334
chr26_pat	6000000	6200000	0.00943306722032041	0.7898573697882979	0.4146241372284014	-0.5967795578124493
chr26_pat	6200000	6400000	0.009790021383432669	0.6673443334979735	0.4321316232679197	-0.6590665852878403
chr26_pat	6400000	6600000	0.00605703157358156	-0.17197316795503015	0.4091386922501316	-0.22402167748656956
chr26_pat	6600000	6800000	0.006322662692270089	0.1188527066554902	0.2510148676581272	-0.11263609380328983
chr26_pat	6800000	7000000	0.004885681763673645	-0.2603721218645709	-0.027805313001127614	0.09883016889585816
chr26_pat	7000000	7010313				
chr27_pat	0	200000				
chr27_pat	200000	400000				
chr27_pat	400000	600000	0.005899443409704421	-0.11292853517293026	0.5749722003685126	-0.13570596549240754
chr27_pat	600000	800000	0.008729701723069633	0.8167066649777085	-0.001712243936376069	-0.7608805264396755
chr27_pat	800000	1000000	0.008820999686105021	0.932070804392334	-0.3738473313815146	-0.8937902249363646
chr27_pat	1000000	1200000	0.005679793437456628	0.25015051128843807	0.312248232807869	-0.47046167219692364
chr27_pat	1200000	1400000	0.010200030602440378	0.6474238417302814	0.09463810305372404	-0.544674175877648
chr27_pat	1400000	1600000				
chr27_pat	1600000	1800000	0.00609491152832127	0.16900560949124172	0.46656678073880875	-0.5333822703365652
chr27_pat	1800000	2000000	0.005481286483167691	-0.38394962122752657	0.3510310616378388	-0.338937138020938
chr27_pat	2000000	2200000	0.0053953959173494315	-0.33218523305472725	0.34306022350902604	-0.3355012065435081
chr27_pat	2200000	2400000	0.004957797944591817	-0.5800973834026952	0.05908461966989818	-0.38611670191625314
chr27_pat	2400000	2600000	0.00527730899259779	-0.6050082560476839	-0.033023069976733384	-0.3136246633260834
chr27_pat	2600000	2800000	0.006165891907920044	-0.5433014946587774	0.08520242967451543	-0.33831985563912076
chr27_pat	2800000	3000000	0.006710030473686575	-0.486525010343789	0.22068389784763484	-0.3183028595645953
chr27_pat	3000000	3200000	0.006623964496011173	0.31425155834008617	0.4814824371577363	-0.1620334210123594
chr27_pat	3200000	3400000	0.005442057278846719	-0.558091033279203	0.046631198950544406	-0.2645884163774614
chr27_pat	3400000	3600000	0.0055166278916915275	-0.606734889650435	-0.4317280101920738	-0.577899298049078
chr27_pat	3600000	3800000	0.004781287698851041	-0.6820077754164375	-0.2908170895436218	-0.36739237907622946
chr27_pat	3800000	4000000	0.006502001437003622	0.10738798061844039	0.37288648162032295	-0.10423574195638155
chr27_pat	4000000	4200000	0.006730524544456249	0.12850264849720403	0.6934917018869255	0.05618917306024698
chr27_pat	4200000	4400000	0.006561120171683383	-0.19861493895259058	0.6087341978465202	-0.017753248096591668
chr27_pat	4400000	4600000	0.005634043778424608	-0.24858865857686124	0.40039954234495195	-0.20538399677900324
chr27_pat	4600000	4800000	0.008754553149600487	0.09134340140403263	0.6453252951334446	-0.07416030898292708
chr27_pat	4800000	5000000	0.005499670155124183	-0.622525441103089	0.41252626410052645	0.051920395954911554
chr27_pat	5000000	5200000	0.008276015686455846	-0.6431024500359626	-0.08134485609575229	-0.2219890829208886
chr27_pat	5200000	5400000	0.00476725378619225	-0.7465003932936772	-0.20965199159016207	-0.21249376731810998
chr27_pat	5400000	5600000	0.005619979857952254	-0.23523382401579973	0.5672483073054042	0.3064079182560962
chr27_pat	5600000	5800000	0.009884127802083215	0.3254291672917428	0.741894144393103	0.2055172154543527
chr27_pat	5800000	5914140				
chr28_pat	0	200000				
chr28_pat	200000	400000	0.005888419161922738	0.06608446031839889	-0.19527403255847364	-0.3360493985182697
chr28_pat	400000	600000	0.005957163272705045	-0.44851813887470365	-0.1550230659347824	-0.3635590655668314
chr28_pat	600000	800000	0.006245199595761058	-0.46571366052332075	-0.13108368192035527	0.12775813068052258
chr28_pat	800000	1000000	0.007121236092892921	-0.2886853402172578	-0.09468030958317988	0.33353073684480417
chr28_pat	1000000	1200000	0.005560125832793016	-0.25228843170528625	-0.20656739961139228	0.2233944862524007
chr28_pat	1200000	1400000	0.004980919457851922	-0.4706751859587947	-0.1954576749388535	-0.018445019541410337
chr28_pat	1400000	1600000	0.005884278673547151	-0.3896773191219212	-0.16392552627666135	-0.06494484328062901
chr28_pat	1600000	1800000	0.00555639258669201	-0.21181881404457195	-0.1536289510928389	-0.0226691422002323
chr28_pat	1800000	2000000	0.005374504270878697	-0.13967743747176983	-0.32961051918713263	0.03943253112437475
chr28_pat	2000000	2200000	0.007274327899919329	0.4391277782691564	-0.6597983620968491	0.5572581027779018
chr28_pat	2200000	2400000	0.007836945094311843	0.6630946642702229	-0.8103104264385245	0.5596880344832627
chr28_pat	2400000	2600000	0.0048053391653028145	-0.18063094741102867	-0.14259425337878887	0.0035606187123069536
chr28_pat	2600000	2800000	0.005439368585779079	-0.4919843202439172	-0.4901057375504244	-0.3504510026858507
chr28_pat	2800000	3000000	0.005677005215495924	-0.5678781917640777	-0.45498566876276203	-0.1341551619074531
chr28_pat	3000000	3200000	0.004637537110061	-0.4808604651491009	-0.41727047920032045	0.053079425547399646
chr28_pat	3200000	3400000	0.005019264815843746	-0.5979633329657295	-0.29426714299254797	0.1109742647619078
chr28_pat	3400000	3600000	0.005597925368776903	-0.5404953755860281	-0.33610255705566916	-0.1021745972452148
chr28_pat	3600000	3800000	0.006842452761973544	-0.2965797522537236	-0.19713654748941173	0.4313251040655335
chr28_pat	3800000	4000000	0.00855831168432773	0.0010001840161242648	-0.1327766859419117	0.7920203526489946
chr28_pat	4000000	4200000	0.004730052207735781	-0.4263813731176516	-0.3581185127890551	-0.06459045285936411
chr28_pat	4200000	4400000	0.00528569741202326	-0.587859755704752	-0.2613713372565912	-0.13151242838136223
chr28_pat	4400000	4600000	0.007810260644028245	-0.3155813919774042	0.11635093730821475	0.7123587077460879
chr28_pat	4600000	4800000	0.0062584188482687556	-0.6236727189990696	0.012040108862241364	0.1379467509089733
chr28_pat	4800000	5000000	0.006068907245501079	-0.586056863008428	-0.14558482094767752	-0.15896478028409988
chr28_pat	5000000	5200000	0.00679875695090671	-0.6177565610925956	0.14078734585636637	0.3598498849430989
chr28_pat	5200000	5400000	0.005027425804066316	-0.6835770236304134	0.005688613450212632	-0.2288149571499472
chr28_pat	5400000	5600000	0.004806553996639296	-0.08092391173807924	-0.15309974716873107	-0.15596231944177028
chr28_pat	5600000	5800000	0.006115939071514216	0.4491711281026934	-0.3730400862235647	-0.24507458327951742
chr28_pat	5800000	6000000	0.00964583333400732	0.8647074097362799	-0.9804471106664603	-0.4461899086574359
chr28_pat	6000000	6200000				
chr28_pat	6200000	6369381				
chr29_pat	0	200000				
chr29_pat	200000	400000				
chr29_pat	400000	600000	0.027482564116715028	0.6192774008950667	0.27534406115674903	-0.24872834593643367
chr29_pat	600000	800000	0.038151111613591665	0.9966844549515929	0.1317860773478093	-0.1213008677189327
chr29_pat	800000	1000000	0.024906806127997512	0.8122980476107509	0.18859292876121408	-0.10778176327551035
chr29_pat	1000000	1200000	0.0328536636909028	0.7730585168391784	0.3242317092301092	-0.30998392412597103
chr29_pat	1200000	1400000	0.03289713394928727	0.5701275783183019	0.18192620092546793	0.21790209452328893
chr29_pat	1400000	1600000	0.04134379124649775	0.5371875776789176	0.2563003605196963	-0.04729109493563899
chr29_pat	1600000	1800000	0.038807315528679144	0.5285981888920498	0.34708963540050514	0.15482167586793238
chr29_pat	1800000	2000000	0.051311015349252635	0.7022417086690056	0.5176749327028864	-0.24865481962195113
chr29_pat	2000000	2200000	0.04115832022362466	0.4315244785713523	1.1335042885182267	-0.8750539079404266
chr29_pat	2200000	2400000	0.051729862164581294	0.8631101799845602	0.3946415838656794	0.023451629880057504
chr29_pat	2400000	2600000	0.029480111095811796	0.6514701357678485	0.5095995233117114	0.06370175205534126
chr29_pat	2600000	2800000	0.03128461699615799	0.9436880188859812	-0.00967593485039126	0.17155200924701855
chr29_pat	2800000	3000000	0.04255869348869225	1.1409185888553586	-0.09091209021800373	-0.15851242680625338
chr29_pat	3000000	3200000	0.007414425633983472	-0.4997867836010552	1.3886665784401926	-1.3767679332819995
chr29_pat	3200000	3400000	0.007961377765705886	0.643183941669292	0.256718552026154	-0.2937590215347865
chr29_pat	3400000	3600000	0.007284476862316477	-0.07586266379950594	0.6708885172322632	-0.6836360735918053
chr29_pat	3600000	3800000	0.01265854660288824	-0.8116954418477619	0.861659130481052	-0.5496657556105629
chr29_pat	3800000	4000000	0.007879171958779919	-0.9040625687244115	0.5803488822144146	0.15012156198190346
chr29_pat	4000000	4200000	0.0069852042750849185	-0.7420212366640271	0.5387278532998214	0.1082753242363345
chr29_pat	4200000	4400000	0.007974478497829583	-0.4498977265165692	0.3598981844064469	-0.05588818149088434
chr29_pat	4400000	4600000	0.006174937389851941	-0.8313482040817384	0.41813018612160746	0.3250491248888473
chr29_pat	4600000	4800000	0.006036083510906622	-0.8044874148099548	0.287684506506094	0.17530521032492258
chr29_pat	4800000	5000000	0.00563508301179597	-0.6581916573458579	0.15034645686982234	0.05981564161132781
chr29_pat	5000000	5200000	0.013474055902146224	-0.049975787564853595	-0.35778931906000333	-0.31635745810162463
chr29_pat	5200000	5400000	0.010595904341807516	0.4980180974751365	-0.8417161367548597	-0.7840372931403626
chr29_pat	5400000	5600000	0.0063131977950107885	-0.4303094417058403	-0.499318314182969	-0.4180325630868206
chr29_pat	5600000	5800000	0.004867520880517866	-0.07430789602119993	-0.9462650343437826	-0.9508729908248671
chr29_pat	5800000	6000000	0.012294770223360046	-0.47551977951314084	-1.2968848422978656	-1.470768864266617
chr29_pat	6000000	6145158				
chr30_pat	0	200000	0.008508389966505424	-0.847918822514871	0.5626991784148117	-0.38963430800681537
chr30_pat	200000	400000	0.006050186465337659	-0.884763788661585	0.5687670764678739	-0.3570747656422387
chr30_pat	400000	600000	0.008341614764042885	-0.9693616195913924	0.4479754408436468	-0.5492787810218371
chr30_pat	600000	800000	0.011592776199044792	-0.8808515826703077	0.5039173033008421	-0.5477817958109259
chr30_pat	800000	1000000	0.0050309816027805185	-1.0242113531364656	0.36202174849478136	-0.641055731180332
chr30_pat	1000000	1200000	0.010658008233519901	-0.51959545011617	0.8633026587846971	-0.008478139166908148
chr30_pat	1200000	1400000	0.01150976189214411	-0.7165755958838186	0.49775126156412536	-0.017974513093434816
chr30_pat	1400000	1600000	0.009944140900340445	-0.8326115520454535	0.3899176549782684	-0.16498731103074607
chr30_pat	1600000	1800000	0.012898483324731513	-0.70710128511297	0.2862430284794069	-0.11911460900867302
chr30_pat	1800000	2000000	0.009210756309311115	-0.733505833651452	0.30674078906021673	-0.4261162571084313
chr30_pat	2000000	2200000	0.006264771451796198	-0.4108657969146566	0.5240428551957705	-0.4554729720046096
chr30_pat	2200000	2400000	0.02290938628970458	0.7524291141627112	0.8326148031440571	0.3510461122092856
chr30_pat	2400000	2600000	0.033164542188260926	0.7710349013019041	0.8012558730898246	0.45995501274435274
chr30_pat	2600000	2800000	0.018640119582331336	0.845215551836021	0.6977950667853988	0.5028224236504899
chr30_pat	2800000	3000000	0.021139905834580013	0.9751525260627536	0.7564072817894065	0.46977138071027225
chr30_pat	3000000	3200000	0.01799081061183216	0.7282689120897247	0.8219531944961805	0.15195184512999393
chr30_pat	3200000	3400000	0.017555799186921555	0.7662213417846107	0.782399262891166	0.3398388709737316
chr30_pat	3400000	3600000	0.022193676340709304	0.7153039001028805	0.7306186149067316	0.03151473752227662
chr30_pat	3600000	3800000	0.02177041752566599	0.5216043481744642	0.560629152949193	-0.0066248686332218264
chr30_pat	3800000	4000000	0.021455651113856545	0.6456784034936631	0.525215304169994	0.10715898664304574
chr30_pat	4000000	4200000	0.021079921196896445	0.5551548755991874	0.39680115078909256	-0.22361690706244178
chr30_pat	4200000	4400000	0.016862860391613832	0.6301428773440522	0.5483924192053297	-0.11665854862089386
chr30_pat	4400000	4600000	0.018815404926936875	0.6521130157708575	0.582368096349981	-0.19656398100057296
chr30_pat	4600000	4800000	0.016041540522677464	0.6657502497355959	0.43022061599862055	-0.22362569019408096
chr30_pat	4800000	5000000	0.019797133563054924	0.5473575965897802	0.3608073502381882	-0.27222140630680636
chr30_pat	5000000	5200000	0.024864645694049142	0.2645444071870731	0.4628447338944984	-0.5059601720382142
chr30_pat	5200000	5400000	0.01701667354792378	0.5886212123690183	0.27906778194757925	-0.3903865370909053
chr30_pat	5400000	5600000	0.01776591703040466	0.3437025229377618	0.11991741912411	-0.48074507419444196
chr30_pat	5600000	5800000	0.0206540713397024	0.5200614032643737	0.4072711849676432	-0.4673895242471653
chr30_pat	5800000	6000000	0.028767016485009976	0.6022735741490324	0.23417158330601426	-0.5059851525072364
chr30_pat	6000000	6200000	0.016994792904370132	0.6200379744973553	0.17591747302189054	-0.556680283322865
chr30_pat	6200000	6400000	0.019304914277969532	0.5927277847160873	0.15233679057624236	-0.4152239708050167
chr30_pat	6400000	6600000	0.01582073574163145	0.5013148299362324	0.25741702335857464	-0.5531283191735802
chr30_pat	6600000	6800000	0.01954587549742675	0.651544870926657	0.07959058609179964	-0.5220237588694253
chr30_pat	6800000	7000000	0.016347780378850506	0.626889283102091	0.04063934609386886	-0.41079846924507524
chr30_pat	7000000	7200000	0.01638045869097711	0.6335673613492947	-0.032337188082980715	-0.5802222989386455
chr30_pat	7200000	7400000	0.016343958840837905	0.2867338220935065	-0.47903209539453784	0.009969539542574625
chr30_pat	7400000	7600000	0.016866010139497137	0.1455857605566949	-0.7673333608890158	0.05155679312117725
chr30_pat	7600000	7800000	0.019039825467072554	0.709633528726024	-0.36191190261941664	-0.605878959954458
chr30_pat	7800000	8000000	0.016904266707430147	0.46089805455526034	-0.4279144067739865	-0.32530309899475573
chr30_pat	8000000	8200000	0.015929459966796754	0.6217215153565256	-0.5409304359676896	-0.43233374539885366
chr30_pat	8200000	8400000	0.01842453170057898	0.7175013651304256	-0.67285510069386	-0.22958817698883147
chr30_pat	8400000	8600000	0.01686212339962433	0.5884117189254608	-0.8645020922642237	-0.07995876481387058
chr30_pat	8600000	8800000	0.017053888567083467	0.46658388696455205	-0.9939712083048745	-0.20630403555981677
chr30_pat	8800000	9000000	0.017767496898381287	0.9234607884067202	-0.9994731024726274	-0.3649875967446049
chr30_pat	9000000	9200000				
chr30_pat	9200000	9400000				
chr30_pat	9400000	9417815				
chr31_pat	0	200000	0.015507683927699571	-2.0934546729619887	2.106880246285486	-0.8696436206828132
chr31_pat	200000	400000	0.007979605327870204	-1.3266561190220887	0.6272408016586657	-1.3934662135377471
chr31_pat	400000	600000	0.010703385719569096	-0.743020412303001	-0.12330004616962649	-0.7154560102283485
chr31_pat	600000	800000	0.012078983388884322	-0.04613005935636357	-0.7223816228915322	-0.7207517214119518
chr31_pat	800000	1000000	0.011396318862342252	0.005846269744393396	-0.5333824379485534	-0.4224962503599839
chr31_pat	1000000	1200000	0.012782020443817394	0.08765978855367755	-0.6188327811741426	-0.5656045327952551
chr31_pat	1200000	1400000	0.011453054610610473	0.20797287321863822	-0.5321000959893005	-0.5118454023991875
chr31_pat	1400000	1600000	0.010361477113749028	0.2963403418509569	-0.5331493497468486	-0.4555008534921448
chr31_pat	1600000	1800000	0.0145005472519104	0.3510933122208725	-0.6087159352408005	-0.6503580886871393
chr31_pat	1800000	2000000	0.010714963950838274	0.47984950793600917	-0.5935093691328717	-0.7547410576251848
chr31_pat	2000000	2200000	0.007997000732032217	0.6566886343725667	-0.37378326157023306	-0.9318198543042577
chr31_pat	2200000	2400000	0.005671264994212714	1.3732152649636657	0.4769852773348147	-1.4066304517687347
chr31_pat	2400000	2600000	0.0183081529787722	1.7970987803911374	1.778097533393905	-0.908570969852405
chr31_pat	2600000	2800000	0.032391898269921136	0.5017997886928183	0.9671958410430315	0.7596651596429306
chr31_pat	2800000	3000000	0.032725089648271664	0.06540064126006995	0.10145910063834095	0.9227870952221084
chr31_pat	3000000	3200000	0.03257447465422415	0.6355567286230586	0.7965367890061865	0.38021941122575525
chr31_pat	3200000	3400000	0.035430131054706396	0.3868949704449292	0.18964589260789724	0.4223896818326218
chr31_pat	3400000	3600000	0.02416736268993013	1.0831977297498505	0.752294737460248	-0.295190303403014
chr31_pat	3600000	3800000	0.01736628654519379	0.5624002100802659	0.311225063749338	0.17878370766802926
chr31_pat	3800000	4000000	0.017600684874032303	0.5650673462198527	0.4091230389513345	0.2780857446839973
chr31_pat	4000000	4200000	0.029270448742606228	-0.002756511087090399	0.7182595254718701	0.5856753472889406
chr31_pat	4200000	4400000	0.036083676516197365	-0.1981738158136278	0.32355660668878744	0.49411782498454443
chr31_pat	4400000	4600000	0.01997916417643984	0.22604004939797448	0.4903156525700626	0.6246752123004364
chr31_pat	4600000	4800000	0.019383824957088566	2.997018796225427e-05	0.10625046682143673	0.5239131387988338
chr31_pat	4800000	5000000				
chr31_pat	5000000	5200000				
chr31_pat	5200000	5343098				
chr32_pat	0	200000				
chr32_pat	200000	400000	0.030353965416919735	-0.6480767650720473	-0.15871012009099178	-0.3329918956394444
chr32_pat	400000	600000	0.010658353567928183	-0.809628893625375	-0.029115061128899743	-0.17752887431317727
chr32_pat	600000	800000	0.01122707621375507	-0.6790123438084167	-0.1746275701072624	-0.3628060691382536
chr32_pat	800000	1000000	0.009775689589916087	-0.6617874106115011	-0.16014711971919454	-0.10688285919660011
chr32_pat	1000000	1200000	0.008858670406160795	-0.6334252453835948	-0.4030602089414355	0.19140528537266202
chr32_pat	1200000	1400000	0.013419740186076405	-0.6648752141285169	-0.5533523104559402	-0.12307976095443846
chr32_pat	1400000	1600000	0.010291017544861896	-0.860455700329393	-0.3047577770654236	0.2285540356603356
chr32_pat	1600000	1800000	0.01566033706440166	-0.8195337874894417	-0.4105298873830858	-0.15576945605755588
chr32_pat	1800000	2000000	0.013114508543730261	-0.41760590435215317	-1.0033147166187228	-1.3090293650324931
chr32_pat	2000000	2200000	0.00717499105245463	-0.11041102225263347	-0.7378585636283057	-0.6413491954553888
chr32_pat	2200000	2400000	0.010792766311332849	0.4205090712248435	-0.7206138679751602	-0.5129666071020362
chr32_pat	2400000	2600000	0.019783759628932036	1.1591013372204426	-1.1145055687556211	-0.3611036092796221
chr32_pat	2600000	2800000	0.01906482315725795	0.8891869776880356	-0.9068916321262102	-0.1762015712831032
chr32_pat	2800000	3000000	0.030061002008895155	0.9003811543546073	-0.9177088480942305	-0.06337762948269812
chr32_pat	3000000	3200000	0.02780572137050641	0.6968586273248446	-0.4179224130004383	0.24335475911776341
chr32_pat	3200000	3400000	0.023144081411329065	0.850786973647505	-0.45778244484603003	0.09999115287318212
chr32_pat	3400000	3600000				
chr32_pat	3600000	3800000				
chr32_pat	3800000	4000000	0.03456650934461768	0.9022959996383728	0.05372807722003752	0.09719594964866757
chr32_pat	4000000	4200000				
chr32_pat	4200000	4400000	0.03459002335220048	1.348986078742244	0.985562557790624	-0.253695176919791
chr32_pat	4400000	4600000				
chr32_pat	4600000	4800000	0.017295753899394972	0.030598140596024618	1.0705021945088513	-1.2935522697120363
chr32_pat	4800000	5000000	0.012134476313353635	0.19746588689537062	0.9601665600436461	-0.9886864166585722
chr32_pat	5000000	5200000	0.014596798514697125	0.37254382529865976	0.6296192198527731	-0.2764464313760217
chr32_pat	5200000	5400000				
chr32_pat	5400000	5573168				
chr33_pat	0	200000				
chr33_pat	200000	400000				
chr33_pat	400000	600000				
chr33_pat	600000	800000	0.011303817059357575	-0.6307395234345863	-0.3191730652647791	-0.720046791813082
chr33_pat	800000	1000000	0.012963909609724466	-0.9181236284928272	-0.17599367326163998	-0.13362783602096537
chr33_pat	1000000	1200000	0.018719544427081736	-0.756842592191174	-0.13212973553373367	-0.396642924131017
chr33_pat	1200000	1400000	0.012569872963493147	-0.6984424668213048	0.20445833341966269	-0.12650681177780285
chr33_pat	1400000	1600000	0.01736001218253014	-0.8733764954465664	0.4025792265232986	-0.25547999260259974
chr33_pat	1600000	1800000	0.019540726111627955	-0.36703548389178814	0.9897465322999199	-0.9744039717166906
chr33_pat	1800000	2000000	0.009848607365732138	-0.8957828328082075	0.6798207321816903	-0.7180079786764272
chr33_pat	2000000	2200000	0.03853050228359349	0.09374432726512846	0.6801309221154709	-0.5830889620629799
chr33_pat	2200000	2400000	0.02791698388671384	1.0101815998195423	1.0716993656928147	-0.6497605884525871
chr33_pat	2400000	2600000	0.02873188589521345	0.9339080154407761	0.8509027778819254	-0.18352375980098976
chr33_pat	2600000	2800000	0.03903100715981415	0.7854427600006327	0.8000038196456268	-0.11012683693238176
chr33_pat	2800000	3000000	0.037079124301087875	0.4623844905506017	0.47064084632179354	0.3528223540068326
chr33_pat	3000000	3200000	0.02351262846627552	0.35409629330543907	0.324585717262894	0.3404447782927007
chr33_pat	3200000	3400000	0.020042315207926827	0.18118673577598396	0.04710347416854641	0.08053516431243823
chr33_pat	3400000	3600000	0.0168732444298414	0.09304461580236012	0.03328153413607635	0.018106141474779635
chr33_pat	3600000	3800000	0.035222774579366005	0.5312782048534054	-0.5864912709911296	-0.5066407903205761
chr33_pat	3800000	4000000				
chr33_pat	4000000	4200000	0.05184078993129007	0.9913991499369231	-1.6121007279325161	-1.2620771247811704
chr33_pat	4200000	4400000				
chr33_pat	4400000	4600000				
chr33_pat	4600000	4788276				
chr34_pat	0	200000				
chr34_pat	200000	400000				
chr34_pat	400000	600000	0.03174833752793619	1.3568385452400384	1.6035671528564346	-0.8377484772971447
chr34_pat	600000	800000	0.03706610547633618	0.6701014148740417	1.1139545741285655	-1.012875201237093
chr34_pat	800000	1000000	0.03302534458771785	0.65481727481401	0.42855189597594884	0.09234662027298346
chr34_pat	1000000	1200000	0.028649720920852204	0.6807527083521728	0.51556424160212	0.1055694195399983
chr34_pat	1200000	1400000	0.026702062034913994	0.4227511925033518	0.24680637133731417	0.2298014312657333
chr34_pat	1400000	1600000	0.046646807358679064	0.46337217782643175	0.2726917498945879	0.07210720679614056
chr34_pat	1600000	1800000	0.016889074578656883	-0.4090347869092578	-0.049607004505557474	-0.2908465780626632
chr34_pat	1800000	2000000	0.024121699958111927	0.6112925499144587	-0.30170994776585275	0.1571711723127425
chr34_pat	2000000	2200000	0.03146113397904986	0.7536807719940773	-0.6139414802363667	0.14074613452239915
chr34_pat	2200000	2400000	0.026837579684133566	0.6465134622792407	-0.6143462682674028	0.3769097126426268
chr34_pat	2400000	2600000	0.04501305475876386	0.8137304970287617	-0.8346165442759805	-0.16981460679215807
chr34_pat	2600000	2800000	0.023708651619028076	0.8292975943653579	-0.676525107085173	0.20668855305464584
chr34_pat	2800000	3000000	0.02364706389909656	1.0008498716119132	-1.019633060579041	-0.2136113367066366
chr34_pat	3000000	3200000	0.04564223387988828	1.3479757079297705	-1.3706828806688325	-0.6520302988045027
chr34_pat	3200000	3400000	0.024520903808645328	-0.38996423128015467	-0.3428061585397205	-0.8510367404749188
chr34_pat	3400000	3600000	0.008967705426255669	-0.6263754312898726	-0.3288600783780759	-0.4080383134248201
chr34_pat	3600000	3800000	0.008894045135613215	-0.7983096289949189	-0.16498029625333085	-0.3527430132002128
chr34_pat	3800000	4000000	0.01154860777877636	-0.44214413587139734	-0.3337808101897911	-0.4623311467142799
chr34_pat	4000000	4200000	0.00971912374373841	-0.6286250608637034	-0.27202201577220186	-0.5070284601211471
chr34_pat	4200000	4400000	0.011168561109739272	-0.6414775854737468	-0.21536457587345026	-0.07764127186418715
chr34_pat	4400000	4600000	0.010379995697683976	-0.24392300236303135	-0.7667988044326389	-0.8815626411050012
chr34_pat	4600000	4800000	0.005566991167291784	-0.7863289198935347	-0.14495534489123502	-0.1761292737195017
chr34_pat	4800000	5000000	0.010477573099627317	-0.8219299122852602	-0.14443614907470917	-0.3061981263706642
chr34_pat	5000000	5200000				
chr34_pat	5200000	5400000				
chr34_pat	5400000	5600000				
chr34_pat	5600000	5771162				
chr35_pat	0	200000				
chr35_pat	200000	400000				
chr35_pat	400000	600000				
chr35_pat	600000	800000				
chr35_pat	800000	1000000	0.01078975042625021	-0.7685527702141703	-0.3845386963043392	0.10356370160225746
chr35_pat	1000000	1200000	0.009445422145017982	-0.7833375779617411	-0.29945400170874653	0.036514880023694476
chr35_pat	1200000	1400000	0.011139858433306893	-0.7489125422611445	-0.27342881023405985	0.05980544653175917
chr35_pat	1400000	1600000	0.012298508896723705	-0.6810421609807426	0.0038253356624368307	-0.13081187045753206
chr35_pat	1600000	1800000	0.009464970411804531	-0.7446463358474238	0.2758285863024569	-0.0948701702161553
chr35_pat	1800000	2000000	0.014903371230167668	-0.4624165630684716	0.5622258356921895	-0.5774837279368517
chr35_pat	2000000	2200000	0.011757901831591613	-0.9606407006775581	0.6001565849204796	-0.3572622381614062
chr35_pat	2200000	2400000	0.019155656950678362	0.043635044685454136	1.0894422721981183	-1.2007083671117729
chr35_pat	2400000	2600000	0.02770992296180631	1.0416970862232784	0.8603537162442795	-0.5532442003931431
chr35_pat	2600000	2800000	0.02201690023856467	0.38201142364072405	0.5680219001032254	-0.39565757776365557
chr35_pat	2800000	3000000	0.024593132854824312	0.7575880321100467	0.09757250438423616	-0.012314500949845927
chr35_pat	3000000	3200000	0.026420323483370787	0.651343775579355	-0.17234816135573255	0.15478604506838525
chr35_pat	3200000	3400000	0.02361722604067332	0.6479743021113947	-0.32151797062646176	0.25924118158554066
chr35_pat	3400000	3600000	0.022325602406791045	0.8330283219983008	-0.5741789426764072	-0.012345108934003512
chr35_pat	3600000	3800000	0.021986318768566642	0.6093622620708256	-0.8307906282114067	-0.7601454944749347
chr35_pat	3800000	4000000	0.007376958488464852	-0.11539420171211913	-0.6104831363061575	-0.7866014565207243
chr35_pat	4000000	4200000	0.006491843300983803	-0.7745212198501241	-0.7880370656500335	-0.7161201416255899
chr35_pat	4200000	4400000	0.010276433532140175	0.4610708598259642	-0.9184575034667336	-1.0712437483420318
chr35_pat	4400000	4600000	0.012019668140466072	-0.5676208181544697	-0.21631376379132997	-0.3970657559664267
chr35_pat	4600000	4800000				
chr35_pat	4800000	4908640				
chr36_pat	0	200000	0.011048395748228529	-1.1033630102337402	-0.5470704889190784	0.592145542263222
chr36_pat	200000	400000	0.014183120734535485	-0.8282783937255578	-0.9326717642951482	0.9698222931498979
chr36_pat	400000	600000	0.013044322101890903	-1.0709004390036767	-0.2200735667745045	0.2629127009223349
chr36_pat	600000	800000	0.01497680498728701	-1.047571334624268	0.47132974865220945	-0.8625394336007662
chr36_pat	800000	1000000	0.010709910864827364	-1.3855979684016184	0.5056133362803406	-1.2788368925726463
chr36_pat	1000000	1200000	0.014129895351612926	-0.3154694954708539	-0.4533423495155819	-0.6399222351045333
chr36_pat	1200000	1400000	0.014896388690202742	0.61900130387141	-0.6893688899869054	-0.47666046211403107
chr36_pat	1400000	1600000	0.01874865098224221	0.9335617947061103	-0.9709840620796908	-0.3444312362643406
chr36_pat	1600000	1800000	0.017220800128995142	0.7859076312547699	-0.7919449069330706	-0.4015152868089407
chr36_pat	1800000	2000000	0.019365149258654638	0.6307655685156058	-0.5769200857789338	-0.3423418026102396
chr36_pat	2000000	2200000	0.017152823754384636	0.4583121692154051	-0.4437861650595636	-0.24187928629275277
chr36_pat	2200000	2400000	0.014226079268978384	0.4862702775803945	-0.30842729427776777	-0.1600305063259351
chr36_pat	2400000	2600000	0.0185574667378015	0.4927819064703267	-0.452229986821344	-0.2572722174182673
chr36_pat	2600000	2800000	0.01654298198084722	0.5923581986640417	-0.09746416941399516	-0.04945604246608596
chr36_pat	2800000	3000000	0.016449529951243998	0.4929330268488734	0.0019122243428575361	-0.023880618651004604
chr36_pat	3000000	3200000	0.019791271609194677	0.5773926248482064	0.04849274075595465	-0.07183508667762421
chr36_pat	3200000	3400000	0.015371698587374876	0.509616974481505	0.3249539473178063	0.12839602245776457
chr36_pat	3400000	3600000	0.017366135777484585	0.5065765759536655	0.3913622415926484	-0.0403587331369483
chr36_pat	3600000	3800000	0.016024828475425152	0.4303563790399406	0.6346261044236168	-0.00695400080634913
chr36_pat	3800000	4000000	0.01558734593717879	0.3623815040367088	0.7307634821634517	-0.1145431150491742
chr36_pat	4000000	4200000	0.019533230450680717	0.44505567486582603	0.7859398707284346	-0.1403827262666523
chr36_pat	4200000	4400000	0.01729853571824622	0.6357073639153544	0.9781997829635561	0.37943897119202724
chr36_pat	4400000	4600000	0.02362807109178249	0.5298199747260751	0.9259524078778278	0.42968489071517146
chr36_pat	4600000	4800000				
chr36_pat	4800000	5000000				
chr36_pat	5000000	5017237				
chr37_pat	0	200000	0.010023925323163565	-0.7721757268880103	-0.3680187293213869	-0.34779209850518267
chr37_pat	200000	400000	0.012679403184250764	-0.6933109468625134	-0.44824372367156995	-0.33638770666401824
chr37_pat	400000	600000	0.012922540456087999	-0.6267427467953265	-0.3394843135221317	-0.4218153223633319
chr37_pat	600000	800000	0.013310066324544418	-0.645700149835879	-0.3720455609611548	-0.10789726468505015
chr37_pat	800000	1000000	0.012547841722936711	-0.7814738071179939	-0.31045551679162514	-0.2318049148879291
chr37_pat	1000000	1200000	0.012468220259489947	-0.5943258516075647	-0.4870182241828797	0.0355913837464581
chr37_pat	1200000	1400000	0.014640132168842024	-0.5564872019714042	-0.39273230805462733	-0.07576797735212701
chr37_pat	1400000	1600000	0.017033050355098635	-0.613562055276998	-0.29354160471245017	-0.011954313386979923
chr37_pat	1600000	1800000	0.010728393023030854	-0.6931792770554566	-0.3476256746638713	-0.18748754596946876
chr37_pat	1800000	2000000	0.011789715184204116	-0.18690073778641308	-0.4825531489101191	-0.5441513420262568
chr37_pat	2000000	2200000	0.018149569327202027	1.0803504964469497	-1.1974086942280187	-1.2883691769711478
chr37_pat	2200000	2400000	0.016693353634621662	0.8832250621051305	-0.8249828468228977	0.18385230674463826
chr37_pat	2400000	2600000	0.023400818787055987	0.7071915771488171	-0.6787462672013279	0.02929215441272605
chr37_pat	2600000	2800000	0.015980018037980555	0.8210488242804118	-0.7547807263057538	0.36356970856391146
chr37_pat	2800000	3000000	0.020000257788248318	0.709927727226678	-0.776150418718312	0.3352171695829219
chr37_pat	3000000	3200000	0.020453415019786716	0.8178772600094603	-0.395540957687876	-0.013009483449216302
chr37_pat	3200000	3400000	0.019689593467547166	0.8182581554468887	-0.4948450214355216	-0.6694552755246121
chr37_pat	3400000	3600000	0.018537149771250722	0.6646057976405326	-0.17335766407556166	0.34684016829985
chr37_pat	3600000	3800000	0.023767344008981728	0.5316269476099506	0.3236612671901388	-0.12306295010832663
chr37_pat	3800000	4000000				
chr37_pat	4000000	4200000				
chr37_pat	4200000	4400000				
chr37_pat	4400000	4600000	0.016631712214161206	-0.10679844559170246	1.035352107488965	-1.3619016980240286
chr37_pat	4600000	4800000	0.01717611012721021	0.6721892861249217	0.5930442066643352	-0.2351421886282444
chr37_pat	4800000	5000000	0.021754692707287863	0.9782318798201334	0.9112234314152569	0.3097659046172155
chr37_pat	5000000	5200000	0.02883911071197296	0.7923343934858128	1.0794475864358237	-0.6332502598003427
chr37_pat	5200000	5400000				
chr37_pat	5400000	5600000				
chr37_pat	5600000	5800000				
chr37_pat	5800000	5977964				
chrW_mat	0	200000				
chrW_mat	200000	400000				
chrW_mat	400000	600000				
chrW_mat	600000	800000				
chrW_mat	800000	1000000				
chrW_mat	1000000	1200000				
chrW_mat	1200000	1400000				
chrW_mat	1400000	1600000				
chrW_mat	1600000	1800000	0.010332215470530084	-0.06748716634283848	-1.2400303080178643	-1.6843830322363897
chrW_mat	1800000	2000000				
chrW_mat	2000000	2200000				
chrW_mat	2200000	2400000				
chrW_mat	2400000	2600000				
chrW_mat	2600000	2800000	0.01760734154998492	-0.6489383147628568	0.10265626214571129	-0.39685004935606705
chrW_mat	2800000	3000000	0.015791072671174324	-0.5333999918905178	0.29192863549484815	-0.031853176383702546
chrW_mat	3000000	3200000	0.025673712244106257	0.281765460351654	0.9757452244824871	0.6299252022449421
chrW_mat	3200000	3400000				
chrW_mat	3400000	3600000				
chrW_mat	3600000	3800000				
chrW_mat	3800000	4000000				
chrW_mat	4000000	4200000				
chrW_mat	4200000	4400000				
chrW_mat	4400000	4600000				
chrW_mat	4600000	4800000				
chrW_mat	4800000	5000000				
chrW_mat	5000000	5200000				
chrW_mat	5200000	5400000				
chrW_mat	5400000	5600000				
chrW_mat	5600000	5800000				
chrW_mat	5800000	6000000				
chrW_mat	6000000	6200000				
chrW_mat	6200000	6400000				
chrW_mat	6400000	6600000				
chrW_mat	6600000	6800000				
chrW_mat	6800000	7000000				
chrW_mat	7000000	7200000				
chrW_mat	7200000	7400000				
chrW_mat	7400000	7600000				
chrW_mat	7600000	7800000				
chrW_mat	7800000	8000000				
chrW_mat	8000000	8200000				
chrW_mat	8200000	8400000				
chrW_mat	8400000	8600000				
chrW_mat	8600000	8800000	0.012401467055981929	0.015174970002363264	0.4868327713922326	0.06430977178933808
chrW_mat	8800000	9000000	0.015991091670021936	0.9346905282648932	0.6438114965892817	0.24883832965074815
chrW_mat	9000000	9200000	0.01685790215517538	0.1355660859252734	0.6643479358237795	-0.07172572569299059
chrW_mat	9200000	9400000	0.00975084422651902	-0.6416506879333873	0.34562243175798363	-0.26559158831541446
chrW_mat	9400000	9600000	0.007184661636598815	-0.9223128815986495	-0.24072121807043617	-0.4439602764916936
chrW_mat	9600000	9800000	0.014070846464228957	0.185859420000467	0.7286393141254389	-0.3866620965222129
chrW_mat	9800000	10000000	0.008427315451384892	-0.7899474821773632	-0.00872392214544892	-0.4631469194523654
chrW_mat	10000000	10200000	0.007104950970906872	-0.8473208242613475	-0.23965458001501383	-0.47325321303305856
chrW_mat	10200000	10400000	0.010448706346613304	-0.597023351342821	0.2881239724953098	-0.43190640573829714
chrW_mat	10400000	10600000	0.00936004412892085	-0.7919462447624035	-0.05291848440927079	-0.3944188768103095
chrW_mat	10600000	10800000	0.011082284380878733	-0.18754727770582194	0.575340956314073	-0.19792080739824922
chrW_mat	10800000	11000000	0.016001243337311403	0.5670995512556325	0.704158449000623	-0.16678879969627214
chrW_mat	11000000	11200000	0.009326657416801849	-0.584571690657025	0.4267887571182348	-0.12045035035712447
chrW_mat	11200000	11400000	0.01141423903734555	-0.456054267235444	0.39410424151216195	-0.15381340021589748
chrW_mat	11400000	11600000	0.016072640331656948	0.9594458688943349	0.2818182195003773	-0.12243050127804175
chrW_mat	11600000	11800000	0.018746671394390617	1.197741357410285	-0.11788091643183282	-0.011694328475386451
chrW_mat	11800000	12000000	0.01723807135447631	1.1465194922643096	0.24564082024310166	-0.06987196989169141
chrW_mat	12000000	12200000	0.01612664432636544	0.703124773327217	0.388734543548002	-0.04196441894523681
chrW_mat	12200000	12400000	0.01628047609088608	0.5936322851581448	0.5674852042867177	-0.26926035055960396
chrW_mat	12400000	12600000	0.006868916926171322	-0.8343900412623003	-0.111573325565278	-0.36649727261905085
chrW_mat	12600000	12800000	0.00860320737159391	-0.8814217948982761	0.03513858967310744	-0.3013182191529072
chrW_mat	12800000	13000000	0.01085821475018284	-0.5689587246675746	0.24342097100037866	-0.3744780272281456
chrW_mat	13000000	13200000	0.011487472591130483	-0.199431666522046	0.4895404371005117	-0.33233953888495193
chrW_mat	13200000	13400000	0.01600873432659947	0.570990448296574	0.434398814524735	-0.22075562708753
chrW_mat	13400000	13600000	0.013795953556586579	0.5884561256104783	0.4119307426347519	-0.12512125276097724
chrW_mat	13600000	13800000	0.01605904620177105	0.46668644381516555	0.16642843140284666	-0.18325924711414554
chrW_mat	13800000	14000000				
chrW_mat	14000000	14200000				
chrW_mat	14200000	14400000	0.01619514593968854	0.46066714324391406	0.3118680803908075	-0.36272690276002645
chrW_mat	14400000	14600000	0.01308270630118203	-0.3926711432239703	0.11563433334575927	-0.39170339361350814
chrW_mat	14600000	14800000	0.008907346451168523	-0.5384992744208537	0.2147851950039218	-0.370433361201479
chrW_mat	14800000	15000000	0.010660582377453015	-0.611942740563117	0.2761245827825943	-0.4195249190794198
chrW_mat	15000000	15200000	0.009832369181388485	-0.5993561695276919	0.03651377434312321	-0.3547622690147731
chrW_mat	15200000	15400000	0.01672653187497177	1.1411361051941065	0.2806829564189598	-0.019730254575602766
chrW_mat	15400000	15600000	0.013927402952187912	0.05919607453004831	0.3683328081589759	-0.187836836352287
chrW_mat	15600000	15800000	0.011865704899227524	-0.6801388051862494	0.03829372844628983	-0.30754118128948393
chrW_mat	15800000	16000000	0.009053856316456325	-0.4793456976184539	0.19756198853992785	-0.3932897994481903
chrW_mat	16000000	16200000	0.011453164120225772	0.14289249520490246	0.4074898819414339	-0.32925922691240367
chrW_mat	16200000	16400000	0.008269161521569141	-0.541077026273162	-0.12198100486015	-0.36059660765963447
chrW_mat	16400000	16600000	0.009968698686276433	-0.25655973676319155	0.20529095987989135	-0.28880440631683885
chrW_mat	16600000	16800000	0.01520541905720712	0.6157640816932903	0.566088264807814	-0.1592814628414657
chrW_mat	16800000	17000000	0.022255392838768425	-0.7449025933952214	0.22744003009189476	-0.38383534461514907
chrW_mat	17000000	17200000	0.022313248085703525	-0.8439527643788374	-0.14878232693425014	-0.31662455677990464
chrW_mat	17200000	17400000	0.011577326619365806	-0.26150384535390436	0.4657937849429471	-0.22774699285868275
chrW_mat	17400000	17600000	0.011553144019191207	-0.39000617021171785	0.33937848579498986	-0.23250898669740228
chrW_mat	17600000	17800000	0.009178932102521851	0.1092629963915406	0.5054105906255756	0.012873677157428572
chrW_mat	17800000	18000000	0.013960447160268195	0.4803712628663567	0.5779228668191267	0.07138699627114034
chrW_mat	18000000	18200000				
chrW_mat	18200000	18400000				
chrW_mat	18400000	18600000				
chrW_mat	18600000	18800000	0.034968383084285286	1.0836900217596066	-0.7875823788263694	-0.34314714214516995
chrW_mat	18800000	19000000				
chrW_mat	19000000	19200000				
chrW_mat	19200000	19400000				
chrW_mat	19400000	19600000				
chrW_mat	19600000	19800000				
chrW_mat	19800000	20000000				
chrW_mat	20000000	20200000				
chrW_mat	20200000	20400000				
chrW_mat	20400000	20600000				
chrW_mat	20600000	20800000				
chrW_mat	20800000	21000000				
chrW_mat	21000000	21200000				
chrW_mat	21200000	21400000				
chrW_mat	21400000	21600000				
chrW_mat	21600000	21800000				
chrW_mat	21800000	22000000				
chrW_mat	22000000	22200000	0.016272935377105554	1.0838631944218355	-0.6276059613455237	-0.27167498238106724
chrW_mat	22200000	22400000				
chrW_mat	22400000	22600000				
chrW_mat	22600000	22800000	0.014017682335478102	0.12881136476694127	0.3634260626373529	-0.13768279527144034
chrW_mat	22800000	23000000	0.01599930643213379	0.8305939766615891	0.20007195772141187	-0.010350952562789995
chrW_mat	23000000	23200000	0.017794749287778085	1.0818308724408652	0.058614746887466554	-0.007331407485446439
chrW_mat	23200000	23400000	0.014331189228722339	0.2138337242279782	0.45638816225746914	-0.12598898621401497
chrW_mat	23400000	23600000	0.007291794526524333	-0.8068998412412519	0.12948799905081695	-0.21125866388000156
chrW_mat	23600000	23800000				
chrW_mat	23800000	24000000				
chrW_mat	24000000	24200000	0.016014784608134068	0.7025503049962312	0.30181662720415636	-0.19253816866314036
chrW_mat	24200000	24400000	0.00860947158591134	-0.8643684754837391	0.08665650774099452	-0.05076936922149159
chrW_mat	24400000	24600000	0.015366773256770248	0.7738368186635796	0.45759431769440634	-0.1321536881827875
chrW_mat	24600000	24800000	0.01195779304271993	0.1265544501052846	0.4039574408733516	-0.15309660435857453
chrW_mat	24800000	25000000	0.008517984922766512	-0.7869462325192109	0.11486865908583968	-0.1563240278636832
chrW_mat	25000000	25200000	0.011754592180039398	-0.06792131206954198	0.4804604821504241	-0.18325185486013504
chrW_mat	25200000	25400000	0.009667523608922667	-0.4169175554133065	0.24984848429672105	-0.33773819181206594
chrW_mat	25400000	25600000	0.010850131650465857	-0.08121688070730217	0.10319522239943354	-0.306737386449455
chrW_mat	25600000	25800000	0.009440847572580199	0.33839030995660707	0.3040547602375317	-0.34538669029406976
chrW_mat	25800000	26000000	0.011664712327631067	-0.4560594153388773	0.354796229920551	-0.16347147160388334
chrW_mat	26000000	26200000	0.012936780120772628	0.24700670986226306	0.43508813031565496	-0.36332658303913945
chrW_mat	26200000	26400000	0.0075123748928887955	-0.9998305563155342	-0.28648973623154567	-0.19132798132077572
chrW_mat	26400000	26600000	0.010736428608246818	-0.47586373491714684	0.3023813064426561	-0.14817775193812222
chrW_mat	26600000	26800000	0.023484226510889297	1.0247741409447724	0.13890596347595463	-0.20847948006849165
chrW_mat	26800000	27000000	0.015933698207296967	1.1319122803416182	-0.24694003813307738	-0.27131671853330513
chrW_mat	27000000	27200000	0.016602439731056396	1.1231349931169563	-0.2887285396332805	-0.25407987450734854
chrW_mat	27200000	27400000	0.013718984812082807	0.9155392002512404	-0.11043040499244565	-0.2585708286108683
chrW_mat	27400000	27600000	0.008835463744221277	-0.6960144299961697	0.014527734891592049	-0.14057493979274827
chrW_mat	27600000	27800000	0.012380987565204365	-0.40411414921475813	0.4100679218967151	-0.02551478799105078
chrW_mat	27800000	28000000	0.010710715725232904	-0.2415993629859421	0.3071908545604289	-0.23881592784387784
chrW_mat	28000000	28200000	0.013859261707194528	0.7035665592478347	0.1445164715550159	-0.3017974959827918
chrW_mat	28200000	28400000	0.010898287284734772	0.007877121336965446	0.47370918819700847	-0.27535492506089454
chrW_mat	28400000	28600000	0.013409271954429574	0.959533893248491	0.022854603019638053	-0.37144231799825983
chrW_mat	28600000	28800000	0.015744363725748823	1.112113450311423	-0.2382742124868125	-0.37181284472743487
chrW_mat	28800000	29000000	0.01324543511982489	0.15549410776689995	0.25446222725791534	-0.2220767303451713
chrW_mat	29000000	29200000	0.008948347896195105	-0.8066138570934259	0.25319113615157424	-0.09179439416880707
chrW_mat	29200000	29400000	0.01117655310877356	0.05763569262127377	0.3983798106319715	-0.21929704570869096
chrW_mat	29400000	29600000	0.010317054244446396	-0.31260100023724163	0.5402024253548473	-0.12451543741163879
chrW_mat	29600000	29800000	0.014923811518795809	0.8440481348339539	0.19579554446873332	-0.5989871427816561
chrW_mat	29800000	30000000	0.016953449429437016	0.97343512790095	-0.30073608611596775	-0.6941983970073151
chrW_mat	30000000	30200000	0.016212921209580254	1.0349977124906786	-0.44827719979350655	-0.6292073368064467
chrW_mat	30200000	30400000	0.015864552888658547	0.8979367495147004	-0.15775990767883508	-0.6737801411883994
chrW_mat	30400000	30600000	0.017454717718803046	1.0141760804466902	-0.29632920847240535	-0.7370494520528555
chrW_mat	30600000	30800000	0.013001179755306437	0.7924566998449791	0.20812463724983912	-0.44550593841381225
chrW_mat	30800000	31000000	0.01033389349362119	-0.2823595433506622	0.5430492674652638	-0.2147025355803683
chrW_mat	31000000	31200000	0.012648635237145964	-0.22481147451079683	0.45528083346054593	-0.3114323592019248
chrW_mat	31200000	31400000	0.00916829809421648	-0.4472660868394151	0.24140935936533348	-0.32446019973114565
chrW_mat	31400000	31600000	0.008185244056039164	-0.651166072605634	0.1933074892277785	-0.21546248605549376
chrW_mat	31600000	31800000	0.010008911984623383	0.0026040275885372433	0.32781093432005637	-0.33064902046450273
chrW_mat	31800000	32000000	0.012194448448457944	0.030376982102126106	0.3504157543740738	-0.23459317817773143
chrW_mat	32000000	32200000	0.00966622846465448	-0.2374589801633548	0.40711396397349536	-0.18044747392067112
chrW_mat	32200000	32400000	0.009779418423053665	-0.6305507604358915	0.27753565319010864	-0.09284487708524783
chrW_mat	32400000	32600000	0.008817155687697387	-0.32841646691082477	0.15399700877529865	-0.14323629102610794
chrW_mat	32600000	32800000	0.015470089721598147	1.1976212263506363	0.16791559817158488	-0.029536183827070284
chrW_mat	32800000	33000000	0.012369645599761002	0.4519363613302729	0.47217548782084356	-0.27351416282479973
chrW_mat	33000000	33200000	0.006663113822167538	-1.0007111558147863	0.07475515017397932	0.14369869982109618
chrW_mat	33200000	33400000	0.010458079461506009	-0.25255867470421184	0.48653984217764895	0.1263924375165375
chrW_mat	33400000	33600000	0.014562255596238477	0.7925679948857717	0.4771270584754787	0.0850780412256167
chrW_mat	33600000	33777440	0.019284518598886167	1.0764505632858559	0.28311739167123595	0.574657277309051
chrZ_pat	0	200000				
chrZ_pat	200000	400000				
chrZ_pat	400000	600000				
chrZ_pat	600000	800000				
chrZ_pat	800000	1000000				
chrZ_pat	1000000	1200000				
chrZ_pat	1200000	1400000				
chrZ_pat	1400000	1600000				
chrZ_pat	1600000	1800000	0.005872832933947964	-0.02646303530346466	-0.2357295070998645	-0.9487817220428598
chrZ_pat	1800000	2000000				
chrZ_pat	2000000	2200000	0.021735896520355028	0.03906804182754384	-0.3222842022541563	-0.8629497334236217
chrZ_pat	2200000	2400000				
chrZ_pat	2400000	2600000				
chrZ_pat	2600000	2800000				
chrZ_pat	2800000	3000000	0.011526016520247942	-1.3133618022463	0.16358626873134458	0.665315226402641
chrZ_pat	3000000	3200000	0.01681821892091895	-0.6037064669753195	-0.021578304502796315	0.37704130297725524
chrZ_pat	3200000	3400000	0.016419055263054583	-1.0785926826566132	0.23891266933876057	0.6314578971092931
chrZ_pat	3400000	3600000	0.008965499390873346	-1.0722488955840739	0.17500754092325788	0.41532459130692445
chrZ_pat	3600000	3800000	0.011329873835708623	-0.30407747695638515	-0.19515315377836048	0.27221165294673205
chrZ_pat	3800000	4000000	0.008493142809823363	-1.0853436522882929	0.21673357502889662	0.5956097603838284
chrZ_pat	4000000	4200000	0.008956394154363336	-1.309635412123679	0.3054405653819417	0.6434837574707878
chrZ_pat	4200000	4400000	0.010443790717532353	-0.6734780664632619	0.02260415534936718	0.41318411890393647
chrZ_pat	4400000	4600000	0.013586841692130395	0.003701291204149524	-0.3115608050891435	0.37146691377700947
chrZ_pat	4600000	4800000	0.008948729310315548	-0.7132330405898064	-0.0021304235217850017	0.7344568157515105
chrZ_pat	4800000	5000000	0.009579584187387368	-0.5947163572415463	-0.10679454026016008	0.7202929721060151
chrZ_pat	5000000	5200000	0.019811253686046044	-0.7625102717084178	0.07653545708984535	0.7846894200759628
chrZ_pat	5200000	5400000				
chrZ_pat	5400000	5600000				
chrZ_pat	5600000	5800000				
chrZ_pat	5800000	6000000	0.01426893835140573	1.2155779207086335	-0.41099414133807466	0.507427360349671
chrZ_pat	6000000	6200000	0.01114192519832311	1.1794599532839958	-0.5280533129427606	0.5529630410582218
chrZ_pat	6200000	6400000	0.010567722987064553	1.0528590176630066	-0.4925627336424364	0.46281212754805756
chrZ_pat	6400000	6600000	0.01044414507432383	0.31408936247055486	-0.4546833491901438	0.24974296024845266
chrZ_pat	6600000	6800000	0.008427715324233453	-1.184530194375447	0.27169877822950833	0.5793592388019738
chrZ_pat	6800000	7000000	0.008469298498880591	-1.03656926859892	0.07863294779507475	0.5187752756905362
chrZ_pat	7000000	7200000	0.011790083792771843	0.3165593584007792	-0.34905923237457975	0.1605420901118238
chrZ_pat	7200000	7400000	0.013094543493364042	0.6582174813867676	-0.4843816395620737	0.20034034908533527
chrZ_pat	7400000	7600000	0.012751143675390816	0.37171552261393714	-0.2823862584139717	0.1277513553198163
chrZ_pat	7600000	7800000	0.008496468182395737	-0.8394499143962386	0.030793757904797506	0.27393416526456166
chrZ_pat	7800000	8000000	0.007257798731792458	-1.3936001969212348	0.3432108983074533	0.5822821977836361
chrZ_pat	8000000	8200000	0.008384990008209895	-1.0716340206517285	0.22761625164307842	0.45811797130395293
chrZ_pat	8200000	8400000	0.008286510298887384	-1.0444267650430652	0.18063525440572972	0.2510285685164244
chrZ_pat	8400000	8600000	0.011786934886984344	0.0820247796297031	-0.24707713863969727	0.1608151447260863
chrZ_pat	8600000	8800000	0.010558630166701485	0.04910723253325536	-0.09364189457434462	0.23171806036421186
chrZ_pat	8800000	9000000	0.010453557834842125	0.0016262824555831478	-0.08310175660761424	0.26051612800603824
chrZ_pat	9000000	9200000	0.012109655825097251	0.954297859629152	-0.29724128458827437	0.21497890744855644
chrZ_pat	9200000	9400000	0.011362840557772393	0.5153284250384388	-0.3003372265191559	0.22862494728247593
chrZ_pat	9400000	9600000	0.00882970628731213	-0.6243264377205678	0.18450237535933348	0.5166286269757474
chrZ_pat	9600000	9800000	0.0102365800370795	0.02312095355052927	-0.011224494142577191	0.26253492670948214
chrZ_pat	9800000	10000000				
chrZ_pat	10000000	10200000				
chrZ_pat	10200000	10400000				
chrZ_pat	10400000	10600000				
chrZ_pat	10600000	10800000	0.01764923451122063	-0.9511100013813917	0.051488056655819084	0.33743375923736507
chrZ_pat	10800000	11000000	0.007516166896210229	-1.2562218791636	0.2514953177144214	0.41965923306230035
chrZ_pat	11000000	11200000	0.009700970939701231	0.27443189376098387	-0.30709480999927674	-0.037120781523816385
chrZ_pat	11200000	11400000	0.00716606775890313	-0.8699198004950598	0.18998103168037825	0.34515469392127346
chrZ_pat	11400000	11600000	0.010502715056248073	0.4963275406573534	-0.4058822697982305	-0.039997809238111616
chrZ_pat	11600000	11800000	0.010541714109293518	0.48588410556355643	-0.38099094538954104	0.02566875685003166
chrZ_pat	11800000	12000000	0.009721908981218566	-0.4285186655295226	0.0608035600464594	0.12081645500265266
chrZ_pat	12000000	12200000	0.007094780204697507	-1.0720886193157828	0.33842299379603	0.1831614854487538
chrZ_pat	12200000	12400000	0.00786229188758641	-0.7410588378227158	0.1865971271061659	0.14897203666077055
chrZ_pat	12400000	12600000	0.008410163111634375	0.09190433948316239	-0.21598640284329096	-0.09503184858499314
chrZ_pat	12600000	12800000	0.010309590831168908	1.003828658318165	-0.3007651337599548	-0.06147020534452433
chrZ_pat	12800000	13000000	0.010696807839894877	0.9646490920735178	-0.4571558878123376	-0.0475141391606254
chrZ_pat	13000000	13200000	0.00983120379141038	0.9979927023699012	-0.3730548716383981	-0.03635494961151819
chrZ_pat	13200000	13400000	0.009842822590861411	1.0124012017859547	-0.28194533809802264	-0.040714711885140864
chrZ_pat	13400000	13600000	0.009752360567397414	1.01640647508631	-0.349682667826064	-0.05302810263473415
chrZ_pat	13600000	13800000	0.010301516395631944	0.9726641642654902	-0.43244482348849556	-0.06085084613137935
chrZ_pat	13800000	14000000	0.009996465400469473	0.8553782853899389	-0.49070859972779235	-0.10716353046751567
chrZ_pat	14000000	14200000	0.008818920401148804	-0.2665037130514761	-0.08958735882059561	-0.0316593473146255
chrZ_pat	14200000	14400000	0.008374655222800747	-0.596924556963355	-0.060781309625114986	0.010151178775078307
chrZ_pat	14400000	14600000	0.008804677985752313	-0.5066228942358584	-0.016438453067140153	0.0018130310417864123
chrZ_pat	14600000	14800000	0.009131100606130007	-0.12268372969023955	-0.15490862179359619	-0.06248781588322985
chrZ_pat	14800000	15000000	0.008518926867170106	-0.530882420385798	-0.043419729370850584	-0.012984825874734348
chrZ_pat	15000000	15200000	0.00979726898792734	-0.34158621349225926	-0.12694887890002143	-0.0854856845571311
chrZ_pat	15200000	15400000	0.011951644503193314	0.13748518887850816	-0.3662303802322454	-0.14142310867131214
chrZ_pat	15400000	15600000	0.008870000895627879	-1.0688637536742185	0.11652756041778564	-0.08366697611198079
chrZ_pat	15600000	15800000	0.017423173577863035	-0.7760366006117954	0.9629199264721545	-0.0032490691416846157
chrZ_pat	15800000	16000000				
chrZ_pat	16000000	16200000	0.007810613310322449	-0.9265340539922521	-0.0031848350632778352	-0.0995321680070601
chrZ_pat	16200000	16400000	0.010785961417658172	0.566264986307306	-0.5079250190117617	-0.2985247215714037
chrZ_pat	16400000	16600000	0.009805833007913833	0.1503106291722772	-0.38446631319783736	-0.31336742163774695
chrZ_pat	16600000	16800000	0.006511605461125949	-1.3650424324362755	0.3138815200303493	-0.01531434483074566
chrZ_pat	16800000	17000000	0.009370937181561378	-0.011384680353749408	-0.37343983840649925	-0.2401749444693246
chrZ_pat	17000000	17200000	0.010483242891691044	0.7233473753619356	-0.4919777267586462	-0.23783811007659822
chrZ_pat	17200000	17400000	0.010634191020505017	0.8202544697394821	-0.42455154714882654	-0.17508500622998885
chrZ_pat	17400000	17600000	0.009549612356460775	0.34205567298385753	-0.30057086054978094	-0.17888341389640453
chrZ_pat	17600000	17800000	0.008333254858424552	-0.5484009754595127	-0.009239491627767252	-0.2227496376415725
chrZ_pat	17800000	18000000	0.007995282287929811	-0.8539593311815985	0.05805479035051505	-0.10017922287078666
chrZ_pat	18000000	18200000	0.008131142009118124	-0.7353348213297716	0.053419516328778976	-0.10247054172157259
chrZ_pat	18200000	18400000	0.010467128902533582	0.6727991624585926	-0.5689547834735864	-0.3158565679890254
chrZ_pat	18400000	18600000	0.008065928171466005	-0.6033157934936066	0.00015527105144138073	-0.14998491589502988
chrZ_pat	18600000	18800000	0.008648894254854185	-0.4704325061358052	0.06005475861662973	-0.18205599377855516
chrZ_pat	18800000	19000000	0.009705374876266791	-0.40981527597465095	-0.10581579724376973	-0.2364477198807955
chrZ_pat	19000000	19200000	0.010917323603101815	0.7448163160568877	-0.4158689342259251	-0.3080112581525846
chrZ_pat	19200000	19400000	0.01006391939718268	0.9071928953036447	-0.42722792494102796	-0.31176957818284823
chrZ_pat	19400000	19600000	0.01015610276172262	0.9596785889360844	-0.2900648367259605	-0.32393345017492264
chrZ_pat	19600000	19800000	0.010040342903929191	0.91409545866911	-0.3489076400266824	-0.3495297224725411
chrZ_pat	19800000	20000000	0.008940962407417012	-0.06562873766705889	-0.1902267504493544	-0.24181547843392678
chrZ_pat	20000000	20200000	0.010130051676852127	0.36136864358823706	-0.33437302639847943	-0.3491421930326986
chrZ_pat	20200000	20400000	0.0076374380380963055	-0.7492074173176989	0.10714726810892197	-0.30777293992933397
chrZ_pat	20400000	20600000	0.009484810712918285	0.43625560278936615	-0.32316650103160977	-0.3607597453210763
chrZ_pat	20600000	20800000	0.0091309861945846	0.23044330604169647	-0.047454347790037744	-0.30150459481655745
chrZ_pat	20800000	21000000	0.009217675678798502	0.10994885213247227	-0.04007445669452213	-0.2441245561655939
chrZ_pat	21000000	21200000	0.008706537114463868	-0.35849503841154157	-0.0037912643465705864	-0.3113250168853471
chrZ_pat	21200000	21400000	0.013590931026450245	0.7125463007937348	-0.3673005298241365	-0.4071598406397712
chrZ_pat	21400000	21600000	0.013231777330309872	0.9030576779579094	-0.2386460751986225	-0.3359292932623242
chrZ_pat	21600000	21800000	0.013570384260544566	0.8042455650386903	-0.31994761615509437	-0.4589043502252681
chrZ_pat	21800000	22000000	0.01154148545380009	0.44673489045005105	-0.3683072390387862	-0.44022821388552213
chrZ_pat	22000000	22200000	0.008297340021804957	-1.1173815978410828	0.23956910830278383	-0.33264832061758637
chrZ_pat	22200000	22400000	0.012884041606761014	0.19400658159763404	-0.19354649221443804	-0.4369635861462581
chrZ_pat	22400000	22600000	0.019000107526567604	0.5489625971745166	-0.29830664528058093	-0.5227004290568028
chrZ_pat	22600000	22800000	0.0038657760434504017	0.8657850921130771	0.00953367128379966	-0.4293453763070349
chrZ_pat	22800000	23000000	0.010474376223619549	0.8147565891882054	-0.2861353656310639	-0.49177653096262347
chrZ_pat	23000000	23200000	0.009543407866423919	-0.7438776817727283	0.05254730912454509	-0.24971186730133735
chrZ_pat	23200000	23400000	0.01038482618891544	0.35544717953514726	-0.2655390450449217	-0.3023261326038311
chrZ_pat	23400000	23600000	0.008753708116570667	-0.3421913582208414	0.03441078177089665	-0.2164225478625633
chrZ_pat	23600000	23800000	0.009949987020333572	0.7162602500878578	-0.3889200581103862	-0.4411098995061446
chrZ_pat	23800000	24000000	0.010918533708488075	0.8964140279748322	-0.45901699596588696	-0.4814655161068745
chrZ_pat	24000000	24200000	0.011308982023072853	0.8603811006421563	-0.40190568080666284	-0.4700999065695167
chrZ_pat	24200000	24400000	0.010269002177613762	0.8921230395335366	-0.41344030528192327	-0.4519570699084414
chrZ_pat	24400000	24600000	0.010126412672135026	0.8792956224281678	-0.5290195629495168	-0.4820481889938121
chrZ_pat	24600000	24800000	0.010548554445055569	0.8699340283001119	-0.4838997610401883	-0.45044651517180834
chrZ_pat	24800000	25000000	0.010756951509844535	0.8170465498462551	-0.5745846720883389	-0.3954891271846978
chrZ_pat	25000000	25200000	0.010264264369361228	0.6458979449956125	-0.6685578801948727	-0.38167461667851593
chrZ_pat	25200000	25400000	0.009136510020710895	-0.4014861632780849	-0.3529393898021868	-0.43987268922883666
chrZ_pat	25400000	25600000	0.0077405454543430854	-0.9380434830807716	-0.050664950275611076	-0.3406088551762841
chrZ_pat	25600000	25800000	0.008210654852041109	-0.7275836345202586	-0.12195893062802268	-0.4312251442838407
chrZ_pat	25800000	26000000	0.007779546885046954	-0.6844015685123702	-0.13008867552287132	-0.41359659567959955
chrZ_pat	26000000	26200000	0.009903989723125995	0.32215019059524125	-0.7210510972081939	-0.3955286005473906
chrZ_pat	26200000	26400000	0.008459447076440597	-0.33303445243331653	-0.39530935078802154	-0.4271227702724634
chrZ_pat	26400000	26600000	0.00964604234200563	0.13740588843602533	-0.6194536605648425	-0.361360510771921
chrZ_pat	26600000	26800000	0.009926326358369588	0.1999276098301586	-0.6012161504426499	-0.3784721903193522
chrZ_pat	26800000	27000000	0.009129052407754435	-0.24873335219271328	-0.4328182853450251	-0.4517864330701515
chrZ_pat	27000000	27200000	0.007892385915104246	-0.6927256954134812	-0.24793211708384652	-0.44881620086001245
chrZ_pat	27200000	27400000	0.009206024916436168	-0.21279947119785675	-0.5836945601126218	-0.4352362172222889
chrZ_pat	27400000	27600000	0.008178064805118752	-0.927386397631565	-0.09810202585500497	-0.5770700033628494
chrZ_pat	27600000	27800000	0.009165373754153563	-0.4435275788530152	-0.3676314095265135	-0.5747785721287745
chrZ_pat	27800000	28000000	0.010956842714611273	0.4295539853273758	-0.7228046990621467	-0.41056414211217723
chrZ_pat	28000000	28200000	0.010691105779774859	0.5584965557720385	-0.7418522146653899	-0.3784615734988472
chrZ_pat	28200000	28400000	0.010348730655150745	0.48647620001547165	-0.6919612193685629	-0.4195359609704888
chrZ_pat	28400000	28600000	0.011324386514824276	0.6859990220399984	-0.8205217482664996	-0.4107925235970924
chrZ_pat	28600000	28800000	0.009234966288068084	0.054890419710459736	-0.7189547286638183	-0.40734952939869823
chrZ_pat	28800000	29000000	0.007675939823760696	-0.5471359477081457	-0.314968847634223	-0.48687953926174277
chrZ_pat	29000000	29200000	0.007894407295639769	-0.5352088104125601	-0.33708010715022024	-0.42688611997197035
chrZ_pat	29200000	29400000	0.009822798512344032	0.3508665476128361	-0.7722003798230488	-0.37029328642008164
chrZ_pat	29400000	29600000	0.008174132228125837	-0.31989087592121457	-0.39520999866228335	-0.4879062916727133
chrZ_pat	29600000	29800000	0.009779561138414656	0.7177849500791964	-0.7801306601387223	-0.34279402685696275
chrZ_pat	29800000	30000000	0.010383146687950434	0.7614944619759721	-0.8208968945946529	-0.35293371972377346
chrZ_pat	30000000	30200000	0.010148404493919502	0.6117840897921282	-0.7748652991297755	-0.3408654622517207
chrZ_pat	30200000	30400000	0.007612261230491352	-0.7593401189702889	-0.20151463790254182	-0.5085565767869146
chrZ_pat	30400000	30600000	0.0068059379385065856	-0.9009117110160739	-0.09705288222928206	-0.5488189719595367
chrZ_pat	30600000	30800000	0.010058061526478588	0.48887868758584224	-0.7843943775934299	-0.3076090172792464
chrZ_pat	30800000	31000000	0.010482770528088842	0.688407795868633	-0.7932707699004967	-0.23196901674537396
chrZ_pat	31000000	31200000	0.010660369864738587	0.7293024953409489	-0.7180749599943037	-0.2789319065670706
chrZ_pat	31200000	31400000	0.010986391915097092	0.289303177510527	-0.7034579957315755	-0.37689532429620415
chrZ_pat	31400000	31600000	0.00928475281563899	-0.3498200318549936	-0.47151410683601214	-0.46660397303609746
chrZ_pat	31600000	31800000	0.008253104393652805	-0.6963505344375062	-0.22852864981960402	-0.620307383198312
chrZ_pat	31800000	32000000	0.009007357443076921	-0.7229265290070315	-0.20946241150738226	-0.5749137099965864
chrZ_pat	32000000	32200000	0.00762458647896838	-0.9283633998416325	-0.08523425172832277	-0.6674493770726677
chrZ_pat	32200000	32400000	0.011423278091568493	-0.26676021029656793	-0.2680940234605718	-0.5303830279832749
chrZ_pat	32400000	32600000	0.012868315189365957	0.5055917361253435	-0.6834764896834916	-0.38305206300592554
chrZ_pat	32600000	32800000	0.011571715988369065	0.3831813114468359	-0.7218123771707232	-0.30079685920199206
chrZ_pat	32800000	33000000	0.009242168945675651	-0.41566630883959205	-0.44143454049149694	-0.5019958511002492
chrZ_pat	33000000	33200000	0.008856307038791998	-0.6357854627245576	-0.3423504885691081	-0.636912485352156
chrZ_pat	33200000	33400000	0.008988201606382555	-0.644094653839508	-0.3176671359229299	-0.605065134484234
chrZ_pat	33400000	33600000	0.007177974451377735	-0.8923454511057768	-0.15733659476966821	-0.7837508075230571
chrZ_pat	33600000	33800000	0.010036020824887795	-0.18281367293289696	-0.5598145789702867	-0.5002796291589188
chrZ_pat	33800000	34000000	0.01187427979496027	0.4192672132551816	-0.7329290119852852	-0.3287800470744515
chrZ_pat	34000000	34200000	0.010725771268292026	-0.034114194962789925	-0.6219624136887696	-0.3717976341881373
chrZ_pat	34200000	34400000	0.011092226745862098	-0.5055369024384799	-0.3485631425058894	-0.4450938261587834
chrZ_pat	34400000	34600000	0.01229114877132201	-0.8582765579797471	-0.15055559556900555	-0.6919118925487602
chrZ_pat	34600000	34800000	0.00955096148782327	-0.32653217980977617	-0.4656653523927971	-0.4142668889969619
chrZ_pat	34800000	35000000	0.010992121025955925	0.6395133860773573	-0.7558049274394885	-0.1785221734319717
chrZ_pat	35000000	35200000	0.010952823970575355	0.3365811486063142	-0.5615758631561716	-0.24028707515427158
chrZ_pat	35200000	35400000				
chrZ_pat	35400000	35600000				
chrZ_pat	35600000	35800000				
chrZ_pat	35800000	36000000	0.012923489114570115	0.8027888407307225	-0.14019839565299894	-0.23237843746892894
chrZ_pat	36000000	36200000	0.011546975743134926	0.8367194860786004	-0.04106976917956128	-0.17594451129440294
chrZ_pat	36200000	36400000	0.010302602246237677	0.6870223691718775	-0.012368802583751	-0.26392941797949376
chrZ_pat	36400000	36600000	0.008045093824220013	-0.6852919827485588	0.04367282912926841	-0.28541252275546836
chrZ_pat	36600000	36800000	0.01007541503376812	0.03176408222814218	-0.08598447327269122	-0.1748939885037788
chrZ_pat	36800000	37000000	0.011615468524174983	-0.5183452702917616	0.10093102061896678	-0.3053424296462347
chrZ_pat	37000000	37200000	0.008545467205778517	-0.7600557864660061	0.074735083068633	-0.2188547431461016
chrZ_pat	37200000	37400000	0.010719392394487307	0.37596929316735445	-0.06203395476418531	-0.20819965842597551
chrZ_pat	37400000	37600000	0.010404396973768014	0.7796768927677177	0.2577890570229263	-0.23584961470938404
chrZ_pat	37600000	37800000	0.010601647200631538	0.8305056488394832	0.20218456862931505	-0.21005365041131854
chrZ_pat	37800000	38000000	0.010428192431086617	0.7518034588759062	0.2578539265690777	-0.16171118534020135
chrZ_pat	38000000	38200000	0.010450976003583292	0.861673868161582	0.17174083587645905	-0.21844817595278096
chrZ_pat	38200000	38400000	0.0108042061327176	0.936287759555395	0.3298620154670584	-0.23917783657344324
chrZ_pat	38400000	38600000	0.010983711245149515	0.8986835478397867	0.2065832035371445	-0.22139384096832204
chrZ_pat	38600000	38800000	0.0115269050608072	0.749742044919025	0.261817305424913	-0.2670574731238842
chrZ_pat	38800000	39000000	0.01079679989381521	0.21479987411024523	0.06230192134933565	-0.2870968540076924
chrZ_pat	39000000	39200000	0.007433651512775316	-1.0285962715161383	0.18084457841312188	-0.43868882752632754
chrZ_pat	39200000	39400000	0.0075703192040912776	-1.0429741426873576	0.2166294753538317	-0.5428145276044608
chrZ_pat	39400000	39600000	0.008537664691295513	-0.7246500982839014	0.1080927211597196	-0.26041301311184406
chrZ_pat	39600000	39800000	0.009395455036692646	-0.38785426238876697	0.06348737563250262	-0.24936584776153922
chrZ_pat	39800000	40000000	0.007570917503077358	-0.7687786473427787	0.21932727991351084	-0.3497298050632858
chrZ_pat	40000000	40200000	0.010201734084647897	-0.07017872901434388	0.11654919582963445	-0.2834378066515211
chrZ_pat	40200000	40400000	0.010123099315952908	-0.461639606293799	0.12026017354646283	-0.30809879066317686
chrZ_pat	40400000	40600000	0.006850509205277459	-1.1594564187902068	0.2827443397350889	-0.4291694457331151
chrZ_pat	40600000	40800000	0.010587210633213403	0.4098161034151498	0.1553716082767731	-0.2823046533113352
chrZ_pat	40800000	41000000	0.010249045855091699	0.5311856590006848	0.17364707513913136	-0.2519498578647088
chrZ_pat	41000000	41200000	0.010142155354283608	0.38018080230425794	0.36774763546326894	-0.23517158447765335
chrZ_pat	41200000	41400000	0.009731374979275509	0.5729557462196031	0.2857008018695531	-0.29268705997950045
chrZ_pat	41400000	41600000	0.010044372614283818	0.732477355313211	0.24138725631076266	-0.30777757460078536
chrZ_pat	41600000	41800000	0.007515628494007557	-0.709031835863231	0.27990204027668375	-0.36835627421003386
chrZ_pat	41800000	42000000	0.010351988682599195	0.47918702689831966	0.1718344312175566	-0.27965462152818593
chrZ_pat	42000000	42200000	0.010985821102169122	0.6845032301038063	0.24086100203484895	-0.274301634253936
chrZ_pat	42200000	42400000	0.010780047225444888	0.32470716117128046	0.22646337988348902	-0.36631622918689727
chrZ_pat	42400000	42600000	0.007868739241223182	-0.6741010714393953	0.3588142071379162	-0.40542626934176923
chrZ_pat	42600000	42800000	0.010315057208946678	0.8375712934260982	0.3746148830167184	-0.3330880468763707
chrZ_pat	42800000	43000000	0.01041736445004528	0.927136020485519	0.46560509483216156	-0.2926327026009566
chrZ_pat	43000000	43200000	0.010513244734022811	0.9374084118713739	0.5120757816098755	-0.296083636272422
chrZ_pat	43200000	43400000	0.009978373173948023	0.9817262422002682	0.6073745429279264	-0.3187276618972048
chrZ_pat	43400000	43600000	0.011590819161079612	1.0218454606187843	0.5911364205031019	-0.2818967413562534
chrZ_pat	43600000	43800000	0.010124769021749944	1.05497642193097	0.6040689472444879	-0.27382135134452273
chrZ_pat	43800000	44000000	0.010338294764745735	0.9795656819301597	0.6293916713124812	-0.336926467808668
chrZ_pat	44000000	44200000	0.010013739301839731	1.0467770299398151	0.6139541112231711	-0.31211564854591073
chrZ_pat	44200000	44400000	0.010200520137591384	1.055888139297221	0.661436271746461	-0.2440456782499001
chrZ_pat	44400000	44600000	0.011059990859755954	0.8876303607017378	0.6011583254747533	-0.30398077111395105
chrZ_pat	44600000	44800000	0.012074486619152032	0.8998301532139238	0.5902498550653351	-0.30227438500639897
chrZ_pat	44800000	45000000	0.012155685392592177	0.7639428858099124	0.4936236826228369	-0.4046499972238503
chrZ_pat	45000000	45200000	0.012176706898645638	0.4979405257710662	0.39890271435867175	-0.290477951206051
chrZ_pat	45200000	45400000	0.009441846979553407	-0.5881886433036008	0.26118855900520277	-0.4624603066257159
chrZ_pat	45400000	45600000	0.007546028945356084	-1.1617986471541324	0.29385501580076456	-0.9824954461265121
chrZ_pat	45600000	45800000	0.008104679362697315	-1.1493058466055555	0.31131812782635854	-0.9765582465957263
chrZ_pat	45800000	46000000	0.0070685673996416076	-1.087956345839842	0.27684843006834337	-0.8760231954383806
chrZ_pat	46000000	46200000	0.008833884921739242	-0.7753980806707204	0.23263427958951927	-0.7700486459732989
chrZ_pat	46200000	46400000	0.010458345668492807	-0.6325227341992843	0.3060688055511038	-0.675578988056551
chrZ_pat	46400000	46600000	0.014218076773377874	0.04598950417728527	0.1926588629532159	-0.4903108764496079
chrZ_pat	46600000	46800000	0.013074235123937173	-0.4310621539210454	0.15250813590812834	-0.6196919022854986
chrZ_pat	46800000	47000000	0.006954202161948711	-1.047229753266324	0.2985995127293666	-0.8876304735904209
chrZ_pat	47000000	47200000	0.011629739343985151	0.11822197306749842	0.31553278619699543	-0.48743431778451457
chrZ_pat	47200000	47400000	0.01262268271112323	-0.12027541504038804	0.18161218693364273	-0.6285411416801976
chrZ_pat	47400000	47600000	0.009441235507433319	-1.0898761815539981	0.30839711531764413	-0.8427959715662566
chrZ_pat	47600000	47800000	0.00981211773510899	-0.5425775594867044	0.19880722591694228	-0.6493060996548033
chrZ_pat	47800000	48000000	0.010716590807822307	-0.23876571552867404	0.21685184143305578	-0.41430238484619314
chrZ_pat	48000000	48200000	0.007405469989190815	-0.8975522008415441	0.27713732904465105	-0.7059329065323615
chrZ_pat	48200000	48400000	0.009092092372371595	-0.5137385989219844	0.21192080859927903	-0.5873116791358173
chrZ_pat	48400000	48600000	0.008995018427341345	-0.47412508640278195	0.2888499396628549	-0.6264770667080072
chrZ_pat	48600000	48800000	0.010925281104010092	0.3756928526356843	0.4876695017173923	-0.33213355302913655
chrZ_pat	48800000	49000000	0.00831503320325733	-0.38372923281489985	0.30935413857725896	-0.4871489395209453
chrZ_pat	49000000	49200000	0.010346009800443218	0.30028717916486447	0.408634808575856	-0.392914449274087
chrZ_pat	49200000	49400000	0.007707090956928684	-0.7012050156396025	0.23833898427746322	-0.574045491825932
chrZ_pat	49400000	49600000	0.00934675934626338	-0.213692281775459	0.2043760915699108	-0.4640919544922744
chrZ_pat	49600000	49800000	0.006269474000862352	-1.2046278183030108	0.29576749643761974	-0.7318591416522437
chrZ_pat	49800000	50000000	0.007322061917089104	-0.8114968166326663	0.2613349880658657	-0.5699101984172222
chrZ_pat	50000000	50200000	0.011034875998582739	0.2707692538337165	0.34826564430816226	-0.31822843121210015
chrZ_pat	50200000	50400000	0.011145714262427822	0.4154202467174843	0.359009697674509	-0.2721779390153347
chrZ_pat	50400000	50600000	0.007123964523218304	-0.8259795288035033	0.3335037570467306	-0.6735760606842867
chrZ_pat	50600000	50800000	0.010100302539051325	0.4858713965251577	0.37166487906600343	-0.251889549663642
chrZ_pat	50800000	51000000	0.010743436802372955	0.7990268438596216	0.6061240184335169	-0.23675452628767177
chrZ_pat	51000000	51200000	0.008432133405275934	-0.37643910990696194	0.3498029041367528	-0.48872524463333833
chrZ_pat	51200000	51400000	0.010804233059329359	0.17525580776413988	0.2874974834615056	-0.3385530685189043
chrZ_pat	51400000	51600000	0.00870341043175448	-0.6452076669530539	0.2154735948594844	-0.5280357111657455
chrZ_pat	51600000	51800000	0.010596901373201215	-0.1097227191325259	0.22932732583671875	-0.3945559410461624
chrZ_pat	51800000	52000000	0.006887897789454934	-0.892319642415754	0.28263137936204896	-0.6555278246381699
chrZ_pat	52000000	52200000	0.00865996178990711	-0.24430854365763868	0.2740034644233845	-0.34135452729750754
chrZ_pat	52200000	52400000	0.010107588415458535	0.7496139737854414	0.3951661980020083	-0.23843398467606342
chrZ_pat	52400000	52600000	0.008773163140706487	0.10667710048560008	0.3537024738599995	-0.24752576170349133
chrZ_pat	52600000	52800000	0.010407180509332347	1.0401718041547283	0.5068887375772955	-0.16083599249615715
chrZ_pat	52800000	53000000	0.009510505908410254	0.3442236667289294	0.28579306369087965	-0.22870941640792897
chrZ_pat	53000000	53200000	0.008757822853436011	0.0004064116487366247	0.2337640061386007	-0.28386553382504337
chrZ_pat	53200000	53400000	0.010437303776583544	0.8496571582353257	0.4830626616576254	-0.12488716580173043
chrZ_pat	53400000	53600000	0.010344917760919049	1.0453693254206868	0.6618448040555068	-0.09656555548782728
chrZ_pat	53600000	53800000	0.010272173690141285	0.84113920289511	0.5318044901255542	-0.18323607253180327
chrZ_pat	53800000	54000000	0.008626123270563883	-0.3113309400715256	0.17617125837676353	-0.3468630057008423
chrZ_pat	54000000	54200000	0.007219049393385583	-1.055968507835263	0.1384949160510847	-0.6229725962681426
chrZ_pat	54200000	54400000	0.008548840816400392	-0.6553315540780353	0.026748262153448343	-0.5235064081042389
chrZ_pat	54400000	54600000	0.008244836060614954	-0.7223108530899848	0.14822888320626473	-0.4580462095003815
chrZ_pat	54600000	54800000	0.010282274913746337	0.14990697850494242	0.27407940887617066	-0.3456538914528021
chrZ_pat	54800000	55000000	0.008510467209197136	-0.6841352508189551	0.36396632776430554	-0.4459370604892183
chrZ_pat	55000000	55200000	0.009275204775597602	-0.6341052435518644	0.305070906483284	-0.46660950490147834
chrZ_pat	55200000	55400000	0.010572172853672852	0.26649570739537987	0.2779664743768672	-0.37155821426544566
chrZ_pat	55400000	55600000	0.009654434378025331	-0.2834974361545059	0.22875139011732012	-0.4304041817939577
chrZ_pat	55600000	55800000	0.007403436613624915	-0.9709253129126596	0.2424084101109702	-0.4933779950085575
chrZ_pat	55800000	56000000	0.010964155711410423	0.6174366990082293	0.18334219418877618	-0.17138175045354903
chrZ_pat	56000000	56200000	0.01101099918745398	0.8889258323895565	0.4415831723681079	-0.13804151856253433
chrZ_pat	56200000	56400000	0.010299737034478635	0.8468433654232442	0.3409630194245797	-0.12817155783367307
chrZ_pat	56400000	56600000	0.010322499875488403	0.8767219125218503	0.47677984879052365	-0.08013032052982365
chrZ_pat	56600000	56800000	0.010119665800206535	0.8843661843689475	0.48100090763553843	-0.17284405921105048
chrZ_pat	56800000	57000000	0.009281980831375932	0.2563284433403266	0.2759689917594183	-0.3141123448126008
chrZ_pat	57000000	57200000	0.007820060730467815	-0.8441995860938082	0.2194798511303648	-0.5112960680740698
chrZ_pat	57200000	57400000	0.007980726884421002	-0.9812444830445253	0.18794133500043608	-0.4846849108599565
chrZ_pat	57400000	57600000	0.008068445938708464	-0.6339657313653466	0.12426385130705296	-0.40248062800448225
chrZ_pat	57600000	57800000	0.007922465517025048	-0.5840268725320358	0.22627659446581871	-0.41999535749559436
chrZ_pat	57800000	58000000	0.010624796445115436	0.7909933909235937	0.40499683643397966	-0.10948403969121137
chrZ_pat	58000000	58200000	0.010601210966120784	0.7868596180352376	0.354035067109797	-0.09084602442875088
chrZ_pat	58200000	58400000	0.00847333769632574	-0.09571221266759161	0.14637164253896895	-0.23653170785325567
chrZ_pat	58400000	58600000	0.009312626510232456	0.028671216407969446	0.016609481867759766	-0.19371363618062956
chrZ_pat	58600000	58800000	0.006881684590453098	-0.9338785696838123	0.12149406044295769	-0.5061178699496638
chrZ_pat	58800000	59000000	0.007424588895528832	-0.9463219573806749	0.09451543494854575	-0.44170535244647896
chrZ_pat	59000000	59200000	0.008556098966286098	-0.458821883362525	0.031436052301831836	-0.30542328295277577
chrZ_pat	59200000	59400000	0.009128160757995466	-0.6119470139124308	0.11446752970427429	-0.3549890485544184
chrZ_pat	59400000	59600000	0.010360269768172939	0.08442553016959556	0.04436221161975102	-0.2549185874878007
chrZ_pat	59600000	59800000	0.006849726192962118	-1.1325152925160338	0.15444262164432196	-0.4572117838704278
chrZ_pat	59800000	60000000	0.008492005266527937	-0.5114525338441133	0.1494155196863254	-0.31309850379320886
chrZ_pat	60000000	60200000	0.011255399083106308	0.7627157845972311	0.34986970958236513	-0.17398213155548004
chrZ_pat	60200000	60400000	0.010831494952592472	0.873202606385739	0.3494744268905669	-0.18804983073847653
chrZ_pat	60400000	60600000	0.007190944968112564	-0.7759007996219991	0.17991348009174446	-0.2721459141514813
chrZ_pat	60600000	60800000	0.009492114541431791	-0.0005666534086599783	0.14480118438524908	-0.24696529266904751
chrZ_pat	60800000	61000000	0.010420746503902945	0.8686790118014335	0.44732917291506596	-0.13178029204322875
chrZ_pat	61000000	61200000	0.010434659907512567	0.8106630627796932	0.31944237703280365	-0.06229415902637833
chrZ_pat	61200000	61400000	0.009613509934632341	0.49329195819043176	0.20990221888649616	-0.04485391003204491
chrZ_pat	61400000	61600000	0.010498499785469555	1.1019663431166986	0.47973323463851714	-0.016713249798796685
chrZ_pat	61600000	61800000	0.010461597283254593	0.8510645769845591	0.3462059035758306	-0.12893662018612062
chrZ_pat	61800000	62000000	0.008235878865323072	-0.6094988819270585	0.13116605252069155	-0.13392433440110946
chrZ_pat	62000000	62200000	0.01096774179906694	0.8861145347188539	0.3004359644019155	-0.043357072399642246
chrZ_pat	62200000	62400000	0.011397855343536328	0.7846150398090621	0.2243339212665405	-0.00605531228178794
chrZ_pat	62400000	62600000	0.008004943685009015	-0.7912284432993894	0.014487387992760704	-0.21274272820544127
chrZ_pat	62600000	62800000	0.008325192808322402	-0.9289574710492277	0.0962376640149933	-0.05792968253131802
chrZ_pat	62800000	63000000	0.01050541963282713	-0.23133578186891535	0.028203738141894034	-0.09271222686841422
chrZ_pat	63000000	63200000	0.0116678128092729	-0.12092537936747397	0.19027527389548526	-0.25191276799706225
chrZ_pat	63200000	63400000				
chrZ_pat	63400000	63600000				
chrZ_pat	63600000	63800000				
chrZ_pat	63800000	64000000	0.016004543706392423	0.5052136342586523	0.3564794912720323	-0.10883299662442199
chrZ_pat	64000000	64200000	0.010182537478287526	-0.3131590157289192	0.17659254186679177	-0.1879400131844903
chrZ_pat	64200000	64400000	0.007967061619650353	-0.7466826579573057	0.21200179708253322	-0.12126509990999075
chrZ_pat	64400000	64600000	0.010104927703126603	0.3847140512496307	0.2440054966849009	-0.0581695850308211
chrZ_pat	64600000	64800000	0.010468418583855912	-0.6109653557141247	0.1494334547332737	-0.28101505155644946
chrZ_pat	64800000	65000000				
chrZ_pat	65000000	65200000	0.008200924136853934	-0.941973741700883	0.167351337912472	-0.2471095539337132
chrZ_pat	65200000	65400000	0.008789822569208024	-0.8125672839925476	0.14003185391704542	-0.10620464651665944
chrZ_pat	65400000	65600000	0.009339140492779001	-0.496097227537108	0.12598340932812965	-0.1639391044381724
chrZ_pat	65600000	65800000	0.009741046601442692	-0.16387530172550466	0.1464131998828802	-0.16783394100166563
chrZ_pat	65800000	66000000	0.011350289656215052	0.5790372441704814	0.423142480638878	-0.05087595951596526
chrZ_pat	66000000	66200000	0.00666357446344814	-1.106276958704533	0.24575160476583835	-0.3267872277765424
chrZ_pat	66200000	66400000	0.007992603714357569	-0.8806393257932845	0.1100182369066254	-0.1975096634165875
chrZ_pat	66400000	66600000	0.008848097389518918	-0.2447672213124445	0.2022379399493072	-0.09256928177775081
chrZ_pat	66600000	66800000	0.011057020274189613	0.5217918189862786	0.30850609603930235	-0.08146713623545881
chrZ_pat	66800000	67000000	0.00831787145037711	-0.566734674040843	0.22054412224076395	-0.11903926185213849
chrZ_pat	67000000	67200000	0.008412748529040592	-0.6188506047404975	0.19832618173578015	-0.12529151110843376
chrZ_pat	67200000	67400000	0.007861424077269313	-0.7311029765232624	0.1731963245238929	-0.1265959544819559
chrZ_pat	67400000	67600000	0.008771442740299869	-0.5506869776289185	0.23196700025355568	-0.1679171645756736
chrZ_pat	67600000	67800000	0.011081186463587436	0.008579677051836945	0.2597925907207218	-0.0474140897027595
chrZ_pat	67800000	68000000	0.007533931948868669	-0.9757061431154965	0.23675484845162267	-0.054164281821107274
chrZ_pat	68000000	68200000	0.012887364759978455	0.44191431070745785	0.47901195476417324	-0.022300750823566366
chrZ_pat	68200000	68400000	0.012304940084903689	0.654518087986469	0.5400239194660523	0.027034527782555436
chrZ_pat	68400000	68600000	0.007256124860898709	-0.9623185204388406	0.31667810562863885	-0.048930947993092604
chrZ_pat	68600000	68800000	0.009645186544184024	-0.18849244089349948	0.25768766229651396	-0.06899754521636271
chrZ_pat	68800000	69000000	0.00807622022079036	-0.6516085580605879	0.2910295063753415	-0.13789113354050148
chrZ_pat	69000000	69200000	0.01006313155993884	0.30835187731658675	0.3004012260096252	-0.17549577534776317
chrZ_pat	69200000	69400000	0.006890117317412424	-1.0329266838172377	0.2351778927226913	-0.30786604200560913
chrZ_pat	69400000	69600000	0.006712242739510092	-1.2591760487236925	0.20970761996815096	-0.1288763043266268
chrZ_pat	69600000	69800000	0.007219834088994065	-0.9211771474709122	0.12025667400360189	-0.21846964580870282
chrZ_pat	69800000	70000000	0.007668193709262193	-0.7024840910122038	0.20582214057378945	-0.15461856227065057
chrZ_pat	70000000	70200000	0.008460918615449467	-0.708076778097323	0.2266508610899202	-0.1053435148255338
chrZ_pat	70200000	70400000	0.009961435108279515	0.4606589308549035	0.5553076708434356	-0.06108034725773587
chrZ_pat	70400000	70600000	0.011051495059679959	0.9234046659328702	0.7755872737336457	0.03851015817026816
chrZ_pat	70600000	70800000	0.010128333307659772	1.098868865574622	0.6389655491523656	0.008791981600460852
chrZ_pat	70800000	71000000	0.010192578658217362	1.0351266744524943	0.7503796165016909	-0.04854222476257062
chrZ_pat	71000000	71200000	0.010227349302106338	0.9896748185298816	0.6366805054884213	-0.10979001762577759
chrZ_pat	71200000	71400000	0.009883268933170888	0.9716441869290512	0.637598289938032	-0.04729911381652633
chrZ_pat	71400000	71600000	0.00973243455027901	0.9848701139179302	0.6234985309394869	-0.09862080268608608
chrZ_pat	71600000	71800000	0.009937055676911834	0.9542015715719825	0.6684001859564169	-0.15119421085433435
chrZ_pat	71800000	72000000	0.01027389566604782	1.0052483950205098	0.7278573709722286	-0.03934982786908628
chrZ_pat	72000000	72200000	0.01062453586465325	1.034686811380541	0.6650098205654728	0.001547263579147589
chrZ_pat	72200000	72400000	0.01054340712414494	1.0537795284222942	0.6802809005576678	-0.0596856945839654
chrZ_pat	72400000	72600000	0.010757858521841104	1.0278700810454746	0.6504285333998813	0.02599303247890593
chrZ_pat	72600000	72800000	0.01046580059433207	0.9303577882989921	0.6371346192073644	-0.07566008162132343
chrZ_pat	72800000	73000000	0.009987145298226651	0.5933122401621906	0.3821184825575904	-0.022079661925472886
chrZ_pat	73000000	73200000	0.008793278098583334	-0.44026100855412487	0.23630349091149136	0.05241342813085787
chrZ_pat	73200000	73400000	0.009084152305504573	0.2005923682147219	0.26480559493571904	-0.121643486186257
chrZ_pat	73400000	73600000	0.0074276266179715885	-0.8055693612526489	0.3806713185300466	0.1343213779599755
chrZ_pat	73600000	73800000	0.009006057367101142	0.12177478430210296	0.4814396641197398	0.01778889511011135
chrZ_pat	73800000	74000000	0.010738113407423462	0.9495816358332154	0.7646438437670261	-0.07679510361489211
chrZ_pat	74000000	74200000	0.010852548807514042	1.0741682492031743	0.7505879376115321	-0.07703773880334781
chrZ_pat	74200000	74400000	0.01010621928197342	0.8664250856512998	0.5978703728415022	0.0026364223534860627
chrZ_pat	74400000	74600000	0.010411412908883436	1.0211277733604884	0.7162243612737376	-0.049825966298709265
chrZ_pat	74600000	74800000	0.010458843989167734	1.072540309472131	0.7856948274896927	-0.004517540458617789
chrZ_pat	74800000	75000000	0.010428471823399914	0.8054831796156213	0.6096866854650169	0.03569831762502843
chrZ_pat	75000000	75200000	0.007504923820480218	-0.7924771320427844	0.43026630555324724	0.261268787899019
chrZ_pat	75200000	75400000	0.009285284264881866	0.03235185058445275	0.3643388145931819	0.11772655142874168
chrZ_pat	75400000	75600000	0.01080433307908424	0.4479406185983689	0.5781149020554534	0.08328885079721367
chrZ_pat	75600000	75800000	0.008549700573915254	-0.8140708728547718	0.2791614878834575	0.4167828833104337
chrZ_pat	75800000	76000000	0.008198585116587722	-1.2692583862573308	0.44172745052568557	0.4774751037680258
chrZ_pat	76000000	76200000	0.013100440989833645	0.42654848044189053	0.5291048317486965	0.2805920941960181
chrZ_pat	76200000	76400000	0.018213430023007546	1.0935536245451285	0.5999426252592627	0.16155909280434896
chrZ_pat	76400000	76600000				
chrZ_pat	76600000	76800000	0.006092099421582441	0.8575315169350395	0.7113079386153445	0.22804964063970434
chrZ_pat	76800000	77000000	0.004043380897494701	0.9415674681963879	0.7410091956454402	0.23279709454881953
chrZ_pat	77000000	77200000	0.014549317321670507	0.3677967438906314	0.4752335771826668	0.014310256447668614
chrZ_pat	77200000	77400000	0.007886850359164917	-1.0804284404838314	0.4423179470520395	0.05023035118717728
chrZ_pat	77400000	77600000	0.011254393559048254	0.13079820057603142	0.43254718596566855	-0.2856980262524772
chrZ_pat	77600000	77800000	0.009259877538871317	-0.40179689320660167	0.31318827776592795	-0.25244147549704155
chrZ_pat	77800000	78000000	0.009410456813150558	-0.6011851675849098	0.4429071663648976	-0.18725248635399697
chrZ_pat	78000000	78200000	0.011224725258283195	0.619078144976942	0.6296542099199226	-0.26759921967771416
chrZ_pat	78200000	78400000	0.01159892269289973	0.5125430893775798	0.6706370943147272	-0.42230771387490407
chrZ_pat	78400000	78600000	0.008604891720984253	-0.31551675844726484	0.43135354832156275	-0.34453653754305397
chrZ_pat	78600000	78800000	0.009082146527951506	-0.12762630549372225	0.3178456376344162	-0.5293964294739074
chrZ_pat	78800000	79000000	0.008410053269136861	-0.4996835434036063	0.22457673632563546	-0.41151898508810797
chrZ_pat	79000000	79200000	0.00867400965119653	-0.5959651841096136	0.2789743750673632	-0.4087488246394549
chrZ_pat	79200000	79400000	0.00962804065826905	0.5139833589154339	0.6567246147574264	-0.5101796801136481
chrZ_pat	79400000	79600000	0.010623748938399303	0.9128962804784125	0.9379955914346086	-0.4309859656392249
chrZ_pat	79600000	79800000	0.010870512718818082	1.0095966324869794	0.9247280101830162	-0.4373324844267886
chrZ_pat	79800000	80000000	0.01183496176840691	1.0200896054121393	1.0178798238601428	-0.33366462662876006
chrZ_pat	80000000	80200000	0.011373585835511912	1.0329859653539228	1.0588533802910636	-0.39080153637272635
chrZ_pat	80200000	80400000	0.012252218971142056	0.9436086623580573	1.059091451586901	-0.27169729687735045
chrZ_pat	80400000	80600000	0.010672803998465919	-0.15167655986639636	0.6437176075170179	0.07885871699447529
chrZ_pat	80600000	80800000	0.009829050715322467	-0.4790489325629775	0.6347737722761058	0.17729065718320533
chrZ_pat	80800000	81000000	0.011985336973674012	0.13225875180137867	0.6968765262130664	-0.004022828203436977
chrZ_pat	81000000	81200000	0.007836578918897065	-1.4178695742860392	0.5021729961747556	0.5783441574684517
chrZ_pat	81200000	81400000	0.010663465626787643	-0.8262358821331899	0.5813760447741128	0.47690795926596496
chrZ_pat	81400000	81600000	0.010808503033255493	-0.4224621808342233	0.5452345112532636	0.2667452893008428
chrZ_pat	81600000	81800000	0.00828842760406547	-1.3686705985447047	0.49562535529403057	0.38772868773450064
chrZ_pat	81800000	82000000	0.011136487664986408	-0.7494148335217898	0.5540479213907731	0.44086408452196624
chrZ_pat	82000000	82200000	0.010365803012312155	-0.3058387765589971	0.6163021255456361	0.3544596232258157
chrZ_pat	82200000	82218670				
