chrom	start	end	weight
chr1_mat	0	200000	
chr1_mat	200000	400000	
chr1_mat	400000	600000	0.00587071
chr1_mat	600000	800000	0.00458839
chr1_mat	800000	1000000	0.00629787
chr1_mat	1000000	1200000	0.00458588
chr1_mat	1200000	1400000	0.00721882
chr1_mat	1400000	1600000	0.00703226
chr1_mat	1600000	1800000	0.00674891
chr1_mat	1800000	2000000	0.00685978
chr1_mat	2000000	2200000	0.0067637
chr1_mat	2200000	2400000	0.00666965
chr1_mat	2400000	2600000	0.00651321
chr1_mat	2600000	2800000	0.00641584
chr1_mat	2800000	3000000	0.00486884
chr1_mat	3000000	3200000	0.00542477
chr1_mat	3200000	3400000	0.00630561
chr1_mat	3400000	3600000	0.00714811
chr1_mat	3600000	3800000	0.0068245
chr1_mat	3800000	4000000	0.00714747
chr1_mat	4000000	4200000	0.00609893
chr1_mat	4200000	4400000	0.00450587
chr1_mat	4400000	4600000	0.00482987
chr1_mat	4600000	4800000	0.00586948
chr1_mat	4800000	5000000	0.00553677
chr1_mat	5000000	5200000	0.00519167
chr1_mat	5200000	5400000	0.00595202
chr1_mat	5400000	5600000	0.00511708
chr1_mat	5600000	5800000	0.00634809
chr1_mat	5800000	6000000	0.00637143
chr1_mat	6000000	6200000	0.00632977
chr1_mat	6200000	6400000	0.0062514
chr1_mat	6400000	6600000	0.00610633
chr1_mat	6600000	6800000	0.00623427
chr1_mat	6800000	7000000	0.00606913
chr1_mat	7000000	7200000	0.00604166
chr1_mat	7200000	7400000	0.00618833
chr1_mat	7400000	7600000	0.00605627
chr1_mat	7600000	7800000	0.00631974
chr1_mat	7800000	8000000	0.00687005
chr1_mat	8000000	8200000	0.00640185
chr1_mat	8200000	8400000	0.00631993
chr1_mat	8400000	8600000	0.00606545
chr1_mat	8600000	8800000	0.00654515
chr1_mat	8800000	9000000	0.00622918
chr1_mat	9000000	9200000	0.00580163
chr1_mat	9200000	9400000	0.00640807
chr1_mat	9400000	9600000	0.00625876
chr1_mat	9600000	9800000	0.00610413
chr1_mat	9800000	10000000	0.0060074
chr1_mat	10000000	10200000	0.00657769
chr1_mat	10200000	10400000	0.006399
chr1_mat	10400000	10600000	0.00655153
chr1_mat	10600000	10800000	0.00646321
chr1_mat	10800000	11000000	0.00634665
chr1_mat	11000000	11200000	0.00625647
chr1_mat	11200000	11400000	0.00628172
chr1_mat	11400000	11600000	0.0059654
chr1_mat	11600000	11800000	0.00638213
chr1_mat	11800000	12000000	0.0061072
chr1_mat	12000000	12200000	0.00634618
chr1_mat	12200000	12400000	0.00622591
chr1_mat	12400000	12600000	0.00648028
chr1_mat	12600000	12800000	0.00661766
chr1_mat	12800000	13000000	0.00634597
chr1_mat	13000000	13200000	0.00640034
chr1_mat	13200000	13400000	0.0064348
chr1_mat	13400000	13600000	0.00670368
chr1_mat	13600000	13800000	0.00691216
chr1_mat	13800000	14000000	0.00644396
chr1_mat	14000000	14200000	0.00598693
chr1_mat	14200000	14400000	0.00594117
chr1_mat	14400000	14600000	0.00824479
chr1_mat	14600000	14800000	0.00797766
chr1_mat	14800000	15000000	0.00505191
chr1_mat	15000000	15200000	0.00481273
chr1_mat	15200000	15400000	0.00466116
chr1_mat	15400000	15600000	0.0063442
chr1_mat	15600000	15800000	0.00706761
chr1_mat	15800000	16000000	0.00690133
chr1_mat	16000000	16200000	0.00666767
chr1_mat	16200000	16400000	0.00681049
chr1_mat	16400000	16600000	0.00566525
chr1_mat	16600000	16800000	0.00688864
chr1_mat	16800000	17000000	0.00705696
chr1_mat	17000000	17200000	0.0071101
chr1_mat	17200000	17400000	0.00496498
chr1_mat	17400000	17600000	0.00694616
chr1_mat	17600000	17800000	0.00702254
chr1_mat	17800000	18000000	0.00713021
chr1_mat	18000000	18200000	0.0052416
chr1_mat	18200000	18400000	0.00532329
chr1_mat	18400000	18600000	0.00436213
chr1_mat	18600000	18800000	0.0059528
chr1_mat	18800000	19000000	0.00837965
chr1_mat	19000000	19200000	0.00665687
chr1_mat	19200000	19400000	0.0050316
chr1_mat	19400000	19600000	0.00515141
chr1_mat	19600000	19800000	0.0114757
chr1_mat	19800000	20000000	
chr1_mat	20000000	20200000	
chr1_mat	20200000	20400000	
chr1_mat	20400000	20600000	
chr1_mat	20600000	20800000	
chr1_mat	20800000	21000000	0.00768587
chr1_mat	21000000	21200000	0.00721797
chr1_mat	21200000	21400000	0.00557035
chr1_mat	21400000	21600000	0.0071178
chr1_mat	21600000	21800000	0.00580436
chr1_mat	21800000	22000000	0.00553266
chr1_mat	22000000	22200000	0.0058094
chr1_mat	22200000	22400000	0.00605198
chr1_mat	22400000	22600000	0.00701554
chr1_mat	22600000	22800000	0.00704586
chr1_mat	22800000	23000000	0.00588887
chr1_mat	23000000	23200000	0.0079395
chr1_mat	23200000	23400000	0.00804431
chr1_mat	23400000	23600000	0.00836247
chr1_mat	23600000	23800000	0.00740289
chr1_mat	23800000	24000000	0.00777524
chr1_mat	24000000	24200000	0.00794064
chr1_mat	24200000	24400000	0.00782544
chr1_mat	24400000	24600000	0.00850248
chr1_mat	24600000	24800000	0.00788538
chr1_mat	24800000	25000000	0.00574271
chr1_mat	25000000	25200000	0.00716805
chr1_mat	25200000	25400000	0.0066603
chr1_mat	25400000	25600000	0.00476646
chr1_mat	25600000	25800000	0.00617665
chr1_mat	25800000	26000000	0.0064284
chr1_mat	26000000	26200000	0.00616229
chr1_mat	26200000	26400000	0.00516499
chr1_mat	26400000	26600000	
chr1_mat	26600000	26800000	
chr1_mat	26800000	27000000	0.00778206
chr1_mat	27000000	27200000	0.00729039
chr1_mat	27200000	27400000	0.00669187
chr1_mat	27400000	27600000	0.00618907
chr1_mat	27600000	27800000	0.00530505
chr1_mat	27800000	28000000	0.00490456
chr1_mat	28000000	28200000	0.0050685
chr1_mat	28200000	28400000	0.00531109
chr1_mat	28400000	28600000	0.00693275
chr1_mat	28600000	28800000	0.00614789
chr1_mat	28800000	29000000	0.00493254
chr1_mat	29000000	29200000	0.00723382
chr1_mat	29200000	29400000	0.00598721
chr1_mat	29400000	29600000	0.00637213
chr1_mat	29600000	29800000	0.00491709
chr1_mat	29800000	30000000	0.00722012
chr1_mat	30000000	30200000	0.00681075
chr1_mat	30200000	30400000	0.00732046
chr1_mat	30400000	30600000	0.00735397
chr1_mat	30600000	30800000	0.00643284
chr1_mat	30800000	31000000	0.0054196
chr1_mat	31000000	31200000	0.00576994
chr1_mat	31200000	31400000	0.00710993
chr1_mat	31400000	31600000	0.00726747
chr1_mat	31600000	31800000	0.00701935
chr1_mat	31800000	32000000	0.00666936
chr1_mat	32000000	32200000	0.00645112
chr1_mat	32200000	32400000	0.00617126
chr1_mat	32400000	32600000	0.0064305
chr1_mat	32600000	32800000	0.00633685
chr1_mat	32800000	33000000	0.0063389
chr1_mat	33000000	33200000	0.00629628
chr1_mat	33200000	33400000	0.00544638
chr1_mat	33400000	33600000	0.00455453
chr1_mat	33600000	33800000	0.0066552
chr1_mat	33800000	34000000	0.00684214
chr1_mat	34000000	34200000	0.00641924
chr1_mat	34200000	34400000	0.00650497
chr1_mat	34400000	34600000	0.00682111
chr1_mat	34600000	34800000	0.00456131
chr1_mat	34800000	35000000	0.00713769
chr1_mat	35000000	35200000	0.00663493
chr1_mat	35200000	35400000	0.00643896
chr1_mat	35400000	35600000	0.00654499
chr1_mat	35600000	35800000	0.00644518
chr1_mat	35800000	36000000	0.00644689
chr1_mat	36000000	36200000	0.00586092
chr1_mat	36200000	36400000	0.00636052
chr1_mat	36400000	36600000	0.0067127
chr1_mat	36600000	36800000	0.00679637
chr1_mat	36800000	37000000	0.00722229
chr1_mat	37000000	37200000	0.00735585
chr1_mat	37200000	37400000	0.00678146
chr1_mat	37400000	37600000	0.00650568
chr1_mat	37600000	37800000	0.00492422
chr1_mat	37800000	38000000	0.00632035
chr1_mat	38000000	38200000	0.00687431
chr1_mat	38200000	38400000	0.00601654
chr1_mat	38400000	38600000	0.00712959
chr1_mat	38600000	38800000	0.0064052
chr1_mat	38800000	39000000	0.00640296
chr1_mat	39000000	39200000	0.00614066
chr1_mat	39200000	39400000	0.00593623
chr1_mat	39400000	39600000	0.00619551
chr1_mat	39600000	39800000	0.00607737
chr1_mat	39800000	40000000	0.00637174
chr1_mat	40000000	40200000	0.00602925
chr1_mat	40200000	40400000	0.00622058
chr1_mat	40400000	40600000	0.00681242
chr1_mat	40600000	40800000	0.00622044
chr1_mat	40800000	41000000	0.00556425
chr1_mat	41000000	41200000	0.00544301
chr1_mat	41200000	41400000	0.0065957
chr1_mat	41400000	41600000	0.00681485
chr1_mat	41600000	41800000	0.00656571
chr1_mat	41800000	42000000	0.00669061
chr1_mat	42000000	42200000	0.00657153
chr1_mat	42200000	42400000	0.00665158
chr1_mat	42400000	42600000	0.007201
chr1_mat	42600000	42800000	0.00591092
chr1_mat	42800000	43000000	0.00523467
chr1_mat	43000000	43200000	0.00615386
chr1_mat	43200000	43400000	0.0067013
chr1_mat	43400000	43600000	0.00729479
chr1_mat	43600000	43800000	0.00618242
chr1_mat	43800000	44000000	0.00634914
chr1_mat	44000000	44200000	0.00618907
chr1_mat	44200000	44400000	0.00606012
chr1_mat	44400000	44600000	0.00626296
chr1_mat	44600000	44800000	0.00590492
chr1_mat	44800000	45000000	0.00609306
chr1_mat	45000000	45200000	0.00602819
chr1_mat	45200000	45400000	0.00626414
chr1_mat	45400000	45600000	0.00606473
chr1_mat	45600000	45800000	0.00624076
chr1_mat	45800000	46000000	0.00653186
chr1_mat	46000000	46200000	0.00611527
chr1_mat	46200000	46400000	0.00480527
chr1_mat	46400000	46600000	0.00614073
chr1_mat	46600000	46800000	0.00657634
chr1_mat	46800000	47000000	0.0066025
chr1_mat	47000000	47200000	0.0068848
chr1_mat	47200000	47400000	0.00587533
chr1_mat	47400000	47600000	0.00431208
chr1_mat	47600000	47800000	0.0072116
chr1_mat	47800000	48000000	0.00614001
chr1_mat	48000000	48200000	0.0047976
chr1_mat	48200000	48400000	0.00657817
chr1_mat	48400000	48600000	0.00687208
chr1_mat	48600000	48800000	0.00694476
chr1_mat	48800000	49000000	0.00669436
chr1_mat	49000000	49200000	0.00520632
chr1_mat	49200000	49400000	0.00619148
chr1_mat	49400000	49600000	0.00609158
chr1_mat	49600000	49800000	0.00607866
chr1_mat	49800000	50000000	0.00612427
chr1_mat	50000000	50200000	0.00602464
chr1_mat	50200000	50400000	0.00635076
chr1_mat	50400000	50600000	0.00635754
chr1_mat	50600000	50800000	0.00603939
chr1_mat	50800000	51000000	0.00606777
chr1_mat	51000000	51200000	0.00600259
chr1_mat	51200000	51400000	0.00623789
chr1_mat	51400000	51600000	0.00631951
chr1_mat	51600000	51800000	0.00635185
chr1_mat	51800000	52000000	0.00635173
chr1_mat	52000000	52200000	0.00614955
chr1_mat	52200000	52400000	0.00609353
chr1_mat	52400000	52600000	0.00626895
chr1_mat	52600000	52800000	0.00609796
chr1_mat	52800000	53000000	0.0065143
chr1_mat	53000000	53200000	0.0059732
chr1_mat	53200000	53400000	0.00621688
chr1_mat	53400000	53600000	0.00593381
chr1_mat	53600000	53800000	0.00655829
chr1_mat	53800000	54000000	0.00615292
chr1_mat	54000000	54200000	0.00652028
chr1_mat	54200000	54400000	0.00646321
chr1_mat	54400000	54600000	0.00574465
chr1_mat	54600000	54800000	0.00611285
chr1_mat	54800000	55000000	0.00645352
chr1_mat	55000000	55200000	0.00623921
chr1_mat	55200000	55400000	0.00629126
chr1_mat	55400000	55600000	0.00610127
chr1_mat	55600000	55800000	0.00616254
chr1_mat	55800000	56000000	0.0064056
chr1_mat	56000000	56200000	0.00585331
chr1_mat	56200000	56400000	0.0060627
chr1_mat	56400000	56600000	0.00614279
chr1_mat	56600000	56800000	0.00601
chr1_mat	56800000	57000000	0.00636273
chr1_mat	57000000	57200000	0.00633641
chr1_mat	57200000	57400000	0.00689129
chr1_mat	57400000	57600000	0.00691837
chr1_mat	57600000	57800000	0.00425252
chr1_mat	57800000	58000000	0.00558561
chr1_mat	58000000	58200000	0.00616201
chr1_mat	58200000	58400000	0.00595883
chr1_mat	58400000	58600000	0.00710814
chr1_mat	58600000	58800000	0.00671392
chr1_mat	58800000	59000000	0.00718148
chr1_mat	59000000	59200000	0.0067407
chr1_mat	59200000	59400000	0.00477123
chr1_mat	59400000	59600000	0.00561542
chr1_mat	59600000	59800000	0.00548437
chr1_mat	59800000	60000000	0.00547697
chr1_mat	60000000	60200000	0.00568181
chr1_mat	60200000	60400000	0.00627278
chr1_mat	60400000	60600000	0.00485225
chr1_mat	60600000	60800000	0.00566943
chr1_mat	60800000	61000000	0.00493467
chr1_mat	61000000	61200000	0.00482299
chr1_mat	61200000	61400000	0.00454385
chr1_mat	61400000	61600000	0.00671798
chr1_mat	61600000	61800000	0.00602845
chr1_mat	61800000	62000000	0.00608673
chr1_mat	62000000	62200000	0.00683005
chr1_mat	62200000	62400000	0.00551146
chr1_mat	62400000	62600000	0.0064928
chr1_mat	62600000	62800000	0.00556357
chr1_mat	62800000	63000000	0.00683215
chr1_mat	63000000	63200000	0.00680627
chr1_mat	63200000	63400000	0.00664134
chr1_mat	63400000	63600000	0.00618749
chr1_mat	63600000	63800000	0.00614127
chr1_mat	63800000	64000000	0.00638586
chr1_mat	64000000	64200000	0.00511142
chr1_mat	64200000	64400000	0.00632079
chr1_mat	64400000	64600000	0.00643887
chr1_mat	64600000	64800000	0.00639844
chr1_mat	64800000	65000000	0.00602292
chr1_mat	65000000	65200000	0.0060389
chr1_mat	65200000	65400000	0.00641323
chr1_mat	65400000	65600000	0.00636495
chr1_mat	65600000	65800000	0.00631248
chr1_mat	65800000	66000000	0.00670991
chr1_mat	66000000	66200000	0.00482576
chr1_mat	66200000	66400000	0.00637185
chr1_mat	66400000	66600000	0.00630052
chr1_mat	66600000	66800000	0.00581766
chr1_mat	66800000	67000000	0.0065481
chr1_mat	67000000	67200000	0.00592048
chr1_mat	67200000	67400000	0.00558578
chr1_mat	67400000	67600000	0.0052838
chr1_mat	67600000	67800000	0.00665501
chr1_mat	67800000	68000000	0.0055744
chr1_mat	68000000	68200000	0.00783366
chr1_mat	68200000	68400000	0.00508173
chr1_mat	68400000	68600000	0.00691077
chr1_mat	68600000	68800000	0.00548712
chr1_mat	68800000	69000000	0.00677744
chr1_mat	69000000	69200000	0.00582844
chr1_mat	69200000	69400000	0.00600275
chr1_mat	69400000	69600000	0.00660495
chr1_mat	69600000	69800000	0.00662114
chr1_mat	69800000	70000000	0.00616133
chr1_mat	70000000	70200000	0.00482507
chr1_mat	70200000	70400000	0.00545592
chr1_mat	70400000	70600000	0.00614152
chr1_mat	70600000	70800000	0.00514752
chr1_mat	70800000	71000000	0.00583443
chr1_mat	71000000	71200000	0.00539427
chr1_mat	71200000	71400000	0.00665921
chr1_mat	71400000	71600000	0.00613517
chr1_mat	71600000	71800000	0.00608679
chr1_mat	71800000	72000000	0.00587056
chr1_mat	72000000	72200000	0.00595177
chr1_mat	72200000	72400000	0.00577228
chr1_mat	72400000	72600000	0.00594242
chr1_mat	72600000	72800000	0.00594406
chr1_mat	72800000	73000000	0.00572604
chr1_mat	73000000	73200000	0.00581921
chr1_mat	73200000	73400000	0.00557392
chr1_mat	73400000	73600000	0.00549333
chr1_mat	73600000	73800000	0.00592192
chr1_mat	73800000	74000000	0.00585224
chr1_mat	74000000	74200000	0.00596164
chr1_mat	74200000	74400000	0.00613548
chr1_mat	74400000	74600000	0.00624384
chr1_mat	74600000	74800000	0.00639788
chr1_mat	74800000	75000000	0.00524229
chr1_mat	75000000	75200000	0.00626399
chr1_mat	75200000	75400000	0.00560613
chr1_mat	75400000	75600000	0.00564111
chr1_mat	75600000	75800000	0.00661791
chr1_mat	75800000	76000000	0.00632618
chr1_mat	76000000	76200000	0.00646679
chr1_mat	76200000	76400000	0.00598788
chr1_mat	76400000	76600000	0.0064775
chr1_mat	76600000	76800000	0.0054559
chr1_mat	76800000	77000000	0.00576694
chr1_mat	77000000	77200000	0.00724651
chr1_mat	77200000	77400000	0.00621724
chr1_mat	77400000	77600000	0.00635431
chr1_mat	77600000	77800000	0.0061805
chr1_mat	77800000	78000000	0.00618165
chr1_mat	78000000	78200000	0.00644346
chr1_mat	78200000	78400000	0.006348
chr1_mat	78400000	78600000	0.00501095
chr1_mat	78600000	78800000	0.00582845
chr1_mat	78800000	79000000	0.00590657
chr1_mat	79000000	79200000	0.00590752
chr1_mat	79200000	79400000	0.00571569
chr1_mat	79400000	79600000	0.00570189
chr1_mat	79600000	79800000	0.00578254
chr1_mat	79800000	80000000	0.00596402
chr1_mat	80000000	80200000	0.00582532
chr1_mat	80200000	80400000	0.00553026
chr1_mat	80400000	80600000	0.00576294
chr1_mat	80600000	80800000	0.00607433
chr1_mat	80800000	81000000	0.00585592
chr1_mat	81000000	81200000	0.00558425
chr1_mat	81200000	81400000	0.00612015
chr1_mat	81400000	81600000	0.00610861
chr1_mat	81600000	81800000	0.00493357
chr1_mat	81800000	82000000	0.00593246
chr1_mat	82000000	82200000	0.00608826
chr1_mat	82200000	82400000	0.00660486
chr1_mat	82400000	82600000	0.00610073
chr1_mat	82600000	82800000	0.0056928
chr1_mat	82800000	83000000	0.00465265
chr1_mat	83000000	83200000	0.00454839
chr1_mat	83200000	83400000	0.00587797
chr1_mat	83400000	83600000	0.00659961
chr1_mat	83600000	83800000	0.00640449
chr1_mat	83800000	84000000	0.00654779
chr1_mat	84000000	84200000	0.00658595
chr1_mat	84200000	84400000	0.00661848
chr1_mat	84400000	84600000	0.00550738
chr1_mat	84600000	84800000	0.00493562
chr1_mat	84800000	85000000	0.0047769
chr1_mat	85000000	85200000	0.00459066
chr1_mat	85200000	85400000	0.00564066
chr1_mat	85400000	85600000	0.0069328
chr1_mat	85600000	85800000	0.00596521
chr1_mat	85800000	86000000	0.00618182
chr1_mat	86000000	86200000	0.00570875
chr1_mat	86200000	86400000	0.0062409
chr1_mat	86400000	86600000	0.00620285
chr1_mat	86600000	86800000	0.00570409
chr1_mat	86800000	87000000	0.00589047
chr1_mat	87000000	87200000	0.00582061
chr1_mat	87200000	87400000	0.00591196
chr1_mat	87400000	87600000	0.00634142
chr1_mat	87600000	87800000	0.00515566
chr1_mat	87800000	88000000	0.00585709
chr1_mat	88000000	88200000	0.00820626
chr1_mat	88200000	88400000	0.00643949
chr1_mat	88400000	88600000	0.00631457
chr1_mat	88600000	88800000	0.0060113
chr1_mat	88800000	89000000	0.0044118
chr1_mat	89000000	89200000	0.00679412
chr1_mat	89200000	89400000	0.00679363
chr1_mat	89400000	89600000	0.00540188
chr1_mat	89600000	89800000	0.00643275
chr1_mat	89800000	90000000	0.00464248
chr1_mat	90000000	90200000	0.00440674
chr1_mat	90200000	90400000	0.00637065
chr1_mat	90400000	90600000	0.00579887
chr1_mat	90600000	90800000	0.00656602
chr1_mat	90800000	91000000	0.00607155
chr1_mat	91000000	91200000	0.00609452
chr1_mat	91200000	91400000	0.00477086
chr1_mat	91400000	91600000	0.00565452
chr1_mat	91600000	91800000	0.0062831
chr1_mat	91800000	92000000	0.00618699
chr1_mat	92000000	92200000	0.00604518
chr1_mat	92200000	92400000	0.00559901
chr1_mat	92400000	92600000	0.00571304
chr1_mat	92600000	92800000	0.00561122
chr1_mat	92800000	93000000	0.00557318
chr1_mat	93000000	93200000	0.00586216
chr1_mat	93200000	93400000	0.00569937
chr1_mat	93400000	93600000	0.00550335
chr1_mat	93600000	93800000	0.00556159
chr1_mat	93800000	94000000	0.00559376
chr1_mat	94000000	94200000	0.00556595
chr1_mat	94200000	94400000	0.00572256
chr1_mat	94400000	94600000	0.0055498
chr1_mat	94600000	94800000	0.00564138
chr1_mat	94800000	95000000	0.00514438
chr1_mat	95000000	95200000	0.00556876
chr1_mat	95200000	95400000	0.00572545
chr1_mat	95400000	95600000	0.0052585
chr1_mat	95600000	95800000	0.00463665
chr1_mat	95800000	96000000	0.00567838
chr1_mat	96000000	96200000	0.00571004
chr1_mat	96200000	96400000	0.00573474
chr1_mat	96400000	96600000	0.00596411
chr1_mat	96600000	96800000	0.00581768
chr1_mat	96800000	97000000	0.0050141
chr1_mat	97000000	97200000	0.00595873
chr1_mat	97200000	97400000	0.00533099
chr1_mat	97400000	97600000	0.00590232
chr1_mat	97600000	97800000	0.00589749
chr1_mat	97800000	98000000	0.00481729
chr1_mat	98000000	98200000	0.00602401
chr1_mat	98200000	98400000	0.00589791
chr1_mat	98400000	98600000	0.00561741
chr1_mat	98600000	98800000	0.00576949
chr1_mat	98800000	99000000	0.00505443
chr1_mat	99000000	99200000	0.00599169
chr1_mat	99200000	99400000	0.00457807
chr1_mat	99400000	99600000	0.00614499
chr1_mat	99600000	99800000	0.00641764
chr1_mat	99800000	100000000	0.00581896
chr1_mat	100000000	100200000	0.00559814
chr1_mat	100200000	100400000	0.00540574
chr1_mat	100400000	100600000	0.0051381
chr1_mat	100600000	100800000	0.0058307
chr1_mat	100800000	101000000	0.00481585
chr1_mat	101000000	101200000	0.00563578
chr1_mat	101200000	101400000	0.00548939
chr1_mat	101400000	101600000	0.00532184
chr1_mat	101600000	101800000	0.00561972
chr1_mat	101800000	102000000	0.00608623
chr1_mat	102000000	102200000	0.00645879
chr1_mat	102200000	102400000	0.00520457
chr1_mat	102400000	102600000	0.00446052
chr1_mat	102600000	102800000	0.00492292
chr1_mat	102800000	103000000	0.00633046
chr1_mat	103000000	103200000	0.00596651
chr1_mat	103200000	103400000	0.00596449
chr1_mat	103400000	103600000	0.00562325
chr1_mat	103600000	103800000	0.00564077
chr1_mat	103800000	104000000	0.0054831
chr1_mat	104000000	104200000	0.00571193
chr1_mat	104200000	104400000	0.00572619
chr1_mat	104400000	104600000	0.00567048
chr1_mat	104600000	104800000	0.0057801
chr1_mat	104800000	105000000	0.00474638
chr1_mat	105000000	105200000	0.00567567
chr1_mat	105200000	105400000	0.00556929
chr1_mat	105400000	105600000	0.00578023
chr1_mat	105600000	105800000	0.00550844
chr1_mat	105800000	106000000	0.00576985
chr1_mat	106000000	106200000	0.00569676
chr1_mat	106200000	106400000	0.00581823
chr1_mat	106400000	106600000	0.00585188
chr1_mat	106600000	106800000	0.00553673
chr1_mat	106800000	107000000	0.00555937
chr1_mat	107000000	107200000	0.00591054
chr1_mat	107200000	107400000	0.00589388
chr1_mat	107400000	107600000	0.00640495
chr1_mat	107600000	107800000	0.00684151
chr1_mat	107800000	108000000	0.0056909
chr1_mat	108000000	108200000	0.0050597
chr1_mat	108200000	108400000	0.0038244
chr1_mat	108400000	108600000	0.00573231
chr1_mat	108600000	108800000	0.00644407
chr1_mat	108800000	109000000	0.00636795
chr1_mat	109000000	109200000	0.00628889
chr1_mat	109200000	109400000	0.00429403
chr1_mat	109400000	109600000	0.0050804
chr1_mat	109600000	109800000	0.00632958
chr1_mat	109800000	110000000	0.00601271
chr1_mat	110000000	110200000	0.00569284
chr1_mat	110200000	110400000	0.00545186
chr1_mat	110400000	110600000	0.00551529
chr1_mat	110600000	110800000	0.00508352
chr1_mat	110800000	111000000	0.00652789
chr1_mat	111000000	111200000	0.0056647
chr1_mat	111200000	111400000	0.00572666
chr1_mat	111400000	111600000	0.00659452
chr1_mat	111600000	111800000	0.00643632
chr1_mat	111800000	112000000	0.00650944
chr1_mat	112000000	112200000	0.00625416
chr1_mat	112200000	112400000	0.00518798
chr1_mat	112400000	112600000	0.0063238
chr1_mat	112600000	112800000	0.00672315
chr1_mat	112800000	113000000	0.0066783
chr1_mat	113000000	113200000	0.0061566
chr1_mat	113200000	113400000	0.00408227
chr1_mat	113400000	113600000	0.00562106
chr1_mat	113600000	113800000	0.0049444
chr1_mat	113800000	114000000	0.00557372
chr1_mat	114000000	114200000	0.00545907
chr1_mat	114200000	114400000	0.00602681
chr1_mat	114400000	114600000	0.00542844
chr1_mat	114600000	114800000	0.00601159
chr1_mat	114800000	115000000	0.00461997
chr1_mat	115000000	115200000	0.00527966
chr1_mat	115200000	115400000	0.00714005
chr1_mat	115400000	115600000	0.00597695
chr1_mat	115600000	115800000	0.00660001
chr1_mat	115800000	115909749	
chr1A_mat	0	200000	0.00993296
chr1A_mat	200000	400000	0.00703248
chr1A_mat	400000	600000	0.00517955
chr1A_mat	600000	800000	0.0069996
chr1A_mat	800000	1000000	0.0050502
chr1A_mat	1000000	1200000	0.0054335
chr1A_mat	1200000	1400000	0.00416486
chr1A_mat	1400000	1600000	0.00360431
chr1A_mat	1600000	1800000	0.00491023
chr1A_mat	1800000	2000000	0.00568449
chr1A_mat	2000000	2200000	0.00545837
chr1A_mat	2200000	2400000	0.0059384
chr1A_mat	2400000	2600000	0.00671907
chr1A_mat	2600000	2800000	0.00669081
chr1A_mat	2800000	3000000	0.00679847
chr1A_mat	3000000	3200000	0.00631963
chr1A_mat	3200000	3400000	0.00423335
chr1A_mat	3400000	3600000	0.00463747
chr1A_mat	3600000	3800000	0.00478086
chr1A_mat	3800000	4000000	0.00598832
chr1A_mat	4000000	4200000	0.00630177
chr1A_mat	4200000	4400000	0.0047704
chr1A_mat	4400000	4600000	0.00561495
chr1A_mat	4600000	4800000	0.00649952
chr1A_mat	4800000	5000000	0.0058371
chr1A_mat	5000000	5200000	0.00604003
chr1A_mat	5200000	5400000	0.00591269
chr1A_mat	5400000	5600000	0.00610623
chr1A_mat	5600000	5800000	0.0059548
chr1A_mat	5800000	6000000	0.00607104
chr1A_mat	6000000	6200000	0.00445049
chr1A_mat	6200000	6400000	0.004856
chr1A_mat	6400000	6600000	0.00658693
chr1A_mat	6600000	6800000	0.00422486
chr1A_mat	6800000	7000000	0.00655234
chr1A_mat	7000000	7200000	0.00640243
chr1A_mat	7200000	7400000	0.0052733
chr1A_mat	7400000	7600000	0.00551675
chr1A_mat	7600000	7800000	0.00613454
chr1A_mat	7800000	8000000	0.00574426
chr1A_mat	8000000	8200000	0.0060481
chr1A_mat	8200000	8400000	0.00454324
chr1A_mat	8400000	8600000	0.0055721
chr1A_mat	8600000	8800000	0.00597835
chr1A_mat	8800000	9000000	0.00584283
chr1A_mat	9000000	9200000	0.00587607
chr1A_mat	9200000	9400000	0.00574869
chr1A_mat	9400000	9600000	0.00569562
chr1A_mat	9600000	9800000	0.00607034
chr1A_mat	9800000	10000000	0.00603348
chr1A_mat	10000000	10200000	0.00583561
chr1A_mat	10200000	10400000	0.00566373
chr1A_mat	10400000	10600000	0.00597233
chr1A_mat	10600000	10800000	0.00606598
chr1A_mat	10800000	11000000	0.0060499
chr1A_mat	11000000	11200000	0.00599985
chr1A_mat	11200000	11400000	0.00581549
chr1A_mat	11400000	11600000	0.00585797
chr1A_mat	11600000	11800000	0.00555089
chr1A_mat	11800000	12000000	0.00410918
chr1A_mat	12000000	12200000	0.00507067
chr1A_mat	12200000	12400000	0.00397329
chr1A_mat	12400000	12600000	0.00633743
chr1A_mat	12600000	12800000	0.00615708
chr1A_mat	12800000	13000000	0.00676491
chr1A_mat	13000000	13200000	0.00435552
chr1A_mat	13200000	13400000	0.00530439
chr1A_mat	13400000	13600000	0.00531472
chr1A_mat	13600000	13800000	0.00533234
chr1A_mat	13800000	14000000	0.00466324
chr1A_mat	14000000	14200000	0.00457888
chr1A_mat	14200000	14400000	0.0057653
chr1A_mat	14400000	14600000	0.00610626
chr1A_mat	14600000	14800000	0.00705931
chr1A_mat	14800000	15000000	0.00686278
chr1A_mat	15000000	15200000	0.00555221
chr1A_mat	15200000	15400000	0.00566213
chr1A_mat	15400000	15600000	0.00637121
chr1A_mat	15600000	15800000	0.0057274
chr1A_mat	15800000	16000000	0.00609743
chr1A_mat	16000000	16200000	0.00613605
chr1A_mat	16200000	16400000	0.00586227
chr1A_mat	16400000	16600000	0.00596632
chr1A_mat	16600000	16800000	0.00585005
chr1A_mat	16800000	17000000	0.00572639
chr1A_mat	17000000	17200000	0.00565564
chr1A_mat	17200000	17400000	0.00569633
chr1A_mat	17400000	17600000	0.00574029
chr1A_mat	17600000	17800000	0.00579985
chr1A_mat	17800000	18000000	0.00564844
chr1A_mat	18000000	18200000	0.00459539
chr1A_mat	18200000	18400000	0.00581522
chr1A_mat	18400000	18600000	0.00616456
chr1A_mat	18600000	18800000	0.00581795
chr1A_mat	18800000	19000000	0.00599729
chr1A_mat	19000000	19200000	0.00594948
chr1A_mat	19200000	19400000	0.00604398
chr1A_mat	19400000	19600000	0.00467436
chr1A_mat	19600000	19800000	0.00613619
chr1A_mat	19800000	20000000	0.00608437
chr1A_mat	20000000	20200000	0.00590425
chr1A_mat	20200000	20400000	0.00583593
chr1A_mat	20400000	20600000	0.00595431
chr1A_mat	20600000	20800000	0.00570551
chr1A_mat	20800000	21000000	0.00520955
chr1A_mat	21000000	21200000	0.0062275
chr1A_mat	21200000	21400000	0.00589903
chr1A_mat	21400000	21600000	0.00496425
chr1A_mat	21600000	21800000	0.00616992
chr1A_mat	21800000	22000000	0.00616582
chr1A_mat	22000000	22200000	0.00619984
chr1A_mat	22200000	22400000	0.00627998
chr1A_mat	22400000	22600000	0.00533769
chr1A_mat	22600000	22800000	0.00621285
chr1A_mat	22800000	23000000	0.00615636
chr1A_mat	23000000	23200000	0.00587093
chr1A_mat	23200000	23400000	0.00601982
chr1A_mat	23400000	23600000	0.00559232
chr1A_mat	23600000	23800000	0.00604213
chr1A_mat	23800000	24000000	0.00525878
chr1A_mat	24000000	24200000	0.0055348
chr1A_mat	24200000	24400000	0.00664994
chr1A_mat	24400000	24600000	0.00625505
chr1A_mat	24600000	24800000	0.00598553
chr1A_mat	24800000	25000000	0.0044489
chr1A_mat	25000000	25200000	0.00573665
chr1A_mat	25200000	25400000	0.00621799
chr1A_mat	25400000	25600000	0.00627945
chr1A_mat	25600000	25800000	0.00596698
chr1A_mat	25800000	26000000	0.00572106
chr1A_mat	26000000	26200000	0.00501643
chr1A_mat	26200000	26400000	0.00618474
chr1A_mat	26400000	26600000	0.0059729
chr1A_mat	26600000	26800000	0.00611917
chr1A_mat	26800000	27000000	0.00611949
chr1A_mat	27000000	27200000	0.00579566
chr1A_mat	27200000	27400000	0.00559037
chr1A_mat	27400000	27600000	0.00485465
chr1A_mat	27600000	27800000	0.00628105
chr1A_mat	27800000	28000000	0.00658722
chr1A_mat	28000000	28200000	0.00666782
chr1A_mat	28200000	28400000	0.00592796
chr1A_mat	28400000	28600000	0.00492785
chr1A_mat	28600000	28800000	0.00638416
chr1A_mat	28800000	29000000	0.00522314
chr1A_mat	29000000	29200000	0.0067468
chr1A_mat	29200000	29400000	0.00697347
chr1A_mat	29400000	29600000	0.00618944
chr1A_mat	29600000	29800000	0.00444499
chr1A_mat	29800000	30000000	0.00484273
chr1A_mat	30000000	30200000	0.00641273
chr1A_mat	30200000	30400000	0.00592181
chr1A_mat	30400000	30600000	0.00627165
chr1A_mat	30600000	30800000	0.00654765
chr1A_mat	30800000	31000000	0.00638502
chr1A_mat	31000000	31200000	0.00589615
chr1A_mat	31200000	31400000	0.00621048
chr1A_mat	31400000	31600000	0.0063593
chr1A_mat	31600000	31800000	0.00441453
chr1A_mat	31800000	32000000	0.00534168
chr1A_mat	32000000	32200000	0.00637337
chr1A_mat	32200000	32400000	0.00483547
chr1A_mat	32400000	32600000	0.00513955
chr1A_mat	32600000	32800000	0.00572552
chr1A_mat	32800000	33000000	0.00669092
chr1A_mat	33000000	33200000	0.00592742
chr1A_mat	33200000	33400000	0.00692922
chr1A_mat	33400000	33600000	0.00571244
chr1A_mat	33600000	33800000	0.0069842
chr1A_mat	33800000	34000000	0.00577357
chr1A_mat	34000000	34200000	0.00448056
chr1A_mat	34200000	34400000	0.00520587
chr1A_mat	34400000	34600000	0.00527223
chr1A_mat	34600000	34800000	0.00643094
chr1A_mat	34800000	35000000	0.00656394
chr1A_mat	35000000	35200000	0.00423035
chr1A_mat	35200000	35400000	0.00582732
chr1A_mat	35400000	35600000	0.00664823
chr1A_mat	35600000	35800000	0.00633978
chr1A_mat	35800000	36000000	0.00634394
chr1A_mat	36000000	36200000	0.00674692
chr1A_mat	36200000	36400000	0.00664614
chr1A_mat	36400000	36600000	0.00648113
chr1A_mat	36600000	36800000	0.00528244
chr1A_mat	36800000	37000000	0.00521613
chr1A_mat	37000000	37200000	0.00685952
chr1A_mat	37200000	37400000	0.00647324
chr1A_mat	37400000	37600000	0.00656536
chr1A_mat	37600000	37800000	0.00660709
chr1A_mat	37800000	38000000	0.0065832
chr1A_mat	38000000	38200000	0.00638563
chr1A_mat	38200000	38400000	0.00441708
chr1A_mat	38400000	38600000	0.00616251
chr1A_mat	38600000	38800000	0.00661115
chr1A_mat	38800000	39000000	0.00645707
chr1A_mat	39000000	39200000	0.00643328
chr1A_mat	39200000	39400000	0.00524028
chr1A_mat	39400000	39600000	0.00630472
chr1A_mat	39600000	39800000	0.00617094
chr1A_mat	39800000	40000000	0.00604169
chr1A_mat	40000000	40200000	0.00503134
chr1A_mat	40200000	40400000	0.00576002
chr1A_mat	40400000	40600000	0.00601261
chr1A_mat	40600000	40800000	0.00621157
chr1A_mat	40800000	41000000	0.00619317
chr1A_mat	41000000	41200000	0.00620571
chr1A_mat	41200000	41400000	0.00456584
chr1A_mat	41400000	41600000	0.00625135
chr1A_mat	41600000	41800000	0.00630443
chr1A_mat	41800000	42000000	0.00543248
chr1A_mat	42000000	42200000	0.00631311
chr1A_mat	42200000	42400000	0.00626694
chr1A_mat	42400000	42600000	0.00635031
chr1A_mat	42600000	42800000	0.00552299
chr1A_mat	42800000	43000000	0.00564824
chr1A_mat	43000000	43200000	0.00604154
chr1A_mat	43200000	43400000	0.00557459
chr1A_mat	43400000	43600000	0.00615698
chr1A_mat	43600000	43800000	0.00500845
chr1A_mat	43800000	44000000	0.00479181
chr1A_mat	44000000	44200000	0.00654585
chr1A_mat	44200000	44400000	0.00433755
chr1A_mat	44400000	44600000	0.00588984
chr1A_mat	44600000	44800000	0.00644355
chr1A_mat	44800000	45000000	0.00689687
chr1A_mat	45000000	45200000	0.00445966
chr1A_mat	45200000	45400000	0.00643494
chr1A_mat	45400000	45600000	0.00625247
chr1A_mat	45600000	45800000	0.00560291
chr1A_mat	45800000	46000000	0.0067512
chr1A_mat	46000000	46200000	0.00428708
chr1A_mat	46200000	46400000	0.00556997
chr1A_mat	46400000	46600000	0.00487632
chr1A_mat	46600000	46800000	0.006364
chr1A_mat	46800000	47000000	0.00785761
chr1A_mat	47000000	47200000	0.00509709
chr1A_mat	47200000	47400000	0.00615429
chr1A_mat	47400000	47600000	0.00443758
chr1A_mat	47600000	47800000	0.00492427
chr1A_mat	47800000	48000000	0.00541648
chr1A_mat	48000000	48200000	0.00428064
chr1A_mat	48200000	48400000	0.00534657
chr1A_mat	48400000	48600000	0.0049204
chr1A_mat	48600000	48800000	0.00415125
chr1A_mat	48800000	49000000	0.00755535
chr1A_mat	49000000	49200000	0.00583174
chr1A_mat	49200000	49400000	0.00584336
chr1A_mat	49400000	49600000	0.00482187
chr1A_mat	49600000	49800000	0.00486379
chr1A_mat	49800000	50000000	0.00659271
chr1A_mat	50000000	50200000	0.00644775
chr1A_mat	50200000	50400000	0.00584925
chr1A_mat	50400000	50600000	0.00609949
chr1A_mat	50600000	50800000	0.0067379
chr1A_mat	50800000	51000000	0.00602169
chr1A_mat	51000000	51200000	0.00746079
chr1A_mat	51200000	51400000	0.00758108
chr1A_mat	51400000	51600000	0.00704998
chr1A_mat	51600000	51800000	0.00623683
chr1A_mat	51800000	52000000	0.00535472
chr1A_mat	52000000	52200000	0.00687939
chr1A_mat	52200000	52400000	0.00585339
chr1A_mat	52400000	52600000	0.00498518
chr1A_mat	52600000	52800000	0.00691772
chr1A_mat	52800000	53000000	0.00627933
chr1A_mat	53000000	53200000	0.00692618
chr1A_mat	53200000	53400000	0.00506942
chr1A_mat	53400000	53600000	0.00716975
chr1A_mat	53600000	53800000	0.00696585
chr1A_mat	53800000	54000000	0.00629422
chr1A_mat	54000000	54200000	0.00507714
chr1A_mat	54200000	54400000	0.00513508
chr1A_mat	54400000	54600000	0.00674301
chr1A_mat	54600000	54800000	0.00696848
chr1A_mat	54800000	55000000	0.00736383
chr1A_mat	55000000	55200000	0.00673913
chr1A_mat	55200000	55400000	0.00614967
chr1A_mat	55400000	55600000	0.00403577
chr1A_mat	55600000	55800000	0.00709143
chr1A_mat	55800000	56000000	0.0055654
chr1A_mat	56000000	56200000	0.00688003
chr1A_mat	56200000	56400000	0.0057679
chr1A_mat	56400000	56600000	0.00613258
chr1A_mat	56600000	56800000	0.00712832
chr1A_mat	56800000	57000000	0.00790335
chr1A_mat	57000000	57200000	0.00696025
chr1A_mat	57200000	57400000	0.00611165
chr1A_mat	57400000	57600000	0.00672154
chr1A_mat	57600000	57800000	0.00441448
chr1A_mat	57800000	58000000	0.00464461
chr1A_mat	58000000	58200000	0.00537177
chr1A_mat	58200000	58400000	0.00771975
chr1A_mat	58400000	58600000	0.00749708
chr1A_mat	58600000	58800000	0.00759478
chr1A_mat	58800000	59000000	0.00729141
chr1A_mat	59000000	59200000	0.00647725
chr1A_mat	59200000	59400000	
chr1A_mat	59400000	59600000	
chr1A_mat	59600000	59800000	0.0116697
chr1A_mat	59800000	60000000	0.00590765
chr1A_mat	60000000	60200000	0.00468852
chr1A_mat	60200000	60400000	0.00559036
chr1A_mat	60400000	60600000	0.00696002
chr1A_mat	60600000	60800000	0.00697021
chr1A_mat	60800000	61000000	0.00642746
chr1A_mat	61000000	61200000	0.0050198
chr1A_mat	61200000	61400000	0.00684281
chr1A_mat	61400000	61600000	0.00696949
chr1A_mat	61600000	61800000	0.0072131
chr1A_mat	61800000	62000000	0.00692159
chr1A_mat	62000000	62200000	0.00693945
chr1A_mat	62200000	62400000	0.00580379
chr1A_mat	62400000	62600000	0.0072531
chr1A_mat	62600000	62800000	0.00556415
chr1A_mat	62800000	63000000	0.00700833
chr1A_mat	63000000	63200000	0.00640976
chr1A_mat	63200000	63400000	0.00457851
chr1A_mat	63400000	63600000	0.00580793
chr1A_mat	63600000	63800000	0.00657627
chr1A_mat	63800000	64000000	0.00554767
chr1A_mat	64000000	64200000	0.00403064
chr1A_mat	64200000	64400000	0.00676836
chr1A_mat	64400000	64600000	0.00693715
chr1A_mat	64600000	64800000	0.00740727
chr1A_mat	64800000	65000000	0.00519925
chr1A_mat	65000000	65200000	0.00562391
chr1A_mat	65200000	65400000	0.00518326
chr1A_mat	65400000	65600000	0.00670666
chr1A_mat	65600000	65800000	0.00732334
chr1A_mat	65800000	66000000	0.00733391
chr1A_mat	66000000	66200000	0.00613302
chr1A_mat	66200000	66400000	0.00573827
chr1A_mat	66400000	66600000	0.00672637
chr1A_mat	66600000	66800000	0.00684706
chr1A_mat	66800000	67000000	0.00684312
chr1A_mat	67000000	67200000	0.00668593
chr1A_mat	67200000	67400000	0.00652706
chr1A_mat	67400000	67600000	0.00613982
chr1A_mat	67600000	67800000	0.00695924
chr1A_mat	67800000	68000000	0.00727106
chr1A_mat	68000000	68200000	0.00716812
chr1A_mat	68200000	68400000	0.00640309
chr1A_mat	68400000	68600000	0.00480029
chr1A_mat	68600000	68800000	0.00495965
chr1A_mat	68800000	69000000	0.00619749
chr1A_mat	69000000	69200000	0.00682419
chr1A_mat	69200000	69400000	0.00663
chr1A_mat	69400000	69600000	0.00545101
chr1A_mat	69600000	69800000	0.00659256
chr1A_mat	69800000	70000000	0.00531122
chr1A_mat	70000000	70200000	0.00518629
chr1A_mat	70200000	70400000	0.00486428
chr1A_mat	70400000	70600000	0.00615521
chr1A_mat	70600000	70800000	0.00702475
chr1A_mat	70800000	71000000	0.00687968
chr1A_mat	71000000	71200000	0.00671955
chr1A_mat	71200000	71400000	0.00681658
chr1A_mat	71400000	71600000	0.0050056
chr1A_mat	71600000	71800000	0.00548818
chr1A_mat	71800000	72000000	0.0125792
chr1A_mat	72000000	72089520	
chr2_mat	0	200000	
chr2_mat	200000	400000	0.00616959
chr2_mat	400000	600000	0.0096068
chr2_mat	600000	800000	0.00578688
chr2_mat	800000	1000000	0.00531987
chr2_mat	1000000	1200000	0.0044709
chr2_mat	1200000	1400000	0.00501346
chr2_mat	1400000	1600000	0.00514723
chr2_mat	1600000	1800000	0.00479078
chr2_mat	1800000	2000000	0.00560322
chr2_mat	2000000	2200000	0.00639316
chr2_mat	2200000	2400000	0.0065223
chr2_mat	2400000	2600000	0.00460222
chr2_mat	2600000	2800000	0.00513142
chr2_mat	2800000	3000000	0.00600949
chr2_mat	3000000	3200000	0.00610615
chr2_mat	3200000	3400000	0.00574442
chr2_mat	3400000	3600000	0.00572389
chr2_mat	3600000	3800000	0.00580749
chr2_mat	3800000	4000000	0.00595556
chr2_mat	4000000	4200000	0.00621384
chr2_mat	4200000	4400000	0.0059245
chr2_mat	4400000	4600000	0.00646532
chr2_mat	4600000	4800000	0.00633835
chr2_mat	4800000	5000000	0.00499887
chr2_mat	5000000	5200000	0.005762
chr2_mat	5200000	5400000	0.0045557
chr2_mat	5400000	5600000	0.00611486
chr2_mat	5600000	5800000	0.00657656
chr2_mat	5800000	6000000	0.0064038
chr2_mat	6000000	6200000	0.00640428
chr2_mat	6200000	6400000	0.00542785
chr2_mat	6400000	6600000	0.00512081
chr2_mat	6600000	6800000	0.00446524
chr2_mat	6800000	7000000	0.0045547
chr2_mat	7000000	7200000	0.00673087
chr2_mat	7200000	7400000	0.006893
chr2_mat	7400000	7600000	0.00645456
chr2_mat	7600000	7800000	0.00667674
chr2_mat	7800000	8000000	0.00597081
chr2_mat	8000000	8200000	0.00692442
chr2_mat	8200000	8400000	0.00437119
chr2_mat	8400000	8600000	0.00592783
chr2_mat	8600000	8800000	0.00583815
chr2_mat	8800000	9000000	0.00480765
chr2_mat	9000000	9200000	0.00431242
chr2_mat	9200000	9400000	0.0062162
chr2_mat	9400000	9600000	0.00607891
chr2_mat	9600000	9800000	0.00601997
chr2_mat	9800000	10000000	0.00503728
chr2_mat	10000000	10200000	0.00605463
chr2_mat	10200000	10400000	0.00509694
chr2_mat	10400000	10600000	0.00615895
chr2_mat	10600000	10800000	0.00482172
chr2_mat	10800000	11000000	0.00530707
chr2_mat	11000000	11200000	0.00627616
chr2_mat	11200000	11400000	0.00604051
chr2_mat	11400000	11600000	0.00573745
chr2_mat	11600000	11800000	0.00588656
chr2_mat	11800000	12000000	0.00482478
chr2_mat	12000000	12200000	0.00554879
chr2_mat	12200000	12400000	0.00547249
chr2_mat	12400000	12600000	0.00574223
chr2_mat	12600000	12800000	0.00547165
chr2_mat	12800000	13000000	0.00574572
chr2_mat	13000000	13200000	0.00601171
chr2_mat	13200000	13400000	0.00572852
chr2_mat	13400000	13600000	0.00423498
chr2_mat	13600000	13800000	0.00600721
chr2_mat	13800000	14000000	0.00593433
chr2_mat	14000000	14200000	0.00621298
chr2_mat	14200000	14400000	0.00552957
chr2_mat	14400000	14600000	0.00565608
chr2_mat	14600000	14800000	0.00400068
chr2_mat	14800000	15000000	0.00633153
chr2_mat	15000000	15200000	0.00571625
chr2_mat	15200000	15400000	0.00598391
chr2_mat	15400000	15600000	0.00667395
chr2_mat	15600000	15800000	0.00590657
chr2_mat	15800000	16000000	0.00542226
chr2_mat	16000000	16200000	0.00491404
chr2_mat	16200000	16400000	0.00644029
chr2_mat	16400000	16600000	0.00539102
chr2_mat	16600000	16800000	0.00474353
chr2_mat	16800000	17000000	0.00590892
chr2_mat	17000000	17200000	0.00630708
chr2_mat	17200000	17400000	0.0065128
chr2_mat	17400000	17600000	0.00482111
chr2_mat	17600000	17800000	0.00626169
chr2_mat	17800000	18000000	0.00631638
chr2_mat	18000000	18200000	0.00540309
chr2_mat	18200000	18400000	0.00543789
chr2_mat	18400000	18600000	0.00638479
chr2_mat	18600000	18800000	0.00512305
chr2_mat	18800000	19000000	0.00498222
chr2_mat	19000000	19200000	0.00622603
chr2_mat	19200000	19400000	0.00610959
chr2_mat	19400000	19600000	0.00588364
chr2_mat	19600000	19800000	0.00587662
chr2_mat	19800000	20000000	0.00498233
chr2_mat	20000000	20200000	0.00581483
chr2_mat	20200000	20400000	0.00620108
chr2_mat	20400000	20600000	0.00530802
chr2_mat	20600000	20800000	0.00440196
chr2_mat	20800000	21000000	0.00527232
chr2_mat	21000000	21200000	0.00530022
chr2_mat	21200000	21400000	0.00467429
chr2_mat	21400000	21600000	0.00598744
chr2_mat	21600000	21800000	0.00580301
chr2_mat	21800000	22000000	0.00574222
chr2_mat	22000000	22200000	0.00601349
chr2_mat	22200000	22400000	0.00638683
chr2_mat	22400000	22600000	0.00623674
chr2_mat	22600000	22800000	0.00502308
chr2_mat	22800000	23000000	0.00624664
chr2_mat	23000000	23200000	0.00617857
chr2_mat	23200000	23400000	0.00587336
chr2_mat	23400000	23600000	0.00472386
chr2_mat	23600000	23800000	0.0046521
chr2_mat	23800000	24000000	0.00501614
chr2_mat	24000000	24200000	0.00631699
chr2_mat	24200000	24400000	0.00620425
chr2_mat	24400000	24600000	0.00622006
chr2_mat	24600000	24800000	0.00592162
chr2_mat	24800000	25000000	0.00539073
chr2_mat	25000000	25200000	0.00640658
chr2_mat	25200000	25400000	0.00592307
chr2_mat	25400000	25600000	0.00642933
chr2_mat	25600000	25800000	0.00516955
chr2_mat	25800000	26000000	0.00467888
chr2_mat	26000000	26200000	0.006243
chr2_mat	26200000	26400000	0.00594903
chr2_mat	26400000	26600000	0.00609643
chr2_mat	26600000	26800000	0.00611077
chr2_mat	26800000	27000000	0.00601819
chr2_mat	27000000	27200000	0.00524691
chr2_mat	27200000	27400000	0.00615163
chr2_mat	27400000	27600000	0.00653238
chr2_mat	27600000	27800000	0.00552406
chr2_mat	27800000	28000000	0.00474163
chr2_mat	28000000	28200000	0.00618527
chr2_mat	28200000	28400000	0.00609801
chr2_mat	28400000	28600000	0.00609864
chr2_mat	28600000	28800000	0.00601902
chr2_mat	28800000	29000000	0.00588535
chr2_mat	29000000	29200000	0.00587972
chr2_mat	29200000	29400000	0.0059482
chr2_mat	29400000	29600000	0.00473831
chr2_mat	29600000	29800000	0.00601751
chr2_mat	29800000	30000000	0.00616541
chr2_mat	30000000	30200000	0.00479151
chr2_mat	30200000	30400000	0.0062222
chr2_mat	30400000	30600000	0.0063362
chr2_mat	30600000	30800000	0.00624897
chr2_mat	30800000	31000000	0.00617693
chr2_mat	31000000	31200000	0.00637954
chr2_mat	31200000	31400000	0.00636436
chr2_mat	31400000	31600000	0.00591225
chr2_mat	31600000	31800000	0.00662539
chr2_mat	31800000	32000000	0.00557369
chr2_mat	32000000	32200000	0.00519049
chr2_mat	32200000	32400000	0.00540063
chr2_mat	32400000	32600000	0.00625647
chr2_mat	32600000	32800000	0.00623681
chr2_mat	32800000	33000000	0.00661897
chr2_mat	33000000	33200000	0.00626567
chr2_mat	33200000	33400000	0.00485594
chr2_mat	33400000	33600000	0.00673038
chr2_mat	33600000	33800000	0.00646917
chr2_mat	33800000	34000000	0.00643826
chr2_mat	34000000	34200000	0.00515666
chr2_mat	34200000	34400000	0.00630901
chr2_mat	34400000	34600000	0.00668062
chr2_mat	34600000	34800000	0.00717963
chr2_mat	34800000	35000000	0.00653995
chr2_mat	35000000	35200000	0.00573173
chr2_mat	35200000	35400000	0.00568834
chr2_mat	35400000	35600000	0.005933
chr2_mat	35600000	35800000	0.00640711
chr2_mat	35800000	36000000	0.00633395
chr2_mat	36000000	36200000	0.00538255
chr2_mat	36200000	36400000	0.00671257
chr2_mat	36400000	36600000	0.00580119
chr2_mat	36600000	36800000	0.00641659
chr2_mat	36800000	37000000	0.00606975
chr2_mat	37000000	37200000	0.00453981
chr2_mat	37200000	37400000	0.0062302
chr2_mat	37400000	37600000	0.0066618
chr2_mat	37600000	37800000	0.00673663
chr2_mat	37800000	38000000	0.00673669
chr2_mat	38000000	38200000	0.00658963
chr2_mat	38200000	38400000	0.00604429
chr2_mat	38400000	38600000	0.00598031
chr2_mat	38600000	38800000	0.00673991
chr2_mat	38800000	39000000	0.0070964
chr2_mat	39000000	39200000	0.00459868
chr2_mat	39200000	39400000	0.00672
chr2_mat	39400000	39600000	0.0065554
chr2_mat	39600000	39800000	0.006466
chr2_mat	39800000	40000000	0.00673676
chr2_mat	40000000	40200000	0.00469015
chr2_mat	40200000	40400000	0.00656157
chr2_mat	40400000	40600000	0.00705092
chr2_mat	40600000	40800000	0.00680867
chr2_mat	40800000	41000000	0.00667496
chr2_mat	41000000	41200000	0.00657999
chr2_mat	41200000	41400000	0.00601854
chr2_mat	41400000	41600000	0.00588456
chr2_mat	41600000	41800000	0.00530994
chr2_mat	41800000	42000000	0.00730404
chr2_mat	42000000	42200000	0.00610837
chr2_mat	42200000	42400000	0.00613259
chr2_mat	42400000	42600000	0.00581303
chr2_mat	42600000	42800000	0.0048711
chr2_mat	42800000	43000000	0.005129
chr2_mat	43000000	43200000	0.00644719
chr2_mat	43200000	43400000	0.00668887
chr2_mat	43400000	43600000	0.00554398
chr2_mat	43600000	43800000	0.00536527
chr2_mat	43800000	44000000	0.00576659
chr2_mat	44000000	44200000	0.00541144
chr2_mat	44200000	44400000	0.00589209
chr2_mat	44400000	44600000	0.00703375
chr2_mat	44600000	44800000	0.00557641
chr2_mat	44800000	45000000	0.00640809
chr2_mat	45000000	45200000	0.0064532
chr2_mat	45200000	45400000	0.00602946
chr2_mat	45400000	45600000	0.00626357
chr2_mat	45600000	45800000	0.00572255
chr2_mat	45800000	46000000	0.00453932
chr2_mat	46000000	46200000	0.00649473
chr2_mat	46200000	46400000	0.00710886
chr2_mat	46400000	46600000	0.00744454
chr2_mat	46600000	46800000	0.0068067
chr2_mat	46800000	47000000	0.00565988
chr2_mat	47000000	47200000	0.00621248
chr2_mat	47200000	47400000	0.00677801
chr2_mat	47400000	47600000	0.00696751
chr2_mat	47600000	47800000	0.00708546
chr2_mat	47800000	48000000	0.00568531
chr2_mat	48000000	48200000	0.00692378
chr2_mat	48200000	48400000	0.00726074
chr2_mat	48400000	48600000	0.00704859
chr2_mat	48600000	48800000	0.00678893
chr2_mat	48800000	49000000	0.00695452
chr2_mat	49000000	49200000	0.00486061
chr2_mat	49200000	49400000	0.0052205
chr2_mat	49400000	49600000	0.00537509
chr2_mat	49600000	49800000	0.00594142
chr2_mat	49800000	50000000	0.00663196
chr2_mat	50000000	50200000	0.00672664
chr2_mat	50200000	50400000	0.00671705
chr2_mat	50400000	50600000	0.00638656
chr2_mat	50600000	50800000	0.00669401
chr2_mat	50800000	51000000	0.00663522
chr2_mat	51000000	51200000	0.00692809
chr2_mat	51200000	51400000	0.00714326
chr2_mat	51400000	51600000	0.00762629
chr2_mat	51600000	51800000	0.00761992
chr2_mat	51800000	52000000	0.00579241
chr2_mat	52000000	52200000	0.00634551
chr2_mat	52200000	52400000	0.00752973
chr2_mat	52400000	52600000	0.00592791
chr2_mat	52600000	52800000	0.00751812
chr2_mat	52800000	53000000	0.00704835
chr2_mat	53000000	53200000	0.00691995
chr2_mat	53200000	53400000	0.00708659
chr2_mat	53400000	53600000	0.00639965
chr2_mat	53600000	53800000	0.00725356
chr2_mat	53800000	54000000	0.00629782
chr2_mat	54000000	54200000	0.00729487
chr2_mat	54200000	54400000	0.00540718
chr2_mat	54400000	54600000	0.00646214
chr2_mat	54600000	54800000	0.00548119
chr2_mat	54800000	55000000	0.00719984
chr2_mat	55000000	55200000	0.00733283
chr2_mat	55200000	55400000	0.00661536
chr2_mat	55400000	55600000	0.00641658
chr2_mat	55600000	55800000	0.00667892
chr2_mat	55800000	56000000	0.00646798
chr2_mat	56000000	56200000	0.00707493
chr2_mat	56200000	56400000	0.006357
chr2_mat	56400000	56600000	0.00660673
chr2_mat	56600000	56800000	0.00643631
chr2_mat	56800000	57000000	0.00642615
chr2_mat	57000000	57200000	0.00637618
chr2_mat	57200000	57400000	0.00680891
chr2_mat	57400000	57600000	0.00634166
chr2_mat	57600000	57800000	0.00622409
chr2_mat	57800000	58000000	0.0064111
chr2_mat	58000000	58200000	0.00623114
chr2_mat	58200000	58400000	0.00644193
chr2_mat	58400000	58600000	0.00666259
chr2_mat	58600000	58800000	0.00662293
chr2_mat	58800000	59000000	0.00632915
chr2_mat	59000000	59200000	0.00669342
chr2_mat	59200000	59400000	0.00654503
chr2_mat	59400000	59600000	0.00678498
chr2_mat	59600000	59800000	0.00728702
chr2_mat	59800000	60000000	0.0074694
chr2_mat	60000000	60200000	0.00576562
chr2_mat	60200000	60400000	0.00454933
chr2_mat	60400000	60600000	0.00624089
chr2_mat	60600000	60800000	0.00560714
chr2_mat	60800000	61000000	0.00645339
chr2_mat	61000000	61200000	0.00687635
chr2_mat	61200000	61400000	0.00710296
chr2_mat	61400000	61600000	0.0073764
chr2_mat	61600000	61800000	0.0075284
chr2_mat	61800000	62000000	0.00705903
chr2_mat	62000000	62200000	0.00570034
chr2_mat	62200000	62400000	0.00510752
chr2_mat	62400000	62600000	0.0069434
chr2_mat	62600000	62800000	0.00601256
chr2_mat	62800000	63000000	0.00570266
chr2_mat	63000000	63200000	0.00482639
chr2_mat	63200000	63400000	0.00650647
chr2_mat	63400000	63600000	0.00724063
chr2_mat	63600000	63800000	0.00560954
chr2_mat	63800000	64000000	0.00494463
chr2_mat	64000000	64200000	0.00731047
chr2_mat	64200000	64400000	0.00582149
chr2_mat	64400000	64600000	0.00680587
chr2_mat	64600000	64800000	0.00720762
chr2_mat	64800000	65000000	0.00692729
chr2_mat	65000000	65200000	0.00717568
chr2_mat	65200000	65400000	0.00758327
chr2_mat	65400000	65600000	0.00737809
chr2_mat	65600000	65800000	0.00744481
chr2_mat	65800000	66000000	0.00504784
chr2_mat	66000000	66200000	0.00796487
chr2_mat	66200000	66400000	0.00769384
chr2_mat	66400000	66600000	0.00443509
chr2_mat	66600000	66800000	0.00517674
chr2_mat	66800000	67000000	0.00671333
chr2_mat	67000000	67200000	0.00620601
chr2_mat	67200000	67400000	0.00657165
chr2_mat	67400000	67600000	0.00510935
chr2_mat	67600000	67800000	0.00563599
chr2_mat	67800000	68000000	0.00731171
chr2_mat	68000000	68200000	0.00540618
chr2_mat	68200000	68400000	0.0047999
chr2_mat	68400000	68600000	0.00721613
chr2_mat	68600000	68800000	0.00767342
chr2_mat	68800000	69000000	0.00748809
chr2_mat	69000000	69200000	0.00607278
chr2_mat	69200000	69400000	0.0052813
chr2_mat	69400000	69600000	0.00639343
chr2_mat	69600000	69800000	0.00726746
chr2_mat	69800000	70000000	0.00729895
chr2_mat	70000000	70200000	0.00651749
chr2_mat	70200000	70400000	0.00659649
chr2_mat	70400000	70600000	0.00664235
chr2_mat	70600000	70800000	0.00640261
chr2_mat	70800000	71000000	0.00677047
chr2_mat	71000000	71200000	0.00680712
chr2_mat	71200000	71400000	0.00705827
chr2_mat	71400000	71600000	0.00687966
chr2_mat	71600000	71800000	0.00565319
chr2_mat	71800000	72000000	0.00563058
chr2_mat	72000000	72200000	0.00619578
chr2_mat	72200000	72400000	0.00509767
chr2_mat	72400000	72600000	0.00595338
chr2_mat	72600000	72800000	0.00560648
chr2_mat	72800000	73000000	0.00671165
chr2_mat	73000000	73200000	0.00651857
chr2_mat	73200000	73400000	0.00481044
chr2_mat	73400000	73600000	0.00615964
chr2_mat	73600000	73800000	0.00673062
chr2_mat	73800000	74000000	0.006614
chr2_mat	74000000	74200000	0.00693731
chr2_mat	74200000	74400000	0.0068769
chr2_mat	74400000	74600000	0.00651731
chr2_mat	74600000	74800000	0.00704948
chr2_mat	74800000	75000000	0.00710405
chr2_mat	75000000	75200000	0.00670769
chr2_mat	75200000	75400000	0.00685491
chr2_mat	75400000	75600000	0.00671694
chr2_mat	75600000	75800000	0.00638958
chr2_mat	75800000	76000000	0.00667347
chr2_mat	76000000	76200000	0.00599664
chr2_mat	76200000	76400000	0.00676379
chr2_mat	76400000	76600000	0.00719317
chr2_mat	76600000	76800000	0.00675875
chr2_mat	76800000	77000000	0.00648224
chr2_mat	77000000	77200000	0.00534644
chr2_mat	77200000	77400000	0.00544198
chr2_mat	77400000	77600000	0.00561623
chr2_mat	77600000	77800000	0.00654874
chr2_mat	77800000	78000000	0.00905445
chr2_mat	78000000	78200000	
chr2_mat	78200000	78400000	
chr2_mat	78400000	78600000	
chr2_mat	78600000	78800000	0.00708429
chr2_mat	78800000	79000000	0.00697347
chr2_mat	79000000	79200000	0.0070052
chr2_mat	79200000	79400000	0.00653033
chr2_mat	79400000	79600000	0.00726243
chr2_mat	79600000	79800000	0.00716928
chr2_mat	79800000	80000000	0.0071594
chr2_mat	80000000	80200000	0.00713309
chr2_mat	80200000	80400000	0.00457683
chr2_mat	80400000	80600000	0.00706776
chr2_mat	80600000	80800000	0.0071626
chr2_mat	80800000	81000000	0.00686303
chr2_mat	81000000	81200000	0.0066058
chr2_mat	81200000	81400000	0.00628481
chr2_mat	81400000	81600000	0.00695192
chr2_mat	81600000	81800000	0.00486395
chr2_mat	81800000	82000000	0.00596208
chr2_mat	82000000	82200000	0.0067706
chr2_mat	82200000	82400000	0.00690722
chr2_mat	82400000	82600000	0.00696548
chr2_mat	82600000	82800000	0.00462412
chr2_mat	82800000	83000000	0.00674142
chr2_mat	83000000	83200000	0.00725274
chr2_mat	83200000	83400000	0.00674442
chr2_mat	83400000	83600000	0.00723357
chr2_mat	83600000	83800000	0.00632662
chr2_mat	83800000	84000000	0.00658266
chr2_mat	84000000	84200000	0.00638337
chr2_mat	84200000	84400000	0.00663392
chr2_mat	84400000	84600000	0.00620809
chr2_mat	84600000	84800000	0.00633185
chr2_mat	84800000	85000000	0.00673825
chr2_mat	85000000	85200000	0.00650352
chr2_mat	85200000	85400000	0.00690411
chr2_mat	85400000	85600000	0.00691791
chr2_mat	85600000	85800000	0.00582733
chr2_mat	85800000	86000000	0.00700803
chr2_mat	86000000	86200000	0.00624632
chr2_mat	86200000	86400000	0.0067872
chr2_mat	86400000	86600000	0.00656039
chr2_mat	86600000	86800000	0.00737638
chr2_mat	86800000	87000000	0.00692526
chr2_mat	87000000	87200000	0.0071103
chr2_mat	87200000	87400000	0.00670144
chr2_mat	87400000	87600000	0.00701816
chr2_mat	87600000	87800000	0.0069827
chr2_mat	87800000	88000000	0.00483691
chr2_mat	88000000	88200000	0.00531303
chr2_mat	88200000	88400000	0.00659114
chr2_mat	88400000	88600000	0.0066285
chr2_mat	88600000	88800000	0.00661221
chr2_mat	88800000	89000000	0.00626184
chr2_mat	89000000	89200000	0.00655253
chr2_mat	89200000	89400000	0.00638509
chr2_mat	89400000	89600000	0.00648453
chr2_mat	89600000	89800000	0.00642352
chr2_mat	89800000	90000000	0.00659965
chr2_mat	90000000	90200000	0.0062933
chr2_mat	90200000	90400000	0.00645891
chr2_mat	90400000	90600000	0.00639155
chr2_mat	90600000	90800000	0.00562291
chr2_mat	90800000	91000000	0.00692711
chr2_mat	91000000	91200000	0.00500104
chr2_mat	91200000	91400000	0.00479326
chr2_mat	91400000	91600000	0.00546216
chr2_mat	91600000	91800000	0.00704729
chr2_mat	91800000	92000000	0.00517235
chr2_mat	92000000	92200000	0.00686487
chr2_mat	92200000	92400000	0.00730396
chr2_mat	92400000	92600000	0.0051958
chr2_mat	92600000	92800000	0.00692557
chr2_mat	92800000	93000000	0.00604548
chr2_mat	93000000	93200000	0.00729285
chr2_mat	93200000	93400000	0.00695277
chr2_mat	93400000	93600000	0.00691965
chr2_mat	93600000	93800000	0.00574742
chr2_mat	93800000	94000000	0.00673459
chr2_mat	94000000	94200000	0.00489562
chr2_mat	94200000	94400000	0.0057959
chr2_mat	94400000	94600000	0.00663765
chr2_mat	94600000	94800000	0.00607731
chr2_mat	94800000	95000000	0.00627356
chr2_mat	95000000	95200000	0.00629579
chr2_mat	95200000	95400000	0.00630384
chr2_mat	95400000	95600000	0.00648845
chr2_mat	95600000	95800000	0.00559673
chr2_mat	95800000	96000000	0.00561704
chr2_mat	96000000	96200000	0.00696826
chr2_mat	96200000	96400000	0.00644628
chr2_mat	96400000	96600000	0.0113347
chr2_mat	96600000	96800000	0.00656516
chr2_mat	96800000	97000000	0.00660386
chr2_mat	97000000	97200000	0.00671323
chr2_mat	97200000	97400000	
chr2_mat	97400000	97600000	0.00705562
chr2_mat	97600000	97800000	0.00646559
chr2_mat	97800000	98000000	0.00633573
chr2_mat	98000000	98200000	0.00640053
chr2_mat	98200000	98400000	0.00654845
chr2_mat	98400000	98600000	0.00673716
chr2_mat	98600000	98800000	0.00688964
chr2_mat	98800000	99000000	0.00673086
chr2_mat	99000000	99200000	0.00527045
chr2_mat	99200000	99400000	0.00625376
chr2_mat	99400000	99600000	0.00498552
chr2_mat	99600000	99800000	0.00470451
chr2_mat	99800000	100000000	0.00668871
chr2_mat	100000000	100200000	0.00713624
chr2_mat	100200000	100400000	0.00741477
chr2_mat	100400000	100600000	0.00611538
chr2_mat	100600000	100800000	0.00571806
chr2_mat	100800000	101000000	0.00545779
chr2_mat	101000000	101200000	0.00496761
chr2_mat	101200000	101400000	0.00570955
chr2_mat	101400000	101600000	0.00690586
chr2_mat	101600000	101800000	0.00702782
chr2_mat	101800000	102000000	0.00724338
chr2_mat	102000000	102200000	0.00681261
chr2_mat	102200000	102400000	0.00704588
chr2_mat	102400000	102600000	0.00726918
chr2_mat	102600000	102800000	0.00689844
chr2_mat	102800000	103000000	0.00690078
chr2_mat	103000000	103200000	0.00711714
chr2_mat	103200000	103400000	0.00544847
chr2_mat	103400000	103600000	0.00445221
chr2_mat	103600000	103800000	0.00603898
chr2_mat	103800000	104000000	0.00668226
chr2_mat	104000000	104200000	0.00688894
chr2_mat	104200000	104400000	0.00738256
chr2_mat	104400000	104600000	0.00539854
chr2_mat	104600000	104800000	0.00559714
chr2_mat	104800000	105000000	0.00472047
chr2_mat	105000000	105200000	0.00764371
chr2_mat	105200000	105400000	0.00617267
chr2_mat	105400000	105600000	0.00468431
chr2_mat	105600000	105800000	0.00551372
chr2_mat	105800000	106000000	0.00582062
chr2_mat	106000000	106200000	0.00747187
chr2_mat	106200000	106400000	0.00757431
chr2_mat	106400000	106600000	0.00630465
chr2_mat	106600000	106800000	0.00738378
chr2_mat	106800000	107000000	0.00727575
chr2_mat	107000000	107200000	0.00692544
chr2_mat	107200000	107400000	0.00706998
chr2_mat	107400000	107600000	0.00667625
chr2_mat	107600000	107800000	0.00633244
chr2_mat	107800000	108000000	0.006268
chr2_mat	108000000	108200000	0.00653071
chr2_mat	108200000	108400000	0.00659763
chr2_mat	108400000	108600000	0.00603191
chr2_mat	108600000	108800000	0.00468356
chr2_mat	108800000	109000000	0.00723135
chr2_mat	109000000	109200000	0.00693993
chr2_mat	109200000	109400000	0.00628303
chr2_mat	109400000	109600000	0.00678592
chr2_mat	109600000	109800000	0.00695524
chr2_mat	109800000	110000000	0.0066856
chr2_mat	110000000	110200000	0.00610673
chr2_mat	110200000	110400000	0.0063098
chr2_mat	110400000	110600000	0.00546859
chr2_mat	110600000	110800000	0.00718112
chr2_mat	110800000	111000000	0.00668866
chr2_mat	111000000	111200000	0.00653023
chr2_mat	111200000	111400000	0.00641329
chr2_mat	111400000	111600000	0.00618177
chr2_mat	111600000	111800000	0.00617292
chr2_mat	111800000	112000000	0.0051865
chr2_mat	112000000	112200000	0.00627836
chr2_mat	112200000	112400000	0.0051183
chr2_mat	112400000	112600000	0.00626509
chr2_mat	112600000	112800000	0.00474223
chr2_mat	112800000	113000000	0.00628289
chr2_mat	113000000	113200000	0.00675949
chr2_mat	113200000	113400000	0.0065339
chr2_mat	113400000	113600000	0.00582448
chr2_mat	113600000	113800000	0.00524784
chr2_mat	113800000	114000000	0.00630515
chr2_mat	114000000	114200000	0.00713558
chr2_mat	114200000	114400000	0.00705068
chr2_mat	114400000	114600000	0.00536858
chr2_mat	114600000	114800000	0.00631859
chr2_mat	114800000	115000000	0.0064005
chr2_mat	115000000	115200000	0.00622137
chr2_mat	115200000	115400000	0.0053766
chr2_mat	115400000	115600000	0.00680414
chr2_mat	115600000	115800000	0.00640528
chr2_mat	115800000	116000000	0.00675112
chr2_mat	116000000	116200000	0.00654772
chr2_mat	116200000	116400000	0.0043247
chr2_mat	116400000	116600000	0.00672338
chr2_mat	116600000	116800000	0.00673421
chr2_mat	116800000	117000000	0.00675612
chr2_mat	117000000	117200000	0.00645702
chr2_mat	117200000	117400000	0.00513991
chr2_mat	117400000	117600000	0.00610194
chr2_mat	117600000	117800000	0.00466152
chr2_mat	117800000	118000000	0.00567453
chr2_mat	118000000	118200000	0.00674085
chr2_mat	118200000	118400000	0.00653885
chr2_mat	118400000	118600000	0.00677827
chr2_mat	118600000	118800000	0.00664205
chr2_mat	118800000	119000000	0.00652461
chr2_mat	119000000	119200000	0.00535259
chr2_mat	119200000	119400000	0.00640481
chr2_mat	119400000	119600000	0.00696159
chr2_mat	119600000	119800000	0.00642666
chr2_mat	119800000	120000000	0.00658657
chr2_mat	120000000	120200000	0.0053136
chr2_mat	120200000	120400000	0.00560349
chr2_mat	120400000	120600000	0.00479921
chr2_mat	120600000	120800000	0.00564898
chr2_mat	120800000	121000000	0.00630934
chr2_mat	121000000	121200000	0.00628154
chr2_mat	121200000	121400000	0.0060403
chr2_mat	121400000	121600000	0.00575429
chr2_mat	121600000	121800000	0.00625683
chr2_mat	121800000	122000000	0.00582054
chr2_mat	122000000	122200000	0.00598864
chr2_mat	122200000	122400000	0.00606216
chr2_mat	122400000	122600000	0.00624209
chr2_mat	122600000	122800000	0.00557271
chr2_mat	122800000	123000000	0.00647056
chr2_mat	123000000	123200000	0.00596635
chr2_mat	123200000	123400000	0.00704693
chr2_mat	123400000	123600000	0.00665352
chr2_mat	123600000	123800000	0.00582784
chr2_mat	123800000	124000000	0.00561159
chr2_mat	124000000	124200000	0.00568795
chr2_mat	124200000	124400000	0.00581769
chr2_mat	124400000	124600000	0.00602459
chr2_mat	124600000	124800000	0.00599991
chr2_mat	124800000	125000000	0.00652201
chr2_mat	125000000	125200000	0.00560151
chr2_mat	125200000	125400000	0.00447367
chr2_mat	125400000	125600000	0.00435866
chr2_mat	125600000	125800000	0.00582873
chr2_mat	125800000	126000000	0.00581053
chr2_mat	126000000	126200000	0.00586241
chr2_mat	126200000	126400000	0.00594922
chr2_mat	126400000	126600000	0.00647275
chr2_mat	126600000	126800000	0.00517776
chr2_mat	126800000	127000000	0.00638411
chr2_mat	127000000	127200000	0.00599473
chr2_mat	127200000	127400000	0.00602065
chr2_mat	127400000	127600000	0.00599542
chr2_mat	127600000	127800000	0.00659121
chr2_mat	127800000	128000000	0.00678389
chr2_mat	128000000	128200000	0.00543166
chr2_mat	128200000	128400000	0.00633069
chr2_mat	128400000	128600000	0.00444582
chr2_mat	128600000	128800000	0.00476278
chr2_mat	128800000	129000000	0.00642105
chr2_mat	129000000	129200000	0.00656934
chr2_mat	129200000	129400000	0.00551962
chr2_mat	129400000	129600000	0.00653753
chr2_mat	129600000	129800000	0.00585966
chr2_mat	129800000	130000000	0.00558854
chr2_mat	130000000	130200000	0.00499072
chr2_mat	130200000	130400000	0.00526834
chr2_mat	130400000	130600000	0.00587047
chr2_mat	130600000	130800000	0.00559129
chr2_mat	130800000	131000000	0.00587593
chr2_mat	131000000	131200000	0.00439183
chr2_mat	131200000	131400000	0.00688071
chr2_mat	131400000	131600000	0.00668708
chr2_mat	131600000	131800000	0.00449991
chr2_mat	131800000	132000000	0.00463653
chr2_mat	132000000	132200000	0.00603924
chr2_mat	132200000	132400000	0.00608141
chr2_mat	132400000	132600000	0.00544316
chr2_mat	132600000	132800000	0.00597255
chr2_mat	132800000	133000000	0.00579685
chr2_mat	133000000	133200000	0.00576624
chr2_mat	133200000	133400000	0.0059895
chr2_mat	133400000	133600000	0.00466013
chr2_mat	133600000	133800000	0.00587733
chr2_mat	133800000	134000000	0.00595807
chr2_mat	134000000	134200000	0.00503587
chr2_mat	134200000	134400000	0.00608077
chr2_mat	134400000	134600000	0.00511019
chr2_mat	134600000	134800000	0.00556954
chr2_mat	134800000	135000000	0.00568371
chr2_mat	135000000	135200000	0.00574018
chr2_mat	135200000	135400000	0.00536397
chr2_mat	135400000	135600000	0.00540186
chr2_mat	135600000	135800000	0.0056192
chr2_mat	135800000	136000000	0.00559386
chr2_mat	136000000	136200000	0.00560677
chr2_mat	136200000	136400000	0.00554461
chr2_mat	136400000	136600000	0.00560294
chr2_mat	136600000	136800000	0.00538845
chr2_mat	136800000	137000000	0.00589751
chr2_mat	137000000	137200000	0.00593097
chr2_mat	137200000	137400000	0.00521306
chr2_mat	137400000	137600000	0.00472146
chr2_mat	137600000	137800000	0.00611153
chr2_mat	137800000	138000000	0.00632008
chr2_mat	138000000	138200000	0.00645983
chr2_mat	138200000	138400000	0.00627772
chr2_mat	138400000	138600000	0.00576743
chr2_mat	138600000	138800000	0.00518092
chr2_mat	138800000	139000000	0.00544991
chr2_mat	139000000	139200000	0.00617803
chr2_mat	139200000	139400000	0.0063122
chr2_mat	139400000	139600000	0.00612659
chr2_mat	139600000	139800000	0.00674765
chr2_mat	139800000	140000000	0.00435401
chr2_mat	140000000	140200000	0.00504413
chr2_mat	140200000	140400000	0.0055309
chr2_mat	140400000	140600000	0.00555691
chr2_mat	140600000	140800000	0.00485147
chr2_mat	140800000	141000000	0.00628973
chr2_mat	141000000	141200000	0.00603017
chr2_mat	141200000	141400000	0.00597709
chr2_mat	141400000	141600000	0.00598377
chr2_mat	141600000	141800000	0.00559674
chr2_mat	141800000	142000000	0.00566434
chr2_mat	142000000	142200000	0.00575185
chr2_mat	142200000	142400000	0.00560164
chr2_mat	142400000	142600000	0.004468
chr2_mat	142600000	142800000	0.00565874
chr2_mat	142800000	143000000	0.00598007
chr2_mat	143000000	143200000	0.00606853
chr2_mat	143200000	143400000	0.00534173
chr2_mat	143400000	143600000	0.00590953
chr2_mat	143600000	143800000	0.00508842
chr2_mat	143800000	144000000	0.0055616
chr2_mat	144000000	144200000	0.00574911
chr2_mat	144200000	144400000	0.0059903
chr2_mat	144400000	144600000	0.00539694
chr2_mat	144600000	144800000	0.00492261
chr2_mat	144800000	145000000	0.00590507
chr2_mat	145000000	145200000	0.00559331
chr2_mat	145200000	145400000	0.00546422
chr2_mat	145400000	145600000	0.00544441
chr2_mat	145600000	145800000	0.00553316
chr2_mat	145800000	146000000	0.00536155
chr2_mat	146000000	146200000	0.00538893
chr2_mat	146200000	146400000	0.00586748
chr2_mat	146400000	146600000	0.00613033
chr2_mat	146600000	146800000	0.00606568
chr2_mat	146800000	147000000	0.00620258
chr2_mat	147000000	147200000	0.00643255
chr2_mat	147200000	147400000	0.0059048
chr2_mat	147400000	147600000	0.00435707
chr2_mat	147600000	147800000	0.00602994
chr2_mat	147800000	148000000	0.00468998
chr2_mat	148000000	148200000	0.00596178
chr2_mat	148200000	148400000	0.00587814
chr2_mat	148400000	148600000	0.00580254
chr2_mat	148600000	148800000	0.00551403
chr2_mat	148800000	149000000	0.00583661
chr2_mat	149000000	149200000	0.00596346
chr2_mat	149200000	149400000	0.00596813
chr2_mat	149400000	149600000	0.00627111
chr2_mat	149600000	149800000	0.00589258
chr2_mat	149800000	150000000	0.00560944
chr2_mat	150000000	150200000	0.00550959
chr2_mat	150200000	150400000	0.00507066
chr2_mat	150400000	150600000	0.00437713
chr2_mat	150600000	150800000	0.0076362
chr2_mat	150800000	151000000	0.00713216
chr2_mat	151000000	151200000	0.00611955
chr2_mat	151200000	151400000	0.0115473
chr2_mat	151400000	151600000	0.0133698
chr2_mat	151600000	151800000	0.00498644
chr2_mat	151800000	152000000	0.0088925
chr2_mat	152000000	152200000	0.00662939
chr2_mat	152200000	152400000	0.00462252
chr2_mat	152400000	152518735	
chr3_mat	0	200000	
chr3_mat	200000	400000	0.00468811
chr3_mat	400000	600000	0.00887742
chr3_mat	600000	800000	0.0059736
chr3_mat	800000	1000000	0.00566026
chr3_mat	1000000	1200000	0.00384451
chr3_mat	1200000	1400000	0.00561271
chr3_mat	1400000	1600000	0.0057998
chr3_mat	1600000	1800000	0.00814498
chr3_mat	1800000	2000000	0.0112156
chr3_mat	2000000	2200000	0.0065966
chr3_mat	2200000	2400000	0.00584432
chr3_mat	2400000	2600000	0.00495632
chr3_mat	2600000	2800000	0.00537293
chr3_mat	2800000	3000000	0.00558885
chr3_mat	3000000	3200000	0.00550611
chr3_mat	3200000	3400000	0.00598117
chr3_mat	3400000	3600000	0.00481894
chr3_mat	3600000	3800000	0.00546595
chr3_mat	3800000	4000000	0.00651689
chr3_mat	4000000	4200000	0.00561973
chr3_mat	4200000	4400000	0.00561551
chr3_mat	4400000	4600000	0.00561402
chr3_mat	4600000	4800000	0.00604079
chr3_mat	4800000	5000000	0.00565997
chr3_mat	5000000	5200000	0.0052399
chr3_mat	5200000	5400000	0.00427208
chr3_mat	5400000	5600000	0.00595054
chr3_mat	5600000	5800000	0.00544365
chr3_mat	5800000	6000000	0.00537648
chr3_mat	6000000	6200000	0.00580695
chr3_mat	6200000	6400000	0.00460001
chr3_mat	6400000	6600000	0.00640917
chr3_mat	6600000	6800000	0.0062138
chr3_mat	6800000	7000000	0.00601735
chr3_mat	7000000	7200000	0.00650136
chr3_mat	7200000	7400000	0.00539772
chr3_mat	7400000	7600000	0.00487148
chr3_mat	7600000	7800000	0.00455989
chr3_mat	7800000	8000000	0.00586594
chr3_mat	8000000	8200000	0.00599203
chr3_mat	8200000	8400000	0.0058427
chr3_mat	8400000	8600000	0.0057322
chr3_mat	8600000	8800000	0.00563654
chr3_mat	8800000	9000000	0.00626504
chr3_mat	9000000	9200000	0.00600364
chr3_mat	9200000	9400000	0.00595846
chr3_mat	9400000	9600000	0.00585743
chr3_mat	9600000	9800000	0.00599472
chr3_mat	9800000	10000000	0.00668844
chr3_mat	10000000	10200000	0.00538442
chr3_mat	10200000	10400000	0.00514909
chr3_mat	10400000	10600000	0.00643592
chr3_mat	10600000	10800000	0.00643529
chr3_mat	10800000	11000000	0.00627077
chr3_mat	11000000	11200000	0.00604891
chr3_mat	11200000	11400000	
chr3_mat	11400000	11600000	
chr3_mat	11600000	11800000	
chr3_mat	11800000	12000000	
chr3_mat	12000000	12200000	
chr3_mat	12200000	12400000	
chr3_mat	12400000	12600000	
chr3_mat	12600000	12800000	
chr3_mat	12800000	13000000	0.00638836
chr3_mat	13000000	13200000	0.00551352
chr3_mat	13200000	13400000	0.00571547
chr3_mat	13400000	13600000	0.00562034
chr3_mat	13600000	13800000	0.00570039
chr3_mat	13800000	14000000	0.00605341
chr3_mat	14000000	14200000	0.00559627
chr3_mat	14200000	14400000	0.00466255
chr3_mat	14400000	14600000	0.00547609
chr3_mat	14600000	14800000	0.00569236
chr3_mat	14800000	15000000	0.00550882
chr3_mat	15000000	15200000	0.00600242
chr3_mat	15200000	15400000	0.00608245
chr3_mat	15400000	15600000	0.00596307
chr3_mat	15600000	15800000	0.00631846
chr3_mat	15800000	16000000	0.00510414
chr3_mat	16000000	16200000	0.00539217
chr3_mat	16200000	16400000	0.00517133
chr3_mat	16400000	16600000	0.00564876
chr3_mat	16600000	16800000	0.00635952
chr3_mat	16800000	17000000	0.0056595
chr3_mat	17000000	17200000	0.00470763
chr3_mat	17200000	17400000	0.00597493
chr3_mat	17400000	17600000	0.00572099
chr3_mat	17600000	17800000	0.0061018
chr3_mat	17800000	18000000	0.00592802
chr3_mat	18000000	18200000	0.0058716
chr3_mat	18200000	18400000	0.00448201
chr3_mat	18400000	18600000	0.00621582
chr3_mat	18600000	18800000	0.00616419
chr3_mat	18800000	19000000	0.0062058
chr3_mat	19000000	19200000	0.00608294
chr3_mat	19200000	19400000	0.00582192
chr3_mat	19400000	19600000	0.00594863
chr3_mat	19600000	19800000	0.00456659
chr3_mat	19800000	20000000	0.00611421
chr3_mat	20000000	20200000	0.00624179
chr3_mat	20200000	20400000	0.00606196
chr3_mat	20400000	20600000	0.00593555
chr3_mat	20600000	20800000	0.00631144
chr3_mat	20800000	21000000	0.0059261
chr3_mat	21000000	21200000	0.0058639
chr3_mat	21200000	21400000	0.0060033
chr3_mat	21400000	21600000	0.00513579
chr3_mat	21600000	21800000	0.00507309
chr3_mat	21800000	22000000	0.00581514
chr3_mat	22000000	22200000	0.00555298
chr3_mat	22200000	22400000	0.00585976
chr3_mat	22400000	22600000	0.00614898
chr3_mat	22600000	22800000	0.00598791
chr3_mat	22800000	23000000	0.00565398
chr3_mat	23000000	23200000	0.00590827
chr3_mat	23200000	23400000	0.00570113
chr3_mat	23400000	23600000	0.00584511
chr3_mat	23600000	23800000	0.00581763
chr3_mat	23800000	24000000	0.00582414
chr3_mat	24000000	24200000	0.00592485
chr3_mat	24200000	24400000	0.00618957
chr3_mat	24400000	24600000	0.00602325
chr3_mat	24600000	24800000	0.00616057
chr3_mat	24800000	25000000	0.00553434
chr3_mat	25000000	25200000	0.00466938
chr3_mat	25200000	25400000	0.00466671
chr3_mat	25400000	25600000	0.00629095
chr3_mat	25600000	25800000	0.00648671
chr3_mat	25800000	26000000	0.00640163
chr3_mat	26000000	26200000	0.00594736
chr3_mat	26200000	26400000	0.00616229
chr3_mat	26400000	26600000	0.00611112
chr3_mat	26600000	26800000	0.00552765
chr3_mat	26800000	27000000	0.00625791
chr3_mat	27000000	27200000	0.00639292
chr3_mat	27200000	27400000	0.00634026
chr3_mat	27400000	27600000	0.0062599
chr3_mat	27600000	27800000	0.00614619
chr3_mat	27800000	28000000	0.00451862
chr3_mat	28000000	28200000	0.00604704
chr3_mat	28200000	28400000	0.00584922
chr3_mat	28400000	28600000	0.00580241
chr3_mat	28600000	28800000	0.00587084
chr3_mat	28800000	29000000	0.00568555
chr3_mat	29000000	29200000	0.0057111
chr3_mat	29200000	29400000	0.00597125
chr3_mat	29400000	29600000	0.00581327
chr3_mat	29600000	29800000	0.00594344
chr3_mat	29800000	30000000	0.00625179
chr3_mat	30000000	30200000	0.00607433
chr3_mat	30200000	30400000	0.00535815
chr3_mat	30400000	30600000	0.00635389
chr3_mat	30600000	30800000	0.00563935
chr3_mat	30800000	31000000	0.00604459
chr3_mat	31000000	31200000	0.00625631
chr3_mat	31200000	31400000	0.00630111
chr3_mat	31400000	31600000	0.0063456
chr3_mat	31600000	31800000	0.00640217
chr3_mat	31800000	32000000	0.00522066
chr3_mat	32000000	32200000	0.0065479
chr3_mat	32200000	32400000	0.00642493
chr3_mat	32400000	32600000	0.00657897
chr3_mat	32600000	32800000	0.00542946
chr3_mat	32800000	33000000	0.00551632
chr3_mat	33000000	33200000	0.00624302
chr3_mat	33200000	33400000	0.00617783
chr3_mat	33400000	33600000	0.00685051
chr3_mat	33600000	33800000	0.0068695
chr3_mat	33800000	34000000	0.0050699
chr3_mat	34000000	34200000	0.00528183
chr3_mat	34200000	34400000	0.00572244
chr3_mat	34400000	34600000	0.00665188
chr3_mat	34600000	34800000	0.00643125
chr3_mat	34800000	35000000	0.00653764
chr3_mat	35000000	35200000	0.00556006
chr3_mat	35200000	35400000	0.00670226
chr3_mat	35400000	35600000	0.0043402
chr3_mat	35600000	35800000	0.00658737
chr3_mat	35800000	36000000	0.00529865
chr3_mat	36000000	36200000	0.00698883
chr3_mat	36200000	36400000	0.00684801
chr3_mat	36400000	36600000	0.00493706
chr3_mat	36600000	36800000	0.00694887
chr3_mat	36800000	37000000	0.00598468
chr3_mat	37000000	37200000	0.00480227
chr3_mat	37200000	37400000	0.00714697
chr3_mat	37400000	37600000	0.00578416
chr3_mat	37600000	37800000	0.00525591
chr3_mat	37800000	38000000	0.00561572
chr3_mat	38000000	38200000	0.00646133
chr3_mat	38200000	38400000	0.00550087
chr3_mat	38400000	38600000	0.00656245
chr3_mat	38600000	38800000	0.00610481
chr3_mat	38800000	39000000	0.00596247
chr3_mat	39000000	39200000	0.00592069
chr3_mat	39200000	39400000	0.00631303
chr3_mat	39400000	39600000	0.00602046
chr3_mat	39600000	39800000	0.00601621
chr3_mat	39800000	40000000	0.00607595
chr3_mat	40000000	40200000	0.00592645
chr3_mat	40200000	40400000	0.00590487
chr3_mat	40400000	40600000	0.00626941
chr3_mat	40600000	40800000	0.00536808
chr3_mat	40800000	41000000	0.00603659
chr3_mat	41000000	41200000	0.00589131
chr3_mat	41200000	41400000	0.00636049
chr3_mat	41400000	41600000	0.00667945
chr3_mat	41600000	41800000	0.00684078
chr3_mat	41800000	42000000	0.00652965
chr3_mat	42000000	42200000	0.00489623
chr3_mat	42200000	42400000	0.00689025
chr3_mat	42400000	42600000	0.00630626
chr3_mat	42600000	42800000	0.00513741
chr3_mat	42800000	43000000	0.00579362
chr3_mat	43000000	43200000	0.00621193
chr3_mat	43200000	43400000	0.00651986
chr3_mat	43400000	43600000	0.00592148
chr3_mat	43600000	43800000	0.00631112
chr3_mat	43800000	44000000	0.00590784
chr3_mat	44000000	44200000	0.00650867
chr3_mat	44200000	44400000	0.00676462
chr3_mat	44400000	44600000	0.00575939
chr3_mat	44600000	44800000	0.00610623
chr3_mat	44800000	45000000	0.0072874
chr3_mat	45000000	45200000	0.00684241
chr3_mat	45200000	45400000	0.00555113
chr3_mat	45400000	45600000	0.00668273
chr3_mat	45600000	45800000	0.00746051
chr3_mat	45800000	46000000	0.00597484
chr3_mat	46000000	46200000	0.00529097
chr3_mat	46200000	46400000	0.00489473
chr3_mat	46400000	46600000	0.00620183
chr3_mat	46600000	46800000	0.00493219
chr3_mat	46800000	47000000	0.00547379
chr3_mat	47000000	47200000	0.00531114
chr3_mat	47200000	47400000	0.00536583
chr3_mat	47400000	47600000	0.0063799
chr3_mat	47600000	47800000	0.00626783
chr3_mat	47800000	48000000	0.00708453
chr3_mat	48000000	48200000	0.00674576
chr3_mat	48200000	48400000	0.00659584
chr3_mat	48400000	48600000	0.0069377
chr3_mat	48600000	48800000	0.00563005
chr3_mat	48800000	49000000	0.00647044
chr3_mat	49000000	49200000	0.00638239
chr3_mat	49200000	49400000	0.00629458
chr3_mat	49400000	49600000	0.00582726
chr3_mat	49600000	49800000	0.00540863
chr3_mat	49800000	50000000	0.00687265
chr3_mat	50000000	50200000	0.00556917
chr3_mat	50200000	50400000	0.00701279
chr3_mat	50400000	50600000	0.00665732
chr3_mat	50600000	50800000	0.0055812
chr3_mat	50800000	51000000	0.00653457
chr3_mat	51000000	51200000	0.00659827
chr3_mat	51200000	51400000	0.00633672
chr3_mat	51400000	51600000	0.00642122
chr3_mat	51600000	51800000	0.00623641
chr3_mat	51800000	52000000	0.00622677
chr3_mat	52000000	52200000	0.00539314
chr3_mat	52200000	52400000	0.00668795
chr3_mat	52400000	52600000	0.00638013
chr3_mat	52600000	52800000	0.00642442
chr3_mat	52800000	53000000	0.00660976
chr3_mat	53000000	53200000	0.00656966
chr3_mat	53200000	53400000	0.00644994
chr3_mat	53400000	53600000	0.00676325
chr3_mat	53600000	53800000	0.00539462
chr3_mat	53800000	54000000	0.00638877
chr3_mat	54000000	54200000	0.0072799
chr3_mat	54200000	54400000	0.00590396
chr3_mat	54400000	54600000	0.0068906
chr3_mat	54600000	54800000	0.00706411
chr3_mat	54800000	55000000	0.00642599
chr3_mat	55000000	55200000	0.00647256
chr3_mat	55200000	55400000	0.00666009
chr3_mat	55400000	55600000	0.00699981
chr3_mat	55600000	55800000	0.00673874
chr3_mat	55800000	56000000	0.00616578
chr3_mat	56000000	56200000	0.00528561
chr3_mat	56200000	56400000	0.00665433
chr3_mat	56400000	56600000	0.00702659
chr3_mat	56600000	56800000	0.00651929
chr3_mat	56800000	57000000	0.00714287
chr3_mat	57000000	57200000	0.00609899
chr3_mat	57200000	57400000	0.00588873
chr3_mat	57400000	57600000	0.00662784
chr3_mat	57600000	57800000	0.00449556
chr3_mat	57800000	58000000	0.00568026
chr3_mat	58000000	58200000	0.00495155
chr3_mat	58200000	58400000	0.00616473
chr3_mat	58400000	58600000	0.00549066
chr3_mat	58600000	58800000	0.00651275
chr3_mat	58800000	59000000	0.00637059
chr3_mat	59000000	59200000	0.00523484
chr3_mat	59200000	59400000	0.0058873
chr3_mat	59400000	59600000	0.00627656
chr3_mat	59600000	59800000	0.00645432
chr3_mat	59800000	60000000	0.00595795
chr3_mat	60000000	60200000	0.00654171
chr3_mat	60200000	60400000	0.00676054
chr3_mat	60400000	60600000	0.00521627
chr3_mat	60600000	60800000	0.00580324
chr3_mat	60800000	61000000	0.00637231
chr3_mat	61000000	61200000	0.00729936
chr3_mat	61200000	61400000	0.00618203
chr3_mat	61400000	61600000	0.00550752
chr3_mat	61600000	61800000	0.00569688
chr3_mat	61800000	62000000	0.00658632
chr3_mat	62000000	62200000	0.00524909
chr3_mat	62200000	62400000	0.00543234
chr3_mat	62400000	62600000	0.00619511
chr3_mat	62600000	62800000	0.0058259
chr3_mat	62800000	63000000	0.00468953
chr3_mat	63000000	63200000	0.00602675
chr3_mat	63200000	63400000	0.00545712
chr3_mat	63400000	63600000	0.00667258
chr3_mat	63600000	63800000	0.00672918
chr3_mat	63800000	64000000	0.00636658
chr3_mat	64000000	64200000	0.00662024
chr3_mat	64200000	64400000	0.0055931
chr3_mat	64400000	64600000	0.00631498
chr3_mat	64600000	64800000	0.00692919
chr3_mat	64800000	65000000	0.00660018
chr3_mat	65000000	65200000	0.00653381
chr3_mat	65200000	65400000	0.00635586
chr3_mat	65400000	65600000	0.00511579
chr3_mat	65600000	65800000	0.00673178
chr3_mat	65800000	66000000	0.00563694
chr3_mat	66000000	66200000	0.00673292
chr3_mat	66200000	66400000	0.00686069
chr3_mat	66400000	66600000	0.00503773
chr3_mat	66600000	66800000	0.005798
chr3_mat	66800000	67000000	0.00666867
chr3_mat	67000000	67200000	0.00639031
chr3_mat	67200000	67400000	0.00677113
chr3_mat	67400000	67600000	0.00730699
chr3_mat	67600000	67800000	0.00712507
chr3_mat	67800000	68000000	0.00682858
chr3_mat	68000000	68200000	0.0047585
chr3_mat	68200000	68400000	0.00621406
chr3_mat	68400000	68600000	0.00675944
chr3_mat	68600000	68800000	0.00661613
chr3_mat	68800000	69000000	0.00693486
chr3_mat	69000000	69200000	0.00688206
chr3_mat	69200000	69400000	0.00658304
chr3_mat	69400000	69600000	0.00666961
chr3_mat	69600000	69800000	0.00675544
chr3_mat	69800000	70000000	0.00681408
chr3_mat	70000000	70200000	0.0057433
chr3_mat	70200000	70400000	0.00496226
chr3_mat	70400000	70600000	0.00486409
chr3_mat	70600000	70800000	0.00463089
chr3_mat	70800000	71000000	0.00569896
chr3_mat	71000000	71200000	0.00697514
chr3_mat	71200000	71400000	0.00721423
chr3_mat	71400000	71600000	0.00669994
chr3_mat	71600000	71800000	0.00725358
chr3_mat	71800000	72000000	0.00739035
chr3_mat	72000000	72200000	0.00741196
chr3_mat	72200000	72400000	0.00485957
chr3_mat	72400000	72600000	0.00712245
chr3_mat	72600000	72800000	0.00498221
chr3_mat	72800000	73000000	0.00719092
chr3_mat	73000000	73200000	0.00607336
chr3_mat	73200000	73400000	0.00555285
chr3_mat	73400000	73600000	0.00665883
chr3_mat	73600000	73800000	0.0064444
chr3_mat	73800000	74000000	0.00669695
chr3_mat	74000000	74200000	0.00703132
chr3_mat	74200000	74400000	0.00686385
chr3_mat	74400000	74600000	0.00730791
chr3_mat	74600000	74800000	0.0074737
chr3_mat	74800000	75000000	0.00737949
chr3_mat	75000000	75200000	0.00641169
chr3_mat	75200000	75400000	0.0074379
chr3_mat	75400000	75600000	0.00554389
chr3_mat	75600000	75800000	0.0073854
chr3_mat	75800000	76000000	0.00728219
chr3_mat	76000000	76200000	0.00765806
chr3_mat	76200000	76400000	0.00729423
chr3_mat	76400000	76600000	0.00720823
chr3_mat	76600000	76800000	0.0061234
chr3_mat	76800000	77000000	0.00483193
chr3_mat	77000000	77200000	0.00677787
chr3_mat	77200000	77400000	0.00605822
chr3_mat	77400000	77600000	0.0070582
chr3_mat	77600000	77800000	0.007751
chr3_mat	77800000	78000000	0.00661728
chr3_mat	78000000	78200000	0.00595977
chr3_mat	78200000	78400000	
chr3_mat	78400000	78600000	
chr3_mat	78600000	78800000	
chr3_mat	78800000	79000000	
chr3_mat	79000000	79200000	
chr3_mat	79200000	79400000	
chr3_mat	79400000	79600000	0.00507903
chr3_mat	79600000	79800000	0.00534271
chr3_mat	79800000	80000000	0.00888237
chr3_mat	80000000	80200000	0.00759471
chr3_mat	80200000	80400000	0.00805187
chr3_mat	80400000	80600000	0.00797059
chr3_mat	80600000	80800000	0.00750237
chr3_mat	80800000	81000000	0.00719354
chr3_mat	81000000	81200000	0.00549024
chr3_mat	81200000	81400000	0.00433557
chr3_mat	81400000	81600000	0.00647128
chr3_mat	81600000	81800000	0.00502421
chr3_mat	81800000	82000000	0.0047207
chr3_mat	82000000	82200000	0.00687592
chr3_mat	82200000	82400000	0.00580561
chr3_mat	82400000	82600000	0.00408896
chr3_mat	82600000	82800000	0.00851994
chr3_mat	82800000	83000000	0.00578894
chr3_mat	83000000	83200000	0.00719483
chr3_mat	83200000	83400000	0.00766204
chr3_mat	83400000	83600000	0.00613045
chr3_mat	83600000	83800000	0.00557783
chr3_mat	83800000	84000000	0.00622757
chr3_mat	84000000	84200000	0.00586423
chr3_mat	84200000	84400000	0.00691585
chr3_mat	84400000	84600000	0.0069131
chr3_mat	84600000	84800000	0.00539128
chr3_mat	84800000	85000000	0.00596911
chr3_mat	85000000	85200000	0.00600712
chr3_mat	85200000	85400000	0.00462025
chr3_mat	85400000	85600000	0.0073327
chr3_mat	85600000	85800000	0.00733663
chr3_mat	85800000	86000000	0.00544786
chr3_mat	86000000	86200000	0.00521237
chr3_mat	86200000	86400000	0.00695062
chr3_mat	86400000	86600000	0.00563671
chr3_mat	86600000	86800000	0.00555313
chr3_mat	86800000	87000000	0.00587863
chr3_mat	87000000	87200000	0.00527309
chr3_mat	87200000	87400000	0.00538588
chr3_mat	87400000	87600000	0.00402922
chr3_mat	87600000	87800000	0.00548327
chr3_mat	87800000	88000000	0.00542701
chr3_mat	88000000	88200000	0.0050261
chr3_mat	88200000	88400000	0.00692608
chr3_mat	88400000	88600000	0.00744342
chr3_mat	88600000	88800000	0.00631633
chr3_mat	88800000	89000000	0.00621991
chr3_mat	89000000	89200000	0.00712166
chr3_mat	89200000	89400000	0.00806406
chr3_mat	89400000	89600000	0.00773163
chr3_mat	89600000	89800000	0.00556766
chr3_mat	89800000	90000000	0.00545287
chr3_mat	90000000	90200000	0.00458266
chr3_mat	90200000	90400000	0.00613951
chr3_mat	90400000	90600000	0.0079121
chr3_mat	90600000	90800000	0.00711382
chr3_mat	90800000	91000000	0.00520241
chr3_mat	91000000	91200000	0.00694861
chr3_mat	91200000	91400000	0.00654695
chr3_mat	91400000	91600000	0.00706534
chr3_mat	91600000	91800000	0.00694787
chr3_mat	91800000	92000000	0.00546056
chr3_mat	92000000	92200000	0.00706781
chr3_mat	92200000	92400000	0.00639506
chr3_mat	92400000	92600000	0.00595186
chr3_mat	92600000	92800000	0.00492221
chr3_mat	92800000	93000000	0.0068649
chr3_mat	93000000	93200000	0.00676508
chr3_mat	93200000	93400000	0.0068745
chr3_mat	93400000	93600000	0.00647511
chr3_mat	93600000	93800000	0.00675228
chr3_mat	93800000	94000000	0.00668533
chr3_mat	94000000	94200000	0.00703334
chr3_mat	94200000	94400000	0.00738155
chr3_mat	94400000	94600000	0.00697763
chr3_mat	94600000	94800000	0.0055296
chr3_mat	94800000	95000000	0.00530288
chr3_mat	95000000	95200000	0.00681642
chr3_mat	95200000	95400000	0.00559216
chr3_mat	95400000	95600000	0.00733775
chr3_mat	95600000	95800000	0.00566975
chr3_mat	95800000	96000000	0.00595397
chr3_mat	96000000	96200000	0.00577887
chr3_mat	96200000	96400000	0.00518525
chr3_mat	96400000	96600000	0.00598864
chr3_mat	96600000	96800000	0.00777098
chr3_mat	96800000	97000000	0.00625609
chr3_mat	97000000	97200000	0.00655857
chr3_mat	97200000	97400000	0.0069477
chr3_mat	97400000	97600000	0.00528834
chr3_mat	97600000	97800000	0.00495825
chr3_mat	97800000	98000000	0.00544232
chr3_mat	98000000	98200000	0.0043551
chr3_mat	98200000	98400000	0.00530087
chr3_mat	98400000	98600000	0.00524417
chr3_mat	98600000	98800000	0.00634483
chr3_mat	98800000	99000000	0.00632754
chr3_mat	99000000	99200000	0.00701454
chr3_mat	99200000	99400000	0.00679379
chr3_mat	99400000	99600000	0.00521926
chr3_mat	99600000	99800000	0.00518074
chr3_mat	99800000	100000000	0.00566869
chr3_mat	100000000	100200000	0.00496268
chr3_mat	100200000	100400000	0.00580662
chr3_mat	100400000	100600000	0.0067796
chr3_mat	100600000	100800000	0.00658372
chr3_mat	100800000	101000000	0.00623761
chr3_mat	101000000	101200000	0.00596073
chr3_mat	101200000	101400000	0.00655974
chr3_mat	101400000	101600000	0.00662192
chr3_mat	101600000	101800000	0.0067273
chr3_mat	101800000	102000000	0.00596845
chr3_mat	102000000	102200000	0.00449237
chr3_mat	102200000	102400000	0.0060575
chr3_mat	102400000	102600000	0.00688762
chr3_mat	102600000	102800000	0.00666756
chr3_mat	102800000	103000000	0.00491435
chr3_mat	103000000	103200000	0.00531111
chr3_mat	103200000	103400000	0.00552167
chr3_mat	103400000	103600000	0.00605528
chr3_mat	103600000	103800000	0.00687357
chr3_mat	103800000	104000000	0.00683027
chr3_mat	104000000	104200000	0.0057133
chr3_mat	104200000	104400000	0.00610384
chr3_mat	104400000	104600000	0.00574474
chr3_mat	104600000	104800000	0.00633877
chr3_mat	104800000	105000000	0.00646379
chr3_mat	105000000	105200000	0.0064703
chr3_mat	105200000	105400000	0.00666113
chr3_mat	105400000	105600000	0.00598961
chr3_mat	105600000	105800000	0.0061443
chr3_mat	105800000	106000000	0.00601359
chr3_mat	106000000	106200000	0.00622896
chr3_mat	106200000	106400000	0.0054087
chr3_mat	106400000	106600000	0.00503835
chr3_mat	106600000	106800000	0.00576099
chr3_mat	106800000	107000000	0.00684454
chr3_mat	107000000	107200000	0.00652085
chr3_mat	107200000	107400000	0.0045313
chr3_mat	107400000	107600000	0.00615829
chr3_mat	107600000	107800000	0.00637905
chr3_mat	107800000	108000000	0.00606839
chr3_mat	108000000	108200000	0.00450286
chr3_mat	108200000	108400000	0.0066064
chr3_mat	108400000	108600000	0.00585866
chr3_mat	108600000	108800000	0.0049123
chr3_mat	108800000	109000000	0.0068421
chr3_mat	109000000	109200000	0.00678787
chr3_mat	109200000	109400000	0.00701442
chr3_mat	109400000	109600000	0.0065763
chr3_mat	109600000	109800000	0.0048675
chr3_mat	109800000	110000000	0.00624757
chr3_mat	110000000	110200000	0.00675547
chr3_mat	110200000	110400000	0.00662581
chr3_mat	110400000	110600000	0.00625734
chr3_mat	110600000	110800000	0.00530966
chr3_mat	110800000	111000000	0.00647414
chr3_mat	111000000	111200000	0.00654251
chr3_mat	111200000	111400000	0.00653647
chr3_mat	111400000	111600000	0.00627814
chr3_mat	111600000	111800000	0.00623766
chr3_mat	111800000	112000000	0.00654634
chr3_mat	112000000	112200000	0.00422572
chr3_mat	112200000	112400000	0.00644458
chr3_mat	112400000	112600000	0.00616671
chr3_mat	112600000	112800000	0.00703167
chr3_mat	112800000	113000000	0.00611622
chr3_mat	113000000	113200000	0.0067752
chr3_mat	113200000	113400000	0.00641148
chr3_mat	113400000	113600000	0.00475391
chr3_mat	113600000	113800000	0.00566875
chr3_mat	113800000	114000000	0.00495365
chr3_mat	114000000	114200000	0.00666785
chr3_mat	114200000	114400000	0.00635712
chr3_mat	114400000	114600000	0.00509176
chr3_mat	114600000	114800000	0.00489398
chr3_mat	114800000	115000000	0.00717079
chr3_mat	115000000	115200000	0.00478117
chr3_mat	115200000	115400000	0.00575919
chr3_mat	115400000	115600000	
chr3_mat	115600000	115612305	
chr4_mat	0	200000	0.00900777
chr4_mat	200000	400000	0.00732771
chr4_mat	400000	600000	0.00733164
chr4_mat	600000	800000	0.00522826
chr4_mat	800000	1000000	0.00638528
chr4_mat	1000000	1200000	0.00576269
chr4_mat	1200000	1400000	0.00525112
chr4_mat	1400000	1600000	0.00530907
chr4_mat	1600000	1800000	0.0059062
chr4_mat	1800000	2000000	0.00546252
chr4_mat	2000000	2200000	0.00645648
chr4_mat	2200000	2400000	0.0067234
chr4_mat	2400000	2600000	0.00645839
chr4_mat	2600000	2800000	0.00497117
chr4_mat	2800000	3000000	0.0045095
chr4_mat	3000000	3200000	0.00479282
chr4_mat	3200000	3400000	0.00614326
chr4_mat	3400000	3600000	0.0062863
chr4_mat	3600000	3800000	0.00642244
chr4_mat	3800000	4000000	0.00610187
chr4_mat	4000000	4200000	0.00598297
chr4_mat	4200000	4400000	0.00585812
chr4_mat	4400000	4600000	0.00602654
chr4_mat	4600000	4800000	0.00599572
chr4_mat	4800000	5000000	0.00619939
chr4_mat	5000000	5200000	0.00624158
chr4_mat	5200000	5400000	0.0055889
chr4_mat	5400000	5600000	0.00614372
chr4_mat	5600000	5800000	0.00486822
chr4_mat	5800000	6000000	0.00419537
chr4_mat	6000000	6200000	0.0071892
chr4_mat	6200000	6400000	0.00695931
chr4_mat	6400000	6600000	0.00880698
chr4_mat	6600000	6800000	0.00507201
chr4_mat	6800000	7000000	0.00463915
chr4_mat	7000000	7200000	0.00604506
chr4_mat	7200000	7400000	0.00551174
chr4_mat	7400000	7600000	0.00421714
chr4_mat	7600000	7800000	0.00662591
chr4_mat	7800000	8000000	0.00675018
chr4_mat	8000000	8200000	0.00535779
chr4_mat	8200000	8400000	0.00504402
chr4_mat	8400000	8600000	0.00605094
chr4_mat	8600000	8800000	0.00509578
chr4_mat	8800000	9000000	0.00443041
chr4_mat	9000000	9200000	0.00481206
chr4_mat	9200000	9400000	0.00403556
chr4_mat	9400000	9600000	0.00582899
chr4_mat	9600000	9800000	0.00622624
chr4_mat	9800000	10000000	0.00592554
chr4_mat	10000000	10200000	0.00634011
chr4_mat	10200000	10400000	0.00636302
chr4_mat	10400000	10600000	0.00612106
chr4_mat	10600000	10800000	0.00607327
chr4_mat	10800000	11000000	0.00623435
chr4_mat	11000000	11200000	0.00618023
chr4_mat	11200000	11400000	0.00615815
chr4_mat	11400000	11600000	0.00594694
chr4_mat	11600000	11800000	0.00389812
chr4_mat	11800000	12000000	0.00567529
chr4_mat	12000000	12200000	0.00449062
chr4_mat	12200000	12400000	0.00539036
chr4_mat	12400000	12600000	0.00598805
chr4_mat	12600000	12800000	0.006027
chr4_mat	12800000	13000000	0.00596137
chr4_mat	13000000	13200000	0.0056088
chr4_mat	13200000	13400000	0.00577799
chr4_mat	13400000	13600000	0.00627966
chr4_mat	13600000	13800000	0.00616307
chr4_mat	13800000	14000000	0.00636703
chr4_mat	14000000	14200000	0.0060057
chr4_mat	14200000	14400000	0.00539144
chr4_mat	14400000	14600000	0.00638785
chr4_mat	14600000	14800000	0.00594361
chr4_mat	14800000	15000000	0.00504382
chr4_mat	15000000	15200000	0.00627174
chr4_mat	15200000	15400000	0.00558641
chr4_mat	15400000	15600000	0.00626633
chr4_mat	15600000	15800000	0.00524591
chr4_mat	15800000	16000000	0.00553467
chr4_mat	16000000	16200000	0.00594971
chr4_mat	16200000	16400000	0.005928
chr4_mat	16400000	16600000	0.00600305
chr4_mat	16600000	16800000	0.00603549
chr4_mat	16800000	17000000	0.00607842
chr4_mat	17000000	17200000	0.00625413
chr4_mat	17200000	17400000	0.00566929
chr4_mat	17400000	17600000	0.00608772
chr4_mat	17600000	17800000	0.00669071
chr4_mat	17800000	18000000	0.00621543
chr4_mat	18000000	18200000	0.00490807
chr4_mat	18200000	18400000	0.00496044
chr4_mat	18400000	18600000	0.00519871
chr4_mat	18600000	18800000	0.0051459
chr4_mat	18800000	19000000	0.0058979
chr4_mat	19000000	19200000	0.00602128
chr4_mat	19200000	19400000	0.00571789
chr4_mat	19400000	19600000	0.00618744
chr4_mat	19600000	19800000	0.00582465
chr4_mat	19800000	20000000	0.0058607
chr4_mat	20000000	20200000	0.00598468
chr4_mat	20200000	20400000	0.00591128
chr4_mat	20400000	20600000	0.00588711
chr4_mat	20600000	20800000	0.00585389
chr4_mat	20800000	21000000	0.00588147
chr4_mat	21000000	21200000	0.00579432
chr4_mat	21200000	21400000	0.0060012
chr4_mat	21400000	21600000	0.00617821
chr4_mat	21600000	21800000	0.00583948
chr4_mat	21800000	22000000	0.00622007
chr4_mat	22000000	22200000	0.00587707
chr4_mat	22200000	22400000	0.00636064
chr4_mat	22400000	22600000	0.00516486
chr4_mat	22600000	22800000	0.00461582
chr4_mat	22800000	23000000	0.00496382
chr4_mat	23000000	23200000	0.00678515
chr4_mat	23200000	23400000	0.00699629
chr4_mat	23400000	23600000	0.00681177
chr4_mat	23600000	23800000	0.0055539
chr4_mat	23800000	24000000	0.00540984
chr4_mat	24000000	24200000	0.00669754
chr4_mat	24200000	24400000	0.00621468
chr4_mat	24400000	24600000	0.00563929
chr4_mat	24600000	24800000	0.00591728
chr4_mat	24800000	25000000	0.00612729
chr4_mat	25000000	25200000	0.00662535
chr4_mat	25200000	25400000	0.00676456
chr4_mat	25400000	25600000	0.00597268
chr4_mat	25600000	25800000	0.00471857
chr4_mat	25800000	26000000	0.00467985
chr4_mat	26000000	26200000	0.00670344
chr4_mat	26200000	26400000	0.00627293
chr4_mat	26400000	26600000	0.00599323
chr4_mat	26600000	26800000	0.00607794
chr4_mat	26800000	27000000	0.00600714
chr4_mat	27000000	27200000	0.00556875
chr4_mat	27200000	27400000	0.00493865
chr4_mat	27400000	27600000	0.00514318
chr4_mat	27600000	27800000	0.00620273
chr4_mat	27800000	28000000	0.00665131
chr4_mat	28000000	28200000	0.00607058
chr4_mat	28200000	28400000	0.00606169
chr4_mat	28400000	28600000	0.00618131
chr4_mat	28600000	28800000	0.00608316
chr4_mat	28800000	29000000	0.00614287
chr4_mat	29000000	29200000	0.00619817
chr4_mat	29200000	29400000	0.00523316
chr4_mat	29400000	29600000	0.00581365
chr4_mat	29600000	29800000	0.00554607
chr4_mat	29800000	30000000	0.00620767
chr4_mat	30000000	30200000	0.006175
chr4_mat	30200000	30400000	0.00618594
chr4_mat	30400000	30600000	0.00630977
chr4_mat	30600000	30800000	0.00620519
chr4_mat	30800000	31000000	0.00603694
chr4_mat	31000000	31200000	0.00616955
chr4_mat	31200000	31400000	0.00688054
chr4_mat	31400000	31600000	0.00602028
chr4_mat	31600000	31800000	0.00572882
chr4_mat	31800000	32000000	0.00478823
chr4_mat	32000000	32200000	0.00538619
chr4_mat	32200000	32400000	0.00660407
chr4_mat	32400000	32600000	0.00636505
chr4_mat	32600000	32800000	0.00654074
chr4_mat	32800000	33000000	0.00620151
chr4_mat	33000000	33200000	0.00608773
chr4_mat	33200000	33400000	0.00623928
chr4_mat	33400000	33600000	0.00609084
chr4_mat	33600000	33800000	0.00622003
chr4_mat	33800000	34000000	0.00635265
chr4_mat	34000000	34200000	0.006318
chr4_mat	34200000	34400000	0.00622369
chr4_mat	34400000	34600000	0.00581007
chr4_mat	34600000	34800000	0.0046062
chr4_mat	34800000	35000000	0.00568473
chr4_mat	35000000	35200000	0.00629731
chr4_mat	35200000	35400000	0.00615728
chr4_mat	35400000	35600000	0.00503017
chr4_mat	35600000	35800000	0.00514779
chr4_mat	35800000	36000000	0.00603065
chr4_mat	36000000	36200000	0.00656067
chr4_mat	36200000	36400000	0.0063923
chr4_mat	36400000	36600000	0.00659305
chr4_mat	36600000	36800000	0.00631391
chr4_mat	36800000	37000000	0.0064261
chr4_mat	37000000	37200000	0.00507574
chr4_mat	37200000	37400000	0.00514579
chr4_mat	37400000	37600000	0.00535999
chr4_mat	37600000	37800000	0.00545311
chr4_mat	37800000	38000000	0.00658694
chr4_mat	38000000	38200000	0.00658442
chr4_mat	38200000	38400000	0.00661194
chr4_mat	38400000	38600000	0.0058403
chr4_mat	38600000	38800000	0.00495494
chr4_mat	38800000	39000000	0.00656942
chr4_mat	39000000	39200000	0.0060413
chr4_mat	39200000	39400000	0.00630437
chr4_mat	39400000	39600000	0.00624558
chr4_mat	39600000	39800000	0.00605891
chr4_mat	39800000	40000000	0.00632637
chr4_mat	40000000	40200000	0.00631993
chr4_mat	40200000	40400000	0.00601048
chr4_mat	40400000	40600000	0.00582309
chr4_mat	40600000	40800000	0.00597603
chr4_mat	40800000	41000000	0.00632862
chr4_mat	41000000	41200000	0.00650696
chr4_mat	41200000	41400000	0.00658012
chr4_mat	41400000	41600000	0.00617997
chr4_mat	41600000	41800000	0.00674057
chr4_mat	41800000	42000000	0.0072905
chr4_mat	42000000	42200000	0.00584334
chr4_mat	42200000	42400000	0.00774947
chr4_mat	42400000	42600000	0.00469613
chr4_mat	42600000	42800000	0.00643166
chr4_mat	42800000	43000000	0.00573953
chr4_mat	43000000	43200000	0.00684055
chr4_mat	43200000	43400000	0.00629635
chr4_mat	43400000	43600000	0.00633027
chr4_mat	43600000	43800000	0.00516826
chr4_mat	43800000	44000000	0.00561777
chr4_mat	44000000	44200000	0.00594941
chr4_mat	44200000	44400000	0.00754105
chr4_mat	44400000	44600000	0.00772785
chr4_mat	44600000	44800000	0.00520105
chr4_mat	44800000	45000000	0.00530445
chr4_mat	45000000	45200000	0.0061069
chr4_mat	45200000	45400000	0.00668457
chr4_mat	45400000	45600000	0.00699186
chr4_mat	45600000	45800000	0.00721128
chr4_mat	45800000	46000000	0.00668296
chr4_mat	46000000	46200000	0.00456618
chr4_mat	46200000	46400000	0.0073389
chr4_mat	46400000	46600000	0.00621706
chr4_mat	46600000	46800000	0.00675059
chr4_mat	46800000	47000000	0.00596539
chr4_mat	47000000	47200000	0.0071681
chr4_mat	47200000	47400000	0.00574038
chr4_mat	47400000	47600000	
chr4_mat	47600000	47800000	0.0123665
chr4_mat	47800000	48000000	0.00526414
chr4_mat	48000000	48200000	0.00799059
chr4_mat	48200000	48400000	0.0074605
chr4_mat	48400000	48600000	0.00457554
chr4_mat	48600000	48800000	0.00632919
chr4_mat	48800000	49000000	0.00683344
chr4_mat	49000000	49200000	0.00658613
chr4_mat	49200000	49400000	0.0117136
chr4_mat	49400000	49600000	0.00521926
chr4_mat	49600000	49800000	0.00423525
chr4_mat	49800000	50000000	0.00639996
chr4_mat	50000000	50200000	0.00706165
chr4_mat	50200000	50400000	0.00700215
chr4_mat	50400000	50600000	0.00661417
chr4_mat	50600000	50800000	0.00731021
chr4_mat	50800000	51000000	0.00764107
chr4_mat	51000000	51200000	0.00710079
chr4_mat	51200000	51400000	0.00683623
chr4_mat	51400000	51600000	0.0065403
chr4_mat	51600000	51800000	0.00696228
chr4_mat	51800000	52000000	0.00653063
chr4_mat	52000000	52200000	0.0063676
chr4_mat	52200000	52400000	0.00676147
chr4_mat	52400000	52600000	0.00682711
chr4_mat	52600000	52800000	0.00638428
chr4_mat	52800000	53000000	0.00691744
chr4_mat	53000000	53200000	0.00700522
chr4_mat	53200000	53400000	0.00739478
chr4_mat	53400000	53600000	0.00532566
chr4_mat	53600000	53800000	0.00678397
chr4_mat	53800000	54000000	0.00809716
chr4_mat	54000000	54200000	0.00745489
chr4_mat	54200000	54400000	0.00768933
chr4_mat	54400000	54600000	0.00844096
chr4_mat	54600000	54800000	0.00781472
chr4_mat	54800000	55000000	0.00785517
chr4_mat	55000000	55200000	0.00826263
chr4_mat	55200000	55400000	0.00769493
chr4_mat	55400000	55600000	0.00704038
chr4_mat	55600000	55800000	0.00872443
chr4_mat	55800000	56000000	
chr4_mat	56000000	56200000	
chr4_mat	56200000	56400000	
chr4_mat	56400000	56600000	0.00561391
chr4_mat	56600000	56800000	0.00570164
chr4_mat	56800000	57000000	0.0077057
chr4_mat	57000000	57200000	0.00783895
chr4_mat	57200000	57400000	0.00568202
chr4_mat	57400000	57600000	0.00613909
chr4_mat	57600000	57800000	0.00498945
chr4_mat	57800000	58000000	0.00666172
chr4_mat	58000000	58200000	0.00681227
chr4_mat	58200000	58400000	0.00668102
chr4_mat	58400000	58600000	0.00667708
chr4_mat	58600000	58800000	0.00565658
chr4_mat	58800000	59000000	0.00692062
chr4_mat	59000000	59200000	0.00702434
chr4_mat	59200000	59400000	0.00670317
chr4_mat	59400000	59600000	0.00636806
chr4_mat	59600000	59800000	0.00658932
chr4_mat	59800000	60000000	0.0059544
chr4_mat	60000000	60200000	0.00952186
chr4_mat	60200000	60400000	
chr4_mat	60400000	60600000	
chr4_mat	60600000	60800000	
chr4_mat	60800000	61000000	
chr4_mat	61000000	61200000	
chr4_mat	61200000	61400000	0.0063089
chr4_mat	61400000	61600000	0.00523068
chr4_mat	61600000	61800000	0.00551682
chr4_mat	61800000	62000000	0.00652083
chr4_mat	62000000	62200000	0.00597516
chr4_mat	62200000	62400000	0.00690394
chr4_mat	62400000	62600000	0.00568517
chr4_mat	62600000	62800000	0.00696642
chr4_mat	62800000	63000000	0.00677436
chr4_mat	63000000	63200000	0.00581784
chr4_mat	63200000	63400000	0.00745619
chr4_mat	63400000	63600000	0.0106161
chr4_mat	63600000	63800000	
chr4_mat	63800000	64000000	0.0123278
chr4_mat	64000000	64200000	0.00427878
chr4_mat	64200000	64400000	0.00545198
chr4_mat	64400000	64600000	0.00726295
chr4_mat	64600000	64800000	0.00705744
chr4_mat	64800000	65000000	0.00731106
chr4_mat	65000000	65200000	0.0074218
chr4_mat	65200000	65400000	0.00733045
chr4_mat	65400000	65600000	0.00672769
chr4_mat	65600000	65800000	0.00680922
chr4_mat	65800000	66000000	0.00531091
chr4_mat	66000000	66200000	0.00472817
chr4_mat	66200000	66400000	0.00714746
chr4_mat	66400000	66600000	0.00660988
chr4_mat	66600000	66800000	0.00544475
chr4_mat	66800000	67000000	0.00561268
chr4_mat	67000000	67200000	0.00620121
chr4_mat	67200000	67400000	0.00701348
chr4_mat	67400000	67600000	0.00574908
chr4_mat	67600000	67800000	0.00734666
chr4_mat	67800000	68000000	0.00744704
chr4_mat	68000000	68200000	0.0069635
chr4_mat	68200000	68400000	0.00735915
chr4_mat	68400000	68600000	0.00637172
chr4_mat	68600000	68800000	0.00420206
chr4_mat	68800000	69000000	0.00566909
chr4_mat	69000000	69200000	0.00741891
chr4_mat	69200000	69400000	0.00517644
chr4_mat	69400000	69600000	0.00378119
chr4_mat	69600000	69800000	0.00457013
chr4_mat	69800000	70000000	0.00593433
chr4_mat	70000000	70200000	0.00721395
chr4_mat	70200000	70400000	0.00813845
chr4_mat	70400000	70600000	0.00567741
chr4_mat	70600000	70800000	0.00660853
chr4_mat	70800000	71000000	0.00623235
chr4_mat	71000000	71200000	0.0068411
chr4_mat	71200000	71400000	0.00617898
chr4_mat	71400000	71600000	0.00695894
chr4_mat	71600000	71800000	0.00639711
chr4_mat	71800000	72000000	0.00656693
chr4_mat	72000000	72200000	0.00681252
chr4_mat	72200000	72400000	0.00656764
chr4_mat	72400000	72600000	0.00689458
chr4_mat	72600000	72800000	0.0067729
chr4_mat	72800000	73000000	0.00655792
chr4_mat	73000000	73200000	0.00675036
chr4_mat	73200000	73400000	0.0065837
chr4_mat	73400000	73600000	0.0084005
chr4_mat	73600000	73776267	
chr4A_mat	0	200000	0.00545683
chr4A_mat	200000	400000	0.00769006
chr4A_mat	400000	600000	0.00845907
chr4A_mat	600000	800000	0.00856392
chr4A_mat	800000	1000000	0.00746169
chr4A_mat	1000000	1200000	0.00818571
chr4A_mat	1200000	1400000	0.00797519
chr4A_mat	1400000	1600000	0.00710518
chr4A_mat	1600000	1800000	0.00613556
chr4A_mat	1800000	2000000	0.00726843
chr4A_mat	2000000	2200000	0.00716354
chr4A_mat	2200000	2400000	0.00733977
chr4A_mat	2400000	2600000	0.0068431
chr4A_mat	2600000	2800000	0.00680359
chr4A_mat	2800000	3000000	0.00690049
chr4A_mat	3000000	3200000	0.00663494
chr4A_mat	3200000	3400000	0.00650477
chr4A_mat	3400000	3600000	0.00659429
chr4A_mat	3600000	3800000	0.00611328
chr4A_mat	3800000	4000000	0.00599204
chr4A_mat	4000000	4200000	0.00580386
chr4A_mat	4200000	4400000	0.00565134
chr4A_mat	4400000	4600000	0.00699062
chr4A_mat	4600000	4800000	0.00452983
chr4A_mat	4800000	5000000	0.00488552
chr4A_mat	5000000	5200000	0.00528185
chr4A_mat	5200000	5400000	0.00599068
chr4A_mat	5400000	5600000	0.00755337
chr4A_mat	5600000	5800000	0.00872667
chr4A_mat	5800000	6000000	0.00661657
chr4A_mat	6000000	6200000	0.0060489
chr4A_mat	6200000	6400000	0.00581844
chr4A_mat	6400000	6600000	0.00515604
chr4A_mat	6600000	6800000	0.00502011
chr4A_mat	6800000	7000000	0.00701066
chr4A_mat	7000000	7200000	0.00638456
chr4A_mat	7200000	7400000	0.00565342
chr4A_mat	7400000	7600000	0.00524144
chr4A_mat	7600000	7800000	0.00709832
chr4A_mat	7800000	8000000	0.00556463
chr4A_mat	8000000	8200000	0.00661568
chr4A_mat	8200000	8400000	0.00723639
chr4A_mat	8400000	8600000	0.00598311
chr4A_mat	8600000	8800000	0.00467423
chr4A_mat	8800000	9000000	0.00419633
chr4A_mat	9000000	9200000	0.00719919
chr4A_mat	9200000	9400000	0.00711956
chr4A_mat	9400000	9600000	0.00538974
chr4A_mat	9600000	9800000	0.00438543
chr4A_mat	9800000	10000000	0.00648326
chr4A_mat	10000000	10200000	0.00699822
chr4A_mat	10200000	10400000	0.00669411
chr4A_mat	10400000	10600000	0.00684418
chr4A_mat	10600000	10800000	0.00625019
chr4A_mat	10800000	11000000	0.0046406
chr4A_mat	11000000	11200000	0.00473313
chr4A_mat	11200000	11400000	0.00488277
chr4A_mat	11400000	11600000	0.00434874
chr4A_mat	11600000	11800000	0.0063727
chr4A_mat	11800000	12000000	0.00602595
chr4A_mat	12000000	12200000	0.00616608
chr4A_mat	12200000	12400000	0.00460171
chr4A_mat	12400000	12600000	0.00581558
chr4A_mat	12600000	12800000	0.00650186
chr4A_mat	12800000	13000000	0.00680914
chr4A_mat	13000000	13200000	0.00572529
chr4A_mat	13200000	13400000	0.00622009
chr4A_mat	13400000	13600000	0.00662529
chr4A_mat	13600000	13800000	0.00705691
chr4A_mat	13800000	14000000	0.00675837
chr4A_mat	14000000	14200000	0.00696521
chr4A_mat	14200000	14400000	0.00707116
chr4A_mat	14400000	14600000	0.00539721
chr4A_mat	14600000	14800000	0.00647296
chr4A_mat	14800000	15000000	0.00640847
chr4A_mat	15000000	15200000	0.00495453
chr4A_mat	15200000	15400000	0.00628304
chr4A_mat	15400000	15600000	0.00657108
chr4A_mat	15600000	15800000	0.00534368
chr4A_mat	15800000	16000000	0.00762318
chr4A_mat	16000000	16200000	0.00668668
chr4A_mat	16200000	16400000	0.00470673
chr4A_mat	16400000	16600000	0.00675957
chr4A_mat	16600000	16800000	0.00563683
chr4A_mat	16800000	17000000	0.00576588
chr4A_mat	17000000	17200000	0.00482981
chr4A_mat	17200000	17400000	0.00780241
chr4A_mat	17400000	17600000	0.00778817
chr4A_mat	17600000	17800000	0.00846376
chr4A_mat	17800000	18000000	0.00948123
chr4A_mat	18000000	18200000	0.00810202
chr4A_mat	18200000	18400000	0.00616169
chr4A_mat	18400000	18600000	0.00499844
chr4A_mat	18600000	18800000	0.00484184
chr4A_mat	18800000	19000000	0.00477638
chr4A_mat	19000000	19200000	0.0081105
chr4A_mat	19200000	19400000	0.00673114
chr4A_mat	19400000	19545315	0.0120745
chr5_mat	0	200000	
chr5_mat	200000	400000	0.0054076
chr5_mat	400000	600000	0.0059396
chr5_mat	600000	800000	0.00721876
chr5_mat	800000	1000000	0.0073449
chr5_mat	1000000	1200000	
chr5_mat	1200000	1400000	0.00744085
chr5_mat	1400000	1600000	0.0057178
chr5_mat	1600000	1800000	0.0065744
chr5_mat	1800000	2000000	0.00625849
chr5_mat	2000000	2200000	
chr5_mat	2200000	2400000	0.00906255
chr5_mat	2400000	2600000	0.00683412
chr5_mat	2600000	2800000	0.00743059
chr5_mat	2800000	3000000	0.0067948
chr5_mat	3000000	3200000	0.0050944
chr5_mat	3200000	3400000	0.00772399
chr5_mat	3400000	3600000	0.00672723
chr5_mat	3600000	3800000	0.00523767
chr5_mat	3800000	4000000	0.00509493
chr5_mat	4000000	4200000	0.00742254
chr5_mat	4200000	4400000	0.00742375
chr5_mat	4400000	4600000	0.0073339
chr5_mat	4600000	4800000	0.00737614
chr5_mat	4800000	5000000	0.00584901
chr5_mat	5000000	5200000	0.00662481
chr5_mat	5200000	5400000	0.00757254
chr5_mat	5400000	5600000	0.00693386
chr5_mat	5600000	5800000	0.00531616
chr5_mat	5800000	6000000	0.00657961
chr5_mat	6000000	6200000	0.00640379
chr5_mat	6200000	6400000	0.00739436
chr5_mat	6400000	6600000	0.00691915
chr5_mat	6600000	6800000	0.00954758
chr5_mat	6800000	7000000	
chr5_mat	7000000	7200000	
chr5_mat	7200000	7400000	
chr5_mat	7400000	7600000	
chr5_mat	7600000	7800000	
chr5_mat	7800000	8000000	
chr5_mat	8000000	8200000	
chr5_mat	8200000	8400000	
chr5_mat	8400000	8600000	
chr5_mat	8600000	8800000	
chr5_mat	8800000	9000000	
chr5_mat	9000000	9200000	
chr5_mat	9200000	9400000	
chr5_mat	9400000	9600000	
chr5_mat	9600000	9800000	0.00699715
chr5_mat	9800000	10000000	0.00687726
chr5_mat	10000000	10200000	0.00601428
chr5_mat	10200000	10400000	0.00652801
chr5_mat	10400000	10600000	0.00686872
chr5_mat	10600000	10800000	0.00696393
chr5_mat	10800000	11000000	0.00384909
chr5_mat	11000000	11200000	0.00561035
chr5_mat	11200000	11400000	0.00431855
chr5_mat	11400000	11600000	0.00433338
chr5_mat	11600000	11800000	0.00500385
chr5_mat	11800000	12000000	0.00563016
chr5_mat	12000000	12200000	0.00536448
chr5_mat	12200000	12400000	0.00608148
chr5_mat	12400000	12600000	0.0056849
chr5_mat	12600000	12800000	0.0047657
chr5_mat	12800000	13000000	0.00885139
chr5_mat	13000000	13200000	0.00467256
chr5_mat	13200000	13400000	0.00542096
chr5_mat	13400000	13600000	0.00665418
chr5_mat	13600000	13800000	0.00466563
chr5_mat	13800000	14000000	0.00505103
chr5_mat	14000000	14200000	0.00612116
chr5_mat	14200000	14400000	0.00744927
chr5_mat	14400000	14600000	0.00780009
chr5_mat	14600000	14800000	0.00711225
chr5_mat	14800000	15000000	0.00497193
chr5_mat	15000000	15200000	0.00542996
chr5_mat	15200000	15400000	0.00733489
chr5_mat	15400000	15600000	0.00693428
chr5_mat	15600000	15800000	0.00486635
chr5_mat	15800000	16000000	0.00480299
chr5_mat	16000000	16200000	0.00627501
chr5_mat	16200000	16400000	0.00586195
chr5_mat	16400000	16600000	0.00706428
chr5_mat	16600000	16800000	0.00739085
chr5_mat	16800000	17000000	0.00623728
chr5_mat	17000000	17200000	0.00444949
chr5_mat	17200000	17400000	0.007883
chr5_mat	17400000	17600000	0.00728925
chr5_mat	17600000	17800000	0.00502823
chr5_mat	17800000	18000000	0.00716755
chr5_mat	18000000	18200000	0.00704972
chr5_mat	18200000	18400000	0.00531936
chr5_mat	18400000	18600000	0.00799164
chr5_mat	18600000	18800000	0.00631422
chr5_mat	18800000	19000000	0.00555247
chr5_mat	19000000	19200000	0.00628737
chr5_mat	19200000	19400000	0.00517953
chr5_mat	19400000	19600000	0.00741796
chr5_mat	19600000	19800000	0.00578917
chr5_mat	19800000	20000000	0.00625015
chr5_mat	20000000	20200000	0.00721211
chr5_mat	20200000	20400000	0.00651414
chr5_mat	20400000	20600000	0.00514617
chr5_mat	20600000	20800000	0.00575447
chr5_mat	20800000	21000000	0.00532647
chr5_mat	21000000	21200000	0.00666587
chr5_mat	21200000	21400000	0.00427848
chr5_mat	21400000	21600000	0.0049106
chr5_mat	21600000	21800000	0.00656261
chr5_mat	21800000	22000000	0.00746511
chr5_mat	22000000	22200000	0.00642915
chr5_mat	22200000	22400000	0.00600117
chr5_mat	22400000	22600000	0.00668314
chr5_mat	22600000	22800000	0.00702094
chr5_mat	22800000	23000000	0.00681892
chr5_mat	23000000	23200000	0.00679908
chr5_mat	23200000	23400000	0.0066908
chr5_mat	23400000	23600000	0.00666804
chr5_mat	23600000	23800000	0.00683299
chr5_mat	23800000	24000000	0.00681062
chr5_mat	24000000	24200000	0.00706669
chr5_mat	24200000	24400000	0.00477078
chr5_mat	24400000	24600000	0.00603907
chr5_mat	24600000	24800000	0.00655882
chr5_mat	24800000	25000000	0.00715531
chr5_mat	25000000	25200000	0.00692543
chr5_mat	25200000	25400000	0.00621303
chr5_mat	25400000	25600000	0.00689894
chr5_mat	25600000	25800000	0.0065815
chr5_mat	25800000	26000000	0.00425769
chr5_mat	26000000	26200000	0.0050748
chr5_mat	26200000	26400000	0.00466428
chr5_mat	26400000	26600000	0.00453336
chr5_mat	26600000	26800000	0.00536116
chr5_mat	26800000	27000000	0.0057628
chr5_mat	27000000	27200000	0.0058838
chr5_mat	27200000	27400000	0.00700438
chr5_mat	27400000	27600000	0.00599189
chr5_mat	27600000	27800000	0.00479168
chr5_mat	27800000	28000000	0.0044217
chr5_mat	28000000	28200000	0.00578569
chr5_mat	28200000	28400000	0.00611344
chr5_mat	28400000	28600000	0.00553803
chr5_mat	28600000	28800000	0.00609542
chr5_mat	28800000	29000000	0.00493213
chr5_mat	29000000	29200000	0.0051856
chr5_mat	29200000	29400000	0.00491878
chr5_mat	29400000	29600000	0.00571605
chr5_mat	29600000	29800000	0.00424864
chr5_mat	29800000	30000000	0.00553081
chr5_mat	30000000	30200000	0.00589186
chr5_mat	30200000	30400000	0.00722095
chr5_mat	30400000	30600000	0.00670561
chr5_mat	30600000	30800000	0.00505798
chr5_mat	30800000	31000000	0.00598809
chr5_mat	31000000	31200000	0.00694529
chr5_mat	31200000	31400000	0.00467268
chr5_mat	31400000	31600000	0.00615094
chr5_mat	31600000	31800000	0.00456194
chr5_mat	31800000	32000000	0.00569626
chr5_mat	32000000	32200000	0.00616579
chr5_mat	32200000	32400000	0.00604504
chr5_mat	32400000	32600000	0.0040067
chr5_mat	32600000	32800000	0.00590409
chr5_mat	32800000	33000000	0.00568477
chr5_mat	33000000	33200000	0.005313
chr5_mat	33200000	33400000	0.00658744
chr5_mat	33400000	33600000	0.00586389
chr5_mat	33600000	33800000	0.00530728
chr5_mat	33800000	34000000	0.00658967
chr5_mat	34000000	34200000	0.00607218
chr5_mat	34200000	34400000	0.00569744
chr5_mat	34400000	34600000	0.00639202
chr5_mat	34600000	34800000	0.00659365
chr5_mat	34800000	35000000	0.00647735
chr5_mat	35000000	35200000	0.00624265
chr5_mat	35200000	35400000	0.00684485
chr5_mat	35400000	35600000	0.00662931
chr5_mat	35600000	35800000	0.00578362
chr5_mat	35800000	36000000	0.00467862
chr5_mat	36000000	36200000	0.00646804
chr5_mat	36200000	36400000	0.00629427
chr5_mat	36400000	36600000	0.0061814
chr5_mat	36600000	36800000	0.00636117
chr5_mat	36800000	37000000	0.00626329
chr5_mat	37000000	37200000	0.00616744
chr5_mat	37200000	37400000	0.00642802
chr5_mat	37400000	37600000	0.00628619
chr5_mat	37600000	37800000	0.00592129
chr5_mat	37800000	38000000	0.00512379
chr5_mat	38000000	38200000	0.00444849
chr5_mat	38200000	38400000	0.00456994
chr5_mat	38400000	38600000	0.00526583
chr5_mat	38600000	38800000	0.00635362
chr5_mat	38800000	39000000	0.00652454
chr5_mat	39000000	39200000	0.0066565
chr5_mat	39200000	39400000	0.00658961
chr5_mat	39400000	39600000	0.00635145
chr5_mat	39600000	39800000	0.00528718
chr5_mat	39800000	40000000	0.00407134
chr5_mat	40000000	40200000	0.00595288
chr5_mat	40200000	40400000	0.00566793
chr5_mat	40400000	40600000	0.00618021
chr5_mat	40600000	40800000	0.00609837
chr5_mat	40800000	41000000	0.00544431
chr5_mat	41000000	41200000	0.00667112
chr5_mat	41200000	41400000	0.00688962
chr5_mat	41400000	41600000	0.00455166
chr5_mat	41600000	41800000	0.00502481
chr5_mat	41800000	42000000	0.00509588
chr5_mat	42000000	42200000	0.00444105
chr5_mat	42200000	42400000	0.00546678
chr5_mat	42400000	42600000	0.00565967
chr5_mat	42600000	42800000	0.00656537
chr5_mat	42800000	43000000	0.00475379
chr5_mat	43000000	43200000	0.00660787
chr5_mat	43200000	43400000	0.00479579
chr5_mat	43400000	43600000	0.00491456
chr5_mat	43600000	43800000	0.00664507
chr5_mat	43800000	44000000	0.00702612
chr5_mat	44000000	44200000	0.006575
chr5_mat	44200000	44400000	0.00670967
chr5_mat	44400000	44600000	0.00626961
chr5_mat	44600000	44800000	0.0059991
chr5_mat	44800000	45000000	0.00457028
chr5_mat	45000000	45200000	0.00524898
chr5_mat	45200000	45400000	0.00614538
chr5_mat	45400000	45600000	0.00658066
chr5_mat	45600000	45800000	0.0062139
chr5_mat	45800000	46000000	0.00594695
chr5_mat	46000000	46200000	0.00619114
chr5_mat	46200000	46400000	0.0058737
chr5_mat	46400000	46600000	0.00602823
chr5_mat	46600000	46800000	0.00589226
chr5_mat	46800000	47000000	0.00611744
chr5_mat	47000000	47200000	0.00612137
chr5_mat	47200000	47400000	0.0061805
chr5_mat	47400000	47600000	0.00520106
chr5_mat	47600000	47800000	0.00638085
chr5_mat	47800000	48000000	0.0058044
chr5_mat	48000000	48200000	0.00486424
chr5_mat	48200000	48400000	0.00598749
chr5_mat	48400000	48600000	0.00496279
chr5_mat	48600000	48800000	0.00503464
chr5_mat	48800000	49000000	0.00465592
chr5_mat	49000000	49200000	0.00610222
chr5_mat	49200000	49400000	0.00473727
chr5_mat	49400000	49600000	0.00450431
chr5_mat	49600000	49800000	0.00666252
chr5_mat	49800000	50000000	0.00618457
chr5_mat	50000000	50200000	0.00623252
chr5_mat	50200000	50400000	0.00572035
chr5_mat	50400000	50600000	0.00472726
chr5_mat	50600000	50800000	0.00682658
chr5_mat	50800000	51000000	0.00461182
chr5_mat	51000000	51200000	0.00483658
chr5_mat	51200000	51400000	0.00621026
chr5_mat	51400000	51600000	0.0060791
chr5_mat	51600000	51800000	0.00628425
chr5_mat	51800000	52000000	0.00626458
chr5_mat	52000000	52200000	0.00619355
chr5_mat	52200000	52400000	0.00672307
chr5_mat	52400000	52600000	0.00529675
chr5_mat	52600000	52800000	0.00646736
chr5_mat	52800000	53000000	0.00643836
chr5_mat	53000000	53200000	0.00449911
chr5_mat	53200000	53400000	0.00605358
chr5_mat	53400000	53600000	0.00635474
chr5_mat	53600000	53800000	0.00626595
chr5_mat	53800000	54000000	0.00490432
chr5_mat	54000000	54200000	0.0040218
chr5_mat	54200000	54400000	0.00498346
chr5_mat	54400000	54600000	0.00631273
chr5_mat	54600000	54800000	0.00623098
chr5_mat	54800000	55000000	0.00479605
chr5_mat	55000000	55200000	0.0048624
chr5_mat	55200000	55400000	0.00531558
chr5_mat	55400000	55600000	0.00668456
chr5_mat	55600000	55800000	0.00651829
chr5_mat	55800000	56000000	0.00643573
chr5_mat	56000000	56200000	0.00677107
chr5_mat	56200000	56400000	0.00577181
chr5_mat	56400000	56600000	0.00615468
chr5_mat	56600000	56800000	0.00572075
chr5_mat	56800000	57000000	0.00702622
chr5_mat	57000000	57200000	0.00611535
chr5_mat	57200000	57400000	0.00701136
chr5_mat	57400000	57600000	0.00610477
chr5_mat	57600000	57800000	0.00461366
chr5_mat	57800000	58000000	0.00587535
chr5_mat	58000000	58200000	0.00582117
chr5_mat	58200000	58400000	0.00519864
chr5_mat	58400000	58600000	0.00670857
chr5_mat	58600000	58800000	0.00676432
chr5_mat	58800000	59000000	0.00628908
chr5_mat	59000000	59200000	0.00637375
chr5_mat	59200000	59400000	0.00495109
chr5_mat	59400000	59600000	0.00521767
chr5_mat	59600000	59800000	0.00700176
chr5_mat	59800000	60000000	0.00684494
chr5_mat	60000000	60200000	0.0108579
chr5_mat	60200000	60400000	0.00594132
chr5_mat	60400000	60600000	0.00457928
chr5_mat	60600000	60800000	0.00564827
chr5_mat	60800000	61000000	0.00619038
chr5_mat	61000000	61200000	0.00695075
chr5_mat	61200000	61400000	0.00634776
chr5_mat	61400000	61600000	0.00501182
chr5_mat	61600000	61800000	0.00573198
chr5_mat	61800000	62000000	0.00515254
chr5_mat	62000000	62200000	0.00683744
chr5_mat	62200000	62400000	0.00545386
chr5_mat	62400000	62600000	0.0052101
chr5_mat	62600000	62800000	0.00641525
chr5_mat	62800000	63000000	0.00522099
chr5_mat	63000000	63200000	0.00439468
chr5_mat	63200000	63400000	0.00526004
chr5_mat	63400000	63600000	0.00567778
chr5_mat	63600000	63800000	0.00591608
chr5_mat	63800000	64000000	0.00587376
chr5_mat	64000000	64200000	0.00520047
chr5_mat	64200000	64400000	0.00824573
chr5_mat	64400000	64600000	0.00944166
chr5_mat	64600000	64800000	0.00857052
chr5_mat	64800000	65000000	
chr5_mat	65000000	65033001	
chr6_mat	0	200000	
chr6_mat	200000	400000	
chr6_mat	400000	600000	
chr6_mat	600000	800000	0.0102697
chr6_mat	800000	1000000	0.00765328
chr6_mat	1000000	1200000	0.0076349
chr6_mat	1200000	1400000	0.00785449
chr6_mat	1400000	1600000	0.00809021
chr6_mat	1600000	1800000	0.00770222
chr6_mat	1800000	2000000	0.00460818
chr6_mat	2000000	2200000	0.00472668
chr6_mat	2200000	2400000	0.00523194
chr6_mat	2400000	2600000	0.00643282
chr6_mat	2600000	2800000	0.00805839
chr6_mat	2800000	3000000	0.00805916
chr6_mat	3000000	3200000	0.00726596
chr6_mat	3200000	3400000	0.00535789
chr6_mat	3400000	3600000	0.00533517
chr6_mat	3600000	3800000	0.00497594
chr6_mat	3800000	4000000	0.00593099
chr6_mat	4000000	4200000	0.00463307
chr6_mat	4200000	4400000	0.00838318
chr6_mat	4400000	4600000	0.00797149
chr6_mat	4600000	4800000	0.0075227
chr6_mat	4800000	5000000	0.00762454
chr6_mat	5000000	5200000	0.00773225
chr6_mat	5200000	5400000	0.00816398
chr6_mat	5400000	5600000	0.00785777
chr6_mat	5600000	5800000	
chr6_mat	5800000	6000000	
chr6_mat	6000000	6200000	
chr6_mat	6200000	6400000	
chr6_mat	6400000	6600000	
chr6_mat	6600000	6800000	
chr6_mat	6800000	7000000	
chr6_mat	7000000	7200000	0.00584042
chr6_mat	7200000	7400000	0.0050719
chr6_mat	7400000	7600000	0.00504493
chr6_mat	7600000	7800000	0.00612011
chr6_mat	7800000	8000000	0.00587161
chr6_mat	8000000	8200000	0.00590661
chr6_mat	8200000	8400000	0.006507
chr6_mat	8400000	8600000	0.00684391
chr6_mat	8600000	8800000	0.00703792
chr6_mat	8800000	9000000	0.00722954
chr6_mat	9000000	9200000	0.00696017
chr6_mat	9200000	9400000	0.0072459
chr6_mat	9400000	9600000	0.00709689
chr6_mat	9600000	9800000	0.00714175
chr6_mat	9800000	10000000	0.00681837
chr6_mat	10000000	10200000	0.00683966
chr6_mat	10200000	10400000	0.0047449
chr6_mat	10400000	10600000	0.00656123
chr6_mat	10600000	10800000	0.00589565
chr6_mat	10800000	11000000	0.00443948
chr6_mat	11000000	11200000	0.00616709
chr6_mat	11200000	11400000	0.00696748
chr6_mat	11400000	11600000	0.00698309
chr6_mat	11600000	11800000	0.00685773
chr6_mat	11800000	12000000	0.00668591
chr6_mat	12000000	12200000	0.00658593
chr6_mat	12200000	12400000	0.00557923
chr6_mat	12400000	12600000	0.00641966
chr6_mat	12600000	12800000	0.00551004
chr6_mat	12800000	13000000	0.0056651
chr6_mat	13000000	13200000	0.00544606
chr6_mat	13200000	13400000	0.00684284
chr6_mat	13400000	13600000	0.00687932
chr6_mat	13600000	13800000	0.00676595
chr6_mat	13800000	14000000	0.00641427
chr6_mat	14000000	14200000	0.00531541
chr6_mat	14200000	14400000	0.00551387
chr6_mat	14400000	14600000	0.00640093
chr6_mat	14600000	14800000	0.00636427
chr6_mat	14800000	15000000	0.00647439
chr6_mat	15000000	15200000	0.00619122
chr6_mat	15200000	15400000	0.00651646
chr6_mat	15400000	15600000	0.00624862
chr6_mat	15600000	15800000	0.00626636
chr6_mat	15800000	16000000	0.00502826
chr6_mat	16000000	16200000	0.00504729
chr6_mat	16200000	16400000	0.00602023
chr6_mat	16400000	16600000	0.005276
chr6_mat	16600000	16800000	0.00529594
chr6_mat	16800000	17000000	0.00428227
chr6_mat	17000000	17200000	0.0053396
chr6_mat	17200000	17400000	0.00521369
chr6_mat	17400000	17600000	0.00596711
chr6_mat	17600000	17800000	0.00563947
chr6_mat	17800000	18000000	0.00507965
chr6_mat	18000000	18200000	0.00688745
chr6_mat	18200000	18400000	0.00760104
chr6_mat	18400000	18600000	0.00512884
chr6_mat	18600000	18800000	0.00524212
chr6_mat	18800000	19000000	0.00568361
chr6_mat	19000000	19200000	0.0066717
chr6_mat	19200000	19400000	0.00578115
chr6_mat	19400000	19600000	0.00637704
chr6_mat	19600000	19800000	0.00568524
chr6_mat	19800000	20000000	0.00705856
chr6_mat	20000000	20200000	0.00685904
chr6_mat	20200000	20400000	0.00541892
chr6_mat	20400000	20600000	0.0056535
chr6_mat	20600000	20800000	0.00638683
chr6_mat	20800000	21000000	0.00464037
chr6_mat	21000000	21200000	0.00603485
chr6_mat	21200000	21400000	0.00575152
chr6_mat	21400000	21600000	0.004892
chr6_mat	21600000	21800000	0.00438055
chr6_mat	21800000	22000000	0.0045446
chr6_mat	22000000	22200000	0.00635793
chr6_mat	22200000	22400000	0.00651772
chr6_mat	22400000	22600000	0.00674819
chr6_mat	22600000	22800000	0.00674102
chr6_mat	22800000	23000000	0.00474684
chr6_mat	23000000	23200000	0.00736936
chr6_mat	23200000	23400000	0.00596648
chr6_mat	23400000	23600000	0.00483346
chr6_mat	23600000	23800000	0.00532103
chr6_mat	23800000	24000000	0.00505189
chr6_mat	24000000	24200000	0.00699945
chr6_mat	24200000	24400000	0.00477073
chr6_mat	24400000	24600000	0.00505658
chr6_mat	24600000	24800000	0.00476787
chr6_mat	24800000	25000000	0.00544256
chr6_mat	25000000	25200000	0.00745612
chr6_mat	25200000	25400000	0.00615859
chr6_mat	25400000	25600000	0.00618121
chr6_mat	25600000	25800000	0.00668742
chr6_mat	25800000	26000000	0.00665795
chr6_mat	26000000	26200000	0.00652823
chr6_mat	26200000	26400000	0.00641194
chr6_mat	26400000	26600000	0.00670385
chr6_mat	26600000	26800000	0.00695619
chr6_mat	26800000	27000000	0.00621099
chr6_mat	27000000	27200000	0.00393705
chr6_mat	27200000	27400000	0.0057391
chr6_mat	27400000	27600000	0.00507742
chr6_mat	27600000	27800000	0.00655679
chr6_mat	27800000	28000000	0.00615504
chr6_mat	28000000	28200000	0.0050738
chr6_mat	28200000	28400000	0.00604483
chr6_mat	28400000	28600000	0.00595454
chr6_mat	28600000	28800000	0.00628965
chr6_mat	28800000	29000000	0.00452458
chr6_mat	29000000	29200000	0.00599531
chr6_mat	29200000	29400000	0.00564817
chr6_mat	29400000	29600000	0.00602437
chr6_mat	29600000	29800000	0.0063224
chr6_mat	29800000	30000000	0.00623552
chr6_mat	30000000	30200000	0.00646376
chr6_mat	30200000	30400000	0.00644123
chr6_mat	30400000	30600000	0.00531959
chr6_mat	30600000	30800000	0.00660218
chr6_mat	30800000	31000000	0.00649998
chr6_mat	31000000	31200000	0.00604693
chr6_mat	31200000	31400000	0.00552755
chr6_mat	31400000	31600000	0.00478981
chr6_mat	31600000	31800000	0.00477903
chr6_mat	31800000	32000000	0.00631917
chr6_mat	32000000	32200000	0.00623966
chr6_mat	32200000	32400000	0.00730026
chr6_mat	32400000	32600000	0.00511553
chr6_mat	32600000	32800000	0.00626711
chr6_mat	32800000	33000000	0.00488331
chr6_mat	33000000	33200000	0.00667786
chr6_mat	33200000	33400000	0.00682819
chr6_mat	33400000	33600000	0.00669511
chr6_mat	33600000	33800000	0.00501691
chr6_mat	33800000	34000000	0.00688151
chr6_mat	34000000	34200000	0.00503535
chr6_mat	34200000	34400000	0.00670613
chr6_mat	34400000	34600000	0.00626048
chr6_mat	34600000	34800000	0.00616611
chr6_mat	34800000	35000000	0.00579658
chr6_mat	35000000	35200000	0.00699291
chr6_mat	35200000	35400000	0.00725311
chr6_mat	35400000	35600000	0.00691648
chr6_mat	35600000	35800000	0.00716924
chr6_mat	35800000	36000000	0.00633748
chr6_mat	36000000	36200000	0.00805497
chr6_mat	36200000	36400000	0.0073485
chr6_mat	36400000	36600000	0.00672267
chr6_mat	36600000	36800000	0.00599705
chr6_mat	36800000	36968704	0.00599424
chr7_mat	0	200000	
chr7_mat	200000	400000	
chr7_mat	400000	600000	
chr7_mat	600000	800000	
chr7_mat	800000	1000000	0.00724709
chr7_mat	1000000	1200000	0.00643116
chr7_mat	1200000	1400000	0.00726365
chr7_mat	1400000	1600000	0.00741805
chr7_mat	1600000	1800000	0.0069629
chr7_mat	1800000	2000000	0.00583941
chr7_mat	2000000	2200000	0.00754207
chr7_mat	2200000	2400000	0.00557134
chr7_mat	2400000	2600000	0.00621534
chr7_mat	2600000	2800000	0.00712019
chr7_mat	2800000	3000000	0.00694323
chr7_mat	3000000	3200000	0.00686609
chr7_mat	3200000	3400000	0.00650335
chr7_mat	3400000	3600000	0.00604513
chr7_mat	3600000	3800000	0.00726498
chr7_mat	3800000	4000000	0.00596594
chr7_mat	4000000	4200000	0.00689536
chr7_mat	4200000	4400000	
chr7_mat	4400000	4600000	
chr7_mat	4600000	4800000	
chr7_mat	4800000	5000000	0.00517004
chr7_mat	5000000	5200000	0.00706242
chr7_mat	5200000	5400000	0.00533648
chr7_mat	5400000	5600000	0.00585109
chr7_mat	5600000	5800000	0.00768095
chr7_mat	5800000	6000000	0.00682839
chr7_mat	6000000	6200000	0.00698675
chr7_mat	6200000	6400000	0.00667765
chr7_mat	6400000	6600000	0.00771687
chr7_mat	6600000	6800000	0.00679901
chr7_mat	6800000	7000000	0.00575524
chr7_mat	7000000	7200000	0.00431155
chr7_mat	7200000	7400000	0.00600251
chr7_mat	7400000	7600000	0.00787433
chr7_mat	7600000	7800000	0.00704147
chr7_mat	7800000	8000000	0.00512531
chr7_mat	8000000	8200000	0.00480117
chr7_mat	8200000	8400000	0.0068434
chr7_mat	8400000	8600000	0.00680313
chr7_mat	8600000	8800000	0.00661727
chr7_mat	8800000	9000000	0.00714299
chr7_mat	9000000	9200000	0.00680166
chr7_mat	9200000	9400000	0.00650481
chr7_mat	9400000	9600000	0.00588288
chr7_mat	9600000	9800000	0.00661259
chr7_mat	9800000	10000000	0.00532312
chr7_mat	10000000	10200000	0.0054187
chr7_mat	10200000	10400000	0.00620616
chr7_mat	10400000	10600000	0.00755011
chr7_mat	10600000	10800000	0.00736583
chr7_mat	10800000	11000000	0.00609177
chr7_mat	11000000	11200000	0.00488704
chr7_mat	11200000	11400000	0.00963348
chr7_mat	11400000	11600000	0.006222
chr7_mat	11600000	11800000	0.00800914
chr7_mat	11800000	12000000	
chr7_mat	12000000	12200000	0.00480347
chr7_mat	12200000	12400000	0.006188
chr7_mat	12400000	12600000	0.00553959
chr7_mat	12600000	12800000	0.00625454
chr7_mat	12800000	13000000	0.00547219
chr7_mat	13000000	13200000	0.00639425
chr7_mat	13200000	13400000	0.00663761
chr7_mat	13400000	13600000	0.00638682
chr7_mat	13600000	13800000	0.00657645
chr7_mat	13800000	14000000	0.00668296
chr7_mat	14000000	14200000	0.00669307
chr7_mat	14200000	14400000	0.0060986
chr7_mat	14400000	14600000	0.00656625
chr7_mat	14600000	14800000	0.00667962
chr7_mat	14800000	15000000	0.00665004
chr7_mat	15000000	15200000	0.00655831
chr7_mat	15200000	15400000	0.0040856
chr7_mat	15400000	15600000	0.0055942
chr7_mat	15600000	15800000	0.00563437
chr7_mat	15800000	16000000	0.00416558
chr7_mat	16000000	16200000	0.00540685
chr7_mat	16200000	16400000	0.00498583
chr7_mat	16400000	16600000	0.00597581
chr7_mat	16600000	16800000	0.00658056
chr7_mat	16800000	17000000	0.00509543
chr7_mat	17000000	17200000	0.0049438
chr7_mat	17200000	17400000	0.00483034
chr7_mat	17400000	17600000	0.00672397
chr7_mat	17600000	17800000	0.00597139
chr7_mat	17800000	18000000	0.00663729
chr7_mat	18000000	18200000	0.00561618
chr7_mat	18200000	18400000	0.00448946
chr7_mat	18400000	18600000	0.0056787
chr7_mat	18600000	18800000	0.00600341
chr7_mat	18800000	19000000	0.00645312
chr7_mat	19000000	19200000	0.00598619
chr7_mat	19200000	19400000	0.00565347
chr7_mat	19400000	19600000	0.00595559
chr7_mat	19600000	19800000	0.0060173
chr7_mat	19800000	20000000	0.00589939
chr7_mat	20000000	20200000	0.00473216
chr7_mat	20200000	20400000	0.0046395
chr7_mat	20400000	20600000	0.00621417
chr7_mat	20600000	20800000	0.00677055
chr7_mat	20800000	21000000	0.00670466
chr7_mat	21000000	21200000	0.00636031
chr7_mat	21200000	21400000	0.00721922
chr7_mat	21400000	21600000	0.00467984
chr7_mat	21600000	21800000	0.00608666
chr7_mat	21800000	22000000	0.00534945
chr7_mat	22000000	22200000	0.00548619
chr7_mat	22200000	22400000	0.00492052
chr7_mat	22400000	22600000	0.00588658
chr7_mat	22600000	22800000	0.00393468
chr7_mat	22800000	23000000	0.00546158
chr7_mat	23000000	23200000	0.00548363
chr7_mat	23200000	23400000	0.00676107
chr7_mat	23400000	23600000	0.00707763
chr7_mat	23600000	23800000	0.00648253
chr7_mat	23800000	24000000	0.00446118
chr7_mat	24000000	24200000	0.00573685
chr7_mat	24200000	24400000	0.00542316
chr7_mat	24400000	24600000	0.00673835
chr7_mat	24600000	24800000	0.00682441
chr7_mat	24800000	25000000	0.00664776
chr7_mat	25000000	25200000	0.00668056
chr7_mat	25200000	25400000	0.00679883
chr7_mat	25400000	25600000	0.00662727
chr7_mat	25600000	25800000	0.00677852
chr7_mat	25800000	26000000	0.00698485
chr7_mat	26000000	26200000	0.00474652
chr7_mat	26200000	26400000	0.00531882
chr7_mat	26400000	26600000	0.00452467
chr7_mat	26600000	26800000	0.00641193
chr7_mat	26800000	27000000	0.00670749
chr7_mat	27000000	27200000	0.00661173
chr7_mat	27200000	27400000	0.00637173
chr7_mat	27400000	27600000	0.00584247
chr7_mat	27600000	27800000	0.00628519
chr7_mat	27800000	28000000	0.00649414
chr7_mat	28000000	28200000	0.0066577
chr7_mat	28200000	28400000	0.00625026
chr7_mat	28400000	28600000	0.0060106
chr7_mat	28600000	28800000	0.00524526
chr7_mat	28800000	29000000	0.00566309
chr7_mat	29000000	29200000	0.00716672
chr7_mat	29200000	29400000	0.00575654
chr7_mat	29400000	29600000	0.00546229
chr7_mat	29600000	29800000	0.00749958
chr7_mat	29800000	30000000	0.00750623
chr7_mat	30000000	30200000	0.00763387
chr7_mat	30200000	30400000	0.00757044
chr7_mat	30400000	30600000	0.00573933
chr7_mat	30600000	30800000	0.00682618
chr7_mat	30800000	31000000	0.00666738
chr7_mat	31000000	31200000	0.00557674
chr7_mat	31200000	31400000	0.00610972
chr7_mat	31400000	31600000	0.00641018
chr7_mat	31600000	31800000	0.00652535
chr7_mat	31800000	32000000	0.00624616
chr7_mat	32000000	32200000	0.00566228
chr7_mat	32200000	32400000	0.00649316
chr7_mat	32400000	32600000	0.00675198
chr7_mat	32600000	32800000	0.0061074
chr7_mat	32800000	33000000	0.00571881
chr7_mat	33000000	33200000	0.00434567
chr7_mat	33200000	33400000	0.00558368
chr7_mat	33400000	33600000	0.00641987
chr7_mat	33600000	33800000	0.00715986
chr7_mat	33800000	34000000	0.00543612
chr7_mat	34000000	34200000	0.00624855
chr7_mat	34200000	34400000	0.00663501
chr7_mat	34400000	34600000	0.00616443
chr7_mat	34600000	34800000	0.00670587
chr7_mat	34800000	35000000	0.00620486
chr7_mat	35000000	35200000	0.00652332
chr7_mat	35200000	35400000	0.0062379
chr7_mat	35400000	35600000	0.00607795
chr7_mat	35600000	35800000	0.00598353
chr7_mat	35800000	36000000	0.00487109
chr7_mat	36000000	36200000	0.00498994
chr7_mat	36200000	36400000	0.00621793
chr7_mat	36400000	36600000	0.00619191
chr7_mat	36600000	36800000	0.00654769
chr7_mat	36800000	37000000	0.00630259
chr7_mat	37000000	37200000	0.00607172
chr7_mat	37200000	37400000	0.00463557
chr7_mat	37400000	37600000	0.00627727
chr7_mat	37600000	37800000	0.00600331
chr7_mat	37800000	38000000	0.00589837
chr7_mat	38000000	38200000	0.00516022
chr7_mat	38200000	38400000	0.00572994
chr7_mat	38400000	38600000	0.00780551
chr7_mat	38600000	38800000	0.0074405
chr7_mat	38800000	39000000	0.00701957
chr7_mat	39000000	39200000	0.00607668
chr7_mat	39200000	39400000	0.00533564
chr7_mat	39400000	39422672	
chr8_mat	0	200000	0.0064899
chr8_mat	200000	400000	0.00712269
chr8_mat	400000	600000	0.00867444
chr8_mat	600000	800000	0.00677304
chr8_mat	800000	1000000	0.00520835
chr8_mat	1000000	1200000	0.00501746
chr8_mat	1200000	1400000	0.0062483
chr8_mat	1400000	1600000	0.00555939
chr8_mat	1600000	1800000	0.00530015
chr8_mat	1800000	2000000	0.00640884
chr8_mat	2000000	2200000	0.00599742
chr8_mat	2200000	2400000	0.00536099
chr8_mat	2400000	2600000	0.00608338
chr8_mat	2600000	2800000	0.00476105
chr8_mat	2800000	3000000	0.00630567
chr8_mat	3000000	3200000	0.00696548
chr8_mat	3200000	3400000	0.00578061
chr8_mat	3400000	3600000	0.00555945
chr8_mat	3600000	3800000	0.00677473
chr8_mat	3800000	4000000	0.00738732
chr8_mat	4000000	4200000	0.00752983
chr8_mat	4200000	4400000	0.00800078
chr8_mat	4400000	4600000	0.00742754
chr8_mat	4600000	4800000	0.00637204
chr8_mat	4800000	5000000	0.00434552
chr8_mat	5000000	5200000	0.00656443
chr8_mat	5200000	5400000	0.00690034
chr8_mat	5400000	5600000	0.0047018
chr8_mat	5600000	5800000	0.0043302
chr8_mat	5800000	6000000	0.00441591
chr8_mat	6000000	6200000	0.00459677
chr8_mat	6200000	6400000	0.00538373
chr8_mat	6400000	6600000	0.00669688
chr8_mat	6600000	6800000	0.00647649
chr8_mat	6800000	7000000	0.00646594
chr8_mat	7000000	7200000	0.00573774
chr8_mat	7200000	7400000	0.00668259
chr8_mat	7400000	7600000	0.00716543
chr8_mat	7600000	7800000	0.00588905
chr8_mat	7800000	8000000	0.00669419
chr8_mat	8000000	8200000	0.00697081
chr8_mat	8200000	8400000	0.00481793
chr8_mat	8400000	8600000	0.00645003
chr8_mat	8600000	8800000	0.00583035
chr8_mat	8800000	9000000	0.00550181
chr8_mat	9000000	9200000	0.00485956
chr8_mat	9200000	9400000	0.0045984
chr8_mat	9400000	9600000	0.00495858
chr8_mat	9600000	9800000	0.00456687
chr8_mat	9800000	10000000	0.00605532
chr8_mat	10000000	10200000	0.0051519
chr8_mat	10200000	10400000	0.0059887
chr8_mat	10400000	10600000	0.00533462
chr8_mat	10600000	10800000	0.00721597
chr8_mat	10800000	11000000	0.00537744
chr8_mat	11000000	11200000	0.00584082
chr8_mat	11200000	11400000	0.00662308
chr8_mat	11400000	11600000	0.00594257
chr8_mat	11600000	11800000	0.00420066
chr8_mat	11800000	12000000	0.0049339
chr8_mat	12000000	12200000	0.00679306
chr8_mat	12200000	12400000	0.00652049
chr8_mat	12400000	12600000	0.00606381
chr8_mat	12600000	12800000	0.00659355
chr8_mat	12800000	13000000	0.00643737
chr8_mat	13000000	13200000	0.00652263
chr8_mat	13200000	13400000	0.00629965
chr8_mat	13400000	13600000	0.00679102
chr8_mat	13600000	13800000	0.0063097
chr8_mat	13800000	14000000	0.00441177
chr8_mat	14000000	14200000	0.00539315
chr8_mat	14200000	14400000	0.0046115
chr8_mat	14400000	14600000	0.00640734
chr8_mat	14600000	14800000	0.0052897
chr8_mat	14800000	15000000	0.00598458
chr8_mat	15000000	15200000	0.00655795
chr8_mat	15200000	15400000	0.00599513
chr8_mat	15400000	15600000	0.00474891
chr8_mat	15600000	15800000	0.0045503
chr8_mat	15800000	16000000	0.00671595
chr8_mat	16000000	16200000	0.00486477
chr8_mat	16200000	16400000	0.00642407
chr8_mat	16400000	16600000	0.00471275
chr8_mat	16600000	16800000	0.00451977
chr8_mat	16800000	17000000	0.00511059
chr8_mat	17000000	17200000	0.0058315
chr8_mat	17200000	17400000	0.00576124
chr8_mat	17400000	17600000	0.00689297
chr8_mat	17600000	17800000	0.00528156
chr8_mat	17800000	18000000	0.00673756
chr8_mat	18000000	18200000	0.00699787
chr8_mat	18200000	18400000	0.00712594
chr8_mat	18400000	18600000	0.00610304
chr8_mat	18600000	18800000	0.00458804
chr8_mat	18800000	19000000	0.00431994
chr8_mat	19000000	19200000	0.00569757
chr8_mat	19200000	19400000	0.00641982
chr8_mat	19400000	19600000	0.00650278
chr8_mat	19600000	19800000	0.00604699
chr8_mat	19800000	20000000	0.00682078
chr8_mat	20000000	20200000	0.00687379
chr8_mat	20200000	20400000	0.00689458
chr8_mat	20400000	20600000	0.00729601
chr8_mat	20600000	20800000	0.00652061
chr8_mat	20800000	21000000	0.00405193
chr8_mat	21000000	21200000	0.0045076
chr8_mat	21200000	21400000	0.00675412
chr8_mat	21400000	21600000	0.00674744
chr8_mat	21600000	21800000	0.00619259
chr8_mat	21800000	22000000	0.00614352
chr8_mat	22000000	22200000	0.00657075
chr8_mat	22200000	22400000	0.00550745
chr8_mat	22400000	22600000	0.00685841
chr8_mat	22600000	22800000	0.00728665
chr8_mat	22800000	23000000	0.00732672
chr8_mat	23000000	23200000	0.00574254
chr8_mat	23200000	23400000	0.00394092
chr8_mat	23400000	23600000	0.00540944
chr8_mat	23600000	23800000	0.00535366
chr8_mat	23800000	24000000	0.0062811
chr8_mat	24000000	24200000	0.00534659
chr8_mat	24200000	24400000	0.00722648
chr8_mat	24400000	24600000	0.00561182
chr8_mat	24600000	24800000	0.00711334
chr8_mat	24800000	25000000	0.00758655
chr8_mat	25000000	25200000	0.00738
chr8_mat	25200000	25400000	0.00689457
chr8_mat	25400000	25600000	0.00722069
chr8_mat	25600000	25800000	0.00702841
chr8_mat	25800000	26000000	0.00760444
chr8_mat	26000000	26200000	0.00855647
chr8_mat	26200000	26400000	0.00720954
chr8_mat	26400000	26600000	0.0118559
chr8_mat	26600000	26800000	
chr8_mat	26800000	27000000	
chr8_mat	27000000	27200000	
chr8_mat	27200000	27400000	0.00857042
chr8_mat	27400000	27600000	
chr8_mat	27600000	27800000	0.00838122
chr8_mat	27800000	28000000	0.00651243
chr8_mat	28000000	28200000	0.00720402
chr8_mat	28200000	28400000	0.00651073
chr8_mat	28400000	28600000	0.00654696
chr8_mat	28600000	28800000	0.00597925
chr8_mat	28800000	29000000	0.00556583
chr8_mat	29000000	29200000	0.00485292
chr8_mat	29200000	29400000	0.00648283
chr8_mat	29400000	29600000	0.00563642
chr8_mat	29600000	29800000	0.00556142
chr8_mat	29800000	30000000	0.00727487
chr8_mat	30000000	30200000	0.00558534
chr8_mat	30200000	30400000	0.00894514
chr8_mat	30400000	30600000	0.00630777
chr8_mat	30600000	30800000	0.00539362
chr8_mat	30800000	31000000	0.00589451
chr8_mat	31000000	31200000	0.0052367
chr8_mat	31200000	31400000	0.00656152
chr8_mat	31400000	31600000	0.0079812
chr8_mat	31600000	31800000	0.00720406
chr8_mat	31800000	32000000	0.00641154
chr8_mat	32000000	32200000	
chr8_mat	32200000	32400000	
chr8_mat	32400000	32600000	
chr8_mat	32600000	32653297	
chr9_mat	0	200000	
chr9_mat	200000	400000	
chr9_mat	400000	600000	
chr9_mat	600000	800000	0.00742862
chr9_mat	800000	1000000	0.007474
chr9_mat	1000000	1200000	0.00601891
chr9_mat	1200000	1400000	0.00797472
chr9_mat	1400000	1600000	0.00558126
chr9_mat	1600000	1800000	0.00611896
chr9_mat	1800000	2000000	0.00581877
chr9_mat	2000000	2200000	0.00799173
chr9_mat	2200000	2400000	0.00805097
chr9_mat	2400000	2600000	0.00787989
chr9_mat	2600000	2800000	0.00518848
chr9_mat	2800000	3000000	0.00714392
chr9_mat	3000000	3200000	0.00560303
chr9_mat	3200000	3400000	
chr9_mat	3400000	3600000	0.00870951
chr9_mat	3600000	3800000	0.00779539
chr9_mat	3800000	4000000	0.00831075
chr9_mat	4000000	4200000	0.00773906
chr9_mat	4200000	4400000	0.00407818
chr9_mat	4400000	4600000	0.00511801
chr9_mat	4600000	4800000	0.00541301
chr9_mat	4800000	5000000	0.00560457
chr9_mat	5000000	5200000	0.00519677
chr9_mat	5200000	5400000	0.00637427
chr9_mat	5400000	5600000	0.00501415
chr9_mat	5600000	5800000	0.00792949
chr9_mat	5800000	6000000	0.00790319
chr9_mat	6000000	6200000	0.00752338
chr9_mat	6200000	6400000	0.00636259
chr9_mat	6400000	6600000	0.00533797
chr9_mat	6600000	6800000	0.00481385
chr9_mat	6800000	7000000	0.00553689
chr9_mat	7000000	7200000	0.00490315
chr9_mat	7200000	7400000	0.00499128
chr9_mat	7400000	7600000	0.00794671
chr9_mat	7600000	7800000	0.00533784
chr9_mat	7800000	8000000	0.00658398
chr9_mat	8000000	8200000	0.00686176
chr9_mat	8200000	8400000	0.00678901
chr9_mat	8400000	8600000	0.00732505
chr9_mat	8600000	8800000	0.00744167
chr9_mat	8800000	9000000	0.0064781
chr9_mat	9000000	9200000	0.00626813
chr9_mat	9200000	9400000	0.00610897
chr9_mat	9400000	9600000	0.00495568
chr9_mat	9600000	9800000	0.0054279
chr9_mat	9800000	10000000	0.00700946
chr9_mat	10000000	10200000	0.00670351
chr9_mat	10200000	10400000	0.0050028
chr9_mat	10400000	10600000	0.0044583
chr9_mat	10600000	10800000	0.00651899
chr9_mat	10800000	11000000	0.00683376
chr9_mat	11000000	11200000	0.00549652
chr9_mat	11200000	11400000	0.00443485
chr9_mat	11400000	11600000	0.00424726
chr9_mat	11600000	11800000	0.00465829
chr9_mat	11800000	12000000	0.0058663
chr9_mat	12000000	12200000	0.00628088
chr9_mat	12200000	12400000	0.00644098
chr9_mat	12400000	12600000	0.00675321
chr9_mat	12600000	12800000	0.00645224
chr9_mat	12800000	13000000	0.00657157
chr9_mat	13000000	13200000	0.00707762
chr9_mat	13200000	13400000	0.00664982
chr9_mat	13400000	13600000	0.00673714
chr9_mat	13600000	13800000	0.00561008
chr9_mat	13800000	14000000	0.00478166
chr9_mat	14000000	14200000	0.00565956
chr9_mat	14200000	14400000	0.00585416
chr9_mat	14400000	14600000	0.00606209
chr9_mat	14600000	14800000	0.00731634
chr9_mat	14800000	15000000	0.00779403
chr9_mat	15000000	15200000	0.00743146
chr9_mat	15200000	15400000	0.00733065
chr9_mat	15400000	15600000	0.00795936
chr9_mat	15600000	15800000	0.00725833
chr9_mat	15800000	16000000	0.00680108
chr9_mat	16000000	16200000	0.00720294
chr9_mat	16200000	16400000	0.00572086
chr9_mat	16400000	16600000	0.00490799
chr9_mat	16600000	16800000	0.00479537
chr9_mat	16800000	17000000	0.00588309
chr9_mat	17000000	17200000	0.00517174
chr9_mat	17200000	17400000	0.00613598
chr9_mat	17400000	17600000	0.004044
chr9_mat	17600000	17800000	0.00719354
chr9_mat	17800000	18000000	0.00650319
chr9_mat	18000000	18200000	0.00484671
chr9_mat	18200000	18400000	0.00591986
chr9_mat	18400000	18600000	0.0065833
chr9_mat	18600000	18800000	0.00695951
chr9_mat	18800000	19000000	0.00616814
chr9_mat	19000000	19200000	0.00430553
chr9_mat	19200000	19400000	0.00611045
chr9_mat	19400000	19600000	0.00374997
chr9_mat	19600000	19800000	0.00692119
chr9_mat	19800000	20000000	0.00648938
chr9_mat	20000000	20200000	0.00583684
chr9_mat	20200000	20400000	0.00668982
chr9_mat	20400000	20600000	0.00664307
chr9_mat	20600000	20800000	0.00680577
chr9_mat	20800000	21000000	0.00675543
chr9_mat	21000000	21200000	0.0067717
chr9_mat	21200000	21400000	0.00637073
chr9_mat	21400000	21600000	0.0061246
chr9_mat	21600000	21800000	0.00647195
chr9_mat	21800000	22000000	0.00425861
chr9_mat	22000000	22200000	0.00531557
chr9_mat	22200000	22400000	0.00631563
chr9_mat	22400000	22600000	0.00714559
chr9_mat	22600000	22800000	0.00718234
chr9_mat	22800000	23000000	0.00523102
chr9_mat	23000000	23200000	0.00600897
chr9_mat	23200000	23400000	0.00658281
chr9_mat	23400000	23600000	0.0067876
chr9_mat	23600000	23800000	0.00702014
chr9_mat	23800000	24000000	0.00701966
chr9_mat	24000000	24200000	0.00646718
chr9_mat	24200000	24400000	0.00660085
chr9_mat	24400000	24600000	0.00461794
chr9_mat	24600000	24800000	0.00423167
chr9_mat	24800000	25000000	0.00649071
chr9_mat	25000000	25200000	0.00598235
chr9_mat	25200000	25400000	0.00651214
chr9_mat	25400000	25600000	0.00622702
chr9_mat	25600000	25800000	0.00555426
chr9_mat	25800000	26000000	0.00541974
chr9_mat	26000000	26132161	0.0130759
chr10_mat	0	200000	
chr10_mat	200000	400000	0.00412687
chr10_mat	400000	600000	0.00533534
chr10_mat	600000	800000	0.00491236
chr10_mat	800000	1000000	0.0052298
chr10_mat	1000000	1200000	0.00586424
chr10_mat	1200000	1400000	0.00558367
chr10_mat	1400000	1600000	0.00602453
chr10_mat	1600000	1800000	0.00946076
chr10_mat	1800000	2000000	0.00677241
chr10_mat	2000000	2200000	
chr10_mat	2200000	2400000	0.00572042
chr10_mat	2400000	2600000	0.00616147
chr10_mat	2600000	2800000	0.00601594
chr10_mat	2800000	3000000	0.00708299
chr10_mat	3000000	3200000	0.00747622
chr10_mat	3200000	3400000	0.00429626
chr10_mat	3400000	3600000	0.00632358
chr10_mat	3600000	3800000	0.00519177
chr10_mat	3800000	4000000	0.00562842
chr10_mat	4000000	4200000	0.00534114
chr10_mat	4200000	4400000	0.00491032
chr10_mat	4400000	4600000	0.00507482
chr10_mat	4600000	4800000	0.00649549
chr10_mat	4800000	5000000	0.00743518
chr10_mat	5000000	5200000	0.00547895
chr10_mat	5200000	5400000	0.00647187
chr10_mat	5400000	5600000	0.00546253
chr10_mat	5600000	5800000	0.00549454
chr10_mat	5800000	6000000	0.00535311
chr10_mat	6000000	6200000	0.005939
chr10_mat	6200000	6400000	0.00517907
chr10_mat	6400000	6600000	0.00690512
chr10_mat	6600000	6800000	0.00676611
chr10_mat	6800000	7000000	0.00392187
chr10_mat	7000000	7200000	0.00553222
chr10_mat	7200000	7400000	0.00642246
chr10_mat	7400000	7600000	0.00431741
chr10_mat	7600000	7800000	0.00453595
chr10_mat	7800000	8000000	0.00550416
chr10_mat	8000000	8200000	0.00509867
chr10_mat	8200000	8400000	0.00653128
chr10_mat	8400000	8600000	0.00702916
chr10_mat	8600000	8800000	0.00578681
chr10_mat	8800000	9000000	0.00590674
chr10_mat	9000000	9200000	0.00472502
chr10_mat	9200000	9400000	0.005887
chr10_mat	9400000	9600000	0.00626178
chr10_mat	9600000	9800000	0.00683745
chr10_mat	9800000	10000000	0.0072056
chr10_mat	10000000	10200000	0.00593031
chr10_mat	10200000	10400000	0.00523112
chr10_mat	10400000	10600000	0.00444711
chr10_mat	10600000	10800000	0.00493826
chr10_mat	10800000	11000000	0.00430968
chr10_mat	11000000	11200000	0.00587504
chr10_mat	11200000	11400000	0.00509218
chr10_mat	11400000	11600000	0.00478431
chr10_mat	11600000	11800000	0.00613824
chr10_mat	11800000	12000000	0.00649663
chr10_mat	12000000	12200000	0.00728426
chr10_mat	12200000	12400000	0.00495615
chr10_mat	12400000	12600000	0.00657309
chr10_mat	12600000	12800000	0.00532452
chr10_mat	12800000	13000000	0.00698396
chr10_mat	13000000	13200000	0.00623676
chr10_mat	13200000	13400000	0.00563065
chr10_mat	13400000	13600000	0.00730706
chr10_mat	13600000	13800000	0.00788521
chr10_mat	13800000	14000000	0.0073766
chr10_mat	14000000	14200000	0.00713811
chr10_mat	14200000	14400000	0.00558664
chr10_mat	14400000	14600000	0.00690931
chr10_mat	14600000	14800000	0.00737589
chr10_mat	14800000	15000000	0.00556489
chr10_mat	15000000	15200000	0.00658992
chr10_mat	15200000	15400000	0.00718672
chr10_mat	15400000	15600000	0.00712482
chr10_mat	15600000	15800000	0.0068566
chr10_mat	15800000	16000000	0.00699079
chr10_mat	16000000	16200000	0.00690731
chr10_mat	16200000	16400000	0.00710976
chr10_mat	16400000	16600000	0.00673158
chr10_mat	16600000	16800000	0.00695336
chr10_mat	16800000	17000000	0.00610387
chr10_mat	17000000	17200000	0.00689608
chr10_mat	17200000	17400000	0.00490858
chr10_mat	17400000	17600000	0.00446631
chr10_mat	17600000	17800000	0.0060789
chr10_mat	17800000	18000000	0.00619922
chr10_mat	18000000	18200000	0.00582143
chr10_mat	18200000	18400000	0.00523697
chr10_mat	18400000	18600000	0.00596142
chr10_mat	18600000	18800000	0.00532608
chr10_mat	18800000	19000000	0.00609426
chr10_mat	19000000	19200000	0.00543514
chr10_mat	19200000	19400000	0.00608164
chr10_mat	19400000	19600000	0.00605915
chr10_mat	19600000	19800000	0.00501243
chr10_mat	19800000	20000000	0.00423668
chr10_mat	20000000	20200000	0.00641866
chr10_mat	20200000	20400000	0.0057883
chr10_mat	20400000	20600000	0.00645972
chr10_mat	20600000	20800000	0.00577131
chr10_mat	20800000	20920522	0.0107927
chr11_mat	0	200000	0.00649915
chr11_mat	200000	400000	0.00611468
chr11_mat	400000	600000	0.00665323
chr11_mat	600000	800000	0.00622469
chr11_mat	800000	1000000	0.00642358
chr11_mat	1000000	1200000	0.00644384
chr11_mat	1200000	1400000	0.00605356
chr11_mat	1400000	1600000	0.00407184
chr11_mat	1600000	1800000	0.00559406
chr11_mat	1800000	2000000	0.00689734
chr11_mat	2000000	2200000	0.00681465
chr11_mat	2200000	2400000	0.00706357
chr11_mat	2400000	2600000	0.00682111
chr11_mat	2600000	2800000	0.00747933
chr11_mat	2800000	3000000	0.00648585
chr11_mat	3000000	3200000	0.00415326
chr11_mat	3200000	3400000	0.00566104
chr11_mat	3400000	3600000	0.00585486
chr11_mat	3600000	3800000	0.00453279
chr11_mat	3800000	4000000	0.00567757
chr11_mat	4000000	4200000	0.00544487
chr11_mat	4200000	4400000	0.00531287
chr11_mat	4400000	4600000	0.00475048
chr11_mat	4600000	4800000	0.00473144
chr11_mat	4800000	5000000	0.00527048
chr11_mat	5000000	5200000	0.00582377
chr11_mat	5200000	5400000	0.00556849
chr11_mat	5400000	5600000	0.00474582
chr11_mat	5600000	5800000	0.00442797
chr11_mat	5800000	6000000	0.00568749
chr11_mat	6000000	6200000	0.00470444
chr11_mat	6200000	6400000	0.00644176
chr11_mat	6400000	6600000	0.00708207
chr11_mat	6600000	6800000	0.00686313
chr11_mat	6800000	7000000	0.00682191
chr11_mat	7000000	7200000	0.00640645
chr11_mat	7200000	7400000	0.0059541
chr11_mat	7400000	7600000	0.00550695
chr11_mat	7600000	7800000	0.0048688
chr11_mat	7800000	8000000	0.005817
chr11_mat	8000000	8200000	0.00563473
chr11_mat	8200000	8400000	0.00681533
chr11_mat	8400000	8600000	0.00652068
chr11_mat	8600000	8800000	0.00707393
chr11_mat	8800000	9000000	0.00605181
chr11_mat	9000000	9200000	0.00610425
chr11_mat	9200000	9400000	0.00577582
chr11_mat	9400000	9600000	0.00646248
chr11_mat	9600000	9800000	0.0075757
chr11_mat	9800000	10000000	0.00627451
chr11_mat	10000000	10200000	0.00562405
chr11_mat	10200000	10400000	0.00625643
chr11_mat	10400000	10600000	0.0049796
chr11_mat	10600000	10800000	0.00523459
chr11_mat	10800000	11000000	0.00532911
chr11_mat	11000000	11200000	0.00624489
chr11_mat	11200000	11400000	0.00459867
chr11_mat	11400000	11600000	0.00584869
chr11_mat	11600000	11800000	0.00519193
chr11_mat	11800000	12000000	0.00781902
chr11_mat	12000000	12200000	0.00694659
chr11_mat	12200000	12400000	0.00428784
chr11_mat	12400000	12600000	0.00422126
chr11_mat	12600000	12800000	0.00522645
chr11_mat	12800000	13000000	0.00602609
chr11_mat	13000000	13200000	0.00700282
chr11_mat	13200000	13400000	0.00522972
chr11_mat	13400000	13600000	0.00456146
chr11_mat	13600000	13800000	0.0045791
chr11_mat	13800000	14000000	0.00503337
chr11_mat	14000000	14200000	0.00616865
chr11_mat	14200000	14400000	0.00622054
chr11_mat	14400000	14600000	0.00629305
chr11_mat	14600000	14800000	0.00670483
chr11_mat	14800000	15000000	0.00683606
chr11_mat	15000000	15200000	0.00710965
chr11_mat	15200000	15400000	0.00741385
chr11_mat	15400000	15600000	0.00659245
chr11_mat	15600000	15800000	0.00670846
chr11_mat	15800000	16000000	0.00542024
chr11_mat	16000000	16200000	0.00520451
chr11_mat	16200000	16400000	0.00814955
chr11_mat	16400000	16600000	0.00688076
chr11_mat	16600000	16800000	0.00697945
chr11_mat	16800000	17000000	0.00738319
chr11_mat	17000000	17200000	0.00927033
chr11_mat	17200000	17400000	0.00864436
chr11_mat	17400000	17600000	0.00713735
chr11_mat	17600000	17800000	0.00744939
chr11_mat	17800000	18000000	0.00746504
chr11_mat	18000000	18200000	0.00540709
chr11_mat	18200000	18400000	0.00709812
chr11_mat	18400000	18600000	0.00669602
chr11_mat	18600000	18800000	0.00687346
chr11_mat	18800000	19000000	0.00659598
chr11_mat	19000000	19200000	0.00464765
chr11_mat	19200000	19400000	0.00653413
chr11_mat	19400000	19600000	0.00588884
chr11_mat	19600000	19800000	0.00875818
chr11_mat	19800000	20000000	0.00569793
chr11_mat	20000000	20200000	0.00828208
chr11_mat	20200000	20400000	0.00819612
chr11_mat	20400000	20600000	0.00839146
chr11_mat	20600000	20800000	0.007571
chr11_mat	20800000	21000000	0.00782503
chr11_mat	21000000	21200000	0.00921677
chr11_mat	21200000	21400000	
chr11_mat	21400000	21600000	
chr11_mat	21600000	21676805	
chr12_mat	0	200000	0.0067546
chr12_mat	200000	400000	0.0048044
chr12_mat	400000	600000	0.00487799
chr12_mat	600000	800000	0.00777926
chr12_mat	800000	1000000	0.00750333
chr12_mat	1000000	1200000	0.00645544
chr12_mat	1200000	1400000	0.00670985
chr12_mat	1400000	1600000	0.00699841
chr12_mat	1600000	1800000	0.00641412
chr12_mat	1800000	2000000	0.00784533
chr12_mat	2000000	2200000	0.00749299
chr12_mat	2200000	2400000	0.0072325
chr12_mat	2400000	2600000	0.00741434
chr12_mat	2600000	2800000	0.00745088
chr12_mat	2800000	3000000	0.0080825
chr12_mat	3000000	3200000	0.00797453
chr12_mat	3200000	3400000	0.00506051
chr12_mat	3400000	3600000	0.0066976
chr12_mat	3600000	3800000	0.00634422
chr12_mat	3800000	4000000	0.00601364
chr12_mat	4000000	4200000	0.00630623
chr12_mat	4200000	4400000	0.00711451
chr12_mat	4400000	4600000	0.00462818
chr12_mat	4600000	4800000	0.00602173
chr12_mat	4800000	5000000	0.00732993
chr12_mat	5000000	5200000	0.00761627
chr12_mat	5200000	5400000	0.00669257
chr12_mat	5400000	5600000	0.00611669
chr12_mat	5600000	5800000	0.0056873
chr12_mat	5800000	6000000	0.00699835
chr12_mat	6000000	6200000	0.00762984
chr12_mat	6200000	6400000	0.00776559
chr12_mat	6400000	6600000	0.00700954
chr12_mat	6600000	6800000	0.00480708
chr12_mat	6800000	7000000	0.00798135
chr12_mat	7000000	7200000	0.00811008
chr12_mat	7200000	7400000	0.00637842
chr12_mat	7400000	7600000	0.00676472
chr12_mat	7600000	7800000	0.00537348
chr12_mat	7800000	8000000	0.00722819
chr12_mat	8000000	8200000	0.00741281
chr12_mat	8200000	8400000	0.00737277
chr12_mat	8400000	8600000	0.00605274
chr12_mat	8600000	8800000	0.00431922
chr12_mat	8800000	9000000	0.00491184
chr12_mat	9000000	9200000	0.00498271
chr12_mat	9200000	9400000	0.00579886
chr12_mat	9400000	9600000	0.00523723
chr12_mat	9600000	9800000	0.00536168
chr12_mat	9800000	10000000	0.00612387
chr12_mat	10000000	10200000	0.0045144
chr12_mat	10200000	10400000	0.00723426
chr12_mat	10400000	10600000	0.00747658
chr12_mat	10600000	10800000	0.00662283
chr12_mat	10800000	11000000	0.00468755
chr12_mat	11000000	11200000	0.00531645
chr12_mat	11200000	11400000	0.00661827
chr12_mat	11400000	11600000	0.00529666
chr12_mat	11600000	11800000	0.00558315
chr12_mat	11800000	12000000	0.0051238
chr12_mat	12000000	12200000	0.00420308
chr12_mat	12200000	12400000	0.00529221
chr12_mat	12400000	12600000	0.00672189
chr12_mat	12600000	12800000	0.00662479
chr12_mat	12800000	13000000	0.00720877
chr12_mat	13000000	13200000	0.00668673
chr12_mat	13200000	13400000	0.00685541
chr12_mat	13400000	13600000	0.00561173
chr12_mat	13600000	13800000	0.00494401
chr12_mat	13800000	14000000	0.00458345
chr12_mat	14000000	14200000	0.00596041
chr12_mat	14200000	14400000	0.00565944
chr12_mat	14400000	14600000	0.00558943
chr12_mat	14600000	14800000	0.00603124
chr12_mat	14800000	15000000	0.00462952
chr12_mat	15000000	15200000	0.00529686
chr12_mat	15200000	15400000	0.0069567
chr12_mat	15400000	15600000	0.00493728
chr12_mat	15600000	15800000	0.00472684
chr12_mat	15800000	16000000	0.00543253
chr12_mat	16000000	16200000	0.00448204
chr12_mat	16200000	16400000	0.00725967
chr12_mat	16400000	16600000	0.00453101
chr12_mat	16600000	16800000	0.00720344
chr12_mat	16800000	17000000	0.00615028
chr12_mat	17000000	17200000	0.00807891
chr12_mat	17200000	17400000	0.00778139
chr12_mat	17400000	17600000	0.0073238
chr12_mat	17600000	17800000	0.00770165
chr12_mat	17800000	18000000	0.00779739
chr12_mat	18000000	18200000	0.00717106
chr12_mat	18200000	18400000	0.00531249
chr12_mat	18400000	18600000	0.00757083
chr12_mat	18600000	18800000	0.00554125
chr12_mat	18800000	19000000	0.00522112
chr12_mat	19000000	19200000	0.00651195
chr12_mat	19200000	19400000	0.00830638
chr12_mat	19400000	19600000	0.00765775
chr12_mat	19600000	19800000	0.00620243
chr12_mat	19800000	20000000	0.00551966
chr12_mat	20000000	20200000	0.00596816
chr12_mat	20200000	20400000	0.00487282
chr12_mat	20400000	20600000	0.00637458
chr12_mat	20600000	20800000	
chr12_mat	20800000	20824288	
chr13_mat	0	200000	0.00465167
chr13_mat	200000	400000	0.0055791
chr13_mat	400000	600000	0.00583661
chr13_mat	600000	800000	0.00437815
chr13_mat	800000	1000000	0.00607637
chr13_mat	1000000	1200000	0.00736622
chr13_mat	1200000	1400000	0.00581885
chr13_mat	1400000	1600000	0.00509862
chr13_mat	1600000	1800000	0.00426677
chr13_mat	1800000	2000000	0.00683169
chr13_mat	2000000	2200000	0.00672694
chr13_mat	2200000	2400000	0.00670665
chr13_mat	2400000	2600000	0.00648499
chr13_mat	2600000	2800000	0.00696988
chr13_mat	2800000	3000000	0.00748228
chr13_mat	3000000	3200000	0.00616275
chr13_mat	3200000	3400000	0.00504449
chr13_mat	3400000	3600000	0.00636145
chr13_mat	3600000	3800000	0.00527411
chr13_mat	3800000	4000000	0.00697088
chr13_mat	4000000	4200000	0.00451656
chr13_mat	4200000	4400000	0.00460755
chr13_mat	4400000	4600000	0.00660728
chr13_mat	4600000	4800000	0.00532257
chr13_mat	4800000	5000000	0.00570365
chr13_mat	5000000	5200000	0.00765983
chr13_mat	5200000	5400000	0.00777225
chr13_mat	5400000	5600000	0.00685971
chr13_mat	5600000	5800000	0.00585666
chr13_mat	5800000	6000000	0.0055515
chr13_mat	6000000	6200000	0.00753234
chr13_mat	6200000	6400000	0.0074724
chr13_mat	6400000	6600000	0.00656433
chr13_mat	6600000	6800000	0.00545677
chr13_mat	6800000	7000000	0.00735713
chr13_mat	7000000	7200000	0.00740091
chr13_mat	7200000	7400000	0.00510554
chr13_mat	7400000	7600000	0.00579922
chr13_mat	7600000	7800000	0.00487173
chr13_mat	7800000	8000000	0.00582811
chr13_mat	8000000	8200000	0.00766875
chr13_mat	8200000	8400000	0.00750614
chr13_mat	8400000	8600000	0.00536204
chr13_mat	8600000	8800000	0.00623983
chr13_mat	8800000	9000000	0.00501024
chr13_mat	9000000	9200000	0.00662944
chr13_mat	9200000	9400000	0.00865739
chr13_mat	9400000	9600000	0.00717229
chr13_mat	9600000	9800000	0.00582504
chr13_mat	9800000	10000000	0.00466959
chr13_mat	10000000	10200000	0.00554689
chr13_mat	10200000	10400000	0.00558703
chr13_mat	10400000	10600000	0.00789069
chr13_mat	10600000	10800000	0.00587819
chr13_mat	10800000	11000000	0.00582823
chr13_mat	11000000	11200000	0.00675053
chr13_mat	11200000	11400000	0.0069688
chr13_mat	11400000	11600000	0.00692166
chr13_mat	11600000	11800000	0.00658101
chr13_mat	11800000	12000000	0.00524189
chr13_mat	12000000	12200000	0.00670948
chr13_mat	12200000	12400000	0.00704673
chr13_mat	12400000	12600000	0.00694483
chr13_mat	12600000	12800000	0.00685743
chr13_mat	12800000	13000000	0.00696298
chr13_mat	13000000	13200000	0.00724222
chr13_mat	13200000	13400000	0.00711296
chr13_mat	13400000	13600000	0.0070613
chr13_mat	13600000	13800000	0.00603929
chr13_mat	13800000	14000000	0.00646539
chr13_mat	14000000	14200000	0.00741169
chr13_mat	14200000	14400000	0.00667517
chr13_mat	14400000	14600000	0.00665266
chr13_mat	14600000	14800000	0.00516259
chr13_mat	14800000	15000000	0.00595964
chr13_mat	15000000	15200000	0.00762024
chr13_mat	15200000	15400000	0.00466382
chr13_mat	15400000	15600000	0.00524604
chr13_mat	15600000	15800000	0.00911948
chr13_mat	15800000	16000000	0.00691675
chr13_mat	16000000	16200000	0.00970008
chr13_mat	16200000	16400000	0.00814769
chr13_mat	16400000	16600000	0.00562957
chr13_mat	16600000	16800000	0.00583296
chr13_mat	16800000	17000000	0.00677974
chr13_mat	17000000	17200000	0.00541456
chr13_mat	17200000	17400000	0.00758948
chr13_mat	17400000	17600000	0.00709377
chr13_mat	17600000	17800000	0.00747168
chr13_mat	17800000	18000000	0.0082705
chr13_mat	18000000	18200000	
chr13_mat	18200000	18400000	
chr13_mat	18400000	18440361	
chr14_mat	0	200000	0.00469586
chr14_mat	200000	400000	0.00602425
chr14_mat	400000	600000	0.00564332
chr14_mat	600000	800000	0.00543606
chr14_mat	800000	1000000	0.0052536
chr14_mat	1000000	1200000	0.0049761
chr14_mat	1200000	1400000	0.00497425
chr14_mat	1400000	1600000	0.0050016
chr14_mat	1600000	1800000	0.00627594
chr14_mat	1800000	2000000	0.00732966
chr14_mat	2000000	2200000	0.00741685
chr14_mat	2200000	2400000	0.0073287
chr14_mat	2400000	2600000	0.00657235
chr14_mat	2600000	2800000	0.00453288
chr14_mat	2800000	3000000	0.00509893
chr14_mat	3000000	3200000	0.00602203
chr14_mat	3200000	3400000	0.00612277
chr14_mat	3400000	3600000	0.00684813
chr14_mat	3600000	3800000	0.00520907
chr14_mat	3800000	4000000	0.00718655
chr14_mat	4000000	4200000	0.00510505
chr14_mat	4200000	4400000	0.00690177
chr14_mat	4400000	4600000	0.00724308
chr14_mat	4600000	4800000	0.00584552
chr14_mat	4800000	5000000	0.00498693
chr14_mat	5000000	5200000	0.00576941
chr14_mat	5200000	5400000	0.00520013
chr14_mat	5400000	5600000	0.00525099
chr14_mat	5600000	5800000	0.00494815
chr14_mat	5800000	6000000	0.00605842
chr14_mat	6000000	6200000	0.00462939
chr14_mat	6200000	6400000	0.00649628
chr14_mat	6400000	6600000	0.00667594
chr14_mat	6600000	6800000	0.00673912
chr14_mat	6800000	7000000	0.00543651
chr14_mat	7000000	7200000	0.00537195
chr14_mat	7200000	7400000	0.00610834
chr14_mat	7400000	7600000	0.00687627
chr14_mat	7600000	7800000	0.00516088
chr14_mat	7800000	8000000	0.0073172
chr14_mat	8000000	8200000	0.00654652
chr14_mat	8200000	8400000	0.0076831
chr14_mat	8400000	8600000	0.00690215
chr14_mat	8600000	8800000	0.0043342
chr14_mat	8800000	9000000	0.00480283
chr14_mat	9000000	9200000	0.00475375
chr14_mat	9200000	9400000	0.00645503
chr14_mat	9400000	9600000	0.00664838
chr14_mat	9600000	9800000	0.00420406
chr14_mat	9800000	10000000	0.00437606
chr14_mat	10000000	10200000	0.00451876
chr14_mat	10200000	10400000	0.00564417
chr14_mat	10400000	10600000	0.00684386
chr14_mat	10600000	10800000	0.00687941
chr14_mat	10800000	11000000	0.00501398
chr14_mat	11000000	11200000	0.00493251
chr14_mat	11200000	11400000	0.00654626
chr14_mat	11400000	11600000	0.00715421
chr14_mat	11600000	11800000	0.00711242
chr14_mat	11800000	12000000	0.00718649
chr14_mat	12000000	12200000	0.00721968
chr14_mat	12200000	12400000	0.00750142
chr14_mat	12400000	12600000	0.00719559
chr14_mat	12600000	12800000	0.0077196
chr14_mat	12800000	13000000	0.00720837
chr14_mat	13000000	13200000	0.0072589
chr14_mat	13200000	13400000	0.00549086
chr14_mat	13400000	13600000	0.00465559
chr14_mat	13600000	13800000	0.00442755
chr14_mat	13800000	14000000	0.00477987
chr14_mat	14000000	14200000	0.00572833
chr14_mat	14200000	14400000	0.00521212
chr14_mat	14400000	14600000	0.00568855
chr14_mat	14600000	14800000	0.00694369
chr14_mat	14800000	15000000	0.00535543
chr14_mat	15000000	15200000	0.00501995
chr14_mat	15200000	15400000	0.00571609
chr14_mat	15400000	15600000	0.00854265
chr14_mat	15600000	15800000	0.00913037
chr14_mat	15800000	16000000	0.0045161
chr14_mat	16000000	16200000	0.00477895
chr14_mat	16200000	16400000	0.00617787
chr14_mat	16400000	16411571	
chr15_mat	0	200000	0.00620883
chr15_mat	200000	400000	0.00513489
chr15_mat	400000	600000	0.00855106
chr15_mat	600000	800000	0.00944445
chr15_mat	800000	1000000	0.00818921
chr15_mat	1000000	1200000	0.00683263
chr15_mat	1200000	1400000	0.00540631
chr15_mat	1400000	1600000	0.00461451
chr15_mat	1600000	1800000	0.00566875
chr15_mat	1800000	2000000	0.00664291
chr15_mat	2000000	2200000	0.00515783
chr15_mat	2200000	2400000	0.00561687
chr15_mat	2400000	2600000	0.00515142
chr15_mat	2600000	2800000	0.0061145
chr15_mat	2800000	3000000	0.00716957
chr15_mat	3000000	3200000	0.00428382
chr15_mat	3200000	3400000	0.00483008
chr15_mat	3400000	3600000	0.00493974
chr15_mat	3600000	3800000	0.00495988
chr15_mat	3800000	4000000	0.00632698
chr15_mat	4000000	4200000	0.00431259
chr15_mat	4200000	4400000	0.00691266
chr15_mat	4400000	4600000	0.0079845
chr15_mat	4600000	4800000	0.00845635
chr15_mat	4800000	5000000	0.00720139
chr15_mat	5000000	5200000	0.00493481
chr15_mat	5200000	5400000	0.00549682
chr15_mat	5400000	5600000	0.00422381
chr15_mat	5600000	5800000	0.00536637
chr15_mat	5800000	6000000	0.00542898
chr15_mat	6000000	6200000	0.00425875
chr15_mat	6200000	6400000	0.00500669
chr15_mat	6400000	6600000	0.00540331
chr15_mat	6600000	6800000	0.00677856
chr15_mat	6800000	7000000	0.00478411
chr15_mat	7000000	7200000	0.00474449
chr15_mat	7200000	7400000	0.00622593
chr15_mat	7400000	7600000	0.00719209
chr15_mat	7600000	7800000	0.00748759
chr15_mat	7800000	8000000	0.00756014
chr15_mat	8000000	8200000	0.00742944
chr15_mat	8200000	8400000	0.00574251
chr15_mat	8400000	8600000	0.00462342
chr15_mat	8600000	8800000	0.00488277
chr15_mat	8800000	9000000	0.00823849
chr15_mat	9000000	9200000	0.00842404
chr15_mat	9200000	9400000	0.00699206
chr15_mat	9400000	9600000	0.00539561
chr15_mat	9600000	9800000	0.00574406
chr15_mat	9800000	10000000	0.00525153
chr15_mat	10000000	10200000	0.00481982
chr15_mat	10200000	10400000	0.00450217
chr15_mat	10400000	10600000	0.00559879
chr15_mat	10600000	10800000	0.00415323
chr15_mat	10800000	11000000	0.00490495
chr15_mat	11000000	11200000	0.00586732
chr15_mat	11200000	11400000	0.00534308
chr15_mat	11400000	11600000	0.00473112
chr15_mat	11600000	11800000	0.00460041
chr15_mat	11800000	12000000	0.00747216
chr15_mat	12000000	12200000	0.00786236
chr15_mat	12200000	12400000	0.00642015
chr15_mat	12400000	12600000	0.00650192
chr15_mat	12600000	12800000	0.00791129
chr15_mat	12800000	13000000	0.00648089
chr15_mat	13000000	13200000	0.00750795
chr15_mat	13200000	13400000	0.00752514
chr15_mat	13400000	13600000	0.00692575
chr15_mat	13600000	13800000	0.00569648
chr15_mat	13800000	13831355	
chr16_mat	0	200000	
chr16_mat	200000	400000	0.0220733
chr16_mat	400000	600000	0.0071923
chr16_mat	600000	800000	0.0321673
chr16_mat	800000	1000000	0.0283073
chr16_mat	1000000	1200000	0.0317213
chr16_mat	1200000	1400000	0.0374475
chr16_mat	1400000	1600000	0.0343788
chr16_mat	1600000	1800000	0.0281888
chr16_mat	1800000	2000000	0.0308106
chr16_mat	2000000	2200000	0.029229
chr16_mat	2200000	2400000	0.0294124
chr16_mat	2400000	2600000	0.0330283
chr16_mat	2600000	2800000	0.0302627
chr16_mat	2800000	3000000	0.0317975
chr16_mat	3000000	3200000	0.0253012
chr16_mat	3200000	3400000	0.0306417
chr16_mat	3400000	3600000	0.0311647
chr16_mat	3600000	3800000	0.0296305
chr16_mat	3800000	4000000	0.0355688
chr16_mat	4000000	4200000	0.0159808
chr16_mat	4200000	4400000	0.0102762
chr16_mat	4400000	4600000	0.0117362
chr16_mat	4600000	4800000	0.00945395
chr16_mat	4800000	5000000	0.0116468
chr16_mat	5000000	5200000	0.0203486
chr16_mat	5200000	5400000	0.0249886
chr16_mat	5400000	5600000	
chr16_mat	5600000	5740876	
chr17_mat	0	200000	0.0121419
chr17_mat	200000	400000	0.00618904
chr17_mat	400000	600000	0.00552165
chr17_mat	600000	800000	0.00695159
chr17_mat	800000	1000000	0.00728459
chr17_mat	1000000	1200000	0.00624931
chr17_mat	1200000	1400000	0.00817698
chr17_mat	1400000	1600000	0.00457702
chr17_mat	1600000	1800000	0.00539984
chr17_mat	1800000	2000000	0.00665455
chr17_mat	2000000	2200000	0.00526102
chr17_mat	2200000	2400000	0.00839097
chr17_mat	2400000	2600000	0.00863145
chr17_mat	2600000	2800000	0.00655046
chr17_mat	2800000	3000000	0.00741017
chr17_mat	3000000	3200000	0.00778298
chr17_mat	3200000	3400000	0.00780403
chr17_mat	3400000	3600000	0.00759553
chr17_mat	3600000	3800000	0.00771929
chr17_mat	3800000	4000000	0.0088536
chr17_mat	4000000	4200000	0.00807485
chr17_mat	4200000	4400000	0.00745449
chr17_mat	4400000	4600000	0.0080228
chr17_mat	4600000	4800000	0.00824206
chr17_mat	4800000	5000000	0.0081537
chr17_mat	5000000	5200000	0.00555208
chr17_mat	5200000	5400000	0.00766839
chr17_mat	5400000	5600000	0.00536605
chr17_mat	5600000	5800000	0.00484647
chr17_mat	5800000	6000000	0.00408645
chr17_mat	6000000	6200000	0.00508652
chr17_mat	6200000	6400000	0.00569599
chr17_mat	6400000	6600000	0.0065501
chr17_mat	6600000	6800000	0.00552359
chr17_mat	6800000	7000000	0.00443178
chr17_mat	7000000	7200000	0.00660203
chr17_mat	7200000	7400000	0.00687595
chr17_mat	7400000	7600000	0.00467541
chr17_mat	7600000	7800000	0.00557424
chr17_mat	7800000	8000000	0.00826238
chr17_mat	8000000	8200000	0.00556381
chr17_mat	8200000	8400000	0.00783547
chr17_mat	8400000	8600000	0.00829832
chr17_mat	8600000	8800000	0.00620627
chr17_mat	8800000	9000000	0.00559115
chr17_mat	9000000	9200000	0.00599919
chr17_mat	9200000	9400000	0.00574941
chr17_mat	9400000	9600000	0.00727555
chr17_mat	9600000	9800000	0.00560459
chr17_mat	9800000	10000000	0.00480805
chr17_mat	10000000	10200000	0.00587532
chr17_mat	10200000	10400000	0.00633122
chr17_mat	10400000	10600000	0.00565672
chr17_mat	10600000	10800000	0.0059741
chr17_mat	10800000	11000000	0.00662452
chr17_mat	11000000	11200000	0.00737596
chr17_mat	11200000	11378085	0.00523415
chr18_mat	0	200000	
chr18_mat	200000	400000	0.00758447
chr18_mat	400000	600000	0.00754972
chr18_mat	600000	800000	0.00782167
chr18_mat	800000	1000000	0.0077339
chr18_mat	1000000	1200000	0.00789312
chr18_mat	1200000	1400000	0.00607976
chr18_mat	1400000	1600000	0.00562621
chr18_mat	1600000	1800000	0.00649721
chr18_mat	1800000	2000000	0.00753344
chr18_mat	2000000	2200000	0.00806399
chr18_mat	2200000	2400000	0.00474729
chr18_mat	2400000	2600000	0.00440117
chr18_mat	2600000	2800000	0.0057302
chr18_mat	2800000	3000000	0.00541273
chr18_mat	3000000	3200000	0.00639982
chr18_mat	3200000	3400000	0.00689373
chr18_mat	3400000	3600000	0.00524865
chr18_mat	3600000	3800000	0.00423416
chr18_mat	3800000	4000000	0.00444974
chr18_mat	4000000	4200000	0.00435486
chr18_mat	4200000	4400000	0.00437859
chr18_mat	4400000	4600000	0.00711058
chr18_mat	4600000	4800000	0.00827366
chr18_mat	4800000	5000000	0.00846801
chr18_mat	5000000	5200000	0.00642175
chr18_mat	5200000	5400000	0.00785795
chr18_mat	5400000	5600000	0.00784856
chr18_mat	5600000	5800000	0.00836896
chr18_mat	5800000	6000000	0.00628984
chr18_mat	6000000	6200000	0.00795677
chr18_mat	6200000	6400000	0.00683048
chr18_mat	6400000	6600000	0.00790261
chr18_mat	6600000	6800000	0.00659596
chr18_mat	6800000	7000000	0.00426821
chr18_mat	7000000	7200000	0.00663423
chr18_mat	7200000	7400000	0.00620849
chr18_mat	7400000	7600000	0.00713367
chr18_mat	7600000	7800000	0.00500872
chr18_mat	7800000	8000000	0.00552288
chr18_mat	8000000	8200000	0.00529931
chr18_mat	8200000	8400000	0.00580605
chr18_mat	8400000	8600000	0.00456239
chr18_mat	8600000	8800000	0.00583967
chr18_mat	8800000	9000000	0.00417151
chr18_mat	9000000	9200000	0.00622051
chr18_mat	9200000	9400000	0.00632286
chr18_mat	9400000	9600000	0.0055077
chr18_mat	9600000	9800000	0.0039017
chr18_mat	9800000	10000000	0.00680272
chr18_mat	10000000	10200000	0.00766762
chr18_mat	10200000	10400000	0.00716893
chr18_mat	10400000	10600000	0.0069644
chr18_mat	10600000	10800000	0.0069069
chr18_mat	10800000	11000000	0.00539939
chr18_mat	11000000	11200000	0.00709644
chr18_mat	11200000	11233222	
chr19_mat	0	200000	0.00656306
chr19_mat	200000	400000	0.00624402
chr19_mat	400000	600000	0.00467709
chr19_mat	600000	800000	0.00502248
chr19_mat	800000	1000000	0.00601733
chr19_mat	1000000	1200000	0.00574225
chr19_mat	1200000	1400000	0.00577537
chr19_mat	1400000	1600000	0.00694583
chr19_mat	1600000	1800000	0.0054602
chr19_mat	1800000	2000000	0.00450557
chr19_mat	2000000	2200000	0.00588943
chr19_mat	2200000	2400000	0.00641979
chr19_mat	2400000	2600000	0.00394391
chr19_mat	2600000	2800000	0.00447532
chr19_mat	2800000	3000000	0.00590145
chr19_mat	3000000	3200000	0.00534701
chr19_mat	3200000	3400000	0.00531421
chr19_mat	3400000	3600000	0.00489682
chr19_mat	3600000	3800000	0.00577505
chr19_mat	3800000	4000000	0.0053145
chr19_mat	4000000	4200000	0.00567918
chr19_mat	4200000	4400000	0.00562644
chr19_mat	4400000	4600000	0.00585079
chr19_mat	4600000	4800000	0.00521077
chr19_mat	4800000	5000000	0.00472101
chr19_mat	5000000	5200000	0.00525754
chr19_mat	5200000	5400000	0.00505779
chr19_mat	5400000	5600000	0.00698525
chr19_mat	5600000	5800000	0.00496452
chr19_mat	5800000	6000000	0.00568382
chr19_mat	6000000	6200000	0.00488766
chr19_mat	6200000	6400000	0.00633191
chr19_mat	6400000	6600000	0.00639964
chr19_mat	6600000	6800000	0.00701352
chr19_mat	6800000	7000000	0.00467071
chr19_mat	7000000	7200000	0.00598062
chr19_mat	7200000	7400000	0.00466308
chr19_mat	7400000	7600000	0.00556176
chr19_mat	7600000	7800000	0.0061622
chr19_mat	7800000	8000000	0.0050266
chr19_mat	8000000	8200000	0.00687738
chr19_mat	8200000	8400000	0.00889063
chr19_mat	8400000	8600000	0.00741972
chr19_mat	8600000	8800000	0.00791869
chr19_mat	8800000	9000000	0.00852269
chr19_mat	9000000	9200000	0.00805677
chr19_mat	9200000	9400000	0.00818173
chr19_mat	9400000	9600000	0.00804613
chr19_mat	9600000	9800000	0.00811986
chr19_mat	9800000	10000000	0.00876023
chr19_mat	10000000	10200000	0.0082846
chr19_mat	10200000	10400000	0.00616762
chr19_mat	10400000	10600000	0.00632764
chr19_mat	10600000	10800000	0.00589304
chr19_mat	10800000	11000000	0.00576003
chr19_mat	11000000	11169410	0.00628531
chr20_mat	0	200000	
chr20_mat	200000	400000	
chr20_mat	400000	600000	0.00435669
chr20_mat	600000	800000	0.00509068
chr20_mat	800000	1000000	0.00519335
chr20_mat	1000000	1200000	0.00583215
chr20_mat	1200000	1400000	0.00639078
chr20_mat	1400000	1600000	0.00856577
chr20_mat	1600000	1800000	0.0140802
chr20_mat	1800000	2000000	
chr20_mat	2000000	2200000	0.011377
chr20_mat	2200000	2400000	0.00501988
chr20_mat	2400000	2600000	0.00608093
chr20_mat	2600000	2800000	0.00870228
chr20_mat	2800000	3000000	0.00898147
chr20_mat	3000000	3200000	0.00550481
chr20_mat	3200000	3400000	0.00695614
chr20_mat	3400000	3600000	0.00787058
chr20_mat	3600000	3800000	0.00496978
chr20_mat	3800000	4000000	0.00672921
chr20_mat	4000000	4200000	0.00744989
chr20_mat	4200000	4400000	0.00818575
chr20_mat	4400000	4600000	0.00841409
chr20_mat	4600000	4800000	0.00718571
chr20_mat	4800000	5000000	0.00622516
chr20_mat	5000000	5200000	0.0063093
chr20_mat	5200000	5400000	0.00726699
chr20_mat	5400000	5600000	0.00720781
chr20_mat	5600000	5800000	0.00741889
chr20_mat	5800000	6000000	0.00811796
chr20_mat	6000000	6200000	0.0050765
chr20_mat	6200000	6400000	0.00694762
chr20_mat	6400000	6600000	0.00519273
chr20_mat	6600000	6800000	0.00678332
chr20_mat	6800000	7000000	0.00589045
chr20_mat	7000000	7200000	0.00783729
chr20_mat	7200000	7400000	0.00428972
chr20_mat	7400000	7600000	0.00701371
chr20_mat	7600000	7800000	0.00569551
chr20_mat	7800000	8000000	0.00642977
chr20_mat	8000000	8200000	0.00532419
chr20_mat	8200000	8400000	0.00485678
chr20_mat	8400000	8600000	0.00654668
chr20_mat	8600000	8800000	0.00475091
chr20_mat	8800000	9000000	0.00564299
chr20_mat	9000000	9200000	0.00626023
chr20_mat	9200000	9400000	0.00679869
chr20_mat	9400000	9600000	0.0079711
chr20_mat	9600000	9800000	0.00711433
chr20_mat	9800000	10000000	0.00684551
chr20_mat	10000000	10200000	0.00504282
chr20_mat	10200000	10400000	0.00643897
chr20_mat	10400000	10600000	0.00799542
chr20_mat	10600000	10800000	0.00576998
chr20_mat	10800000	11000000	0.00493538
chr20_mat	11000000	11200000	0.00741489
chr20_mat	11200000	11400000	0.00816624
chr20_mat	11400000	11600000	0.00743118
chr20_mat	11600000	11800000	0.00672022
chr20_mat	11800000	12000000	0.00667694
chr20_mat	12000000	12200000	0.00435228
chr20_mat	12200000	12400000	0.00466528
chr20_mat	12400000	12600000	0.00630243
chr20_mat	12600000	12800000	0.00644372
chr20_mat	12800000	13000000	0.00532433
chr20_mat	13000000	13200000	0.00610316
chr20_mat	13200000	13400000	0.00515645
chr20_mat	13400000	13600000	0.00674771
chr20_mat	13600000	13800000	0.00717971
chr20_mat	13800000	14000000	0.00793707
chr20_mat	14000000	14200000	0.0080622
chr20_mat	14200000	14400000	0.00837102
chr20_mat	14400000	14600000	0.00492597
chr20_mat	14600000	14800000	0.00672937
chr20_mat	14800000	15000000	0.00758893
chr20_mat	15000000	15200000	0.00500028
chr20_mat	15200000	15400000	0.00599475
chr20_mat	15400000	15459785	
chr21_mat	0	200000	0.00856886
chr21_mat	200000	400000	0.00821949
chr21_mat	400000	600000	0.00698353
chr21_mat	600000	800000	0.00689171
chr21_mat	800000	1000000	0.00561703
chr21_mat	1000000	1200000	0.0044862
chr21_mat	1200000	1400000	0.00683501
chr21_mat	1400000	1600000	0.00554416
chr21_mat	1600000	1800000	0.00495143
chr21_mat	1800000	2000000	0.00495501
chr21_mat	2000000	2200000	0.00468691
chr21_mat	2200000	2400000	0.0055628
chr21_mat	2400000	2600000	0.00541364
chr21_mat	2600000	2800000	0.00685179
chr21_mat	2800000	3000000	0.00736164
chr21_mat	3000000	3200000	0.00656162
chr21_mat	3200000	3400000	0.00676642
chr21_mat	3400000	3600000	0.00673209
chr21_mat	3600000	3800000	0.00586149
chr21_mat	3800000	4000000	0.00529824
chr21_mat	4000000	4200000	0.00679645
chr21_mat	4200000	4400000	0.00586004
chr21_mat	4400000	4600000	0.00454781
chr21_mat	4600000	4800000	0.00475263
chr21_mat	4800000	5000000	0.00524327
chr21_mat	5000000	5200000	0.00519079
chr21_mat	5200000	5400000	0.00572259
chr21_mat	5400000	5600000	0.00520108
chr21_mat	5600000	5800000	0.00477347
chr21_mat	5800000	6000000	0.00563488
chr21_mat	6000000	6200000	0.00683239
chr21_mat	6200000	6400000	0.00879123
chr21_mat	6400000	6600000	0.0049644
chr21_mat	6600000	6800000	0.0055649
chr21_mat	6800000	7000000	0.00568928
chr21_mat	7000000	7200000	0.00910974
chr21_mat	7200000	7400000	0.00984995
chr21_mat	7400000	7600000	0.00795009
chr21_mat	7600000	7800000	0.00516546
chr21_mat	7800000	8000000	
chr21_mat	8000000	8001925	
chr22_mat	0	200000	
chr22_mat	200000	400000	0.00513792
chr22_mat	400000	600000	0.00726582
chr22_mat	600000	800000	0.00622233
chr22_mat	800000	1000000	0.00647614
chr22_mat	1000000	1200000	0.00908678
chr22_mat	1200000	1400000	0.00952045
chr22_mat	1400000	1600000	0.00682578
chr22_mat	1600000	1800000	0.00574547
chr22_mat	1800000	2000000	0.00739164
chr22_mat	2000000	2200000	0.00670262
chr22_mat	2200000	2400000	0.00580259
chr22_mat	2400000	2600000	0.00534678
chr22_mat	2600000	2800000	0.00567146
chr22_mat	2800000	3000000	0.00604269
chr22_mat	3000000	3200000	0.00503599
chr22_mat	3200000	3400000	0.00641719
chr22_mat	3400000	3600000	0.00658932
chr22_mat	3600000	3800000	0.00564018
chr22_mat	3800000	4000000	0.00434364
chr22_mat	4000000	4200000	0.00550396
chr22_mat	4200000	4400000	0.00654688
chr22_mat	4400000	4600000	0.00551371
chr22_mat	4600000	4800000	0.00505104
chr22_mat	4800000	5000000	
chr22_mat	5000000	5052704	
chr23_mat	0	200000	
chr23_mat	200000	400000	0.00410971
chr23_mat	400000	600000	0.00534605
chr23_mat	600000	800000	0.0058425
chr23_mat	800000	1000000	0.00752247
chr23_mat	1000000	1200000	0.00614052
chr23_mat	1200000	1400000	0.00563284
chr23_mat	1400000	1600000	0.00485225
chr23_mat	1600000	1800000	0.00683301
chr23_mat	1800000	2000000	0.00801577
chr23_mat	2000000	2200000	0.00565722
chr23_mat	2200000	2400000	0.00646159
chr23_mat	2400000	2600000	0.00530304
chr23_mat	2600000	2800000	0.00489242
chr23_mat	2800000	3000000	0.00472912
chr23_mat	3000000	3200000	0.00531179
chr23_mat	3200000	3400000	0.00598603
chr23_mat	3400000	3600000	0.00626582
chr23_mat	3600000	3800000	0.00540519
chr23_mat	3800000	4000000	0.00635648
chr23_mat	4000000	4200000	0.00575043
chr23_mat	4200000	4400000	0.00478335
chr23_mat	4400000	4600000	0.00578745
chr23_mat	4600000	4800000	0.00626506
chr23_mat	4800000	5000000	0.00968812
chr23_mat	5000000	5200000	0.00874917
chr23_mat	5200000	5400000	0.00845507
chr23_mat	5400000	5600000	0.00775555
chr23_mat	5600000	5800000	0.0062171
chr23_mat	5800000	6000000	0.00593463
chr23_mat	6000000	6200000	0.0075739
chr23_mat	6200000	6400000	0.00734723
chr23_mat	6400000	6600000	0.00678121
chr23_mat	6600000	6800000	0.00439495
chr23_mat	6800000	6987744	0.00735343
chr24_mat	0	200000	0.011554
chr24_mat	200000	400000	0.00902039
chr24_mat	400000	600000	0.00444445
chr24_mat	600000	800000	0.00694102
chr24_mat	800000	1000000	0.00729597
chr24_mat	1000000	1200000	0.00704883
chr24_mat	1200000	1400000	0.00773572
chr24_mat	1400000	1600000	0.00796479
chr24_mat	1600000	1800000	0.00836652
chr24_mat	1800000	2000000	0.00610387
chr24_mat	2000000	2200000	0.00521984
chr24_mat	2200000	2400000	0.0076493
chr24_mat	2400000	2600000	0.00626297
chr24_mat	2600000	2800000	0.006634
chr24_mat	2800000	3000000	0.00827765
chr24_mat	3000000	3200000	0.00926536
chr24_mat	3200000	3400000	0.00880312
chr24_mat	3400000	3600000	0.00927338
chr24_mat	3600000	3800000	0.00620151
chr24_mat	3800000	4000000	0.00822098
chr24_mat	4000000	4200000	0.00790479
chr24_mat	4200000	4400000	0.00655398
chr24_mat	4400000	4600000	0.00754653
chr24_mat	4600000	4800000	0.00759247
chr24_mat	4800000	5000000	0.0062831
chr24_mat	5000000	5200000	0.00746144
chr24_mat	5200000	5400000	0.00541451
chr24_mat	5400000	5600000	0.00739973
chr24_mat	5600000	5800000	0.00711114
chr24_mat	5800000	6000000	0.00694807
chr24_mat	6000000	6200000	0.00604659
chr24_mat	6200000	6400000	0.00789522
chr24_mat	6400000	6600000	0.00959977
chr24_mat	6600000	6800000	0.00831268
chr24_mat	6800000	7000000	0.00616166
chr24_mat	7000000	7200000	0.00966101
chr24_mat	7200000	7400000	0.00739252
chr24_mat	7400000	7600000	0.00470077
chr24_mat	7600000	7800000	0.00925989
chr24_mat	7800000	7809384	
chr25_mat	0	200000	
chr25_mat	200000	400000	
chr25_mat	400000	600000	
chr25_mat	600000	800000	0.0218996
chr25_mat	800000	1000000	0.0237275
chr25_mat	1000000	1200000	0.0341705
chr25_mat	1200000	1400000	0.0520402
chr25_mat	1400000	1600000	0.0563347
chr25_mat	1600000	1800000	0.0333546
chr25_mat	1800000	2000000	0.0579031
chr25_mat	2000000	2200000	0.060953
chr25_mat	2200000	2400000	0.0651957
chr25_mat	2400000	2600000	0.045313
chr25_mat	2600000	2800000	0.0460805
chr25_mat	2800000	3000000	
chr25_mat	3000000	3200000	0.0581342
chr25_mat	3200000	3400000	0.035549
chr25_mat	3400000	3600000	0.0646604
chr25_mat	3600000	3800000	
chr25_mat	3800000	4000000	0.059257
chr25_mat	4000000	4200000	0.0298183
chr25_mat	4200000	4400000	0.0243255
chr25_mat	4400000	4600000	0.0307688
chr25_mat	4600000	4800000	0.0455662
chr25_mat	4800000	5000000	0.0368159
chr25_mat	5000000	5200000	0.00855947
chr25_mat	5200000	5400000	0.00491136
chr25_mat	5400000	5600000	0.00633475
chr25_mat	5600000	5800000	0.0113073
chr25_mat	5800000	6000000	0.00721159
chr25_mat	6000000	6200000	0.00523244
chr25_mat	6200000	6400000	0.00619738
chr25_mat	6400000	6600000	0.0100392
chr25_mat	6600000	6800000	0.00755288
chr25_mat	6800000	7000000	0.00505128
chr25_mat	7000000	7200000	0.00515334
chr25_mat	7200000	7400000	0.00601563
chr25_mat	7400000	7600000	0.00953182
chr25_mat	7600000	7800000	0.00582177
chr25_mat	7800000	8000000	0.00560634
chr25_mat	8000000	8199455	
chr26_mat	0	200000	0.00509289
chr26_mat	200000	400000	0.00616402
chr26_mat	400000	600000	0.00606805
chr26_mat	600000	800000	0.00989286
chr26_mat	800000	1000000	0.00942325
chr26_mat	1000000	1200000	0.00588232
chr26_mat	1200000	1400000	0.00545097
chr26_mat	1400000	1600000	0.00653654
chr26_mat	1600000	1800000	0.00559987
chr26_mat	1800000	2000000	0.00629433
chr26_mat	2000000	2200000	0.00772123
chr26_mat	2200000	2400000	0.00593983
chr26_mat	2400000	2600000	0.00623324
chr26_mat	2600000	2800000	0.00570237
chr26_mat	2800000	3000000	0.00575639
chr26_mat	3000000	3200000	0.00541983
chr26_mat	3200000	3400000	0.00793682
chr26_mat	3400000	3600000	0.00478482
chr26_mat	3600000	3800000	0.00521088
chr26_mat	3800000	4000000	0.00635532
chr26_mat	4000000	4200000	0.00538995
chr26_mat	4200000	4400000	0.0054308
chr26_mat	4400000	4600000	0.00518187
chr26_mat	4600000	4800000	0.00829989
chr26_mat	4800000	5000000	0.00813409
chr26_mat	5000000	5200000	0.00534154
chr26_mat	5200000	5400000	0.00621558
chr26_mat	5400000	5600000	0.00617852
chr26_mat	5600000	5800000	0.00446246
chr26_mat	5800000	6000000	0.00527926
chr26_mat	6000000	6200000	0.00518374
chr26_mat	6200000	6400000	0.00585013
chr26_mat	6400000	6600000	0.00681498
chr26_mat	6600000	6800000	0.00980498
chr26_mat	6800000	6902691	
chr27_mat	0	200000	
chr27_mat	200000	400000	0.00605883
chr27_mat	400000	600000	0.00449141
chr27_mat	600000	800000	0.0071209
chr27_mat	800000	1000000	0.00671952
chr27_mat	1000000	1200000	0.00707853
chr27_mat	1200000	1400000	0.00597181
chr27_mat	1400000	1600000	0.00619607
chr27_mat	1600000	1800000	0.00755744
chr27_mat	1800000	2000000	0.00669754
chr27_mat	2000000	2200000	0.00528552
chr27_mat	2200000	2400000	0.00489271
chr27_mat	2400000	2600000	0.00579774
chr27_mat	2600000	2800000	0.00672298
chr27_mat	2800000	3000000	0.0059893
chr27_mat	3000000	3200000	0.00632024
chr27_mat	3200000	3400000	0.00601643
chr27_mat	3400000	3600000	0.00467574
chr27_mat	3600000	3800000	0.00552169
chr27_mat	3800000	4000000	0.00551809
chr27_mat	4000000	4200000	0.00610845
chr27_mat	4200000	4400000	0.00811502
chr27_mat	4400000	4600000	
chr27_mat	4600000	4800000	0.00570048
chr27_mat	4800000	5000000	0.00867384
chr27_mat	5000000	5200000	0.00865971
chr27_mat	5200000	5400000	0.00734442
chr27_mat	5400000	5600000	0.0083719
chr27_mat	5600000	5800000	
chr27_mat	5800000	5843241	
chr28_mat	0	200000	
chr28_mat	200000	400000	0.00619077
chr28_mat	400000	600000	0.00567893
chr28_mat	600000	800000	0.00645364
chr28_mat	800000	1000000	0.0060182
chr28_mat	1000000	1200000	0.0060163
chr28_mat	1200000	1400000	0.00518368
chr28_mat	1400000	1600000	0.00593061
chr28_mat	1600000	1800000	0.0057933
chr28_mat	1800000	2000000	0.00494118
chr28_mat	2000000	2200000	0.00771244
chr28_mat	2200000	2400000	0.00786393
chr28_mat	2400000	2600000	0.00473636
chr28_mat	2600000	2800000	0.00519207
chr28_mat	2800000	3000000	0.00615221
chr28_mat	3000000	3200000	0.0043837
chr28_mat	3200000	3400000	0.00503851
chr28_mat	3400000	3600000	0.0059075
chr28_mat	3600000	3800000	0.00714252
chr28_mat	3800000	4000000	0.00814872
chr28_mat	4000000	4200000	0.00476529
chr28_mat	4200000	4400000	0.00521252
chr28_mat	4400000	4600000	0.00780482
chr28_mat	4600000	4800000	0.00644814
chr28_mat	4800000	5000000	0.00615534
chr28_mat	5000000	5200000	0.00676765
chr28_mat	5200000	5400000	0.00493713
chr28_mat	5400000	5600000	0.00483914
chr28_mat	5600000	5800000	0.00670777
chr28_mat	5800000	6000000	
chr28_mat	6000000	6200000	
chr28_mat	6200000	6367150	
chr29_mat	0	200000	
chr29_mat	200000	400000	
chr29_mat	400000	600000	
chr29_mat	600000	800000	
chr29_mat	800000	1000000	
chr29_mat	1000000	1200000	
chr29_mat	1200000	1400000	
chr29_mat	1400000	1600000	
chr29_mat	1600000	1800000	
chr29_mat	1800000	2000000	
chr29_mat	2000000	2200000	
chr29_mat	2200000	2400000	
chr29_mat	2400000	2600000	
chr29_mat	2600000	2800000	0.00711703
chr29_mat	2800000	3000000	0.00754867
chr29_mat	3000000	3200000	0.00831259
chr29_mat	3200000	3400000	0.0141828
chr29_mat	3400000	3600000	0.0070516
chr29_mat	3600000	3800000	0.00701752
chr29_mat	3800000	4000000	0.00851039
chr29_mat	4000000	4200000	0.0064487
chr29_mat	4200000	4400000	0.0056768
chr29_mat	4400000	4600000	0.00602197
chr29_mat	4600000	4800000	0.0135581
chr29_mat	4800000	5000000	0.0105636
chr29_mat	5000000	5200000	0.00574471
chr29_mat	5200000	5400000	0.00517604
chr29_mat	5400000	5600000	0.0141827
chr29_mat	5600000	5689316	
chr30_mat	0	200000	0.00865132
chr30_mat	200000	400000	0.00607805
chr30_mat	400000	600000	0.00849203
chr30_mat	600000	800000	0.0121881
chr30_mat	800000	1000000	0.00508239
chr30_mat	1000000	1200000	0.00925534
chr30_mat	1200000	1400000	0.0119954
chr30_mat	1400000	1600000	0.00872049
chr30_mat	1600000	1800000	0.0147079
chr30_mat	1800000	2000000	0.00899226
chr30_mat	2000000	2200000	0.00904667
chr30_mat	2200000	2400000	0.0113302
chr30_mat	2400000	2600000	0.0223015
chr30_mat	2600000	2800000	0.0208304
chr30_mat	2800000	3000000	0.0155151
chr30_mat	3000000	3200000	0.0178737
chr30_mat	3200000	3400000	0.0163126
chr30_mat	3400000	3600000	0.0237654
chr30_mat	3600000	3800000	0.0170648
chr30_mat	3800000	4000000	0.0170383
chr30_mat	4000000	4200000	0.0164073
chr30_mat	4200000	4400000	0.0246909
chr30_mat	4400000	4600000	0.0145755
chr30_mat	4600000	4800000	0.0147182
chr30_mat	4800000	5000000	0.0186494
chr30_mat	5000000	5200000	0.0176466
chr30_mat	5200000	5400000	0.018002
chr30_mat	5400000	5600000	0.0135269
chr30_mat	5600000	5800000	0.0194699
chr30_mat	5800000	6000000	0.017149
chr30_mat	6000000	6200000	0.014976
chr30_mat	6200000	6400000	0.0182621
chr30_mat	6400000	6600000	0.023982
chr30_mat	6600000	6800000	0.0175705
chr30_mat	6800000	7000000	0.0176657
chr30_mat	7000000	7200000	0.0212389
chr30_mat	7200000	7400000	0.0152069
chr30_mat	7400000	7600000	0.0171865
chr30_mat	7600000	7800000	0.0214224
chr30_mat	7800000	8000000	0.017194
chr30_mat	8000000	8200000	0.0164066
chr30_mat	8200000	8400000	0.0187888
chr30_mat	8400000	8600000	0.0223872
chr30_mat	8600000	8800000	0.0183492
chr30_mat	8800000	9000000	0.0166767
chr30_mat	9000000	9200000	0.0247574
chr30_mat	9200000	9400000	0.0177912
chr30_mat	9400000	9600000	
chr30_mat	9600000	9800000	
chr30_mat	9800000	10000000	
chr30_mat	10000000	10075530	
chr31_mat	0	200000	0.0143399
chr31_mat	200000	400000	0.00827999
chr31_mat	400000	600000	0.0112121
chr31_mat	600000	800000	0.012131
chr31_mat	800000	1000000	0.0106783
chr31_mat	1000000	1200000	0.0125697
chr31_mat	1200000	1400000	0.0113643
chr31_mat	1400000	1600000	0.0105733
chr31_mat	1600000	1800000	0.0138305
chr31_mat	1800000	2000000	0.0111731
chr31_mat	2000000	2200000	0.00765024
chr31_mat	2200000	2400000	0.00587302
chr31_mat	2400000	2600000	0.0128802
chr31_mat	2600000	2800000	0.027408
chr31_mat	2800000	3000000	0.0340232
chr31_mat	3000000	3200000	0.038688
chr31_mat	3200000	3400000	0.0369802
chr31_mat	3400000	3600000	0.0176051
chr31_mat	3600000	3800000	0.0291511
chr31_mat	3800000	4000000	0.0337546
chr31_mat	4000000	4200000	
chr31_mat	4200000	4400000	0.0241861
chr31_mat	4400000	4600000	0.0249367
chr31_mat	4600000	4800000	0.0148934
chr31_mat	4800000	5000000	
chr31_mat	5000000	5200000	
chr31_mat	5200000	5400000	
chr31_mat	5400000	5600000	
chr31_mat	5600000	5620948	
chr32_mat	0	200000	
chr32_mat	200000	400000	
chr32_mat	400000	600000	0.00857786
chr32_mat	600000	800000	0.0130465
chr32_mat	800000	1000000	0.00902926
chr32_mat	1000000	1200000	0.00900024
chr32_mat	1200000	1400000	0.0124924
chr32_mat	1400000	1600000	0.00989831
chr32_mat	1600000	1800000	0.0155771
chr32_mat	1800000	2000000	0.0258321
chr32_mat	2000000	2200000	0.00796252
chr32_mat	2200000	2400000	0.00738476
chr32_mat	2400000	2600000	0.0173855
chr32_mat	2600000	2800000	0.018086
chr32_mat	2800000	3000000	0.0243163
chr32_mat	3000000	3200000	0.0218184
chr32_mat	3200000	3400000	0.0263368
chr32_mat	3400000	3600000	0.033451
chr32_mat	3600000	3800000	0.0363166
chr32_mat	3800000	4000000	0.0228825
chr32_mat	4000000	4200000	0.0326886
chr32_mat	4200000	4400000	0.0375435
chr32_mat	4400000	4600000	0.0228505
chr32_mat	4600000	4800000	0.0138791
chr32_mat	4800000	5000000	0.0101686
chr32_mat	5000000	5200000	
chr32_mat	5200000	5400000	
chr32_mat	5400000	5583733	
chr33_mat	0	200000	
chr33_mat	200000	400000	
chr33_mat	400000	600000	0.0133581
chr33_mat	600000	800000	0.0110379
chr33_mat	800000	1000000	0.0190925
chr33_mat	1000000	1200000	0.0133785
chr33_mat	1200000	1400000	0.0210241
chr33_mat	1400000	1600000	0.0188279
chr33_mat	1600000	1800000	0.00960401
chr33_mat	1800000	2000000	0.0169789
chr33_mat	2000000	2200000	0.0306478
chr33_mat	2200000	2400000	0.036366
chr33_mat	2400000	2600000	0.0206886
chr33_mat	2600000	2800000	0.0248739
chr33_mat	2800000	3000000	0.0294468
chr33_mat	3000000	3200000	0.0336109
chr33_mat	3200000	3400000	0.0270947
chr33_mat	3400000	3600000	0.0366116
chr33_mat	3600000	3800000	
chr33_mat	3800000	4000000	
chr33_mat	4000000	4200000	
chr33_mat	4200000	4246341	
chr34_mat	0	200000	
chr34_mat	200000	400000	
chr34_mat	400000	600000	0.0274452
chr34_mat	600000	800000	0.0207214
chr34_mat	800000	1000000	0.0240527
chr34_mat	1000000	1200000	0.0288099
chr34_mat	1200000	1400000	0.0289034
chr34_mat	1400000	1600000	0.0322537
chr34_mat	1600000	1800000	0.0333801
chr34_mat	1800000	2000000	0.0295673
chr34_mat	2000000	2200000	0.031993
chr34_mat	2200000	2400000	0.019492
chr34_mat	2400000	2600000	0.0210126
chr34_mat	2600000	2800000	0.00875831
chr34_mat	2800000	3000000	0.0116552
chr34_mat	3000000	3200000	0.00818406
chr34_mat	3200000	3400000	0.0114673
chr34_mat	3400000	3600000	0.0105507
chr34_mat	3600000	3800000	0.00816175
chr34_mat	3800000	4000000	0.00671479
chr34_mat	4000000	4200000	0.0142792
chr34_mat	4200000	4400000	0.0549278
chr34_mat	4400000	4456870	
chr35_mat	0	200000	
chr35_mat	200000	400000	
chr35_mat	400000	600000	
chr35_mat	600000	800000	0.0333082
chr35_mat	800000	1000000	0.00764336
chr35_mat	1000000	1200000	0.0130078
chr35_mat	1200000	1400000	0.0134658
chr35_mat	1400000	1600000	0.0123692
chr35_mat	1600000	1800000	0.00852009
chr35_mat	1800000	2000000	0.0127836
chr35_mat	2000000	2200000	0.0104303
chr35_mat	2200000	2400000	0.0226291
chr35_mat	2400000	2600000	0.0265076
chr35_mat	2600000	2800000	0.0221913
chr35_mat	2800000	3000000	0.0246524
chr35_mat	3000000	3200000	0.0271589
chr35_mat	3200000	3400000	0.0216317
chr35_mat	3400000	3600000	0.0231011
chr35_mat	3600000	3800000	0.0173696
chr35_mat	3800000	4000000	0.00734052
chr35_mat	4000000	4200000	0.00643782
chr35_mat	4200000	4400000	0.0097968
chr35_mat	4400000	4600000	0.0150717
chr35_mat	4600000	4800000	
chr35_mat	4800000	4884911	
chr36_mat	0	200000	0.0113895
chr36_mat	200000	400000	0.011969
chr36_mat	400000	600000	0.0130481
chr36_mat	600000	800000	0.0152336
chr36_mat	800000	1000000	0.0119959
chr36_mat	1000000	1200000	0.0119929
chr36_mat	1200000	1400000	0.0179609
chr36_mat	1400000	1600000	0.0170235
chr36_mat	1600000	1800000	0.0177747
chr36_mat	1800000	2000000	0.0200636
chr36_mat	2000000	2200000	0.0168546
chr36_mat	2200000	2400000	0.0169608
chr36_mat	2400000	2600000	0.0178042
chr36_mat	2600000	2800000	0.0181138
chr36_mat	2800000	3000000	0.0169519
chr36_mat	3000000	3200000	0.017883
chr36_mat	3200000	3400000	0.0206072
chr36_mat	3400000	3600000	0.0173885
chr36_mat	3600000	3800000	0.0204281
chr36_mat	3800000	4000000	0.0194389
chr36_mat	4000000	4200000	0.0153545
chr36_mat	4200000	4400000	0.0170221
chr36_mat	4400000	4600000	0.0324694
chr36_mat	4600000	4800000	
chr36_mat	4800000	4818805	
chr37_mat	0	200000	0.00968008
chr37_mat	200000	400000	0.0127719
chr37_mat	400000	600000	0.0135617
chr37_mat	600000	800000	0.0135602
chr37_mat	800000	1000000	0.0118942
chr37_mat	1000000	1200000	0.0121002
chr37_mat	1200000	1400000	0.0164379
chr37_mat	1400000	1600000	0.0149621
chr37_mat	1600000	1800000	0.00985331
chr37_mat	1800000	2000000	0.0112884
chr37_mat	2000000	2200000	0.0198324
chr37_mat	2200000	2400000	0.0330441
chr37_mat	2400000	2600000	0.0266035
chr37_mat	2600000	2800000	0.02184
chr37_mat	2800000	3000000	0.0347023
chr37_mat	3000000	3200000	0.0236118
chr37_mat	3200000	3400000	0.0348541
chr37_mat	3400000	3600000	0.0314785
chr37_mat	3600000	3800000	0.0262921
chr37_mat	3800000	4000000	0.0244038
chr37_mat	4000000	4200000	0.0272302
chr37_mat	4200000	4400000	0.0370436
chr37_mat	4400000	4600000	0.0238718
chr37_mat	4600000	4800000	0.027832
chr37_mat	4800000	5000000	0.0204261
chr37_mat	5000000	5200000	0.0457522
chr37_mat	5200000	5400000	0.0434856
chr37_mat	5400000	5600000	
chr37_mat	5600000	5800000	
chr37_mat	5800000	6000000	0.013027
chr37_mat	6000000	6200000	0.0184537
chr37_mat	6200000	6400000	0.0182752
chr37_mat	6400000	6600000	0.0209413
chr37_mat	6600000	6800000	0.0227008
chr37_mat	6800000	7000000	0.0225811
chr37_mat	7000000	7200000	0.0176581
chr37_mat	7200000	7400000	
chr37_mat	7400000	7600000	
chr37_mat	7600000	7800000	
chr37_mat	7800000	7863776	
chrW_mat	0	200000	
chrW_mat	200000	400000	
chrW_mat	400000	600000	
chrW_mat	600000	800000	
chrW_mat	800000	1000000	
chrW_mat	1000000	1200000	
chrW_mat	1200000	1400000	
chrW_mat	1400000	1600000	
chrW_mat	1600000	1800000	0.000790353
chrW_mat	1800000	2000000	
chrW_mat	2000000	2200000	
chrW_mat	2200000	2400000	
chrW_mat	2400000	2600000	
chrW_mat	2600000	2800000	0.017365
chrW_mat	2800000	3000000	0.0148965
chrW_mat	3000000	3200000	0.0253902
chrW_mat	3200000	3400000	0.0363064
chrW_mat	3400000	3600000	
chrW_mat	3600000	3800000	
chrW_mat	3800000	4000000	
chrW_mat	4000000	4200000	
chrW_mat	4200000	4400000	
chrW_mat	4400000	4600000	
chrW_mat	4600000	4800000	
chrW_mat	4800000	5000000	
chrW_mat	5000000	5200000	
chrW_mat	5200000	5400000	
chrW_mat	5400000	5600000	
chrW_mat	5600000	5800000	
chrW_mat	5800000	6000000	
chrW_mat	6000000	6200000	
chrW_mat	6200000	6400000	
chrW_mat	6400000	6600000	
chrW_mat	6600000	6800000	
chrW_mat	6800000	7000000	
chrW_mat	7000000	7200000	
chrW_mat	7200000	7400000	
chrW_mat	7400000	7600000	
chrW_mat	7600000	7800000	
chrW_mat	7800000	8000000	
chrW_mat	8000000	8200000	
chrW_mat	8200000	8400000	
chrW_mat	8400000	8600000	
chrW_mat	8600000	8800000	0.0121935
chrW_mat	8800000	9000000	0.0158654
chrW_mat	9000000	9200000	0.0167999
chrW_mat	9200000	9400000	0.00976679
chrW_mat	9400000	9600000	0.0071989
chrW_mat	9600000	9800000	0.0139929
chrW_mat	9800000	10000000	0.00838714
chrW_mat	10000000	10200000	0.00708596
chrW_mat	10200000	10400000	0.0103796
chrW_mat	10400000	10600000	0.00926496
chrW_mat	10600000	10800000	0.0111423
chrW_mat	10800000	11000000	0.0156502
chrW_mat	11000000	11200000	0.0092624
chrW_mat	11200000	11400000	0.0112963
chrW_mat	11400000	11600000	0.0157996
chrW_mat	11600000	11800000	0.0185447
chrW_mat	11800000	12000000	0.0170552
chrW_mat	12000000	12200000	0.0158951
chrW_mat	12200000	12400000	0.0160121
chrW_mat	12400000	12600000	0.00680941
chrW_mat	12600000	12800000	0.00867278
chrW_mat	12800000	13000000	0.0109046
chrW_mat	13000000	13200000	0.0117423
chrW_mat	13200000	13400000	0.0159722
chrW_mat	13400000	13600000	0.0134794
chrW_mat	13600000	13800000	0.0158775
chrW_mat	13800000	14000000	
chrW_mat	14000000	14200000	
chrW_mat	14200000	14400000	0.0163176
chrW_mat	14400000	14600000	0.0138124
chrW_mat	14600000	14800000	0.00891739
chrW_mat	14800000	15000000	0.0105387
chrW_mat	15000000	15200000	0.00969079
chrW_mat	15200000	15400000	0.0164219
chrW_mat	15400000	15600000	0.0137944
chrW_mat	15600000	15800000	0.0118966
chrW_mat	15800000	16000000	0.0089448
chrW_mat	16000000	16200000	0.0113688
chrW_mat	16200000	16400000	0.00831051
chrW_mat	16400000	16600000	0.00997563
chrW_mat	16600000	16800000	0.0149919
chrW_mat	16800000	17000000	0.0222452
chrW_mat	17000000	17200000	0.0226111
chrW_mat	17200000	17400000	0.0115956
chrW_mat	17400000	17600000	0.0117466
chrW_mat	17600000	17800000	0.00908425
chrW_mat	17800000	18000000	0.0138014
chrW_mat	18000000	18200000	
chrW_mat	18200000	18400000	
chrW_mat	18400000	18600000	
chrW_mat	18600000	18800000	0.0329777
chrW_mat	18800000	19000000	0.0393177
chrW_mat	19000000	19200000	
chrW_mat	19200000	19400000	
chrW_mat	19400000	19600000	
chrW_mat	19600000	19800000	
chrW_mat	19800000	20000000	
chrW_mat	20000000	20200000	
chrW_mat	20200000	20400000	
chrW_mat	20400000	20600000	
chrW_mat	20600000	20800000	
chrW_mat	20800000	21000000	
chrW_mat	21000000	21200000	
chrW_mat	21200000	21400000	
chrW_mat	21400000	21600000	
chrW_mat	21600000	21800000	
chrW_mat	21800000	22000000	
chrW_mat	22000000	22200000	0.016022
chrW_mat	22200000	22400000	
chrW_mat	22400000	22600000	
chrW_mat	22600000	22800000	0.0138143
chrW_mat	22800000	23000000	0.0159815
chrW_mat	23000000	23200000	0.0172306
chrW_mat	23200000	23400000	0.0140774
chrW_mat	23400000	23600000	0.00733751
chrW_mat	23600000	23800000	
chrW_mat	23800000	24000000	
chrW_mat	24000000	24200000	0.0159187
chrW_mat	24200000	24400000	0.00868282
chrW_mat	24400000	24600000	0.0151851
chrW_mat	24600000	24800000	0.0119375
chrW_mat	24800000	25000000	0.00862118
chrW_mat	25000000	25200000	0.0115867
chrW_mat	25200000	25400000	0.009615
chrW_mat	25400000	25600000	0.0109094
chrW_mat	25600000	25800000	0.00943713
chrW_mat	25800000	26000000	0.0116203
chrW_mat	26000000	26200000	0.0127954
chrW_mat	26200000	26400000	0.00746618
chrW_mat	26400000	26600000	0.0107809
chrW_mat	26600000	26800000	0.0236157
chrW_mat	26800000	27000000	0.0156998
chrW_mat	27000000	27200000	0.0163039
chrW_mat	27200000	27400000	0.0140073
chrW_mat	27400000	27600000	0.00887623
chrW_mat	27600000	27800000	0.0124248
chrW_mat	27800000	28000000	0.0105792
chrW_mat	28000000	28200000	0.0136479
chrW_mat	28200000	28400000	0.010845
chrW_mat	28400000	28600000	0.0133037
chrW_mat	28600000	28800000	0.0155426
chrW_mat	28800000	29000000	0.0131366
chrW_mat	29000000	29200000	0.00897973
chrW_mat	29200000	29400000	0.0113173
chrW_mat	29400000	29600000	0.0102174
chrW_mat	29600000	29800000	0.0148349
chrW_mat	29800000	30000000	0.0167853
chrW_mat	30000000	30200000	0.0158546
chrW_mat	30200000	30400000	0.0155917
chrW_mat	30400000	30600000	0.0170755
chrW_mat	30600000	30800000	0.0132004
chrW_mat	30800000	31000000	0.0101973
chrW_mat	31000000	31200000	0.0127071
chrW_mat	31200000	31400000	0.0088954
chrW_mat	31400000	31600000	0.00800173
chrW_mat	31600000	31800000	0.009977
chrW_mat	31800000	32000000	0.0120587
chrW_mat	32000000	32200000	0.00967793
chrW_mat	32200000	32400000	0.00982159
chrW_mat	32400000	32600000	0.00881872
chrW_mat	32600000	32800000	0.0152805
chrW_mat	32800000	33000000	0.0123123
chrW_mat	33000000	33200000	0.00667947
chrW_mat	33200000	33400000	0.0104572
chrW_mat	33400000	33600000	0.0144313
chrW_mat	33600000	33777440	0.0190656
chrZ_pat	0	200000	
chrZ_pat	200000	400000	
chrZ_pat	400000	600000	
chrZ_pat	600000	800000	
chrZ_pat	800000	1000000	
chrZ_pat	1000000	1200000	
chrZ_pat	1200000	1400000	
chrZ_pat	1400000	1600000	
chrZ_pat	1600000	1800000	0.00541616
chrZ_pat	1800000	2000000	
chrZ_pat	2000000	2200000	
chrZ_pat	2200000	2400000	
chrZ_pat	2400000	2600000	
chrZ_pat	2600000	2800000	
chrZ_pat	2800000	3000000	0.0115776
chrZ_pat	3000000	3200000	0.0167419
chrZ_pat	3200000	3400000	0.0163267
chrZ_pat	3400000	3600000	0.00890469
chrZ_pat	3600000	3800000	0.0113603
chrZ_pat	3800000	4000000	0.0084865
chrZ_pat	4000000	4200000	0.0089587
chrZ_pat	4200000	4400000	0.0104266
chrZ_pat	4400000	4600000	0.0135951
chrZ_pat	4600000	4800000	0.00896414
chrZ_pat	4800000	5000000	0.00959427
chrZ_pat	5000000	5200000	0.0196666
chrZ_pat	5200000	5400000	
chrZ_pat	5400000	5600000	
chrZ_pat	5600000	5800000	
chrZ_pat	5800000	6000000	0.0142698
chrZ_pat	6000000	6200000	0.0110979
chrZ_pat	6200000	6400000	0.010575
chrZ_pat	6400000	6600000	0.010445
chrZ_pat	6600000	6800000	0.00843296
chrZ_pat	6800000	7000000	0.00848627
chrZ_pat	7000000	7200000	0.0117923
chrZ_pat	7200000	7400000	0.013135
chrZ_pat	7400000	7600000	0.0127732
chrZ_pat	7600000	7800000	0.00850869
chrZ_pat	7800000	8000000	0.00726514
chrZ_pat	8000000	8200000	0.00839592
chrZ_pat	8200000	8400000	0.00827118
chrZ_pat	8400000	8600000	0.0117669
chrZ_pat	8600000	8800000	0.0105731
chrZ_pat	8800000	9000000	0.0104499
chrZ_pat	9000000	9200000	0.0121025
chrZ_pat	9200000	9400000	0.0113604
chrZ_pat	9400000	9600000	0.00884989
chrZ_pat	9600000	9800000	0.0102485
chrZ_pat	9800000	10000000	
chrZ_pat	10000000	10200000	
chrZ_pat	10200000	10400000	
chrZ_pat	10400000	10600000	
chrZ_pat	10600000	10800000	0.017725
chrZ_pat	10800000	11000000	0.00753933
chrZ_pat	11000000	11200000	0.0096913
chrZ_pat	11200000	11400000	0.00715668
chrZ_pat	11400000	11600000	0.0105059
chrZ_pat	11600000	11800000	0.0105387
chrZ_pat	11800000	12000000	0.00971157
chrZ_pat	12000000	12200000	0.00710034
chrZ_pat	12200000	12400000	0.00787765
chrZ_pat	12400000	12600000	0.00840889
chrZ_pat	12600000	12800000	0.0103153
chrZ_pat	12800000	13000000	0.010598
chrZ_pat	13000000	13200000	0.00980235
chrZ_pat	13200000	13400000	0.00985894
chrZ_pat	13400000	13600000	0.00979074
chrZ_pat	13600000	13800000	0.0103578
chrZ_pat	13800000	14000000	0.00996904
chrZ_pat	14000000	14200000	0.00882207
chrZ_pat	14200000	14400000	0.00837537
chrZ_pat	14400000	14600000	0.00882286
chrZ_pat	14600000	14800000	0.00914797
chrZ_pat	14800000	15000000	0.00852326
chrZ_pat	15000000	15200000	0.00981103
chrZ_pat	15200000	15400000	0.0119401
chrZ_pat	15400000	15600000	0.0088794
chrZ_pat	15600000	15800000	0.0173747
chrZ_pat	15800000	16000000	
chrZ_pat	16000000	16200000	0.00780327
chrZ_pat	16200000	16400000	0.0107778
chrZ_pat	16400000	16600000	0.00980634
chrZ_pat	16600000	16800000	0.00649539
chrZ_pat	16800000	17000000	0.00936598
chrZ_pat	17000000	17200000	0.0104482
chrZ_pat	17200000	17400000	0.0106414
chrZ_pat	17400000	17600000	0.00952532
chrZ_pat	17600000	17800000	0.00823486
chrZ_pat	17800000	18000000	0.00799651
chrZ_pat	18000000	18200000	0.00813024
chrZ_pat	18200000	18400000	0.010461
chrZ_pat	18400000	18600000	0.00806755
chrZ_pat	18600000	18800000	0.00865408
chrZ_pat	18800000	19000000	0.00970864
chrZ_pat	19000000	19200000	0.0108777
chrZ_pat	19200000	19400000	0.0100694
chrZ_pat	19400000	19600000	0.0101702
chrZ_pat	19600000	19800000	0.010036
chrZ_pat	19800000	20000000	0.00898075
chrZ_pat	20000000	20200000	0.0101467
chrZ_pat	20200000	20400000	0.00764961
chrZ_pat	20400000	20600000	0.00948285
chrZ_pat	20600000	20800000	0.00914551
chrZ_pat	20800000	21000000	0.00923509
chrZ_pat	21000000	21200000	0.00882589
chrZ_pat	21200000	21400000	0.0136648
chrZ_pat	21400000	21600000	0.0132651
chrZ_pat	21600000	21800000	0.0135912
chrZ_pat	21800000	22000000	0.0114914
chrZ_pat	22000000	22200000	0.00830198
chrZ_pat	22200000	22400000	0.0128679
chrZ_pat	22400000	22600000	0.019225
chrZ_pat	22600000	22800000	0.00384669
chrZ_pat	22800000	23000000	0.0106103
chrZ_pat	23000000	23200000	0.00957299
chrZ_pat	23200000	23400000	0.0103572
chrZ_pat	23400000	23600000	0.00875729
chrZ_pat	23600000	23800000	0.00995017
chrZ_pat	23800000	24000000	0.0109708
chrZ_pat	24000000	24200000	0.0112087
chrZ_pat	24200000	24400000	0.0102433
chrZ_pat	24400000	24600000	0.0101439
chrZ_pat	24600000	24800000	0.0105786
chrZ_pat	24800000	25000000	0.0108041
chrZ_pat	25000000	25200000	0.0102941
chrZ_pat	25200000	25400000	0.00910959
chrZ_pat	25400000	25600000	0.00774212
chrZ_pat	25600000	25800000	0.00820903
chrZ_pat	25800000	26000000	0.00776967
chrZ_pat	26000000	26200000	0.00984703
chrZ_pat	26200000	26400000	0.00847176
chrZ_pat	26400000	26600000	0.00964712
chrZ_pat	26600000	26800000	0.00991345
chrZ_pat	26800000	27000000	0.00910709
chrZ_pat	27000000	27200000	0.00788273
chrZ_pat	27200000	27400000	0.0091693
chrZ_pat	27400000	27600000	0.00819645
chrZ_pat	27600000	27800000	0.00918376
chrZ_pat	27800000	28000000	0.0110018
chrZ_pat	28000000	28200000	0.0107262
chrZ_pat	28200000	28400000	0.0103737
chrZ_pat	28400000	28600000	0.0113056
chrZ_pat	28600000	28800000	0.00921694
chrZ_pat	28800000	29000000	0.00769835
chrZ_pat	29000000	29200000	0.00789996
chrZ_pat	29200000	29400000	0.00977961
chrZ_pat	29400000	29600000	0.00814474
chrZ_pat	29600000	29800000	0.00973992
chrZ_pat	29800000	30000000	0.0103797
chrZ_pat	30000000	30200000	0.0101254
chrZ_pat	30200000	30400000	0.00761652
chrZ_pat	30400000	30600000	0.00681125
chrZ_pat	30600000	30800000	0.0100609
chrZ_pat	30800000	31000000	0.0104866
chrZ_pat	31000000	31200000	0.0106906
chrZ_pat	31200000	31400000	0.0109921
chrZ_pat	31400000	31600000	0.00927918
chrZ_pat	31600000	31800000	0.0082612
chrZ_pat	31800000	32000000	0.00922891
chrZ_pat	32000000	32200000	0.00759761
chrZ_pat	32200000	32400000	0.0114437
chrZ_pat	32400000	32600000	0.0129067
chrZ_pat	32600000	32800000	0.0115968
chrZ_pat	32800000	33000000	0.00923087
chrZ_pat	33000000	33200000	0.0088889
chrZ_pat	33200000	33400000	0.0089459
chrZ_pat	33400000	33600000	0.00712703
chrZ_pat	33600000	33800000	0.0100144
chrZ_pat	33800000	34000000	0.0119034
chrZ_pat	34000000	34200000	0.0106901
chrZ_pat	34200000	34400000	0.0110881
chrZ_pat	34400000	34600000	0.0123228
chrZ_pat	34600000	34800000	0.0094839
chrZ_pat	34800000	35000000	0.0110366
chrZ_pat	35000000	35200000	0.010986
chrZ_pat	35200000	35400000	
chrZ_pat	35400000	35600000	
chrZ_pat	35600000	35800000	
chrZ_pat	35800000	36000000	0.0128578
chrZ_pat	36000000	36200000	0.0114489
chrZ_pat	36200000	36400000	0.0102709
chrZ_pat	36400000	36600000	0.00803917
chrZ_pat	36600000	36800000	0.0100665
chrZ_pat	36800000	37000000	0.0116458
chrZ_pat	37000000	37200000	0.0086004
chrZ_pat	37200000	37400000	0.010725
chrZ_pat	37400000	37600000	0.0104067
chrZ_pat	37600000	37800000	0.0106155
chrZ_pat	37800000	38000000	0.0104126
chrZ_pat	38000000	38200000	0.0104693
chrZ_pat	38200000	38400000	0.0107221
chrZ_pat	38400000	38600000	0.0110193
chrZ_pat	38600000	38800000	0.0114911
chrZ_pat	38800000	39000000	0.010779
chrZ_pat	39000000	39200000	0.00740886
chrZ_pat	39200000	39400000	0.0075476
chrZ_pat	39400000	39600000	0.00854046
chrZ_pat	39600000	39800000	0.00939648
chrZ_pat	39800000	40000000	0.00762308
chrZ_pat	40000000	40200000	0.0102251
chrZ_pat	40200000	40400000	0.0100836
chrZ_pat	40400000	40600000	0.00683891
chrZ_pat	40600000	40800000	0.0106052
chrZ_pat	40800000	41000000	0.0102244
chrZ_pat	41000000	41200000	0.010121
chrZ_pat	41200000	41400000	0.00974208
chrZ_pat	41400000	41600000	0.0100685
chrZ_pat	41600000	41800000	0.00751132
chrZ_pat	41800000	42000000	0.0103721
chrZ_pat	42000000	42200000	0.0109636
chrZ_pat	42200000	42400000	0.0107936
chrZ_pat	42400000	42600000	0.00787494
chrZ_pat	42600000	42800000	0.0103148
chrZ_pat	42800000	43000000	0.0104379
chrZ_pat	43000000	43200000	0.0105261
chrZ_pat	43200000	43400000	0.00998462
chrZ_pat	43400000	43600000	0.0115559
chrZ_pat	43600000	43800000	0.0101087
chrZ_pat	43800000	44000000	0.0103659
chrZ_pat	44000000	44200000	0.01001
chrZ_pat	44200000	44400000	0.0101815
chrZ_pat	44400000	44600000	0.0110908
chrZ_pat	44600000	44800000	0.0121352
chrZ_pat	44800000	45000000	0.0121702
chrZ_pat	45000000	45200000	0.0122021
chrZ_pat	45200000	45400000	0.00943308
chrZ_pat	45400000	45600000	0.00753889
chrZ_pat	45600000	45800000	0.00811186
chrZ_pat	45800000	46000000	0.00703851
chrZ_pat	46000000	46200000	0.00882921
chrZ_pat	46200000	46400000	0.0104833
chrZ_pat	46400000	46600000	0.0142041
chrZ_pat	46600000	46800000	0.0131111
chrZ_pat	46800000	47000000	0.00695473
chrZ_pat	47000000	47200000	0.0116129
chrZ_pat	47200000	47400000	0.0126009
chrZ_pat	47400000	47600000	0.0094253
chrZ_pat	47600000	47800000	0.00981344
chrZ_pat	47800000	48000000	0.0107301
chrZ_pat	48000000	48200000	0.00741651
chrZ_pat	48200000	48400000	0.00909969
chrZ_pat	48400000	48600000	0.00900094
chrZ_pat	48600000	48800000	0.0109616
chrZ_pat	48800000	49000000	0.00830395
chrZ_pat	49000000	49200000	0.010379
chrZ_pat	49200000	49400000	0.00769836
chrZ_pat	49400000	49600000	0.00935722
chrZ_pat	49600000	49800000	0.00625906
chrZ_pat	49800000	50000000	0.0073116
chrZ_pat	50000000	50200000	0.0110085
chrZ_pat	50200000	50400000	0.0111432
chrZ_pat	50400000	50600000	0.00713673
chrZ_pat	50600000	50800000	0.0101018
chrZ_pat	50800000	51000000	0.0107865
chrZ_pat	51000000	51200000	0.00841104
chrZ_pat	51200000	51400000	0.0108253
chrZ_pat	51400000	51600000	0.00867967
chrZ_pat	51600000	51800000	0.0106044
chrZ_pat	51800000	52000000	0.00690986
chrZ_pat	52000000	52200000	0.00866947
chrZ_pat	52200000	52400000	0.0101154
chrZ_pat	52400000	52600000	0.00878191
chrZ_pat	52600000	52800000	0.0103927
chrZ_pat	52800000	53000000	0.00948026
chrZ_pat	53000000	53200000	0.00875712
chrZ_pat	53200000	53400000	0.0104158
chrZ_pat	53400000	53600000	0.0102989
chrZ_pat	53600000	53800000	0.0102577
chrZ_pat	53800000	54000000	0.00862226
chrZ_pat	54000000	54200000	0.00721915
chrZ_pat	54200000	54400000	0.00853924
chrZ_pat	54400000	54600000	0.00826
chrZ_pat	54600000	54800000	0.0103126
chrZ_pat	54800000	55000000	0.00850146
chrZ_pat	55000000	55200000	0.00927215
chrZ_pat	55200000	55400000	0.0105667
chrZ_pat	55400000	55600000	0.00964184
chrZ_pat	55600000	55800000	0.0074159
chrZ_pat	55800000	56000000	0.0109492
chrZ_pat	56000000	56200000	0.0110175
chrZ_pat	56200000	56400000	0.0102861
chrZ_pat	56400000	56600000	0.010328
chrZ_pat	56600000	56800000	0.0101416
chrZ_pat	56800000	57000000	0.00928377
chrZ_pat	57000000	57200000	0.00780736
chrZ_pat	57200000	57400000	0.00798046
chrZ_pat	57400000	57600000	0.0080857
chrZ_pat	57600000	57800000	0.00793799
chrZ_pat	57800000	58000000	0.0106449
chrZ_pat	58000000	58200000	0.0105903
chrZ_pat	58200000	58400000	0.00846688
chrZ_pat	58400000	58600000	0.00931529
chrZ_pat	58600000	58800000	0.00688589
chrZ_pat	58800000	59000000	0.0074217
chrZ_pat	59000000	59200000	0.00857982
chrZ_pat	59200000	59400000	0.00914303
chrZ_pat	59400000	59600000	0.010322
chrZ_pat	59600000	59800000	0.00685608
chrZ_pat	59800000	60000000	0.00851251
chrZ_pat	60000000	60200000	0.011277
chrZ_pat	60200000	60400000	0.0108761
chrZ_pat	60400000	60600000	0.00721462
chrZ_pat	60600000	60800000	0.00949332
chrZ_pat	60800000	61000000	0.0102213
chrZ_pat	61000000	61200000	0.010446
chrZ_pat	61200000	61400000	0.00961876
chrZ_pat	61400000	61600000	0.0105319
chrZ_pat	61600000	61800000	0.0104604
chrZ_pat	61800000	62000000	0.00822789
chrZ_pat	62000000	62200000	0.0109636
chrZ_pat	62200000	62400000	0.0114112
chrZ_pat	62400000	62600000	0.00800196
chrZ_pat	62600000	62800000	0.00833764
chrZ_pat	62800000	63000000	0.0105036
chrZ_pat	63000000	63200000	0.0116901
chrZ_pat	63200000	63400000	
chrZ_pat	63400000	63600000	
chrZ_pat	63600000	63800000	
chrZ_pat	63800000	64000000	0.0159158
chrZ_pat	64000000	64200000	0.0102124
chrZ_pat	64200000	64400000	0.00797705
chrZ_pat	64400000	64600000	0.0100979
chrZ_pat	64600000	64800000	0.0105524
chrZ_pat	64800000	65000000	
chrZ_pat	65000000	65200000	0.00821223
chrZ_pat	65200000	65400000	0.008808
chrZ_pat	65400000	65600000	0.00931968
chrZ_pat	65600000	65800000	0.0097258
chrZ_pat	65800000	66000000	0.0114104
chrZ_pat	66000000	66200000	0.00666596
chrZ_pat	66200000	66400000	0.00798193
chrZ_pat	66400000	66600000	0.00884393
chrZ_pat	66600000	66800000	0.0110866
chrZ_pat	66800000	67000000	0.00832983
chrZ_pat	67000000	67200000	0.00841014
chrZ_pat	67200000	67400000	0.00784183
chrZ_pat	67400000	67600000	0.00879673
chrZ_pat	67600000	67800000	0.0111146
chrZ_pat	67800000	68000000	0.00752542
chrZ_pat	68000000	68200000	0.0128392
chrZ_pat	68200000	68400000	0.0122879
chrZ_pat	68400000	68600000	0.00726779
chrZ_pat	68600000	68800000	0.00984657
chrZ_pat	68800000	69000000	0.00805939
chrZ_pat	69000000	69200000	0.0100669
chrZ_pat	69200000	69400000	0.00689
chrZ_pat	69400000	69600000	0.00671428
chrZ_pat	69600000	69800000	0.00724278
chrZ_pat	69800000	70000000	0.00766291
chrZ_pat	70000000	70200000	0.00845597
chrZ_pat	70200000	70400000	0.00996423
chrZ_pat	70400000	70600000	0.0110542
chrZ_pat	70600000	70800000	0.0101325
chrZ_pat	70800000	71000000	0.0101858
chrZ_pat	71000000	71200000	0.010211
chrZ_pat	71200000	71400000	0.0098931
chrZ_pat	71400000	71600000	0.00975367
chrZ_pat	71600000	71800000	0.00993553
chrZ_pat	71800000	72000000	0.0102534
chrZ_pat	72000000	72200000	0.0105834
chrZ_pat	72200000	72400000	0.0105699
chrZ_pat	72400000	72600000	0.0107567
chrZ_pat	72600000	72800000	0.010438
chrZ_pat	72800000	73000000	0.00999515
chrZ_pat	73000000	73200000	0.00879576
chrZ_pat	73200000	73400000	0.00907956
chrZ_pat	73400000	73600000	0.00743249
chrZ_pat	73600000	73800000	0.00899893
chrZ_pat	73800000	74000000	0.0107477
chrZ_pat	74000000	74200000	0.0108703
chrZ_pat	74200000	74400000	0.0101129
chrZ_pat	74400000	74600000	0.0103999
chrZ_pat	74600000	74800000	0.0104683
chrZ_pat	74800000	75000000	0.0104478
chrZ_pat	75000000	75200000	0.00747367
chrZ_pat	75200000	75400000	0.00927424
chrZ_pat	75400000	75600000	0.0107989
chrZ_pat	75600000	75800000	0.00856223
chrZ_pat	75800000	76000000	0.00821218
chrZ_pat	76000000	76200000	0.0131847
chrZ_pat	76200000	76400000	0.0173841
chrZ_pat	76400000	76600000	
chrZ_pat	76600000	76800000	0.00608041
chrZ_pat	76800000	77000000	0.00403344
chrZ_pat	77000000	77200000	0.0145457
chrZ_pat	77200000	77400000	0.00789533
chrZ_pat	77400000	77600000	0.0112156
chrZ_pat	77600000	77800000	0.00926564
chrZ_pat	77800000	78000000	0.00940488
chrZ_pat	78000000	78200000	0.011218
chrZ_pat	78200000	78400000	0.0116025
chrZ_pat	78400000	78600000	0.00860392
chrZ_pat	78600000	78800000	0.00866944
chrZ_pat	78800000	79000000	0.00840252
chrZ_pat	79000000	79200000	0.00866417
chrZ_pat	79200000	79400000	0.00964981
chrZ_pat	79400000	79600000	0.010601
chrZ_pat	79600000	79800000	0.0108342
chrZ_pat	79800000	80000000	0.0118269
chrZ_pat	80000000	80200000	0.0113636
chrZ_pat	80200000	80400000	0.0122493
chrZ_pat	80400000	80600000	0.0107102
chrZ_pat	80600000	80800000	0.00984334
chrZ_pat	80800000	81000000	0.0120546
chrZ_pat	81000000	81200000	0.00784074
chrZ_pat	81200000	81400000	0.0106678
chrZ_pat	81400000	81600000	0.0108156
chrZ_pat	81600000	81800000	0.00831328
chrZ_pat	81800000	82000000	0.0111178
chrZ_pat	82000000	82200000	0.0103344
chrZ_pat	82200000	82218670	
