chrom	start	end	weight	E1	E2	E3
chr1_pat	0	200000				
chr1_pat	200000	400000				
chr1_pat	400000	600000				
chr1_pat	600000	800000				
chr1_pat	800000	1000000				
chr1_pat	1000000	1200000	0.00975429177689931	-2.2214633762361617	-2.568889739313054	0.1383020053802086
chr1_pat	1200000	1400000	0.014116317936526951	0.07151423537876431	-1.2029831625768825	-0.6980751689061684
chr1_pat	1400000	1600000	0.014091840498142015	0.7362488556293609	-0.8803784891619274	-0.2808238178151304
chr1_pat	1600000	1800000				
chr1_pat	1800000	2000000				
chr1_pat	2000000	2200000				
chr1_pat	2200000	2400000				
chr1_pat	2400000	2600000	0.013726621671043049	0.37711190272868483	-0.7357294620651624	-0.3859290491183476
chr1_pat	2600000	2800000	0.011815165877626724	0.17905269378552244	-0.7399036717625019	-0.6603460895424497
chr1_pat	2800000	3000000	0.009542967943808793	-1.8705881509618651	-2.2844950250351634	-0.5253055531652602
chr1_pat	3000000	3200000	0.009772250112929114	-1.4709872660814018	-1.78959319158774	-0.3399976606264291
chr1_pat	3200000	3400000	0.010859597059494913	-0.033469221484689705	-0.751011344595673	-0.5152441559482744
chr1_pat	3400000	3600000	0.01245661663646069	0.9151120166985927	-0.49642685049115814	-0.3517076716113829
chr1_pat	3600000	3800000	0.013032121061988521	0.6135766941809355	-0.5274026364496854	-0.010304295999762757
chr1_pat	3800000	4000000	0.012803866038040717	0.035731504378389414	-0.5164291099104344	-0.42027037939549017
chr1_pat	4000000	4200000	0.011177839147582132	-0.6433746120467817	-1.1199118156877117	-0.955820880671309
chr1_pat	4200000	4400000	0.008707241065876201	-2.038194882288855	-1.7977196822259276	0.49815543528400597
chr1_pat	4400000	4600000	0.009269960444082416	-2.0283493106481076	-1.6657302220394055	0.7098561109733281
chr1_pat	4600000	4800000	0.010994204586134973	-1.1357355922113987	-0.8032781213138674	-0.33908370081703326
chr1_pat	4800000	5000000	0.010016422539899442	-1.003278664948802	-1.0282072452021553	-0.24997641964812942
chr1_pat	5000000	5200000	0.009458172364804882	-1.198252329798929	-1.26948582311872	-0.3389732991292369
chr1_pat	5200000	5400000	0.010199996340498695	-0.9554253494354723	-1.0327467328104185	-0.4865073765805398
chr1_pat	5400000	5600000	0.00885601140368601	-1.049725466135863	-1.1003435585554457	-0.24879111283725522
chr1_pat	5600000	5800000	0.010671404366338035	0.730914232032226	-0.13110204243405174	0.038547422592276795
chr1_pat	5800000	6000000	0.011014656248362056	0.6609937921678258	-0.08639645913913556	0.06843945308647859
chr1_pat	6000000	6200000	0.011152795645912832	0.7594759656064043	-0.2694665859729004	0.21843906037578797
chr1_pat	6200000	6400000	0.011091043388672632	0.7014232942686531	-0.5252242355666633	-0.0910000500899184
chr1_pat	6400000	6600000	0.010527432487096625	0.8362145101852866	-0.13642592291157365	0.10825990249867126
chr1_pat	6600000	6800000	0.01094023872080022	0.7315092934302476	-0.16405881620979526	-0.05072673620384929
chr1_pat	6800000	7000000	0.010626290715894859	0.6986633467577971	-0.11385104021061057	0.10040400019594863
chr1_pat	7000000	7200000	0.010560660323774203	0.8098054152109412	-0.02051145990639738	0.0959989607079956
chr1_pat	7200000	7400000	0.01082828170638208	0.7034470921052803	-0.042344129276356286	0.19552719026745047
chr1_pat	7400000	7600000	0.01041150507702772	0.6707810024694162	-0.13541511953695606	0.21474032670926085
chr1_pat	7600000	7800000	0.01158197191017003	0.3524495752425127	-0.19641047696503391	-0.5918311119439497
chr1_pat	7800000	8000000	0.01184636124587704	0.36194171448870016	-0.17792711502587755	-0.16216436319436403
chr1_pat	8000000	8200000	0.012137087286500196	0.6228215496341696	-0.04097159330786844	0.1008343370958201
chr1_pat	8200000	8400000	0.011703375345557454	0.6395359985815218	-0.021407518269168233	0.14437103342211738
chr1_pat	8400000	8600000	0.011081879106486062	0.10557182662250138	-0.024165352732065208	-0.22695025787797515
chr1_pat	8600000	8800000	0.013270036502164934	0.1329395855319093	-0.11582507035148999	-0.47063837539122966
chr1_pat	8800000	9000000	0.0129696838445047	0.016652199369861828	-0.2636611736577298	-0.6938898043148972
chr1_pat	9000000	9200000	0.010657846016764826	-0.331610628018844	-0.24591075912910978	-0.18577435816532512
chr1_pat	9200000	9400000	0.011641365131521057	0.635176332424852	0.14480922224460221	0.31860218297076376
chr1_pat	9400000	9600000	0.011672865656911212	0.616587569861926	-0.00826765099734214	0.14743728914266052
chr1_pat	9600000	9800000	0.01170543139815977	0.48278821946612993	0.1698690087326404	0.19747293134788235
chr1_pat	9800000	10000000	0.011481536674996896	0.49090727477517493	-0.13663681075937972	-0.19189252114172375
chr1_pat	10000000	10200000	0.01329879726010601	0.5584717045193688	-0.052377544899303415	0.2181468865988686
chr1_pat	10200000	10400000	0.012311435112417439	0.5751012939384992	0.08034422506392541	-0.03366678159733467
chr1_pat	10400000	10600000	0.012699849025069232	0.6132839100737738	-0.0990392280411195	0.08624696521749761
chr1_pat	10600000	10800000	0.011859933276869314	0.6567177618279653	0.12719706032023512	0.2887482737367511
chr1_pat	10800000	11000000	0.011159112662799946	0.6076183380135594	0.0738180924940497	0.3876495103986575
chr1_pat	11000000	11200000	0.011748490297838044	0.7180170870355123	-0.012650942739625913	0.2843687687379256
chr1_pat	11200000	11400000	0.010824015599511917	0.5860511393657094	0.11665572090910406	0.022975757095431565
chr1_pat	11400000	11600000	0.010551097260469383	0.6422494389799491	0.16296170877351854	0.17209235446852733
chr1_pat	11600000	11800000	0.012525245903831098	0.28561439438472247	0.055876482144712185	0.135411455803678
chr1_pat	11800000	12000000	0.011491419592447432	0.384905745733406	-0.0982782312225344	0.021895339161182702
chr1_pat	12000000	12200000	0.012114037869825445	0.5489226221402542	0.23591898361694136	0.20270978279869534
chr1_pat	12200000	12400000	0.011613633475154083	0.6281087853238492	0.16278425420722864	0.10338892839635773
chr1_pat	12400000	12600000	0.012641130060903005	0.579919623762389	0.21533955106861516	0.4714836404743791
chr1_pat	12600000	12800000	0.012275680239188994	0.6025602655702922	0.06963203380896364	0.16192144805800165
chr1_pat	12800000	13000000	0.011940069828158671	0.5824047552368915	0.022490721756904985	0.014395994294157208
chr1_pat	13000000	13200000	0.012955387652513936	0.6003480152069487	0.1117810132585685	0.19947225755222675
chr1_pat	13200000	13400000	0.012933177690478697	0.5843958556498944	0.21311010596123514	0.477074565249227
chr1_pat	13400000	13600000	0.013627037946615283	0.5164633243797037	0.19479730368791745	0.47599334999817994
chr1_pat	13600000	13800000	0.01289067510810405	0.19174264668593044	-0.03209202926103347	-0.24049697904914527
chr1_pat	13800000	14000000	0.011933126551092455	0.13261995090067746	0.09970007540252694	-0.09899183912981752
chr1_pat	14000000	14200000	0.012326028193269223	-0.5518853703425395	-0.04705288927011238	-0.030200474311307304
chr1_pat	14200000	14400000	0.013945239685540105	-1.117474750022107	-0.06467033317141262	0.2133685364145168
chr1_pat	14400000	14600000	0.01733684162183936	-0.3745243974714459	0.05574254567376864	-0.3087512052258922
chr1_pat	14600000	14800000	0.01586351857845141	-0.28720580341794594	0.24006586761622192	-0.23090249950311528
chr1_pat	14800000	15000000	0.011826823277511351	-1.4983302556695453	0.021866965871746784	0.681294789356759
chr1_pat	15000000	15200000	0.009835646242443982	-1.5250594566447757	-0.0012775829975487916	0.6479255377605329
chr1_pat	15200000	15400000	0.009570965461356626	-1.1607581635618844	-0.09912541155166416	0.09574600795151211
chr1_pat	15400000	15600000	0.012750301050511092	-0.15570091298115338	0.11853103273356419	-0.17090228142295258
chr1_pat	15600000	15800000	0.013128641841789431	0.5194333955383659	0.34758542925065083	0.185498166030871
chr1_pat	15800000	16000000	0.012635683302503321	0.5605494020036947	0.2823614834874941	0.3278695364228961
chr1_pat	16000000	16200000	0.013056473842363473	0.6013256370149905	0.26141365102361985	0.536501762568444
chr1_pat	16200000	16400000	0.013197845121909113	0.48904365970853186	0.244599369754856	0.345841255544031
chr1_pat	16400000	16600000	0.010568446498858675	-0.3209051401853034	0.14992435275629865	-0.0894865665522488
chr1_pat	16600000	16800000	0.01399233965066264	0.25734170506319365	0.4075440190818227	0.11398264239101609
chr1_pat	16800000	17000000	0.014524245954236067	0.5485587055075557	0.33831627973741224	0.3892685637801202
chr1_pat	17000000	17200000	0.013479984616094575	0.43054622220270244	0.40679438709767857	0.023940524734415488
chr1_pat	17200000	17400000	0.010423273275458804	-0.6959609814321378	0.04279975560285945	0.1746348270236695
chr1_pat	17400000	17600000	0.012930969058175437	0.4089483405494614	0.2854360331657947	0.33118213336574126
chr1_pat	17600000	17800000	0.01489980985906518	0.42884724660574663	0.4160946590049389	0.4717464898159712
chr1_pat	17800000	18000000	0.01599532828099291	0.18364415705794504	0.33045195481540146	0.19385210846877685
chr1_pat	18000000	18200000	0.01047208331665006	-1.0070640961500517	0.14021826095866738	0.08205440464035417
chr1_pat	18200000	18400000	0.011906454698860324	-1.0014045789728263	0.056059995937707705	0.37627819019556774
chr1_pat	18400000	18600000	0.009908637928812629	-1.3571976380753454	0.0654417588250303	0.5893020884171667
chr1_pat	18600000	18800000	0.014304453634099075	-1.0129871002527728	0.2226801101227092	0.49874943718236103
chr1_pat	18800000	19000000	0.018085602068329664	-0.27416169776872346	0.39779564146953067	-0.0919268691590418
chr1_pat	19000000	19200000	0.019466158787858436	-0.5863736266929057	0.29076559735161556	0.07107038726218913
chr1_pat	19200000	19400000				
chr1_pat	19400000	19600000				
chr1_pat	19600000	19800000				
chr1_pat	19800000	20000000				
chr1_pat	20000000	20200000				
chr1_pat	20200000	20400000				
chr1_pat	20400000	20600000				
chr1_pat	20600000	20800000				
chr1_pat	20800000	21000000				
chr1_pat	21000000	21200000				
chr1_pat	21200000	21400000				
chr1_pat	21400000	21600000				
chr1_pat	21600000	21800000				
chr1_pat	21800000	22000000	0.03250382719746234	-1.321011637752327	-0.2739371056149482	0.2366212253607319
chr1_pat	22000000	22200000	0.028435407720537095	-0.8743367452836768	-0.1268881322493608	-0.04251451554077523
chr1_pat	22200000	22400000	0.018851120964449703	-0.5176381664288484	0.0006179405823820868	0.023511027172667412
chr1_pat	22400000	22600000	0.01875778517853661	-0.5103051857346751	-0.3029358858749436	-0.3909721492404529
chr1_pat	22600000	22800000	0.027652772956325844	-0.12114100305843824	0.01590626866532802	0.023649798095011648
chr1_pat	22800000	23000000	0.02115250472479748	-0.5437639030887672	-0.48430332399675763	-0.07193244504530409
chr1_pat	23000000	23200000	0.014880002443621384	-0.3267164383938159	-0.1672357952709361	-0.01973173158590822
chr1_pat	23200000	23400000	0.0214966439050824	0.24145689303484563	-0.2064730375495974	0.16327848663225306
chr1_pat	23400000	23600000	0.023292733506106656	0.41966938551387206	0.07840043512875357	0.7531157363785391
chr1_pat	23600000	23800000	0.02346352483220898	0.6412151281182424	-0.033492579701407406	0.5354374516591677
chr1_pat	23800000	24000000	0.019778964418118314	0.6264001158083589	-0.14919835065697287	0.7044083691817403
chr1_pat	24000000	24200000	0.02244678378382295	0.5917128738340465	-0.1331280642873591	0.39927852367089
chr1_pat	24200000	24400000	0.019297345236068412	0.6453243270650512	-0.009550699524391358	0.4187671080091997
chr1_pat	24400000	24600000	0.020094699481281328	0.4580953123660554	-0.0826409387956558	0.37415810407688904
chr1_pat	24600000	24800000	0.019434909119784995	0.2434672615314127	0.13324787219309425	0.2163576940344758
chr1_pat	24800000	25000000	0.014839869465176297	-0.43571460843024096	-0.07288765770076042	-0.18757662612204465
chr1_pat	25000000	25200000	0.013304528832448504	-0.9806654055150206	-0.14560789653282374	-0.012073257169868613
chr1_pat	25200000	25400000	0.015600067272357415	-0.7905735939006765	-0.20449014782575634	-0.04751174389637848
chr1_pat	25400000	25600000	0.014932754658132227	-1.2252868223081472	-0.385809365014049	0.6322180559166164
chr1_pat	25600000	25800000	0.012825583949196962	-1.2249305535104644	-0.14581168158629973	0.49217829761470633
chr1_pat	25800000	26000000	0.014417771437346067	-0.8494269263434382	-0.06249515043157711	0.11590765882589572
chr1_pat	26000000	26200000	0.01647484512717855	-0.01588854907547889	0.006796452462562483	0.1656342551776459
chr1_pat	26200000	26400000	0.012152569617732598	-0.9312354234457932	-0.10299791327951972	0.22894547527088638
chr1_pat	26400000	26600000	0.017548634777656866	-1.4285515531482118	-0.41283791630951217	0.7004043297412889
chr1_pat	26600000	26800000				
chr1_pat	26800000	27000000	0.02910555508051022	-0.9738361648559508	-0.034001340378055384	0.3098078021216362
chr1_pat	27000000	27200000	0.020593457233750275	0.45422259932131376	0.08981514201398078	0.493516670418774
chr1_pat	27200000	27400000	0.02189961177322786	0.32772619771517447	0.12457102963445268	0.30374086380788967
chr1_pat	27400000	27600000	0.016234748072196787	-0.48597488206666123	-0.05261185493456742	0.010653225829850859
chr1_pat	27600000	27800000	0.015035910913599236	-0.7614683412465163	-0.12182193454087684	0.10876432244489742
chr1_pat	27800000	28000000	0.011248127544156257	-1.325714405877598	-0.3091923476786004	0.5131491117911943
chr1_pat	28000000	28200000	0.012345909481864094	-1.2552027106987125	-0.12923456894517335	0.5130484252346504
chr1_pat	28200000	28400000	0.012241134428248932	-1.111631806911338	-0.005340164106564601	0.19977432900208214
chr1_pat	28400000	28600000	0.01300541829827442	-0.7264428121331155	-0.0768696506848929	-0.017485155742682244
chr1_pat	28600000	28800000	0.01346928050116653	-0.4110942687090728	-0.0667999014567341	-0.09285070302484398
chr1_pat	28800000	29000000	0.014663103861440959	-1.2147184967646374	-0.2637182249064697	0.3735667930830488
chr1_pat	29000000	29200000	0.01768748794547801	0.10176432297885837	-0.041200510111425684	0.030012391105221192
chr1_pat	29200000	29400000	0.014561996587586305	-0.252216534358019	0.052824737060213664	-0.034891840827323294
chr1_pat	29400000	29600000	0.015023879184864222	0.06492388075197887	0.03726499428573771	-0.007935995348185693
chr1_pat	29600000	29800000	0.012886342963055762	-0.8442556738459273	-0.2052693463194695	-0.235901180049101
chr1_pat	29800000	30000000	0.01277515585994307	-0.9163594866394983	-0.03280239634552654	0.04439868634394551
chr1_pat	30000000	30200000	0.016399522042325646	0.07248732652551007	0.04782744422252916	0.06162126436923805
chr1_pat	30200000	30400000	0.015758869175409064	-0.022699381160506515	-0.14677954286125483	0.026428593763693154
chr1_pat	30400000	30600000	0.015712634224847078	0.2672701517860283	0.03558538886996825	0.13365282497491016
chr1_pat	30600000	30800000	0.013630539385842005	-0.3648043525774379	-0.13483700005298593	-0.3103016885432646
chr1_pat	30800000	31000000	0.014829967003204094	-0.326296357096173	-0.021494607264529553	-0.2418370250959564
chr1_pat	31000000	31200000	0.01014454194765878	-1.716146899719388	-0.4410792970734785	0.6981887625161577
chr1_pat	31200000	31400000	0.014697720693685528	-0.7449018406409528	-0.05934369150747162	-0.22692208938492486
chr1_pat	31400000	31600000	0.02150517722383956	0.3576010962769799	0.08217519658609995	0.4540472063572137
chr1_pat	31600000	31800000	0.02727848685156667	0.6895741010983362	0.149437340478592	0.49304671250269755
chr1_pat	31800000	32000000	0.02406037415369005	0.7095120078877772	0.003666997730060417	0.403069925766825
chr1_pat	32000000	32200000	0.025018253573986494	0.7166720174370279	0.07200470494778506	0.39861527441619826
chr1_pat	32200000	32400000	0.018825567153822952	0.714680499472579	0.12441765282731493	0.7936347678652305
chr1_pat	32400000	32600000	0.02155135622164283	0.7349951630429831	0.1451493517353156	0.7443061735812756
chr1_pat	32600000	32800000	0.015702271852177613	0.7439817411413115	0.12628430954336564	0.6771859345123422
chr1_pat	32800000	33000000	0.024268632022284888	0.7276016670676336	0.16647640639957362	0.6491070504707829
chr1_pat	33000000	33200000	0.01740875452249907	0.6946617261372905	0.10876964012787718	0.6102005385345806
chr1_pat	33200000	33400000	0.02017487381805166	0.24744069051500364	0.12321171771218344	-0.043383122287862515
chr1_pat	33400000	33600000	0.01700516182219481	-1.1137986182722184	-0.0754001864705842	-0.32656497415210944
chr1_pat	33600000	33800000	0.026160630366059163	-0.29723319446698454	-0.09709486482623704	-0.25174056306858433
chr1_pat	33800000	34000000	0.023251110610486157	0.5485882438425245	0.20247051644658445	0.4117674299635019
chr1_pat	34000000	34200000	0.01770110253028808	0.6438058719800863	0.05116426090522944	0.647536477441805
chr1_pat	34200000	34400000	0.017600484539865784	0.5848355875261104	0.15425672625852768	0.40049746040658707
chr1_pat	34400000	34600000	0.018759472707275425	0.5223793264042067	0.09826733627701484	0.33839945062414806
chr1_pat	34600000	34800000	0.013124417966526579	-1.4850967773576995	-0.03833294586365271	0.42668312087372967
chr1_pat	34800000	35000000	0.013338100234841896	-0.5634774443198602	-0.1888373091369786	-0.20882512560679062
chr1_pat	35000000	35200000	0.01801444560361889	0.10418213898531374	0.03584600218085329	0.02980368547886007
chr1_pat	35200000	35400000	0.017109102407976945	0.24245395805397227	-0.06091566102195463	-0.08131418009652812
chr1_pat	35400000	35600000				
chr1_pat	35600000	35800000	0.02301271074866191	0.6355959418235207	0.12483242297999397	0.577403757947242
chr1_pat	35800000	36000000	0.020950575968345035	0.59601234730186	0.1338011743397664	0.5976921473755101
chr1_pat	36000000	36200000	0.017324718593020247	0.5088866776039278	0.08158265012757178	0.18114653920793583
chr1_pat	36200000	36400000	0.015506862724853684	-0.09384653025000565	-0.004993959314746496	0.0046132881675691765
chr1_pat	36400000	36600000	0.016399160103900946	0.6979234782006021	0.05728631110021191	0.49526025725662076
chr1_pat	36600000	36800000	0.017379655178118004	0.6350847436713103	0.05169016131822069	0.42237796010631656
chr1_pat	36800000	37000000	0.022442633887875377	0.5804654684930144	0.19432248961422	0.4067498129229266
chr1_pat	37000000	37200000	0.019788185927996332	0.6332736289184716	0.09198549630456744	0.47105966669237215
chr1_pat	37200000	37400000	0.024185350550628357	0.7130945018990342	0.15714347436576984	0.28571578458095703
chr1_pat	37400000	37600000	0.02458702782432309	0.5107337098117352	0.03067304118817839	0.39861371936431417
chr1_pat	37600000	37800000	0.013684006790478905	-0.4757819485143122	-0.12624319896813294	-0.22122694227594294
chr1_pat	37800000	38000000	0.011708643163129561	-1.0587962471716648	-0.03959779156215012	0.057845598449836826
chr1_pat	38000000	38200000	0.015457019698703979	-0.5011938775206916	0.03972443937465037	-0.2973848278683647
chr1_pat	38200000	38400000	0.017947179338157284	-0.5805536670233943	0.24470414884386668	-0.37486919744053576
chr1_pat	38400000	38600000	0.014630532510025102	-0.6817193614853038	-0.016742103984062732	-0.42220118132312895
chr1_pat	38600000	38800000	0.01801880158152548	-0.25883884038717386	-0.020888937285296207	-0.27653007909072463
chr1_pat	38800000	39000000	0.01852559301564947	0.514839737567566	0.2784972844771481	0.2583347275428966
chr1_pat	39000000	39200000	0.01881656718539525	0.6457748846067856	0.22958859549308888	0.6658279448510275
chr1_pat	39200000	39400000	0.02203241958108503	0.5998559360678491	0.1593033529143304	0.5750597180373446
chr1_pat	39400000	39600000	0.02504726561989444	0.6833790044066029	0.13766945346064677	0.4764506436378217
chr1_pat	39600000	39800000	0.02075657298411872	0.720717897291966	0.1637428407708892	0.48411602090340067
chr1_pat	39800000	40000000	0.017198276785598064	0.6769658840838559	0.19629523137033406	0.639705848734263
chr1_pat	40000000	40200000	0.019254150521234133	0.6704016964218632	0.22437317406117185	0.44717894804403224
chr1_pat	40200000	40400000	0.017568816030017188	0.08841691340710871	0.13054314513631146	-0.1407919163867865
chr1_pat	40400000	40600000	0.019588015262313786	0.5783041649419186	0.15137605761396053	0.20267101735011867
chr1_pat	40600000	40800000	0.02127024517967662	0.22147837359413297	0.07163448886041797	0.16853920816119267
chr1_pat	40800000	41000000	0.01963084720714033	-1.0208188607447661	-0.012187811545845039	-0.06368067852013679
chr1_pat	41000000	41200000	0.013721134097318564	-0.5001137892443335	0.10552700539948302	-0.17637499358645906
chr1_pat	41200000	41400000	0.016150882086071586	0.5391127056799183	0.17137308219150338	0.3396336685222328
chr1_pat	41400000	41600000	0.020758530701932634	0.6691698419069908	0.1517804315072712	0.5322962007759572
chr1_pat	41600000	41800000	0.017196474818333057	0.6638987563009793	0.23035341725545336	0.39141930670732994
chr1_pat	41800000	42000000	0.0198387890831462	0.7288975597296212	0.12502243402286	0.36156192997275616
chr1_pat	42000000	42200000	0.024401127135340553	0.591153274104715	0.09325291083769949	0.3775656171909622
chr1_pat	42200000	42400000	0.02124854208100744	-0.11184161759598688	0.15489148154061735	-0.4154868068165573
chr1_pat	42400000	42600000	0.02570126925442251	0.5817092047987038	0.14669552803254118	0.2825403587793118
chr1_pat	42600000	42800000	0.01334425470021346	-0.664757656485852	0.009963795536561999	-0.16157021302296215
chr1_pat	42800000	43000000	0.014938421261454688	-0.6148509037233245	0.24600752922407393	-0.14625815695537234
chr1_pat	43000000	43200000	0.026326508410673362	-0.39674776608544043	-0.05174480841539345	-0.2624142902376722
chr1_pat	43200000	43400000	0.020299271084116687	-0.047675873248482596	0.09019301012290697	-0.3056965938528204
chr1_pat	43400000	43600000	0.020962225661207985	0.4836042544013677	0.15337054999601132	0.15396898909280443
chr1_pat	43600000	43800000	0.01819308641657487	0.7042716953378534	0.14572466693893976	0.42878814294671524
chr1_pat	43800000	44000000	0.01917300472548655	0.6777361026406264	0.21222182234876186	0.3196163069773872
chr1_pat	44000000	44200000	0.01568961180067428	0.7407700848914519	0.1990837726734022	0.4871172021792983
chr1_pat	44200000	44400000	0.03730807729852804	0.6229974018856315	0.1458859801785616	0.5375908847863456
chr1_pat	44400000	44600000	0.02571968469924013	0.7155956728203734	0.2987367267451013	0.5588153528092111
chr1_pat	44600000	44800000	0.021374647268788675	0.7004394554005723	0.23236189297982032	0.5379878688459578
chr1_pat	44800000	45000000	0.017724262291062894	0.7034075915545005	0.13263835081933012	0.608383314859123
chr1_pat	45000000	45200000	0.016839199491937733	0.7517404205464165	0.1747395680828311	0.44401529508248594
chr1_pat	45200000	45400000	0.017860982287030664	0.6748975152950425	0.2246289722279154	0.40968048011482366
chr1_pat	45400000	45600000	0.023804492129137936	0.69790346424566	0.03838846359267762	0.4583740080746112
chr1_pat	45600000	45800000	0.016303509641877524	0.7127830758665231	0.09691894536914038	0.4556380564129639
chr1_pat	45800000	46000000				
chr1_pat	46000000	46200000	0.03975415847997226	0.565612360092453	0.13980406459572584	0.3590316763891836
chr1_pat	46200000	46400000	0.031339453336067184	-0.2838086812742332	0.11998964546640767	-0.4672328622591502
chr1_pat	46400000	46600000	0.02593057368446064	-0.7118717306235836	0.17433666994765595	-0.4438049568009214
chr1_pat	46600000	46800000	0.02695199628936797	0.35632219028621587	0.05115532128370392	0.021069450100373005
chr1_pat	46800000	47000000				
chr1_pat	47000000	47200000	0.02614745752703894	0.6064152387256208	0.12085724115338967	0.3862222805252978
chr1_pat	47200000	47400000	0.030709658677812682	-0.022722988877853446	0.18780784301478587	-0.5422353033570466
chr1_pat	47400000	47600000	0.012647069537579185	-1.7992487010561784	0.42288761972359523	0.6622095898020725
chr1_pat	47600000	47800000	0.014261371302986017	-1.2507136356226471	0.28090150892192317	0.2084842624199274
chr1_pat	47800000	48000000	0.018305699111916762	-0.8408365614480441	0.2330072616030681	-0.20153704017894603
chr1_pat	48000000	48200000	0.024256497214468372	-0.5202691296396099	0.08556062988096902	-0.4566632814366712
chr1_pat	48200000	48400000	0.021345601866159004	-0.1981427365268628	0.1315263516370181	-0.19709391509014812
chr1_pat	48400000	48600000	0.0174497007704172	0.4942959788514033	0.2019725003616609	-0.09988184802603224
chr1_pat	48600000	48800000	0.02205869716444172	0.26676633791695903	0.22595707723534886	-0.06716430158296158
chr1_pat	48800000	49000000	0.028606267365891728	0.5555288988915369	0.17887726505498336	0.25198238973031195
chr1_pat	49000000	49200000	0.030138346303563275	-0.4524158743105617	0.30963015507171154	0.017139051941623972
chr1_pat	49200000	49400000	0.027893805383127045	-0.2907904373633099	0.24834551369896016	-0.010843439303919645
chr1_pat	49400000	49600000				
chr1_pat	49600000	49800000	0.026605104856713906	0.4990537137872269	0.14026727236265854	-0.1319944937181439
chr1_pat	49800000	50000000	0.023303485964402224	0.3080234661405746	0.2104440055666864	-0.0968724187330705
chr1_pat	50000000	50200000	0.047090255205593984	0.632602883707203	0.17306427242432362	0.5161482959431233
chr1_pat	50200000	50400000	0.02537503796126977	0.7406140528411664	0.20452735268720185	0.36180911969751706
chr1_pat	50400000	50600000	0.021001669728610218	0.7138948664269356	0.1615021003879576	0.30878176676731506
chr1_pat	50600000	50800000	0.02111757725337443	0.6664800321473523	0.22450913890125743	0.2916972122559717
chr1_pat	50800000	51000000	0.023874140976172627	0.7662755154451073	0.1712958554508821	0.5833352364219385
chr1_pat	51000000	51200000	0.022680155485991917	0.7262980044622223	0.12464802582131679	0.34996096743778327
chr1_pat	51200000	51400000	0.02073239890900822	0.7651813279003945	0.20733158722418016	0.49162174330427166
chr1_pat	51400000	51600000	0.02260941699396832	0.7011375649192068	0.19374760898331292	0.32411417626924804
chr1_pat	51600000	51800000	0.038043741136830685	0.6988980460395976	0.17459573027878192	0.3840857702255438
chr1_pat	51800000	52000000				
chr1_pat	52000000	52200000				
chr1_pat	52200000	52400000				
chr1_pat	52400000	52600000				
chr1_pat	52600000	52800000				
chr1_pat	52800000	53000000				
chr1_pat	53000000	53200000	0.047880394233601305	0.796795541656656	0.1039403955448755	0.5551443413643695
chr1_pat	53200000	53400000	0.021033895001760276	0.7122079919480334	0.12697136193490158	0.43659582729878577
chr1_pat	53400000	53600000	0.036398480434819094	0.7658346443341802	0.14143903405685787	0.35320135689896753
chr1_pat	53600000	53800000	0.022301141805406	0.7620453012986002	0.2664879439159491	0.39547780000557553
chr1_pat	53800000	54000000	0.02581194572911633	0.7327318906828182	0.024568024525813966	0.4036707922364389
chr1_pat	54000000	54200000	0.018409062176041466	0.7698646450142274	0.2525281292272972	0.4553689159451892
chr1_pat	54200000	54400000	0.03157297110230496	0.7157253624128017	0.16436676330236424	0.2764577334191468
chr1_pat	54400000	54600000	0.015949401214451236	-0.42428998579909244	0.15758112518527284	-0.12322234578553451
chr1_pat	54600000	54800000	0.029182758514217266	-0.2191470620356073	0.30484105949646906	-0.5436053519400419
chr1_pat	54800000	55000000	0.020074177375073617	0.47210360103811316	0.20610934445288467	0.018529789061799383
chr1_pat	55000000	55200000	0.022720700621312408	0.7485066128362692	0.1686538760820224	0.3791987466431517
chr1_pat	55200000	55400000	0.022886333831120875	0.6947113380501032	0.07481291034631452	0.2962139186829684
chr1_pat	55400000	55600000	0.02821331582530805	0.6618365958359194	0.31189080948581255	0.3690684521018043
chr1_pat	55600000	55800000	0.03843042193714378	0.7749166809087927	0.02687696186606773	0.5437903685070725
chr1_pat	55800000	56000000				
chr1_pat	56000000	56200000				
chr1_pat	56200000	56400000	0.02048451855565404	0.7322350920134019	0.13550079801792989	0.3800720747301095
chr1_pat	56400000	56600000	0.022916905141416335	0.7863764350903805	0.16482713243700173	0.3654436794052872
chr1_pat	56600000	56800000	0.022918057508851047	0.7558140756319293	0.13481386213260382	0.29523528432648527
chr1_pat	56800000	57000000	0.041497276294384496	0.7928689320704847	0.12756741785444164	0.035045562945321886
chr1_pat	57000000	57200000	0.029232679373742014	0.7640642932593362	0.2348999745424134	0.3143604150703504
chr1_pat	57200000	57400000	0.025572068204214007	0.7175491167337847	0.16310611100635575	0.32003910279336695
chr1_pat	57400000	57600000	0.02340858221580569	0.4199543043300313	0.20401691334405164	-0.37940085254965256
chr1_pat	57600000	57800000	0.01675471181983665	-1.4854418828792195	0.8186114728874327	0.39781105906739844
chr1_pat	57800000	58000000	0.01125396543995737	-1.8778419635751802	1.1905709801715523	0.7928693082335494
chr1_pat	58000000	58200000	0.024934100889824964	-0.5646458495581862	0.23169154750052667	-0.6533127546543056
chr1_pat	58200000	58400000	0.025020317116701902	-0.11074455171709803	0.2303541439913094	-0.4741641180477697
chr1_pat	58400000	58600000	0.031998223114199316	0.13726664998884325	0.20631924443635388	-0.46819678289509586
chr1_pat	58600000	58800000	0.021282227335127087	-0.26347169429518635	0.2605168883806764	-0.3251721215225537
chr1_pat	58800000	59000000	0.026744478669116584	0.5179048432397156	0.1893083154670635	-0.10499326197102832
chr1_pat	59000000	59200000	0.017701830191714348	0.08227909652643972	0.29691523860666746	-0.5546738621101469
chr1_pat	59200000	59400000	0.01742729360182802	-1.400620323116417	1.0824769910907768	0.2538464992246529
chr1_pat	59400000	59600000	0.01765071873728731	-1.1843492716240493	0.8818569313304698	-0.09355203415190977
chr1_pat	59600000	59800000	0.013767624892501202	-1.4007503627432203	1.0219373009521426	0.28715432582846273
chr1_pat	59800000	60000000	0.011507071904103239	-0.9120155820743273	0.7918424076901045	-0.150510230190103
chr1_pat	60000000	60200000	0.014981720514204518	-0.5595356520142032	0.3766765719057275	-0.5025922838499423
chr1_pat	60200000	60400000	0.012767403672626736	-0.385039150050642	0.28627252436600875	-0.4873301317955781
chr1_pat	60400000	60600000	0.016613581226912793	-0.5896202947410665	0.8459157461567247	-0.33996846767099725
chr1_pat	60600000	60800000	0.01042138720230974	-1.5901960771453831	1.1057604121396996	0.5562786661482377
chr1_pat	60800000	61000000	0.014124597513203314	-0.8216672765282435	0.8635815348946387	-0.1977625610299056
chr1_pat	61000000	61200000	0.010366829360189548	-1.7134629380941515	1.2382806974334533	0.6953030930731282
chr1_pat	61200000	61400000	0.015927805203619663	-1.311839134935997	0.6990066958564151	0.04523437430769185
chr1_pat	61400000	61600000	0.027272208751071173	-0.9581175093166941	0.7550309611840754	0.01920609405060557
chr1_pat	61600000	61800000	0.027336165593993263	0.04743848915419844	0.34189952112414224	-0.7443721963615311
chr1_pat	61800000	62000000	0.01504737936880115	-0.5138586325882656	0.5095254286388287	-0.2806265396046337
chr1_pat	62000000	62200000	0.014850646441150979	-0.4713398283791675	0.41000666442861944	-0.4587098207557509
chr1_pat	62200000	62400000	0.012616375468267821	-0.7446829216762438	0.698703343310571	-0.38920674047271736
chr1_pat	62400000	62600000	0.016933405961339968	-0.8696080361551709	0.6880024213464047	-0.43111666868658854
chr1_pat	62600000	62800000	0.020112547293675107	0.012757278505654565	0.24946624713396454	-0.2906812834266655
chr1_pat	62800000	63000000	0.017656890433341753	-0.5282685687187648	0.41823753032711214	-0.18680134036800294
chr1_pat	63000000	63200000	0.019467354943942874	0.01905275638434816	0.3929030282613868	-0.27244842684617615
chr1_pat	63200000	63400000	0.01646430403434058	0.46691002958839395	0.22470838423592324	-0.05051572487264545
chr1_pat	63400000	63600000	0.015914744260876648	0.3175441440091444	0.17538532047118469	-0.17116112327388147
chr1_pat	63600000	63800000	0.01902172276664697	0.7338443126676915	0.4379374455143439	0.14469807026652431
chr1_pat	63800000	64000000	0.020654339948414247	0.6725543913201213	0.1306502025173981	0.3217205377782404
chr1_pat	64000000	64200000	0.03135014145580236	-0.21495118885123837	0.30191328980702603	-0.06118168510577716
chr1_pat	64200000	64400000	0.026156172727838437	0.14970917057630675	0.4379695537112964	-0.4354888756825183
chr1_pat	64400000	64600000	0.014147766208491643	0.42034682942839585	0.23207352665347078	-0.18052237492164414
chr1_pat	64600000	64800000	0.020041329310315464	0.7308633671801713	0.2294739597874185	0.16408236904539042
chr1_pat	64800000	65000000	0.024491032021413443	0.8403891339376857	0.0828624275226268	0.1754995746788294
chr1_pat	65000000	65200000	0.017286019510519193	0.7690833625461023	0.08659388675056573	0.15699231586831666
chr1_pat	65200000	65400000	0.014217589813867991	0.7653184233260556	0.15224223551961905	0.1852201975909
chr1_pat	65400000	65600000	0.01767349015234043	0.44124884920197177	0.21859456268537947	-0.19464892788189372
chr1_pat	65600000	65800000	0.016249975840307695	-0.45124908295632987	0.5675170609602643	-0.6321605023478514
chr1_pat	65800000	66000000	0.015474422232460597	-0.20196075394691868	0.6018332952047238	-0.604724236442431
chr1_pat	66000000	66200000	0.013123255129798181	-1.051091212164471	1.0499068827250795	-0.1518943557738729
chr1_pat	66200000	66400000	0.015801679979452157	-0.7283274409534687	0.4966932171877043	-0.1360572009270164
chr1_pat	66400000	66600000	0.013138082756337443	0.10360749055864052	0.5026505228864047	-0.5591664558026271
chr1_pat	66600000	66800000	0.011942575114653988	-0.6802729516634193	0.6787407896796193	-0.43688096540673754
chr1_pat	66800000	67000000	0.015616485046533474	-0.4709290015346017	0.4446102947481943	-0.58262903183648
chr1_pat	67000000	67200000	0.011652325677563595	-1.1714152564689486	1.1428488355118962	-0.028164008389457814
chr1_pat	67200000	67400000	0.01598288815076001	-0.13326942681730786	0.858395916994508	-0.8264045819174305
chr1_pat	67400000	67600000	0.013172127912934347	-1.1268386860548896	1.0250938306517174	0.0520249222795787
chr1_pat	67600000	67800000	0.011564337383816209	-1.4231614346544867	1.1288470147908671	0.3257125682710106
chr1_pat	67800000	68000000	0.01433707533934486	-1.0512855232666816	1.0079343611910139	-0.2380225801084331
chr1_pat	68000000	68200000	0.0134427940502179	-0.4729227980117567	0.629989240867487	-0.44980831531001053
chr1_pat	68200000	68400000	0.014195409525000214	-0.2662175300048821	0.4459332387699296	-0.34015863747206837
chr1_pat	68400000	68600000	0.012063831060806099	-0.755604712540355	0.9712523402302191	-0.052682930919823415
chr1_pat	68600000	68800000	0.018885365675504116	0.297633124836744	0.27593942608445804	-0.3351882426983597
chr1_pat	68800000	69000000	0.011443406837591766	-0.6286231902470072	0.742588269510005	-0.25858785141483165
chr1_pat	69000000	69200000	0.013140320927540139	-0.2768309059351844	0.39105955619879224	-0.35851743115331913
chr1_pat	69200000	69400000	0.014951316821369793	-0.06385093602492377	0.440925585707765	-0.5464326758468024
chr1_pat	69400000	69600000	0.022141445114269968	0.6416110383732444	0.2024717372670467	-0.1256173983402741
chr1_pat	69600000	69800000	0.02383029543834133	0.7213485391132238	0.18418226481137634	0.055072295079432475
chr1_pat	69800000	70000000	0.019766938352019963	0.36148650454596726	0.2282378851837741	-0.4051049842339855
chr1_pat	70000000	70200000	0.019708031205556087	-1.1699796210357336	0.7125341112365197	-0.07515100671236863
chr1_pat	70200000	70400000	0.010526484639410728	-1.231581263416511	0.8951272193108871	0.03002213780684338
chr1_pat	70400000	70600000	0.01322080132802029	-0.7108354728192969	0.5332940532698839	-0.3801919580768909
chr1_pat	70600000	70800000	0.01264276433069817	-0.6189106275557912	0.6085205551096762	-0.47148075187988686
chr1_pat	70800000	71000000	0.012436380103931211	-1.0740970235287652	0.8874752646716614	-0.12133471046984765
chr1_pat	71000000	71200000	0.036138030393850266	0.13550898972895492	0.49572497146519046	-0.6060579316375716
chr1_pat	71200000	71400000	0.015777307783396814	-1.4358536397238089	1.0774501245415704	0.2947211381409747
chr1_pat	71400000	71600000	0.020673039710438473	0.42587838246255616	0.2735527882055333	-0.04587494706046134
chr1_pat	71600000	71800000	0.015481046982532894	0.7926788631524828	0.2011211999066481	0.15205993135847706
chr1_pat	71800000	72000000	0.018433174407241845	0.8241717968719909	0.10356134766519703	0.09863870175946597
chr1_pat	72000000	72200000	0.024670253355236833	0.7211380588579425	0.13797235538789826	-0.0028142942734631867
chr1_pat	72200000	72400000	0.033350711489926056	0.6135340761865501	0.33364971810308997	0.1937521757995647
chr1_pat	72400000	72600000	0.017571836639417544	0.7270588867267395	0.1847095293309403	-0.10415743335661212
chr1_pat	72600000	72800000	0.015229819551781645	0.7208410390327818	0.19085090466688887	0.09612858935631727
chr1_pat	72800000	73000000	0.015694253997398044	0.7316525480275573	0.20278700397117702	0.028783633347896142
chr1_pat	73000000	73200000	0.017465821074743808	0.6765492645506537	0.30746047348421185	0.0399809133020222
chr1_pat	73200000	73400000	0.022390043732713107	0.6397153884991676	0.15394822169478517	-0.034408933607391064
chr1_pat	73400000	73600000	0.015088112887039479	0.06477063954199205	0.31178592797604415	-0.5360463887201506
chr1_pat	73600000	73800000	0.017786413303597405	0.6398480139359128	0.19337755327607176	0.12576613803300637
chr1_pat	73800000	74000000	0.018142788031782105	0.652801523498461	0.09093889027162161	-0.03729967868702089
chr1_pat	74000000	74200000	0.0170224150316623	0.775472090234606	0.1478726434304096	0.11011603981225047
chr1_pat	74200000	74400000	0.019172939686563178	0.6905106883326045	0.17522890468748914	-0.02259373875520398
chr1_pat	74400000	74600000	0.040144083632127694	0.7953068701500248	0.13224286513829525	0.19900562267313868
chr1_pat	74600000	74800000	0.017121553211767063	0.5576749340019691	0.3549106775241555	-0.21794371609285684
chr1_pat	74800000	75000000	0.01577357889135017	0.1200302293088486	0.35253382815732154	-0.5896482050044594
chr1_pat	75000000	75200000	0.014589493544955204	-0.6786824754789685	0.7822605534616379	-0.22995348535798285
chr1_pat	75200000	75400000	0.014796574848586232	-1.3369294858661087	0.8712731687304293	0.007109897229579231
chr1_pat	75400000	75600000	0.013174082510533577	-0.6397650229145915	0.49725465534791596	-0.5149286815955317
chr1_pat	75600000	75800000	0.015159432670569599	0.306950080263032	0.3025330560600711	-0.32040139819834934
chr1_pat	75800000	76000000	0.014683044080066595	0.2671641712932397	0.23260979486650205	-0.5077204378787151
chr1_pat	76000000	76200000	0.01409322471571009	-0.6193533173173529	0.49915818906141024	-0.35405209059123627
chr1_pat	76200000	76400000	0.012972895187972167	-0.4510705669295269	0.451440147222295	-0.42616301752525226
chr1_pat	76400000	76600000	0.018354760153494847	0.245977952915706	0.4589582640798538	-0.4268782745217233
chr1_pat	76600000	76800000	0.012956348420588447	-0.042567128950806	0.3597826768454301	-0.5809028405660901
chr1_pat	76800000	77000000	0.011019081251592334	-0.9119101406461192	0.600748174178338	-0.3657956066553652
chr1_pat	77000000	77200000	0.018214249580910214	0.1684873543017004	0.34956323161976544	-0.5411085286976531
chr1_pat	77200000	77400000	0.016096233644560472	0.4509853084698841	0.18875927661516456	-0.2675500974757845
chr1_pat	77400000	77600000	0.015904650584857336	0.1382240249032799	0.3565119099120498	-0.4354408518660973
chr1_pat	77600000	77800000	0.013434166073514138	0.56606008259839	0.16105879718867538	-0.16901692359821563
chr1_pat	77800000	78000000	0.016477910040563048	0.7753893822609366	0.18830846738903365	-0.019896312669909863
chr1_pat	78000000	78200000	0.018143206861087002	0.7879535747810824	0.08159526365761255	0.18775919061255944
chr1_pat	78200000	78400000	0.017553948169380752	0.6672659577483492	0.20143516242989248	-0.1361529212923628
chr1_pat	78400000	78600000	0.012268234957755851	-0.49904339547203197	0.5209779044572573	-0.2944627628523406
chr1_pat	78600000	78800000	0.015123627899342584	-0.4708946906962286	0.6096840571714	-0.46657726966506685
chr1_pat	78800000	79000000	0.018812005632863185	0.6710425050127421	0.40996594689506394	-0.05932511666565049
chr1_pat	79000000	79200000	0.018337937203133765	0.7205821791791721	0.21715473506032792	-0.09174950607992217
chr1_pat	79200000	79400000	0.01626873907757698	0.6721854613597128	0.13298579991924162	-0.03534577861432442
chr1_pat	79400000	79600000	0.01574008061188565	0.6379746427436204	0.28690576067490353	-0.04026557500925619
chr1_pat	79600000	79800000	0.021996265915518776	0.690852145597654	0.15127915223432156	-0.13003230371342778
chr1_pat	79800000	80000000	0.030280892526400486	0.6061199246817951	0.21855144898429138	0.07075895157752643
chr1_pat	80000000	80200000	0.0207502891895212	0.3927118117177937	0.19864599059344842	-0.41449247072255635
chr1_pat	80200000	80400000	0.017824208574888943	-0.2360671915512686	0.271193828211851	-0.4687918457481514
chr1_pat	80400000	80600000	0.017948153723094572	0.7303800947350122	0.2608302748072749	-0.2127784546514697
chr1_pat	80600000	80800000	0.01593058465945059	0.7268822142375674	0.12545210947606658	0.01795827260253313
chr1_pat	80800000	81000000	0.01741513774320594	0.7040307085719878	0.20466220912879177	-0.155166962740455
chr1_pat	81000000	81200000	0.012719108568181326	-0.1585564378728889	0.4216882948646313	-0.38925903149925345
chr1_pat	81200000	81400000	0.014691674567088918	-0.32732841117497363	0.3547754818352799	-0.600997570718952
chr1_pat	81400000	81600000	0.015324144242589871	0.26186245148052406	0.23793261765312945	-0.5310022542829684
chr1_pat	81600000	81800000	0.012042215450478266	-0.0803023285078867	0.3855907014360632	-0.49063388782004247
chr1_pat	81800000	82000000	0.012024296077030514	-0.46903774288331107	0.3978752484040343	-0.10849829221548833
chr1_pat	82000000	82200000	0.017550422387671415	0.7080564104342781	0.025858815016942906	-0.2330037108838092
chr1_pat	82200000	82400000	0.01859685836619252	0.6834073510415789	0.06331768058870337	-0.09859183103059019
chr1_pat	82400000	82600000	0.02035182418499112	0.4275310893937443	0.06220203397863441	-0.3944344849909013
chr1_pat	82600000	82800000	0.013481081738502008	-0.3544420383773456	0.4632156148049204	-0.779774845454387
chr1_pat	82800000	83000000	0.010958560302788948	-1.382895973441145	1.2401824532203325	0.12609227017810076
chr1_pat	83000000	83200000	0.010746152260545158	-1.6798305450721172	1.4266402588150169	0.36352252059166845
chr1_pat	83200000	83400000	0.011364380025978962	-1.4329698024561281	1.0055036606414876	0.44660096878950223
chr1_pat	83400000	83600000	0.019193072915051134	0.637802156719072	0.2041015732698568	-0.2244347882534724
chr1_pat	83600000	83800000	0.018774624923847617	0.8200523072240679	0.2028647819782567	0.12076368168196555
chr1_pat	83800000	84000000	0.01472222016727952	0.7963191311824145	0.24099401069575932	-0.07192930616554115
chr1_pat	84000000	84200000	0.015024739865241433	0.7941296512617411	0.019649349344821567	-0.19581268977594726
chr1_pat	84200000	84400000	0.013201712035832109	0.5421057205521761	0.21300695788466872	-0.3880542073911654
chr1_pat	84400000	84600000	0.01256493968742562	-0.4432612895977155	0.35226831353030585	-0.34203164755615645
chr1_pat	84600000	84800000	0.04622238206790548	-1.5163228933272024	0.9731028480173557	0.4766215006648235
chr1_pat	84800000	85000000	0.010109836989952603	-1.56475054349034	1.1279489702057623	0.6125816429198636
chr1_pat	85000000	85200000	0.011592779185668626	-0.8860560367013584	0.8222670913429291	-0.5698493778821465
chr1_pat	85200000	85400000	0.009762639595183677	-1.3616465702271012	0.8295023791863305	0.37891416721000615
chr1_pat	85400000	85600000	0.016700348857706892	0.5089269050046695	0.29876838984056714	-0.4860550848970132
chr1_pat	85600000	85800000	0.014675577426491816	-0.23014775888957742	0.42935158067573176	-0.4732050664198947
chr1_pat	85800000	86000000	0.014325965265720542	-0.07808581012549227	0.21206606028381922	-0.5840072764690901
chr1_pat	86000000	86200000	0.011989284368914515	-0.7431536399187425	0.19178580258414368	-0.3471010828073956
chr1_pat	86200000	86400000	0.01585196968881605	0.0068924826278095935	0.21874791842901625	-0.5804032554459435
chr1_pat	86400000	86600000	0.01773486040699323	0.1259609327372436	0.1601253806009121	-0.5997346739441755
chr1_pat	86600000	86800000	0.014749076159449762	0.03965832212738158	0.2202180519544697	-0.38870479141077624
chr1_pat	86800000	87000000	0.028915849266590188	0.5803236924694449	0.04721526148877065	-0.3998114871314303
chr1_pat	87000000	87200000	0.02666482696322394	0.7187920352734176	0.0985277854634825	-0.03535246791166026
chr1_pat	87200000	87400000	0.022401951385222604	0.815010944237248	0.1775864400033155	-0.11759338606651577
chr1_pat	87400000	87600000	0.03187902131652077	0.6957452896338326	-0.009077891965935947	-0.1208266466240083
chr1_pat	87600000	87800000	0.01585462853289647	-0.409308281930564	0.4815293964327466	-0.46033407475247445
chr1_pat	87800000	88000000	0.01193412689695775	-0.7833544664003005	0.60579070516528	-0.20854529296636765
chr1_pat	88000000	88200000	0.012787321793245491	-0.9767669653449202	0.6160012621119837	-0.2509453545691274
chr1_pat	88200000	88400000	0.014078051618389901	0.003469393142315105	0.29007565210048214	-0.3386431458394916
chr1_pat	88400000	88600000	0.013856630007586178	0.6706915418570946	0.007306776947233565	-0.19046835631495634
chr1_pat	88600000	88800000	0.01310851537992402	0.6622209758794741	0.06457975372856044	-0.14308980922855263
chr1_pat	88800000	89000000	0.010272220008229499	-1.0969096640354707	0.37504186093663355	-0.2503753128485825
chr1_pat	89000000	89200000	0.013794297512490386	-0.09952017724108034	0.15509023737083225	-0.5141744588402037
chr1_pat	89200000	89400000	0.014428033361735601	0.5455954280153574	0.06364847577534948	-0.27820299443412694
chr1_pat	89400000	89600000	0.010686480599251457	-0.7777889001253948	0.33348139097214635	-0.24886301627155724
chr1_pat	89600000	89800000	0.016406627930193	-0.1345438762965462	0.2634545357863564	-0.5243968294144202
chr1_pat	89800000	90000000	0.010578633226135904	-1.1524233687225838	0.6625451665922294	0.07576379466120554
chr1_pat	90000000	90200000	0.008697088865580028	-1.94267638481479	0.8201506335748344	1.1491827310118066
chr1_pat	90200000	90400000	0.011991057893419716	-0.12688905396604627	0.35637741427040787	-0.494577716435348
chr1_pat	90400000	90600000	0.012285132133961072	-0.13942919809083143	0.18982830937749376	-0.24553178025350786
chr1_pat	90600000	90800000	0.015650357059378412	-0.198422080628519	0.244789941071913	-0.8099771842931716
chr1_pat	90800000	91000000	0.015401444639087714	0.47595061598713867	0.2767110264661625	-0.2736624648005637
chr1_pat	91000000	91200000	0.013463441263764224	0.5317936141731976	0.15476481118188132	-0.37227124189953953
chr1_pat	91200000	91400000	0.012938068826461039	-0.6490630024181483	0.4862370302859607	-0.5670673062372451
chr1_pat	91400000	91600000	0.010052986771067697	-1.2761017997529431	0.6396386478091559	0.160191485076448
chr1_pat	91600000	91800000	0.013997487988562396	0.39479049182816567	0.2677740259917007	-0.3645808649063723
chr1_pat	91800000	92000000	0.014746416391209848	0.5664719705365298	0.32074689283778496	-0.2293059873414913
chr1_pat	92000000	92200000	0.01631171781443715	0.5956219140580128	0.22446304160307784	-0.3636270664910258
chr1_pat	92200000	92400000	0.012714227455269868	0.7337277520046435	0.09409019221674284	0.012021786944498708
chr1_pat	92400000	92600000	0.011911291707126239	0.6112618387551628	0.2137391167366759	-0.2411176014928948
chr1_pat	92600000	92800000	0.013716688966403634	0.3244372634555709	0.43987175337187195	-0.47718556121027467
chr1_pat	92800000	93000000	0.015020969185255754	-0.27592321709632295	0.19637608803962162	-0.44362649038859353
chr1_pat	93000000	93200000	0.015135283536830132	0.40503083283924624	0.16963137915395204	-0.2491359233793708
chr1_pat	93200000	93400000	0.016070699213419085	0.5949941166371077	0.184455378866449	-0.24341047619278222
chr1_pat	93400000	93600000	0.012224439056524471	0.6537959282451348	0.37696541500070907	-0.16415437812996933
chr1_pat	93600000	93800000	0.013923798361620561	0.6223468482861613	0.10092784620409587	-0.08821871881835111
chr1_pat	93800000	94000000	0.01419097992719407	0.5728903210732532	0.3655712850871659	-0.3785255628976238
chr1_pat	94000000	94200000	0.01433013545250916	0.6027394552071769	0.18733217955389056	-0.14846558452460526
chr1_pat	94200000	94400000	0.01413742617248781	0.529476516476806	0.3186264298427436	-0.3250939995359075
chr1_pat	94400000	94600000	0.017900338128552507	0.5391325782956502	0.29895803120735126	-0.2792250724500753
chr1_pat	94600000	94800000	0.015207517125478279	0.46024956220804736	0.34952640726983486	-0.4479055135292279
chr1_pat	94800000	95000000	0.012299888046759005	0.10239332026104582	0.01798904281981607	-0.439946648504482
chr1_pat	95000000	95200000	0.013255349828972111	0.5030286695669752	0.2067781447380357	-0.33814626529999514
chr1_pat	95200000	95400000	0.012726076953548599	0.4209525368409494	0.31331641778055164	-0.44453041329013937
chr1_pat	95400000	95600000	0.011890165312407858	0.03964864656639563	0.16776716362117505	-0.5688136857979522
chr1_pat	95600000	95800000	0.010306101863921533	-1.3493256644093423	0.29305436358562453	0.2465322733855533
chr1_pat	95800000	96000000	0.01099851499117526	-0.4908684405631666	0.5961183731570215	-0.5004313851855986
chr1_pat	96000000	96200000	0.012269169125219257	0.046513985978593166	0.30499967001419054	-0.6173714240839983
chr1_pat	96200000	96400000	0.012050437223135984	0.6194773275383606	-0.006017354628366164	-0.2130167619552135
chr1_pat	96400000	96600000	0.012719134851878108	0.4771064143088757	0.29533372538056635	-0.31494256465479187
chr1_pat	96600000	96800000	0.009764595426659537	-0.47330172301816337	0.2861361340115727	-0.30888851029397957
chr1_pat	96800000	97000000	0.010587941868989285	-0.870662686705349	0.29832829234003705	-0.040088261931964776
chr1_pat	97000000	97200000	0.012708173314106478	0.4142130005705388	0.08735961807478303	-0.3981538899067354
chr1_pat	97200000	97400000	0.012767831648620451	0.44833339997891664	0.28542736522756007	-0.6188429402631186
chr1_pat	97400000	97600000	0.01142935326239224	-0.3913798360765273	0.20155677051579882	-0.4887197975240554
chr1_pat	97600000	97800000	0.012717481637947978	-0.08054177052279564	0.13397001636100725	-0.5243168577128398
chr1_pat	97800000	98000000	0.009252880115002379	-1.0583860126334186	0.28910565023666307	-0.06694224786740928
chr1_pat	98000000	98200000	0.012058354312634611	-0.10132099048560304	0.20350232993971745	-0.6427239238374766
chr1_pat	98200000	98400000	0.012643933272782255	0.45724378839097446	0.22712303518195295	-0.400780338763639
chr1_pat	98400000	98600000	0.010348372036391764	-0.32591635918405903	0.2751222849754926	-0.4256429248236035
chr1_pat	98600000	98800000	0.010371035610271312	-0.4435982752008563	0.10516776536090174	-0.29455912250736704
chr1_pat	98800000	99000000	0.010116426103518705	-0.6813520920603006	0.06026862635660049	-0.20270906936875477
chr1_pat	99000000	99200000	0.010732431682129152	-0.2869316883653347	0.1191411910060477	-0.46506719603601687
chr1_pat	99200000	99400000	0.00949391644789698	-0.8007068916176521	0.4507125636473619	-0.17588029921101928
chr1_pat	99400000	99600000	0.010431392934389843	-0.4473753030231359	0.11397523708382612	-0.4189703911440213
chr1_pat	99600000	99800000	0.013457640324133867	0.217325980459348	0.21434340723247108	-0.5741567279530284
chr1_pat	99800000	100000000	0.012371795192585616	-0.39625608921293176	0.11281240043557164	-0.41748815805756856
chr1_pat	100000000	100200000	0.010819959816956	-0.3996897774803931	-0.031967986487019075	-0.27931084163664316
chr1_pat	100200000	100400000	0.012277047753344004	-0.21103654958975177	0.32736280571621446	-0.5900948247770664
chr1_pat	100400000	100600000	0.009462868284044969	-0.16082461562429584	0.20552798604596506	-0.5315170362133905
chr1_pat	100600000	100800000	0.011007515275409758	0.30633089703179023	0.13506081058648783	-0.5578942379704072
chr1_pat	100800000	101000000	0.011205025529022746	-0.45627661087601884	0.1853155522206826	-0.445957829182878
chr1_pat	101000000	101200000	0.0105774357316503	-0.43554380492821626	0.4208223788835614	-0.3352469262151541
chr1_pat	101200000	101400000	0.010239586956244608	-0.7208869081047595	0.30845973204660376	-0.043706828158576704
chr1_pat	101400000	101600000	0.011356517064987368	-0.7127764248311602	0.302180142246736	-0.11045334608516805
chr1_pat	101600000	101800000	0.00962015591804952	-0.7245989032532041	0.3126587148343411	-0.35035197416966185
chr1_pat	101800000	102000000	0.011616038942806823	0.2982908923807768	0.1367559675291888	-0.5482937381170373
chr1_pat	102000000	102200000	0.012439171422746757	0.35531949692741954	-0.057824909222972856	-0.5759814318769216
chr1_pat	102200000	102400000	0.013446820001327143	-0.23964187711463664	-0.14086254122238978	-0.626172428814086
chr1_pat	102400000	102600000	0.008474952909533347	-1.9493998098801135	0.2699859581487834	0.798600566488934
chr1_pat	102600000	102800000	0.009589280182686892	-1.4278365375281816	0.34577732513793374	0.10553774128551295
chr1_pat	102800000	103000000	0.012287107797810401	-0.4784050446712804	-0.1182721289269448	-0.7471864606604542
chr1_pat	103000000	103200000	0.01281368836889534	0.4628423122743205	-0.036380803214962294	-0.49233575158555354
chr1_pat	103200000	103400000	0.010699558896878007	0.5646187994842652	-0.08985419081671736	-0.38199558502943765
chr1_pat	103400000	103600000	0.010300758172175413	0.6311113711204525	-0.04756261356119905	-0.34810437959870943
chr1_pat	103600000	103800000	0.010632216782426582	0.7144750812510514	0.030066009641432658	-0.16469338917194162
chr1_pat	103800000	104000000	0.011510733105721429	0.6108067843186998	0.13149840297931706	-0.38286733467275624
chr1_pat	104000000	104200000	0.01031203638880277	0.5890386888153694	0.08091226207069317	-0.41179684616133067
chr1_pat	104200000	104400000	0.010900120044365405	0.658377633382082	0.10322854157697879	-0.320781797053378
chr1_pat	104400000	104600000	0.010724106218914366	0.6232593550569853	0.010671534777223914	-0.33422462536830544
chr1_pat	104600000	104800000	0.010720850174414818	0.43222502563258575	0.08702415209106441	-0.6929700365787256
chr1_pat	104800000	105000000	0.008922157076445577	-0.8516299690789331	-0.08989725859110655	-0.20302671787296195
chr1_pat	105000000	105200000	0.013099878679301482	-0.006477746958250775	-0.15078723287457452	-0.5323531804339683
chr1_pat	105200000	105400000	0.010878785812443536	0.6832546442215177	-0.007671421127266164	-0.21737792673740922
chr1_pat	105400000	105600000	0.010972928016615105	0.6039556514550416	-0.036383544413711846	-0.3336173376651012
chr1_pat	105600000	105800000	0.010411581464800552	0.6300652203975522	-0.01103354307655276	-0.37490573857958076
chr1_pat	105800000	106000000	0.010489923800827668	0.6466720148078716	0.11306555902701976	-0.36104147670052605
chr1_pat	106000000	106200000	0.012898914470999272	0.6213381961651602	-0.09787184586950505	-0.22896249366231716
chr1_pat	106200000	106400000	0.01155732578591542	0.7167284176490075	-0.008065060010701952	-0.1426427109166506
chr1_pat	106400000	106600000	0.011159329218519407	0.5006631411269742	0.05105244632840062	-0.5581057959374347
chr1_pat	106600000	106800000	0.010969440225784558	0.6879498706466256	-0.013032237641611655	-0.44058869521919075
chr1_pat	106800000	107000000	0.009963745993763953	0.5721391748255403	0.04117214296280759	-0.5089904257872239
chr1_pat	107000000	107200000	0.011014534358132438	0.4247012628192561	-0.08150685906319967	-0.4177807497964074
chr1_pat	107200000	107400000	0.010252596918545968	0.2756842597250674	-0.07186050757040875	-0.597616192686123
chr1_pat	107400000	107600000	0.011287667800286356	-0.12279887951002959	-0.015475285780424581	-0.7039591616445717
chr1_pat	107600000	107800000	0.011887743306153302	-0.5343381302635999	-0.007754070986108258	-0.46839302698203017
chr1_pat	107800000	108000000	0.012795707928136104	-0.8126119469344191	0.20571401218962573	-0.442276148444201
chr1_pat	108000000	108200000	0.011643561208081393	-1.2009488520982012	0.13300164201365247	0.16081500360931325
chr1_pat	108200000	108400000	0.007826876905529176	-1.4178519121576785	-0.06482415606944886	0.31373465665007116
chr1_pat	108400000	108600000	0.008729511829924708	-1.1793208355297262	0.36616462737655525	0.18071179293331732
chr1_pat	108600000	108800000	0.011163962743290085	0.2853367230187929	0.0744652059765451	-0.9244112946253661
chr1_pat	108800000	109000000	0.012330037043590097	0.5253212887722343	-0.05343312842457081	-0.5641031050423534
chr1_pat	109000000	109200000	0.0108568793975594	0.15248123718471823	-0.054790562896935215	-0.9248749779902176
chr1_pat	109200000	109400000	0.010825251897914421	-0.45264689139650977	-0.013129028963593968	-0.7789361664633941
chr1_pat	109400000	109600000	0.007862575287235716	-2.0083492400743297	-0.2657534776810186	0.9213173353895091
chr1_pat	109600000	109800000	0.012563692298950477	-0.4655510785911896	0.0841555336244621	-0.7058667468774706
chr1_pat	109800000	110000000	0.011790604999700255	0.22909884900629426	-0.09753562489615204	-0.9100562647637331
chr1_pat	110000000	110200000	0.008942782411006656	-0.9538185661312986	-0.04069077594748296	-0.2814516375050998
chr1_pat	110200000	110400000	0.009771510335375716	-0.7004411421509881	-0.18102671147729793	-0.41635797535909763
chr1_pat	110400000	110600000	0.057369829917073914	-0.22312074691534675	-0.10869615681373135	-1.0603395965436535
chr1_pat	110600000	110800000	0.010851358138540516	-1.410152083768692	-0.39026834326088167	-0.111136531631362
chr1_pat	110800000	111000000	0.009814095022918037	-0.874008959050349	-0.4911766513347792	-0.44514164813329155
chr1_pat	111000000	111200000	0.011530605966539797	0.11064365312896836	-0.14759554931273278	-0.8149680733826109
chr1_pat	111200000	111400000	0.009049930762743167	-1.3705750230693352	-0.4705282608390283	-0.06694489573102054
chr1_pat	111400000	111600000	0.01185222223801908	0.36873123305939376	-0.3966287271109047	-0.6972738870421229
chr1_pat	111600000	111800000	0.011769561154079131	0.6526287973982026	-0.4581928673805174	-0.6115521234459117
chr1_pat	111800000	112000000	0.011898317361589568	0.7808321059444903	-0.3556727573976987	-0.4858111251849436
chr1_pat	112000000	112200000	0.011574261358433617	0.5668094570781275	-0.3775054658396939	-0.7267038938535479
chr1_pat	112200000	112400000	0.010356002183503054	-0.5259524660163312	-0.5362724916920156	-0.5172850930037477
chr1_pat	112400000	112600000	0.009665367749448449	-0.9387727296852684	-0.6336508377266131	-0.3583317707131359
chr1_pat	112600000	112800000	0.011759840502350996	0.24860040562202632	-0.4959110695667295	-0.8591659623897869
chr1_pat	112800000	113000000	0.01169313314698524	0.43359194223825076	-0.4319703319283145	-0.6699096435721928
chr1_pat	113000000	113200000	0.011043582885418566	0.4459842210560313	-0.24941526350954268	-0.7137960201528427
chr1_pat	113200000	113400000	0.008549711933385653	-1.2205238131924085	-0.6928964489026358	-0.06464282801513982
chr1_pat	113400000	113600000	0.00803212290907522	-1.0237459605286	-0.7706211466011245	-0.20679119052988265
chr1_pat	113600000	113800000	0.010544670690358852	0.08633909093500598	-0.27782603223816366	-0.930330296777868
chr1_pat	113800000	114000000	0.008347866327370232	-0.7371436862336846	-0.5736266706440889	-0.3376804356178466
chr1_pat	114000000	114200000	0.009814578447098661	0.11407765031006298	-0.39922657085645374	-0.8540326773945818
chr1_pat	114200000	114400000	0.00837966823128232	-0.775906316227318	-0.5115389490475841	-0.573704942746973
chr1_pat	114400000	114600000	0.009338307883618781	-1.1286039442154263	-0.5290194978305685	-0.026220531462777086
chr1_pat	114600000	114800000	0.009466405824484277	-0.859070605944958	-0.6226544424789493	-0.2818209187343391
chr1_pat	114800000	115000000	0.010396845991315528	-1.1007385850631426	-0.43440199640833144	0.18961122656722898
chr1_pat	115000000	115200000	0.009302670535344426	-1.911405872514976	-0.7742062559423668	0.9058324709449279
chr1_pat	115200000	115400000	0.011215512350334196	-1.7002772984201329	-0.758904844530284	0.7328540884572438
chr1_pat	115400000	115600000	0.010013516389310464	-1.8170065894208243	-0.47289288070764024	1.0409369439883542
chr1_pat	115600000	115800000	0.012981753216034276	-1.7246654054105905	-0.5864525693356641	1.1469726867686323
chr1_pat	115800000	115996361	0.03779654143362539	-1.2619345161491897	-0.5143367611532894	0.23921335901738816
chr1A_pat	0	200000	0.06923212269743492	-0.6436731950169866	-1.0165370972308954	-0.897168606564769
chr1A_pat	200000	400000	0.01431126137262163	-1.7009562989641802	-1.5752355142906123	-0.955386503680829
chr1A_pat	400000	600000	0.01051286018200202	-0.348755100948641	-0.602259255858498	-0.7577678775064904
chr1A_pat	600000	800000	0.015780239204652186	-1.2863083019674768	-1.0293063757096539	-0.40156829031113145
chr1A_pat	800000	1000000	0.011627346973484332	-1.6995612622576393	-1.7740048722984318	-0.07046361171567618
chr1A_pat	1000000	1200000	0.008604137406259229	-1.6767747682774452	-1.7791437480777448	-0.09972102008109107
chr1A_pat	1200000	1400000	0.006962745407815616	-1.6152229308524522	-1.434476170244165	-0.21421545775178505
chr1A_pat	1400000	1600000	0.006621008142688609	-1.0557108005249198	-0.9802192671830653	-0.6493732488007209
chr1A_pat	1600000	1800000	0.0081297016119519	0.045019148392426045	-0.5034895409811216	-0.9604971779486167
chr1A_pat	1800000	2000000	0.00999389525825063	-0.7340853415296446	-0.6709254803416698	-0.8187057456210991
chr1A_pat	2000000	2200000	0.009474222215041923	-1.1274635821301586	-1.1321639709298326	-0.766703329299292
chr1A_pat	2200000	2400000	0.011342106997464588	0.09303925726218545	-0.5210119338246199	-1.0376173195572223
chr1A_pat	2400000	2600000	0.012455719926397078	0.8553476248963177	-0.6257449282275301	-0.9063412639491331
chr1A_pat	2600000	2800000	0.012521285362681763	0.9330573142206269	-0.49314741700030934	-0.9611676205805477
chr1A_pat	2800000	3000000	0.012596746168064527	0.6711414483724416	-0.4651809417220236	-1.118500319238458
chr1A_pat	3000000	3200000	0.011537446753063231	-0.5233150934842631	-0.4266042347595877	-0.4967767224876924
chr1A_pat	3200000	3400000	0.009105230780545719	-1.925505187683865	-1.8175333145038943	-0.25242629853320664
chr1A_pat	3400000	3600000	0.01727883230166905	-1.7004374373110926	-1.5602815640044316	-0.4951396946308783
chr1A_pat	3600000	3800000				
chr1A_pat	3800000	4000000				
chr1A_pat	4000000	4200000				
chr1A_pat	4200000	4400000	0.018376343796904216	-1.4003843428958382	-0.997369158544383	-0.956294258712934
chr1A_pat	4400000	4600000	0.012754907339053462	-0.47990062241627335	-0.5431248008937996	-0.7189610840407916
chr1A_pat	4600000	4800000	0.01263681254288335	0.8427324992924315	-0.2743699401166544	-0.9056957564108965
chr1A_pat	4800000	5000000	0.011531259520973182	1.0156999578583645	-0.09145472761215966	-0.6578684590455174
chr1A_pat	5000000	5200000	0.01144135974923323	1.0784937426229946	-0.04540826614178562	-0.658137652677762
chr1A_pat	5200000	5400000	0.01150377650065325	1.004083838157022	-0.1239034609082606	-0.548555815038305
chr1A_pat	5400000	5600000	0.01317524394766352	0.861755328459141	-0.0439288049974572	-0.6402887002680734
chr1A_pat	5600000	5800000	0.01306663866950757	0.14758126625113424	-0.23544655572061343	-0.5891108902402896
chr1A_pat	5800000	6000000	0.01215382577676646	-0.5598202020309893	-0.2940602859164605	-0.22907843991156038
chr1A_pat	6000000	6200000	0.008247552279839511	-1.4460271602300852	-0.8086253445686896	-0.17746084057016745
chr1A_pat	6200000	6400000	0.009424302960889593	-1.0917729897259856	-0.6142140315662938	-0.3737776839912149
chr1A_pat	6400000	6600000	0.011582458108868874	-0.055285478429026036	-0.24425989749470023	-0.4405616932584735
chr1A_pat	6600000	6800000	0.00912639334561412	-1.2018766117073334	-0.6066670024639178	-0.5832718882422702
chr1A_pat	6800000	7000000	0.012805489899406296	0.43166370887341404	-0.13904752800740042	-0.5936364246617948
chr1A_pat	7000000	7200000	0.01213251530377857	0.5828614024879597	-0.24092241857118396	-0.4867975023724358
chr1A_pat	7200000	7400000	0.009804758278407946	-0.6810246784134101	-0.7667208485257732	-0.8357651111139275
chr1A_pat	7400000	7600000	0.010695235278778708	0.042160268530063896	-0.22508375170786124	-0.6292796556710576
chr1A_pat	7600000	7800000	0.011422495106471937	0.9386998866088757	-0.11430710728564061	-0.6097621921205478
chr1A_pat	7800000	8000000	0.010255636903639674	0.7782827385306402	0.04102280833009789	-0.49988879164336314
chr1A_pat	8000000	8200000	0.012680361415472885	0.0791829105724978	0.08482380384729446	-0.37221973860252394
chr1A_pat	8200000	8400000	0.010410818373752063	-1.088862941931569	-0.5178887669439357	-0.40147125544747725
chr1A_pat	8400000	8600000	0.010976891346402312	0.8046207664518422	0.03130054326109745	-0.3800656305872352
chr1A_pat	8600000	8800000	0.013295019289169851	0.9522936535476075	0.12307055133071637	-0.3650854479226722
chr1A_pat	8800000	9000000	0.011120395737019631	0.9605984681767428	0.10577598692271548	-0.487645399189899
chr1A_pat	9000000	9200000	0.010794936881180082	0.9737490581170954	0.06575027645229772	-0.44148533545203056
chr1A_pat	9200000	9400000	0.011043580441998423	0.9122965551162399	0.11378966274525881	-0.33111134987064256
chr1A_pat	9400000	9600000	0.010900551229332112	0.95057706331313	0.04971535409776294	-0.22006698816809533
chr1A_pat	9600000	9800000	0.0128744441947548	0.8355391312122027	0.09946055002269537	-0.4797428856402387
chr1A_pat	9800000	10000000	0.011447454103037871	0.9857689621053831	0.062058153598234043	-0.2585014555497399
chr1A_pat	10000000	10200000	0.012435664229110433	0.9225350832702599	0.10658492023668786	-0.27650514619093614
chr1A_pat	10200000	10400000	0.010311603271380556	0.9328996069022267	0.11467795434454212	-0.2527028120502575
chr1A_pat	10400000	10600000	0.011548646104599693	0.8224869659054531	-0.013576408005710224	-0.42246969425961883
chr1A_pat	10600000	10800000	0.01153469992191153	0.7427059100718651	-0.03502965402912871	-0.351650187169615
chr1A_pat	10800000	11000000	0.011147996235788844	0.8237906384959512	0.029560945243517642	-0.4423145904384105
chr1A_pat	11000000	11200000	0.011090613451335874	0.8874443870523014	0.052790467514066526	-0.4232047466024093
chr1A_pat	11200000	11400000	0.010860929069292804	0.9775690752234291	0.08815082101747222	-0.31517347107270377
chr1A_pat	11400000	11600000	0.011515106923898767	0.8811436419257009	0.031160691890699997	-0.44857714533567145
chr1A_pat	11600000	11800000	0.011880294788870961	0.21322504492897384	-0.019366620942067606	-0.26538444505470876
chr1A_pat	11800000	12000000	0.00847585711860392	-1.1295284943999513	-0.40640697796146225	-0.15390616920477046
chr1A_pat	12000000	12200000	0.009992748809477169	-0.4688970362569829	-0.14616559509355967	-0.1510687212366619
chr1A_pat	12200000	12400000	0.008306694070302562	-1.0889513157188122	-0.3188287413019102	-0.14053834506832558
chr1A_pat	12400000	12600000	0.012864777515282646	0.40601024655818435	0.08244802193391743	-0.24194182569713146
chr1A_pat	12600000	12800000	0.012049815294705115	-0.14364055901927228	-0.07741425839951681	-0.40955606608434414
chr1A_pat	12800000	13000000	0.0131353175236913	0.319872898181935	0.024019218548572724	-0.46203228482852204
chr1A_pat	13000000	13200000	0.009708262137635872	-1.292489546269097	-0.597694480603528	-0.28942749699510506
chr1A_pat	13200000	13400000	0.01137490519728906	-0.6765102020850751	-0.21499062581093994	-0.3115010495093187
chr1A_pat	13400000	13600000	0.010850939761150969	-0.4565799678875759	-0.0030483872224256205	-0.3630398513463065
chr1A_pat	13600000	13800000	0.011258888423702167	-0.43697459534572336	0.037326523716304696	-0.14390598243574068
chr1A_pat	13800000	14000000	0.011537554429555244	-0.8653689438213968	-0.16736639934404446	-0.14984499937314488
chr1A_pat	14000000	14200000	0.009574149540041443	-0.8885460699918669	-0.29069789161592063	-0.20284345656664055
chr1A_pat	14200000	14400000	0.010704074471111559	-0.163235071692475	0.0007846876940817723	-0.32317412419977176
chr1A_pat	14400000	14600000	0.012317732309366043	0.18689713235764133	0.062194573765635475	-0.34978165135073863
chr1A_pat	14600000	14800000	0.014073524859494643	0.5771812060992317	0.1168734678174056	-0.5325925988913301
chr1A_pat	14800000	15000000	0.018176470671516055	0.6838245389207909	0.1160653459679218	-0.3554024204889002
chr1A_pat	15000000	15200000	0.011009732902511258	-0.3486136197208578	-0.03729419584785696	-0.32177292591507345
chr1A_pat	15200000	15400000	0.012317669619797933	-0.8978434610834498	-0.19863993377799039	-0.35988436245845384
chr1A_pat	15400000	15600000	0.013706371751874977	-0.2917977295745059	-0.06874029199206022	-0.3422000865209806
chr1A_pat	15600000	15800000	0.011472156347780723	-0.3791077045329756	0.02281110777252253	-0.43164251041469626
chr1A_pat	15800000	16000000	0.015520097470634521	0.8522288401570685	0.17653272529701144	-0.3883218875180252
chr1A_pat	16000000	16200000	0.013491263174758985	0.8812589248337334	0.13322027251455884	-0.4380658771237271
chr1A_pat	16200000	16400000	0.013938751147152123	0.8943917005108308	0.14035034534007512	-0.3118382590461656
chr1A_pat	16400000	16600000	0.012490769976166839	0.8790545435545541	0.1397964599662049	-0.3234647992771513
chr1A_pat	16600000	16800000	0.02000269018070482	0.9163199985238535	0.15959508177992668	-0.37694768988477556
chr1A_pat	16800000	17000000	0.016451654234201953	0.852630284342411	0.19417403055051188	-0.11596298527101553
chr1A_pat	17000000	17200000	0.015596607643545493	0.8710963072719067	0.145132898882734	-0.17892044443391958
chr1A_pat	17200000	17400000	0.014409538792871867	0.8469168312590118	0.182826645214687	-0.2600476554938829
chr1A_pat	17400000	17600000	0.01666612886329616	0.8376780071066997	0.25116163884747617	-0.20768226007072416
chr1A_pat	17600000	17800000	0.014357423246860228	0.7249098697960172	0.2288919003722121	-0.2741141352047577
chr1A_pat	17800000	18000000	0.01255090817853593	0.33290726994244657	0.14995105791940075	-0.19592784846051
chr1A_pat	18000000	18200000	0.014897239893106807	-0.8160053839825838	-0.0374848991242164	-0.3964606130230132
chr1A_pat	18200000	18400000	0.020868116327064173	0.5475389815452506	0.2885922729195883	-0.345818733131792
chr1A_pat	18400000	18600000	0.023788355011115363	0.21199819409711262	0.1089085330814194	-0.33145670528588894
chr1A_pat	18600000	18800000	0.017584847507212915	0.6994701891964626	0.29005010754707544	-0.14975584794963834
chr1A_pat	18800000	19000000	0.016393348491470762	0.8257470935246167	0.2531562156153566	-0.24609632351013835
chr1A_pat	19000000	19200000	0.016520586807815676	0.7429329308022175	0.2653348571766895	-0.2510054552333132
chr1A_pat	19200000	19400000	0.01569132802455048	0.1479575659498326	0.15600869746999368	-0.25187437017118525
chr1A_pat	19400000	19600000	0.009184521468207116	-0.9678657628856276	0.004863882866991864	-0.41779122431702076
chr1A_pat	19600000	19800000	0.015753813296475155	0.11161273534858179	0.1550159978753972	-0.19520891887509464
chr1A_pat	19800000	20000000	0.013973037078844558	0.342745311975679	0.13695559210508226	-0.3224469663727043
chr1A_pat	20000000	20200000	0.02826065282893607	0.45962250164449103	0.30153528485545145	-0.3826643607854097
chr1A_pat	20200000	20400000	0.01788250925269127	0.8791541817970983	0.26985288868431223	-0.2232848028859511
chr1A_pat	20400000	20600000	0.016394969643368958	0.8898013174680632	0.24336750418970216	-0.17066348364293008
chr1A_pat	20600000	20800000	0.015864208885237093	0.8364364804112505	0.21768504004689831	-0.1840436555044431
chr1A_pat	20800000	21000000	0.010841850201812418	-0.21540700736400947	0.1373555304255162	-0.3355810723169428
chr1A_pat	21000000	21200000	0.013916407559589119	0.6612346071950013	0.29889569550511486	-0.3175324726620585
chr1A_pat	21200000	21400000	0.013216929897677367	-0.4061714958504129	0.18159722842870887	-0.37326520232613875
chr1A_pat	21400000	21600000	0.01137416725863784	-0.3821985627975116	0.13785994679566566	-0.2221477687019903
chr1A_pat	21600000	21800000	0.01836782226346199	0.6981473144611936	0.28940171708064893	-0.26681538746138583
chr1A_pat	21800000	22000000	0.017308117099037162	0.8524955784617171	0.24307397732320551	-0.24382597986681456
chr1A_pat	22000000	22200000	0.014950115883995772	0.8034468234966093	0.2700234974533016	-0.3038928794194115
chr1A_pat	22200000	22400000	0.013879755641425613	0.648674085546181	0.26999895913453376	-0.24884824428624133
chr1A_pat	22400000	22600000	0.01368121630546926	-0.2881739459544055	0.15734676613911833	-0.35011121358646835
chr1A_pat	22600000	22800000	0.016390917637766317	0.7330185921523679	0.29167742407255626	-0.2874763598358935
chr1A_pat	22800000	23000000	0.018170947826480672	0.8052918033491977	0.21047915094365105	-0.17985786396610115
chr1A_pat	23000000	23200000	0.02027793631019797	0.8574493521716241	0.2254570883928754	-0.054765477117596974
chr1A_pat	23200000	23400000	0.017056517392618965	0.754570790497363	0.2728960547601713	-0.34060980148755404
chr1A_pat	23400000	23600000	0.015841799610441614	-0.35823746060679296	0.3331938722695154	-0.4727564267326081
chr1A_pat	23600000	23800000	0.01771864549583747	0.6129570186084248	0.3130315716435796	-0.31189682776221545
chr1A_pat	23800000	24000000	0.012407564825547439	-1.123816539111555	0.3342210403861591	-0.422792719942917
chr1A_pat	24000000	24200000	0.018092323841915996	-0.6699031187996752	0.3264709088793423	-0.37235580169663557
chr1A_pat	24200000	24400000	0.014907784504742647	0.5315433965047269	0.3080770137299748	-0.45363862757741336
chr1A_pat	24400000	24600000	0.0272169965494947	0.815717165921257	0.4064343393619004	-0.40144945561803475
chr1A_pat	24600000	24800000	0.0356651881835352	0.6389248632607376	0.23708682272243367	-0.3910711806202233
chr1A_pat	24800000	25000000	0.020691982550020114	-1.1375238109788992	0.2921568950906025	-0.2339883119548737
chr1A_pat	25000000	25200000	0.029575944530374407	-0.08643767184045122	0.3129650021852274	-0.23310144007640765
chr1A_pat	25200000	25400000	0.020992719140482147	0.8012953426860612	0.21007691044496937	-0.2611426802167274
chr1A_pat	25400000	25600000	0.024502404792707943	0.809265467514619	0.24294935326273764	-0.3844701968850807
chr1A_pat	25600000	25800000	0.0193948994988319	0.666857211429471	0.25918434960635595	-0.23042315299551358
chr1A_pat	25800000	26000000	0.01713090309662443	-0.19206395317449554	0.35168053500576085	-0.5193806734806138
chr1A_pat	26000000	26200000	0.012562246753585615	-0.5203352635239837	0.3388441786565197	-0.3787963368310849
chr1A_pat	26200000	26400000	0.019478647918830486	0.4543946924766679	0.24624883001032905	-0.25959689098228483
chr1A_pat	26400000	26600000	0.01606081693410887	0.7993211204590953	0.2611505366023133	-0.3437814029586577
chr1A_pat	26600000	26800000	0.0210484958275898	0.9004645492863684	0.27551840296503166	-0.3085270842987643
chr1A_pat	26800000	27000000	0.019439245063136126	0.8916455786926692	0.24992605759141384	-0.25313849830861807
chr1A_pat	27000000	27200000	0.016887272765744334	0.8378461586058155	0.3048900348917821	-0.31183028128497364
chr1A_pat	27200000	27400000	0.020798096131693602	-0.39617930398919365	0.36772449161980764	-0.4480674354778165
chr1A_pat	27400000	27600000	0.011880618459923267	-0.3858136673555062	0.2862361350429492	-0.36610776270200285
chr1A_pat	27600000	27800000	0.016322946230589056	0.7627885775369535	0.23238534305101113	-0.1950765353634649
chr1A_pat	27800000	28000000	0.01657686256276082	0.7951414260213723	0.2610435697090372	-0.34819274533928457
chr1A_pat	28000000	28200000	0.02075545769994666	0.7204362093194214	0.27873416179819965	-0.3767857682388263
chr1A_pat	28200000	28400000	0.017936278495413373	-0.4287501834847695	0.4158882409825631	-0.48586237371235036
chr1A_pat	28400000	28600000	0.012000257783329636	-0.9044467884890146	0.43537009194412823	-0.43896610488302573
chr1A_pat	28600000	28800000	0.019567745045147078	0.6654054163113157	0.25380635831149595	-0.3142986186727283
chr1A_pat	28800000	29000000	0.0186314608616022	-0.4835667977413322	0.3216551582335165	-0.3580294381284994
chr1A_pat	29000000	29200000	0.01760491763746905	0.5683918955328389	0.2714272669144463	-0.41474369096211267
chr1A_pat	29200000	29400000	0.017940533338107845	0.41607655516402725	0.33973311148768487	-0.42156891460810625
chr1A_pat	29400000	29600000	0.015064352876001193	-0.522970715159079	0.36071198314207165	-0.3600073604613299
chr1A_pat	29600000	29800000	0.018363004707184903	-1.291952195984734	0.5773940681753755	-0.30661557078818497
chr1A_pat	29800000	30000000	0.016112676204640478	-0.8155749175568048	0.44897610402825266	-0.32977033514775805
chr1A_pat	30000000	30200000	0.02062166625091709	0.5919641406356257	0.22288263344090242	-0.32908840087785884
chr1A_pat	30200000	30400000	0.014498906711380058	0.012498386901841779	0.3329872704373186	-0.4610959605036793
chr1A_pat	30400000	30600000	0.03990106066775874	0.7544721963310684	0.28014720812328836	-0.5180202315855383
chr1A_pat	30600000	30800000	0.028327981721919818	0.9270841022379074	0.2612111916561321	-0.45162739789125783
chr1A_pat	30800000	31000000	0.026441963251566124	0.9249487360621352	0.15845907641225632	-0.181418277135325
chr1A_pat	31000000	31200000	0.03845965753317693	0.9247843604117936	0.14537414889353095	-0.18357816401450483
chr1A_pat	31200000	31400000	0.02654421933069168	0.9495949665213479	0.15247803046877273	-0.06131734580896774
chr1A_pat	31400000	31600000	0.02457129832955613	0.6968122108047451	0.24845255019924473	-0.3918970548739056
chr1A_pat	31600000	31800000	0.01436261590362998	-0.9983739111221361	0.36365738884538173	-0.29453714933960234
chr1A_pat	31800000	32000000	0.015528512974801342	-0.6683706394991086	0.38009254725891595	-0.331534449964602
chr1A_pat	32000000	32200000	0.01508583903489871	-0.2420092184192751	0.34463936071201684	-0.3327610939775127
chr1A_pat	32200000	32400000	0.010707319666411997	-0.840370317885471	0.45591726617861583	-0.20986422774754443
chr1A_pat	32400000	32600000	0.014553730680021184	-0.6034350554265275	0.2721533182466863	-0.2834862773424104
chr1A_pat	32600000	32800000	0.01653146025464665	-0.21626509290733073	0.2803376472324246	-0.28936167723402295
chr1A_pat	32800000	33000000	0.02404737015819048	0.6640388879635418	0.23724368675486812	-0.3516366198628547
chr1A_pat	33000000	33200000	0.015936648460662256	-0.30923959916749366	0.3922226854281224	-0.4806897688656145
chr1A_pat	33200000	33400000	0.018264850746354085	0.7124011574684262	0.25316314390209466	-0.43750534928306156
chr1A_pat	33400000	33600000	0.012444048953660986	-0.14587475117878265	0.3827775063129862	-0.40288118100409903
chr1A_pat	33600000	33800000	0.019366821010447	0.251222171750333	0.29948439170600577	-0.3121800530661031
chr1A_pat	33800000	34000000	0.014646255767067492	-0.6324876121073721	0.5305920747750011	-0.3317765950549829
chr1A_pat	34000000	34200000	0.015836817466102538	-0.9706272686969091	0.6185049875476276	-0.3004497227537718
chr1A_pat	34200000	34400000	0.015041763261970756	-0.3452481414690933	0.4642023254531134	-0.2661014691469972
chr1A_pat	34400000	34600000	0.04203386465161155	-0.568516686635782	0.48456107550534877	-0.3499484540618994
chr1A_pat	34600000	34800000	0.03712057114576087	0.47348369276005586	0.25412353361627654	-0.4928024433861462
chr1A_pat	34800000	35000000	0.03211428278590038	0.67383473106824	0.27766017841504603	-0.36926383139475855
chr1A_pat	35000000	35200000	0.01525705518485003	-1.0142991198975424	0.6129994211111605	-0.41134558475538835
chr1A_pat	35200000	35400000	0.023344001233084558	0.5494268560160425	0.2739648253739959	-0.442749095505178
chr1A_pat	35400000	35600000	0.03773140616427912	0.8685938936351837	0.16265682750681235	-0.11566923005368758
chr1A_pat	35600000	35800000	0.02446290716560648	0.9484510912335337	0.23090405837723685	-0.34184893900686686
chr1A_pat	35800000	36000000	0.02784831320341755	1.0063591194948394	0.21544578829614366	-0.2469179817423977
chr1A_pat	36000000	36200000	0.01739093160215465	0.9009456223641418	0.1904062828677226	-0.34821486379444144
chr1A_pat	36200000	36400000	0.016365684507063303	0.32126261627580677	0.3222740229131566	-0.45814057476590275
chr1A_pat	36400000	36600000	0.014968462684104886	-0.48126059819831507	0.47850347330465426	-0.44645305644396654
chr1A_pat	36600000	36800000	0.017166006662828828	-1.2647937947046715	0.7290033814483619	-0.4111784774508732
chr1A_pat	36800000	37000000	0.02638294890925185	-0.5372817013137706	0.45880633991476627	-0.4479067569453115
chr1A_pat	37000000	37200000	0.019986131456506056	0.6760014800856893	0.2685336751659033	-0.5090762232549058
chr1A_pat	37200000	37400000	0.032098650935909606	0.8967243935638844	0.24968672528908423	-0.3277959227063573
chr1A_pat	37400000	37600000	0.035841236429104285	0.7165893111733208	0.28067669621575103	-0.1365686891270565
chr1A_pat	37600000	37800000	0.026587476899363013	0.8213132318326585	0.2335647806845868	-0.24151617791779478
chr1A_pat	37800000	38000000	0.0222946007697329	0.9416128606364029	0.19087255095864414	-0.3055854648051254
chr1A_pat	38000000	38200000	0.02161580885809733	0.3557913932579813	0.25107099057849575	-0.41631197877347836
chr1A_pat	38200000	38400000	0.01325742079645271	-0.7130313331415689	0.5709449126099512	-0.5364613669298642
chr1A_pat	38400000	38600000	0.021385347577164593	0.6862490293843584	0.2686156592062332	-0.2926868867904403
chr1A_pat	38600000	38800000	0.017722617218988074	0.8268898173785365	0.2394612515380506	-0.2564532750300239
chr1A_pat	38800000	39000000	0.023495161065773384	0.8994159648453478	0.2055519689021905	-0.19802593992299486
chr1A_pat	39000000	39200000	0.01854971854023271	0.6109902969220722	0.28085584149312803	-0.16391294653882485
chr1A_pat	39200000	39400000	0.01877577229680817	-0.4772281198726945	0.3720207887823857	-0.39435524793056487
chr1A_pat	39400000	39600000	0.016044346549696973	0.8069538141746471	0.189588680820394	-0.06980897704853689
chr1A_pat	39600000	39800000	0.022662907409829937	0.8821111557403657	0.22087127684180832	-0.11080780177780034
chr1A_pat	39800000	40000000	0.02642867399059579	0.8861885796427076	0.1598469819931472	-0.01996537021378143
chr1A_pat	40000000	40200000	0.02673548047453774	0.8040799400238	0.259842617679167	-0.13090157876018993
chr1A_pat	40200000	40400000	0.03008632800387337	0.6373843534777043	0.19837020867314312	-0.1007782756344629
chr1A_pat	40400000	40600000	0.020434500505460168	0.801029755495841	0.23524228268656425	-0.09114598566567916
chr1A_pat	40600000	40800000	0.025912504301152432	0.8722152991812939	0.22475832998202563	-0.07540629766857314
chr1A_pat	40800000	41000000	0.015906968720436572	0.8645052146353566	0.26600858023412227	-0.25165525885916085
chr1A_pat	41000000	41200000	0.01787214738273309	0.7790129110307372	0.18428434856251558	-0.046986263213392415
chr1A_pat	41200000	41400000	0.031619582862360836	-0.21282279413429872	0.30098585788354837	-0.17202664042986865
chr1A_pat	41400000	41600000	0.04287604811446818	0.9074008242012851	0.3346429891770106	-0.46003830471156115
chr1A_pat	41600000	41800000	0.026692120580156086	0.5384559348974186	0.24529570828673297	-0.27091354532525486
chr1A_pat	41800000	42000000	0.034779418007587645	-0.6020773974193351	0.49882683628463853	-0.45021583151967054
chr1A_pat	42000000	42200000	0.051001352727357695	0.6793803374464839	0.326585638308764	-0.3890378526587379
chr1A_pat	42200000	42400000	0.02751416099044931	0.8856140865299195	0.19133813606866373	-0.2598427777363342
chr1A_pat	42400000	42600000	0.02002038032341976	0.7154821275625748	0.19934828322839318	-0.27868738350430977
chr1A_pat	42600000	42800000	0.02021252392742897	-0.3512534212804869	0.6162480952578552	-0.2532282513007268
chr1A_pat	42800000	43000000	0.01764667535481423	-0.10738188845054382	0.3624853470485575	-0.3682969486658793
chr1A_pat	43000000	43200000	0.01859370595021193	-0.27143632942557006	0.5371139548658251	-0.49750100615858567
chr1A_pat	43200000	43400000	0.016564277998149066	-0.6308415186706473	0.609745584588857	-0.5230011094396636
chr1A_pat	43400000	43600000	0.016557886567533233	0.027214285834573776	0.3956870538990822	-0.43014267171798054
chr1A_pat	43600000	43800000	0.012867178721496932	-0.8790417535648887	0.5893363673375894	-0.3856131112039265
chr1A_pat	43800000	44000000	0.011237022303758929	-0.9397367118421495	0.7332353555163524	-0.5138016829984703
chr1A_pat	44000000	44200000	0.02155754631814903	-0.3597915143451146	0.4905053751020189	-0.35349027388271775
chr1A_pat	44200000	44400000	0.016371471117906572	-1.0925149478059406	0.7373563785507122	-0.12735721816137285
chr1A_pat	44400000	44600000	0.017408411051427514	0.01887620230236194	0.2837426317044079	-0.4122320775622574
chr1A_pat	44600000	44800000	0.023430381243562417	0.20863674182088107	0.2651543962321748	-0.3268780825446921
chr1A_pat	44800000	45000000	0.031003740465269696	0.32475962641786804	0.23185291723383494	-0.32755661141164494
chr1A_pat	45000000	45200000	0.01144958614155685	-1.0455619850274767	0.6737812453534632	-0.3946443418703483
chr1A_pat	45200000	45400000	0.018239586515215008	0.7632058493718746	0.07661084168840693	-0.30088217065645234
chr1A_pat	45400000	45600000	0.020808954447772518	0.5643369468313453	0.12248097420480866	-0.4634884161255024
chr1A_pat	45600000	45800000	0.018935133923648317	-0.05006114249744917	0.25530052395332553	-0.4753509032275656
chr1A_pat	45800000	46000000	0.01519682563301652	0.597727357065001	0.0721387682552392	-0.3862226163897234
chr1A_pat	46000000	46200000	0.016290292152117233	-0.9524691762530106	0.8376049807516104	-0.5258633466116284
chr1A_pat	46200000	46400000	0.01623266618556148	-0.8631878596540773	0.872825480924028	-0.39621836461978754
chr1A_pat	46400000	46600000	0.008928304780947615	-1.1376340073536921	0.9047372378967087	-0.17676061274913302
chr1A_pat	46600000	46800000	0.018356310590281234	-0.4682169857431571	0.4734851022001917	-0.39769275299819895
chr1A_pat	46800000	47000000	0.02531511665125275	0.44788931985106883	0.29125448265678794	-0.5462955258960044
chr1A_pat	47000000	47200000	0.01677530070060969	-0.7202653948135732	0.6192419265023182	-0.26498414855316793
chr1A_pat	47200000	47400000	0.017876533151493488	-0.7953557003857219	0.7478394350033025	-0.3715675407059626
chr1A_pat	47400000	47600000	0.014799578048057791	-1.0052783135818766	0.9082473461184809	-0.21416128807132498
chr1A_pat	47600000	47800000	0.01602624873925963	-1.052910250818106	1.1038707053449406	-0.1825173595604373
chr1A_pat	47800000	48000000	0.011939312585413309	-1.0041141474609736	1.1443955719448362	-0.16772217066661346
chr1A_pat	48000000	48200000	0.011031986033384865	-1.2137080053793359	1.303797467497044	-0.10355059230338767
chr1A_pat	48200000	48400000	0.021003349844865914	-1.2674003837013612	1.427800306967686	-0.23688192277446124
chr1A_pat	48400000	48600000	0.011944772845394226	-1.0845547907231508	1.1149528138180331	-0.19193293154101065
chr1A_pat	48600000	48800000	0.013496029708437135	-1.2067790023357765	1.257735140744815	-0.0728413533410091
chr1A_pat	48800000	49000000	0.015792899322246885	-0.5396358173046825	0.4918877862193087	-0.06725110619634944
chr1A_pat	49000000	49200000	0.018456899976622015	-0.5919116185235626	0.6865538172413864	-0.13820807206923266
chr1A_pat	49200000	49400000	0.01252501137932974	-1.0178638519515917	1.0610096316249757	0.023073964587369544
chr1A_pat	49400000	49600000	0.013172222480723455	-0.9994185336131366	1.0988488961004192	-0.19324540091852607
chr1A_pat	49600000	49800000	0.01191278166123724	-1.1060539926873267	1.243690889514814	-0.04294007793314907
chr1A_pat	49800000	50000000	0.011500251792161948	-1.1292810177938093	1.191650014392689	-0.11268709440597695
chr1A_pat	50000000	50200000	0.01684590016164241	-0.38511606967574197	0.660439931885586	-0.2770791498731952
chr1A_pat	50200000	50400000	0.0150073924464778	-0.6691635866523494	0.6219253259645124	-0.3733039398157195
chr1A_pat	50400000	50600000	0.012164518110021406	-0.9874228812351545	0.826571881209025	-0.582608214880022
chr1A_pat	50600000	50800000	0.01781692704651687	0.008136230913963056	0.3652114008202903	-0.6276790919712962
chr1A_pat	50800000	51000000	0.01291188749135109	-0.5625970284754834	0.4643034509427683	-0.7255312311340434
chr1A_pat	51000000	51200000	0.018066018485563252	0.8798720581768003	0.16877313971235305	-0.7724676962559739
chr1A_pat	51200000	51400000	0.016250224682631757	0.9302499728787413	0.06815111892090336	-0.5008489449589808
chr1A_pat	51400000	51600000	0.015698354634721905	0.9326164972693113	0.05420747586820628	-0.5905406641962909
chr1A_pat	51600000	51800000	0.015202218262525026	0.22459216421232422	0.19765764326925062	-0.35051919299195133
chr1A_pat	51800000	52000000	0.010703504976658557	-1.0098134252121682	0.5929766356927882	-0.3211813946165721
chr1A_pat	52000000	52200000	0.013400721950804242	-0.3389753547307609	0.30181327545294184	-0.2852395110342335
chr1A_pat	52200000	52400000	0.011739697134573802	-0.43686650383825854	0.4966999393958556	-0.34151934679503215
chr1A_pat	52400000	52600000	0.011612111358904937	-0.6119422292587193	0.32007022814621355	-0.2971686812651612
chr1A_pat	52600000	52800000	0.013625727148399682	-0.6839981803794651	0.5573436164818741	-0.26644418094989103
chr1A_pat	52800000	53000000	0.013198086227995495	0.10071316801896568	0.15849003648404658	-0.14877582799492212
chr1A_pat	53000000	53200000	0.015039240639100464	0.24416448804095556	0.34781234854202137	-0.38716826620099287
chr1A_pat	53200000	53400000	0.012112444757980173	-0.44268897499296095	0.49097235218259705	-0.3761109885917815
chr1A_pat	53400000	53600000	0.012898163249103114	-0.20389359884533453	0.3465430889943271	-0.11005609811584034
chr1A_pat	53600000	53800000	0.014419795170495164	0.3163210255427735	0.07816507041688041	-0.07179580661606713
chr1A_pat	53800000	54000000	0.02012319096097816	0.6595310224676255	0.08907002102091681	0.10495476862401304
chr1A_pat	54000000	54200000	0.010346186830700587	-0.7521911062936337	0.456463686212737	-0.28907660187992157
chr1A_pat	54200000	54400000	0.01145903984139992	-0.6877410425230427	0.6493924580508967	-0.18273030029684795
chr1A_pat	54400000	54600000	0.0153497290511078	-0.053150730131513634	0.3621944741380088	-0.17189409232191147
chr1A_pat	54600000	54800000	0.016739356707533227	0.11675382037469749	0.41444117602198394	-0.16440281441667848
chr1A_pat	54800000	55000000	0.014923141336046296	0.5496549408402622	0.11500981863683475	-0.01894014937898507
chr1A_pat	55000000	55200000	0.014795723878112685	0.33858808655006256	0.1844458883828994	-0.07534051461340939
chr1A_pat	55200000	55400000	0.012944191275876166	-0.4609101077778595	0.3701429777217403	-0.00854055308872092
chr1A_pat	55400000	55600000	0.008847018716339097	-1.2437390326538829	0.8917873937038785	-0.16547921063276527
chr1A_pat	55600000	55800000	0.013609076868014882	-0.49622875450160653	0.47888087405821844	0.06146710214185391
chr1A_pat	55800000	56000000	0.01120916076874204	-0.5376342388494305	0.30145662583847294	0.054658275022531115
chr1A_pat	56000000	56200000	0.013991316690211853	0.48178461955804397	0.09234160215241204	0.2906309373644778
chr1A_pat	56200000	56400000	0.012182971934316673	-0.33738196075880633	0.22132146000438183	0.03481954157345045
chr1A_pat	56400000	56600000	0.012830514740897447	-0.23162310304304068	0.2683812323717383	0.05401305484662292
chr1A_pat	56600000	56800000	0.014094692254149905	0.7596731331248904	0.0833262277934635	0.11694201495279909
chr1A_pat	56800000	57000000	0.015335684537369651	0.7948199829692051	0.11365640378206944	0.06865523411174246
chr1A_pat	57000000	57200000	0.01583495831843954	0.8316117885443096	0.03385795359498991	0.11147419247095075
chr1A_pat	57200000	57400000	0.013730782484876051	-0.5862236923670211	0.5110611227989366	-0.4263516759219603
chr1A_pat	57400000	57600000	0.017044504327564932	0.011632983072340064	0.26436416863091433	0.04580452940781725
chr1A_pat	57600000	57800000	0.012011703967394132	-1.032541810383814	0.6387603963478207	-0.22712148926665898
chr1A_pat	57800000	58000000	0.01339736845942651	-1.3772504334448992	0.8454533273415062	-0.16908617339455997
chr1A_pat	58000000	58200000	0.014317052529516509	-0.8539039335618519	0.44846439951489414	-0.03685116974740189
chr1A_pat	58200000	58400000	0.050462125250603264	-0.02628863835069814	0.20810625445460307	-0.22601637101799663
chr1A_pat	58400000	58600000	0.04610361568824972	0.870896366462742	0.029330709186578128	-0.10995165107542644
chr1A_pat	58600000	58800000				
chr1A_pat	58800000	59000000				
chr1A_pat	59000000	59200000				
chr1A_pat	59200000	59400000				
chr1A_pat	59400000	59600000				
chr1A_pat	59600000	59800000				
chr1A_pat	59800000	60000000				
chr1A_pat	60000000	60200000				
chr1A_pat	60200000	60400000				
chr1A_pat	60400000	60600000				
chr1A_pat	60600000	60800000				
chr1A_pat	60800000	61000000	0.027427696149533276	0.10166158978822779	0.24743181753529883	0.7159035927385209
chr1A_pat	61000000	61200000	0.023773287233901572	-0.4259000216981624	0.4123820103669095	0.38828227336344584
chr1A_pat	61200000	61400000	0.013610820143158252	-0.6712916646868089	0.6824885748349172	0.3065595618578496
chr1A_pat	61400000	61600000	0.016680220184968824	0.17704863795881762	0.23559574928752083	0.8387503865470224
chr1A_pat	61600000	61800000	0.015779743193749984	-0.046050680058461683	0.23466959440880963	0.7382562816226449
chr1A_pat	61800000	62000000	0.017956145695320596	0.5890548940472208	0.2095599506955797	0.8216833433797583
chr1A_pat	62000000	62200000	0.017039210681340615	0.5499847752441229	0.26274649381551934	0.7127495978953303
chr1A_pat	62200000	62400000	0.01616552802889665	0.09490323922399835	0.24628026411043016	0.7025958160947074
chr1A_pat	62400000	62600000	0.012315181791333384	-0.258755661618593	0.47057863828861063	0.5486312334050036
chr1A_pat	62600000	62800000	0.01759606337318546	0.09778059993338606	0.24583843306374994	0.865334652770988
chr1A_pat	62800000	63000000	0.012252065530376468	-0.4585600226744899	0.6566086760410065	0.5137712250525491
chr1A_pat	63000000	63200000	0.01694905281353688	0.3066949837512322	0.2088938564618258	0.9288819507666014
chr1A_pat	63200000	63400000	0.014359479537790192	-0.23611308797273947	0.3022141069089581	0.6800896866585618
chr1A_pat	63400000	63600000	0.010491140121218406	-0.9032251246022832	0.8025416753315842	0.24689177337484094
chr1A_pat	63600000	63800000	0.014049815336923488	-0.16338910968718587	0.38350939201226514	0.7663756434249553
chr1A_pat	63800000	64000000	0.012617351609750952	-0.2970487170956447	0.3895673809444757	0.665114918505249
chr1A_pat	64000000	64200000	0.012592531296341122	-0.8199201547175657	0.6169003286330685	0.1677966830469733
chr1A_pat	64200000	64400000	0.010815705167360891	-0.9265756288613588	0.6385943114395981	0.39195494397399117
chr1A_pat	64400000	64600000	0.017347930246373575	0.11793727400043998	0.3251300535303542	0.8039260490658952
chr1A_pat	64600000	64800000	0.01734503943820029	-0.15426781660600922	0.4290074652717374	0.41919639614484716
chr1A_pat	64800000	65000000	0.015835280569711816	0.05784951737001304	0.20647644928395406	0.8569570855440585
chr1A_pat	65000000	65200000	0.011411685407238591	-0.760221894230272	0.530519324253383	0.27039288876213446
chr1A_pat	65200000	65400000	0.012709344867279933	-0.650807334864798	0.6064744431109902	0.4076044907052934
chr1A_pat	65400000	65600000	0.014468605442763797	-0.9552010141527851	0.6734242102631376	0.23201382655469915
chr1A_pat	65600000	65800000	0.044182218854241014	0.18161853381588877	0.37160103073378253	0.9041262736954568
chr1A_pat	65800000	66000000	0.015606412153905846	0.4749196015496803	0.22152782578248104	0.7309368829451727
chr1A_pat	66000000	66200000	0.013907582665323052	0.5013713431710193	0.20393388987820554	0.8653407949501644
chr1A_pat	66200000	66400000	0.01160177918130232	-0.4720065866359996	0.39893997807052806	0.283266634660495
chr1A_pat	66400000	66600000	0.014416971398160547	0.2727893765073204	0.20997872295927583	0.5466701355975258
chr1A_pat	66600000	66800000	0.014052553052527285	0.5431309295004679	0.3025900937528476	0.5817535054857537
chr1A_pat	66800000	67000000	0.013196545281014783	0.6282668282032704	0.18677027637063118	0.7124560016449815
chr1A_pat	67000000	67200000	0.014181819879885866	0.6250804627737545	0.25705487664245275	0.6824289099336378
chr1A_pat	67200000	67400000	0.015461761740824614	0.6034543549147331	0.2317480622211754	0.6328584468525555
chr1A_pat	67400000	67600000	0.01601528721882096	0.2879574014827564	0.25565924348904007	0.49957666757851354
chr1A_pat	67600000	67800000	0.01424476195164901	-0.06372023137592572	0.2874203925582	0.34455724630776813
chr1A_pat	67800000	68000000	0.015135147816405384	0.5233209706815939	0.11844930032718164	0.685779136109333
chr1A_pat	68000000	68200000	0.0147443312622783	0.5843216961600729	0.14492124682541238	0.7133071884075777
chr1A_pat	68200000	68400000	0.01616165235299908	0.41767849139618946	0.27270851442304234	0.6865083934925466
chr1A_pat	68400000	68600000	0.014490328056691723	-0.5101973893515895	0.3478533205621206	0.26100346907227834
chr1A_pat	68600000	68800000	0.011405723875089636	-1.188373262177566	0.7642266444094817	0.02416859275431307
chr1A_pat	68800000	69000000	0.012398455334271136	-1.0135651820498126	0.3733764715627524	0.14937345683392836
chr1A_pat	69000000	69200000	0.015374879453975034	-0.13530925274675923	0.3537916707019561	0.6289977722721465
chr1A_pat	69200000	69400000	0.016314552339585387	0.48815959526063546	0.05128961847674671	0.8809669756339475
chr1A_pat	69400000	69600000	0.015060137952380462	-0.0010225067454440776	0.09582933030799375	0.6395202859662825
chr1A_pat	69600000	69800000	0.01217242326262448	-0.958600743222155	0.4038890541603955	0.19261804104767755
chr1A_pat	69800000	70000000	0.015351007614656393	-0.17905625213264198	0.24924899647662324	0.6978916060060084
chr1A_pat	70000000	70200000	0.01109363112793019	-1.0001832343287806	0.27193720537382765	0.09127671401992164
chr1A_pat	70200000	70400000	0.011574883145990405	-0.842425897631345	0.10596273065672455	0.29590227351752807
chr1A_pat	70400000	70600000	0.014782075703057531	-0.4827842975836824	0.11019262777085463	0.5505915199143591
chr1A_pat	70600000	70800000	0.014255482635003506	-0.21905920567702838	0.07148640249040913	0.5113563082977652
chr1A_pat	70800000	71000000	0.016085776901409367	0.5848019126253184	-0.014284561981789767	1.02878314360972
chr1A_pat	71000000	71200000	0.01589089042255991	0.24480916968710012	-0.019019007698119407	0.8141002398889756
chr1A_pat	71200000	71400000	0.016436891471135848	0.4495120871966238	0.04956629817452984	0.8854844373867006
chr1A_pat	71400000	71600000	0.01713877352030326	0.01792158521090211	0.2531142167209768	0.5508401106260893
chr1A_pat	71600000	71800000	0.012903976343401053	-0.8157242758139779	-0.03436113657049552	0.3071966821595067
chr1A_pat	71800000	72000000	0.0280142389873754	-0.8765846056174534	0.13565244738984963	0.052786258349206236
chr1A_pat	72000000	72200000				
chr1A_pat	72200000	72373967				
chr2_pat	0	200000	0.2060079727302422	0.18108737957651214	-0.3943074958106534	-0.12235160527192598
chr2_pat	200000	400000	0.02534660038716396	-0.5772614903484833	-0.5244629208374502	0.2706182990609056
chr2_pat	400000	600000	0.017995996089990023	-0.7610135722979842	-0.426202559796358	0.39321283234210425
chr2_pat	600000	800000	0.011717126563700274	-1.1083774385514837	-0.2220218562881725	0.6009420339424092
chr2_pat	800000	1000000	0.009875411763843866	-0.7916448555575495	-0.23914071530100808	0.5086443597164895
chr2_pat	1000000	1200000	0.009847043005146845	-0.7548223671056206	-0.30873314446889266	0.4151052490003363
chr2_pat	1200000	1400000	0.008302504753815644	-0.6855277624182983	-0.4314148412308151	0.3026432975495373
chr2_pat	1400000	1600000	0.009311933904306771	0.6312108447254597	-0.35463496894024416	0.26817270627462947
chr2_pat	1600000	1800000	0.007898932975050926	0.3015979958179484	-0.4610714830224437	0.2254296289135429
chr2_pat	1800000	2000000	0.010764259570747114	0.9594879315131606	-0.2954330387927552	0.10362862874951483
chr2_pat	2000000	2200000	0.012353627549376545	0.9909631699706769	-0.3611264155046634	0.2513206220777532
chr2_pat	2200000	2400000	0.013906473599197671	0.5442077217637691	-0.2644402107800454	0.2813454878819594
chr2_pat	2400000	2600000	0.009088984630658868	-0.9327376673087053	-0.5046913870344425	0.3057866883770097
chr2_pat	2600000	2800000	0.01065893929003992	-0.1313132574238245	0.2515540518585002	-0.2231987224107695
chr2_pat	2800000	3000000	0.011662258984988332	-0.2119752283730445	-0.43479032816339264	0.22926877358401387
chr2_pat	3000000	3200000	0.011442206595697814	0.6702640726101817	-0.3186638514679305	0.23651776857714504
chr2_pat	3200000	3400000	0.01140499790899714	1.0618096018336574	-0.19496211655931214	0.18101836182769976
chr2_pat	3400000	3600000	0.01158096463108778	0.9959042537568659	-0.1329680866908365	0.16895636603912953
chr2_pat	3600000	3800000	0.011957818231495198	1.0531991106630703	-0.13228377463736407	0.21553078908575568
chr2_pat	3800000	4000000	0.011245857692809981	0.8870112790533576	0.5776594408346266	-0.26999207223802285
chr2_pat	4000000	4200000	0.012998604235800468	0.9779376789485636	-0.19953437459101658	0.17223302831328124
chr2_pat	4200000	4400000	0.012120109026101097	0.1765014226856069	-0.46831648601323667	0.1767624991121725
chr2_pat	4400000	4600000	0.014539737800044361	0.6176885048862059	-0.2596194343916126	0.19890326809121453
chr2_pat	4600000	4800000	0.012871282140638885	0.22051749359981454	-0.35131566540630665	0.2514256027107434
chr2_pat	4800000	5000000	0.01104685346605399	-0.583749849142681	-0.3934627867955998	0.33821040764231874
chr2_pat	5000000	5200000	0.012392950462824386	-0.40416528835322285	-0.34061712622135604	0.23522045724494642
chr2_pat	5200000	5400000	0.010232634000704044	-0.8540947799630692	-0.32396733062521815	0.3429636505153459
chr2_pat	5400000	5600000	0.012229751197659103	0.4383248711990017	-0.21594934080767825	0.26749178191052786
chr2_pat	5600000	5800000	0.0139871315566824	0.6217159638870295	-0.2127627431244771	0.24020949198387007
chr2_pat	5800000	6000000	0.01395727849683473	-0.347762585822096	-0.36108344015937366	0.35360890224491703
chr2_pat	6000000	6200000	0.014689936464410152	0.5596179230876785	-0.20653828098007251	0.3755684574918337
chr2_pat	6200000	6400000	0.011994326606309067	-0.035889312012919235	0.3597506125651502	-0.2458185761367289
chr2_pat	6400000	6600000	0.009769105849563168	-0.7613819661749479	-0.3985346752339733	0.42011798425123564
chr2_pat	6600000	6800000	0.01054377778107408	-0.7132340285836868	-0.2834614406521771	0.4474144828749151
chr2_pat	6800000	7000000	0.010567770663013216	-1.1111714221078766	-0.385906337158875	0.4183198179743261
chr2_pat	7000000	7200000	0.01306291340369704	0.13775521464529217	-0.3565833822365661	0.34508760979452696
chr2_pat	7200000	7400000	0.014684639219086084	1.0824970563202148	-0.28898460690853145	0.2966325305060611
chr2_pat	7400000	7600000	0.015167050160860888	1.190424266187247	-0.4208023183289146	0.2991820596510196
chr2_pat	7600000	7800000	0.015076596664204262	1.0572257374642122	-0.211770323286393	0.29065519206600554
chr2_pat	7800000	8000000	0.013386869057494687	0.2147679678565548	-0.2111644566876072	0.27149129119135407
chr2_pat	8000000	8200000	0.014257555944986483	0.10608683925084933	-0.5013063481140126	0.3257452073391147
chr2_pat	8200000	8400000	0.010474462723499625	-0.7654000155121282	-0.21073308146816902	0.01355141608693759
chr2_pat	8400000	8600000	0.013488169169821828	0.4079238287123683	-0.3532117805977397	0.14914734587682205
chr2_pat	8600000	8800000	0.014203390742727185	0.740370210724552	-0.1221220173643111	0.27883948157467203
chr2_pat	8800000	9000000	0.01093241509713352	-0.692499060829694	-0.5359258338303557	0.39641234435606154
chr2_pat	9000000	9200000	0.010179533748934958	-1.0563623336490267	-0.3285810467786107	0.4387153581210449
chr2_pat	9200000	9400000	0.015672564642475382	0.6196774003089497	-0.21037748938884887	0.3092115768971193
chr2_pat	9400000	9600000	0.014626676273643656	1.0644891931731195	-0.1442851740009881	0.27416712437452595
chr2_pat	9600000	9800000	0.016364902583010765	0.760518603541254	0.13679345952893027	0.5371839961623072
chr2_pat	9800000	10000000	0.010405846748332056	0.03742139671907969	-0.10766288012306936	0.4289023104543986
chr2_pat	10000000	10200000	0.013333409298092427	0.6172311662477256	-0.012110231202975701	0.360871746661741
chr2_pat	10200000	10400000	0.013146405670658686	-0.4088583425680487	-0.3358377209031326	0.33766992890327274
chr2_pat	10400000	10600000	0.016230713412969635	0.20921694554284906	-0.17054597322372614	0.3576924511052869
chr2_pat	10600000	10800000	0.013312729794541206	-0.4632795931121131	-0.30015850038734443	0.4194139368106261
chr2_pat	10800000	11000000	0.010679187210319956	-0.4875368868436406	-0.3751285257675855	0.3992626543521603
chr2_pat	11000000	11200000	0.01618339302151421	0.8803056509614796	-0.19486657941198324	0.2783404843530215
chr2_pat	11200000	11400000	0.016079941528592167	1.0664716011091295	-0.1947487876463154	0.37086872527770953
chr2_pat	11400000	11600000	0.01610217911483362	1.0446558338625243	-0.08004513753450489	0.38561003939233107
chr2_pat	11600000	11800000	0.013597988002254511	1.0533338711892688	-0.08886521216419516	0.45516563784481545
chr2_pat	11800000	12000000	0.01357127721357812	0.056453114922014824	-0.36549549542039794	0.2695908044322045
chr2_pat	12000000	12200000	0.013357255511030534	0.42727068471131535	-0.12995764238714902	0.264900575893577
chr2_pat	12200000	12400000	0.015217471662005511	0.14950272729462452	-0.27272683048641033	0.3464807489216215
chr2_pat	12400000	12600000	0.017302717821536587	0.6942001053835408	-0.05020319456388945	0.42375376418540756
chr2_pat	12600000	12800000	0.014989355751875013	0.9040890275665552	0.04749968215993181	0.448826590477932
chr2_pat	12800000	13000000	0.014448880170543433	0.905376679274213	-0.010912836069360577	0.3294405680398328
chr2_pat	13000000	13200000	0.016256534623712827	0.9810533406239751	-0.20254359802704408	0.35747703999817754
chr2_pat	13200000	13400000	0.014638919653414717	0.5437915086021653	-0.21300451753773678	0.4158196554896919
chr2_pat	13400000	13600000	0.012055931165315005	-0.7843958445789851	-0.5012748488971757	0.2271916035933637
chr2_pat	13600000	13800000	0.013005638774913564	-0.20357656460266674	-0.4026246337496681	0.23318582985593386
chr2_pat	13800000	14000000	0.016491201888672338	0.953831235931638	-0.034273832095484756	0.21125797553640757
chr2_pat	14000000	14200000	0.018417349989455968	1.0159336361028763	-0.15471083325049792	0.3111681560099028
chr2_pat	14200000	14400000	0.01817988122164812	0.7082480453714548	-0.27561494503447426	0.32610684118364747
chr2_pat	14400000	14600000	0.015538726691021116	-0.13456926998217078	-0.17078050129723638	0.4121277512747845
chr2_pat	14600000	14800000	0.010628497880862557	-1.0444772645305427	-0.2890575563479964	0.4871406118266114
chr2_pat	14800000	15000000	0.014796316185407393	-0.1076133295369147	-0.2607018666185335	0.36469600509058886
chr2_pat	15000000	15200000	0.015919041599884495	-0.015027020476764274	-0.28897909754430856	0.3975997301412999
chr2_pat	15200000	15400000	0.015055328679494433	0.08662824545081291	-0.2005215975487707	0.3263142218399494
chr2_pat	15400000	15600000	0.01636045170885757	0.2680988997845408	-0.41654298247243815	0.3245703164038767
chr2_pat	15600000	15800000	0.014721638646584583	-0.11117428025037973	-0.4967305261615123	0.24366334046437418
chr2_pat	15800000	16000000	0.017314373459969633	0.23583826648777675	-0.42159774088505453	0.40510378035056555
chr2_pat	16000000	16200000	0.012060567343562336	-0.9098851130705607	-0.43070549460839286	0.3559604929860013
chr2_pat	16200000	16400000	0.01726159026294367	0.4133738991965624	-0.21480559725084414	0.275707646672698
chr2_pat	16400000	16600000	0.014580577233612302	-0.32824215841370785	0.33557130538216884	-0.2640858656454937
chr2_pat	16600000	16800000	0.01323832631699544	-0.7307069747970469	-0.37550048211596515	0.24068954421265626
chr2_pat	16800000	17000000	0.013656325814947246	-0.2975222450291072	-0.4071013929241406	0.29113709049479364
chr2_pat	17000000	17200000	0.01760901999710566	0.9069508219769218	-0.21800705672353565	0.18242495426141636
chr2_pat	17200000	17400000	0.014191517902478504	0.6839922239615878	0.4566435114571578	-0.36400337598243315
chr2_pat	17400000	17600000	0.013967090758375477	-0.446337396259735	-0.5734244201743043	0.2931131166444132
chr2_pat	17600000	17800000	0.016052725004929172	0.175113595284369	-0.3603316632525966	0.30367899679739285
chr2_pat	17800000	18000000	0.0170299406739467	0.9334024600838806	-0.09865563470354642	0.21993758905444377
chr2_pat	18000000	18200000	0.0140041610759461	-0.24181537726510507	-0.4622797009823361	0.22711804723695336
chr2_pat	18200000	18400000	0.01491279398491306	-0.04140106791013846	-0.31867465796565103	0.2147126332826233
chr2_pat	18400000	18600000	0.0220532199888247	0.04475359825657201	-0.48615521930404637	0.3643535780380117
chr2_pat	18600000	18800000	0.02172205089840603	-0.3468241474561656	-0.5680066946325106	0.21677234208522247
chr2_pat	18800000	19000000	0.013431832653122124	-0.9478836224620134	-0.5002352265573493	0.23265300182749293
chr2_pat	19000000	19200000	0.019773135532781146	0.9209058975094603	-0.18893793214728666	0.2452246125181194
chr2_pat	19200000	19400000	0.018214778266905218	1.165429119934191	-0.273472045162717	0.2855954762356896
chr2_pat	19400000	19600000	0.0180583661002869	0.8077994586248791	0.5005472016662581	-0.23098400296527738
chr2_pat	19600000	19800000	0.018378494378251384	0.5600259159342557	-0.18217692292031418	0.29261827051312594
chr2_pat	19800000	20000000	0.018464491973218054	0.32033197458192814	-0.2815020578653553	0.22632376252759737
chr2_pat	20000000	20200000	0.014308377723493708	-0.26035520163859616	-0.5745931205006743	0.19324234658568584
chr2_pat	20200000	20400000	0.019110006273851905	0.9439412537268266	-0.23093825457857936	0.21498350499285987
chr2_pat	20400000	20600000	0.020085799155750875	0.6572849764691455	-0.17935950170112344	0.24264288222682992
chr2_pat	20600000	20800000	0.01331120149111169	-0.8879418352154499	-0.427658477286259	0.43103442277317283
chr2_pat	20800000	21000000	0.01662524152007344	-0.5788200624839565	-0.42594049304043485	0.4002494720046615
chr2_pat	21000000	21200000	0.018855087591872977	-0.4039995009489093	-0.5316548215590079	0.12402755820659356
chr2_pat	21200000	21400000	0.013055224648940308	-1.1393362209236721	-0.26399848420186645	-0.1320255946978131
chr2_pat	21400000	21600000				
chr2_pat	21600000	21800000	8.349105465215699	-0.1761921038573703	1.457253990972745	1.6831511271097483
chr2_pat	21800000	22000000				
chr2_pat	22000000	22200000				
chr2_pat	22200000	22400000				
chr2_pat	22400000	22600000				
chr2_pat	22600000	22800000				
chr2_pat	22800000	23000000				
chr2_pat	23000000	23200000	6.904206284769266	-0.11841682066890379	1.503101651237921	1.6611184402672918
chr2_pat	23200000	23400000				
chr2_pat	23400000	23600000				
chr2_pat	23600000	23800000				
chr2_pat	23800000	24000000				
chr2_pat	24000000	24200000				
chr2_pat	24200000	24400000				
chr2_pat	24400000	24600000				
chr2_pat	24600000	24800000				
chr2_pat	24800000	25000000				
chr2_pat	25000000	25200000				
chr2_pat	25200000	25400000				
chr2_pat	25400000	25600000				
chr2_pat	25600000	25800000				
chr2_pat	25800000	26000000				
chr2_pat	26000000	26200000				
chr2_pat	26200000	26400000				
chr2_pat	26400000	26600000				
chr2_pat	26600000	26800000				
chr2_pat	26800000	27000000				
chr2_pat	27000000	27200000				
chr2_pat	27200000	27400000				
chr2_pat	27400000	27600000				
chr2_pat	27600000	27800000				
chr2_pat	27800000	28000000				
chr2_pat	28000000	28200000				
chr2_pat	28200000	28400000				
chr2_pat	28400000	28600000				
chr2_pat	28600000	28800000				
chr2_pat	28800000	29000000				
chr2_pat	29000000	29200000				
chr2_pat	29200000	29400000				
chr2_pat	29400000	29600000				
chr2_pat	29600000	29800000				
chr2_pat	29800000	30000000				
chr2_pat	30000000	30200000				
chr2_pat	30200000	30400000				
chr2_pat	30400000	30600000				
chr2_pat	30600000	30800000				
chr2_pat	30800000	31000000				
chr2_pat	31000000	31200000				
chr2_pat	31200000	31400000				
chr2_pat	31400000	31600000				
chr2_pat	31600000	31800000				
chr2_pat	31800000	32000000				
chr2_pat	32000000	32200000				
chr2_pat	32200000	32400000				
chr2_pat	32400000	32600000				
chr2_pat	32600000	32800000				
chr2_pat	32800000	33000000				
chr2_pat	33000000	33200000				
chr2_pat	33200000	33400000	5.344219593789656	-0.40490647803021934	1.5223376844266516	1.8662387037976298
chr2_pat	33400000	33600000				
chr2_pat	33600000	33800000				
chr2_pat	33800000	34000000				
chr2_pat	34000000	34200000				
chr2_pat	34200000	34400000				
chr2_pat	34400000	34600000				
chr2_pat	34600000	34800000				
chr2_pat	34800000	35000000				
chr2_pat	35000000	35200000				
chr2_pat	35200000	35400000				
chr2_pat	35400000	35600000				
chr2_pat	35600000	35800000				
chr2_pat	35800000	36000000				
chr2_pat	36000000	36200000				
chr2_pat	36200000	36400000				
chr2_pat	36400000	36600000				
chr2_pat	36600000	36800000				
chr2_pat	36800000	37000000				
chr2_pat	37000000	37200000				
chr2_pat	37200000	37400000				
chr2_pat	37400000	37600000				
chr2_pat	37600000	37800000				
chr2_pat	37800000	38000000				
chr2_pat	38000000	38200000				
chr2_pat	38200000	38400000				
chr2_pat	38400000	38600000				
chr2_pat	38600000	38800000				
chr2_pat	38800000	39000000				
chr2_pat	39000000	39200000				
chr2_pat	39200000	39400000				
chr2_pat	39400000	39600000				
chr2_pat	39600000	39800000				
chr2_pat	39800000	40000000				
chr2_pat	40000000	40200000				
chr2_pat	40200000	40400000				
chr2_pat	40400000	40600000				
chr2_pat	40600000	40800000				
chr2_pat	40800000	41000000				
chr2_pat	41000000	41200000				
chr2_pat	41200000	41400000				
chr2_pat	41400000	41600000				
chr2_pat	41600000	41800000				
chr2_pat	41800000	42000000				
chr2_pat	42000000	42200000				
chr2_pat	42200000	42400000				
chr2_pat	42400000	42600000				
chr2_pat	42600000	42800000				
chr2_pat	42800000	43000000				
chr2_pat	43000000	43200000				
chr2_pat	43200000	43400000				
chr2_pat	43400000	43600000				
chr2_pat	43600000	43800000				
chr2_pat	43800000	44000000				
chr2_pat	44000000	44200000				
chr2_pat	44200000	44400000				
chr2_pat	44400000	44600000				
chr2_pat	44600000	44800000				
chr2_pat	44800000	45000000				
chr2_pat	45000000	45200000				
chr2_pat	45200000	45400000				
chr2_pat	45400000	45600000				
chr2_pat	45600000	45800000				
chr2_pat	45800000	46000000				
chr2_pat	46000000	46200000				
chr2_pat	46200000	46400000				
chr2_pat	46400000	46600000				
chr2_pat	46600000	46800000				
chr2_pat	46800000	47000000				
chr2_pat	47000000	47200000				
chr2_pat	47200000	47400000				
chr2_pat	47400000	47600000				
chr2_pat	47600000	47800000				
chr2_pat	47800000	48000000				
chr2_pat	48000000	48200000				
chr2_pat	48200000	48400000				
chr2_pat	48400000	48600000				
chr2_pat	48600000	48800000				
chr2_pat	48800000	49000000				
chr2_pat	49000000	49200000				
chr2_pat	49200000	49400000				
chr2_pat	49400000	49600000				
chr2_pat	49600000	49800000				
chr2_pat	49800000	50000000				
chr2_pat	50000000	50200000				
chr2_pat	50200000	50400000				
chr2_pat	50400000	50600000				
chr2_pat	50600000	50800000				
chr2_pat	50800000	51000000				
chr2_pat	51000000	51200000				
chr2_pat	51200000	51400000				
chr2_pat	51400000	51600000				
chr2_pat	51600000	51800000				
chr2_pat	51800000	52000000				
chr2_pat	52000000	52200000				
chr2_pat	52200000	52400000				
chr2_pat	52400000	52600000				
chr2_pat	52600000	52800000				
chr2_pat	52800000	53000000				
chr2_pat	53000000	53200000				
chr2_pat	53200000	53400000				
chr2_pat	53400000	53600000				
chr2_pat	53600000	53800000				
chr2_pat	53800000	54000000				
chr2_pat	54000000	54200000				
chr2_pat	54200000	54400000				
chr2_pat	54400000	54600000				
chr2_pat	54600000	54800000				
chr2_pat	54800000	55000000				
chr2_pat	55000000	55200000				
chr2_pat	55200000	55400000				
chr2_pat	55400000	55600000				
chr2_pat	55600000	55800000				
chr2_pat	55800000	56000000				
chr2_pat	56000000	56200000				
chr2_pat	56200000	56400000				
chr2_pat	56400000	56600000				
chr2_pat	56600000	56800000				
chr2_pat	56800000	57000000				
chr2_pat	57000000	57200000				
chr2_pat	57200000	57400000				
chr2_pat	57400000	57600000				
chr2_pat	57600000	57800000				
chr2_pat	57800000	58000000				
chr2_pat	58000000	58200000				
chr2_pat	58200000	58400000				
chr2_pat	58400000	58600000				
chr2_pat	58600000	58800000				
chr2_pat	58800000	59000000				
chr2_pat	59000000	59200000				
chr2_pat	59200000	59400000				
chr2_pat	59400000	59600000				
chr2_pat	59600000	59800000				
chr2_pat	59800000	60000000				
chr2_pat	60000000	60200000				
chr2_pat	60200000	60400000				
chr2_pat	60400000	60600000				
chr2_pat	60600000	60800000				
chr2_pat	60800000	61000000				
chr2_pat	61000000	61200000				
chr2_pat	61200000	61400000				
chr2_pat	61400000	61600000				
chr2_pat	61600000	61800000				
chr2_pat	61800000	62000000				
chr2_pat	62000000	62200000				
chr2_pat	62200000	62400000				
chr2_pat	62400000	62600000				
chr2_pat	62600000	62800000				
chr2_pat	62800000	63000000				
chr2_pat	63000000	63200000				
chr2_pat	63200000	63400000				
chr2_pat	63400000	63600000				
chr2_pat	63600000	63800000				
chr2_pat	63800000	64000000				
chr2_pat	64000000	64200000				
chr2_pat	64200000	64400000				
chr2_pat	64400000	64600000				
chr2_pat	64600000	64800000				
chr2_pat	64800000	65000000				
chr2_pat	65000000	65200000				
chr2_pat	65200000	65400000				
chr2_pat	65400000	65600000				
chr2_pat	65600000	65800000				
chr2_pat	65800000	66000000				
chr2_pat	66000000	66200000				
chr2_pat	66200000	66400000				
chr2_pat	66400000	66600000	8.098514421700003	-0.2946695504364028	1.306306721837844	1.5060253144407028
chr2_pat	66600000	66800000				
chr2_pat	66800000	67000000				
chr2_pat	67000000	67200000				
chr2_pat	67200000	67400000				
chr2_pat	67400000	67600000				
chr2_pat	67600000	67800000				
chr2_pat	67800000	68000000				
chr2_pat	68000000	68200000				
chr2_pat	68200000	68400000				
chr2_pat	68400000	68600000				
chr2_pat	68600000	68800000				
chr2_pat	68800000	69000000				
chr2_pat	69000000	69200000				
chr2_pat	69200000	69400000				
chr2_pat	69400000	69600000				
chr2_pat	69600000	69800000				
chr2_pat	69800000	70000000				
chr2_pat	70000000	70200000				
chr2_pat	70200000	70400000				
chr2_pat	70400000	70600000				
chr2_pat	70600000	70800000				
chr2_pat	70800000	71000000				
chr2_pat	71000000	71200000				
chr2_pat	71200000	71400000				
chr2_pat	71400000	71600000				
chr2_pat	71600000	71800000				
chr2_pat	71800000	72000000				
chr2_pat	72000000	72200000				
chr2_pat	72200000	72400000				
chr2_pat	72400000	72600000				
chr2_pat	72600000	72800000				
chr2_pat	72800000	73000000				
chr2_pat	73000000	73200000				
chr2_pat	73200000	73400000				
chr2_pat	73400000	73600000				
chr2_pat	73600000	73800000				
chr2_pat	73800000	74000000				
chr2_pat	74000000	74200000				
chr2_pat	74200000	74400000				
chr2_pat	74400000	74600000				
chr2_pat	74600000	74800000				
chr2_pat	74800000	75000000				
chr2_pat	75000000	75200000				
chr2_pat	75200000	75400000				
chr2_pat	75400000	75600000				
chr2_pat	75600000	75800000				
chr2_pat	75800000	76000000				
chr2_pat	76000000	76200000				
chr2_pat	76200000	76400000				
chr2_pat	76400000	76600000				
chr2_pat	76600000	76800000				
chr2_pat	76800000	77000000				
chr2_pat	77000000	77200000				
chr2_pat	77200000	77400000				
chr2_pat	77400000	77600000				
chr2_pat	77600000	77800000				
chr2_pat	77800000	78000000				
chr2_pat	78000000	78200000				
chr2_pat	78200000	78400000				
chr2_pat	78400000	78600000				
chr2_pat	78600000	78800000				
chr2_pat	78800000	79000000				
chr2_pat	79000000	79200000				
chr2_pat	79200000	79400000				
chr2_pat	79400000	79600000				
chr2_pat	79600000	79800000				
chr2_pat	79800000	80000000				
chr2_pat	80000000	80200000				
chr2_pat	80200000	80400000				
chr2_pat	80400000	80600000				
chr2_pat	80600000	80800000				
chr2_pat	80800000	81000000				
chr2_pat	81000000	81200000				
chr2_pat	81200000	81400000				
chr2_pat	81400000	81600000				
chr2_pat	81600000	81800000				
chr2_pat	81800000	82000000				
chr2_pat	82000000	82200000				
chr2_pat	82200000	82400000				
chr2_pat	82400000	82600000				
chr2_pat	82600000	82800000				
chr2_pat	82800000	83000000				
chr2_pat	83000000	83200000				
chr2_pat	83200000	83400000				
chr2_pat	83400000	83600000				
chr2_pat	83600000	83800000				
chr2_pat	83800000	84000000				
chr2_pat	84000000	84200000				
chr2_pat	84200000	84400000				
chr2_pat	84400000	84600000				
chr2_pat	84600000	84800000				
chr2_pat	84800000	85000000				
chr2_pat	85000000	85200000				
chr2_pat	85200000	85400000				
chr2_pat	85400000	85600000				
chr2_pat	85600000	85800000				
chr2_pat	85800000	86000000				
chr2_pat	86000000	86200000				
chr2_pat	86200000	86400000				
chr2_pat	86400000	86600000				
chr2_pat	86600000	86800000				
chr2_pat	86800000	87000000				
chr2_pat	87000000	87200000				
chr2_pat	87200000	87400000				
chr2_pat	87400000	87600000				
chr2_pat	87600000	87800000				
chr2_pat	87800000	88000000				
chr2_pat	88000000	88200000				
chr2_pat	88200000	88400000				
chr2_pat	88400000	88600000				
chr2_pat	88600000	88800000				
chr2_pat	88800000	89000000				
chr2_pat	89000000	89200000				
chr2_pat	89200000	89400000				
chr2_pat	89400000	89600000				
chr2_pat	89600000	89800000				
chr2_pat	89800000	90000000				
chr2_pat	90000000	90200000				
chr2_pat	90200000	90400000				
chr2_pat	90400000	90600000				
chr2_pat	90600000	90800000				
chr2_pat	90800000	91000000				
chr2_pat	91000000	91200000				
chr2_pat	91200000	91400000				
chr2_pat	91400000	91600000				
chr2_pat	91600000	91800000				
chr2_pat	91800000	92000000				
chr2_pat	92000000	92200000				
chr2_pat	92200000	92400000				
chr2_pat	92400000	92600000				
chr2_pat	92600000	92800000				
chr2_pat	92800000	93000000				
chr2_pat	93000000	93200000				
chr2_pat	93200000	93400000				
chr2_pat	93400000	93600000				
chr2_pat	93600000	93800000				
chr2_pat	93800000	94000000				
chr2_pat	94000000	94200000				
chr2_pat	94200000	94400000				
chr2_pat	94400000	94600000				
chr2_pat	94600000	94800000				
chr2_pat	94800000	95000000				
chr2_pat	95000000	95200000				
chr2_pat	95200000	95400000				
chr2_pat	95400000	95600000				
chr2_pat	95600000	95800000				
chr2_pat	95800000	96000000				
chr2_pat	96000000	96200000				
chr2_pat	96200000	96400000				
chr2_pat	96400000	96600000				
chr2_pat	96600000	96800000				
chr2_pat	96800000	97000000				
chr2_pat	97000000	97200000				
chr2_pat	97200000	97400000				
chr2_pat	97400000	97600000				
chr2_pat	97600000	97800000				
chr2_pat	97800000	98000000				
chr2_pat	98000000	98200000				
chr2_pat	98200000	98400000				
chr2_pat	98400000	98600000				
chr2_pat	98600000	98800000				
chr2_pat	98800000	99000000				
chr2_pat	99000000	99200000				
chr2_pat	99200000	99400000				
chr2_pat	99400000	99600000				
chr2_pat	99600000	99800000				
chr2_pat	99800000	100000000				
chr2_pat	100000000	100200000				
chr2_pat	100200000	100400000				
chr2_pat	100400000	100600000				
chr2_pat	100600000	100800000				
chr2_pat	100800000	101000000				
chr2_pat	101000000	101200000				
chr2_pat	101200000	101400000				
chr2_pat	101400000	101600000				
chr2_pat	101600000	101800000				
chr2_pat	101800000	102000000				
chr2_pat	102000000	102200000				
chr2_pat	102200000	102400000				
chr2_pat	102400000	102600000				
chr2_pat	102600000	102800000				
chr2_pat	102800000	103000000				
chr2_pat	103000000	103200000				
chr2_pat	103200000	103400000				
chr2_pat	103400000	103600000				
chr2_pat	103600000	103800000				
chr2_pat	103800000	104000000				
chr2_pat	104000000	104200000				
chr2_pat	104200000	104400000				
chr2_pat	104400000	104600000				
chr2_pat	104600000	104800000				
chr2_pat	104800000	105000000				
chr2_pat	105000000	105200000				
chr2_pat	105200000	105400000				
chr2_pat	105400000	105600000				
chr2_pat	105600000	105800000				
chr2_pat	105800000	106000000				
chr2_pat	106000000	106200000				
chr2_pat	106200000	106400000				
chr2_pat	106400000	106600000				
chr2_pat	106600000	106800000				
chr2_pat	106800000	107000000				
chr2_pat	107000000	107200000				
chr2_pat	107200000	107400000				
chr2_pat	107400000	107600000				
chr2_pat	107600000	107800000				
chr2_pat	107800000	108000000				
chr2_pat	108000000	108200000				
chr2_pat	108200000	108400000				
chr2_pat	108400000	108600000				
chr2_pat	108600000	108800000				
chr2_pat	108800000	109000000				
chr2_pat	109000000	109200000				
chr2_pat	109200000	109400000				
chr2_pat	109400000	109600000				
chr2_pat	109600000	109800000				
chr2_pat	109800000	110000000				
chr2_pat	110000000	110200000				
chr2_pat	110200000	110400000				
chr2_pat	110400000	110600000				
chr2_pat	110600000	110800000				
chr2_pat	110800000	111000000				
chr2_pat	111000000	111200000				
chr2_pat	111200000	111400000				
chr2_pat	111400000	111600000				
chr2_pat	111600000	111800000				
chr2_pat	111800000	112000000				
chr2_pat	112000000	112200000				
chr2_pat	112200000	112400000				
chr2_pat	112400000	112600000				
chr2_pat	112600000	112800000				
chr2_pat	112800000	113000000				
chr2_pat	113000000	113200000				
chr2_pat	113200000	113400000				
chr2_pat	113400000	113600000				
chr2_pat	113600000	113800000				
chr2_pat	113800000	114000000				
chr2_pat	114000000	114200000				
chr2_pat	114200000	114400000				
chr2_pat	114400000	114600000				
chr2_pat	114600000	114800000				
chr2_pat	114800000	115000000				
chr2_pat	115000000	115200000				
chr2_pat	115200000	115400000				
chr2_pat	115400000	115600000				
chr2_pat	115600000	115800000				
chr2_pat	115800000	116000000				
chr2_pat	116000000	116200000				
chr2_pat	116200000	116400000				
chr2_pat	116400000	116600000				
chr2_pat	116600000	116800000				
chr2_pat	116800000	117000000				
chr2_pat	117000000	117200000				
chr2_pat	117200000	117400000				
chr2_pat	117400000	117600000				
chr2_pat	117600000	117800000				
chr2_pat	117800000	118000000				
chr2_pat	118000000	118200000				
chr2_pat	118200000	118400000				
chr2_pat	118400000	118600000				
chr2_pat	118600000	118800000				
chr2_pat	118800000	119000000				
chr2_pat	119000000	119200000				
chr2_pat	119200000	119400000				
chr2_pat	119400000	119600000				
chr2_pat	119600000	119800000				
chr2_pat	119800000	120000000				
chr2_pat	120000000	120200000				
chr2_pat	120200000	120400000				
chr2_pat	120400000	120600000				
chr2_pat	120600000	120800000				
chr2_pat	120800000	121000000				
chr2_pat	121000000	121200000				
chr2_pat	121200000	121400000				
chr2_pat	121400000	121600000				
chr2_pat	121600000	121800000				
chr2_pat	121800000	122000000				
chr2_pat	122000000	122200000				
chr2_pat	122200000	122400000				
chr2_pat	122400000	122600000				
chr2_pat	122600000	122800000				
chr2_pat	122800000	123000000				
chr2_pat	123000000	123200000				
chr2_pat	123200000	123400000				
chr2_pat	123400000	123600000				
chr2_pat	123600000	123800000				
chr2_pat	123800000	124000000				
chr2_pat	124000000	124200000				
chr2_pat	124200000	124400000				
chr2_pat	124400000	124600000				
chr2_pat	124600000	124800000				
chr2_pat	124800000	125000000				
chr2_pat	125000000	125200000				
chr2_pat	125200000	125400000				
chr2_pat	125400000	125600000				
chr2_pat	125600000	125800000				
chr2_pat	125800000	126000000				
chr2_pat	126000000	126200000				
chr2_pat	126200000	126400000				
chr2_pat	126400000	126600000				
chr2_pat	126600000	126800000				
chr2_pat	126800000	127000000				
chr2_pat	127000000	127200000				
chr2_pat	127200000	127400000				
chr2_pat	127400000	127600000				
chr2_pat	127600000	127800000				
chr2_pat	127800000	128000000				
chr2_pat	128000000	128200000				
chr2_pat	128200000	128400000				
chr2_pat	128400000	128600000				
chr2_pat	128600000	128800000				
chr2_pat	128800000	129000000				
chr2_pat	129000000	129200000				
chr2_pat	129200000	129400000				
chr2_pat	129400000	129600000				
chr2_pat	129600000	129800000				
chr2_pat	129800000	130000000				
chr2_pat	130000000	130200000				
chr2_pat	130200000	130400000				
chr2_pat	130400000	130600000				
chr2_pat	130600000	130800000				
chr2_pat	130800000	131000000				
chr2_pat	131000000	131200000				
chr2_pat	131200000	131400000				
chr2_pat	131400000	131600000				
chr2_pat	131600000	131800000				
chr2_pat	131800000	132000000				
chr2_pat	132000000	132200000				
chr2_pat	132200000	132400000				
chr2_pat	132400000	132600000				
chr2_pat	132600000	132800000				
chr2_pat	132800000	133000000				
chr2_pat	133000000	133200000				
chr2_pat	133200000	133400000				
chr2_pat	133400000	133600000				
chr2_pat	133600000	133800000				
chr2_pat	133800000	134000000				
chr2_pat	134000000	134200000				
chr2_pat	134200000	134400000				
chr2_pat	134400000	134600000				
chr2_pat	134600000	134800000				
chr2_pat	134800000	135000000				
chr2_pat	135000000	135200000				
chr2_pat	135200000	135400000				
chr2_pat	135400000	135600000				
chr2_pat	135600000	135800000				
chr2_pat	135800000	136000000				
chr2_pat	136000000	136200000				
chr2_pat	136200000	136400000				
chr2_pat	136400000	136600000				
chr2_pat	136600000	136800000				
chr2_pat	136800000	137000000				
chr2_pat	137000000	137200000				
chr2_pat	137200000	137400000				
chr2_pat	137400000	137600000				
chr2_pat	137600000	137800000				
chr2_pat	137800000	138000000				
chr2_pat	138000000	138200000				
chr2_pat	138200000	138400000				
chr2_pat	138400000	138600000				
chr2_pat	138600000	138800000				
chr2_pat	138800000	139000000				
chr2_pat	139000000	139200000				
chr2_pat	139200000	139400000				
chr2_pat	139400000	139600000				
chr2_pat	139600000	139800000				
chr2_pat	139800000	140000000				
chr2_pat	140000000	140200000				
chr2_pat	140200000	140400000				
chr2_pat	140400000	140600000				
chr2_pat	140600000	140800000				
chr2_pat	140800000	141000000				
chr2_pat	141000000	141200000				
chr2_pat	141200000	141400000				
chr2_pat	141400000	141600000				
chr2_pat	141600000	141800000				
chr2_pat	141800000	142000000				
chr2_pat	142000000	142200000				
chr2_pat	142200000	142400000				
chr2_pat	142400000	142600000				
chr2_pat	142600000	142800000				
chr2_pat	142800000	143000000				
chr2_pat	143000000	143200000				
chr2_pat	143200000	143400000				
chr2_pat	143400000	143600000				
chr2_pat	143600000	143800000				
chr2_pat	143800000	144000000				
chr2_pat	144000000	144200000				
chr2_pat	144200000	144400000				
chr2_pat	144400000	144600000				
chr2_pat	144600000	144800000				
chr2_pat	144800000	145000000				
chr2_pat	145000000	145200000				
chr2_pat	145200000	145400000				
chr2_pat	145400000	145600000				
chr2_pat	145600000	145800000				
chr2_pat	145800000	146000000				
chr2_pat	146000000	146200000				
chr2_pat	146200000	146400000				
chr2_pat	146400000	146600000				
chr2_pat	146600000	146800000				
chr2_pat	146800000	147000000				
chr2_pat	147000000	147200000				
chr2_pat	147200000	147400000				
chr2_pat	147400000	147600000				
chr2_pat	147600000	147800000				
chr2_pat	147800000	148000000				
chr2_pat	148000000	148200000				
chr2_pat	148200000	148400000				
chr2_pat	148400000	148600000				
chr2_pat	148600000	148800000				
chr2_pat	148800000	149000000				
chr2_pat	149000000	149200000	0.045543194485205274	1.012283300558397	-0.7440376385483207	-0.24972763244181978
chr2_pat	149200000	149400000	0.0251294517254755	0.9364974827225044	-0.6697988791154641	-0.17561664242295147
chr2_pat	149400000	149600000	0.02372976341786195	1.0271501548042692	-0.6306245738167324	-0.09935190787974034
chr2_pat	149600000	149800000	0.02287018933646389	1.0492541725741011	-0.387111950025059	0.14363765779268475
chr2_pat	149800000	150000000	0.020676113648179114	1.0987758362222166	-0.47995583945509435	0.05736657556274031
chr2_pat	150000000	150200000	0.016570807221262744	0.6251954826253068	-0.41099930559601017	0.29111188796380866
chr2_pat	150200000	150400000	0.014487465177302905	0.5661098637645925	-0.4887429294517647	0.292853067261916
chr2_pat	150400000	150600000	0.013324430164258497	-0.9460771993753674	-0.9845775877132109	-0.19869574250222669
chr2_pat	150600000	150800000	0.01692656315197269	-0.22388684178046048	-0.64156928385596	0.10635745334407205
chr2_pat	150800000	151000000	0.010266675753231818	-0.48208794584984616	-0.46576956979969425	0.2481120931090353
chr2_pat	151000000	151200000	0.029714096076129244	-0.3257444339475107	0.004220003631209774	0.5223038533419493
chr2_pat	151200000	151400000				
chr2_pat	151400000	151600000	0.027268281801948197	-0.7197777341007899	-0.26805993095325464	0.4742176125856013
chr2_pat	151600000	151800000	0.009194613512829745	-0.4709683511980622	0.3377860936860695	-0.0423389806321501
chr2_pat	151800000	152000000	0.013235538390210447	-0.9206079430491485	-0.35611685005076665	0.4203547153927673
chr2_pat	152000000	152200000	0.0198798041234658	-1.1448077597146706	-0.6029672339553261	0.03026079535928029
chr2_pat	152200000	152400000	0.010554828163820239	-1.2638965751661129	0.2128158833921954	-0.4293412035556288
chr2_pat	152400000	152562993	0.11915250840662081	-0.40177069689696976	-0.1642930006644561	0.9159078599739924
chr3_pat	0	200000	0.047932753289847814	-1.1097821044798308	-0.86808825629122	-0.30975661667183596
chr3_pat	200000	400000	0.014167001879899497	-1.56706073931083	-0.40911829481085527	0.1819090750287983
chr3_pat	400000	600000	0.013046145245190363	-1.155469080656484	-0.6663497895330484	-0.2260318127439891
chr3_pat	600000	800000	0.008885728642078278	-1.660034194883434	-0.663890564250011	0.08052227395686944
chr3_pat	800000	1000000	0.008975774316306116	-1.1621851293599461	-0.7289361090763286	-0.36753228322363996
chr3_pat	1000000	1200000	0.006957128948868471	0.31134025769038615	-0.4163635819227919	-0.5884891721876444
chr3_pat	1200000	1400000	0.008126959605335247	-0.3743362604458056	-0.6468236004458179	-0.35500567321972143
chr3_pat	1400000	1600000	0.0074121170070176115	0.17065385540283803	-0.5536825042094348	-0.3559932085833585
chr3_pat	1600000	1800000	0.007136563563532416	0.44941408655824405	-0.5206152379802087	-0.6651674989153628
chr3_pat	1800000	2000000	0.009758601668181644	-0.07743100444221647	-0.6881099081747736	-0.4045351110800386
chr3_pat	2000000	2200000	0.008007825554159005	-0.7988333789844181	-0.7798526694146479	-0.5198562732110412
chr3_pat	2200000	2400000	0.00975200757629507	-0.7015084244681361	-0.621382947587778	-0.5789392896848857
chr3_pat	2400000	2600000	0.009949177056877739	-0.9224830725771199	-0.5550907413419872	-0.5046192717918235
chr3_pat	2600000	2800000	0.009886961067374772	-0.9677053147282728	-0.8800356287332766	-0.7733236265063578
chr3_pat	2800000	3000000	0.010447776440605279	0.09729625590764394	-0.6080307356745709	-0.8218014417680706
chr3_pat	3000000	3200000	0.010861694005379896	0.16396299573228532	-0.5610788441010299	-0.8297662723259615
chr3_pat	3200000	3400000	0.010507946233294476	-0.250118389135102	-0.4917015614644828	-0.9345516210441996
chr3_pat	3400000	3600000	0.008493225759794507	-1.2830250123681217	-0.4719732636678079	-0.44915110290544014
chr3_pat	3600000	3800000	0.009915151630557428	-0.7934313644688897	-0.3601456826755705	-0.501087441075164
chr3_pat	3800000	4000000	0.01183162327807155	-0.47454806166937824	-0.4704776636663715	-0.6487869534640346
chr3_pat	4000000	4200000	0.009716139748498569	-0.46017363454217985	-0.5310450624076881	-0.7280770917933465
chr3_pat	4200000	4400000	0.011389141437599956	0.7107825422059061	-0.39437747992934724	-0.594723206870588
chr3_pat	4400000	4600000	0.011418223540797504	0.7838391565773248	-0.41153633151617103	-0.6705432212388989
chr3_pat	4600000	4800000	0.012359730282393032	0.9243338859731423	-0.40716414826986835	-0.5916029912623222
chr3_pat	4800000	5000000	0.012439644863968058	0.9117637683008318	-0.34009054076515016	-0.6165293160106149
chr3_pat	5000000	5200000	0.011439645539679974	0.48760425637041255	-0.3972248567912885	-0.5738370382905832
chr3_pat	5200000	5400000	0.007372176730967382	-1.3797207208162543	-0.388124460173281	-0.42058442715858785
chr3_pat	5400000	5600000	0.013828839272520767	0.20334096328754658	-0.2653771197438582	-0.37794448604743125
chr3_pat	5600000	5800000	0.013040546706249634	-0.3003549138213678	-0.2636815355131339	-0.5921999977323207
chr3_pat	5800000	6000000	0.012105760699598223	-0.5777429428432664	-0.2129969345753973	-0.4141423135062831
chr3_pat	6000000	6200000	0.011761001878973536	0.03519792193912168	-0.3208768302921235	-0.5723815628470961
chr3_pat	6200000	6400000	0.010725240802984776	-0.7766927956327415	-0.390220713915993	-0.5701526200114743
chr3_pat	6400000	6600000	0.010400460203504158	-0.6925505612859078	-0.25917105151186187	-0.45480350516738377
chr3_pat	6600000	6800000	0.012174208535014058	0.8173765648814483	-0.33652638633828613	-0.5154407839924131
chr3_pat	6800000	7000000	0.011835063050014768	0.5560168263934382	-0.41811210561110856	-0.5981041763489565
chr3_pat	7000000	7200000	0.012109693216736873	0.5294605056467103	-0.4126681638827152	-0.783185873031858
chr3_pat	7200000	7400000	0.011546531179453076	-0.22283687044306125	-0.4653880439838177	-0.7093205589955536
chr3_pat	7400000	7600000	0.009173350689094702	-1.139149077592448	-0.38580012709443384	-0.5320915796194505
chr3_pat	7600000	7800000	0.009854657159923251	-1.6640595660588209	-0.39324968425999884	-0.46141221959356266
chr3_pat	7800000	8000000	0.014607593536693341	-0.18606530327901305	-0.21615548170317037	-0.6063454087986255
chr3_pat	8000000	8200000	0.013814139531562625	0.19365951362127495	-0.3841756198083666	-0.900636206516044
chr3_pat	8200000	8400000	0.01661092065920997	0.8911362698507951	-0.2640826586636472	-0.5481274606044129
chr3_pat	8400000	8600000	0.015496484285545483	0.9603814079993871	-0.2935954817579032	-0.4170420828970502
chr3_pat	8600000	8800000	0.0137719443080882	0.9896612693947279	-0.31217841713138345	-0.5520669009018955
chr3_pat	8800000	9000000	0.017371591762332512	1.032071631310587	-0.338380747092136	-0.6627490027859995
chr3_pat	9000000	9200000	0.016430397380606997	1.0173662167100428	-0.4216192405734843	-0.5005159939151654
chr3_pat	9200000	9400000	0.015249319189285052	0.9258650593446934	-0.38360192933811077	-0.4071389245698413
chr3_pat	9400000	9600000	0.020280715772749792	0.8661211110652685	-0.37689476499118657	-0.5001493399705554
chr3_pat	9600000	9800000	0.013854508317109208	0.3763132002868332	-0.39156418926663045	-0.6874966531179224
chr3_pat	9800000	10000000	0.013977052722842165	-0.19985565850863032	-0.3089502073978094	-0.9773456361825092
chr3_pat	10000000	10200000	0.012319537256817396	-1.472766447302108	-0.18762131638716775	-0.5233516137084999
chr3_pat	10200000	10400000	0.012838673371891958	-1.452427889700262	-0.0914438383847998	-0.47792934354780703
chr3_pat	10400000	10600000				
chr3_pat	10600000	10800000				
chr3_pat	10800000	11000000				
chr3_pat	11000000	11200000				
chr3_pat	11200000	11400000				
chr3_pat	11400000	11600000				
chr3_pat	11600000	11800000				
chr3_pat	11800000	12000000				
chr3_pat	12000000	12200000				
chr3_pat	12200000	12400000				
chr3_pat	12400000	12600000				
chr3_pat	12600000	12800000				
chr3_pat	12800000	13000000				
chr3_pat	13000000	13200000				
chr3_pat	13200000	13400000				
chr3_pat	13400000	13600000				
chr3_pat	13600000	13800000				
chr3_pat	13800000	14000000				
chr3_pat	14000000	14200000				
chr3_pat	14200000	14400000				
chr3_pat	14400000	14600000				
chr3_pat	14600000	14800000				
chr3_pat	14800000	15000000				
chr3_pat	15000000	15200000				
chr3_pat	15200000	15400000				
chr3_pat	15400000	15600000				
chr3_pat	15600000	15800000	0.05844841976736599	0.5980789367271133	-0.007303020166607656	-0.8193253499147837
chr3_pat	15800000	16000000	0.011462212103651968	-0.5091846687759578	-0.050496418975174116	-0.5629954856504832
chr3_pat	16000000	16200000	0.010890265977935092	-0.8921184711673045	0.3010486320273433	-0.5910859317741488
chr3_pat	16200000	16400000	0.01347289103242867	-0.6049549563139577	0.24756053676188747	-0.5472198458278983
chr3_pat	16400000	16600000	0.018356098946043748	-0.6095712247955427	0.06902039731756705	-0.358246521398454
chr3_pat	16600000	16800000	0.014070502124129792	-0.03255924147822505	0.16809662618138907	-0.5489449095784553
chr3_pat	16800000	17000000	0.012287262804020265	-0.9439983985649512	0.3354983883559272	-0.3841216205101962
chr3_pat	17000000	17200000	0.010776264858914752	-0.9199621105286154	0.3476332998425656	-0.4096933815948152
chr3_pat	17200000	17400000	0.012893621121731568	-0.17822167671424116	0.11441684160710577	-0.4577577669437775
chr3_pat	17400000	17600000	0.014676192952405452	-0.37789287385660075	0.14964249367337376	-0.5280822135135748
chr3_pat	17600000	17800000	0.02284192014201474	0.3098185414416704	0.014990316847987241	-0.5089797700558242
chr3_pat	17800000	18000000	0.019620437536229676	0.5483138219152206	0.02947020022514941	-0.33221685664405426
chr3_pat	18000000	18200000	0.02174990896935348	0.5705593092607374	-0.023816136437735894	-0.29050668358585857
chr3_pat	18200000	18400000	0.011127502479810267	-1.2558096942550443	0.4658809350199365	-0.3956644150754415
chr3_pat	18400000	18600000	0.017542116452048263	0.19773671591726688	-0.07207137957711349	-0.5415502492848092
chr3_pat	18600000	18800000	0.02182156455511985	0.6720159116966383	0.06155040879631363	-0.48395034876603454
chr3_pat	18800000	19000000	0.016175405912460274	0.6828191686350404	0.011060934016971705	-0.40712172141649705
chr3_pat	19000000	19200000	0.024399820083912	0.7920782846393384	-0.06740528877994491	-0.42358722869753573
chr3_pat	19200000	19400000	0.019329883199606684	0.8299602977875141	-0.12353984307314561	-0.3324908911591795
chr3_pat	19400000	19600000	0.015399569975210248	0.6976767911428299	-0.05748367573357395	-0.42998266484354547
chr3_pat	19600000	19800000	0.010279862046612517	-1.1819616312822256	0.3620128159964765	-0.48267780451637204
chr3_pat	19800000	20000000	0.02013901895792731	-0.182785827913063	0.24869153624127177	-0.3739355678857616
chr3_pat	20000000	20200000	0.019235952846252468	0.8317981721541496	0.04267005487020524	-0.10430806291705981
chr3_pat	20200000	20400000	0.019096923722885753	0.9015121276730437	0.03264088980323596	-0.2597655923689092
chr3_pat	20400000	20600000	0.017986240696541003	0.8220398090631699	-0.03720737312210438	-0.1704821282785971
chr3_pat	20600000	20800000	0.01460044407250028	0.835306675088421	-0.13415970211084075	-0.15997150622758163
chr3_pat	20800000	21000000	0.017464923742453713	0.8270611658420032	-0.011122432624435812	-0.38848880184548246
chr3_pat	21000000	21200000	0.014127710717402344	0.782548993950112	-0.07257666781024212	-0.10672223122955767
chr3_pat	21200000	21400000	0.0139148118757517	0.3821861399041578	0.02479867723629321	-0.3463145336670918
chr3_pat	21400000	21600000	0.011860023820675473	-0.30081198462707104	0.23911428982511254	-0.6166945455806409
chr3_pat	21600000	21800000	0.01290416624341881	-0.8298704437491081	0.7023022064174592	-0.631980555593791
chr3_pat	21800000	22000000	0.013480737163405775	-0.1937542651753545	0.25467041423552306	-0.5558144066195305
chr3_pat	22000000	22200000	0.018390759861273028	0.6155101220723648	0.15159151086102426	-0.4368972355091702
chr3_pat	22200000	22400000	0.014537011019707878	0.6142458681373321	0.01780023125154934	-0.2632891606888328
chr3_pat	22400000	22600000	0.013676432298107256	0.42374538455465405	0.1612458655526527	-0.4535842292475515
chr3_pat	22600000	22800000	0.017298478939437107	0.7678714457331117	-0.02371324938738186	-0.14271100920224342
chr3_pat	22800000	23000000	0.02085807229152368	0.7252234706730484	0.1331621456779512	-0.3064712604403974
chr3_pat	23000000	23200000	0.024935632794340475	0.8173376565210642	0.12028401919279716	-0.32149640497721305
chr3_pat	23200000	23400000	0.02235283383061148	0.8111732966498738	0.17129304171091533	-0.24788204954995338
chr3_pat	23400000	23600000	0.017861720032648958	0.7972151338457958	0.15700130180141	-0.29804320150236346
chr3_pat	23600000	23800000	0.015152757848046004	0.8411272890117985	0.07401949936158549	-0.22421220323074098
chr3_pat	23800000	24000000	0.0314972087667422	0.8411015299377392	0.11038271556790183	-0.06145231535226652
chr3_pat	24000000	24200000	0.017224699208098604	0.9442674068439595	0.02711950985509478	-0.16992151798892532
chr3_pat	24200000	24400000	0.021182747007295125	0.8810135159145751	0.031053731248768403	-0.21524951923409422
chr3_pat	24400000	24600000	0.017982885601598646	0.8188834395469264	0.054439474794494	-0.1566236283492534
chr3_pat	24600000	24800000	0.021611062744927027	0.6750060906048483	0.1792141728946095	-0.31666471968867793
chr3_pat	24800000	25000000	0.013657367725455357	-0.357911305124296	0.3739907707816018	-0.6779526324551999
chr3_pat	25000000	25200000	0.010428209376596099	-1.2569314560337717	1.0269642161035484	-0.5664230825071273
chr3_pat	25200000	25400000	0.013583666816886629	-1.537041784062294	0.9589126293847668	-0.4534447057036136
chr3_pat	25400000	25600000	0.015745933160435814	0.16193681771939483	0.3203580635186671	-0.5446437276024435
chr3_pat	25600000	25800000	0.014071618994611797	0.7988614560507017	-0.0065034088641744885	-0.26390238762194984
chr3_pat	25800000	26000000	0.015213761428995314	0.911824246834556	-0.0210602391504949	-0.17611071252951205
chr3_pat	26000000	26200000	0.01966286590413378	0.8591205380661823	-0.023742775047826868	-0.2120607944547682
chr3_pat	26200000	26400000	0.013910749308624074	0.8561065911809724	0.018404129538774038	-0.1332335341323058
chr3_pat	26400000	26600000	0.014798783428057427	0.7756294137065706	0.10819461064233787	-0.2850400062793599
chr3_pat	26600000	26800000	0.011828921929945273	-0.6033715238947878	0.437367809132873	-0.6413402683353496
chr3_pat	26800000	27000000	0.01254735812616929	0.45807533247755783	0.22379018555284758	-0.440361388061328
chr3_pat	27000000	27200000	0.0168269582046195	0.7489753576056063	0.048518073171492114	-0.15835582171301538
chr3_pat	27200000	27400000	0.014071556625917452	0.5873493427652661	0.23119491357269956	-0.37611737237890924
chr3_pat	27400000	27600000	0.01760584370548209	0.7336012885609904	0.10608319859597053	-0.30653455967868226
chr3_pat	27600000	27800000	0.015452708472383996	0.559560178970342	0.09083010430678633	-0.2572642452303042
chr3_pat	27800000	28000000	0.0138684669704267	-1.1726661226609256	0.8035449355366984	-0.48164441924652374
chr3_pat	28000000	28200000	0.027774493542469986	0.7167691674153827	0.048376056402702074	-0.1410829783849213
chr3_pat	28200000	28400000	0.018917816223158992	0.8604765997676573	0.09738788909861598	-0.20532930612057004
chr3_pat	28400000	28600000	0.018847075194819114	0.9025639359133684	0.1046225906989572	-0.26494240000813857
chr3_pat	28600000	28800000	0.05297578666807488	0.841287962952662	0.18162644696342747	-0.1932275392663342
chr3_pat	28800000	29000000	0.02988017964049162	0.7881025918167663	0.1973054166564727	-0.03750452082007291
chr3_pat	29000000	29200000	0.014590100742617677	0.8936924050428054	0.16782016753374224	-0.254373308636034
chr3_pat	29200000	29400000	0.02310928766703565	0.8745178130153884	0.2151773479637815	-0.27582283218117554
chr3_pat	29400000	29600000	0.020044132301980176	0.919625775282279	0.0877381908771274	-0.20051816727543448
chr3_pat	29600000	29800000	0.01720834938603154	0.8022409328514191	0.12121995735247293	-0.2082502932014419
chr3_pat	29800000	30000000	0.01926495652842785	0.9099232313044062	0.23997856687371566	-0.23677044365135322
chr3_pat	30000000	30200000	0.029452962809965108	0.7078213753881714	0.2785433416127654	-0.36494699400651465
chr3_pat	30200000	30400000	0.013562911712822675	-0.6830779096279973	0.742273768265514	-0.6380118478950677
chr3_pat	30400000	30600000	0.02549389778502417	0.5407067786393951	0.19492654079463217	-0.3571436019588418
chr3_pat	30600000	30800000	0.021587113003822735	0.14707327228956488	0.41052537519515647	-0.44529649058685844
chr3_pat	30800000	31000000	0.015144459283382372	-0.48839099520752743	0.6275345852835381	-0.6733824655354417
chr3_pat	31000000	31200000	0.016921208102797156	0.05206089948650926	0.18814085393940852	-0.43484693877471153
chr3_pat	31200000	31400000	0.01907886587366741	0.6405598416785182	0.07056542785947796	-0.30145557739452894
chr3_pat	31400000	31600000	0.01685987468416698	0.8309095923448236	0.10670723499461053	-0.2779482068268751
chr3_pat	31600000	31800000	0.01961286876144787	0.6454778919654631	0.0760125631534857	-0.2840114881231017
chr3_pat	31800000	32000000	0.019864938551184083	-0.4998281908628567	0.6272781731072795	-0.576732694635305
chr3_pat	32000000	32200000	0.021747188510767613	-0.5282759910270161	0.5656731168966241	-0.47091182778739066
chr3_pat	32200000	32400000	0.016053224183280392	0.7247612438665616	0.08266941070930697	-0.27440663903698004
chr3_pat	32400000	32600000	0.016300391586118044	0.7104506601960237	0.20042711192247503	-0.17974248892727676
chr3_pat	32600000	32800000	0.013846872505847575	-1.0264337577368345	0.8001879708653781	-0.5316087152910467
chr3_pat	32800000	33000000	0.013537172763147481	-0.674492786574429	0.6168595944180854	-0.6429817158790156
chr3_pat	33000000	33200000	0.018730749436116804	0.7024015790983648	0.2251984307676377	-0.2310747003241447
chr3_pat	33200000	33400000	0.03867960336047019	0.753358568814468	-0.002314608431247066	-0.0968568480845442
chr3_pat	33400000	33600000	0.020467499166159274	0.8277484992994713	0.184239551692201	-0.21027316854268002
chr3_pat	33600000	33800000	0.0189826237888311	0.5405777912734617	0.266812790197194	-0.3953908133667778
chr3_pat	33800000	34000000	0.01930958301300047	-1.131362171155146	0.9557024006576853	-0.4895317516502095
chr3_pat	34000000	34200000	0.012598432976606169	-1.3860748087471697	1.2486067143845327	-0.5687496108280454
chr3_pat	34200000	34400000	0.0161148773395755	-0.561124263663688	0.5176663996514316	-0.5696767672584349
chr3_pat	34400000	34600000	0.016651952940419892	0.7540894479792296	0.08208161891647718	-0.392692108459446
chr3_pat	34600000	34800000	0.01817685260864074	0.8389623240429145	0.008855720882884105	-0.22360787064531454
chr3_pat	34800000	35000000	0.01884161747917012	0.7901103373634334	0.2195074005344681	-0.35347970618826235
chr3_pat	35000000	35200000	0.01532655198559658	-0.43483412992944726	0.727807083317822	-0.48893332689409597
chr3_pat	35200000	35400000	0.015038811467093783	-0.34996499659552244	0.6065700671535704	-0.5430276237589413
chr3_pat	35400000	35600000	0.009176532014193332	-1.433983451329577	1.0002263087356442	-0.17578571684910027
chr3_pat	35600000	35800000	0.01426168527607998	0.4099816423917817	0.29880554893372074	-0.28013287414416804
chr3_pat	35800000	36000000	0.011509978495248745	-0.7496161016793639	0.7555609302254678	-0.644199759762375
chr3_pat	36000000	36200000	0.023904287936209627	0.30011205181130707	0.17347902087654685	-0.3657646121562053
chr3_pat	36200000	36400000	0.01851726973024993	0.7190358049353369	0.0959524317587543	-0.3057191727313375
chr3_pat	36400000	36600000	0.014159187685932455	-0.8258857899583456	0.8931537199102957	-0.4568271131566508
chr3_pat	36600000	36800000	0.01556051978011206	-0.12670266791565923	0.5534848810639371	-0.5216126148413975
chr3_pat	36800000	37000000	0.01942584919987729	-0.23086373661048273	0.4852787576485959	-0.43847315996436526
chr3_pat	37000000	37200000	0.01106503024801017	-1.3777614299491014	1.188813858924822	-0.20072165017068855
chr3_pat	37200000	37400000	0.018003071690726555	-0.03209359640357197	0.5868464231605988	-0.5087673271911741
chr3_pat	37400000	37600000	0.02372939093912574	-0.9711522178484976	1.2384198232293244	-0.6380436344189108
chr3_pat	37600000	37800000	0.012204415068986185	-1.1715227099511845	1.2419198240639775	-0.4447991975362412
chr3_pat	37800000	38000000	0.020087618461487586	-0.7435539781252917	0.873509225619581	-0.6391597264126484
chr3_pat	38000000	38200000	0.03844816886478166	-0.2125042894357443	0.5400832346813829	-0.38808479791343287
chr3_pat	38200000	38400000	0.029227959169603194	-0.5883701437506684	0.6167768712197703	-0.5092522228456936
chr3_pat	38400000	38600000	0.02343936605024397	0.7601145946829114	0.36411890813175274	-0.3610873741961083
chr3_pat	38600000	38800000	0.027036483108189326	0.832445052714061	0.15416594243900786	-0.28537853406547875
chr3_pat	38800000	39000000	0.023297128741833737	0.8930239128353807	0.16594725013014733	-0.2706244049027736
chr3_pat	39000000	39200000	0.018320521179609195	0.9012521270872463	0.3051461659550909	-0.42084276512179025
chr3_pat	39200000	39400000	0.02083495688062647	0.9285302933560072	0.23507121423095925	-0.29751983903584367
chr3_pat	39400000	39600000	0.029049305051503074	0.691921234232077	0.4250991789428924	-0.6548527508119941
chr3_pat	39600000	39800000				
chr3_pat	39800000	40000000	0.04459241780886453	0.944152997974215	0.3426526179510729	-0.26974747274114974
chr3_pat	40000000	40200000	0.02317489224553384	0.9073425241739181	0.18830635759163405	-0.32192462711747677
chr3_pat	40200000	40400000	0.018743011438614027	0.4086441049775228	0.3303784521625185	-0.465985889696294
chr3_pat	40400000	40600000	0.018186757390203413	0.6787789911723128	0.16469979785286526	-0.3326734668052847
chr3_pat	40600000	40800000	0.011637479041903955	-1.0667176050368326	1.1062140234391291	-0.7733274283862245
chr3_pat	40800000	41000000	0.01518839335819411	-0.126115591294767	0.4048204327677918	-0.5923761943783636
chr3_pat	41000000	41200000	0.015940737397447703	0.36758348984437444	0.13496951030770088	-0.33631388999718925
chr3_pat	41200000	41400000	0.02066186005164232	0.8344583845265534	0.17425795214951392	-0.27225617510014455
chr3_pat	41400000	41600000	0.022544724270121035	0.77587318420297	0.16207719552186958	-0.31780065082950915
chr3_pat	41600000	41800000	0.019038963164334014	-0.6125427554707946	0.6948927051255727	-0.5456323341218392
chr3_pat	41800000	42000000	0.014762598362261096	-0.7055597048930494	0.7533631752134464	-0.34304004792958515
chr3_pat	42000000	42200000	0.01283577986896039	-1.2474962163381749	1.0353022163125756	-0.46640520117958584
chr3_pat	42200000	42400000	0.01642130870915597	0.5413932603644702	0.12291468556591102	-0.38281978026781927
chr3_pat	42400000	42600000	0.01848385285068333	-0.08743626539907091	0.5071998243296868	-0.6169016850105559
chr3_pat	42600000	42800000	0.02037459425791013	-1.1781818700429503	1.2752462424557098	-0.8628245447831769
chr3_pat	42800000	43000000	0.01784772060427335	0.09061097983917635	0.3665555608284627	-0.5673315447737253
chr3_pat	43000000	43200000	0.029966924629628612	0.8046848665987665	0.17154515152414107	-0.4250967991830093
chr3_pat	43200000	43400000	0.020999849436541786	0.9783160510373243	0.24347724266927073	-0.5590738109608782
chr3_pat	43400000	43600000	0.03073858319636099	0.9233902322109678	0.2255042363067168	-0.23105964165085735
chr3_pat	43600000	43800000	0.01721589777336473	0.8972419529110616	0.22478145392509374	-0.3014857465488986
chr3_pat	43800000	44000000	0.02397629413276193	0.8733641101725986	0.22716165853507644	-0.2080579195857405
chr3_pat	44000000	44200000	0.020945880277878047	0.9126280301342586	0.30065600140432186	-0.43748377089718005
chr3_pat	44200000	44400000	0.018339281563604915	-0.01698592490176144	0.4477233217321261	-0.6340413637478427
chr3_pat	44400000	44600000	0.014298451652714437	-0.5117724595343115	0.6303124217086159	-0.32061496371678855
chr3_pat	44600000	44800000	0.013134578329408205	-0.15905602250049478	0.5301927588829223	-0.627003802944094
chr3_pat	44800000	45000000	0.027395413043647027	0.5517641695383101	0.32198124223517877	-0.3210711776153818
chr3_pat	45000000	45200000	0.02606299847703964	-0.07601057520937574	0.5031711567364175	-0.512253584195163
chr3_pat	45200000	45400000	0.014488330570671037	-0.4812227952482556	0.514217038113602	-0.7254533804031984
chr3_pat	45400000	45600000	0.01756038470209422	0.09285854338829934	0.26638513127148544	-0.5767484554630089
chr3_pat	45600000	45800000	0.019550204360847766	0.3095775365673433	0.25632756502169707	-0.38470427781089056
chr3_pat	45800000	46000000	0.011199038211208505	-0.9104235919168763	0.49370703872635746	-0.2707153813705335
chr3_pat	46000000	46200000	0.01063414002619405	-1.6584196917591485	1.372326356853671	-0.06994970384142053
chr3_pat	46200000	46400000	0.014249032382270613	-1.3087435296978571	1.1098553632958492	-0.1647501639796669
chr3_pat	46400000	46600000	0.011970087702511501	-0.9570740829047053	0.8916849093422351	-0.4427267400449379
chr3_pat	46600000	46800000	0.012255741133943098	-0.6759348247385464	0.6292687707982583	-0.2041816865255254
chr3_pat	46800000	47000000	0.010997898374253438	-0.9787586165752445	0.7635344667280761	-0.3731881213674691
chr3_pat	47000000	47200000	0.011175968851289768	-1.4953836364647284	1.3329429435599678	-0.46139373269672834
chr3_pat	47200000	47400000	0.014382269178847497	-0.7141794471502657	0.7705924802043761	-0.4899822460513612
chr3_pat	47400000	47600000	0.01589762228331374	-0.1916966448331933	0.38717378258394164	-0.5937892448613996
chr3_pat	47600000	47800000	0.012582947704091185	-0.21426295388664748	0.22918222081784964	-0.5480488724527727
chr3_pat	47800000	48000000	0.017952997075181224	0.8043071068681003	0.12731845302105882	-0.38821633283892193
chr3_pat	48000000	48200000	0.028232038793978308	0.8612121428388244	0.025552534665886854	-0.17704096721591656
chr3_pat	48200000	48400000	0.020730717264507145	0.9532653412126942	0.15551953504995075	-0.3384785372357491
chr3_pat	48400000	48600000	0.0347135151981564	0.7087296495167087	0.09731045293663101	-0.19868436991924987
chr3_pat	48600000	48800000	0.025268936868237078	-0.11013640200125142	0.22184654795791262	-0.5268973858920646
chr3_pat	48800000	49000000				
chr3_pat	49000000	49200000	0.04866717925381643	0.8907913366473773	0.020346975363250586	-0.09194873325482235
chr3_pat	49200000	49400000				
chr3_pat	49400000	49600000	0.016529771745215523	-0.2615414081950365	0.38276482030227776	-0.5058115265169953
chr3_pat	49600000	49800000	0.016025014915237782	-0.9956960153917694	0.5885444066208751	-0.4746493032214472
chr3_pat	49800000	50000000	0.01688164225919162	0.5133092065142781	0.03660235224075162	-0.2576212584264393
chr3_pat	50000000	50200000	0.014049329895057132	-0.6160733501902481	0.5568560254101168	-0.4983184774135829
chr3_pat	50200000	50400000	0.015611772390572045	0.5884674019326475	0.06458230778843037	-0.1698071025707369
chr3_pat	50400000	50600000	0.013668118752249271	0.4521931035822694	0.2578773327363888	-0.4617824567463447
chr3_pat	50600000	50800000	0.012821164440341957	-0.1736224062679319	0.33724930438038797	-0.6387043948521803
chr3_pat	50800000	51000000	0.0181385998881553	0.5759090815998439	0.10594879305840281	-0.21554090896774933
chr3_pat	51000000	51200000	0.021129444155189286	0.7741115659558633	0.12226313523308754	-0.22935202981978525
chr3_pat	51200000	51400000	0.018569045670287443	0.9429511212306928	0.10213094188486509	-0.2768729857990501
chr3_pat	51400000	51600000	0.019347740845611944	0.9526063763324971	0.12781729180249402	-0.21156146599354556
chr3_pat	51600000	51800000	0.019484221095081338	0.9549572121263035	0.0717016143595506	-0.30241482088605653
chr3_pat	51800000	52000000	0.019647134202255067	0.6354589570038398	0.1700059130062999	-0.3152462215593929
chr3_pat	52000000	52200000	0.01179968670578089	-0.40049014430327207	0.4311861844043051	-0.4732388832431826
chr3_pat	52200000	52400000	0.018549458111781138	0.8463108715376403	0.04052137008886678	-0.3054916339409827
chr3_pat	52400000	52600000	0.016546156330096172	0.94008457497843	0.031969856407477314	-0.19163051070780668
chr3_pat	52600000	52800000	0.018203996487032522	0.9570171471885397	0.1596743227082158	-0.3287653627415821
chr3_pat	52800000	53000000	0.023505503254228958	0.9780595330610774	0.03902386100880335	-0.21154500778544622
chr3_pat	53000000	53200000	0.0185563161072787	0.4698039109910547	0.21569047143620457	-0.2906591903700783
chr3_pat	53200000	53400000	0.015150266164993017	-0.24380676494503406	0.39281119610769283	-0.6053251770679433
chr3_pat	53400000	53600000	0.014636891533598689	-0.5289658560358025	0.3644864782306325	-0.5581012718321174
chr3_pat	53600000	53800000	0.01437256313161661	-0.9089363491519221	0.4438553889673096	-0.49113993262396444
chr3_pat	53800000	54000000	0.03717511864280594	0.3188482136363977	0.35559990024635013	-0.4006388758270087
chr3_pat	54000000	54200000	0.01885548286361216	-0.4005139315669799	0.07314193690204096	-0.36915784362120657
chr3_pat	54200000	54400000	0.030963888679077706	0.5292707448026263	-0.0820550127559374	-0.18044839457122896
chr3_pat	54400000	54600000	0.030476018130729584	0.8498702016768362	-0.007476313328764626	-0.19963581360827545
chr3_pat	54600000	54800000	0.021448624374626694	0.6046287722720911	0.15831545434800165	-0.19691971726248617
chr3_pat	54800000	55000000	0.04425372291868502	0.790603177191536	0.15670848433625653	-0.2904253429493106
chr3_pat	55000000	55200000				
chr3_pat	55200000	55400000	0.01773492067078196	0.8041170791693395	0.010855453387378408	-0.23511122605474633
chr3_pat	55400000	55600000	0.01803647046886266	0.7072592493107348	0.028038099764405737	-0.26948302700505805
chr3_pat	55600000	55800000	0.021045700176249137	0.6352988997994479	0.030128495491526373	-0.0680260057166454
chr3_pat	55800000	56000000	0.020713833603080656	-0.3138515161551741	0.11415351729633214	-0.24638423633598666
chr3_pat	56000000	56200000	0.011356793770672228	-1.0481428051858497	0.40724177387922605	-0.21163680790263684
chr3_pat	56200000	56400000	0.018865498667644778	0.4744072980948977	0.02966095480282501	-0.21434095096606381
chr3_pat	56400000	56600000	0.01944655014985051	-0.02785171890376477	0.19986355041383388	-0.5107328273315304
chr3_pat	56600000	56800000	0.017490177059353924	0.05245297308117429	0.1013710023186612	-0.36765116117142455
chr3_pat	56800000	57000000	0.019051926498000454	0.7286324525630009	0.08815709713543225	-0.18745575163461306
chr3_pat	57000000	57200000	0.017453988004192945	-0.8418825633284466	0.23239693212802942	-0.1046224227880449
chr3_pat	57200000	57400000	0.018968363821288466	-0.4815375454858756	0.3487033257119717	-0.32267164460870645
chr3_pat	57400000	57600000	0.014900732447755456	-0.6651345618168912	0.1272999584103343	-0.10210202618959735
chr3_pat	57600000	57800000	0.015985821531881172	-0.8994506662368692	0.40278196601056016	-0.09683685930895841
chr3_pat	57800000	58000000	0.011673672983319264	-0.7789854249276167	0.10876637000675377	0.011541758901509479
chr3_pat	58000000	58200000	0.012050979564489596	-0.9881332865599605	0.421584137181488	0.0784427440024434
chr3_pat	58200000	58400000	0.010737227905425159	-1.1845930306643147	0.22824946303718227	-0.010566555624055056
chr3_pat	58400000	58600000	0.03180182538523397	-0.5146976071074034	-0.09073834499681403	-0.11130514197857169
chr3_pat	58600000	58800000	0.019084319909124486	0.05316170904728027	-0.1361830587564276	-0.23211296842757936
chr3_pat	58800000	59000000	0.017297846432153614	0.06702822753591209	-0.042979299168418944	-0.21489624600141508
chr3_pat	59000000	59200000	0.013988009514459311	-0.920488897955018	0.04467445612714085	-0.34687497758489527
chr3_pat	59200000	59400000	0.01756396845799439	0.06668501596702027	0.009798079579540084	-0.10744544028607708
chr3_pat	59400000	59600000	0.017935209349798923	0.138490489458724	-0.014450932623986907	-0.16118501992749837
chr3_pat	59600000	59800000	0.016245577322438195	-0.4460506559065191	0.16724976686521018	-0.2706908634393458
chr3_pat	59800000	60000000	0.017239824188900587	0.5244438515983354	-0.06389691410795426	-0.05275986404759
chr3_pat	60000000	60200000	0.020278458280565303	0.7303276177595667	-0.004372342043308637	-0.2174037317826642
chr3_pat	60200000	60400000	0.02234385202158321	0.3835101394339735	-0.2219180645262715	-0.02388435334534944
chr3_pat	60400000	60600000	0.017854318424501515	-1.0075659490666993	0.05642396678806393	-0.2661934458221563
chr3_pat	60600000	60800000	0.014038439197042302	-0.6899292161035817	0.031423568664776594	-0.32183845331559496
chr3_pat	60800000	61000000	0.024144464346704822	0.5404542114891321	-0.22547726300503051	-0.08422669482022388
chr3_pat	61000000	61200000	0.02914060573473087	0.47220707368189085	-0.19099430731165704	-0.06366023717291405
chr3_pat	61200000	61400000	0.0330448594622698	-0.8327989903553025	0.15876650902598075	0.10236101307703933
chr3_pat	61400000	61600000	0.018127192690717935	-0.8548472375900497	0.07968989913810975	-0.1343308577273234
chr3_pat	61600000	61800000	0.01728761706867404	-0.43058949957311854	-0.0826853828356187	-0.15825778249270986
chr3_pat	61800000	62000000	0.02140656801074756	-0.004798689620495309	0.17661461196290965	-0.1357549346193727
chr3_pat	62000000	62200000	0.01420638138356604	-0.9465807854631119	0.11930594190016232	0.005825150199345303
chr3_pat	62200000	62400000	0.012969319541698152	-0.9942200935776827	0.0861433785207376	-0.07607130705420002
chr3_pat	62400000	62600000	0.023669371605111747	-0.5738340562619045	-0.012059031020457927	-0.09256857390579522
chr3_pat	62600000	62800000	0.017187846824816406	-0.8568748677527082	-0.11372280402305635	-0.2418418582964485
chr3_pat	62800000	63000000	0.01492662573274874	-1.431599568054513	0.41621712250521115	0.14292456183772703
chr3_pat	63000000	63200000	0.020680249760793655	0.06921821921526096	-0.2748498560637464	-0.034871903140733816
chr3_pat	63200000	63400000	0.017043112119769235	-0.19789975060916318	-0.38397300317674604	-0.22081199981516159
chr3_pat	63400000	63600000	0.020956438688119503	0.8951530342615027	-0.15866331069728928	-0.08209612513164509
chr3_pat	63600000	63800000	0.025339431763483702	0.9535629675260422	-0.08911708703622921	-0.34904426033145375
chr3_pat	63800000	64000000	0.03216164555779874	0.7374982531750119	-0.20796329871928573	-0.08607802770669737
chr3_pat	64000000	64200000	0.03133736974208929	0.5267564864623054	-0.18424675379419952	-0.09173724456891068
chr3_pat	64200000	64400000	0.014151485054724614	-0.8336101256369493	-0.0887076341756554	-0.4386576264406863
chr3_pat	64400000	64600000	0.021799199326468885	0.33080930527522473	-0.2552032709862662	0.16293045528712477
chr3_pat	64600000	64800000	0.01614459996302161	-0.04500298944272518	-0.1973615506643412	-0.08708696822764099
chr3_pat	64800000	65000000	0.021517790456837334	-0.3113974600578278	0.043057037931018005	-0.09935210319514327
chr3_pat	65000000	65200000	0.013557308254784354	-0.7024730603246344	-0.33303193077402826	-0.272033307240975
chr3_pat	65200000	65400000	0.018434796094439262	0.2597366228684387	-0.32075649180207544	0.06917729968796742
chr3_pat	65400000	65600000	0.0422143272618068	-0.39308261791017884	-0.11237049156075868	0.0627924602393976
chr3_pat	65600000	65800000	0.048578481950897666	0.1945461268436821	-0.21634035243646926	0.33691520534195774
chr3_pat	65800000	66000000	0.013197886873653066	-0.7931180014765175	-0.03082992127590743	-0.21430259916573158
chr3_pat	66000000	66200000	0.01668865451293238	0.031492427301445296	-0.17119001343969006	0.10892056409622668
chr3_pat	66200000	66400000	0.0186226150975819	0.48732062632270523	-0.20222977587567026	0.14863276157534222
chr3_pat	66400000	66600000	0.012378013373956685	-0.8966727984628248	-0.12791947395760958	-0.2109708593267366
chr3_pat	66600000	66800000	0.016607367871588247	0.5158153427632056	-0.15483167042511883	0.10810577769256913
chr3_pat	66800000	67000000	0.01690446525388008	0.5369614900066052	-0.04268578941007196	-0.06775734249145646
chr3_pat	67000000	67200000	0.018122500393809672	0.20381315176987386	-0.030738397227481357	-0.005720258088997469
chr3_pat	67200000	67400000	0.022152478553882277	0.7228721922310167	-0.026979418560331432	-0.11264057585811074
chr3_pat	67400000	67600000	0.01757687688325527	0.7313264627154602	-0.23402852050049422	0.07709416893527096
chr3_pat	67600000	67800000	0.01746998795417026	0.4246222901353664	-0.27972316267035885	0.15036451431740747
chr3_pat	67800000	68000000	0.0158246078299615	-0.03358628887565611	-0.24157741683513356	0.14211979013919826
chr3_pat	68000000	68200000	0.011955098214668804	-0.8520146931543903	-0.3604434320759593	-0.11930401890127178
chr3_pat	68200000	68400000	0.01577159705647435	0.19537894798078645	-0.26723609102050605	-0.008781802540586914
chr3_pat	68400000	68600000	0.01909846056882597	0.6561258041242022	-0.30477722565375004	0.13081713135580844
chr3_pat	68600000	68800000	0.03090315843306102	0.780848625860012	-0.12304986394866532	0.181380002486725
chr3_pat	68800000	69000000	0.03645283832213137	0.8316784704914636	-0.20405668081043665	0.27249270755745253
chr3_pat	69000000	69200000	0.02474636148183123	0.8543883736690658	-0.14350164641919125	0.12756606112036503
chr3_pat	69200000	69400000	0.019683264066103004	0.8652970768601628	-0.15953955261927305	0.08316786989246629
chr3_pat	69400000	69600000	0.01958385777569911	0.8268521584860425	-0.1561756552440981	0.24080121741957405
chr3_pat	69600000	69800000	0.025942869553003702	0.8007830983137008	-0.15418062836491164	0.1946221291026465
chr3_pat	69800000	70000000	0.02523348485909569	0.4540497592029264	-0.24909014824901532	0.288623355972846
chr3_pat	70000000	70200000	0.012580024838880249	-0.6630903977541834	-0.2838903370330657	0.19055108279423136
chr3_pat	70200000	70400000	0.014277238282128808	-0.3913666546269627	-0.11678312811968923	0.13747437780977553
chr3_pat	70400000	70600000	0.012840234865138732	-0.9600877589412694	-0.18983892607341699	0.23678711248689632
chr3_pat	70600000	70800000	0.015226339685151281	-1.059422859137959	-0.16947991486007505	0.2444967951530163
chr3_pat	70800000	71000000	0.014745944719256634	-0.7894691086889131	-0.29142476101823855	0.27576548103599763
chr3_pat	71000000	71200000	0.017933295723563003	0.33213547353985157	-0.19502176410215114	0.38906167644582274
chr3_pat	71200000	71400000	0.018506256970543384	0.43003425404747714	-0.2728698499710805	0.30381335089109174
chr3_pat	71400000	71600000	0.019406506399585046	0.3066140637739467	-0.22421953568361355	0.17858662180898063
chr3_pat	71600000	71800000	0.01816320096360232	0.5481751027295945	-0.21377550314812466	0.27998623272794193
chr3_pat	71800000	72000000	0.01951338486167421	0.443870465523356	-0.28343585107239355	0.352699171131512
chr3_pat	72000000	72200000	0.01778067922760721	0.18304717758427683	-0.2925550096299136	0.26957459658884364
chr3_pat	72200000	72400000	0.01244674291691302	-0.8837750441940657	-0.24660886573561344	0.2980024239866605
chr3_pat	72400000	72600000	0.01633929274235235	-0.4750604044140439	-0.277058131368253	0.35375631275578573
chr3_pat	72600000	72800000	0.015928216993425573	-0.822943445571791	-0.37133733807699876	0.2918898243415637
chr3_pat	72800000	73000000	0.018570189539432177	0.15326667564548233	-0.28970827629839657	0.468110872876146
chr3_pat	73000000	73200000	0.013455105213753428	-0.5711368239512041	-0.36620806808751777	0.16785481433134877
chr3_pat	73200000	73400000	0.014078940985419555	-0.6624318876449189	-0.4337910177590013	0.2179552408872673
chr3_pat	73400000	73600000	0.021863321940646434	0.15863001208298344	-0.2857808486201599	0.4945875264621237
chr3_pat	73600000	73800000	0.016483988004813044	-0.17932257884401287	-0.417885530040544	0.4200933112315178
chr3_pat	73800000	74000000	0.02367172432221892	0.4102775923880064	-0.19571061915344118	0.4923852823573811
chr3_pat	74000000	74200000	0.030432844235566654	0.6663063407019124	-0.29637799500889617	0.408278333598837
chr3_pat	74200000	74400000	0.032450932395548485	0.6826458609456202	-0.08181286388201817	0.2560016698547368
chr3_pat	74400000	74600000	0.02665389412958323	0.5971676979963447	-0.38389670460494874	0.372490125277886
chr3_pat	74600000	74800000	0.03298894661614252	0.7257881195280056	-0.2808907495528906	0.2542121723153568
chr3_pat	74800000	75000000	0.02358267427161796	0.5494879944515297	-0.2530462306820864	0.4856000208346825
chr3_pat	75000000	75200000	0.024842447451349937	-0.32377605137393783	-0.4162552468512298	0.37064560122905144
chr3_pat	75200000	75400000	0.025306182827645827	0.2811686593358592	-0.2569449886377757	0.535400591301173
chr3_pat	75400000	75600000	0.020057179115438806	-0.6997702698042286	-0.4414992547775244	0.18907626549008683
chr3_pat	75600000	75800000	0.04219440495468338	0.5105675474714179	-0.20305616563275297	0.48947854264412727
chr3_pat	75800000	76000000	0.04353095569281796	0.7695982909463011	-0.09375879193838	0.5281080917544195
chr3_pat	76000000	76200000				
chr3_pat	76200000	76400000				
chr3_pat	76400000	76600000	0.042400601353593775	0.5142610257087462	-0.13382336435442285	0.6156220300338843
chr3_pat	76600000	76800000				
chr3_pat	76800000	77000000				
chr3_pat	77000000	77200000				
chr3_pat	77200000	77400000				
chr3_pat	77400000	77600000				
chr3_pat	77600000	77800000				
chr3_pat	77800000	78000000				
chr3_pat	78000000	78200000				
chr3_pat	78200000	78400000				
chr3_pat	78400000	78600000				
chr3_pat	78600000	78800000				
chr3_pat	78800000	79000000				
chr3_pat	79000000	79200000				
chr3_pat	79200000	79400000				
chr3_pat	79400000	79600000				
chr3_pat	79600000	79800000				
chr3_pat	79800000	80000000				
chr3_pat	80000000	80200000	0.04923719837064554	0.6105922668718297	-0.17955518289587977	0.15676864348689862
chr3_pat	80200000	80400000	0.04037598725837199	0.6950719253311103	0.004128939602742695	0.17207586887507786
chr3_pat	80400000	80600000				
chr3_pat	80600000	80800000	0.03885778959373665	-0.38443898377983754	0.01448218452452311	0.5312909933432879
chr3_pat	80800000	81000000	0.02818566898733009	-0.642657777053506	-0.09681132935352463	0.45328958740106046
chr3_pat	81000000	81200000	0.02825400137163213	-0.6321645969668835	-0.07639696186742738	0.3495031512135804
chr3_pat	81200000	81400000	0.03220681943178973	-0.10574813733585108	0.09398210800703087	0.6954475636445658
chr3_pat	81400000	81600000	0.019133129946368368	-0.8549301241613854	0.04052595094938666	0.5213229874674326
chr3_pat	81600000	81800000	0.021717777301597734	0.0671466985992209	0.05656504730174308	0.483628516311837
chr3_pat	81800000	82000000	0.028537480971771324	0.09541785762943027	0.23878059810771082	0.7190472698389657
chr3_pat	82000000	82200000	0.018541093993301262	-0.907581457185546	-0.05847470928245926	0.45001865151466525
chr3_pat	82200000	82400000	0.01635113541615788	-0.7335853710261521	0.11220289200335538	0.46705987669588034
chr3_pat	82400000	82600000	0.01447122238966303	-0.5611412312889728	0.06383878496629644	0.44016325965977054
chr3_pat	82600000	82800000	0.016957454463690045	0.26082048986313183	0.11046483217140467	0.3449421247452575
chr3_pat	82800000	83000000	0.021778979563385283	0.3009091176195512	0.18781924972176423	0.48193710582151866
chr3_pat	83000000	83200000	0.020560368531684556	0.01007200086823896	0.16583441855360878	0.5912688188247937
chr3_pat	83200000	83400000	0.014244817313189906	-0.7483868994945418	0.08407293615316566	0.30950413176834846
chr3_pat	83400000	83600000	0.017979281265401128	0.02444385748310113	0.07827623507705042	0.43177911108565037
chr3_pat	83600000	83800000	0.034464330115902095	0.10051201797546042	-0.016855692373075437	0.237826720092961
chr3_pat	83800000	84000000	0.016748852240235593	0.22756768723521548	0.09599534150281494	0.4500131145498935
chr3_pat	84000000	84200000	0.016383622050114368	0.4621216348326969	0.15443988022141622	0.3777422539335703
chr3_pat	84200000	84400000	0.017200723288566498	-0.42239574701126087	0.161758086769027	0.4818776465619046
chr3_pat	84400000	84600000	0.0169460982905181	-0.5748651924944708	0.13897889417979278	0.5250092009685718
chr3_pat	84600000	84800000	0.014136416450859769	-0.7860776968503635	0.06587651850511404	0.5499638921667571
chr3_pat	84800000	85000000	0.013646599318250716	-1.0433669250049864	0.038442441887662805	0.5680650349158709
chr3_pat	85000000	85200000	0.01513001687454086	-0.4637574327219886	0.08980827340206819	0.5675535969737918
chr3_pat	85200000	85400000	0.018454393655649073	0.18270740330453267	0.11944673368596749	0.3650051832395622
chr3_pat	85400000	85600000	0.014593880584275588	-0.8184194059037901	0.004730193044960323	0.25854527448041004
chr3_pat	85600000	85800000	0.012359764374277715	-0.5465599813498934	-0.08677921862197033	0.37486402507957706
chr3_pat	85800000	86000000	0.01971606531586005	0.15474183342321843	0.12410505385567572	0.389057447979994
chr3_pat	86000000	86200000	0.016612335191367674	-0.40982610968672156	0.03161643838872156	0.4207620338690122
chr3_pat	86200000	86400000	0.012641670200409317	-0.7014924339576962	-0.05066577074111157	0.4317202334335253
chr3_pat	86400000	86600000	0.013028002296919233	-0.516474851001686	0.0894158364002765	0.4177229837008944
chr3_pat	86600000	86800000	0.012571872393924205	-0.8083325324465223	0.06833645852337579	0.5961860797840852
chr3_pat	86800000	87000000	0.01253789931249634	-0.4239849935758416	-0.01070329846232669	0.43878728585010596
chr3_pat	87000000	87200000	0.008532763767341295	-0.897899298914348	-0.17285145084251138	0.44434702727832154
chr3_pat	87200000	87400000	0.012597526522594635	-0.6262050596962948	0.017721372797122922	0.48391852712498656
chr3_pat	87400000	87600000	0.014831774413795582	-0.48579962242067504	0.007044256483593635	0.31621514998263234
chr3_pat	87600000	87800000	0.012942753271736695	-0.8506115519377127	-0.025861645145256976	0.30006981903759705
chr3_pat	87800000	88000000	0.020130722756773068	-0.3859567381908376	-0.09650045990974798	0.12748364534929985
chr3_pat	88000000	88200000	0.030293691009973586	0.4576431396151066	-0.04184303087507859	0.05718167003327951
chr3_pat	88200000	88400000	0.01803994259735431	0.315742827818559	-0.027265633707990063	0.05657727820986315
chr3_pat	88400000	88600000	0.020388031267610355	-0.18639401171411196	-0.08417035292750537	-0.24805213732175257
chr3_pat	88600000	88800000	0.029326923596351768	0.5782710498446176	-0.09884857906735503	0.024928270438057183
chr3_pat	88800000	89000000	0.025670355602789074	0.40703555930167834	-0.049202587624435815	-0.02520957966670765
chr3_pat	89000000	89200000	0.02572854388063882	0.04542719343511725	-0.02543463824972244	0.1538277412455399
chr3_pat	89200000	89400000	0.022480902970651733	-0.8032857236346009	-0.07121483498052478	0.3345060564501529
chr3_pat	89400000	89600000	0.018215046574380556	-0.5683864376790827	-0.17628581210345623	0.08048703409377744
chr3_pat	89600000	89800000	0.01793241234341571	-0.9029493420333068	-0.07702504851829188	-0.0572901418776697
chr3_pat	89800000	90000000	0.01611668850041601	-0.38418255211212715	-0.17318102519192188	-0.049718162371537124
chr3_pat	90000000	90200000	0.021921275711450458	0.38147991028170875	-0.18024334470791253	-0.08453427247186239
chr3_pat	90200000	90400000	0.017564706210402164	0.15854337689985323	-0.0644827673894687	-0.07462864168902868
chr3_pat	90400000	90600000	0.012016535502685789	-0.867441453760143	-0.27822889909463694	-0.09338155304281795
chr3_pat	90600000	90800000	0.01637258927291616	0.06410452388283672	-0.22324902167515667	-0.08708871808152635
chr3_pat	90800000	91000000	0.016410420401626467	0.2592800136497002	-0.20828220891453167	-0.20362337402282107
chr3_pat	91000000	91200000	0.017101040885945988	0.42763805985547787	-0.11281002688548587	-0.1094579254754417
chr3_pat	91200000	91400000	0.015339880664067053	0.2642845328360798	-0.04761220526628921	-0.1657943992861819
chr3_pat	91400000	91600000	0.0146144087102216	-0.5898911728981372	-0.2538666432853779	-0.1573677589628271
chr3_pat	91600000	91800000	0.019198403141375768	0.41536345132621133	-0.10421143485279682	-0.3949397939345103
chr3_pat	91800000	92000000	0.013842585218207137	-0.20587814517308045	-0.08767444784699421	-0.18183763456378796
chr3_pat	92000000	92200000	0.01303839369745187	-0.5038609378733571	-0.4048262076380406	-0.2710112231268191
chr3_pat	92200000	92400000	0.009885286130914035	-0.9564646410661725	-0.42044695431038354	-0.37172047175053113
chr3_pat	92400000	92600000	0.015492232137732941	0.5508264343725316	-0.10863590537430974	-0.12117458023917249
chr3_pat	92600000	92800000	0.01759931841999134	0.8231170083777385	-0.3111579379472826	-0.5010575705078472
chr3_pat	92800000	93000000	0.021895418058722627	0.8693576107514218	-0.2164901887138705	-0.25589285415373686
chr3_pat	93000000	93200000	0.017549945756103996	0.826991315793889	-0.13189598227125282	-0.2603398721554655
chr3_pat	93200000	93400000	0.01853394944947994	0.9234940958839164	-0.17539740392827596	-0.3657022647212952
chr3_pat	93400000	93600000	0.017058391022512182	0.8376171460292229	-0.0837519201114302	-0.22548651044048518
chr3_pat	93600000	93800000	0.018694823293145493	0.812437833402959	-0.2850205693594035	-0.34105871541755
chr3_pat	93800000	94000000	0.027761749630386336	0.7452055071307851	-0.312065314710435	-0.3157631580565969
chr3_pat	94000000	94200000	0.017040847735548557	0.638694074504379	0.040905420230802125	-0.24069059621649952
chr3_pat	94200000	94400000	0.012621644032674795	-0.5966172494796227	-0.46399994689716734	-0.14114012930649114
chr3_pat	94400000	94600000	0.0113095241971966	-1.187987266835685	-0.5431331951006491	-0.1855772219462414
chr3_pat	94600000	94800000	0.013166500738508407	-0.308623230057886	-0.15105684813625186	-0.3027927124055965
chr3_pat	94800000	95000000	0.012121755765397752	-0.474341790171927	-0.3706198989339505	-0.2620475858965911
chr3_pat	95000000	95200000	0.01591204223106946	0.4470295226433222	-0.28861822645073393	-0.28903729985871063
chr3_pat	95200000	95400000	0.011581586008584121	-0.9420118190246267	-0.4425249878048345	-0.0314606205243619
chr3_pat	95400000	95600000	0.01268258741493993	-0.8142134439046763	-0.21524792744633464	-0.08026673146402284
chr3_pat	95600000	95800000	0.012402140782450928	-0.6679313074923964	-0.2716574194879056	0.1346501292736414
chr3_pat	95800000	96000000	0.0103782179494022	-1.235305499932362	-0.4363720238240367	0.2099511543899218
chr3_pat	96000000	96200000	0.01289521406507936	-1.1397806478419694	-0.5911930119778039	0.08517163153939683
chr3_pat	96200000	96400000	0.015573941248377464	-0.108007935297317	-0.06680081384985147	0.16596809526841022
chr3_pat	96400000	96600000	0.01297656605493789	-0.4072012649507762	-0.22983834965018546	-0.18832587246581525
chr3_pat	96600000	96800000	0.014912038732823032	0.008395801183001459	-0.20713565997898023	-0.3735700977135963
chr3_pat	96800000	97000000	0.0136261346903463	-0.44661985601606613	-0.30602223306384113	-0.28836162907347
chr3_pat	97000000	97200000	0.01082775970595039	-0.9313971887164993	-0.4467457646827214	0.10919192612086909
chr3_pat	97200000	97400000	0.009951618038210014	-1.1992275591495987	-0.6708797064214705	0.09849780414198851
chr3_pat	97400000	97600000	0.01121771424773713	-0.9924867892217892	-0.6835764040259232	0.06772079814362247
chr3_pat	97600000	97800000	0.009957230775370066	-1.0978362987419785	-0.7178522653330817	-0.04244219858818065
chr3_pat	97800000	98000000	0.010622471469864298	-0.9597261969627588	-0.7741422191309443	-0.1476322820631437
chr3_pat	98000000	98200000	0.010562682272558499	-0.719121828279603	-0.6188850760276394	-0.16227152306132409
chr3_pat	98200000	98400000	0.012893130889627305	0.10309770133485648	-0.26652490854857497	-0.35502557038002014
chr3_pat	98400000	98600000	0.012990701998807381	0.33987613888588414	-0.06740167080512716	-0.19745948202334326
chr3_pat	98600000	98800000	0.01554598597852331	0.5420616851196588	-0.12362761246500407	-0.15572741671962562
chr3_pat	98800000	99000000	0.01546474204638	0.7093886581268369	-0.23788304603786528	-0.5172176336914939
chr3_pat	99000000	99200000	0.011012976427342598	-0.448224177201156	-0.558417435844521	-0.3040523608518589
chr3_pat	99200000	99400000	0.011815738038211235	-0.7020840455161261	-0.6071448746386761	-0.3396898834831946
chr3_pat	99400000	99600000	0.0118689340476257	-0.09253797374349489	-0.31486306659373475	-0.22644192248667488
chr3_pat	99600000	99800000	0.010836644716106097	-0.9247458236522517	-0.6367058952408282	-0.24252137812771535
chr3_pat	99800000	100000000	0.013296561685272096	-0.2682016060298987	-0.4916028874190384	-0.2630630290562494
chr3_pat	100000000	100200000	0.015312236425243372	0.38802252024126693	-0.3888769277157287	-0.28335412499131013
chr3_pat	100200000	100400000	0.013435994300124291	0.6263117842349535	-0.2899146920743941	-0.3626996698434666
chr3_pat	100400000	100600000	0.012101643579380164	0.16490645217355218	-0.2834355047503439	-0.2275558268250379
chr3_pat	100600000	100800000	0.012319287353637146	0.0871011591784247	-0.45874402946303544	-0.37522072735473144
chr3_pat	100800000	101000000	0.012108123521805288	0.508936928924677	-0.2235425666940082	-0.20558862739236988
chr3_pat	101000000	101200000	0.013145756555394225	0.4921366866963446	0.019734924831817394	-0.24425767995351486
chr3_pat	101200000	101400000	0.014599387030632498	0.6208899811908978	-0.17777998186984964	-0.3145843812352663
chr3_pat	101400000	101600000	0.012456896140707082	-0.27330724429229786	-0.35718670453522416	-0.1336271878208845
chr3_pat	101600000	101800000	0.009165512680560492	-1.1798367759829138	-0.736543544172476	-0.1519582061934986
chr3_pat	101800000	102000000	0.012170685268406341	-0.06419096608770179	-0.3749329776847804	-0.3761872322519226
chr3_pat	102000000	102200000	0.014756815182799326	0.23227412535732858	-0.16554389681046683	-0.2610701177100971
chr3_pat	102200000	102400000	0.013956955556413665	-0.003032934369800999	-0.41446292651262406	-0.24458429496409873
chr3_pat	102400000	102600000	0.009883500753453591	-1.0931014686217215	-0.7480947151227153	-0.4159269437785978
chr3_pat	102600000	102800000	0.01008523739070494	-0.8083795314397738	-0.5332385135213553	-0.22890538438925048
chr3_pat	102800000	103000000	0.010247064551736445	-0.6971726474448184	-0.6477376876017433	-0.4424038181633476
chr3_pat	103000000	103200000	0.012474039796109235	-0.09412902160919828	-0.36799770718833397	-0.4047336462960703
chr3_pat	103200000	103400000	0.015473148113174613	0.9122661551095517	-0.22922268884021094	-0.6628531107168347
chr3_pat	103400000	103600000	0.015513311685181485	0.627945516716869	-0.08975698786276072	-0.2477938885280975
chr3_pat	103600000	103800000	0.011646215978471059	-0.15117409730545087	-0.36301337902531994	-0.4755086262507067
chr3_pat	103800000	104000000	0.012449145303903657	0.0012436690991033325	-0.5509056495379145	-0.5069840715689258
chr3_pat	104000000	104200000	0.010811887111618816	-0.45171107520705517	-0.8489703201968719	-0.648486735769047
chr3_pat	104200000	104400000	0.012533903911531342	0.7877561433550447	-0.21814358630265546	-0.17126951587193492
chr3_pat	104400000	104600000	0.014086083706503754	0.7211162405717833	-0.1656093951007068	-0.38025738311133866
chr3_pat	104600000	104800000	0.014760657090778064	0.4195557419714558	-0.3778519536916484	-0.3727891806327079
chr3_pat	104800000	105000000	0.01360250606383948	0.31629503801214937	-0.44937709214888555	-0.4527460117286776
chr3_pat	105000000	105200000	0.011815482655214999	0.2593132954817204	-0.32760966223346	-0.3556174303859056
chr3_pat	105200000	105400000	0.012481996010583533	0.3513242383572226	-0.12278496041508852	-0.31805361287851996
chr3_pat	105400000	105600000	0.01315709235614584	-0.3060079329150874	-0.7875003732063758	-0.639799588686619
chr3_pat	105600000	105800000	0.012175381475732201	0.26875692345061775	-0.3491810533753891	-0.3710136156638567
chr3_pat	105800000	106000000	0.011026014046006064	-0.4520270886882556	-0.4760586498822439	-0.3511780556690865
chr3_pat	106000000	106200000	0.009417457552799614	-1.1440716100615236	-0.566822614041915	-0.2530380768625257
chr3_pat	106200000	106400000	0.011454189508883432	-0.7478767025328773	-0.5844209743807665	-0.5329793183250023
chr3_pat	106400000	106600000	0.013642187426267115	0.19187726950199924	-0.3110216089744818	-0.4518607795265571
chr3_pat	106600000	106800000	0.012238655205201092	-0.05745557121384793	-0.3708834973638001	-0.5735860853273186
chr3_pat	106800000	107000000	0.009694638030589274	-1.2171366343708996	-0.701933536634615	-0.19701295811196418
chr3_pat	107000000	107200000	0.012199081880151475	-0.06511950841776645	-0.17190803290130618	-0.21974297064696574
chr3_pat	107200000	107400000	0.011924565320802919	-0.25305078616205523	-0.48114067362299545	-0.5080638323535909
chr3_pat	107400000	107600000	0.011809504681915196	-0.3785923148922006	-0.38607306145974957	-0.4145418521184598
chr3_pat	107600000	107800000	0.008365623708676868	-1.4766821653925748	-0.8822137057760959	-0.1970541291591117
chr3_pat	107800000	108000000	0.013685425010817084	-0.2874382631602262	-0.4264301740099114	-0.3288471639054285
chr3_pat	108000000	108200000	0.011923563185565327	-0.539284208649306	-0.6178064024751652	-0.581137728921693
chr3_pat	108200000	108400000	0.00865932017858697	-1.269513247885212	-0.9822850219784299	-0.46819608414063696
chr3_pat	108400000	108600000	0.012407892716182022	0.6420695036433571	-0.1620375946160763	-0.4329893812814868
chr3_pat	108600000	108800000	0.01200348957216581	0.9436219891633523	-0.1345181190618428	-0.5329524132450985
chr3_pat	108800000	109000000	0.012146685654552658	0.7500249114655345	-0.32748478145142124	-0.6138566411872247
chr3_pat	109000000	109200000	0.01114396979065593	0.00821123647176933	-0.3490972866262596	-0.5435009419991719
chr3_pat	109200000	109400000	0.008965546491043875	-1.1602816303123467	-0.9065584865406713	-0.47020229589278467
chr3_pat	109400000	109600000	0.010807132214368884	0.6839627847771841	-0.22795158758737807	-0.5067673812242968
chr3_pat	109600000	109800000	0.011145877833794449	0.5635020828469323	-0.29131262378973866	-0.6389493495354676
chr3_pat	109800000	110000000	0.011791098238518715	0.6325064475859443	-0.304360213021577	-0.6094560686138512
chr3_pat	110000000	110200000	0.011282380604306265	0.102163873240881	-0.08826131034067651	-0.4289769724083242
chr3_pat	110200000	110400000	0.009824416758983984	-0.6901393076808262	-0.6229718510117885	-0.7300069386846196
chr3_pat	110400000	110600000	0.013108821103260603	0.46304612738174067	-0.40989440866193283	-0.7538892844950599
chr3_pat	110600000	110800000	0.012285583006192443	0.6326072602077821	-0.23924915523900525	-0.5354175154042939
chr3_pat	110800000	111000000	0.01227506008564419	0.7880172995682156	-0.24109533623956578	-0.5763799760464545
chr3_pat	111000000	111200000	0.017084392579745783	0.43844109499579365	-0.33301811196904435	-0.610516709850191
chr3_pat	111200000	111400000	0.010398186440842538	0.027279155913112762	-0.5688823399247177	-0.8650324697434046
chr3_pat	111400000	111600000	0.011029470640658281	0.3181703350214291	-0.20684900336902443	-0.5856269287125245
chr3_pat	111600000	111800000	0.0070410665108200645	-1.5789606381928216	-1.0766533514781176	-0.5443514457384071
chr3_pat	111800000	112000000	0.01140260383448361	0.2975478655921869	-0.27407083942476473	-0.5715670942960361
chr3_pat	112000000	112200000	0.012002463030744323	0.23061248490317257	-0.3612806075653595	-0.6863569930189752
chr3_pat	112200000	112400000	0.015153531408310526	0.6659390515487221	-0.18091697627471096	-0.5784189538853264
chr3_pat	112400000	112600000	0.01291770710370254	-0.8379223948225265	-0.6896085370139279	-0.3964872355640455
chr3_pat	112600000	112800000	0.013400806429794201	0.6683511433778553	-0.1473184577545329	-0.7247622823954878
chr3_pat	112800000	113000000	0.012214202902235663	0.07896614712049639	-0.45388569059306044	-0.6921603198772668
chr3_pat	113000000	113200000	0.009246971884460612	-1.2909629273356207	-0.7930138252903871	-0.4490428114942722
chr3_pat	113200000	113400000	0.010853825900235124	-0.9489633675347314	-0.7405813743621559	-0.5947223398644699
chr3_pat	113400000	113600000	0.008904917202937923	-1.2802615636903751	-1.0331731418274712	-0.5528736406822389
chr3_pat	113600000	113800000	0.013386782260455778	-0.14720842885281116	-0.49615405291680476	-0.8154142800413392
chr3_pat	113800000	114000000	0.01204051593272038	-0.5481747454974109	-0.6906903539497118	-0.857785456752262
chr3_pat	114000000	114200000	0.009594624973854486	-1.4267628942474848	-1.1364150099110446	-0.32946371412416414
chr3_pat	114200000	114400000	0.008897535708148488	-1.4546311386557085	-0.7946990413084059	-0.16883809563104696
chr3_pat	114400000	114600000	0.012895744868794098	-0.5130292679612835	-0.5147661609524589	-0.38694858623813266
chr3_pat	114600000	114800000	0.013075558698604028	-1.6679735982572883	-1.3652828093263778	-0.3440602323420047
chr3_pat	114800000	115000000	0.0856618149419774	-1.4089672273896001	-0.7589091519414727	0.2179145255394444
chr3_pat	115000000	115134639				
chr4_pat	0	200000	0.033588266816656956	-0.66331641027732	-0.5876958346794408	-1.0788163143327292
chr4_pat	200000	400000	0.021220467701157236	-0.10298266647091488	-0.6203256782128111	-0.8287632452654843
chr4_pat	400000	600000	0.01261296433170295	-0.7161141563652812	0.038639211084186526	-0.4828614586185409
chr4_pat	600000	800000	0.009178809612954805	-1.4082795547238003	-0.24692715654780512	-0.13315519581055663
chr4_pat	800000	1000000	0.00982115917483426	-0.794970586683224	-0.1273387833945454	-0.4237155641372018
chr4_pat	1000000	1200000	0.010226646252186352	-0.4089703347942519	-0.14003133066930742	-0.4838899413863485
chr4_pat	1200000	1400000	0.008552733508088368	0.5596737944418303	-0.24232627739330467	-0.6843634522131532
chr4_pat	1400000	1600000	0.008054824798728818	0.3095411862410842	-0.16129295000190047	-0.5973623815309292
chr4_pat	1600000	1800000	0.009149193861402108	-0.4734018274270201	-0.04791487947357447	-0.46218498345850406
chr4_pat	1800000	2000000	0.007963964209937576	-1.4146041187474945	-0.6164898528528768	0.05036649495541828
chr4_pat	2000000	2200000	0.010347456539306663	-1.377225117111094	-0.33611351594542505	-0.04797710150532771
chr4_pat	2200000	2400000	0.012234153816020738	-0.04488929619290143	-0.2624874085162305	-0.6442679743332402
chr4_pat	2400000	2600000	0.01254652881577086	0.10906664156411083	-0.23780600089560133	-0.7129532262530103
chr4_pat	2600000	2800000	0.008863739588135217	-1.0213170991513763	-0.21551611038651036	-0.5842259611189391
chr4_pat	2800000	3000000	0.00779658430623289	-1.4140670289315092	-0.4608587937403142	-0.1318830556395218
chr4_pat	3000000	3200000	0.008404372711348895	-1.1670385674243877	-0.5638275484538846	-0.22916806112068752
chr4_pat	3200000	3400000	0.010685903442206603	0.815744421594201	-0.5059990225759989	-0.7612084879010538
chr4_pat	3400000	3600000	0.010743179597953186	1.0460595700532476	-0.6714000920633335	-0.6299729878918985
chr4_pat	3600000	3800000	0.011061952297703284	0.9917478126905925	-0.8169781799663329	-0.5235278135002549
chr4_pat	3800000	4000000	0.011159200355769063	0.9665361332334731	-0.6041307046663389	-0.7161789672262402
chr4_pat	4000000	4200000	0.01094215826722852	1.0057434085844568	-0.7794671722026275	-0.4874050395060592
chr4_pat	4200000	4400000	0.010177884769158232	0.9170438040140174	-0.6655038714025272	-0.7152046227140585
chr4_pat	4400000	4600000	0.01076198712254359	0.9362746310582777	-0.5914617169084089	-0.6693011514463676
chr4_pat	4600000	4800000	0.01047312255136482	1.0706395579869386	-0.6968514909496083	-0.5445666421508545
chr4_pat	4800000	5000000	0.010888213181250815	1.0061892424297367	-0.7688749213898606	-0.6385491805734718
chr4_pat	5000000	5200000	0.011345966866062396	0.947472768312711	-0.752066599443741	-0.6720565008688636
chr4_pat	5200000	5400000	0.010464155317773232	-0.5476529350985866	-0.34658868528675174	-0.49149887162748346
chr4_pat	5400000	5600000	0.01125542607197116	-0.8281125764166413	-0.3562687649577391	-0.6756922629721289
chr4_pat	5600000	5800000	0.00916677087134391	-1.243970441281	-0.5571041244314073	-0.11309222810208819
chr4_pat	5800000	6000000	0.00752649164770601	-1.326081825112063	-0.48794148131949183	-0.14649334502907926
chr4_pat	6000000	6200000	0.013842958954229845	0.2463773753827092	-0.2562234908089058	-0.5442170400691044
chr4_pat	6200000	6400000	0.014231344153114766	0.6712139050119759	-0.37678388031503346	-0.7074105569674412
chr4_pat	6400000	6600000	0.014649470911123091	0.45239172072574124	-0.13807679435173256	-0.5808041765010208
chr4_pat	6600000	6800000	0.00987222532961903	-1.0663307085901808	-0.15249266728301278	-0.04697048599012222
chr4_pat	6800000	7000000	0.008999414231457944	-1.3652736129795926	-0.24689084702819453	0.17616108164901462
chr4_pat	7000000	7200000	0.012088085349376092	-0.1604679079208473	0.035516199365152386	-0.36433039966850866
chr4_pat	7200000	7400000	0.011223812194085482	-0.7644021713007336	-0.051203590201749194	-0.2620921747402158
chr4_pat	7400000	7600000	0.008159354885511018	-1.3005971694020086	-0.11077542988778522	0.21523535940493083
chr4_pat	7600000	7800000	0.012508952691884307	-0.010948784840619815	0.2775671543015492	-0.41474124062554163
chr4_pat	7800000	8000000	0.01347967703447804	0.2303693762841312	0.2656614484045936	-0.35924201124296984
chr4_pat	8000000	8200000	0.01059485909775148	-0.8422945324312714	0.003756193100697332	-0.16854930990368908
chr4_pat	8200000	8400000	0.00950449021918376	-0.7375370778551122	-0.007337987633906805	-0.4278307557814368
chr4_pat	8400000	8600000	0.011417156601552132	-0.10547840561725542	0.08815739310969085	-0.6321452448123254
chr4_pat	8600000	8800000	0.010724651650538286	-0.6943044026573141	0.028363389636867384	-0.3439046609198217
chr4_pat	8800000	9000000	0.008560017478470815	-0.9963293648996595	-0.004156341487378081	0.08932041847142459
chr4_pat	9000000	9200000	0.009452358768012903	-0.8489780866959158	-0.026256135440933543	-0.029219860184165614
chr4_pat	9200000	9400000	0.00828151384314357	-1.1582216108264431	-0.023640535477770175	-0.10379820164228064
chr4_pat	9400000	9600000	0.011794827348269227	0.18107385844049595	-0.02920599089440928	-0.7050220208368103
chr4_pat	9600000	9800000	0.011255764742640865	0.27156530829733205	-0.24781475676760073	-0.6603406796707854
chr4_pat	9800000	10000000	0.011079914587115878	0.9356294566093745	-0.3042741822206071	-0.41307953086140076
chr4_pat	10000000	10200000	0.01245483371499417	0.9168397654472475	-0.24481451158893366	-0.542826422446793
chr4_pat	10200000	10400000	0.012273249251907759	0.9193444373727566	-0.28365692702879153	-0.2934367858900314
chr4_pat	10400000	10600000	0.011918982019947321	0.41242954947791133	-0.31193261243070697	-0.5214681892150629
chr4_pat	10600000	10800000	0.011222906815793205	0.44060824753325845	-0.20816350703275519	-0.3871849749659251
chr4_pat	10800000	11000000	0.012206660963383253	0.787412983412136	-0.09774972769025507	-0.3234882314246724
chr4_pat	11000000	11200000	0.012276078688470879	0.9869124056298113	-0.25573251693765464	-0.297471683328707
chr4_pat	11200000	11400000	0.012235320255428051	0.8881122219221207	-0.17874020479105548	-0.517245226956723
chr4_pat	11400000	11600000	0.012390333310254095	0.46516544256314274	-0.07519202974984092	-0.4947321797927708
chr4_pat	11600000	11800000	0.008547799738839481	-1.1923293604381469	-0.03536014253494249	0.051621389288963516
chr4_pat	11800000	12000000	0.010830218730872268	-0.57388610004651	0.04489652547858248	-0.25680593424804404
chr4_pat	12000000	12200000	0.008849483558153274	-0.962097063657911	-0.030280877265981016	0.09945979683473714
chr4_pat	12200000	12400000	0.009928745973428113	-0.5986516989254648	0.01058119793291	-0.0033863691648584014
chr4_pat	12400000	12600000	0.011925717505788512	0.5466890208458299	0.06547659895544915	-0.34952693547044084
chr4_pat	12600000	12800000	0.012171352062095804	0.33995014616194	-0.06944814956925381	-0.42653441867345204
chr4_pat	12800000	13000000	0.01211521191440426	-0.1762670413688399	-0.0453285315382175	-0.36948412355571686
chr4_pat	13000000	13200000	0.01178620497136072	-0.2715931640903322	-0.027266445285474308	-0.4734465178199496
chr4_pat	13200000	13400000	0.011122512781457703	-0.2359611835549371	0.09237539518288469	-0.5197166213278922
chr4_pat	13400000	13600000	0.013141704879284484	0.6963278375986782	0.03170300461576608	-0.33558612741605937
chr4_pat	13600000	13800000	0.01275805831721193	0.8424982495567112	0.08373578069252269	-0.25387148687235367
chr4_pat	13800000	14000000	0.013537941662516317	0.9186446093452902	0.06819159497362635	-0.21553507065851826
chr4_pat	14000000	14200000	0.014214772778114405	0.48489551939008885	0.17746491657661248	-0.5299654890179851
chr4_pat	14200000	14400000	0.011880545403782115	-0.3652410827377012	-0.08282504856452144	-0.5055525893989797
chr4_pat	14400000	14600000	0.013538512892081363	0.8237563915301421	0.021149059955637792	-0.24994957309714852
chr4_pat	14600000	14800000	0.013959830951382238	0.0036990411026099393	0.15244953213029433	-0.4726985411521276
chr4_pat	14800000	15000000	0.01059079128057412	-0.7114423818111673	-0.0356521616311381	-0.21010711514240568
chr4_pat	15000000	15200000	0.011630150606411727	-0.25721635921825653	0.11689465067483522	-0.21954715926266566
chr4_pat	15200000	15400000	0.012107060119970562	-0.18465588471495045	0.15367112122706714	-0.31831057648105593
chr4_pat	15400000	15600000	0.016113195548359653	0.5541065627432238	0.115148943428193	-0.23414752805514244
chr4_pat	15600000	15800000	0.01191322051372664	-0.4079200251655633	0.040126375226376805	-0.3178554205690449
chr4_pat	15800000	16000000	0.014410896067838625	0.15284356895227788	0.2706052017441615	-0.40599622584950784
chr4_pat	16000000	16200000	0.013924526898261534	0.7023459706993693	0.25196250559453953	-0.28547062876958634
chr4_pat	16200000	16400000	0.01496314722821832	0.8866763215588078	0.3597449557925898	-0.18951337315140518
chr4_pat	16400000	16600000	0.014392159158650573	0.8704944354425616	0.2599949735388815	-0.15795570459944394
chr4_pat	16600000	16800000	0.01441472729150608	0.8076526047785402	0.2615464964510614	-0.08914202273765322
chr4_pat	16800000	17000000	0.013305552107666025	0.7161457942293782	0.23476155207791524	-0.19553899953313558
chr4_pat	17000000	17200000	0.013893608696626978	0.6480433957987917	0.15324164523516592	-0.21147079583112321
chr4_pat	17200000	17400000	0.01490168587556659	0.00494988012259734	0.08049099763013264	-0.3330296029216214
chr4_pat	17400000	17600000	0.015461304421799344	0.7575201480342076	0.2648167741416231	-0.30170806525789867
chr4_pat	17600000	17800000	0.023213415059774048	0.7354277256716686	0.28533320119310834	-0.36075331834287216
chr4_pat	17800000	18000000	0.016395526283009807	-0.169761682070889	0.215363039192766	-0.22677284457050328
chr4_pat	18000000	18200000	0.012122990559610851	-0.8667096650529916	0.06976276601907565	-0.253228784862234
chr4_pat	18200000	18400000	0.010033005311229795	-0.8906100646183626	0.02556625513233049	-0.013949642122476277
chr4_pat	18400000	18600000	0.017749987532956677	-0.8116544456697933	0.16978385900073453	-0.1638547691256424
chr4_pat	18600000	18800000	0.015028716286054063	-0.5363551327707464	0.1268650276906069	-0.1835990231406695
chr4_pat	18800000	19000000	0.024599174847896726	0.7083849212388856	0.44038063544160827	-0.12951250535110173
chr4_pat	19000000	19200000	0.024620950227285027	0.8511069904498106	0.578331403908732	-0.20410935788289075
chr4_pat	19200000	19400000	0.01419279757916602	0.8092248688838282	0.6260047918613696	-0.15488090545185132
chr4_pat	19400000	19600000	0.015539624784408406	0.7615187395995076	0.6221837239732462	-0.20682619628544846
chr4_pat	19600000	19800000	0.020557758183449546	0.7789150049080205	0.5345862883049025	0.03671727516549758
chr4_pat	19800000	20000000	0.029651176669925217	0.7519316701402596	0.5478522109919985	-0.2792813883205549
chr4_pat	20000000	20200000	0.020153747052472932	0.8159742895545861	0.4902861863292935	-0.1893777343807553
chr4_pat	20200000	20400000	0.024432938190796394	0.8592924402678949	0.6365962702015682	-0.003080476796334075
chr4_pat	20400000	20600000	0.02128510098192483	0.8181432794934691	0.6571094318086025	-0.21235909178526635
chr4_pat	20600000	20800000	0.02203273749387112	0.8206145246265407	0.8427394695600419	-0.09936807490688833
chr4_pat	20800000	21000000	0.019289296470750342	0.7919533650235575	0.6415715165220216	-0.2066055117365974
chr4_pat	21000000	21200000	0.0217523440087658	0.8197165932267464	0.5640759229799049	-0.2633129934666302
chr4_pat	21200000	21400000	0.02471326937611289	0.8874348430808074	0.5101505144767386	-0.21134303784702274
chr4_pat	21400000	21600000				
chr4_pat	21600000	21800000	0.0365476920635111	0.714807346711526	0.21172094283801038	-0.2681315539864604
chr4_pat	21800000	22000000	0.01765159105154014	0.3979895215705146	0.4456070221019561	-0.5508079698672882
chr4_pat	22000000	22200000	0.0141585926452728	-0.3003951219504886	0.26721489423660577	-0.16740042703813426
chr4_pat	22200000	22400000	0.015012568863860543	-0.5075662736477868	0.3785380850786778	-0.19850291305103762
chr4_pat	22400000	22600000	0.012255929535830013	-0.6425736245424062	0.3905295029087913	-0.023307767582321965
chr4_pat	22600000	22800000	0.013909481534296548	-0.9365734824148042	0.2552677423642644	-0.02643372807148263
chr4_pat	22800000	23000000	0.011830843564944037	-1.0202821057538154	0.13502146440185317	-0.11618466010879892
chr4_pat	23000000	23200000	0.01381099208850897	0.2898469334206477	0.30379197221831733	-0.2928061366608384
chr4_pat	23200000	23400000	0.014574981573205815	0.49571582062768227	0.40677204455601473	-0.47466304233399914
chr4_pat	23400000	23600000	0.015597153283824924	0.455036199244777	0.34249888579982196	-0.45090930352174136
chr4_pat	23600000	23800000	0.013474085470040066	-0.7896610700573231	0.27444413578754945	-0.3728914733742136
chr4_pat	23800000	24000000	0.014480316451598545	-0.6724749236997297	0.330537806438497	-0.37748961459372526
chr4_pat	24000000	24200000	0.019517695629337403	0.7526629833389125	0.5299533233831503	-0.24406672887125644
chr4_pat	24200000	24400000	0.015770734783051195	0.7382931227380268	0.45604399042992716	-0.3596161339598022
chr4_pat	24400000	24600000	0.015200871249788167	0.03346975771633322	0.3013472382714502	-0.49300341748451576
chr4_pat	24600000	24800000	0.01760747929986025	0.8251442163282537	0.46070060214526676	-0.3160935082328785
chr4_pat	24800000	25000000	0.020617840215945173	0.9184150755842148	0.542056617985716	-0.12657347960155668
chr4_pat	25000000	25200000	0.03768057642388409	0.9138071828667517	0.4408702529773172	0.1581632421404165
chr4_pat	25200000	25400000	0.013707972977372019	0.1430762766573823	0.34236386749389447	-0.5539003552617848
chr4_pat	25400000	25600000	0.015398166021454641	-0.13884022237620194	0.33341118984864165	-0.3453175861106016
chr4_pat	25600000	25800000	0.012481146861091695	-1.246831033438661	0.35370220117762396	0.07649994511719493
chr4_pat	25800000	26000000	0.010541115786880814	-1.0688988808763187	0.3218073310458192	0.10844560450860538
chr4_pat	26000000	26200000	0.015339080977515504	-0.039440409657029295	0.4373105225303455	-0.47082454636556
chr4_pat	26200000	26400000	0.013849894722917736	-0.34455777869064674	0.3589100094676797	-0.33097010649396547
chr4_pat	26400000	26600000	0.014545531539111792	-0.6232260970807524	0.3079791029316607	-0.16351796248246583
chr4_pat	26600000	26800000	0.014295005480359205	-0.47203871645805334	0.3104557516046184	-0.27551236510693833
chr4_pat	26800000	27000000	0.014844324375137288	-0.669558294173582	0.273842710753126	-0.22757040270573167
chr4_pat	27000000	27200000	0.012647599886098898	-0.8065096402641122	0.3487781460024884	0.006444172252880414
chr4_pat	27200000	27400000	0.011935021370651026	-0.6773137225875113	0.3581635278676543	-0.30782359864553144
chr4_pat	27400000	27600000	0.011603866322077931	-0.6385490299024963	0.3922381311392438	-0.28598979373712274
chr4_pat	27600000	27800000	0.01692390201378467	0.26222235430195057	0.36474334463137464	-0.5282048412493381
chr4_pat	27800000	28000000	0.02305944290615602	0.8353299586039237	0.7086137897317523	-0.3945685353963574
chr4_pat	28000000	28200000	0.019915096285744043	0.8932098497078059	0.5477142258443968	-0.1958650084224572
chr4_pat	28200000	28400000	0.02877730292350523	0.8892771828810362	0.5056164914776794	0.03354172425083739
chr4_pat	28400000	28600000	0.024521970592638272	0.772641022461432	0.416272534560299	-0.05204944885727166
chr4_pat	28600000	28800000	0.016913114733683385	0.7545736085904906	0.40758535585028954	-0.12452789892292798
chr4_pat	28800000	29000000	0.0157706914619379	0.8474586662961711	0.4722785756891078	-0.25394922703754164
chr4_pat	29000000	29200000	0.01534062092994935	-0.005504876616073768	0.5009674492473389	-0.5435430077074903
chr4_pat	29200000	29400000	0.011690731239020006	-0.2158403386080883	0.36764872716860947	-0.3229370918243225
chr4_pat	29400000	29600000	0.01837958969326208	-0.044398120373100536	0.47881692729529357	-0.5587054879680833
chr4_pat	29600000	29800000	0.016199557182893645	0.07682025678378966	0.4296488461268308	-0.4364238512718131
chr4_pat	29800000	30000000	0.0213690310524748	0.7836491765205406	0.5121252326907165	-0.24563328684602606
chr4_pat	30000000	30200000	0.017728792666333	0.837845866236951	0.43950045960060174	-0.07086922853366628
chr4_pat	30200000	30400000	0.018993071905382394	0.8977948801822092	0.4987118768222311	0.05326519337333875
chr4_pat	30400000	30600000	0.02084502961722866	0.8817639293235606	0.4887604016069522	-0.08547967243679744
chr4_pat	30600000	30800000	0.036615517354906056	0.8601679917583528	0.5421768299596131	-0.04938806985623943
chr4_pat	30800000	31000000	0.02685918118004742	0.9167147169291309	0.5720286577667263	-0.16607053364562227
chr4_pat	31000000	31200000	0.020522040275957384	0.4690471145118057	0.37080336837781763	-0.35251023265033116
chr4_pat	31200000	31400000	0.019669812918637876	0.6623639768511548	0.40840749717676106	-0.1856600178597753
chr4_pat	31400000	31600000	0.02343123791676378	-0.47011286643615136	0.2727570263897556	-0.28555714527944354
chr4_pat	31600000	31800000	0.012072099719194092	-0.8994900880815127	0.3957658078154569	-0.18489150148889757
chr4_pat	31800000	32000000	0.014611666239286683	-1.1077410711578328	0.5250044175341578	-0.1505650799332117
chr4_pat	32000000	32200000	0.012934970798082797	-0.776603875631148	0.3518419000851503	-0.4052013104137649
chr4_pat	32200000	32400000	0.01493076279914452	0.41326644365712006	0.508348421475564	-0.5965537569505156
chr4_pat	32400000	32600000	0.028816510760806345	0.7047320328939545	0.3516497152730751	-0.3211842361456052
chr4_pat	32600000	32800000	0.01713214490551997	0.9406459593019743	0.5248825331114643	-0.020259981039416782
chr4_pat	32800000	33000000	0.029380708273850746	0.9402396997973979	0.5535253357781882	-0.12335424276249114
chr4_pat	33000000	33200000				
chr4_pat	33200000	33400000				
chr4_pat	33400000	33600000	0.018457387961956003	0.9327280818204534	0.4493520311897264	0.0121840220156139
chr4_pat	33600000	33800000	0.018768386030296853	0.8234166700597463	0.38898149579577773	-0.006950162150723216
chr4_pat	33800000	34000000	0.023308378813028812	0.72011356991097	0.4754604714755269	-0.08732971681683452
chr4_pat	34000000	34200000	0.02836108994831876	0.704085488926555	0.32500826915845465	-0.08077214724280692
chr4_pat	34200000	34400000	0.024853966827599903	-0.29716657455696305	0.451786964485239	-0.06408429373837847
chr4_pat	34400000	34600000	0.04032477689255426	-0.35862428759272075	0.3192124213935882	-0.3528541064335055
chr4_pat	34600000	34800000	0.013597343756910307	-0.9113507663231806	0.3225173191708826	0.02112394076749335
chr4_pat	34800000	35000000	0.015336398731108272	0.026332104822203602	0.3033404261384044	-0.1941668051235162
chr4_pat	35000000	35200000	0.015298116424202084	0.8073362861204829	0.20774445091311725	-0.053363891257671006
chr4_pat	35200000	35400000	0.01703339559577815	0.7673631425760603	0.17189201864593373	-0.0659530381375716
chr4_pat	35400000	35600000	0.015066363922604737	-0.29469596548205484	0.26906770981151534	-0.21250829469384766
chr4_pat	35600000	35800000	0.016097479394801946	-0.5640226768632577	0.35210326440533246	-0.18291597949028832
chr4_pat	35800000	36000000	0.013864962124278485	-0.5025063171071985	0.27286690529426805	-0.2957399732882639
chr4_pat	36000000	36200000	0.017966908800300888	0.2627072773121686	0.2840791025571182	-0.36365192628339993
chr4_pat	36200000	36400000	0.015451560081891393	0.796309203485106	0.16208986794654096	-0.13299644589805823
chr4_pat	36400000	36600000	0.017996532887549745	0.9159811834562752	0.3408017315676095	-0.014081241327987612
chr4_pat	36600000	36800000	0.01565712941067335	0.9210960482856139	0.4157430906258404	-0.18073401990467503
chr4_pat	36800000	37000000	0.013713331652014682	0.7554130985119211	0.3724843994364835	-0.13704196264847399
chr4_pat	37000000	37200000	0.013106558618257148	-0.44443431929967936	0.35636400113645794	-0.35886575351370137
chr4_pat	37200000	37400000	0.014223119483447738	-0.8191410030244036	0.34441643449852943	-0.15966984759693484
chr4_pat	37400000	37600000	0.024222604766685654	-0.5279939563128792	0.3213258952269745	-0.08305422986909256
chr4_pat	37600000	37800000	0.016495498584275663	-0.4180537625601043	0.43116457095522653	-0.05708297976971281
chr4_pat	37800000	38000000	0.022000152530833334	0.665683058620778	0.34980304959787817	-0.2973089516558061
chr4_pat	38000000	38200000	0.015588464045598155	0.8392310718368893	0.40155053978841215	-0.19587381544757482
chr4_pat	38200000	38400000	0.017216679100199608	0.8493104896971108	0.3830252327343379	-0.29514696970225407
chr4_pat	38400000	38600000	0.01753420488275639	0.2717771168331342	0.2907373347313171	-0.28663610085778335
chr4_pat	38600000	38800000	0.01144520142416681	-0.7809360831286345	0.28852275539166955	-0.35265017142409444
chr4_pat	38800000	39000000	0.01613096046764667	0.5984092903207742	0.39505905068477826	-0.2976913570250946
chr4_pat	39000000	39200000	0.015118793635198859	-0.296527418919448	0.17534043775587047	-0.5195636293798476
chr4_pat	39200000	39400000	0.016031387719226502	0.7942254302716658	0.4321955963307026	-0.13248900896533397
chr4_pat	39400000	39600000	0.015886834290060596	0.9586321857893528	0.38282264595329135	0.07262067277021594
chr4_pat	39600000	39800000	0.01774973560711558	0.9289845204953433	0.3221222591706074	0.11558539317995364
chr4_pat	39800000	40000000	0.016858432244556614	0.9445718980020997	0.5580301583316702	0.12048158437591207
chr4_pat	40000000	40200000	0.021406533170480795	0.8559241528776611	0.3948942834628368	-0.039081178293902286
chr4_pat	40200000	40400000	0.016195929902409593	0.4929763310876271	0.2676392835512765	-0.17726721788823221
chr4_pat	40400000	40600000	0.014336262067964236	-0.3654465522779022	0.39240751359327186	-0.5643265868095851
chr4_pat	40600000	40800000	0.013967584138235067	0.14942492659045073	0.1459745651606675	-0.21420213920544245
chr4_pat	40800000	41000000	0.017522992634431113	0.8265571374307061	0.2622976435854626	-0.037951346079381956
chr4_pat	41000000	41200000	0.018139568801583295	0.8406577727650164	0.2694566081378482	0.018242011367351933
chr4_pat	41200000	41400000	0.016286229450211832	0.8377368944244985	0.17072894791836235	0.11543829329381107
chr4_pat	41400000	41600000	0.013029162500247968	0.3214501876299882	0.22751530510665235	-0.2357095090992047
chr4_pat	41600000	41800000	0.015835132060234427	0.5016865027859186	0.4137885249103661	-0.41431251581695194
chr4_pat	41800000	42000000	0.017380335239281505	0.532479556951971	0.332192866687228	-0.297979031267819
chr4_pat	42000000	42200000	0.011688886731863125	-0.5795354324685893	0.3540089713535658	-0.45536249717038174
chr4_pat	42200000	42400000	0.01891364333507742	0.38542884946475475	0.32941992251876806	-0.35259345133970926
chr4_pat	42400000	42600000	0.011194280217480927	-1.3057325110649594	0.6026365917045075	0.1588314515075383
chr4_pat	42600000	42800000	0.01505790435424326	-0.9218838786484999	0.5391134595689522	-0.32330515405100557
chr4_pat	42800000	43000000	0.012631367015942916	-1.0014512602302865	0.4624266679526496	-0.24997734948939335
chr4_pat	43000000	43200000	0.017264296829470862	-0.4215201090184115	0.37066782834023454	-0.32887807798170865
chr4_pat	43200000	43400000	0.018001884464106877	-0.18180346122179725	0.3199997392154573	-0.36689477461598335
chr4_pat	43400000	43600000	0.014689844539291187	-0.3052268474921765	0.42769618908033646	-0.3875339693956353
chr4_pat	43600000	43800000	0.010835508953255914	-1.1118176082523532	0.7091000356645029	-0.3983958237038281
chr4_pat	43800000	44000000	0.012202394870290496	-1.0009205586461407	0.6364014182257628	-0.3054747237855273
chr4_pat	44000000	44200000	0.014099534907527939	-0.6800521217490507	0.565654421356008	-0.2478059862973821
chr4_pat	44200000	44400000	0.018929156721884107	0.4285985394157549	0.3157491042594124	-0.45709726751040614
chr4_pat	44400000	44600000	0.019938595974161224	0.46350532494096963	0.12220794598673354	-0.31779616302881747
chr4_pat	44600000	44800000	0.013953205446959828	-0.7719989942712767	0.39998899134276916	-0.41833906171333285
chr4_pat	44800000	45000000	0.011724599665836987	-0.8842375018617936	0.3197521058984578	-0.3425116477614086
chr4_pat	45000000	45200000	0.013458636162810967	-0.06753821110290555	0.07410763317428658	-0.27970355050081946
chr4_pat	45200000	45400000	0.02070495149291689	0.8573505308778113	-0.08795295483410227	-0.12675084667136452
chr4_pat	45400000	45600000	0.017803985358800945	0.8905948592124469	-0.017961923893191626	-0.20419073876357996
chr4_pat	45600000	45800000	0.005841762945235745	0.09784015142530887	0.9269123293607984	0.26115323676755786
chr4_pat	45800000	46000000	0.013640439043299276	0.04644580169517835	0.08395997730098902	-0.25976461019713043
chr4_pat	46000000	46200000	0.009297107181080481	-1.2245540184200827	0.4018607895252469	-0.1810291448823982
chr4_pat	46200000	46400000	0.017830776829270974	0.1193719403011305	0.1456864774434914	-0.2670378479330632
chr4_pat	46400000	46600000	0.01280154479194125	-0.476489809640512	0.29680911719020125	-0.40318305444566566
chr4_pat	46600000	46800000	0.017120244127995118	0.124017690715154	0.22150354948037623	-0.47529999510040255
chr4_pat	46800000	47000000	0.014719153716447813	-0.5317585773745649	0.40890242152021145	-0.5380764056184694
chr4_pat	47000000	47200000	0.017891971694986252	0.6225141621477538	0.16368247825683124	-0.3766888878183105
chr4_pat	47200000	47400000	0.014233118550137541	-0.5539939704002291	0.3602891832364861	-0.5036330001245821
chr4_pat	47400000	47600000				
chr4_pat	47600000	47800000	0.04947405887841349	-0.15023069560454735	0.31664964618453184	-0.24012182011227468
chr4_pat	47800000	48000000	0.013342648274664507	-1.2021699899694698	0.3877265556404095	-0.16451405304276026
chr4_pat	48000000	48200000	0.01897132990909054	-0.5126453484396893	0.33956442993792196	-0.373039561157313
chr4_pat	48200000	48400000	0.01760261680262575	0.2339423497257281	0.18888189855707216	-0.3098245047045715
chr4_pat	48400000	48600000	0.012066732673723636	-0.851572870371365	0.2989013007320101	-0.2214938435133926
chr4_pat	48600000	48800000	0.015035612479626079	-0.6328794251898496	0.34770640614676057	-0.10051918967826465
chr4_pat	48800000	49000000	0.01580857517799581	0.5227694478488082	-0.007993530620829959	0.05512927275025983
chr4_pat	49000000	49200000	0.018958317957956702	0.37895112954012716	0.21570697097341796	-0.22114677844064246
chr4_pat	49200000	49400000	0.02973342820209329	0.23939345861707992	0.27394007542036003	-0.3116227704491166
chr4_pat	49400000	49600000	0.012126902617941923	-0.926252946922966	0.2999115677724201	-0.25832001152542283
chr4_pat	49600000	49800000	0.010977812485111775	-1.3463544970516739	0.6640017888186939	0.042938379868130316
chr4_pat	49800000	50000000	0.015324819424942343	0.18084949763775565	0.10204729855297706	-0.05380855881717956
chr4_pat	50000000	50200000	0.01594907918720815	0.8046515708279159	0.18496611984623396	-0.006003166334488107
chr4_pat	50200000	50400000	0.015359435950203757	0.7833438192343419	0.06424642118454782	0.05257468249655623
chr4_pat	50400000	50600000	0.017067308234653362	0.8493735877109808	0.01645119133724544	0.16330413845637679
chr4_pat	50600000	50800000	0.017886943969524057	0.788243468618468	0.35291286189702836	-0.09049482406065038
chr4_pat	50800000	51000000	0.018732273013659144	0.768657278768864	0.13110163943658862	-0.08778996730668731
chr4_pat	51000000	51200000	0.01906586217500995	0.699309273415245	-0.010497871806419671	0.0026012404100934227
chr4_pat	51200000	51400000	0.015357588053597345	0.09902095157058395	0.2982947170452755	-0.18177123402633408
chr4_pat	51400000	51600000	0.013408537494624019	-0.4009643980185553	0.45444679518567105	-0.5140934406406094
chr4_pat	51600000	51800000	0.016484496807055903	0.7210957248248764	0.08602233576457623	0.12258297362128813
chr4_pat	51800000	52000000	0.01956667984887124	0.9102750106149521	0.2802757377360925	0.11727025141331089
chr4_pat	52000000	52200000	0.01903011976524455	0.8837453613763367	0.02473332466466399	0.3451303575783025
chr4_pat	52200000	52400000	0.01874834659017505	0.87562610107415	0.19910630618823172	0.3064662390718913
chr4_pat	52400000	52600000	0.015743991209993043	0.7202696623433715	0.13692263550817127	0.3740995555317852
chr4_pat	52600000	52800000	0.01656263132000508	0.15606005943229875	0.018553234656225773	0.1513751579886195
chr4_pat	52800000	53000000	0.016261123317917153	0.7802147596204546	0.0489098641476946	0.48402758279842656
chr4_pat	53000000	53200000	0.016714117407851933	0.6894839740677977	0.14653332128959304	0.08527268379762261
chr4_pat	53200000	53400000	0.018892891061682814	0.4327695006405433	0.10609401260393969	0.15781604153398157
chr4_pat	53400000	53600000	0.014896617806940633	-0.896695133480295	0.09577845274560998	-0.29597625484746737
chr4_pat	53600000	53800000	0.01992937305674472	-0.38431246220721266	0.3507026640788347	-0.014898768321184523
chr4_pat	53800000	54000000	0.03366358392567753	0.4838470277888921	-0.02322617973534629	-0.18883990099228729
chr4_pat	54000000	54200000	0.03896359976142499	0.7969728678176861	0.04496760045268185	0.06543824178650569
chr4_pat	54200000	54400000	0.05131218547733054	0.6999552241589935	0.2123499783832737	0.044637523025080096
chr4_pat	54400000	54600000	0.04792052055066291	0.6928694487032745	0.3653979287990352	-0.02931783982742903
chr4_pat	54600000	54800000				
chr4_pat	54800000	55000000				
chr4_pat	55000000	55200000				
chr4_pat	55200000	55400000				
chr4_pat	55400000	55600000				
chr4_pat	55600000	55800000				
chr4_pat	55800000	56000000				
chr4_pat	56000000	56200000				
chr4_pat	56200000	56400000				
chr4_pat	56400000	56600000	0.052631147769488046	-0.7347958002738798	0.4821022115076153	0.6022880786247417
chr4_pat	56600000	56800000	0.05417847894045106	-0.9615779096274555	0.30341029569583045	0.6758702236625249
chr4_pat	56800000	57000000				
chr4_pat	57000000	57200000	0.052808877303160334	0.31109642885218064	0.2692718391832638	1.2101162286446532
chr4_pat	57200000	57400000	0.02671281157232943	-0.8545692561833491	0.5533928517121361	0.4118270398141117
chr4_pat	57400000	57600000	0.03671337734082933	-0.5375026100081128	0.6630252045215597	0.5519297189333799
chr4_pat	57600000	57800000	0.0177966782839263	-0.8615600949137352	0.44225592942184583	0.41408543051163327
chr4_pat	57800000	58000000	0.017543563716489217	-0.1597173481784834	0.3794272956361418	0.6209549954963194
chr4_pat	58000000	58200000	0.015837276271019718	-0.0639532184027594	0.4118134987870961	0.5584212563622702
chr4_pat	58200000	58400000	0.015531014303159387	0.13412122405026974	0.31215021015533934	0.6217372436835723
chr4_pat	58400000	58600000	0.014428378250813058	0.4171423885605068	0.4293230927478234	0.8983557978744332
chr4_pat	58600000	58800000	0.011688184358865915	-0.4206878875331106	0.5166562287158073	0.2271566301439588
chr4_pat	58800000	59000000	0.01573658336278037	0.48833610691198504	0.5088933772641281	0.7142461293527166
chr4_pat	59000000	59200000	0.01608303000609484	0.5904926694616209	0.4579030291131008	0.7332905468332426
chr4_pat	59200000	59400000	0.01573056981273296	0.8520473842035364	0.22343696305454572	0.7048619610040181
chr4_pat	59400000	59600000	0.013125321509907455	0.37953280356520175	0.41958593160785396	0.588859235086963
chr4_pat	59600000	59800000	0.014977073980690746	-0.02925387605084163	0.32367833302107385	0.4578868248114165
chr4_pat	59800000	60000000	0.013611605069086334	-0.547792130425418	0.2874357439323589	0.21099669872092155
chr4_pat	60000000	60200000	0.021766034812755217	-0.036766056828407695	0.25751148515525135	0.4581810504193123
chr4_pat	60200000	60400000				
chr4_pat	60400000	60600000				
chr4_pat	60600000	60800000				
chr4_pat	60800000	61000000				
chr4_pat	61000000	61200000	0.010420718419598084	-1.168019469252767	0.41957090344930953	0.07464993823994445
chr4_pat	61200000	61400000	0.011301203744498875	-0.6539187226620247	0.33190929809787684	0.34218157160333695
chr4_pat	61400000	61600000	0.010254623133486393	-0.37626279193745804	0.3462792249266855	0.5137173135534753
chr4_pat	61600000	61800000	0.012008545234471367	0.6148640014256346	0.5579746646899041	0.7369479115519185
chr4_pat	61800000	62000000	0.010732635773152838	-0.1951750601221306	0.24877270642024202	0.34776725669018704
chr4_pat	62000000	62200000	0.0122067192372217	0.13178482181870813	0.2856736024015797	0.6281304125755143
chr4_pat	62200000	62400000	0.010138836673024197	-0.4706249091440595	0.13152576498744734	0.29296857728475917
chr4_pat	62400000	62600000	0.013807086361715631	0.0781580294823447	0.3910851689132528	0.4259163342554953
chr4_pat	62600000	62800000	0.01262123127136855	-0.5000874892365925	0.35485530487951267	0.35800145049537463
chr4_pat	62800000	63000000	0.010788387828835648	-0.7964334731343776	0.3755003060430813	0.2551367707518522
chr4_pat	63000000	63200000	0.01470314493842091	0.41276170676081586	0.3623172743516576	0.6210825793468725
chr4_pat	63200000	63400000	0.031997843904137575	0.24087766126013124	0.5518735222205114	0.4751577837070816
chr4_pat	63400000	63600000	0.011949374168973898	-1.330512048572886	0.45431853004502126	0.13088800012635565
chr4_pat	63600000	63800000	0.009167576912793837	-1.1848346735066118	0.2922649247823449	0.3033060136716337
chr4_pat	63800000	64000000	0.014527715053562585	0.1952057061563591	0.14059563307447698	0.46126829648606527
chr4_pat	64000000	64200000	0.013928451078708116	0.718715414170785	0.3617531209974102	0.6001538632450487
chr4_pat	64200000	64400000	0.014153463059245796	0.8305631137603459	0.19806656987161395	0.5299716184852229
chr4_pat	64400000	64600000	0.01494119601208208	0.7763000967606554	0.3126541005681288	0.3370199607884888
chr4_pat	64600000	64800000	0.01424114875508335	0.717410445208623	0.3004988676748625	0.212957059644851
chr4_pat	64800000	65000000	0.014292463401789773	0.6892690158560111	0.3077706416982282	0.3549655025753912
chr4_pat	65000000	65200000	0.015089960669310946	0.5667551583294786	0.21348280025035227	0.40659299634260965
chr4_pat	65200000	65400000	0.012786393014321497	-0.24328998670830815	0.23087119612226997	0.3300259438174585
chr4_pat	65400000	65600000	0.009116505878445808	-1.15469405773754	0.20059534383039443	0.3154629247421013
chr4_pat	65600000	65800000	0.011756068224654604	-0.30482684434881957	0.2315687663347707	0.29630563943046107
chr4_pat	65800000	66000000	0.014337897986567623	0.47758971602028477	0.360846635506759	0.558847303491981
chr4_pat	66000000	66200000	0.011987023979414238	-0.12524820316162247	0.16957469917406803	0.31651543938722404
chr4_pat	66200000	66400000	0.01163945516493611	-0.3329340618020074	0.18451350694893273	0.030330621368766714
chr4_pat	66400000	66600000	0.009815331231828296	-0.6804597999564834	0.20348636059792383	0.16987983269364063
chr4_pat	66600000	66800000	0.012985051761498455	0.3887824461873474	-0.004737057655228279	0.5786863713361822
chr4_pat	66800000	67000000	0.012600475873542842	0.7738871489583614	0.09367578463409143	0.4261744662721913
chr4_pat	67000000	67200000	0.013086250929333255	0.38228755133962833	-0.1501749778920959	0.2331342321895439
chr4_pat	67200000	67400000	0.014350362541492658	0.665004591372014	0.07799293428943349	0.20743111202380982
chr4_pat	67400000	67600000	0.013377722547931235	0.661061820876272	0.0959995406743289	0.29896368665116096
chr4_pat	67600000	67800000	0.014401034558333001	0.42908555890826106	0.283378564690635	0.2777206708943564
chr4_pat	67800000	68000000	0.013565433014840408	0.4391087073117052	0.12580370200305274	0.1709947615135222
chr4_pat	68000000	68200000	0.00949044814504021	-1.1083816557117565	0.19314724063573646	-0.1051101933997569
chr4_pat	68200000	68400000	0.009559057687630995	-1.05880072631323	0.3353120307253866	0.001397817577448709
chr4_pat	68400000	68600000	0.011727861307575053	-1.0673529067390803	0.18908307070146094	0.016222796205603587
chr4_pat	68600000	68800000	0.011271403061511096	-0.6606420258744345	0.055157167280745774	0.10573869032581909
chr4_pat	68800000	69000000	0.009464409685018627	-1.3045161993644618	0.39714681078462183	0.12034149119789578
chr4_pat	69000000	69200000	0.009979742351026017	-1.125593600250832	0.3427930409550234	-0.02045013348112757
chr4_pat	69200000	69400000	0.009034339009245343	-1.2427566763574494	0.16713977800978622	0.225422632121512
chr4_pat	69400000	69600000	0.01148812469968968	-0.6971028027816529	-0.06016158475982744	-0.17924977163905806
chr4_pat	69600000	69800000	0.016350762695747097	-0.2878505786418168	0.09657472048804071	0.04919348634599776
chr4_pat	69800000	70000000	0.012494574984772222	-0.7127283744838596	-0.09089043726754134	-0.09662917559749001
chr4_pat	70000000	70200000	0.011122476340321933	-0.010417923703483762	-0.01334825916241827	-0.09964197394975847
chr4_pat	70200000	70400000	0.01639434363974751	0.7255868682614004	-0.31799008804354917	0.5300489414770427
chr4_pat	70400000	70600000	0.019054289675376816	0.8921305098362579	-0.29152142322564245	0.1848881245108457
chr4_pat	70600000	70800000	0.010945213664938794	0.9148580037652596	-0.50736216339456	0.609933364920044
chr4_pat	70800000	71000000	0.010351719483074501	0.825618123954363	-0.3274166735116875	0.39709115936546036
chr4_pat	71000000	71200000	0.010913465115815844	0.8499118204628144	-0.3524472588994415	0.45674631033840435
chr4_pat	71200000	71400000	0.011445010378295558	0.8538992240739403	-0.6171919256691496	0.33262966031396
chr4_pat	71400000	71600000	0.011946192504956023	0.7707618862101958	-0.5200958228625222	0.41119771208314776
chr4_pat	71600000	71800000	0.012088101666974467	0.8103488465595378	-0.38202518633128113	0.38350081051230994
chr4_pat	71800000	72000000	0.012610958569373044	0.9555366723821257	-0.6931480842570492	0.16869189716851044
chr4_pat	72000000	72200000	0.011653169732510116	0.9934552813543682	-0.62099553905079	0.4306487559319802
chr4_pat	72200000	72400000	0.011229071168638036	0.9071944143117314	-0.7361089960351961	0.3832667154436274
chr4_pat	72400000	72600000	0.011516234732191714	0.9865736823626629	-0.6758896118590182	0.4738869956130021
chr4_pat	72600000	72800000	0.011648748882784098	0.8569336365782335	-0.3734374868092348	0.3504430911266709
chr4_pat	72800000	73000000	0.015833666221003243	0.6964539770716958	-0.26320814684333615	0.09931582252905484
chr4_pat	73000000	73200000				
chr4_pat	73200000	73325478				
chr4A_pat	0	200000	0.05258674491932596	-0.6606615417617341	-0.08118904149679729	0.1325693495760539
chr4A_pat	200000	400000	0.053547677842687026	0.40187187760236814	0.5677531182239778	0.19230151707909182
chr4A_pat	400000	600000	0.017274817000880776	0.25131856983849377	0.7708188989429412	-0.20211264201196918
chr4A_pat	600000	800000	0.015028730889796959	-0.08356583310676911	0.8135905102903984	-0.00979964509639917
chr4A_pat	800000	1000000	0.014418898403608372	-0.7086058549813258	0.4857756348741583	0.1402619267640287
chr4A_pat	1000000	1200000	0.017424881050370464	0.7057203781522018	0.9500595963699153	0.07315977070695255
chr4A_pat	1200000	1400000	0.016074630295201484	1.0846163760947123	0.09799861255600413	0.2634574665365598
chr4A_pat	1400000	1600000	0.013871862377242809	0.6041357610966477	0.1516715098412613	-0.27838527388536755
chr4A_pat	1600000	1800000	0.01157840984542765	-0.06553607855481136	0.2844959108838983	-0.5109239600646068
chr4A_pat	1800000	2000000	0.013937804434759714	0.9303201508682881	-0.08640004540041836	0.0924265196280428
chr4A_pat	2000000	2200000	0.01353912444237286	0.9849210119369496	-0.2516926084701783	0.08636752606248949
chr4A_pat	2200000	2400000	0.014358099369853793	0.962467530347912	-0.25889347067073243	0.20232324139021185
chr4A_pat	2400000	2600000	0.013544632135464687	0.9283231428928532	-0.0833394732742981	0.29404182123681166
chr4A_pat	2600000	2800000	0.013002195349464571	0.9241675419827513	-0.07684348578974348	0.2733309001496512
chr4A_pat	2800000	3000000	0.01300096653322611	0.9328364161402178	-0.20192628195294815	0.23909600446765228
chr4A_pat	3000000	3200000	0.012511015637833833	0.9245384416109609	-0.23610406310068044	0.11955719366014286
chr4A_pat	3200000	3400000	0.012734815346277748	1.0601100162513388	-0.20544367283696832	0.31285957580665563
chr4A_pat	3400000	3600000	0.012411744849525312	0.8997397436059239	-0.24139604894230987	-0.20224511484057656
chr4A_pat	3600000	3800000	0.011969971853319352	-0.0364784294594746	-0.1684349782670211	-0.6622527184749352
chr4A_pat	3800000	4000000	0.012815408563190018	0.286154276394994	0.09954241340434598	-0.6315713447267683
chr4A_pat	4000000	4200000	0.01150365246098059	0.15283262367771472	-0.0329589688805571	-0.5350357159393854
chr4A_pat	4200000	4400000	0.010711915689774027	-0.061409839232247763	0.27200310391545196	-0.42631081036015006
chr4A_pat	4400000	4600000	0.016255648514872698	0.6901358365115244	0.2214170705387617	-0.11547032764545875
chr4A_pat	4600000	4800000	0.00935525264551038	-0.6081767364337217	0.08217131666954997	-0.03263436812947218
chr4A_pat	4800000	5000000	0.009558797442416502	-0.762024425422531	-0.11032225829063122	0.012535534377334387
chr4A_pat	5000000	5200000	0.010441838826322984	-0.5976060888309395	0.3355604234964662	-0.09040873606952764
chr4A_pat	5200000	5400000	0.011871640552241823	-0.4439326952537776	0.712766666742077	0.3105446594856673
chr4A_pat	5400000	5600000	0.013869468703105157	0.125138614001587	0.6470139236628895	0.3541587515352458
chr4A_pat	5600000	5800000	0.01610007957536071	0.41900057522551254	0.9454809319554035	0.38609900705589045
chr4A_pat	5800000	6000000	0.011907433849757185	-0.6735702931418572	0.44049471375303045	0.26347288818370923
chr4A_pat	6000000	6200000	0.011591569222422852	-0.4572879529854848	0.3407724342243054	-0.127026565881754
chr4A_pat	6200000	6400000	0.011687296060450351	-0.48903651701709605	0.30401441747784946	-0.33203910260619496
chr4A_pat	6400000	6600000	0.010540999376878007	-0.5821331588318609	0.04480932472643166	-0.09327290444203012
chr4A_pat	6600000	6800000	0.01044247411936116	-0.7110976839206833	-0.06283044782792903	-0.12691528213131179
chr4A_pat	6800000	7000000	0.01670320935068534	0.3384289016473628	0.8697972909735474	-0.25356091632750666
chr4A_pat	7000000	7200000	0.013936416864105327	-0.09551839933714906	0.2649476225635725	-0.3887892073448263
chr4A_pat	7200000	7400000	0.012561457562066483	-0.5334899731973489	0.08827046735867977	-0.19846042189781896
chr4A_pat	7400000	7600000	0.010438870238153482	-0.5525511872004315	0.09661913402489167	-0.2295941920098795
chr4A_pat	7600000	7800000	0.014176869941876473	0.4813557902882092	0.39405849949105104	-0.44420610182166376
chr4A_pat	7800000	8000000	0.011029431651977154	-0.4551131904461664	0.1977470678425294	-0.42818165563852584
chr4A_pat	8000000	8200000	0.012956251069114114	0.3583007958646804	0.29882080618671014	-0.3195552575852696
chr4A_pat	8200000	8400000	0.014887797484667243	1.16126004421976	-0.21622350099485077	0.14903068916641235
chr4A_pat	8400000	8600000	0.011676408884388579	0.31349386727761297	0.14201398263430712	-0.16949116842979375
chr4A_pat	8600000	8800000	0.009676230698423896	-0.6453487960754428	-0.10936514359404854	-0.2665963168226505
chr4A_pat	8800000	9000000	0.00878588459861549	-0.7455722550707311	-0.1363550576956767	0.1559994894286424
chr4A_pat	9000000	9200000	0.014755577875890493	0.9598874335622718	-0.005023476615769723	-0.016272403530373264
chr4A_pat	9200000	9400000	0.015197916229103924	1.0978237566064988	-0.16036687617629722	0.02514535900374581
chr4A_pat	9400000	9600000	0.010734360577049384	-0.19007668513398243	-0.086559357547247	-0.1566783248203336
chr4A_pat	9600000	9800000	0.01001234590535984	-0.7113833615683277	-0.17190319131897128	-0.10844849496675495
chr4A_pat	9800000	10000000	0.01427297663702212	0.8015512248224568	0.07973020909963138	-0.3535501319894516
chr4A_pat	10000000	10200000	0.014134618105197757	1.0160034547151608	-0.0590584494283656	-0.07711400964689359
chr4A_pat	10200000	10400000	0.019496401040760496	0.9005549312225565	-0.18865969022927445	-0.29723607892080517
chr4A_pat	10400000	10600000	0.014388024134742824	0.9663374718856682	-0.20530168124548834	-0.3443242399593285
chr4A_pat	10600000	10800000	0.013224251076224866	0.2702889888006989	-0.040105080303878944	-0.6254869042370825
chr4A_pat	10800000	11000000	0.010479063968061846	-0.5847401347745446	-0.3703948374506614	-0.1847017034319026
chr4A_pat	11000000	11200000	0.011875473684971124	-0.5500415988210308	-0.16007671453690614	-0.5317573470068157
chr4A_pat	11200000	11400000	0.011073644135970116	-0.4360855373406648	-0.3450936936216121	-0.29224564877053444
chr4A_pat	11400000	11600000	0.009071329317352952	-0.7806247978623357	-0.47585053301775765	-0.2041536164205866
chr4A_pat	11600000	11800000	0.013060679336330185	0.11912316047492483	0.1214989470551696	-0.7970680374418746
chr4A_pat	11800000	12000000	0.01204524235651453	-0.30758909792317435	0.2556978382160806	-0.48186215042181496
chr4A_pat	12000000	12200000	0.012535447636132988	-0.1468781839755908	0.031110324656351503	-0.6506044035555275
chr4A_pat	12200000	12400000	0.009740800631164639	-0.762324194790406	-0.31693240992234634	-0.158980363896215
chr4A_pat	12400000	12600000	0.012983078817967297	0.09049247185428634	0.015730706260455418	-0.7792623018247203
chr4A_pat	12600000	12800000	0.01553560303803886	0.39556267994308525	0.0013697326995619544	-0.5512926094681165
chr4A_pat	12800000	13000000	0.019119964798001442	0.926386885208639	-0.10752638908707388	-0.14271044669892824
chr4A_pat	13000000	13200000	0.015937463760331255	0.23320165042357144	0.13229089256285573	-0.4469509407863289
chr4A_pat	13200000	13400000	0.016658121804206623	0.49099694195868676	-0.013271860878126712	-0.3223244055500458
chr4A_pat	13400000	13600000	0.01757000915233405	0.9666181341383726	-0.3476625314500339	0.03446204310640675
chr4A_pat	13600000	13800000	0.01665384207524225	0.9740999868892753	-0.1855311994716302	0.14687123846075115
chr4A_pat	13800000	14000000	0.014827474873543592	1.032909117365936	-0.3001753124400189	0.20367952741706374
chr4A_pat	14000000	14200000	0.015716997257531416	1.0036624691840248	0.07004055165876649	0.17095439075291746
chr4A_pat	14200000	14400000	0.014066535284234136	1.0445516782891717	0.22887067174560988	-0.0008535297597276768
chr4A_pat	14400000	14600000	0.010049547766523836	-0.3109186921084499	0.2576182870415755	-0.02987551058160343
chr4A_pat	14600000	14800000	0.012731821869315459	-0.8801463071019131	-0.007778555611604188	0.3009532064664314
chr4A_pat	14800000	15000000	0.012045383632665944	-0.7181542529548607	0.2879603021559471	0.25367530266069094
chr4A_pat	15000000	15200000	0.009324897996284323	-0.8558357402933401	-0.19177307686407297	0.4058825610487502
chr4A_pat	15200000	15400000	0.011148485607050536	-0.48417629641570803	0.5522285084591831	0.21079719980906755
chr4A_pat	15400000	15600000	0.011134914950598014	-0.25533516989717736	0.6866831742172904	0.19372678653013636
chr4A_pat	15600000	15800000	0.010831233865725301	-0.4466157262716278	0.38103803050685753	0.10681748888051072
chr4A_pat	15800000	16000000	0.014995011618902154	0.4478322390487297	0.7510277856533762	-0.08684732258167889
chr4A_pat	16000000	16200000	0.01484300396665524	0.2865170544888061	0.5137743407102244	-0.4962674567596089
chr4A_pat	16200000	16400000	0.010453628843759971	-0.7039693167232566	-0.10343463569078679	-0.10961505807862666
chr4A_pat	16400000	16600000	0.01495301525033271	-0.2040500955652799	0.25228789605431773	-0.2931974082232813
chr4A_pat	16600000	16800000	0.011610444205948525	-0.5063778408686785	-0.00880008637266831	-0.26866687067159956
chr4A_pat	16800000	17000000	0.011561024895450356	-0.2149405400704357	-0.1073729106397186	-0.08907161984269016
chr4A_pat	17000000	17200000	0.011020724658775374	-0.4704008506979279	0.02225722345804598	-0.05174474915580132
chr4A_pat	17200000	17400000	0.015568685982602935	0.548877947981155	0.3236558943415047	-0.46464823651344866
chr4A_pat	17400000	17600000	0.014860573536077967	0.772211166531093	0.3625032479636735	-0.2551208337698331
chr4A_pat	17600000	17800000	0.015953443827490386	0.9296317019416318	0.20140381953976866	0.3145516905083907
chr4A_pat	17800000	18000000	0.019362670102566936	0.6933808466781296	0.7670602788942221	0.46491751139043097
chr4A_pat	18000000	18200000	0.015120540925484021	-0.30514698104499194	0.6233923373768955	0.19723777214325944
chr4A_pat	18200000	18400000	0.012353614108413152	-0.7968570467419087	0.18204401770579218	0.2734346458172987
chr4A_pat	18400000	18600000	0.011704203734047557	-0.8453427134543448	-0.05109604887691863	0.27708238704479904
chr4A_pat	18600000	18800000	0.02664726443624606	-0.9543425034592982	-0.07026818298320435	0.3068808178990568
chr4A_pat	18800000	19000000				
chr4A_pat	19000000	19200000				
chr4A_pat	19200000	19400000				
chr4A_pat	19400000	19525173				
chr5_pat	0	200000				
chr5_pat	200000	400000	0.012476988284913998	-0.39952328734880366	-0.41149355638580004	-0.008178987559776979
chr5_pat	400000	600000	0.011291382347840103	-0.14107032735125863	-0.3590346969454624	-0.1470084407386103
chr5_pat	600000	800000	0.013104498307515748	0.5391501476011714	-0.534671829415466	-0.5175004180691338
chr5_pat	800000	1000000	0.014820086618741776	0.8753540926040511	-0.6286943359001387	-0.6655664359466055
chr5_pat	1000000	1200000	0.010978583897604931	-0.8074983123295234	-0.3769401548865149	-0.01763764552713986
chr5_pat	1200000	1400000	0.012261198014248825	0.7196185542064538	-0.3249664967755913	-0.2934997607901403
chr5_pat	1400000	1600000	0.012986160536601525	1.0984869004275088	-0.5769620688770627	-0.5945135463254467
chr5_pat	1600000	1800000	0.01128134007060509	0.40533899775962	-0.29841818378975765	-0.3448452696999485
chr5_pat	1800000	2000000	0.010304759430826146	-0.20145971832813325	-0.24618037580347957	-0.28381097047230114
chr5_pat	2000000	2200000	0.010261202658113587	-1.17443611354288	-0.18749245560775102	0.18775200368632936
chr5_pat	2200000	2400000	0.010119794007965392	-1.3827189740850945	0.020583958119038532	0.43813380274051544
chr5_pat	2400000	2600000	0.010877550888451784	-0.33599777121535385	-0.050105072917938635	-0.2535727828669024
chr5_pat	2600000	2800000	0.01261793620270493	0.8539365475917398	-0.37976421958247664	-0.6537878581334717
chr5_pat	2800000	3000000	0.011561911463763017	0.6290629249620844	-0.15057194718249467	-0.680016582439365
chr5_pat	3000000	3200000	0.007352746000812937	-1.2627883488405884	-0.046558456268436244	0.22671543094040725
chr5_pat	3200000	3400000	0.012798222156122656	0.04702012069966459	-0.07396506971920326	-0.5710300796711301
chr5_pat	3400000	3600000	0.01523776051954846	0.45704960891380014	-0.03852627050327446	-0.6761430149183622
chr5_pat	3600000	3800000	0.013597687881795651	0.8959730494154076	-0.09572713116633842	-0.6543422886580909
chr5_pat	3800000	4000000	0.011526603879533666	0.12396704534465965	0.02018590447757173	-0.42336742889400025
chr5_pat	4000000	4200000	0.010797167509373236	-0.37714702508848247	0.04599982946718917	-0.2905950497482162
chr5_pat	4200000	4400000	0.007783799128259788	-1.0666241706544595	0.12977618245645742	-0.005861055307502365
chr5_pat	4400000	4600000	0.012139407863655567	0.11584553846942686	0.16159463673826596	-0.6492273793403136
chr5_pat	4600000	4800000	0.010646867777799161	-0.2697419489910675	0.08267970872272491	-0.3057314377429333
chr5_pat	4800000	5000000	0.008762567324597008	-0.643405295834411	0.1521099646826688	-0.31307572265673594
chr5_pat	5000000	5200000	0.019165457199292527	-0.36563225083726497	0.2609533090927423	-0.4277559587430652
chr5_pat	5200000	5400000	0.009765415652138528	-0.8830391970948641	0.5114162087456483	-0.13842904613971482
chr5_pat	5400000	5600000	0.010395190212127904	-0.6493888629896444	0.47430178840727144	-0.18654943332184845
chr5_pat	5600000	5800000	0.011390427427119066	-0.6679915125387729	0.3200179999746969	-0.2063329005327581
chr5_pat	5800000	6000000	0.010856099350889317	-0.6813612576993696	0.5214803001012671	-0.1543975320370095
chr5_pat	6000000	6200000	0.01021450150835136	-0.8587678636866216	0.6336885770113022	-0.01870862891173182
chr5_pat	6200000	6400000	0.009877710435087752	-0.6936826743849881	0.5634294226249524	-0.13359388656585808
chr5_pat	6400000	6600000	0.010415527165022495	-0.5755141560055645	0.5961244198874928	-0.1699534377525496
chr5_pat	6600000	6800000	0.008695500452546247	-0.8603442052476284	0.581912658438466	-0.103298164782743
chr5_pat	6800000	7000000	0.009158186381906549	-1.058647886439428	0.4735663716312043	0.1042967153498873
chr5_pat	7000000	7200000	0.011198941089942864	-0.7369734472716084	0.46319419527609784	-0.06737140032550416
chr5_pat	7200000	7400000	0.008282189397807251	-1.0133298200769205	0.41426863807409525	0.08784773299679045
chr5_pat	7400000	7600000	0.012902730606052874	-0.1566629455237799	0.22827047831518013	-0.39153595265526914
chr5_pat	7600000	7800000	0.016416654432058204	0.4439028730664553	0.26681345928180444	-0.5922852583484229
chr5_pat	7800000	8000000	0.01517263223440856	0.16402622502624545	0.301591934673935	-0.28105993560541637
chr5_pat	8000000	8200000	0.014544599013735445	-0.3422022209743189	0.30831029867100523	-0.3367714889341474
chr5_pat	8200000	8400000	0.01601058936837085	0.3057711329949284	0.3735982320563744	-0.4401275454762266
chr5_pat	8400000	8600000	0.01147863142857722	-0.3159901512810223	0.39934439733513927	-0.3578372746113069
chr5_pat	8600000	8800000	0.011341248021039948	-0.04384739825483401	0.24051634341152875	-0.43431432612650894
chr5_pat	8800000	9000000	0.013656178512877698	0.8142593978576722	0.30888983914118195	-0.5451471981810813
chr5_pat	9000000	9200000	0.013785645311850944	0.5984915577108882	0.39183599467136665	-0.5002545854575626
chr5_pat	9200000	9400000	0.010994203617096864	0.12155228464508462	0.2954641044141823	-0.5806282108104699
chr5_pat	9400000	9600000	0.01171383745892633	0.4677461409294309	0.3988386924496339	-0.551878062135909
chr5_pat	9600000	9800000	0.009718211112566063	-0.4337445814916599	0.28214184195187336	-0.26087551158369937
chr5_pat	9800000	10000000	0.014618440713178285	0.6034433916714782	0.46032687267337813	-0.6297662223932305
chr5_pat	10000000	10200000	0.014494252650465736	0.5987334405760741	0.5044691964621879	-0.6350223302224344
chr5_pat	10200000	10400000	0.010193224837255802	-0.4459537938506262	0.3041920582612838	-0.24895500590963313
chr5_pat	10400000	10600000	0.011778260926182687	0.5755359685173631	0.39989986367330016	-0.7036653571414346
chr5_pat	10600000	10800000	0.012789275079128646	0.792205866941269	0.35259428772786006	-0.6584653948111304
chr5_pat	10800000	11000000	0.012894821232352046	0.9036783786827877	0.3894251857135465	-0.6974179338428674
chr5_pat	11000000	11200000	0.013099646090716236	0.7612431047991887	0.35868816226627376	-0.677373991732812
chr5_pat	11200000	11400000	0.011976363603644563	-0.028324549040266267	0.37996047932225424	-0.5508016441821966
chr5_pat	11400000	11600000	0.008896073785198003	-0.7209042658354632	0.4700162000951489	-0.1544525878240664
chr5_pat	11600000	11800000	0.011837589430965498	-0.1589254053269623	0.4711057819357499	-0.42589888150824834
chr5_pat	11800000	12000000	0.014908978825680772	0.5025491552583702	0.36715040792079817	-0.6508122994668329
chr5_pat	12000000	12200000	0.014573716017390199	-0.15090535823352833	0.5089965736358448	-0.2879207836976358
chr5_pat	12200000	12400000	0.010510156293217731	-0.36168679242614127	0.3726330573823219	-0.2905366147390919
chr5_pat	12400000	12600000	0.013633278049500618	0.7194469576117544	0.37335511704704993	-0.8556686697455312
chr5_pat	12600000	12800000	0.014113683518916823	0.2488812958996571	0.30601624623564827	-0.5912711775907008
chr5_pat	12800000	13000000	0.014400072840605398	0.5690899600434256	0.2061717444918604	-0.7972930794668848
chr5_pat	13000000	13200000	0.008905890524841656	-0.7792883643817125	0.4674116142430685	-0.1880785390827106
chr5_pat	13200000	13400000	0.009966164639734576	-0.48876439173154373	0.29844497609708603	-0.3752542719827186
chr5_pat	13400000	13600000	0.011094460640674654	-0.5196703175931608	0.39866021699874077	-0.3197633470100148
chr5_pat	13600000	13800000	0.00991633543482094	-0.8722418814682171	0.6289104895769967	-0.08786194889418675
chr5_pat	13800000	14000000	0.01149687813812966	-0.41550812322948105	0.35440347717139303	-0.4120174040826071
chr5_pat	14000000	14200000	0.00944350954817722	-0.7495569146381347	0.3568308857686519	-0.20658036430953466
chr5_pat	14200000	14400000	0.013838622522489243	0.46710651812747256	0.36033464554236205	-0.8314404676040313
chr5_pat	14400000	14600000	0.012671222438840989	0.4027785452884203	0.36056897035844404	-0.702986919283837
chr5_pat	14600000	14800000	0.011090079540706604	-0.560374847101425	0.36348148892165455	-0.35773651608116797
chr5_pat	14800000	15000000	0.0140131460480388	0.4293959053816455	0.3755262409075098	-0.8701432791291436
chr5_pat	15000000	15200000	0.012440976532521516	-0.3373419210940425	0.38443932458753116	-0.4025558896768563
chr5_pat	15200000	15400000	0.012076352568403214	0.07013767349009203	0.4230323196121094	-0.6230868936907936
chr5_pat	15400000	15600000	0.010590217597000656	-0.6768333785358375	0.48605730922469637	-0.200718340521983
chr5_pat	15600000	15800000	0.013048065619828221	-0.6737426126729426	0.420459386343959	-0.2898216392414819
chr5_pat	15800000	16000000	0.01739372531936849	-0.042692884814518446	0.5243981528169822	-0.4391808230835463
chr5_pat	16000000	16200000	0.01724509724777201	-0.058770748989108196	0.4262008448890647	-0.49770114855036246
chr5_pat	16200000	16400000	0.010082614920949131	-0.6251273991556879	0.4420986110083286	-0.34282389458600765
chr5_pat	16400000	16600000	0.015163437234999457	0.5988758624213737	0.26468328015547415	-0.8998836785647286
chr5_pat	16600000	16800000	0.014485440929275523	0.1749200729862711	0.2848309345754206	-0.7179673222458256
chr5_pat	16800000	17000000	0.011143477874124983	-0.558444302875556	0.34319477292225703	-0.3443782352662296
chr5_pat	17000000	17200000	0.020515085278288166	0.3620073619468977	0.3488952667812198	-0.6806867059925263
chr5_pat	17200000	17400000	0.020018641342944524	-0.1761533680247181	0.3007258001961235	-0.43867876104306197
chr5_pat	17400000	17600000	0.023766196482662445	-0.28782197915947594	0.5489565577728445	-0.30385476745607043
chr5_pat	17600000	17800000				
chr5_pat	17800000	18000000				
chr5_pat	18000000	18200000				
chr5_pat	18200000	18400000				
chr5_pat	18400000	18600000				
chr5_pat	18600000	18800000				
chr5_pat	18800000	19000000				
chr5_pat	19000000	19200000				
chr5_pat	19200000	19400000				
chr5_pat	19400000	19600000	0.016438277263284107	0.9038250648145421	0.2179284060433936	-0.3914630867329098
chr5_pat	19600000	19800000	0.01220693061639417	-0.6917514612684478	0.23736725415187873	0.12298584927054164
chr5_pat	19800000	20000000	0.01413689510391276	0.00797298743308571	0.1822835621463109	0.12515137229832238
chr5_pat	20000000	20200000	0.015410320045390042	0.3398442286526661	0.16754739658810253	-0.12466488257843555
chr5_pat	20200000	20400000	0.014100517753504438	-0.20677422200751455	0.23632614551438283	0.08998917512530799
chr5_pat	20400000	20600000	0.01587616797299067	-0.4849812173297204	0.356826367392264	0.22317500878008303
chr5_pat	20600000	20800000	0.018216072334300684	0.5973593171992292	0.16394548617084329	0.030610243025041953
chr5_pat	20800000	21000000	0.015211064149486088	0.696034797040192	0.14668566834389737	-0.08463086697019812
chr5_pat	21000000	21200000	0.011187341652122646	-0.294157358657322	0.25416552026394884	0.3204898168844645
chr5_pat	21200000	21400000	0.01748678645376395	0.8501817503267783	0.29245008729919014	0.005610282271457638
chr5_pat	21400000	21600000	0.016944622840932663	1.0351077251817233	0.07346350408900369	-0.0034033540247511143
chr5_pat	21600000	21800000	0.016536732755876592	1.0261495597230137	0.2248295900165414	-0.08319301436233256
chr5_pat	21800000	22000000	0.017252158590989237	0.9026559379619999	0.17506048520054684	-0.22662016404474317
chr5_pat	22000000	22200000	0.017531546566078176	1.003080571431359	0.24410376311084475	-0.1499689902330211
chr5_pat	22200000	22400000	0.0172512071237383	0.9550055244435642	0.22029754122128786	-0.15803369736236947
chr5_pat	22400000	22600000	0.014990943419922947	0.9875689160805576	0.19021269557784118	-0.023942241758456672
chr5_pat	22600000	22800000	0.016942019407480805	1.01631322303895	0.20890317482728257	0.01751070612968922
chr5_pat	22800000	23000000	0.01471697012491603	0.9538939030980423	0.20546271838165617	-0.006247453257918434
chr5_pat	23000000	23200000	0.01164467226472349	-0.12443911826570825	0.26384139965794073	0.21634802801277725
chr5_pat	23200000	23400000	0.012751177915155057	-0.6645380649913132	0.35656991360990353	0.5002568555126935
chr5_pat	23400000	23600000	0.011253641312154828	-0.2898419618270083	0.3599153646889914	0.3557324782435668
chr5_pat	23600000	23800000	0.016704772416618323	0.38790046320534094	0.3455913650016268	0.2897917218116862
chr5_pat	23800000	24000000	0.014709409261567632	0.3875379588322558	0.4092221721796286	0.3555017095557295
chr5_pat	24000000	24200000	0.012804289683522473	-0.04765853378114966	0.362037621756053	0.5205655187581142
chr5_pat	24200000	24400000	0.014428538038241656	0.6844294902620021	0.2894182103665344	0.37891050195644255
chr5_pat	24400000	24600000	0.016747304240285976	0.8727150639277714	0.00792359487318949	0.09103629026262444
chr5_pat	24600000	24800000	0.01129935596997427	-0.24877634910874222	0.4010949149908607	0.37545085709191783
chr5_pat	24800000	25000000	0.011157548152959695	-0.32557121526843114	0.4036363793780778	0.28178004034673426
chr5_pat	25000000	25200000	0.009898783700281358	-0.8287195539899752	0.4823747254715151	0.23451373088507257
chr5_pat	25200000	25400000	0.010914509479796093	-0.9424291278614036	0.6779019094832084	0.23135670574640588
chr5_pat	25400000	25600000	0.010435951280245902	-1.0633500501534208	0.6354279262189858	0.14153494551198745
chr5_pat	25600000	25800000	0.011978710168524684	-0.7330124746899002	0.5657536041799267	0.1889223182434246
chr5_pat	25800000	26000000	0.012413660903304594	-0.6941420081149576	0.47746624289708034	0.15640106272260348
chr5_pat	26000000	26200000	0.013103174092102701	-0.21358624569276274	0.5804047215730235	0.3607736211616044
chr5_pat	26200000	26400000	0.012586226373132045	-0.15110392481771384	0.3926494899241161	0.3582124582986396
chr5_pat	26400000	26600000	0.014235182227204199	-0.12773096752367577	0.32297723797808975	0.3899489012670136
chr5_pat	26600000	26800000	0.00871997935589557	-1.028462359806911	0.5319969841478396	0.28034698964529553
chr5_pat	26800000	27000000	0.010752031099081202	-0.5756129663861563	0.4519181913900808	0.3031910386810834
chr5_pat	27000000	27200000	0.011799056049932569	-0.4634169758343971	0.43869140163928516	0.34525549843691306
chr5_pat	27200000	27400000	0.014476798574758839	-0.33056894618618454	0.3595754674185251	0.344220952969357
chr5_pat	27400000	27600000	0.010584600853860827	-0.3278044079324345	0.5265718284080981	0.4464945033098176
chr5_pat	27600000	27800000	0.012592761483587052	0.5717016325397598	0.30671084985343144	0.2840321419473878
chr5_pat	27800000	28000000	0.009789114324078875	-0.8087985441990314	0.5087438772060874	0.2967986037371235
chr5_pat	28000000	28200000	0.012657342182168456	0.09996605884514302	0.3103162996033405	0.2740903424045865
chr5_pat	28200000	28400000	0.010278858377022396	-0.653539141969931	0.5127184073333139	0.3002396214328995
chr5_pat	28400000	28600000	0.013250785187434845	-0.35940143015025766	0.46329203678419506	0.24011694436169864
chr5_pat	28600000	28800000	0.00965794637035955	-0.9422524093004375	0.5611472847882227	0.1955768890724278
chr5_pat	28800000	29000000	0.012087890287557254	-0.7852307421384274	0.5697755514253166	0.2652746923516824
chr5_pat	29000000	29200000	0.015525212628902477	0.4325968980692437	0.28665804462922573	0.33633433304536897
chr5_pat	29200000	29400000	0.016704728066675938	0.8836564034189688	0.2294090861782596	0.44549401480825923
chr5_pat	29400000	29600000	0.010843324104995182	-0.45701785481976703	0.5471192952901037	0.5613528456113669
chr5_pat	29600000	29800000	0.011715324609891367	-0.22009606481128316	0.4512701574333365	0.54367860199278
chr5_pat	29800000	30000000	0.01570679238932225	0.40370484798377304	0.48377678148767983	0.6281378201761261
chr5_pat	30000000	30200000	0.014245462522613488	-0.5675627610358734	0.7004984163878465	0.40946558797468857
chr5_pat	30200000	30400000	0.010503754300394677	-0.852873780915018	0.7374092873507565	0.3794287911773771
chr5_pat	30400000	30600000	0.01109345244032702	-0.9723648897598499	0.6639570578522527	0.23287812890342519
chr5_pat	30600000	30800000	0.011303650542378136	-0.7944430664094196	0.64465882998103	0.24037179934939132
chr5_pat	30800000	31000000	0.01607511822243358	-0.333408245235268	0.4683263182854223	-7.62464816399543e-05
chr5_pat	31000000	31200000	0.010676956802979108	-0.8800996136953937	0.5704244784988303	0.08930980758297125
chr5_pat	31200000	31400000	0.010735875019008238	-0.4574793991739633	0.4879323723862812	0.25360297150866334
chr5_pat	31400000	31600000	0.010472630011571844	-0.6854517921445742	0.5409025381835059	0.3362600106457792
chr5_pat	31600000	31800000	0.0126646703541113	-0.24716610571431366	0.47662866232933887	0.3287819627410605
chr5_pat	31800000	32000000	0.012296471813019492	-0.49562705615865	0.5317755938881327	0.39167928800287255
chr5_pat	32000000	32200000	0.013083615108070329	0.2292496626790852	0.4327573991066767	0.4057934543129608
chr5_pat	32200000	32400000	0.015587883858578662	0.9468623986641513	0.336835575019823	0.3583990847111595
chr5_pat	32400000	32600000	0.011418879245915366	-0.4008637848394097	0.5041446441936199	0.31917053631186615
chr5_pat	32600000	32800000	0.013554509326740486	0.3087618760748251	0.4101016303577829	0.2285758832264589
chr5_pat	32800000	33000000	0.01500781133226853	0.675714630269087	0.31116633183390585	0.276032050129747
chr5_pat	33000000	33200000	0.013765867017188908	0.1896494507162426	0.42476672111378677	0.45423818545186573
chr5_pat	33200000	33400000	0.015047567807661586	0.28672259489481144	0.4969059293137321	0.3718776932289422
chr5_pat	33400000	33600000	0.02313521569638285	1.0177901061937682	0.4098555178487987	0.2669824224253344
chr5_pat	33600000	33800000	0.027511695540475778	0.6275336277810001	0.3512296817835489	0.41690926895552843
chr5_pat	33800000	34000000	0.022213867519290127	0.6969186591489459	0.4164841152842505	0.4383789212561507
chr5_pat	34000000	34200000	0.02192906057321084	0.4551008375573974	0.3502866170764787	0.2261312525917047
chr5_pat	34200000	34400000	0.0189325180574321	0.6540158443114645	0.4786010657418092	0.23538757498077778
chr5_pat	34400000	34600000	0.020783031074392725	-0.1844191710581011	0.551964335566424	0.2323239978189066
chr5_pat	34600000	34800000	0.012892401879170111	-0.6457169547097475	0.4574590160169185	0.446455784676511
chr5_pat	34800000	35000000	0.013135774010710949	0.6570579469212543	0.48611858499115906	0.40286903697605536
chr5_pat	35000000	35200000	0.013416807571443158	1.0810288336710423	0.4308995106677227	0.3521303256656519
chr5_pat	35200000	35400000	0.017146829704748054	1.079138578580891	0.5051850605719713	0.3641409651583016
chr5_pat	35400000	35600000	0.01762750344374125	1.0302236196110754	0.5683385157763856	0.25606273125861806
chr5_pat	35600000	35800000	0.018958441615926785	1.0578882910425724	0.5592529738532367	0.29707622332650824
chr5_pat	35800000	36000000	0.015130869967587201	1.0392115084297076	0.5191320861109724	0.3620374954995155
chr5_pat	36000000	36200000	0.018473306485861204	0.9666509397509643	0.49453896670196257	0.394175889888709
chr5_pat	36200000	36400000	0.023267971176619412	0.7720962737334276	0.46977595031752023	0.4808776322309463
chr5_pat	36400000	36600000	0.022184946486818374	0.9208603514242534	0.47405342258907646	0.24660856428569136
chr5_pat	36600000	36800000	0.016786362797144724	0.8243005304002017	0.5294455719726532	0.3381532353829292
chr5_pat	36800000	37000000	0.015733092165890538	-0.36609325185080005	0.4550816690477012	0.5033884560601259
chr5_pat	37000000	37200000	0.011213645102723971	-1.0695487410780953	0.5702501584902325	0.25178140634962837
chr5_pat	37200000	37400000	0.011953133088035929	-0.4735715270486784	0.5510834039095113	0.2924429642073142
chr5_pat	37400000	37600000	0.01197346595679433	-0.009018558732310656	0.5536864225782185	0.5210748006374112
chr5_pat	37600000	37800000	0.02082492421310487	0.9142172800623245	0.41899015143435686	0.36781802870180386
chr5_pat	37800000	38000000	0.019711671891019043	1.055217044327827	0.5349479533903241	0.3959669501691722
chr5_pat	38000000	38200000	0.02101513897621961	1.0764947763328396	0.5074273746137679	0.38651456731069983
chr5_pat	38200000	38400000	0.023591678628844752	0.9903137079013242	0.46457672115584125	0.4708236071897444
chr5_pat	38400000	38600000	0.014813423300710728	0.3425291014567067	0.5773997991017933	0.5304057737800963
chr5_pat	38600000	38800000	0.009833244233110777	-0.9574960424632536	0.5632452510179321	0.368176624635726
chr5_pat	38800000	39000000	0.009944371280047753	-0.9035976219630453	0.48956067626948796	0.2931371888617848
chr5_pat	39000000	39200000	0.013684208587068146	-0.2919209263109262	0.5310772291903918	0.34160434822295244
chr5_pat	39200000	39400000	0.014830731003627154	0.14363817302647303	0.44498007880193774	0.3634147707788885
chr5_pat	39400000	39600000	0.017322113917025938	0.39413939107594403	0.6777378116796665	0.5556850667776077
chr5_pat	39600000	39800000	0.017233809462051945	-0.1428726717945889	0.6043873288426036	0.40235200879399396
chr5_pat	39800000	40000000	0.015257285301571989	0.26334320275859757	0.35757694470821155	0.3862513206079436
chr5_pat	40000000	40200000	0.015518765031887028	0.9918273739260655	0.45282686083259976	0.4815663964578435
chr5_pat	40200000	40400000	0.013903582196257591	0.5572367649463882	0.5773486564415413	0.2901432171086538
chr5_pat	40400000	40600000	0.009777696437862702	-1.0531025676229624	0.4425358776687416	0.10316185931390984
chr5_pat	40600000	40800000	0.011546253933282125	-0.7376681948568659	0.41813391547123047	0.11897149414131597
chr5_pat	40800000	41000000	0.010863364128212516	-1.0208992355630786	0.3784987588642538	-0.05611112348992977
chr5_pat	41000000	41200000	0.010018785878042264	-1.0008601862654927	0.44541235243611393	0.08343686730437029
chr5_pat	41200000	41400000	0.012767359712299236	-0.3650245859862207	0.6115516916958296	0.2548050775802302
chr5_pat	41400000	41600000	0.012647242393046551	-0.4605935923077236	0.5229850868005178	0.27093605717201885
chr5_pat	41600000	41800000	0.013545285819701179	-0.27110470657757896	0.5177261079518765	0.2614305271190099
chr5_pat	41800000	42000000	0.012731523986393462	-0.9832876035087833	0.3126996887584874	0.12459845554043127
chr5_pat	42000000	42200000	0.012238819575418333	-0.4709391343664989	0.4831779651002418	0.10503403775053867
chr5_pat	42200000	42400000	0.00961939681157876	-1.0097109664918191	0.3227466353809535	0.16228276908375133
chr5_pat	42400000	42600000	0.01631822618473835	0.16843344892910914	0.5021259460663146	0.2350156713508449
chr5_pat	42600000	42800000	0.015372918247428443	0.8355503581603069	0.4380392930835596	0.1882025459244142
chr5_pat	42800000	43000000	0.015305636239665745	1.0512652989985545	0.3660872058772357	0.296203595413025
chr5_pat	43000000	43200000	0.017669689566359496	0.9027795590742653	0.3967402210657398	0.24927237949641998
chr5_pat	43200000	43400000	0.022152832787349398	0.9826152270852442	0.4330750408997879	0.2484330380159022
chr5_pat	43400000	43600000	0.023404696313149273	0.9564785431867995	0.4067568754162283	0.22213974760445643
chr5_pat	43600000	43800000	0.012866155491693522	0.0768721235602211	0.3346221271498591	0.33660969527059215
chr5_pat	43800000	44000000	0.009526087111134111	-0.7157906587757286	0.2877966264625693	0.2786456294721285
chr5_pat	44000000	44200000	0.01443546557733816	0.6438935920614135	0.47944369507209134	0.299724414840121
chr5_pat	44200000	44400000	0.019363612756763966	1.000473777142237	0.5936036655986267	0.3278546512180859
chr5_pat	44400000	44600000	0.016205874722291697	0.9670605708946122	0.5547988207506631	0.2859915475970461
chr5_pat	44600000	44800000	0.018664211186792137	0.983632892878687	0.4726438358661176	0.21100035898545064
chr5_pat	44800000	45000000	0.01630111437442828	0.9324521873677012	0.45769162380434225	0.11777276739943403
chr5_pat	45000000	45200000	0.01907165642183025	0.9372599011329285	0.4074452963374696	0.26784074664218
chr5_pat	45200000	45400000	0.017685535191398743	0.9707251536539208	0.4271711428527626	0.26027068328507247
chr5_pat	45400000	45600000	0.014404422325007587	0.9493180051354686	0.42027367239972774	0.21953094664358985
chr5_pat	45600000	45800000	0.015094424158951788	1.0328081430243503	0.3976308211486011	0.1972531586816052
chr5_pat	45800000	46000000	0.015196932540257998	1.0395592391473383	0.31923837922929227	0.31259936713149883
chr5_pat	46000000	46200000	0.014912386081511497	0.6941235568157424	0.40294653204172365	0.39104370201566957
chr5_pat	46200000	46400000	0.01185950858413175	0.07474318878293114	0.41321198112964386	0.2637619622197521
chr5_pat	46400000	46600000	0.013294783188201317	0.45507328794319246	0.24024048971766276	0.26335635208855135
chr5_pat	46600000	46800000	0.01335923893683021	-0.25651395276036826	0.33975329922489245	0.17101024357119513
chr5_pat	46800000	47000000	0.012368720986069769	-0.09684466186792862	0.24652696617646114	0.10802012035251246
chr5_pat	47000000	47200000	0.009821608685053315	-0.5223478274610172	0.14307558051567604	0.08644579967210111
chr5_pat	47200000	47400000	0.011666443776524302	-0.13425343915425864	0.13556472495840408	0.047759617972137715
chr5_pat	47400000	47600000	0.012732016775998799	-0.35647638406927595	0.17542428366379734	0.025860116925288164
chr5_pat	47600000	47800000	0.01074608467838763	-0.5316638742571546	0.05970788386676897	0.16704219082794206
chr5_pat	47800000	48000000	0.010587441444765599	-0.5749316660532069	0.031185424797418072	0.33422675820254694
chr5_pat	48000000	48200000	0.01124286323384518	-0.13047550535823568	0.2445824927516198	0.30011740495353295
chr5_pat	48200000	48400000	0.009674308590884362	-1.1954331762877437	0.013878479775369199	0.10036643757632054
chr5_pat	48400000	48600000	0.010698496104160186	-0.3665070039235525	0.07728652571623125	0.27016493486327436
chr5_pat	48600000	48800000	0.012924976050296045	0.671698753752468	0.2901786413246789	0.30459631387659086
chr5_pat	48800000	49000000				
chr5_pat	49000000	49200000				
chr5_pat	49200000	49400000	0.04319294391704691	-0.5876828015278109	0.15443019922358472	0.32475695047319114
chr5_pat	49400000	49600000	0.010172600727878857	-0.7400341301522929	0.025726535540980165	0.12721193058093394
chr5_pat	49600000	49800000	0.012810444413450773	0.4390184442039	0.16975070478043233	0.16578272864457844
chr5_pat	49800000	50000000	0.009637272058921181	-0.8852850084402368	-0.02366505928902952	0.2816648210738231
chr5_pat	50000000	50200000	0.013197308619218983	-0.004290899257075791	0.10109517062585098	0.25448278153408627
chr5_pat	50200000	50400000	0.017508191156899253	0.9783886519737927	-0.025084377530957987	0.16409939638550156
chr5_pat	50400000	50600000	0.0180103852074302	1.0221244479818754	0.013784644960371269	0.4687740036269298
chr5_pat	50600000	50800000	0.018889742705641616	1.0895771171646658	-0.11324062202548066	0.3275603253204949
chr5_pat	50800000	51000000	0.024604153104584612	1.0870049372685473	-0.0038241508140574886	0.5938543049719355
chr5_pat	51000000	51200000	0.018858791816461683	1.0065799915967975	-0.03345805639817266	0.37928256749423817
chr5_pat	51200000	51400000	0.018316350416157652	0.40200915760754213	0.06725684884080585	0.26284836213628526
chr5_pat	51400000	51600000	0.011498732733550098	-0.3123781404699278	0.07848264639836829	0.5043012348128226
chr5_pat	51600000	51800000	0.011613953481045417	-0.14248125540017836	0.13114835978562575	0.3226153469672586
chr5_pat	51800000	52000000	0.013417119230335773	0.06805606004531438	0.04485073373231408	0.38097860002582307
chr5_pat	52000000	52200000	0.008950920292636637	-0.7575625216598664	-0.09930688265810038	0.41576033912727645
chr5_pat	52200000	52400000	0.015127875189280571	0.9561109170859274	0.0017025407080971569	0.39377374394223896
chr5_pat	52400000	52600000	0.014030811569581365	1.0897348599624956	-0.05924006993866272	0.4508256365053546
chr5_pat	52600000	52800000	0.017470778376825792	0.6843321132512605	-0.03860527576083423	0.3160149591989423
chr5_pat	52800000	53000000	0.009958064205834236	-0.9463476581388346	-0.22854335614541613	0.3055285602008419
chr5_pat	53000000	53200000	0.009045982127167687	-1.0914302636010527	-0.2294969862847155	0.06619545739662984
chr5_pat	53200000	53400000	0.011766513698070453	-0.8225196506927558	-0.07703588181263896	-0.00587777627997236
chr5_pat	53400000	53600000	0.01166873827573438	-0.6438835667636046	0.022815642773015052	0.15481945576435258
chr5_pat	53600000	53800000	0.014083831147701842	-0.2624380487804618	-0.02314477459461841	0.16615724668141585
chr5_pat	53800000	54000000	0.010572828514293791	-1.0040915325950512	-0.2475252990887705	0.17442212143297028
chr5_pat	54000000	54200000	0.00938702854198248	-0.9919911476471696	-0.24551676102355463	0.11979118444668217
chr5_pat	54200000	54400000	0.012306465324076928	0.25419239495024565	-0.0878884890731974	0.47050458117565186
chr5_pat	54400000	54600000	0.013432979102770588	1.1729841088994009	-0.20003675114413202	0.6551478507727126
chr5_pat	54600000	54800000	0.012678337090808218	1.2904021795307723	-0.3046682231574793	0.4710425038797352
chr5_pat	54800000	55000000	0.013153687126832193	1.1786397275858513	-0.14073741213113464	0.5188726032016633
chr5_pat	55000000	55200000	0.012237904954295577	0.4533061187363658	-0.14555444836749198	0.5120673475661321
chr5_pat	55200000	55400000	0.012214785950088727	-0.0902882659189629	-0.15452279499977695	0.36862167441115257
chr5_pat	55400000	55600000	0.01350921225623229	0.2767206779034531	0.08027286107746423	0.43390088918513187
chr5_pat	55600000	55800000	0.010679151889925052	-0.3481556809004214	-0.15656656278016792	0.4678678907772983
chr5_pat	55800000	56000000	0.014050488989230111	0.6244880408478233	-0.13457951818565292	0.4516696051702875
chr5_pat	56000000	56200000	0.012395423529278778	0.16981566528941536	-0.1743222963957685	0.46380886767340723
chr5_pat	56200000	56400000	0.014451652153873982	0.5928194788827555	-0.07779997600975103	0.4937732044155168
chr5_pat	56400000	56600000	0.01240831707692825	-0.6159406125249706	-0.33494923537431975	0.321661211774946
chr5_pat	56600000	56800000	0.009909006679331237	-0.9280721246926977	-0.4323730166698452	0.3433931673124857
chr5_pat	56800000	57000000	0.01160450144841196	0.43064616202670025	-0.23830821177432593	0.44021486069006466
chr5_pat	57000000	57200000	0.009917712540367118	-0.5353628952914152	-0.40319215438857836	0.4285019587161174
chr5_pat	57200000	57400000	0.011781390449550018	0.2808492035262224	-0.28920403035944153	0.6572833998118761
chr5_pat	57400000	57600000	0.012641067544687674	1.305431677063466	-0.40206016940022354	0.6143890071764204
chr5_pat	57600000	57800000	0.01310295162561248	1.0197136358453753	-0.270917021158952	0.5331391711696836
chr5_pat	57800000	58000000	0.011842917113876512	0.017110093676814056	-0.3319147188304197	0.5389536173092888
chr5_pat	58000000	58200000	0.011941328755496007	-0.21570241028944534	-0.3717639330189238	0.43925224398860385
chr5_pat	58200000	58400000	0.011267767589015052	-0.5833609640768376	-0.25222729934476423	0.5000566639482977
chr5_pat	58400000	58600000	0.009693520896692651	-0.5307536623338819	-0.49132799460283355	0.5174944080567782
chr5_pat	58600000	58800000	0.011430313993934982	0.05400223355191471	-0.3559318475901573	0.49700861925110623
chr5_pat	58800000	59000000	0.01462963741314585	0.48655665447037627	-0.397284157628518	0.5604473269185243
chr5_pat	59000000	59200000	0.013409951428890003	0.18534741316202155	-0.3748565866552082	0.4343478932992211
chr5_pat	59200000	59400000	0.007944199743515836	-1.2767265550061917	-0.8592626897052741	0.4687130850371561
chr5_pat	59400000	59600000	0.011282801426099809	0.27415298628099055	-0.257198283264432	0.6624133688088232
chr5_pat	59600000	59800000	0.011036466771837734	-0.11790709448920371	-0.4541885790392148	0.5415528590997398
chr5_pat	59800000	60000000	0.014701378114387634	0.6870697979956782	-0.2841670647208238	0.6795283848224515
chr5_pat	60000000	60200000	0.011467863207067322	-0.13170714623783691	-0.3851656759178859	0.5624131768023095
chr5_pat	60200000	60400000	0.011260238544067014	-0.6208103212546138	-0.4276547595274032	0.5269825633730801
chr5_pat	60400000	60600000	0.009888080076814833	-0.8000091468902415	-0.5954573288829423	0.4941262319453482
chr5_pat	60600000	60800000	0.01037341226862292	-0.4828522818200252	-0.3226491486118501	0.4933517589947856
chr5_pat	60800000	61000000	0.014676141681378284	0.7225871842446704	-0.24945464800266956	0.5385733776987519
chr5_pat	61000000	61200000	0.01139457957251325	-0.42941704227892497	-0.22497420266218243	0.3653338862337361
chr5_pat	61200000	61400000	0.008748187534421224	-1.3008475598198315	-0.7118997741005423	0.3875227155930887
chr5_pat	61400000	61600000	0.010715115232076395	-0.6121888520952864	-0.4235558489859666	0.3259455542454661
chr5_pat	61600000	61800000	0.01548113912672293	-0.7214298552988874	-0.3551027686642577	0.5123291398103884
chr5_pat	61800000	62000000	0.008531432820424715	-1.2164857495062966	-0.7756787382568597	0.3399541551135485
chr5_pat	62000000	62200000	0.008330840451536333	-0.9336817895930349	-0.6929826413064769	0.4781877904416415
chr5_pat	62200000	62400000	0.009830188059344836	1.0837320775550958	-0.3986156843220485	0.5982038339122725
chr5_pat	62400000	62600000	0.010426060464156782	1.144868003676465	-0.4863129414574268	0.7109564126326355
chr5_pat	62600000	62800000	0.010045975516510593	0.8280599069401939	-0.4422436336803334	0.6711731925504508
chr5_pat	62800000	63000000	0.008239711756332943	-1.2712468062707454	-1.0116810121998832	0.7111384626375801
chr5_pat	63000000	63200000	0.013460754889447181	0.6559039396031133	-0.4556705484680495	0.7176208806847442
chr5_pat	63200000	63400000	0.03587424526173228	0.9979368480171645	-0.6414997325838797	0.6911309400263068
chr5_pat	63400000	63600000	0.02016516490229791	0.5765403247185669	-0.48324490054113434	0.7566715586985244
chr5_pat	63600000	63800000				
chr5_pat	63800000	63896914				
chr6_pat	0	200000				
chr6_pat	200000	400000				
chr6_pat	400000	600000				
chr6_pat	600000	800000	0.024732625384008628	1.07254272084494	0.5966042797989551	-0.42251837957084715
chr6_pat	800000	1000000	0.015583043461178362	0.9997050729771936	0.38387170259971787	-0.4348581445233156
chr6_pat	1000000	1200000	0.014421711972702441	1.066079403928035	0.45979455191102375	-0.5098051619980987
chr6_pat	1200000	1400000	0.01486334698312095	1.0144003123383336	0.3833606252735298	-0.6329920376413124
chr6_pat	1400000	1600000	0.014844139413005292	0.8982627294052508	0.12340391469688511	-0.5835817234606367
chr6_pat	1600000	1800000	0.009431848585573513	-0.5328334745857211	-0.1905312346334756	-0.17671204837062918
chr6_pat	1800000	2000000	0.00953613730730249	-0.707507546941087	-0.295755354906558	-0.2033569898441124
chr6_pat	2000000	2200000	0.009129290162558725	-0.8835950696293183	0.09023020807075616	-0.05994260908858804
chr6_pat	2200000	2400000	0.014987901325472931	-0.16228690351771688	-0.11287789785544375	-0.21057447042301922
chr6_pat	2400000	2600000	0.012362883318548547	-0.5277777174473175	0.22687531488175883	-0.05525767775700047
chr6_pat	2600000	2800000	0.015036945834475828	-0.11842228658030082	-0.09149772688206433	0.13473691176935432
chr6_pat	2800000	3000000	0.01547068260306145	0.0602481564162434	-0.022682884340466877	-0.02952956732839115
chr6_pat	3000000	3200000	0.015438966306696238	-0.7585532346474344	0.21919611440924422	0.21075425122553554
chr6_pat	3200000	3400000	0.010320687156680351	-0.8810113694545173	0.73369803101358	0.4707559324865986
chr6_pat	3400000	3600000	0.012620685243930847	-0.8544279322245525	0.3222835281955675	0.41302232869726396
chr6_pat	3600000	3800000	0.01116317471081863	-0.7394540422147193	0.28018133105655924	0.436209597459399
chr6_pat	3800000	4000000	0.010544541220900126	-0.9311941195315007	0.32323823244870625	0.447473301251858
chr6_pat	4000000	4200000	0.010044041625871015	-0.8267884641704862	0.6558080847249037	0.39268838034533343
chr6_pat	4200000	4400000	0.014580126100442377	0.5235211080404911	0.21973911220353257	0.5675639368525757
chr6_pat	4400000	4600000	0.014041204192941286	0.71579571309946	0.22976628073190633	0.7859303968208509
chr6_pat	4600000	4800000	0.014488241069883289	0.7874641094582323	0.23175224259775715	0.7974042607223913
chr6_pat	4800000	5000000	0.013965263126114204	0.9032974403423055	0.45067617778693125	0.6301200906611089
chr6_pat	5000000	5200000	0.01348481937174314	0.9066887259996228	0.37980417514677317	0.5543072501950993
chr6_pat	5200000	5400000	0.015113705837355107	0.9268583944179559	0.3562229456544289	0.5405714550601171
chr6_pat	5400000	5600000	0.025882385658968332	0.9029832075959233	0.4198561732046867	0.6294246915222542
chr6_pat	5600000	5800000				
chr6_pat	5800000	6000000				
chr6_pat	6000000	6200000				
chr6_pat	6200000	6400000				
chr6_pat	6400000	6600000				
chr6_pat	6600000	6800000	0.02092621111913418	1.0417806917683152	0.5959722553737888	0.2901289256504769
chr6_pat	6800000	7000000				
chr6_pat	7000000	7200000	0.016954216530357447	-0.2785001925304965	-0.011332141970917418	0.2887352690085966
chr6_pat	7200000	7400000	0.008914827814149902	-0.9321545858573876	0.43752038074405997	0.1632564715719679
chr6_pat	7400000	7600000	0.010581518785890589	-0.5315615868854964	-0.10108916487507784	0.40084175614090045
chr6_pat	7600000	7800000	0.017530164288421468	-0.24187628515901552	-0.4423764373296064	0.339112190696154
chr6_pat	7800000	8000000	0.013881446651447306	-0.4393607403557469	-0.40506930559478377	0.4232658572425125
chr6_pat	8000000	8200000	0.013055806690471877	0.15094450655636174	-0.6329631655277981	0.4605985096780372
chr6_pat	8200000	8400000	0.011503736206344562	-0.009837167820717814	-0.5399905154206278	0.3353845761831328
chr6_pat	8400000	8600000	0.014767352410830955	0.8718035054167041	-0.08123329292188247	0.4896613048973306
chr6_pat	8600000	8800000	0.013015068983883715	0.5271776103763962	-0.2830451327582488	0.5418984112980613
chr6_pat	8800000	9000000	0.014297676664182331	0.9488462266251891	0.10116954292856396	0.5161317466641102
chr6_pat	9000000	9200000	0.01260329217830959	0.9193117789997213	0.15092215113851046	0.5472437180884826
chr6_pat	9200000	9400000	0.013612823428380933	0.9985106389264095	0.2803009791270168	0.5968766467839393
chr6_pat	9400000	9600000	0.014182357232495078	1.0353256654363363	0.2972420016138218	0.5937849891274016
chr6_pat	9600000	9800000	0.015136826372552745	0.9649971424011067	0.2294886131103557	0.5071083477040144
chr6_pat	9800000	10000000	0.014206073076732014	1.043661904590836	0.21990387455624325	0.5122909904949784
chr6_pat	10000000	10200000	0.013299154809380494	0.9351037435533845	0.1298604903083846	0.3292782085955386
chr6_pat	10200000	10400000	0.011096172858322774	-0.33471189804791956	-0.22277379913083203	0.2506577356562256
chr6_pat	10400000	10600000	0.012195957993553096	0.298742586103963	-0.2808365207963769	0.1776701864166251
chr6_pat	10600000	10800000	0.014278916008779185	-0.06569632397720906	-0.7267749808601053	0.11809751362017776
chr6_pat	10800000	11000000	0.009011322490183786	-0.8446368891868631	0.22742918367080356	0.12208464217155814
chr6_pat	11000000	11200000	0.014117099437746508	0.21085469169654827	-0.2293600018641072	0.14357095046895146
chr6_pat	11200000	11400000	0.011957981279904925	0.145874924915065	-0.2016661345996728	0.27122566531770376
chr6_pat	11400000	11600000	0.01461564022321549	1.0340949935198132	0.171862491873746	0.05811425820481591
chr6_pat	11600000	11800000	0.013460045484496341	1.1043360990374196	0.24208331445289558	0.22276073611134942
chr6_pat	11800000	12000000	0.01403259728950366	1.020187116939802	0.15297112358691156	0.09286860086940182
chr6_pat	12000000	12200000	0.013096126752715103	0.797940710156314	-0.14131349398228923	0.36898596488061663
chr6_pat	12200000	12400000	0.01081218434945107	-0.05606308878914563	-0.4963528731922678	0.34199375260311343
chr6_pat	12400000	12600000	0.012464496019717506	0.5036718724150282	-0.4354565720477014	0.2458715864448741
chr6_pat	12600000	12800000	0.011348570561893274	-0.2090215005750663	-0.5970014375858554	0.37345072310522404
chr6_pat	12800000	13000000	0.01346943139971804	0.395693828514927	-0.39844578716732115	0.32640693133737125
chr6_pat	13000000	13200000	0.009679558696808541	-0.6436651775534986	-0.44244467033391727	0.26157357701172806
chr6_pat	13200000	13400000	0.015245195879264196	0.22064286485443502	-0.4950017136409075	0.41897679137467797
chr6_pat	13400000	13600000	0.015346425613079513	0.7330940914054029	-0.12771339470282864	0.3845459467807667
chr6_pat	13600000	13800000	0.015856041567100822	0.7215849933523725	-0.19230984205225052	0.23166514400698082
chr6_pat	13800000	14000000	0.015509237340104703	0.8971574325752865	-0.037492466296398755	0.35416885491322236
chr6_pat	14000000	14200000	0.015138267532098584	0.6496867647277934	-0.20646792513368142	0.33113481918349674
chr6_pat	14200000	14400000	0.011146632256047617	-0.46240247487569164	-0.5190929426262862	0.23917763711062381
chr6_pat	14400000	14600000	0.020658434697046653	0.9437921083258853	0.12640188528936333	0.511069206772978
chr6_pat	14600000	14800000	0.022425940047239492	1.027991690816099	0.2897731125127536	0.185965388399789
chr6_pat	14800000	15000000	0.021139031448698373	1.0460949622208244	0.1829072385560642	0.08736734260574781
chr6_pat	15000000	15200000	0.020550311539565054	0.9702338435306582	0.08885001542997684	0.2153616855751295
chr6_pat	15200000	15400000	0.035692095432966066	0.9758966159318141	0.12790069188675213	0.18326701226272832
chr6_pat	15400000	15600000	0.025512772544788155	0.8322759150065056	-0.07033772254977651	0.09768582714766996
chr6_pat	15600000	15800000	0.02155527177489217	0.8084423853670225	-0.15432136375773767	0.341576988704116
chr6_pat	15800000	16000000	0.017760417964837304	-0.553214473725961	-0.4911375044563138	0.18388035817186105
chr6_pat	16000000	16200000	0.016188931063582265	-0.6415379731117454	-0.0302217066547365	0.2265957980286744
chr6_pat	16200000	16400000	0.018136990604116544	0.36916260111676924	-0.4772359783252818	0.06426811783312868
chr6_pat	16400000	16600000	0.014700199875054307	-0.5226514123033519	-0.46324647386766155	0.31484932002778765
chr6_pat	16600000	16800000	0.011207840066317623	-0.8414194450321206	0.3893630599289006	0.2998829496406215
chr6_pat	16800000	17000000	0.010082931852743823	-0.824587679322265	0.2800631427110924	0.37901653013831293
chr6_pat	17000000	17200000	0.013076525179035398	-0.4316056115306413	-0.32394498433631014	0.3634719556618486
chr6_pat	17200000	17400000	0.012153545042276252	-0.38970419354567104	-0.32138043819270107	0.31551884051409645
chr6_pat	17400000	17600000	0.018465306596471828	-0.24172154460845804	-0.31148262695882434	0.30553444705921223
chr6_pat	17600000	17800000	0.013077936657610709	-0.48287693258275016	-0.32681072912980386	0.3113989543478852
chr6_pat	17800000	18000000	0.012380783377375098	-0.8327714217771998	0.21244114471540793	0.18986631196000223
chr6_pat	18000000	18200000	0.015612356923358547	0.09125402433682671	-0.1945274055782939	0.21454019593659795
chr6_pat	18200000	18400000	0.019774188817801883	0.5304203101817533	-0.08937111459674565	0.24094134519732316
chr6_pat	18400000	18600000	0.014431406248208423	-0.6904785811626794	0.07405097420488486	0.2885734389685293
chr6_pat	18600000	18800000	0.012839608989616176	-0.7519539720184881	-0.020973694955710793	0.21419962226518655
chr6_pat	18800000	19000000	0.013174601104059398	-0.40577435745240403	0.016834811754741746	0.16442558008117295
chr6_pat	19000000	19200000	0.016354221661985333	0.9473554740176181	-0.060664699835776784	0.16190604160568248
chr6_pat	19200000	19400000	0.015724539143934572	0.18380174190706747	-0.5692920090625785	0.13562716678247316
chr6_pat	19400000	19600000	0.016118631167755724	0.8864949095725483	-0.0558498736215878	0.1379279859965021
chr6_pat	19600000	19800000	0.012424271005414619	0.143273400893909	-0.3975221471620497	0.1235801723290547
chr6_pat	19800000	20000000	0.016402809379662313	0.6870522675445212	-0.29884190104266717	0.17720388429479556
chr6_pat	20000000	20200000	0.0153878196987807	0.643156292953661	-0.3244284948712904	0.04664591000078754
chr6_pat	20200000	20400000	0.014589349676849774	-0.07623363532335801	-0.67315758670243	0.17336821986698603
chr6_pat	20400000	20600000	0.013520911603610264	-0.2344917291158279	-0.5979297244842847	0.2144570912631925
chr6_pat	20600000	20800000	0.014602109393054707	0.016599907915587127	-0.6176652492152913	0.2835653249245638
chr6_pat	20800000	21000000	0.01050210314291646	-0.48160861341951516	-0.3705864347169365	0.2676424726246978
chr6_pat	21000000	21200000	0.012841377926600403	0.19864202516637477	-0.5253622454193746	0.09680295366589341
chr6_pat	21200000	21400000	0.013904151283780562	-0.28361179564007843	-0.6500284112418405	0.22116676710777547
chr6_pat	21400000	21600000	0.012915497978047774	-0.5405000277921413	-0.3464718159641581	0.20514875007305278
chr6_pat	21600000	21800000	0.011481800238369384	-0.8959334816139175	0.4863010333200056	0.3757823829335538
chr6_pat	21800000	22000000	0.010298572717885516	-0.6890464675456105	-0.30606201330420296	0.28984163057860646
chr6_pat	22000000	22200000	0.014787314485545188	0.513923511065888	-0.610607930927792	0.09594364952842194
chr6_pat	22200000	22400000	0.01380391070012655	0.8819329708124847	-0.4769377698779915	-0.10855371382890569
chr6_pat	22400000	22600000	0.016070402589897916	1.0695785657419	-0.1504583425777922	-0.10020439101609076
chr6_pat	22600000	22800000	0.014734591686822432	0.6441022295749993	-0.47463963837439416	0.13352691964848287
chr6_pat	22800000	23000000	0.009613921306364279	-0.8519734500201268	0.0394468734163027	0.31931914938744016
chr6_pat	23000000	23200000	0.016842967000906123	-0.43845804322146226	-0.26753173426977567	0.2959339286078872
chr6_pat	23200000	23400000	0.012762989145142779	-0.8537345475307877	0.49869507344553005	0.3123973614082649
chr6_pat	23400000	23600000	0.012422341862420921	-0.8721549968132333	0.6292921211092791	0.37432531970709365
chr6_pat	23600000	23800000	0.011157349075777458	-0.8700207627561307	0.4553268819974549	0.4109849762502258
chr6_pat	23800000	24000000	0.012830386433764076	-0.7005457099647017	0.08830730335805875	0.30265470388838084
chr6_pat	24000000	24200000	0.015370587604198793	-0.5170562953242341	0.15284827545666257	0.4538169615623734
chr6_pat	24200000	24400000	0.01111523972847243	-0.7931983012477916	0.31072822002942757	0.45826949136917006
chr6_pat	24400000	24600000	0.012137098170016528	-0.8833518678663486	0.4394338036852034	0.4666976388764991
chr6_pat	24600000	24800000	0.01029260353848589	-0.9241082257921339	0.5534853564178686	0.3782574768497413
chr6_pat	24800000	25000000	0.01031043529107172	-0.6245072714218877	0.2369110371825202	0.3291455695668758
chr6_pat	25000000	25200000	0.015583636358815912	0.38562123296857853	-0.24115475960288424	0.2849836926015581
chr6_pat	25200000	25400000	0.0158004675165163	0.17520129990119387	-0.522282414313623	0.2522575316325657
chr6_pat	25400000	25600000	0.0133474207150947	0.14977472611882642	-0.6219655105006344	0.05601368703522109
chr6_pat	25600000	25800000	0.013777754960532152	0.8755763386800416	-0.05056424346287231	0.17380136496344828
chr6_pat	25800000	26000000	0.014306202812072441	0.9841885313692406	0.09288453330883678	0.18024507059361772
chr6_pat	26000000	26200000	0.013962488809755534	1.0420560967865686	0.09650234810011085	0.25027918788232195
chr6_pat	26200000	26400000	0.012914022115437018	1.0694594452033743	0.0639721766633544	0.12959356923721638
chr6_pat	26400000	26600000	0.013446245560084181	1.0692942646461807	0.08426993203593629	0.04627773863705034
chr6_pat	26600000	26800000	0.017132718856927617	1.0857967064616192	0.12408936111910686	0.035671607335374424
chr6_pat	26800000	27000000	0.013639512319038122	0.4104344196480424	-0.3676158546964524	0.065570080697882
chr6_pat	27000000	27200000	0.00884215199101868	-0.8285100659537441	0.404483839399433	0.10099095026988367
chr6_pat	27200000	27400000	0.011450817885296382	-0.579091740762157	-0.2303226946523284	0.1022241616359549
chr6_pat	27400000	27600000	0.01039423417060835	-0.5923412129090367	-0.31959142067655827	0.14341666306239537
chr6_pat	27600000	27800000	0.014730651432947384	0.7503121229238415	-0.2873741719337401	0.09028161363610845
chr6_pat	27800000	28000000	0.012318394325464301	0.7651852775235325	-0.30375653252989465	0.00026738510962102014
chr6_pat	28000000	28200000	0.010733440976559833	-0.5803006879184184	-0.24824300401924887	0.1636714001407
chr6_pat	28200000	28400000	0.015535911178891833	-0.2911571390381565	-0.5474395669723384	0.2518932685818592
chr6_pat	28400000	28600000	0.014597332875440936	-0.49595736277967123	-0.264201595376978	0.1451944236357315
chr6_pat	28600000	28800000	0.013940187458777523	0.6910574554043522	-0.3361251463491508	0.2003427141328021
chr6_pat	28800000	29000000	0.01075015457315926	-0.3834737510898863	-0.5767367814226338	0.13589876857094077
chr6_pat	29000000	29200000	0.009557838942698819	-0.6658915916711123	0.06400536546320856	0.08414759539139385
chr6_pat	29200000	29400000	0.012716430755945208	0.5337578547394892	-0.4800672205768932	0.2965343283074723
chr6_pat	29400000	29600000	0.010479944037372747	0.06099139490085143	-0.5051247821918058	0.2039633748615801
chr6_pat	29600000	29800000	0.012458464104959193	1.07026862484291	0.05579681885906554	0.1852428011651766
chr6_pat	29800000	30000000	0.013742382514664262	1.088818786862486	0.11552854227133677	0.2225727743100207
chr6_pat	30000000	30200000	0.013802259864731065	1.0664749874685777	0.06959076460020082	0.2412126772272507
chr6_pat	30200000	30400000	0.012719761764587062	0.9722738681838058	-0.07725316122859864	0.18293132941365137
chr6_pat	30400000	30600000	0.011728849492012715	-0.03209772442658171	-0.46088379441399796	0.0655554031535509
chr6_pat	30600000	30800000	0.010939366701376584	-0.16166910952437508	-0.2511527604455229	-0.004778733200101617
chr6_pat	30800000	31000000	0.01392792264395061	0.9284161700768326	-0.24237669314921823	-0.03892293767910859
chr6_pat	31000000	31200000	0.012391875685974088	0.16338329292508333	-0.5673990790866024	-0.019878654073831235
chr6_pat	31200000	31400000	0.010644694534579686	-0.3439052914665996	-0.4004337538159304	-0.09167326613940119
chr6_pat	31400000	31600000	0.009076238523672195	-0.777292483900832	-0.05895268264893115	0.0879489407056152
chr6_pat	31600000	31800000	0.01126416940548202	-0.46048662544110913	-0.37974996508376535	-0.01997414414594504
chr6_pat	31800000	32000000	0.00986155843249199	-0.25076712618197866	-0.43751873985797846	0.02636362463047552
chr6_pat	32000000	32200000	0.011060287080908414	0.3460985675230978	-0.4974463015249531	-0.13202804733800724
chr6_pat	32200000	32400000	0.012654618353908194	0.8456331891972908	-0.19697905999086082	-0.09474984533611898
chr6_pat	32400000	32600000	0.010369075571305215	-0.4508536003939552	-0.3368144146804607	0.05778747585073758
chr6_pat	32600000	32800000	0.011858219167538415	0.08067092025134258	-0.6035119001605782	0.024608239401129717
chr6_pat	32800000	33000000	0.00952606347853797	-0.34729846481392895	-0.34650627558646974	0.03690779054077125
chr6_pat	33000000	33200000	0.01345119061588512	0.4330375904356936	-0.19445527992289954	-0.03290197415930653
chr6_pat	33200000	33400000	0.012093801985921304	1.1169772441312191	0.07199556873313821	-0.09523476299334455
chr6_pat	33400000	33600000	0.028695601195567595	0.8668247208702803	-0.021639709127299046	-0.08625898395387228
chr6_pat	33600000	33800000	0.01057614115841729	-0.8110546124655795	-0.0727362601165662	-0.05528713687260415
chr6_pat	33800000	34000000	0.01427693061197268	0.12285689572026384	-0.3531545765810366	0.1619771155707482
chr6_pat	34000000	34200000	0.010319977561628666	-0.3617688616944608	-0.5404479179488534	0.04790927357247547
chr6_pat	34200000	34400000	0.013331990249604627	0.8578743827840267	-0.16836473405506122	-0.14242707588308884
chr6_pat	34400000	34600000	0.011868452731556699	0.7607570417105289	-0.23699798690996132	-0.3324363003119838
chr6_pat	34600000	34800000	0.013897420798184524	0.6813247672446103	-0.27848485253389416	-0.4213514164527737
chr6_pat	34800000	35000000	0.010236333623044517	0.0035176604846139923	-0.7160395579236631	-0.37497117427357657
chr6_pat	35000000	35200000	0.01449133196880602	0.8436539422969548	-0.25301085530949285	-0.5713735726547486
chr6_pat	35200000	35400000	0.029411109916839307	1.2157583698101908	0.23356817680697675	-0.8133872715224062
chr6_pat	35400000	35600000				
chr6_pat	35600000	35800000	0.017587485006116257	0.9465549428324057	-0.002913872335447714	-0.4680011485241812
chr6_pat	35800000	36000000	0.013408861427871819	-0.11313412371487623	-0.013096795065858256	-0.6028061813397115
chr6_pat	36000000	36200000	0.01283682819034244	0.42907070649356904	-0.1724865043362549	-0.5854885237844192
chr6_pat	36200000	36400000	0.012162455703707732	-0.3862430583658073	-0.21422070526153317	-0.5944767355928039
chr6_pat	36400000	36600000	0.01242325162453429	-0.4988969806506461	-0.19815229522337519	-0.41809356407683734
chr6_pat	36600000	36800000	0.019656289891783574	-0.6684975204278465	-0.24126591519658813	-0.2417251169191389
chr6_pat	36800000	37000000				
chr6_pat	37000000	37036084				
chr7_pat	0	200000				
chr7_pat	200000	400000				
chr7_pat	400000	600000				
chr7_pat	600000	800000	0.04099003524479395	0.19067173541322452	1.0990542707689879	0.4320443415115115
chr7_pat	800000	1000000	0.02097144054622578	0.33148005122571605	0.8519911760548318	0.12663036501189107
chr7_pat	1000000	1200000	0.016209823264665302	0.04840244844576072	0.6228292431697475	0.13953682337653917
chr7_pat	1200000	1400000	0.018567828699213428	0.8241387240065712	0.5182618700723224	0.185147258037838
chr7_pat	1400000	1600000	0.017471281150132963	0.45038669872648596	0.3547767349156065	0.21966060946574292
chr7_pat	1600000	1800000	0.022873634158351246	-0.09881798612297316	0.8036039662609052	0.44676503023400815
chr7_pat	1800000	2000000	0.01258772679390393	-0.6458425556503836	0.26459606979447914	0.341066848619249
chr7_pat	2000000	2200000	0.01608157474276661	-0.052066813516243274	0.9428285245425505	0.410837712671971
chr7_pat	2200000	2400000	0.020814674737467172	-0.8881939199871087	-0.14043471694388962	0.45355991597744816
chr7_pat	2400000	2600000				
chr7_pat	2600000	2800000				
chr7_pat	2800000	3000000				
chr7_pat	3000000	3200000				
chr7_pat	3200000	3400000	0.04214977293738534	-0.6608739110476374	0.6093654487630786	0.4855517247625177
chr7_pat	3400000	3600000	0.01635085079175428	-0.5340486377208561	0.6023651285720519	0.5220972744534536
chr7_pat	3600000	3800000	0.021648217541847516	-0.23938316254311162	0.8432391270279255	0.5286947295512623
chr7_pat	3800000	4000000	0.03376566774451589	-0.45630448931676354	0.5935975275204813	0.3799743178942416
chr7_pat	4000000	4200000				
chr7_pat	4200000	4400000				
chr7_pat	4400000	4600000				
chr7_pat	4600000	4800000				
chr7_pat	4800000	5000000				
chr7_pat	5000000	5200000	0.04751870886896569	-0.39916269975306473	0.9545266151758739	0.4929412980328804
chr7_pat	5200000	5400000	0.020043180423060743	-0.9861679006976469	-0.1837092477219939	0.30952545297284095
chr7_pat	5400000	5600000	0.019544626817509472	0.4143958748805233	0.6425401240634374	0.038356848774284004
chr7_pat	5600000	5800000	0.015706453988551704	0.34117355703721275	0.4782760861336883	-0.044594512412988334
chr7_pat	5800000	6000000	0.015029251898345045	0.3357615543348182	0.36368940419503615	0.07547164891521635
chr7_pat	6000000	6200000	0.01696616429074696	0.4036337695359278	0.5616998864085969	0.09429307479015459
chr7_pat	6200000	6400000	0.014871013919391895	0.023984487527443643	0.5028826768500989	0.08099536424641932
chr7_pat	6400000	6600000	0.01762984750940209	0.6075767553020615	0.8713075400593333	-0.0008706695909038777
chr7_pat	6600000	6800000	0.014226603452883053	-0.5992221839489923	0.5140467240306983	0.37525934621472107
chr7_pat	6800000	7000000	0.010561954166213423	-0.8797154699822147	-0.020217200917332954	0.3142890301332825
chr7_pat	7000000	7200000	0.009788274476654622	-0.8487279092237212	0.1581142052828072	0.4426594787750883
chr7_pat	7200000	7400000	0.01694312554262605	0.6251523879360003	0.7410528265504143	0.0459525022070817
chr7_pat	7400000	7600000	0.017281228387464972	0.835069411305154	0.36159224249785754	0.014820893340152986
chr7_pat	7600000	7800000	0.014538387287994843	-0.33748592527770804	0.31323593443571734	0.2355048118082045
chr7_pat	7800000	8000000	0.009322419560338595	-0.9525266994121833	-0.31085805850125264	0.22606744027599876
chr7_pat	8000000	8200000	0.012913108563495049	0.17769027081761415	0.49404700800934165	0.2200572990654358
chr7_pat	8200000	8400000	0.014516718279213157	0.9729236770884677	0.11797395414366045	0.2257735711144858
chr7_pat	8400000	8600000	0.012544016889144896	1.0716505084016117	-0.08661703464184742	0.179801418908703
chr7_pat	8600000	8800000	0.013919681003652686	0.9437513858510879	0.12125607822103272	0.2168740511605386
chr7_pat	8800000	9000000	0.014959892652585075	0.9716862973566248	-0.0032990829116925913	0.0565836735185847
chr7_pat	9000000	9200000	0.012581043387545763	0.9597958275134835	0.09776261114746518	0.2371233981118547
chr7_pat	9200000	9400000	0.011982804393763079	0.5305916670849027	0.12130515818722457	0.24819388330192635
chr7_pat	9400000	9600000	0.014580260995080009	0.7675991219049496	0.3838691315091075	0.19072155636515425
chr7_pat	9600000	9800000	0.01567307207455126	-0.014391453893572027	0.47195961055851604	0.2303423393684367
chr7_pat	9800000	10000000	0.019625386976557982	-0.3994138844878779	0.5511519198682158	0.29906296105811
chr7_pat	10000000	10200000	0.017906169596125402	-0.7579623743640205	0.3277904619569989	0.36657165222135796
chr7_pat	10200000	10400000	0.029036520778702564	0.5024413564185467	0.7653079919282033	0.3051823784767612
chr7_pat	10400000	10600000	0.02757739120709602	0.8219422127544977	0.5619975566489531	0.13945050128915554
chr7_pat	10600000	10800000	0.027560993626728703	0.1375764202541076	0.9210093511128208	0.1883011939446572
chr7_pat	10800000	11000000	0.016078825671919802	-1.0301917981551272	-0.19255394557296884	0.7806367468290578
chr7_pat	11000000	11200000	0.021756105710990434	-0.7421824896435617	0.6331506432732859	0.5627429630790389
chr7_pat	11200000	11400000	0.018183973472773885	-0.8530539767795199	0.03374185086109948	0.8625426673761384
chr7_pat	11400000	11600000	0.022290964755906178	-0.937183714561095	0.07079048520470078	0.6177876338610049
chr7_pat	11600000	11800000	0.054662152004320175	-0.6429919917342847	0.6888538216746188	0.2612312027266097
chr7_pat	11800000	12000000	0.024176552926258248	-0.5277998064727555	0.5360073756457653	0.13421409236752446
chr7_pat	12000000	12200000	0.011795546901534771	-0.5738000804240807	-0.07586229050829436	0.24410866650333987
chr7_pat	12200000	12400000	0.012915002416982978	0.20229385001176856	0.26505404060336185	0.1743866511406176
chr7_pat	12400000	12600000	0.013837254768143835	-0.12434264323298824	0.15157246385582393	0.17628318170289373
chr7_pat	12600000	12800000	0.013713679451809247	0.7031178363344653	0.08991145679082087	0.1345967762223115
chr7_pat	12800000	13000000	0.01259162559331152	0.047846412471799736	-0.11147243010866423	0.2706562914690776
chr7_pat	13000000	13200000	0.014020623876352533	0.9284132957052625	-0.13677823994112326	0.22287857655617682
chr7_pat	13200000	13400000	0.018690735492535814	0.6985925368317851	0.01855939624507773	0.2680177657569765
chr7_pat	13400000	13600000	0.019493856835119713	0.9360158142661007	-0.08855982937135104	0.13757740442674765
chr7_pat	13600000	13800000	0.016847947604429512	0.9753192032207247	-0.023558295843783085	0.26114629013160856
chr7_pat	13800000	14000000	0.015423991984938094	1.0343219506011576	-0.17709096344136033	0.18024901156415138
chr7_pat	14000000	14200000	0.014559482587172105	0.956975715702293	-0.09838242180518797	0.24173062374349263
chr7_pat	14200000	14400000	0.014237205031164593	0.8843778855341259	-0.22260794401751033	0.32784282376320123
chr7_pat	14400000	14600000	0.014136604168855638	0.9283734384812768	-0.17650289090635618	0.2745015503701694
chr7_pat	14600000	14800000	0.016845653111261183	1.0106351976417352	-0.28672679137228585	0.257012155854076
chr7_pat	14800000	15000000	0.014697755339789282	0.6386166609338499	0.09716005510267857	0.26705068023760514
chr7_pat	15000000	15200000	0.014448811377101604	0.4717964273524281	-0.012878871283250506	0.14150726688754608
chr7_pat	15200000	15400000	0.008309500058243732	-0.9322654315938359	-0.3225880956244137	0.441087118706018
chr7_pat	15400000	15600000	0.013158221837931264	0.3915254255634731	-0.08305724203477018	0.22083635049593142
chr7_pat	15600000	15800000	0.011653450956624456	-0.4060761252547057	-0.15129262488698872	0.4708126901337996
chr7_pat	15800000	16000000	0.009948129080801213	-0.7641690152705545	-0.3782229172153212	0.5676334608643999
chr7_pat	16000000	16200000	0.011885124728985367	-0.47841511065154857	-0.2311557725532141	0.4598657247328924
chr7_pat	16200000	16400000	0.011949949144710209	-0.13735295538541656	-0.30099266846884193	0.3767322184773192
chr7_pat	16400000	16600000	0.013166489704578985	-0.3004721084947136	-0.16083723164243532	0.38663951056784146
chr7_pat	16600000	16800000	0.015634271917397906	0.15154963630752047	-0.1525534036148233	0.35776281293116824
chr7_pat	16800000	17000000	0.011918781339846926	-0.8203325806270891	-0.4012842748645035	0.5570266560620859
chr7_pat	17000000	17200000	0.011344879063934755	-0.5532074217913804	-0.260385952429315	0.44385553946644846
chr7_pat	17200000	17400000	0.011194187949552707	-0.5120265116520315	-0.2721709486816926	0.4543037296490033
chr7_pat	17400000	17600000	0.013481247969400877	0.11855556277488678	-0.19012709708250433	0.30009357211914706
chr7_pat	17600000	17800000	0.01564431884393185	-0.46334639870977706	0.032944338039545336	0.38050414223785367
chr7_pat	17800000	18000000	0.017241685583200203	0.6045356857651132	0.0024164651501117364	0.34710867774853904
chr7_pat	18000000	18200000	0.014096335556272316	-0.33275553879479447	-0.459476942446699	0.5171214753551434
chr7_pat	18200000	18400000	0.011365076015081715	-0.7754145560426421	-0.36311120631597266	0.36347317594966805
chr7_pat	18400000	18600000	0.0160438572571287	-0.2886200349463895	-0.11706556497033183	0.3921724848301684
chr7_pat	18600000	18800000	0.03481704278620087	0.954666885911067	-0.33282963268323185	0.11399549910680802
chr7_pat	18800000	19000000	0.015501613947546174	0.851921505503727	-0.2798849829373647	0.27478583926128286
chr7_pat	19000000	19200000	0.010783881380581567	0.09554179994985296	-0.3001900618819113	0.28659752094822927
chr7_pat	19200000	19400000	0.013311586221768862	0.40766682314699837	-0.27405279109420544	0.30074962430287294
chr7_pat	19400000	19600000	0.013567730117704492	-0.007860566688074331	-0.10929876565988471	0.34181729332847344
chr7_pat	19600000	19800000	0.011692133056033829	-0.25465735928964045	-0.13688082601466836	0.48365009768038114
chr7_pat	19800000	20000000	0.015007759749754157	0.5584483106522268	-0.27719570175215946	0.38363650526681403
chr7_pat	20000000	20200000	0.011424397706919606	-0.5286881676852393	-0.3998084036728937	0.3850258785563225
chr7_pat	20200000	20400000	0.011295395409946018	-0.6959946694556242	-0.2691566688713924	0.46193737791118616
chr7_pat	20400000	20600000	0.015871198322526467	0.44069074946704534	0.07796635330901196	0.23281573504784087
chr7_pat	20600000	20800000	0.017637064868387953	0.7712511748592271	0.011495937405476574	0.30963181920566407
chr7_pat	20800000	21000000	0.01545580688377292	0.6935483861170794	-0.09259154567836395	0.33526811838260057
chr7_pat	21000000	21200000	0.01601825027168622	0.7861706395653368	-0.14793446881341007	0.34043718348046736
chr7_pat	21200000	21400000	0.019199250937157124	0.3184075263450418	0.06796550458587272	0.4121400989341814
chr7_pat	21400000	21600000	0.015282815623949113	-0.8772924899289747	-0.3814704186656495	0.48614628573623264
chr7_pat	21600000	21800000	0.014431081604480124	-0.033512505056073935	0.05846857780165838	0.44565533279615077
chr7_pat	21800000	22000000	0.01938384018482185	-0.6222732987013115	-0.10867028109744406	0.5538921215462699
chr7_pat	22000000	22200000	0.012990899304107323	-0.5706802038836013	-0.27366816936698984	0.596246734531405
chr7_pat	22200000	22400000	0.01427892402124925	-0.8489016629582607	-0.2931233552011841	0.627174076722896
chr7_pat	22400000	22600000	0.013212640725054084	-0.45687946900274595	-0.03510345028358937	0.42348320062021605
chr7_pat	22600000	22800000	0.011514974338301459	-0.9349972518314305	-0.5634852384955257	0.6035099290702161
chr7_pat	22800000	23000000	0.01985065567097529	-0.23538826190260853	-0.2065950240099882	0.35588743677603246
chr7_pat	23000000	23200000	0.016454892088252293	-0.19604004411066278	-0.09259438826553408	0.3364104534540821
chr7_pat	23200000	23400000	0.02113635241974013	0.4557928849238382	0.25201391443441284	0.2583044653808481
chr7_pat	23400000	23600000	0.016449845595939535	0.6108056470135427	0.3215218835492869	0.2330195747206421
chr7_pat	23600000	23800000	0.013248723124920744	0.09695308774004788	0.029931598976895967	0.2060252220802448
chr7_pat	23800000	24000000	0.009233242686463266	-0.7750206080684097	-0.36589713587518674	0.2858908391242474
chr7_pat	24000000	24200000	0.012968865632187744	-0.08512525859357302	0.07941707134547044	0.1628476729201987
chr7_pat	24200000	24400000	0.011015087175154436	-0.32816861025205685	-0.2103613334386743	0.21116051151212137
chr7_pat	24400000	24600000	0.012578783872301016	0.6082855402811967	-0.17509228204277072	0.2748070251386663
chr7_pat	24600000	24800000	0.013756667092874491	0.6047580357600321	0.016824845186761125	0.2429636073996135
chr7_pat	24800000	25000000	0.013270694846833556	0.8900794095637755	-0.2656747382301087	0.2525145911061458
chr7_pat	25000000	25200000	0.014658847619159896	0.9973368694332982	-0.34856089324787753	0.28523398505269426
chr7_pat	25200000	25400000	0.015380836824436264	0.9985802561652273	-0.21327011020159722	0.26915127832058905
chr7_pat	25400000	25600000	0.014385758371431938	0.6924471433258261	0.10179928649256209	0.12127717391510688
chr7_pat	25600000	25800000	0.015095654156953164	-0.19914977002078227	0.34146170269746	0.21217704430192316
chr7_pat	25800000	26000000	0.013800125613322686	-0.005198928165341553	0.20247387396994185	0.2734365482111911
chr7_pat	26000000	26200000	0.010996306969192602	-1.0088017254566077	-0.3329872618018869	0.3986043376297482
chr7_pat	26200000	26400000	0.011656986903845772	-0.6002454244958513	-0.15973451370012964	0.3175393174649183
chr7_pat	26400000	26600000	0.010042948886124514	-0.5691739795551779	-0.27397162408896547	0.15622436264239575
chr7_pat	26600000	26800000	0.013976940572657985	0.9184675967767917	-0.035551868833766584	0.21829720662773042
chr7_pat	26800000	27000000	0.014430659092301379	1.0632239379988595	-0.34197343915338946	0.17597101001618695
chr7_pat	27000000	27200000	0.012576947160739125	0.9916061219610716	-0.24993942022900262	0.21862545756139437
chr7_pat	27200000	27400000	0.01195967653538385	0.8136452729755617	-0.23900183258750765	0.24364652760041494
chr7_pat	27400000	27600000	0.010608382418985525	-0.06770446169810372	-0.07363363455699085	0.18340570432067554
chr7_pat	27600000	27800000	0.013114542817189405	0.5309875747316236	-0.12976210920996503	0.19175847456068512
chr7_pat	27800000	28000000	0.01324972497324361	0.7575244369614416	-0.31302359996811085	0.3636467338813745
chr7_pat	28000000	28200000	0.013991067249839204	0.96858944005217	-0.12142057315614845	0.18854897041217708
chr7_pat	28200000	28400000	0.012798826317760326	0.955763881686324	-0.21612596548951005	0.18756623312333653
chr7_pat	28400000	28600000	0.011799711314490173	-0.4359964870042596	0.16776518994942125	0.15004566567671582
chr7_pat	28600000	28800000	0.011239960975187823	-0.6595731799499276	0.0923811673670765	0.037157541396856134
chr7_pat	28800000	29000000	0.012172408883992432	-0.06040423706394275	0.34136392996032205	0.09448298174138202
chr7_pat	29000000	29200000	0.014916069169388991	0.8742557290519596	0.20971832619253597	0.34089381135751734
chr7_pat	29200000	29400000	0.01073433198924343	-0.620142466342696	0.016504333042730218	0.13355194272715767
chr7_pat	29400000	29600000	0.014161180667170354	-0.07124188980342382	0.16953139001110035	0.3509058857920955
chr7_pat	29600000	29800000	0.01566461554805144	0.7675714124561818	0.2594959983806261	0.320032706489228
chr7_pat	29800000	30000000	0.014279259547049668	0.9391081275091764	0.24369774900094562	0.26073287739979417
chr7_pat	30000000	30200000	0.015466962195154081	0.8840844928468276	0.18680034605216592	0.3197015117969412
chr7_pat	30200000	30400000	0.013892493328894888	0.057826148574761586	0.35036336893714953	0.08866752025939809
chr7_pat	30400000	30600000	0.010965429511794866	-0.692845085436523	0.233839958344213	0.06254140038722067
chr7_pat	30600000	30800000	0.014499438003703154	0.514968882093542	0.2404123562753734	0.2945516402502706
chr7_pat	30800000	31000000	0.013575850085147537	0.7985423303373205	-0.051459837071017964	0.17700972066357798
chr7_pat	31000000	31200000	0.010648057027286011	-0.10637108768246609	0.0021047912362991495	0.03779382359191832
chr7_pat	31200000	31400000	0.011011744243705006	1.0060961467672784	-0.07998942578840021	0.007350290376989334
chr7_pat	31400000	31600000	0.011711437649004987	0.7143722693838683	-0.06374698043976211	0.09773469307304884
chr7_pat	31600000	31800000	0.012361100336967372	0.49319179267923785	-0.005725257962747018	0.13315903606554072
chr7_pat	31800000	32000000	0.011335703417134349	-0.08417985877247511	-0.04853144393162217	0.12296236442656067
chr7_pat	32000000	32200000	0.010915100229758432	-0.3459924169950488	0.03467925150666767	-0.05374696538344329
chr7_pat	32200000	32400000	0.013153060764252187	1.0340983624061217	-0.3937804479746361	0.08719345777525299
chr7_pat	32400000	32600000	0.013450579464660545	0.8749923451691792	-0.07054767292048122	0.11488150150130984
chr7_pat	32600000	32800000	0.01219438554928881	0.1111672639661723	-0.06077173728534133	-0.05293277072972065
chr7_pat	32800000	33000000	0.010880325430794346	-0.393639225471065	-0.25643291192007195	-0.057834076403907635
chr7_pat	33000000	33200000	0.009649124205393	-0.9141012858970724	-0.27018445119497003	-0.11476051814937986
chr7_pat	33200000	33400000	0.012395495018080375	0.32536650236428133	-0.01400839381289947	0.006972690816103465
chr7_pat	33400000	33600000	0.013261784548205126	0.8812708138817454	-0.22205934521714582	0.027611750703666275
chr7_pat	33600000	33800000	0.014190642312351183	0.6428927931112649	0.0808699623644351	0.01468458807042839
chr7_pat	33800000	34000000	0.010968374724321151	-0.3554847741101825	-0.17188398670687877	-0.17165354901809993
chr7_pat	34000000	34200000	0.012034262338969683	0.9888493651354977	-0.20668165834256405	0.17552004504599225
chr7_pat	34200000	34400000	0.012699689226417685	1.0879143587585107	-0.21202422409272484	-0.015901633253193388
chr7_pat	34400000	34600000	0.011212223831058209	1.1027407715444293	-0.5643919113635547	0.0900038809514038
chr7_pat	34600000	34800000	0.011739828086304178	1.0642667212274382	-0.24315957691273002	-0.01033031225345634
chr7_pat	34800000	35000000	0.012334782307425947	1.0033170670912879	-0.09137691303976048	0.09467997229653449
chr7_pat	35000000	35200000	0.012795419085492319	1.0344664951100389	-0.11683162778499954	0.006158797850142088
chr7_pat	35200000	35400000	0.013428228404759499	0.9550623981854087	-0.07201775353022105	-0.07106791948003817
chr7_pat	35400000	35600000	0.015256080684387515	0.8964691158496152	-0.3962708292471509	0.16906511744645422
chr7_pat	35600000	35800000	0.013826858951452248	0.039807002986177766	0.23957986941952422	-0.0445988839084094
chr7_pat	35800000	36000000	0.011369323034614014	-1.1779518353042406	-0.4987392042305118	-0.27166946684668325
chr7_pat	36000000	36200000	0.013063222300150308	-0.05399977709041219	0.06031477153082154	0.06984106315165269
chr7_pat	36200000	36400000	0.013387756438914563	0.8891059184745466	-0.22352639666657773	0.05963328179399135
chr7_pat	36400000	36600000	0.01210670572783846	1.1453145168463543	-0.24756468429302295	-0.10074855314089637
chr7_pat	36600000	36800000	0.013020104027473705	1.2023194618970827	-0.32429896815496784	-0.1501297026780318
chr7_pat	36800000	37000000	0.011713910334118071	0.8911673852413843	0.26108975407216134	-0.03185889097041004
chr7_pat	37000000	37200000	0.010170381705750997	-0.47108884797677336	0.07202771416065144	-0.3238778156780178
chr7_pat	37200000	37400000	0.009926517917568182	-1.0704956481490886	-0.07884711954008983	-0.5236907510413991
chr7_pat	37400000	37600000	0.010840443380682187	-0.11259399497631266	0.1500807616207421	-0.24347972244419158
chr7_pat	37600000	37800000	0.011164615402532564	0.23955096590093072	0.7065570191442462	-0.2262263160884683
chr7_pat	37800000	38000000	0.009978143407478319	-0.29465995584676935	0.18486341487888125	-0.46650198127978043
chr7_pat	38000000	38200000	0.009755908689194216	-0.8746927488642756	-0.03500808613075172	-0.5718418226534147
chr7_pat	38200000	38400000	0.008538535759092887	-0.23691765057608538	0.5933276312967296	-0.42869416618408246
chr7_pat	38400000	38600000	0.015285182134851348	0.4688226540365545	0.7074198658466611	-0.3786275837153361
chr7_pat	38600000	38800000	0.014205378492998464	-0.7824470094169581	0.4455046481715281	-0.699585963174195
chr7_pat	38800000	39000000	0.013992973655985886	-0.6952041544024464	0.40042267805361986	-0.7544802657560028
chr7_pat	39000000	39200000	0.027456405989836213	-0.18681888028377233	0.3197315514583316	-0.24918931521461266
chr7_pat	39200000	39386660				
chr8_pat	0	200000	0.038834877649184266	-0.39827122559337175	-0.48069236804032567	0.07355546993457505
chr8_pat	200000	400000	0.020895859889574646	0.1298491581910074	-0.8386382437015326	-0.28306207305758685
chr8_pat	400000	600000	0.01527430154064195	0.5332343715070855	-0.5363205249512937	-0.27214129558696704
chr8_pat	600000	800000	0.011404369190006652	-0.3110479224772799	-0.3756449728396077	-0.040248274035808114
chr8_pat	800000	1000000	0.009649235719697082	-0.5484245680429595	-0.22668384430097296	-0.060144302838176636
chr8_pat	1000000	1200000	0.009020715866379682	-0.9262846823728145	-0.0376455111795245	-0.252106887371096
chr8_pat	1200000	1400000	0.009765330950081006	-0.3613333790372312	-0.2453971517159347	-0.04378287481544645
chr8_pat	1400000	1600000	0.010389332053075215	-0.11199554326025474	-0.5358189645149734	-0.056623024332005216
chr8_pat	1600000	1800000	0.009234371524834407	-0.4960291325349033	-0.1854124655428481	-0.15222008207055157
chr8_pat	1800000	2000000	0.012040369986997883	0.6468584653501159	-0.4384507570870935	-0.24415762728441043
chr8_pat	2000000	2200000	0.012696109112095526	0.21968626948654657	-0.7402737284134001	-0.1703344958845923
chr8_pat	2200000	2400000	0.01109489569701085	-0.2620112002483518	-0.6877026945862911	-0.1473469185428147
chr8_pat	2400000	2600000	0.01281771217126681	0.045389150920925166	-0.5834849219182706	-0.06087815573836173
chr8_pat	2600000	2800000	0.013724157026587556	-0.8589512852858843	-0.24822960721932122	-0.07086932512461605
chr8_pat	2800000	3000000	0.014875147967194984	-0.06552420642721174	-0.26745338585169315	0.07239487591612405
chr8_pat	3000000	3200000	0.015353271163535328	0.8906311941082148	-0.23547377690615268	-0.11161770078958431
chr8_pat	3200000	3400000	0.011844916400713482	-0.0008050443835625688	-0.6987002152310726	-0.08705563892111935
chr8_pat	3400000	3600000	0.012280848589677285	-0.16319097278534941	-0.824449582150244	-0.06111499017238089
chr8_pat	3600000	3800000	0.013084310333596543	0.840513751673067	-0.2142045680457149	-0.234336153661704
chr8_pat	3800000	4000000	0.014524967163310176	1.0703690031668516	0.14011777022674668	-0.27313273270621735
chr8_pat	4000000	4200000	0.014618385937820524	1.0835218397923063	0.2218851558820446	-0.30819227587254217
chr8_pat	4200000	4400000	0.016097511400217705	0.9302061975219181	-0.06557925754922289	-0.33536015805379454
chr8_pat	4400000	4600000	0.015069671923933905	0.8390660847180057	-0.17616946973798173	-0.20306207251290237
chr8_pat	4600000	4800000	0.013086500900370703	-0.3105284089173077	-0.7935271966014413	-0.04992672851658465
chr8_pat	4800000	5000000	0.009545427157189805	-1.0835470319279839	0.12394199825039764	-0.1700781743979778
chr8_pat	5000000	5200000	0.014388361692318465	0.7356084152113845	-0.3491720756818542	-0.05432950759457992
chr8_pat	5200000	5400000	0.013109785142918084	0.8819535359888059	-0.30902923472742194	-0.2801492321522561
chr8_pat	5400000	5600000	0.010008211267341484	-0.4290404892822884	-0.6278433899994622	-0.08082965901545641
chr8_pat	5600000	5800000	0.009786743279731959	-0.6319957683250643	-0.3371717377099445	-0.09974916221604409
chr8_pat	5800000	6000000	0.009073542065815465	-0.8170770828066639	-0.17541230607246347	-0.1221798122680288
chr8_pat	6000000	6200000	0.009281140007572436	-0.8221341259091619	-0.12693520082909748	-0.017332169899877223
chr8_pat	6200000	6400000	0.011713597738765675	-0.7565552995765797	-0.3566567156553158	-0.0459819839871722
chr8_pat	6400000	6600000	0.014912300910211106	0.9599998036870511	-0.15018121907821896	-0.2965994468514932
chr8_pat	6600000	6800000	0.01422381937765742	1.0964463335969101	0.07004316424093511	-0.21367836766304812
chr8_pat	6800000	7000000	0.013961272060908837	1.1344788304854085	0.10373451690360987	-0.3651049130991873
chr8_pat	7000000	7200000	0.013013609152522464	0.4327716897229205	-0.3211441300984538	0.02304731645379822
chr8_pat	7200000	7400000	0.01366811673367822	0.6616644682597159	-0.4152349375309724	-0.03583004713271274
chr8_pat	7400000	7600000	0.014609297938967654	0.8074972027566794	-0.1925825050353906	0.11201110677318886
chr8_pat	7600000	7800000	0.012154200902035788	0.1334912478857822	-0.43895719836817115	0.01427414802586714
chr8_pat	7800000	8000000	0.013411808155741457	0.12799121157685367	-0.3559812138183155	0.09683545472899911
chr8_pat	8000000	8200000	0.01446795378687944	0.5324052889845315	-0.3548413143903337	0.11243624855912779
chr8_pat	8200000	8400000	0.010873678867800262	-0.7020473648536727	0.16513611515212986	0.29978759810023425
chr8_pat	8400000	8600000	0.011494755597419724	-0.40316813647080396	-0.21773449548134832	0.2420116478101455
chr8_pat	8600000	8800000	0.01177845348550058	-0.3891942925655965	-0.23048236477475784	0.08764172985662931
chr8_pat	8800000	9000000	0.01120140212743773	-0.7118045341659158	0.1788051689656251	0.31527046669556774
chr8_pat	9000000	9200000	0.010707471479781917	-0.8083007766718245	0.7934014822006472	0.6110024822845946
chr8_pat	9200000	9400000	0.009355822197667056	-0.7888855117828744	0.7444032500923374	0.8320490247067566
chr8_pat	9400000	9600000	0.011337345890827308	-0.7107661466476852	0.5897060546538102	0.7111287344770852
chr8_pat	9600000	9800000	0.010805386267540533	-0.8350170704141964	0.6035874015407149	0.6028564100571749
chr8_pat	9800000	10000000	0.013650268903397152	-0.5401103689989077	0.059220744175852505	0.5048809585330121
chr8_pat	10000000	10200000	0.01302701290114684	-0.8375136724428657	0.48217874658503623	0.5539344190112495
chr8_pat	10200000	10400000	0.014083066728930551	-0.7282902565781358	0.3170723470195988	0.34904475115577105
chr8_pat	10400000	10600000	0.011664332346054195	-0.5918583730771131	-0.0949420415746014	0.21364087177097632
chr8_pat	10600000	10800000	0.01731327657375536	0.8920468852679077	-0.19268966133150497	0.1298463270127794
chr8_pat	10800000	11000000	0.012810392420016966	-0.13012674387029086	-0.32156201202509976	0.28019944217294374
chr8_pat	11000000	11200000	0.011077550566252708	-0.3963374272970544	-0.4045460038292437	0.2358083508895386
chr8_pat	11200000	11400000	0.015031733459153067	0.8598050558776363	-0.23298044206646876	0.21168734125166822
chr8_pat	11400000	11600000	0.012128035857931875	-0.041871754660582905	-0.5745888664349175	0.3137239596979256
chr8_pat	11600000	11800000	0.00973298456880052	-0.6263174776442811	-0.35770332406267935	0.34875442714489396
chr8_pat	11800000	12000000	0.011410963678570885	-0.29764381456757966	-0.32816691032038026	0.3868001976507458
chr8_pat	12000000	12200000	0.016695370290050696	0.8623437682950061	-0.09026980261880935	0.39707970614418003
chr8_pat	12200000	12400000	0.015805282447007744	1.027801249595527	0.1581828454017925	0.5234092957002242
chr8_pat	12400000	12600000	0.014093412536650007	1.0532122009295692	0.14109369524360546	0.4103444419254667
chr8_pat	12600000	12800000	0.01662975670104446	1.0530397876147115	0.2620859229473917	0.4227048460487363
chr8_pat	12800000	13000000	0.018700469956221932	1.029292453499168	0.1606940872233847	0.4719731730789025
chr8_pat	13000000	13200000	0.019725240589226214	0.9454326355387391	-0.027293139949653916	0.5654234630485186
chr8_pat	13200000	13400000	0.018133142362517087	0.7986211586145748	-0.07998744718975691	0.4879020547813008
chr8_pat	13400000	13600000	0.018502682456350457	0.9742407272582708	0.07749752093911082	0.23392912223703236
chr8_pat	13600000	13800000	0.016443700039067786	0.9246413487140291	0.055961399969780945	0.07234414297431926
chr8_pat	13800000	14000000	0.010860945120225072	-0.3559973340585846	-0.15861358646334864	0.37106456092783935
chr8_pat	14000000	14200000	0.010203757356434855	-0.3542584778052098	-0.45069665458541297	0.4565981544852283
chr8_pat	14200000	14400000	0.009355640720216234	-0.6217572544837293	-0.3333499010112594	0.3582846522554942
chr8_pat	14400000	14600000	0.013613131557274196	0.3892565699821402	-0.46099230854527096	0.2134105584554248
chr8_pat	14600000	14800000	0.01159033228931402	-0.4011046758998512	-0.5001746820861568	0.2683642783383413
chr8_pat	14800000	15000000	0.023011991596316297	-0.03290589291160238	-0.529871312356521	0.236653844931363
chr8_pat	15000000	15200000	0.020158132011156	0.7906663141773507	-0.10340796994075764	0.1845565163635556
chr8_pat	15200000	15400000	0.01825592727046084	0.9186962539590028	-0.1394630815469829	0.2788703260387217
chr8_pat	15400000	15600000	0.011266457242589309	-0.5850619349628536	-0.5050658088961676	0.3555611626778959
chr8_pat	15600000	15800000	0.009875480101118654	-0.7044678822384146	-0.10993477112063758	0.4299882847603766
chr8_pat	15800000	16000000	0.01693154914081223	0.5325126236403297	-0.4863565915361301	0.2835570204356368
chr8_pat	16000000	16200000	0.012218177564911994	-0.35110684373095885	-0.43342795395202977	0.4290035394675753
chr8_pat	16200000	16400000	0.013721138522595287	0.20976255703249552	-0.3421887305934648	0.2802492570118489
chr8_pat	16400000	16600000	0.011908797609903331	-0.29179794467049547	-0.5264407551752645	0.4381385882217722
chr8_pat	16600000	16800000	0.009810348284055715	-0.8127806630846978	-0.19677682829313795	0.435660513364097
chr8_pat	16800000	17000000	0.011867991244858694	-0.24916876418829756	-0.46771181826686653	0.3826234144471889
chr8_pat	17000000	17200000	0.01485203202370027	0.21852083794780738	-0.5793806853974232	0.29892910633050107
chr8_pat	17200000	17400000	0.014695073600681488	-0.08592440073001524	-0.5483663049117076	0.26495395780254904
chr8_pat	17400000	17600000	0.017418674886501284	0.6390465473121195	-0.2873926485023561	0.34483044435235616
chr8_pat	17600000	17800000	0.013826496581968004	-0.11551491168437647	-0.34228446652217454	0.3907175322504458
chr8_pat	17800000	18000000	0.015701280045709285	0.6161764183608844	-0.20029689298447478	0.3180692370874259
chr8_pat	18000000	18200000	0.016174365897789873	1.1353147183924897	0.1406252992402425	0.39353156753468055
chr8_pat	18200000	18400000	0.01776849278513781	0.9449477852465208	-0.24608094224970775	0.3917833047707688
chr8_pat	18400000	18600000	0.017946762521403734	0.6915586249926214	-0.31111971724390874	0.3899641920913607
chr8_pat	18600000	18800000	0.010843674523630095	-0.49347391281590325	-0.4391770775382212	0.2954395660545735
chr8_pat	18800000	19000000	0.010279002150858267	-0.6573789342581269	-0.26795942001535555	0.2924800037646337
chr8_pat	19000000	19200000	0.012364786442880218	-0.3006171656744404	-0.5408870359176055	0.3710467008850759
chr8_pat	19200000	19400000	0.013663828388148998	0.4465140174166119	-0.3719768958152754	0.2965208075802124
chr8_pat	19400000	19600000	0.0141827150205461	0.9200727395222363	-0.039657555176265	0.3040778891914341
chr8_pat	19600000	19800000	0.012028891996880882	0.14082146049257935	-0.5540639149296137	0.30209484448585944
chr8_pat	19800000	20000000	0.016183555328824435	1.0483263297945686	0.17272105205708277	0.2501649839780194
chr8_pat	20000000	20200000	0.01522772563026602	1.076793827277176	0.41923761457693637	0.2657934586215301
chr8_pat	20200000	20400000	0.015090122880034277	1.0378188228795489	0.26009402954009186	0.22673317390370026
chr8_pat	20400000	20600000	0.01780516206909823	1.0227508231606692	0.0020182090380042954	0.4088333216439637
chr8_pat	20600000	20800000	0.014648324100800221	0.6463173050972674	-0.31984313909375917	0.30365516190294933
chr8_pat	20800000	21000000	0.009391960998938947	-0.908674456472341	0.04450215578048985	0.13321423571530538
chr8_pat	21000000	21200000	0.009392134011765122	-0.7534525159892383	-0.4138462408463244	0.19980700482234287
chr8_pat	21200000	21400000	0.015188429016080264	0.377288201260413	-0.4977993757187649	0.2580847622652896
chr8_pat	21400000	21600000	0.016621866580242728	0.7704195814835514	-0.14810787867125014	0.1807079718089956
chr8_pat	21600000	21800000	0.014240093742374773	0.7326199583748451	-0.04652887046974687	0.16663724163252655
chr8_pat	21800000	22000000	0.013101956485928849	0.15420499906382992	-0.3762824898843345	0.21652744419820716
chr8_pat	22000000	22200000	0.013803898874775278	0.26373455729291445	-0.4109427326336857	0.12823067786864753
chr8_pat	22200000	22400000	0.012673681422983052	0.06319026652375373	-0.5508768444494696	0.027783044507246696
chr8_pat	22400000	22600000	0.014489968914444082	0.6582578371210152	-0.24923256950006845	-0.07653815069089488
chr8_pat	22600000	22800000	0.015788356596554132	1.1205050796075544	0.14653320165929934	-0.13362601894860218
chr8_pat	22800000	23000000	0.01741819237770329	0.8842359593227684	0.02472134280632532	0.0057493606212921395
chr8_pat	23000000	23200000	0.013350256660050491	0.0497197437487849	-0.5221556885896254	0.213973633047531
chr8_pat	23200000	23400000	0.008694327608491731	-1.044836054543472	0.44429625753086727	0.1438542655999336
chr8_pat	23400000	23600000	0.010115870760449194	-0.6122465988239554	-0.20802882371350886	0.07014739693117485
chr8_pat	23600000	23800000	0.011336740660808342	-0.44618426833598324	-0.40859610949906805	0.16152516024234073
chr8_pat	23800000	24000000	0.01230139949200488	0.010517001684873097	-0.5122334977926739	0.1510610843430446
chr8_pat	24000000	24200000	0.010518037807488428	-0.5538961590646388	-0.4684066557400448	0.2377002764725398
chr8_pat	24200000	24400000	0.012985770179613042	0.6134974341925439	-0.3657813788806456	0.17270821549341125
chr8_pat	24400000	24600000	0.011358411753031847	-0.07104535700290461	-0.4783564808730165	0.2689097112301843
chr8_pat	24600000	24800000	0.014156583007804192	0.6641618056249289	-0.12094530426612882	0.22218603183772143
chr8_pat	24800000	25000000	0.015780862911060657	0.9157061454287175	0.15202459736688967	0.5493154033589728
chr8_pat	25000000	25200000	0.016173895326118647	0.9328321474028772	0.2762266213133957	0.6027364239697517
chr8_pat	25200000	25400000	0.016973951995212348	0.9590364575270122	0.2964872582934833	0.4958679713702967
chr8_pat	25400000	25600000	0.018915316417152994	1.012081811926113	0.34015456177184233	0.6216346416221342
chr8_pat	25600000	25800000	0.026489307977212075	1.023497275760376	0.31205653592033783	0.3973731974889869
chr8_pat	25800000	26000000	0.03231796549564041	0.8646399392163261	0.36359582352442366	0.36767021430029473
chr8_pat	26000000	26200000	0.03202385981794451	0.987064172610296	0.49088387902227665	0.22091877467583515
chr8_pat	26200000	26400000	0.048518368709814984	0.6928916932660947	-0.2535147094029526	0.2190499072476328
chr8_pat	26400000	26600000				
chr8_pat	26600000	26800000				
chr8_pat	26800000	27000000				
chr8_pat	27000000	27200000				
chr8_pat	27200000	27400000				
chr8_pat	27400000	27600000				
chr8_pat	27600000	27800000				
chr8_pat	27800000	28000000	0.029085216807849	-0.5563418344850726	0.0012549363708254898	0.15200672319146627
chr8_pat	28000000	28200000	0.018081330749704357	-0.541218397642714	-0.05180854962758133	0.09961515065334159
chr8_pat	28200000	28400000	0.01684778452704476	-0.4987265388390339	-0.14816268559736762	0.2879810845657201
chr8_pat	28400000	28600000	0.015662202538522296	-0.295103379709116	-0.05776200604352877	0.3786588411214874
chr8_pat	28600000	28800000	0.012308814785355053	-0.6331157412460078	0.22688782109106248	0.3734029591303422
chr8_pat	28800000	29000000	0.01243675855738301	-0.4808834306681317	0.016160277586389916	0.3722473634874642
chr8_pat	29000000	29200000	0.011040968536417657	-0.635978252898473	0.20745503756637296	0.2815316451275852
chr8_pat	29200000	29400000	0.017000297279856358	-0.16231438441241627	-0.20060991560760427	0.35061636095011905
chr8_pat	29400000	29600000				
chr8_pat	29600000	29800000	0.021911494313729542	-0.6143727261265809	0.36496619769419936	0.4640545774404293
chr8_pat	29800000	30000000	0.019296473212805827	-0.32686218640657194	0.07790791150133154	0.4513771617182617
chr8_pat	30000000	30200000	0.011571253546081567	-0.6986503672129453	0.19544965509277526	0.28920110793690607
chr8_pat	30200000	30400000	0.01779904306315602	0.14276784099083736	-0.01740342028001432	0.3746885246808656
chr8_pat	30400000	30600000	0.014837536696991357	-0.5352013584774249	0.1671218073534564	0.37676972345619864
chr8_pat	30600000	30800000	0.012903961319051815	-0.7344587381188665	0.14964729115738679	0.2670761600050111
chr8_pat	30800000	31000000	0.012949193491418919	-0.7046590198643304	0.0956606411912589	0.35319547698738135
chr8_pat	31000000	31200000	0.03154578216108079	-0.08510821382834077	-0.4425208540403025	0.17343591974483397
chr8_pat	31200000	31400000				
chr8_pat	31400000	31600000				
chr8_pat	31600000	31800000				
chr8_pat	31800000	32000000				
chr8_pat	32000000	32200000				
chr8_pat	32200000	32400000				
chr8_pat	32400000	32600000				
chr8_pat	32600000	32694906				
chr9_pat	0	200000				
chr9_pat	200000	400000				
chr9_pat	400000	600000				
chr9_pat	600000	800000				
chr9_pat	800000	1000000				
chr9_pat	1000000	1200000	0.044437556774181576	1.220840318698874	0.11956728840994967	-0.20037572818310112
chr9_pat	1200000	1400000	0.022889334047176482	0.2243136948301657	0.684470735920593	-0.03688627786031219
chr9_pat	1400000	1600000	0.015904494419489004	-0.13898042174645533	0.34415629522326574	-0.15623517563355424
chr9_pat	1600000	1800000	0.012872100683443407	-0.7862493894094242	-0.053244551969446455	0.03438641855735844
chr9_pat	1800000	2000000	0.015116491923042477	-0.5134759536817203	0.41536344134652664	0.18169528087933864
chr9_pat	2000000	2200000	0.012862751081983677	-0.3416383585297752	0.20704215314611515	0.002715947019478483
chr9_pat	2200000	2400000	0.017890367737919355	0.9514141764621169	0.24545563585405303	0.30503607014786793
chr9_pat	2400000	2600000	0.019678343606451397	0.9367050632709004	0.2344693111067155	0.4464300719932159
chr9_pat	2600000	2800000	0.017904161189053372	0.5167009068944223	0.509491100540831	0.5074685474948396
chr9_pat	2800000	3000000	0.012227040550566814	-0.5592524937906135	0.31869882809785105	0.10557058172280756
chr9_pat	3000000	3200000	0.016772689648886886	0.7783173554034588	0.37466379473897193	0.31988872665493306
chr9_pat	3200000	3400000	0.017474479586607777	-0.4023127967701433	0.44500840171751815	0.20973088769351123
chr9_pat	3400000	3600000				
chr9_pat	3600000	3800000	0.03752731423510844	1.0990527363332157	-0.0965768249301514	0.6185794821248758
chr9_pat	3800000	4000000	0.016990491898924407	1.1309084872362591	-0.22069825103194868	0.12461930775145127
chr9_pat	4000000	4200000	0.01867960661791378	1.1326816164978075	-0.052131880953642934	0.2769896454523946
chr9_pat	4200000	4400000	0.01939809642699178	0.17121788219392264	0.6976695094223846	0.20703091424472184
chr9_pat	4400000	4600000	0.011552789169160313	-0.8939776497451225	-0.5077256453725129	-0.020569731211109252
chr9_pat	4600000	4800000	0.011006926069133149	-0.8290628206009474	-0.6401775039447257	-0.05495393236633534
chr9_pat	4800000	5000000	0.0192568621468232	-0.6201772011482407	-0.010352747568085907	-0.11085767706179796
chr9_pat	5000000	5200000	0.015184086914434158	-0.6858493711762137	-0.1366641234388286	-0.06543498637775397
chr9_pat	5200000	5400000	0.018497870182252213	-0.571031749567713	0.143157614577315	-0.1432121720010415
chr9_pat	5400000	5600000	0.013345291128968893	-0.5909572288669159	0.07635250172060934	-0.07588075024624955
chr9_pat	5600000	5800000	0.010706017379771069	-0.49727823352414746	0.10234014435659393	-0.09839105845227501
chr9_pat	5800000	6000000	0.01591210511839923	0.5781294771005241	0.4715008912519615	-0.4350574382894666
chr9_pat	6000000	6200000	0.014897291899641727	0.569310018324805	0.34302110515811224	-0.24807344117562294
chr9_pat	6200000	6400000	0.016346925038683215	0.3745591094762832	0.6357770933232326	-0.3876127157271349
chr9_pat	6400000	6600000	0.011746248300760768	-0.5467673641882821	0.2771854113125322	-0.18036491950446434
chr9_pat	6600000	6800000	0.010235755630150402	-0.732368232631677	-0.14917919460956394	-0.12624756192397932
chr9_pat	6800000	7000000	0.010935737258522238	-0.6301938283203893	-0.020809938185001486	-0.07215382079817287
chr9_pat	7000000	7200000	0.011526555860550647	-0.7722873817144127	-0.32664859070643604	-0.12140124680434493
chr9_pat	7200000	7400000	0.011954371883363572	-0.4658520222942224	0.2569044316882078	-0.1236437726260674
chr9_pat	7400000	7600000	0.01220678146727133	-0.43526342887944053	0.3898815800379913	-0.07323804685762897
chr9_pat	7600000	7800000	0.016416662260203736	0.6566952758163433	0.5739727672212982	-0.41752054558528834
chr9_pat	7800000	8000000	0.012048022838649065	-0.04517754980001238	0.24316449977142393	-0.15640360743431633
chr9_pat	8000000	8200000	0.014419693299743764	1.1945866931347886	-0.22479075961879205	-0.5705682444374417
chr9_pat	8200000	8400000	0.014575124413332512	1.2091341766077528	-0.3908457463361494	-0.8920050858887456
chr9_pat	8400000	8600000	0.01497148044795176	1.1287708077455028	-0.4136780337183214	-0.7639181639609106
chr9_pat	8600000	8800000	0.01720779310486967	0.8997740439678654	-0.10482790980853539	-0.5770878347626737
chr9_pat	8800000	9000000	0.01523909515128279	1.0813995527657072	0.01406714253096852	-0.5719211797621959
chr9_pat	9000000	9200000	0.01248247186667405	-0.062102208639656306	0.6884688473061948	-0.3164961275941764
chr9_pat	9200000	9400000	0.012943197829348062	0.615290646550668	0.4420180041991307	-0.49770072949845034
chr9_pat	9400000	9600000	0.010812888588127562	-0.4638615778951205	0.3229343536299414	-0.20718349890886176
chr9_pat	9600000	9800000	0.009867638848887746	-0.4878071716530305	0.2911006130939851	-0.21248295583937357
chr9_pat	9800000	10000000	0.012774220531315161	0.07451858193579831	0.3405543639155439	-0.23893913496331273
chr9_pat	10000000	10200000	0.014726218795563266	0.988595555893516	-0.04618856128547806	0.06402601510745798
chr9_pat	10200000	10400000	0.015108873515246361	0.46052493476702594	0.3417360781833179	-0.021060035445921475
chr9_pat	10400000	10600000	0.010633061730856876	-0.6271215359782465	0.06845485893152681	-0.05081119519894719
chr9_pat	10600000	10800000	0.009474413692681833	-0.5345449497976484	0.1448571815539488	0.02672706995290511
chr9_pat	10800000	11000000	0.015516655095394585	0.562604166992244	0.3079625541638833	-0.05437570905404409
chr9_pat	11000000	11200000	0.014176509612222677	0.7889968466920715	0.2792502154271694	-0.01431067771632414
chr9_pat	11200000	11400000	0.011203040177199636	-0.36650141142528997	-0.2699319901204695	-0.06426196495676177
chr9_pat	11400000	11600000	0.01056346447495873	-0.539376544600675	0.17932936830967253	-0.03269145174875651
chr9_pat	11600000	11800000	0.011029718209668759	-0.7390160734878458	-0.2692627154382037	-0.09691389745166422
chr9_pat	11800000	12000000	0.01329154489314824	-0.3670320817970977	0.34531755893636445	-0.07493152026342789
chr9_pat	12000000	12200000	0.013403586994678444	0.6169422629324635	0.29882303697915097	0.12446376206170917
chr9_pat	12200000	12400000	0.01306865020474478	0.5344873415508317	0.2626886832969723	-0.05849292219537696
chr9_pat	12400000	12600000	0.013645483744875179	1.0146632067006416	-0.20031330984116164	0.5274203126580439
chr9_pat	12600000	12800000	0.01394100934467713	0.9864039696236376	-0.19359463648062256	0.3649019872253892
chr9_pat	12800000	13000000	0.014108312704501707	0.6557752557940022	0.29653533399563897	0.47367091973334663
chr9_pat	13000000	13200000	0.022807425637029248	1.1129440090013554	-0.3575630145078122	0.4801867850691167
chr9_pat	13200000	13400000	0.020815112849057602	1.0844161702930568	-0.15030512884036878	0.3298319324365964
chr9_pat	13400000	13600000	0.019396892572515603	1.1401850530834512	-0.3765096868986125	0.5008658811115754
chr9_pat	13600000	13800000	0.0159348514749825	0.7197403021137987	0.22624225364947054	-0.008944394088389861
chr9_pat	13800000	14000000	0.0119559044177501	-0.18930926917925855	0.503911095617191	0.10087178760303625
chr9_pat	14000000	14200000	0.00970708038702494	-0.793889541958922	-0.16823261345607413	-0.02333171620427439
chr9_pat	14200000	14400000	0.012828117925067202	-0.6966048081886274	-0.013438645738815768	-0.02914656711319764
chr9_pat	14400000	14600000	0.012632517777403285	-0.616235539170156	0.26027394632993295	0.011761515889814217
chr9_pat	14600000	14800000	0.014724306503239179	-0.06765417748236653	0.4943637867255707	-0.15408442303533432
chr9_pat	14800000	15000000	0.016820753592364852	0.8448557163178652	0.26995609146824856	-0.033602847215161345
chr9_pat	15000000	15200000	0.016624583723578737	1.0533029900712882	0.13347778449928593	0.05620201923869505
chr9_pat	15200000	15400000	0.014218306755676863	0.45162537542970504	0.47132543079977124	0.15958503055002538
chr9_pat	15400000	15600000				
chr9_pat	15600000	15800000				
chr9_pat	15800000	16000000	0.016705180211465803	0.4956102789929696	0.4889407756241481	-0.2705349544345897
chr9_pat	16000000	16200000	0.01696963441540461	0.11728157825912801	0.4712653572881857	0.1239558791494215
chr9_pat	16200000	16400000	0.014434046568716219	-0.37683445518327574	0.4473823497486772	-0.18914522744065063
chr9_pat	16400000	16600000	0.011964974967833279	-0.705212319450109	-0.2712957212896242	0.024367750651568196
chr9_pat	16600000	16800000	0.0115228457188959	-0.79347563314604	-0.4825330243423579	-0.1596613657641851
chr9_pat	16800000	17000000	0.010556128215061925	-0.7678728334839884	-0.2831191419382646	-0.10216357851052452
chr9_pat	17000000	17200000	0.011513215944029131	-0.5853178637961276	0.05301177348703591	-0.06946536178320241
chr9_pat	17200000	17400000	0.012938674297321798	-0.5543303847690846	0.07171661096160492	-0.1656108656856127
chr9_pat	17400000	17600000	0.010170643013577436	-0.5399793905585104	-0.09317672914131048	-0.008944724423088217
chr9_pat	17600000	17800000	0.011196542297695372	-0.8916331520661217	-0.629357255997367	-0.15234798967583302
chr9_pat	17800000	18000000	0.01921146288669479	-0.4891864434613425	0.2637712844824022	-0.16618175524272338
chr9_pat	18000000	18200000	0.013394104937314116	-0.2713803466709917	0.4959350841676354	-0.09659563058527526
chr9_pat	18200000	18400000	0.010606593218359921	-0.49197337945502045	0.31448190569608847	-0.0797798629084245
chr9_pat	18400000	18600000	0.01321636549168339	0.07132636868596898	0.5308432792132243	-0.12903406079722946
chr9_pat	18600000	18800000	0.015423850662372339	1.0903949327477498	-0.004371468101086824	-0.5547304290909759
chr9_pat	18800000	19000000	0.015769979136284633	0.9951664566162037	0.06726562451901556	-0.393818002342844
chr9_pat	19000000	19200000	0.010007186258667072	-0.2485954475576319	-0.016933363392390127	-0.16245976929130074
chr9_pat	19200000	19400000	0.011236122073535531	0.1356995333090085	0.45834856318956074	-0.19446077296875525
chr9_pat	19400000	19600000	0.010392190288495145	-0.05022852731374618	0.37701517263966605	-0.22636800713726726
chr9_pat	19600000	19800000	0.008875954848758394	-0.6536799510752598	-0.11846759502447385	-0.10867205571211426
chr9_pat	19800000	20000000	0.014242385680074942	0.6586114426215003	0.539383819672407	-0.22321306890494502
chr9_pat	20000000	20200000	0.012607842667840688	-0.48287617625420687	0.531156599374963	-0.08117136545013162
chr9_pat	20200000	20400000	0.01284760703032209	0.44189667316216896	0.27153108528570497	-0.07673382211872826
chr9_pat	20400000	20600000	0.013606193744105018	1.2022469087140824	-0.3435767493137659	-0.6991163120024871
chr9_pat	20600000	20800000	0.01322048783298319	1.1334205340235732	-0.37455818668057306	-0.5011559478770581
chr9_pat	20800000	21000000	0.014165616714485399	1.0700018440738817	-0.30907502078610904	-0.6896141544845461
chr9_pat	21000000	21200000	0.013489349528141684	1.2193268425689616	-0.4472382702377745	-0.5711757040570639
chr9_pat	21200000	21400000	0.015281431738895838	1.1383570158506937	-0.1691907949746309	-0.46045649669328254
chr9_pat	21400000	21600000	0.012406612925040555	0.11615323513525998	0.6107429118399442	-0.05883475795254522
chr9_pat	21600000	21800000	0.013149536024700198	-0.1086371362234618	0.6921110466502639	-0.11640372120241584
chr9_pat	21800000	22000000	0.010958762373376148	-0.6318661581678545	-0.007289013744859603	-0.042600108398107635
chr9_pat	22000000	22200000	0.009536914087327665	-0.7057949389424175	-0.1305207764054674	0.017876009972471966
chr9_pat	22200000	22400000	0.010399075561165365	-0.5044387265692614	0.4139758551143273	0.050461563921486936
chr9_pat	22400000	22600000	0.017167365911759602	0.6968634045732481	0.479258534989304	0.04884256394957783
chr9_pat	22600000	22800000	0.015844763635379577	0.990804395617666	0.03828455571636923	0.5502970241680866
chr9_pat	22800000	23000000	0.014581847355738298	0.7079432594648748	0.3468617475604591	0.29572383290046944
chr9_pat	23000000	23200000	0.009887498085778048	-0.5806232598670151	0.45147753637254656	0.22071848152562162
chr9_pat	23200000	23400000	0.013332381520844575	1.079611039420487	-0.03446086352714792	0.46827602813088115
chr9_pat	23400000	23600000	0.013049545859809344	1.2611731019680905	-0.3960728184395469	0.7359376580587087
chr9_pat	23600000	23800000	0.015001605126682114	1.2619651831381478	-0.23174456900909401	0.7605103715231268
chr9_pat	23800000	24000000				
chr9_pat	24000000	24200000				
chr9_pat	24200000	24400000				
chr9_pat	24400000	24600000				
chr9_pat	24600000	24800000				
chr9_pat	24800000	25000000				
chr9_pat	25000000	25200000	0.012545880807978724	-0.30821308152523014	0.46820638279157095	0.10205291463503281
chr9_pat	25200000	25400000	0.011858628476842449	-0.4950568057593682	0.5564298424281506	0.08697215697809821
chr9_pat	25400000	25600000	0.013444282122074484	-0.29577179154799715	0.5874390736326871	0.06855302100132393
chr9_pat	25600000	25800000	0.011282919165219295	-0.872268224255308	-0.5388489472123513	0.0029433142729235625
chr9_pat	25800000	26000000	0.01966631637926057	-0.8231286643517073	-0.045393327666030395	0.05601100759472597
chr9_pat	26000000	26200000	0.05364903542979091	-0.1543382307213679	0.32117304835549987	0.30104780969822637
chr9_pat	26200000	26241639				
chr10_pat	0	200000				
chr10_pat	200000	400000				
chr10_pat	400000	600000	0.044368292858777525	-0.31352329348233676	-0.6521619221417347	-0.10386197463040821
chr10_pat	600000	800000	0.028495141447542012	-0.4298763647119167	-0.5499579277543458	0.11405140016301243
chr10_pat	800000	1000000	0.016254118811204973	-0.22186506239528622	-0.462490261640402	0.051534919709336005
chr10_pat	1000000	1200000	0.015667221392960902	0.1695995418256342	-0.8598980382322579	0.3789444251572515
chr10_pat	1200000	1400000	0.01097136054630626	-0.48557819631970695	-0.4614732518617481	0.07422924795765634
chr10_pat	1400000	1600000	0.016745597350771517	0.600697122034436	-0.13667903345326024	0.3111146984488272
chr10_pat	1600000	1800000	0.017292084452840976	0.10860103347314756	0.2960295901866358	0.09597229523476888
chr10_pat	1800000	2000000	0.015922443395050525	-0.284076401781007	0.3412153157073334	-0.18935914410114374
chr10_pat	2000000	2200000	0.011506149142110155	-0.6891449717318052	0.22193887909453708	-0.19205064465391625
chr10_pat	2200000	2400000	0.009585980570402367	-0.4529323896894906	0.43499436086352683	-0.1792454659754633
chr10_pat	2400000	2600000	0.009359160515093121	0.42992075989931106	0.37442204933488926	0.08697882490934361
chr10_pat	2600000	2800000	0.012559502570303553	-0.2117320155345893	-0.12735823349163655	-0.10281117164302427
chr10_pat	2800000	3000000	0.016256296078495353	0.7429828600289404	-0.16965526894957844	0.3037647533080941
chr10_pat	3000000	3200000	0.009930543115686563	-0.6260662169945599	0.25721010269655403	-0.29407777846311206
chr10_pat	3200000	3400000	0.013237561538848792	-0.03772237505778295	-0.2508079593114069	0.014882703820029593
chr10_pat	3400000	3600000	0.01102144649901258	-0.41308605642779983	0.0761479349572971	-0.010341957979856849
chr10_pat	3600000	3800000	0.012060500178914062	-0.63771378839547	0.07073494632625786	-0.0077025462146416155
chr10_pat	3800000	4000000	0.011283778549584624	-0.5943167317337164	-0.024001447654910267	-0.11350639693959665
chr10_pat	4000000	4200000	0.010552190695060776	-0.7579323911005694	-0.17560076768782007	-0.17045870852524939
chr10_pat	4200000	4400000	0.012730972615211552	-0.5004024612159489	-0.4537556886416497	-0.0898905025752973
chr10_pat	4400000	4600000	0.01576861450622275	-0.05146164525469087	-0.7830257378266672	-0.20945446452942065
chr10_pat	4600000	4800000	0.025042605773447725	0.99308181528528	-0.493926981592526	0.3348337213291969
chr10_pat	4800000	5000000	0.019612790692225948	0.7677285467217941	-0.4671160537075448	-0.12241094719823607
chr10_pat	5000000	5200000	0.013560992101850057	0.11955705267642168	-0.5346760753869764	-0.028886289932982534
chr10_pat	5200000	5400000	0.013740430779366588	0.17333564862739118	-0.5128089526122042	-0.13354056065920727
chr10_pat	5400000	5600000	0.012706099006256475	-0.1041096768529116	-0.5741599645675463	-0.011055259750201352
chr10_pat	5600000	5800000	0.011074508966573785	-0.22597551051711445	-0.4467731150919176	-0.1600450463679296
chr10_pat	5800000	6000000	0.012816818694560266	0.21958676527934431	-0.5705787238894028	-0.05720289232327448
chr10_pat	6000000	6200000	0.010908814769074772	-0.2239026521976021	-0.6514228954615959	-0.14120075795181433
chr10_pat	6200000	6400000	0.014434072500385873	0.844312481990969	-0.38234513065564046	0.014867562688428789
chr10_pat	6400000	6600000	0.01469606360418585	0.9800685713627292	-0.20579772885436762	0.05598123217704161
chr10_pat	6600000	6800000	0.010516185702866042	-0.5108377038323225	-0.34110731050780546	-0.13206851656656834
chr10_pat	6800000	7000000	0.010952000914812427	-0.33160404553867556	-0.3629180106749396	-0.1440668233174355
chr10_pat	7000000	7200000	0.01515578766817364	0.42097351508903735	-0.7038670701986046	-0.1801561450737695
chr10_pat	7200000	7400000	0.013535438357186088	-0.49168199327367074	-0.30789441509584237	-0.20021005129597616
chr10_pat	7400000	7600000	0.011284450409224111	-0.5384249751035532	-0.4767325814153352	-0.31092901990080346
chr10_pat	7600000	7800000	0.011933407780628777	-0.25990977486892064	-0.40364571778187214	-0.3498119907800241
chr10_pat	7800000	8000000	0.010140554995469179	-0.3809958855703014	-0.43476758482207245	-0.19366701308369313
chr10_pat	8000000	8200000	0.012736183152471811	0.7082211862394623	-0.4487891269277262	0.17511038937066586
chr10_pat	8200000	8400000	0.016139893572561508	1.2091354747366891	-0.17879330888022293	0.2829381223833068
chr10_pat	8400000	8600000	0.01692219675243226	0.427145350639545	-0.41616783055071954	0.057855578061844375
chr10_pat	8600000	8800000	0.010648597642471587	-0.35780409804305924	-0.25656357739406704	-0.08766048002378218
chr10_pat	8800000	9000000	0.01045087181230786	-0.7183641931059317	-0.3350301434135488	-0.0968403498308547
chr10_pat	9000000	9200000	0.011223399098942152	-0.027977249777468047	-0.6323519860728964	-0.20878547920598897
chr10_pat	9200000	9400000	0.014226218361025854	0.5616687802415401	-0.6305063465164019	-0.13851343467222102
chr10_pat	9400000	9600000	0.01495119369404279	1.164592060309519	0.19539387416382772	0.36442509737939355
chr10_pat	9600000	9800000	0.017066056550804648	1.2167826388012897	0.21159767190312703	0.26414255751124044
chr10_pat	9800000	10000000	0.022403377326966498	0.8712597860604181	-0.19201178766391083	0.33691687999390824
chr10_pat	10000000	10200000	0.011745830780870496	-0.19094888441465688	-0.6234316439948273	-0.0671086633675518
chr10_pat	10200000	10400000	0.010314969204809336	-0.5178167604037759	-0.3814102765165617	-0.3650678935173151
chr10_pat	10400000	10600000	0.014302825267311808	-0.3623314228874165	-0.38959046630051725	-0.34645000567085077
chr10_pat	10600000	10800000	0.008192285921130998	-0.8376666348962891	-0.12814755499990427	-0.2599977879164285
chr10_pat	10800000	11000000	0.013273959345087042	0.2759244316804751	-0.5806970258799627	-0.1955723888216833
chr10_pat	11000000	11200000	0.009289921206654742	-0.4806066608742801	-0.3199026968711145	-0.33293940994132054
chr10_pat	11200000	11400000	0.012828144023554701	-0.41248771265250955	-0.395170796376907	-0.261638635422898
chr10_pat	11400000	11600000	0.01371280326734053	0.2793686058772129	-0.5833761099410878	-0.23083161835325886
chr10_pat	11600000	11800000	0.012964737252583958	0.07075897785427135	-0.6627068955369081	-0.23617815452129706
chr10_pat	11800000	12000000	0.01617307129414044	0.936047579101801	-0.18003575872365532	0.09735886774072931
chr10_pat	12000000	12200000	0.010391780304249972	-0.10824991029236075	-0.3285219805133416	-0.0923921837162301
chr10_pat	12200000	12400000	0.012092461108362094	-0.10087694185912917	-0.6041353926393636	-0.3220644457901579
chr10_pat	12400000	12600000	0.010821321012340901	-0.04841111428306575	-0.2764259120234062	-0.18516158676302524
chr10_pat	12600000	12800000	0.013422985646017502	0.050395432777878786	-0.43319192016696734	-0.1849898538490405
chr10_pat	12800000	13000000	0.01534230822562644	-0.16484313780001794	-0.3653063511940501	-0.0689354137202982
chr10_pat	13000000	13200000	0.011912443429637095	-0.4206061086946031	-0.049614679406028185	-0.19184315762023627
chr10_pat	13200000	13400000	0.013114385546865046	-0.1390943966245974	0.0001778487997670849	-0.21411597115134007
chr10_pat	13400000	13600000	0.01761477499566327	0.8475256721725786	0.4148152027913322	-0.40315564400269005
chr10_pat	13600000	13800000	0.015899066982850485	0.9894220630389993	0.42807490682255767	-0.29658708658254895
chr10_pat	13800000	14000000	0.01573406972584357	0.9045587245996994	-0.0490331509149123	-0.4064502723845274
chr10_pat	14000000	14200000	0.011601479353926457	-0.2063687660173801	-0.4184675917835098	-0.3768431210454467
chr10_pat	14200000	14400000	0.013587049118275234	0.6942829800962408	-0.152332512078372	-0.3666019862154015
chr10_pat	14400000	14600000	0.013624762614304467	0.7416805337853675	0.017080368803383504	-0.5347533286722289
chr10_pat	14600000	14800000	0.015575375745533866	0.20770943322074967	-0.24071166867483043	-0.6300470668080386
chr10_pat	14800000	15000000	0.011065501834672116	-0.39584108441213783	0.03549945654292515	-0.35272036150388836
chr10_pat	15000000	15200000	0.014091183351114476	0.8238657705964137	0.1321333520312141	-0.6279439826629102
chr10_pat	15200000	15400000	0.01604150699289382	0.9297048671230856	0.03175955814466274	-0.6697447087193611
chr10_pat	15400000	15600000	0.01765396793998013	0.9557665289040987	0.20507213167596566	-0.7274015218045561
chr10_pat	15600000	15800000	0.01716816245770081	1.0639833135404746	0.2263275594662612	-0.9353268530654476
chr10_pat	15800000	16000000	0.01646905112896224	0.9411814881961892	0.1565142171565711	-0.859240431337377
chr10_pat	16000000	16200000	0.017224133927535225	0.8214476142912411	0.05947974243469923	-0.7235565015200406
chr10_pat	16200000	16400000	0.01629354270260963	1.0872523474422313	0.2722079145703662	-0.7074464658357157
chr10_pat	16400000	16600000	0.016011102170561942	1.0834650942581732	0.20215807807522712	-0.5082558527585868
chr10_pat	16600000	16800000	0.013708565737107119	0.35922402479951837	-0.3455819228343294	-0.04734168728135691
chr10_pat	16800000	17000000	0.015603693380288077	0.7776205095165629	-0.3622681051027342	-0.17000339509413495
chr10_pat	17000000	17200000	0.014393646462925458	0.03109305564972437	-0.48748498612892205	-0.28633605206661694
chr10_pat	17200000	17400000	0.010863089034614404	-0.9288849997066547	-0.047782434470772135	-0.11272149125656421
chr10_pat	17400000	17600000	0.013668622101182845	0.05199025261504156	-0.40282807471836657	-0.2250845962079593
chr10_pat	17600000	17800000	0.012484594688738032	-0.18660522379717479	-0.29652257037042373	-0.1278971654758332
chr10_pat	17800000	18000000	0.01284272006399539	-0.2347735249480266	-0.18670084823047658	-0.0677866512494964
chr10_pat	18000000	18200000	0.010487479161647256	-0.43041587660028297	-0.017666562038080313	-0.1701849568898676
chr10_pat	18200000	18400000	0.017424434978689597	0.6354822764353614	0.0031172999477174944	-0.029476839689446414
chr10_pat	18400000	18600000	0.00945621723833203	-0.7430909781148723	-0.24584713486811707	-0.17192035252829377
chr10_pat	18600000	18800000	0.01579960189692562	0.7885219876411032	-0.36365386181620085	0.025266905095301627
chr10_pat	18800000	19000000	0.010763763031711738	-0.36375379753233045	-0.5331271376189612	-0.05308003017848881
chr10_pat	19000000	19200000	0.011135806339845879	-0.6736338051280155	0.04130225597575195	-0.2951005177561316
chr10_pat	19200000	19400000	0.012208026523480936	-0.11513091392213776	-0.25303044408978626	-0.06950049520134263
chr10_pat	19400000	19600000	0.010128514522252986	-0.6183504460604041	0.15697030126955278	-0.32253068224274933
chr10_pat	19600000	19800000	0.016522500522599952	-0.6228430390410348	0.0625623213671545	-0.30381759994662116
chr10_pat	19800000	20000000	0.010944897035631358	-0.5115942218799788	0.27293999312498846	-0.29476967875298615
chr10_pat	20000000	20200000	0.009255405543796174	-0.7244408142634303	0.5495572125717161	-0.5592126401928916
chr10_pat	20200000	20400000	0.014115439163330966	-0.5992565812407299	0.5192147948867025	-0.6643680812315605
chr10_pat	20400000	20600000	0.023901575152161174	-0.7459629859891439	0.6319016086699487	-0.738012520503574
chr10_pat	20600000	20761298	0.04872405397029513	-0.4197623108044218	0.26623589066623077	-0.7900924170694409
chr11_pat	0	200000				
chr11_pat	200000	400000				
chr11_pat	400000	600000				
chr11_pat	600000	800000	0.07258628895192903	-0.9694133460542456	-0.04862514084333161	0.21065559446786808
chr11_pat	800000	1000000	0.06633933572825149	-1.0664768243242557	-0.21134625521797135	0.7460633565093165
chr11_pat	1000000	1200000	0.04830496625573973	-0.9949950580615687	0.017748115721730504	0.673029033927304
chr11_pat	1200000	1400000	0.0605977689337492	-0.6691145072573091	-0.7043262948629401	0.13963507145448584
chr11_pat	1400000	1600000	0.041273903526291025	0.6634645851652053	-0.7607866874052873	-0.26120422110067165
chr11_pat	1600000	1800000	0.04871680100334157	0.10314889012596322	-0.9600278850630419	-0.3248815272703997
chr11_pat	1800000	2000000	0.05655894671681611	-0.8928695092207708	-0.045894710612803875	-0.26004390103371494
chr11_pat	2000000	2200000				
chr11_pat	2200000	2400000				
chr11_pat	2400000	2600000				
chr11_pat	2600000	2800000				
chr11_pat	2800000	3000000	0.08073754223731704	-0.7313867790903108	-0.7028391298108086	0.002779037383646105
chr11_pat	3000000	3200000	0.03674626465652442	0.6722627502041948	-0.4989002997581334	-0.3106108174655676
chr11_pat	3200000	3400000	0.04165709255409572	-0.03403176878071187	-1.03526667059564	-0.1753650423248437
chr11_pat	3400000	3600000	0.037846103241313836	0.06237210573961793	-0.953633204552585	-0.015475960004550628
chr11_pat	3600000	3800000	0.03368103074759132	0.673000947434967	-0.20988647201912436	0.037768341057557685
chr11_pat	3800000	4000000	0.044214704818126026	0.439681510053735	-0.6157314576720402	-0.2003858248323233
chr11_pat	4000000	4200000	0.04032821421380633	0.12169268031781626	-0.4021591777157579	0.07163960077276432
chr11_pat	4200000	4400000	0.04385609711575333	0.5207677580940724	0.2550095228296245	-0.0408721962359534
chr11_pat	4400000	4600000	0.02509902739807004	0.7881439159285152	0.2041221948047145	-0.06676590847170359
chr11_pat	4600000	4800000	0.020474350791804895	0.7560988230770119	0.15252721049192405	0.0001679262652797417
chr11_pat	4800000	5000000	0.03387236241304093	0.3695278242755073	-0.1887050853199144	0.15987829378979274
chr11_pat	5000000	5200000	0.027801702412252133	0.3448097567947795	-0.06106089317066553	-0.2072324732807191
chr11_pat	5200000	5400000	0.01968307588052611	0.6731529308339455	0.24698674423059835	-0.13937156678851928
chr11_pat	5400000	5600000	0.018652270017841477	0.837440886150466	0.6573010073028189	-0.01923407024103718
chr11_pat	5600000	5800000	0.019882197425588676	0.8498895397302044	0.6277157341338098	-0.061586106292816974
chr11_pat	5800000	6000000	0.01959952225449339	0.7563423930648957	0.43608247865871813	-0.10571971249851465
chr11_pat	6000000	6200000	0.01334179907814733	0.7816078751468185	0.03891496345276613	0.00674174464109805
chr11_pat	6200000	6400000	0.021534076212404166	-0.5477936423033543	-0.23369699869244573	-0.08792107454058479
chr11_pat	6400000	6600000	0.022756485377972542	-0.9599862914969123	-0.23340384007347864	0.3151995692151783
chr11_pat	6600000	6800000	0.026902057624065775	-0.6283761076040225	-0.17070072371476716	0.011426728322445854
chr11_pat	6800000	7000000	0.03421092095809822	-0.5363676127765655	-0.28243060603346587	0.14516849716504918
chr11_pat	7000000	7200000	0.027605252902372514	-1.1672558854996693	0.22910527565382027	0.32912313492782624
chr11_pat	7200000	7400000	0.02522178349065016	-0.8123353268053186	-0.31491627653758814	-0.18310980053481116
chr11_pat	7400000	7600000	0.019501929864890653	-0.21005900983073622	-0.6328785590661649	0.002627819030059756
chr11_pat	7600000	7800000	0.016973019201982305	0.3666431213669867	-0.8151037926687904	-0.02079774391499932
chr11_pat	7800000	8000000	0.02038334783920042	0.09384604194077725	-0.5963318514748193	-0.0009912071455894917
chr11_pat	8000000	8200000	0.01849501825234715	0.03490407284594175	-0.6105243308999225	-0.1703263486606106
chr11_pat	8200000	8400000	0.020082238807307744	-1.045751496935572	-0.018349902336173816	0.01724956992593536
chr11_pat	8400000	8600000	0.017654652976009468	-1.1786127713128414	0.12794729704728425	0.24689397085541448
chr11_pat	8600000	8800000	0.01918657664908285	-1.0689131082303553	-0.05477362538656752	-0.12058983478307947
chr11_pat	8800000	9000000				
chr11_pat	9000000	9200000				
chr11_pat	9200000	9400000				
chr11_pat	9400000	9600000				
chr11_pat	9600000	9800000				
chr11_pat	9800000	10000000				
chr11_pat	10000000	10200000				
chr11_pat	10200000	10400000				
chr11_pat	10400000	10600000				
chr11_pat	10600000	10800000				
chr11_pat	10800000	11000000	0.03779597062849126	0.7729912124706133	0.6035199958003326	-0.150772362943263
chr11_pat	11000000	11200000	0.04750744241977705	0.8213782987046808	0.7371389329942104	-0.1659074592115427
chr11_pat	11200000	11400000	0.0513342769357965	0.7719474862146868	0.9017013399072479	-0.20837817937048983
chr11_pat	11400000	11600000	0.06059115117476006	0.9035619791800832	0.6141103188883132	-0.060524206844569696
chr11_pat	11600000	11800000	0.05913566370367597	0.6174863111986639	0.09185254200328337	-0.2656602383929021
chr11_pat	11800000	12000000				
chr11_pat	12000000	12200000	0.07736889862196158	0.3077327615098382	-0.48867442039372877	0.0387535037458931
chr11_pat	12200000	12400000	0.0641188647838577	0.7469094697504212	0.1225075950418298	-0.062456770774742584
chr11_pat	12400000	12600000	0.019408839445326016	0.5257217235849543	-0.618357444676091	0.028614920607248313
chr11_pat	12600000	12800000	0.012169137810595925	0.5384956376318053	-0.6260210378021268	0.07577091638488309
chr11_pat	12800000	13000000	0.016399421188428853	0.0018498396926232832	-0.5614526121118644	0.14504248499036326
chr11_pat	13000000	13200000	0.016200756762541416	-0.9348545857908251	-0.4308801997375978	0.009812746812171973
chr11_pat	13200000	13400000	0.01273585363620427	-0.08712068207303894	-0.5899409344425746	0.28992970425765285
chr11_pat	13400000	13600000	0.011356269956253466	0.43607987683358856	-0.5336084627913436	0.07711095812046977
chr11_pat	13600000	13800000	0.010290489049457658	0.6229830149328636	-0.2612965003828588	-0.05698751406387489
chr11_pat	13800000	14000000	0.010668260355704924	0.36006878547787574	-0.5501855155428546	0.06628381711549675
chr11_pat	14000000	14200000	0.013088135696524431	-0.4244186329814059	-0.6259494057660422	0.036004586073191985
chr11_pat	14200000	14400000	0.013628777356219	-0.1332521629133029	-0.6308998525006848	0.04526852889464757
chr11_pat	14400000	14600000	0.014569986800869154	0.2348589794225443	-0.6249998111419035	0.06474707454290232
chr11_pat	14600000	14800000	0.019032440344787006	-0.8719276193248567	-0.1460294878360913	0.2701384318833082
chr11_pat	14800000	15000000	0.01860183176352218	-1.0560166909939739	0.13033203946702646	-0.015713680592576395
chr11_pat	15000000	15200000	0.01779219637122226	-0.9291422132658637	0.0750843855869634	-0.012352242876455075
chr11_pat	15200000	15400000	0.020208367265534505	-0.9935893339890823	0.2077404305594486	-0.08721031769368251
chr11_pat	15400000	15600000	0.01623895065669871	-1.0906810607417958	0.1775022002854378	-0.43653495807947285
chr11_pat	15600000	15800000	0.016084907424245252	-1.053634804928377	0.11554884861718229	-0.49800497174095226
chr11_pat	15800000	16000000	0.011754767227773548	0.14922813527389664	-0.7818891436753651	-0.14089968116645024
chr11_pat	16000000	16200000	0.011687263401799288	0.24336567162380113	-0.5526890095788433	-0.25379136491109566
chr11_pat	16200000	16400000	0.017094952609544623	-0.9582144274216027	0.07378193184963773	-0.7264941819468096
chr11_pat	16400000	16600000	0.016259600340139842	-0.24810167219099832	-0.44804743749855996	-0.32435312624725815
chr11_pat	16600000	16800000	0.01655998851419358	-0.9355540689053958	0.05338628330898798	-0.6599863553493581
chr11_pat	16800000	17000000	0.017189319770251035	-1.0322748011903546	0.28673403933553887	-1.0505197364591548
chr11_pat	17000000	17200000	0.02323577543952068	-0.987191579900898	0.3675520502810078	-0.9460665505577444
chr11_pat	17200000	17400000	0.025837228649613894	-1.0919095048775613	0.14036394460646742	-1.0551005792179744
chr11_pat	17400000	17600000	0.015461885366484192	-1.1125336476768333	0.3290343484147839	-1.0547804105511942
chr11_pat	17600000	17800000	0.01636017109575954	-0.9667242231355446	0.37988347643839054	-0.7791017112006696
chr11_pat	17800000	18000000	0.016142990944920242	-1.1235698050146976	0.2872989775021385	-0.6435385345395117
chr11_pat	18000000	18200000	0.012553099990226366	-0.22609926831632132	-0.40647788841901694	-0.37266928792315485
chr11_pat	18200000	18400000	0.011397967308139575	-0.10607362435186982	-0.3914769908149619	-0.1758299300978059
chr11_pat	18400000	18600000	0.013919212214389349	-0.1593846835536309	-0.4196365229942637	-0.2093209375847167
chr11_pat	18600000	18800000	0.014692407253284849	-0.771238779709625	-0.28891936834728416	-0.09307900927489683
chr11_pat	18800000	19000000	0.015249659449546574	-0.6836551812612094	-0.07742163064600827	-0.008435227592493934
chr11_pat	19000000	19200000	0.010235618832873293	0.7371612157686608	0.03290420168032768	-0.09458787541883812
chr11_pat	19200000	19400000	0.014297803617911675	-0.03797879858255448	-0.360866499940291	0.08729221280175674
chr11_pat	19400000	19600000	0.011962347218210271	0.16437913837387094	-0.3476336218836711	-0.05923196956866746
chr11_pat	19600000	19800000	0.01682360532710022	0.0834862133596056	-0.41855475595623615	0.07360274173061142
chr11_pat	19800000	20000000	0.011638878813984297	0.3874060907321497	-0.3027813024157354	0.013824316140742712
chr11_pat	20000000	20200000	0.02283232053674723	-0.9453486817565863	-0.02430247518477282	0.5298390840713736
chr11_pat	20200000	20400000	0.017050469104854474	-1.255783606060858	0.3008763806725321	0.933346916751131
chr11_pat	20400000	20600000	0.017268375837605206	-1.1190590610494593	0.3141459774977806	1.2328957766579143
chr11_pat	20600000	20800000	0.04556779193817029	-1.0580833129028986	0.6210568475893137	1.3061709664135635
chr11_pat	20800000	21000000				
chr11_pat	21000000	21200000				
chr11_pat	21200000	21400000				
chr11_pat	21400000	21600000				
chr11_pat	21600000	21694367				
chr12_pat	0	200000				
chr12_pat	200000	400000				
chr12_pat	400000	600000				
chr12_pat	600000	800000	0.04249784753052724	-0.24098713713462522	0.24234153892740407	-0.011503753762497753
chr12_pat	800000	1000000	0.014708256755281104	-0.5580712803596041	0.22337489282503897	-0.07485189280039121
chr12_pat	1000000	1200000	0.012784436610940638	-0.2602911942536879	0.2137323422169921	-0.14374309102080549
chr12_pat	1200000	1400000	0.013891377566201122	-0.09880184548363118	0.39742303432642634	-0.2513420236051525
chr12_pat	1400000	1600000	0.013155157273199042	0.17548235038966226	0.38912953594195054	-0.1641290317285489
chr12_pat	1600000	1800000	0.012478654806443603	0.0010103698943286594	0.35298813358214925	-0.25438314991408834
chr12_pat	1800000	2000000	0.014352221051095156	0.8785365338898216	-0.28645891575551646	-0.5506860496744811
chr12_pat	2000000	2200000	0.014911521705300966	0.8569928236944854	-0.31200742509596874	-0.6575124201922166
chr12_pat	2200000	2400000	0.013548661568607059	0.9617887597747943	-0.30650317351986706	-0.7323213941368152
chr12_pat	2400000	2600000	0.01368448368069373	0.86006575946344	-0.40657845767935685	-0.7572107924203288
chr12_pat	2600000	2800000	0.0140517815851726	0.9468351956964794	-0.4727162597883942	-0.7716155978190284
chr12_pat	2800000	3000000	0.015118988055819689	0.9602154712183285	-0.33551189500586603	-0.5479185488061359
chr12_pat	3000000	3200000	0.015394812446714385	0.9780843320748053	-0.20072526542104366	-0.5255342611088867
chr12_pat	3200000	3400000	0.01060731794922694	-0.2131070847018586	0.037588296867364125	-0.18800386542960856
chr12_pat	3400000	3600000	0.013012274490808854	-0.12924776189367157	0.4356387607803814	-0.2338844142427218
chr12_pat	3600000	3800000	0.014667516070498024	-0.05544521417127259	0.4399788523511227	-0.18448298296254986
chr12_pat	3800000	4000000	0.017465932933722964	-0.24696463820244707	0.5496212935693942	-0.0870706989451722
chr12_pat	4000000	4200000	0.01705400321462532	0.1957034898781995	0.4884872617336099	-0.05941535094691342
chr12_pat	4200000	4400000	0.01713215378627277	0.9280568935881194	0.28117875541261295	0.028553479995860578
chr12_pat	4400000	4600000	0.010040494972126014	-0.7113853250360561	-0.015148711419903167	-0.07988024562774705
chr12_pat	4600000	4800000	0.011792864966226934	-0.30051296427161756	0.5816323832463169	0.15244170097135298
chr12_pat	4800000	5000000	0.014123683271518873	0.9696618600181504	0.13251282541159962	0.09822702623737394
chr12_pat	5000000	5200000	0.015474576585141262	1.1425651486567332	-0.1586822547765286	0.10888809543677239
chr12_pat	5200000	5400000	0.013244815317787843	0.33754601483592844	0.45085675675231857	-0.1104050982910113
chr12_pat	5400000	5600000	0.013039710370071372	-0.37429276422698066	0.35422814036823147	-0.3145891502689307
chr12_pat	5600000	5800000	0.012471711255870712	-0.38728197014135923	0.38081949626802397	-0.3487743193183916
chr12_pat	5800000	6000000	0.01339183663368434	0.6167583116780981	0.3536649186156309	-0.16913182143116076
chr12_pat	6000000	6200000	0.01598466629808935	1.1166611845724141	-0.26997766166947756	-0.03063693580537805
chr12_pat	6200000	6400000	0.015337633951656686	1.0909064156830117	-0.11579120827856641	0.13799600475559093
chr12_pat	6400000	6600000	0.015227235979958311	0.1908809175182121	0.3867864805377908	-0.1034410935539331
chr12_pat	6600000	6800000	0.010208557254265884	-0.6678825041250569	0.01459964758348899	-0.14530230148577344
chr12_pat	6800000	7000000	0.014999503931890342	0.9734738310074834	-0.12594804214906571	-0.21366066229069475
chr12_pat	7000000	7200000	0.019015794175535023	0.9329039807880002	0.05569394060051951	-0.3678640797871021
chr12_pat	7200000	7400000	0.013711010422787698	0.0990994956273421	0.5866715853428566	-0.20451067908246245
chr12_pat	7400000	7600000	0.014594117353466149	0.23932986025512232	0.413835286997028	-0.3894686949204999
chr12_pat	7600000	7800000	0.011076753113100789	-0.5173701696156586	0.3186567176664885	-0.23579363198918632
chr12_pat	7800000	8000000	0.015393360462081486	0.514918046895765	0.41518324703768	-0.22653329102106964
chr12_pat	8000000	8200000	0.01726219485443751	0.937899365212936	0.2307548078410912	0.16883111965309078
chr12_pat	8200000	8400000	0.01637303434445527	1.0265162695705508	0.05578898721229709	0.22893206657863258
chr12_pat	8400000	8600000	0.013212715285472614	0.4473868484228644	0.27282092851793754	0.2608064204552623
chr12_pat	8600000	8800000	0.009171015540403829	-0.786046680027765	-0.0766593067426531	-0.23419712315157906
chr12_pat	8800000	9000000	0.011791790565354378	-0.8783319155670615	-0.32621895310503274	-0.2848687380659387
chr12_pat	9000000	9200000	0.011546845752162343	-0.6915869315459993	0.016503355269343208	-0.3520458995483645
chr12_pat	9200000	9400000	0.010781785715662002	-0.5608012628980825	0.13615451594195654	-0.25128170006327444
chr12_pat	9400000	9600000	0.011402865230685993	-0.63916026598919	-0.09178803777773414	-0.22790048418276093
chr12_pat	9600000	9800000	0.011018819616927472	-0.43280723238234636	0.2847546972592136	-0.1884689148620128
chr12_pat	9800000	10000000	0.012328978761873933	0.054260165762570645	0.47740515352451746	-0.06651993479864877
chr12_pat	10000000	10200000	0.008977904343130939	-0.7468366936467873	-0.016191830007932884	-0.27348426088427763
chr12_pat	10200000	10400000	0.01657865488537079	0.4007463645910254	0.38604622885008316	-0.22438854676334974
chr12_pat	10400000	10600000	0.01570148361909855	0.4645200589988176	0.4044044699169323	0.025122034106623645
chr12_pat	10600000	10800000	0.015377685287274935	-0.13312288112937495	0.3812498937285941	-0.11582420159771113
chr12_pat	10800000	11000000	0.009905023631220448	-0.6989152826815156	0.06115978313661103	-0.21348747592206846
chr12_pat	11000000	11200000	0.01118855233775415	-0.15995706552066108	0.5485247647624116	-0.10736654782097832
chr12_pat	11200000	11400000	0.015976718062180355	0.35443529284226494	0.6038705719058386	-0.04261290798045648
chr12_pat	11400000	11600000	0.01190553189471072	-0.6958954013170168	-0.11069724840374218	-0.34608330722781866
chr12_pat	11600000	11800000	0.012188035909914418	-0.7449633650750126	-0.1804912458313305	-0.45308508488617205
chr12_pat	11800000	12000000	0.011934625674913943	-0.6322880322757566	-0.04721165757070788	-0.42372137192970877
chr12_pat	12000000	12200000	0.009579458178772404	-0.5905691220321645	-0.11842714659357095	-0.5007261791900093
chr12_pat	12200000	12400000	0.013502642506279862	-0.0386225071578126	0.5939041460627061	-0.33508562033295103
chr12_pat	12400000	12600000	0.01623552115205101	0.8297928417187244	0.40485092303644127	-0.22493404575179787
chr12_pat	12600000	12800000	0.015552576913686077	1.0902232500012865	-0.31748682752328167	-0.1581904309559419
chr12_pat	12800000	13000000	0.016917638928262643	0.9749450552385243	-0.0757294036862527	-0.16111645073456565
chr12_pat	13000000	13200000	0.013311041657818445	1.0144847034746574	0.024822260120629706	-0.11121749504442201
chr12_pat	13200000	13400000	0.014246996897387346	0.9467232621211426	0.09128657286598031	-0.10801779249078221
chr12_pat	13400000	13600000	0.011726013971624085	0.2307740977044575	0.5956956474464618	-0.18996950957552297
chr12_pat	13600000	13800000	0.009952167772565053	-0.4337393222375792	0.36670977936032473	-0.2388015667320364
chr12_pat	13800000	14000000	0.01123461551338781	-0.8275529193545025	-0.46494785077657086	-0.4591207074579514
chr12_pat	14000000	14200000	0.013655626641835622	-0.6218791101935881	-0.23287791903550817	-0.47697946332063423
chr12_pat	14200000	14400000	0.012960480139959702	-0.44361497364667646	-0.05475550390267746	-0.38485509707647964
chr12_pat	14400000	14600000	0.014249414780800057	-0.48666230684973805	0.01417256275885363	-0.3326832306691755
chr12_pat	14600000	14800000	0.014059144392872756	-0.11777536187095843	0.21596087603472278	-0.12770224221941343
chr12_pat	14800000	15000000	0.01049041992764521	-0.6599584898103537	-0.09515704858627642	-0.25501465732295037
chr12_pat	15000000	15200000	0.013930872606127034	-0.6251499243413162	0.04036640702432585	-0.13659212600982015
chr12_pat	15200000	15400000	0.01975171131281445	0.08429996809085015	0.47283760002934583	-0.09144530307484802
chr12_pat	15400000	15600000	0.01626019416817923	-0.512821517364925	0.17813123629637986	-0.21661622988053322
chr12_pat	15600000	15800000	0.01753201180206963	-0.811863131844561	-0.3120686886572026	-0.32568403549840774
chr12_pat	15800000	16000000	0.015551537133599328	-0.5018443831748615	0.04747193426434399	-0.2910378732562587
chr12_pat	16000000	16200000	0.012827638220750639	-0.6545610846261853	-0.0108673947215548	-0.29858065173713444
chr12_pat	16200000	16400000	0.01759831957034024	0.8374712652982017	0.4271965238050822	0.19671942419678137
chr12_pat	16400000	16600000	0.011942024043963394	-0.6355390531631289	0.1187974499433704	-0.20954887627155047
chr12_pat	16600000	16800000	0.019791510221296774	0.6867057026247231	0.4420939077034535	-0.4186335492724175
chr12_pat	16800000	17000000	0.01708620958588178	-0.38988106115992527	0.4407715968784106	-0.30605165426127806
chr12_pat	17000000	17200000	0.01826075595043905	0.03231070100011845	0.8045113440502302	-0.41326164021187634
chr12_pat	17200000	17400000	0.014567033251585187	-0.02771824565949198	0.3061889462967866	-0.29456254087700984
chr12_pat	17400000	17600000	0.019086887635134143	1.1066823896124998	-0.2185755537076534	-0.21227626972354718
chr12_pat	17600000	17800000	0.017759080648476776	1.1606577236605986	-0.2887109653241486	-0.2421945089575874
chr12_pat	17800000	18000000	0.015623789382873987	0.972416726589035	0.11484400613705949	-0.31896164394429494
chr12_pat	18000000	18200000	0.013101696894514512	0.011042562724055115	0.5799649910232234	-0.07208470314695735
chr12_pat	18200000	18400000	0.013720187509432451	0.009552172484075729	0.5881321820169721	-0.14947221033787436
chr12_pat	18400000	18600000	0.016950700309529595	0.6051682900357067	0.3623904858100444	-0.22322190963700816
chr12_pat	18600000	18800000	0.01150660512740968	-0.7732047091028327	-0.05569301748535067	-0.02257000735301058
chr12_pat	18800000	19000000	0.013562995172118227	-0.38133311429898936	0.4393238822638551	-0.09583553023716831
chr12_pat	19000000	19200000	0.01947841053681763	0.7991662087271203	0.3944174392362585	0.27193592687385837
chr12_pat	19200000	19400000	0.017673332385239573	-0.0375549467494826	0.3787138505343167	0.07222901637425089
chr12_pat	19400000	19600000	0.02108780066125242	0.8558631289970053	0.2619051555723613	0.4980389956857382
chr12_pat	19600000	19800000	0.019792164203531328	-0.12432147291313123	0.6330204547068521	0.5538559620643276
chr12_pat	19800000	20000000				
chr12_pat	20000000	20200000				
chr12_pat	20200000	20400000				
chr12_pat	20400000	20600000				
chr12_pat	20600000	20770244				
chr13_pat	0	200000				
chr13_pat	200000	400000	0.03354704844952715	-0.5522368199460653	-0.26713937197617604	-0.7012825720614674
chr13_pat	400000	600000	0.026344382287016754	-0.48188967110872705	-0.09821720321200472	-0.7188686028524274
chr13_pat	600000	800000	0.01840677548852949	-0.8807378533975537	-0.5083507808563195	-0.32893752761952894
chr13_pat	800000	1000000	0.02500414802766347	-0.13497901879048876	0.17981492134062108	-0.052274677704013936
chr13_pat	1000000	1200000	0.027385109534867808	0.9569159323352	0.18425253841005707	0.22988242197282266
chr13_pat	1200000	1400000	0.02254984558037451	0.03963128331059485	0.5418887508789697	-0.2653652647278074
chr13_pat	1400000	1600000	0.0183384814836505	-0.6230033929033211	0.2106522242022114	-0.049443715216902814
chr13_pat	1600000	1800000	0.013823996226177122	-0.8398459686609124	0.024193045300844974	-0.2680549524501951
chr13_pat	1800000	2000000	0.02071253664913986	0.08822525131584236	0.8018510432557336	0.009881519165527883
chr13_pat	2000000	2200000	0.02224202801450409	0.37577738505497615	0.5725574952960671	0.17837654976412998
chr13_pat	2200000	2400000	0.016832284380117232	0.22849710940169893	0.6040219194039758	0.08972180685383553
chr13_pat	2400000	2600000	0.01706596438590853	0.5973305296893302	0.3404843059537468	0.2982707801168865
chr13_pat	2600000	2800000	0.01649135342074703	1.2449204614096907	-0.07085809515878193	0.79397181284406
chr13_pat	2800000	3000000	0.017607930007749885	1.2024879988012063	-0.09874675753089986	0.44806423469238094
chr13_pat	3000000	3200000	0.019045865343587105	-0.0336408703890575	0.5702248166836105	0.13010440547436677
chr13_pat	3200000	3400000	0.0190073953821847	-0.8158456364211942	-0.11745228631048359	-0.09257028480614451
chr13_pat	3400000	3600000				
chr13_pat	3600000	3800000				
chr13_pat	3800000	4000000				
chr13_pat	4000000	4200000				
chr13_pat	4200000	4400000				
chr13_pat	4400000	4600000				
chr13_pat	4600000	4800000				
chr13_pat	4800000	5000000	0.033362842668662476	-0.6408768601965837	0.4775232580291674	0.05694079291788463
chr13_pat	5000000	5200000	0.018530413865737214	0.8577305527181592	0.48611289442743444	-0.39012896362562893
chr13_pat	5200000	5400000	0.01783505919960345	1.0789645022776668	0.08337481243778447	-0.08827086451966269
chr13_pat	5400000	5600000	0.0195822629216564	0.4088375050192421	0.6605427412345642	-0.33747961234538987
chr13_pat	5600000	5800000	0.0142785353090924	-0.7092085086990825	0.4935653318797665	-0.20569395554774586
chr13_pat	5800000	6000000	0.012252091829809854	-0.5493489114141595	0.10869123149589656	-0.31243775590192885
chr13_pat	6000000	6200000	0.017935116951989825	0.8717547315870801	0.20143457953977065	-0.22888223152036882
chr13_pat	6200000	6400000	0.019194697088665183	1.107238353356842	0.07344858284920905	-0.13564455268128117
chr13_pat	6400000	6600000	0.01661212275385382	0.27675579338970885	0.6311578523735573	-0.3139210465970119
chr13_pat	6600000	6800000	0.015833968862971105	-0.17391809896552243	0.4245329246861671	-0.1011548979314417
chr13_pat	6800000	7000000	0.023323316966287512	1.0809279259239821	0.008773469735059568	-0.24459743257572075
chr13_pat	7000000	7200000	0.022524952504542374	0.8882503559051497	0.22381295412840635	-0.23983345702270667
chr13_pat	7200000	7400000	0.012842439039246029	-0.6486073619094972	0.11299360837899695	-0.2072442409181767
chr13_pat	7400000	7600000	0.015008770455199468	-0.5520880258407015	0.1279165209798644	-0.30149783179570205
chr13_pat	7600000	7800000	0.016648066586583243	-0.8635369894042774	-0.3983531952617253	-0.36666033643217216
chr13_pat	7800000	8000000	0.019385305953657984	-0.5372433928101514	0.28646223407692817	-0.37036255347146824
chr13_pat	8000000	8200000	0.016207064581279212	0.8918684844357859	0.3392505869756653	0.3238363957220869
chr13_pat	8200000	8400000	0.019491961951160965	0.6997442618187161	0.5181747692621853	0.19274100843792838
chr13_pat	8400000	8600000	0.01483012747722249	-0.5381500406524129	0.250627468277893	-0.19569440219708634
chr13_pat	8600000	8800000	0.01856605470762947	-0.43325936783575325	0.6059759317938989	-0.29341987738385583
chr13_pat	8800000	9000000	0.012865853879886922	-0.6939611066751813	-0.035712967262405915	-0.12993768832836178
chr13_pat	9000000	9200000	0.014606505769565598	-0.4657071197942146	0.23154831508780108	-0.20835580314901378
chr13_pat	9200000	9400000	0.01635836579013108	-0.24844108348326963	0.6989008343339188	-0.1373970244498567
chr13_pat	9400000	9600000	0.018769879922755323	-0.8090988488026235	0.0030162749757232476	-0.29951323960986176
chr13_pat	9600000	9800000	0.016743670913213275	-0.716534465837711	-0.05620883659142127	-0.40579756727936467
chr13_pat	9800000	10000000	0.022327334710425185	-0.7147733705842108	-0.04658977733865343	-0.21568980207392857
chr13_pat	10000000	10200000	0.02081540125495594	-0.7308800838802254	-0.1961543400321052	-0.37076069078862256
chr13_pat	10200000	10400000	0.021450626696354034	-0.8765610557951529	-0.4184398772656945	-0.20204669753878743
chr13_pat	10400000	10600000	0.02315092083576326	-0.33392467053524416	0.7763904284498679	0.16730763935824586
chr13_pat	10600000	10800000	0.023165108399805553	-0.718584618934352	0.3860600192434022	0.02497295938507983
chr13_pat	10800000	11000000	0.01679186250875218	-0.26892307979077573	0.5041895553499696	-0.221527163251036
chr13_pat	11000000	11200000	0.013899445534910264	1.087717959358647	-0.09442897799890548	-0.042994431709979034
chr13_pat	11200000	11400000	0.015664218847246385	1.0734321757088214	-0.33012820692963546	-0.30632190760374883
chr13_pat	11400000	11600000	0.014174635406672784	0.9272406605101148	-0.24672745699612897	-0.31765886525487136
chr13_pat	11600000	11800000	0.013661244983268449	0.9846100402982177	-0.3051600010202597	-0.4954347843055903
chr13_pat	11800000	12000000	0.01100406965953602	0.21919512353608958	0.15655773665762013	-0.252034109108138
chr13_pat	12000000	12200000	0.01436158203705809	0.8381949068715278	-0.014229161227457996	-0.48201415337949644
chr13_pat	12200000	12400000	0.018970234272715502	0.9036419219301282	-0.28704021390663004	-0.6137308438971785
chr13_pat	12400000	12600000	0.014877099652742561	0.8901702563245621	-0.2623620858901811	-0.7379937345680216
chr13_pat	12600000	12800000	0.015428664628073399	0.8847284477008824	-0.3765589698311147	-0.7275964928611547
chr13_pat	12800000	13000000	0.015875733923763475	0.9055912797704238	-0.30029856969316215	-0.7462031294441054
chr13_pat	13000000	13200000	0.01677485996704384	0.8262676247477977	-0.1649151387896631	-0.4157257959297678
chr13_pat	13200000	13400000	0.016973080983342555	0.8622563076501486	-0.3410162198607889	-0.5405560069088107
chr13_pat	13400000	13600000	0.015517563078586464	1.0228940508703477	-0.31443781307684915	-0.40802684856170496
chr13_pat	13600000	13800000	0.013266120179686305	0.13255793226879622	0.30245649225800114	-0.36898505673991977
chr13_pat	13800000	14000000	0.013603008105508978	0.21083414530664008	0.47038462949531185	-0.46005640040014595
chr13_pat	14000000	14200000	0.015972388393346307	1.0098108276915523	-0.13586858091424941	-0.24903189004493004
chr13_pat	14200000	14400000	0.014567025366274702	0.903338476103239	0.0029175981957996816	-0.3659117411458847
chr13_pat	14400000	14600000	0.01272387030336452	0.48484291487720527	0.328988987391706	-0.525016366033581
chr13_pat	14600000	14800000	0.010343366349825548	-0.4812468483804876	0.13042514414498416	-0.30488636731520674
chr13_pat	14800000	15000000	0.012936015055266627	-0.6338945536683251	0.1915758344933511	-0.31163465815865515
chr13_pat	15000000	15200000	0.01459351527449874	0.34566059710609065	0.6965880735595649	-0.22086953731799008
chr13_pat	15200000	15400000	0.011138757700932141	-0.8439599191057989	-0.12274593527148812	-0.24922617871840236
chr13_pat	15400000	15600000	0.010101794352190727	-0.7606300006985098	0.034591114105354086	-0.28948336633166866
chr13_pat	15600000	15800000	0.016097402226654116	0.8799124109709549	0.2730469107422534	-0.267302472473459
chr13_pat	15800000	16000000	0.013564153826897393	-0.3943293523530766	0.26835969320249475	-0.27657269094854864
chr13_pat	16000000	16200000	0.0170559563030471	0.23828886649393433	0.684048800529142	-0.588957481863364
chr13_pat	16200000	16400000	0.016021531237060283	0.5717210850454689	0.3568460501021442	-0.46146913783526233
chr13_pat	16400000	16600000	0.01973580102066118	0.08406131744283868	0.5836229060112874	-0.3714998651131688
chr13_pat	16600000	16800000	0.015832304438244	-0.7691504420808388	-0.015358249250271879	-0.27483852653381063
chr13_pat	16800000	17000000	0.029631668611133023	-0.21572782172517516	0.675586522056692	-0.11825101195581031
chr13_pat	17000000	17200000	0.009188894017489029	-0.9303311303081606	-0.18744071591609257	-0.1652901502123143
chr13_pat	17200000	17400000	0.017093590277795254	0.1978963356332073	0.8317061627442129	0.04965320259833407
chr13_pat	17400000	17600000	0.014509840053655503	-0.33309321800837993	0.5381801048340383	0.28208510897281686
chr13_pat	17600000	17800000	0.03172961145173297	0.5119640424502613	0.41258477162979806	0.46638574599249766
chr13_pat	17800000	18000000	0.032339302710325896	0.020757503109488554	0.20477982434948952	0.24811295411321682
chr13_pat	18000000	18200000	0.05982295821599927	1.1643143822727096	-0.026589261054917716	0.5820518116758848
chr13_pat	18200000	18400000				
chr13_pat	18400000	18600000				
chr13_pat	18600000	18800000				
chr13_pat	18800000	18838779				
chr14_pat	0	200000				
chr14_pat	200000	400000	0.045784566530864185	-0.27884093224401046	-0.1951844917152621	0.13821069516271756
chr14_pat	400000	600000	0.02068738882737345	-0.0016235360508702794	0.3241496094144446	0.30497384399184124
chr14_pat	600000	800000	0.016939828275672513	-0.052420867453862936	0.31509210956741474	0.1498045453872196
chr14_pat	800000	1000000	0.018941932492944187	-0.11654915693997689	0.15139582267270177	0.20501371046152372
chr14_pat	1000000	1200000	0.01656921388771109	-0.30967199539434415	0.08606435322341585	0.171738188731038
chr14_pat	1200000	1400000	0.019620706988494642	-0.11198688644515407	-0.07452485773973762	0.09886003092499801
chr14_pat	1400000	1600000	0.017483368064654985	-0.02445857710940816	-0.015283351683938597	0.13000270869012018
chr14_pat	1600000	1800000	0.021342026881646204	0.43320517597083985	0.21744919828493406	0.5245242145175409
chr14_pat	1800000	2000000	0.020326646128359892	1.146994683091767	0.4210549123546359	-0.10543411717505466
chr14_pat	2000000	2200000	0.024141929510899295	0.9648384411633505	0.21543212708068135	0.08258924599863132
chr14_pat	2200000	2400000	0.02664044669972227	0.7634196806070143	0.06407213634253087	0.4741401607801431
chr14_pat	2400000	2600000	0.026042888638878704	0.0281985826817385	0.041495067419307266	0.9026163964622445
chr14_pat	2600000	2800000	0.017187244182570473	-0.7413550007981068	-0.1379392705043475	0.2901701787646919
chr14_pat	2800000	3000000	0.01536958625186084	-0.4412556690621385	-0.3127318730518807	0.35993183227114833
chr14_pat	3000000	3200000				
chr14_pat	3200000	3400000	0.028673679032106943	0.3066666513873308	-0.448982092224937	0.932032721721599
chr14_pat	3400000	3600000	0.01987194720036952	0.3819603227510539	-0.44563502149467654	0.8202322648691986
chr14_pat	3600000	3800000	0.015378690429675363	-0.2917505613435679	-0.4458396775853289	0.5272560557493764
chr14_pat	3800000	4000000	0.024865810077677145	0.4582422549816948	-0.46612919258939345	0.6791761361849625
chr14_pat	4000000	4200000	0.01736856604779886	-0.035154290615902965	-0.6362921032383629	0.6020184551525652
chr14_pat	4200000	4400000	0.018087781555277276	1.123192677587471	-0.6085821988506194	-0.14754417885270646
chr14_pat	4400000	4600000	0.02141408449650301	1.1039255995671615	-0.5171004761495374	0.14706808416598985
chr14_pat	4600000	4800000	0.018280428492388083	0.018099425634964323	-0.5914846622079524	0.5708602392819161
chr14_pat	4800000	5000000	0.01572842488657621	-0.6469096410474358	-0.40225104308534704	0.2995990685008517
chr14_pat	5000000	5200000	0.01532709209067609	-0.5231362003996961	-0.34197319609511595	0.21054627796429534
chr14_pat	5200000	5400000	0.013120753390037343	-0.7373168214510215	-0.3351234924441445	-0.17507549449371704
chr14_pat	5400000	5600000	0.014109225609621485	-0.7909930620587661	-0.32664146204811223	-0.15532438066828166
chr14_pat	5600000	5800000	0.01242609946645772	-0.6586215200105696	-0.2020046098323899	0.08076869183083364
chr14_pat	5800000	6000000	0.014791338848231987	-0.61402380412193	-0.2669378475379489	0.3914721115868424
chr14_pat	6000000	6200000	0.012168597952576379	-0.62190760654366	-0.35358569060691336	0.20601241262615574
chr14_pat	6200000	6400000	0.014326906415381858	0.49251179200696626	-0.10049640028707212	0.6293935594728882
chr14_pat	6400000	6600000	0.013404559215934695	0.23974978116443108	0.0038242291394517	0.5715377483865257
chr14_pat	6600000	6800000	0.013179484766613913	-0.3405395979759657	-0.1313022784559269	0.42512601116055687
chr14_pat	6800000	7000000	0.01475333176728174	-0.7474360249405664	0.03086126805843343	-0.13570783373863016
chr14_pat	7000000	7200000	0.019108975120717138	-0.7381741819175803	0.15975854727988142	-0.09480268766668197
chr14_pat	7200000	7400000	0.016978273806152792	-0.7560568150476205	0.23132756283423916	0.0377780945436262
chr14_pat	7400000	7600000	0.017860426690801852	-0.6262745914198329	0.3206450487031337	0.36090708065176685
chr14_pat	7600000	7800000	0.01996831351053756	-0.7863384893927718	0.2813977185951538	0.3137145068835981
chr14_pat	7800000	8000000	0.028386165478941888	-0.051616163555801106	0.4358033142354354	0.969359993530393
chr14_pat	8000000	8200000	0.023011518290538966	0.09990767830420642	0.5332323229386042	0.6418278914078418
chr14_pat	8200000	8400000	0.01590965815658508	1.0829093833294463	0.8289757556408074	0.3288024837499641
chr14_pat	8400000	8600000	0.01402345170198094	1.0280690304634625	0.6484089865939346	0.5122525939500842
chr14_pat	8600000	8800000	0.008893240990118735	-0.6216351565388347	0.14980976852996317	0.102029219844736
chr14_pat	8800000	9000000	0.00951384082141585	-0.39654688738286353	0.19370636930317547	0.27961537533945013
chr14_pat	9000000	9200000	0.011348164469786006	-0.044393569008641665	0.152334597976793	0.2515763069076252
chr14_pat	9200000	9400000	0.01452919781152024	0.9285474145702735	0.6869254232757482	0.19289973034437477
chr14_pat	9400000	9600000	0.014849523443726672	0.8183564536529124	0.6005153217103266	-0.05736721830437983
chr14_pat	9600000	9800000	0.010200013651187785	-0.5666248209200618	-0.00586494875335072	0.02725204179986506
chr14_pat	9800000	10000000	0.010890772717480393	-0.26488495237557846	-0.09637816020672042	0.1152332999142345
chr14_pat	10000000	10200000	0.011515252793843885	-0.4476320211636848	0.008607300279212207	0.15812836748762887
chr14_pat	10200000	10400000	0.011500299696940962	0.6128355413187145	0.46079166310772113	0.16964221833021115
chr14_pat	10400000	10600000	0.013930353183397345	1.204743496532222	0.7670644816016742	-0.27760940887357755
chr14_pat	10600000	10800000	0.01317038964587781	0.9247845512519186	0.41453601626770575	-0.042215457919174394
chr14_pat	10800000	11000000	0.010568598735165233	-0.5502221760816317	-0.21916461425903372	-0.13996128801212923
chr14_pat	11000000	11200000	0.01004077911936221	-0.2804082915225371	-0.3929201070911339	0.2024639736520708
chr14_pat	11200000	11400000	0.013875780300317036	0.6328415793778047	-0.23265743674284622	0.03862054971952059
chr14_pat	11400000	11600000	0.014819819963208379	0.9696074886599713	-0.33030974365373095	-0.2961328607701293
chr14_pat	11600000	11800000	0.013881219466884403	0.919636711295631	-0.4539421933640653	-0.2580907144386126
chr14_pat	11800000	12000000	0.01482671292659291	0.936502468074832	-0.6514492282522314	-0.39839169044695566
chr14_pat	12000000	12200000	0.014353179999164498	0.987628712301103	-0.8247613509136188	-0.3825941831356977
chr14_pat	12200000	12400000	0.014703177561971065	1.0064779520963807	-0.7547313807517965	-0.3433798133564933
chr14_pat	12400000	12600000	0.013073850666497664	1.0343238933236103	-0.8656344904538699	0.0338821821234337
chr14_pat	12600000	12800000	0.014458730985027528	0.9845018061730261	-0.5783756298598385	-0.18766538076776393
chr14_pat	12800000	13000000	0.01506371855732482	1.0815556627929452	-0.8765540049224168	0.13585958823984062
chr14_pat	13000000	13200000	0.016389601224844855	0.8762007935312036	-0.8512272116542712	0.5653548659446012
chr14_pat	13200000	13400000	0.010829536155494915	-0.7600887918060352	-0.28202462871454154	0.5510550309584255
chr14_pat	13400000	13600000	0.010445752098182479	-0.8087584146865154	-0.3441490117027789	-0.561079556081366
chr14_pat	13600000	13800000	0.008533523441294094	-0.7452714051311068	-0.3203478571476872	-0.3205020584809183
chr14_pat	13800000	14000000	0.010773818758168099	-0.8017918463254622	-0.2614097998601581	-0.22848147053607198
chr14_pat	14000000	14200000	0.0115376912021799	-0.8028956605884513	-0.20501314705600768	-0.18801443307588162
chr14_pat	14200000	14400000	0.01083692962421107	-0.3821613962007445	-0.30441637012277756	0.44856391103469356
chr14_pat	14400000	14600000	0.010691137931953348	-0.5899382241214759	-0.30866790313667297	0.19653064015305277
chr14_pat	14600000	14800000	0.010481489529806806	-0.6919074186730877	-0.2373093392384557	-0.054479134282153084
chr14_pat	14800000	15000000	0.010348841638425022	-0.5219358484463379	-0.0323042710261446	0.3792933132586563
chr14_pat	15000000	15200000	0.010528531170168505	-0.8008931111868025	0.034635282485171844	0.02662011700088261
chr14_pat	15200000	15400000	0.011717679434138765	-0.6241804600629028	0.14915759344241697	0.337604756811226
chr14_pat	15400000	15600000	0.030425234967792675	0.3878103787508813	0.10376681243594248	0.9925150699535199
chr14_pat	15600000	15800000				
chr14_pat	15800000	16000000	0.03603281377392452	-0.6139345009185732	-0.27278181913965177	-0.018185127189539824
chr14_pat	16000000	16200000				
chr14_pat	16200000	16369598				
chr15_pat	0	200000				
chr15_pat	200000	400000	0.047100085779173434	-0.5545190669367157	0.02557967692041927	-0.32300336728790463
chr15_pat	400000	600000				
chr15_pat	600000	800000	0.026651722315045118	0.917538969741617	-0.012669349042345818	-0.6216608923195772
chr15_pat	800000	1000000	0.01643310966217836	1.00311862407477	-0.21604672155534618	-0.3532739800598512
chr15_pat	1000000	1200000	0.012281433908204931	0.3425823614273959	-0.08457884354394825	-0.8659742902596069
chr15_pat	1200000	1400000	0.009204781963999296	-0.7517971313058087	-0.3297943272503341	-0.19867650532980563
chr15_pat	1400000	1600000	0.009862874587331373	-0.770946148347177	-0.37581564828298253	-0.13791496466068848
chr15_pat	1600000	1800000	0.010541057125026074	-0.593323275342039	-0.16498637063558003	-0.4163604351500237
chr15_pat	1800000	2000000	0.012371564076629976	0.2611495025289376	0.28930434432287555	-1.0810373643468516
chr15_pat	2000000	2200000	0.009830681787039323	-0.5703753031648814	0.37285362885252604	-0.3143191327345308
chr15_pat	2200000	2400000	0.011857001083463634	-0.1263884164496001	0.5678402890184208	-0.02247778931141027
chr15_pat	2400000	2600000	0.011187497242210806	-0.187392171100268	0.599320695066058	-0.0246537927883096
chr15_pat	2600000	2800000	0.012791136910511692	0.37072542016192267	0.666444734586853	0.03735062677404974
chr15_pat	2800000	3000000	0.015605514101086834	1.0772274224999652	0.3503700668101737	0.2518985193563132
chr15_pat	3000000	3200000	0.009360804654855373	-0.4820726583330814	0.4475146972941349	0.16175862861809961
chr15_pat	3200000	3400000	0.010486676445182086	-0.6999568450124263	0.05511616206905111	0.07425231167677224
chr15_pat	3400000	3600000	0.010884520386622833	-0.6864083335571683	0.06271351789575648	0.10435375030800302
chr15_pat	3600000	3800000	0.010614242463373537	-0.5272427426661733	0.5251471435188586	0.009207616739642032
chr15_pat	3800000	4000000	0.012999238851814464	0.057053938853439914	0.5901726926942655	-0.31675238810713163
chr15_pat	4000000	4200000	0.008642564565080273	-0.915168240759726	-0.18786736327527007	-0.044788500333409004
chr15_pat	4200000	4400000	0.012605829911710609	-0.3861390405054933	0.36841076461511757	-0.7034107037322405
chr15_pat	4400000	4600000	0.014648281498733989	0.7511094630105629	0.38850284301970783	-0.5436083713616409
chr15_pat	4600000	4800000	0.018148574082626535	0.9706331038257519	-0.41439659425594566	-0.27059199965828623
chr15_pat	4800000	5000000	0.019880922623208223	1.080874355019628	-0.3362024933973317	0.17468882862918295
chr15_pat	5000000	5200000	0.013435288846671306	0.02774094798674335	0.24358833562063212	0.13605760652807175
chr15_pat	5200000	5400000	0.012973357733793892	-0.04658388071813969	0.42029039230768794	0.29666511608943985
chr15_pat	5400000	5600000	0.009602983053043402	-0.5752626578651324	0.313582925673864	0.18875470560185995
chr15_pat	5600000	5800000	0.013856048814521514	-0.5197569746591331	0.39756704407056204	0.19021198605288495
chr15_pat	5800000	6000000	0.012860461429198427	-0.3525852977806589	0.5053748017043991	0.1366903597903767
chr15_pat	6000000	6200000	0.01035859140776058	-0.6889950462582816	-0.04336071273672996	0.18790853940388977
chr15_pat	6200000	6400000	0.00975607066641787	-0.4903689129788789	0.3085749878860011	0.1542948404039455
chr15_pat	6400000	6600000	0.015613442047453201	0.38355001931878424	0.5006383733148969	0.42061715786527337
chr15_pat	6600000	6800000	0.016493426191703242	0.24282863241925784	0.43421970734652854	0.3519764150374791
chr15_pat	6800000	7000000	0.01071270787573351	-0.1610505602993422	0.33768235523357604	0.37983085514789705
chr15_pat	7000000	7200000	0.010045925776036973	-0.22119823471303637	0.6741687562234358	0.19834040787065566
chr15_pat	7200000	7400000	0.01597770903537747	0.37186062178174195	0.284861502538129	0.35433788536934446
chr15_pat	7400000	7600000	0.016940410029773395	0.7402860618326296	0.10105629941787445	0.2530855086852809
chr15_pat	7600000	7800000	0.016893487536403864	0.7159092149836748	0.08213017247617418	0.15473342901073942
chr15_pat	7800000	8000000	0.01663049536746526	0.8416494773790575	-0.002408170185854365	0.017390049253734868
chr15_pat	8000000	8200000	0.015367167759862623	1.0321500319227452	-0.21740725427060653	0.3113849226650093
chr15_pat	8200000	8400000	0.013185254017334055	0.4741280872688231	0.3752480751313667	0.1771716791933181
chr15_pat	8400000	8600000	0.009718738617642749	-0.5134604056492067	0.43545589602233375	0.21214869643694687
chr15_pat	8600000	8800000	0.011193610216171894	-0.2931057768714008	0.3885909274880109	0.238612700133206
chr15_pat	8800000	9000000	0.01609015673929497	0.3061707509045246	0.5317908002295881	-0.12393564428379995
chr15_pat	9000000	9200000	0.019216194004348465	0.8114039205385055	0.10943295168701174	-0.3820934025866954
chr15_pat	9200000	9400000	0.012475258574486477	-0.035240705284727954	0.3212370558238667	-0.5021672405815909
chr15_pat	9400000	9600000	0.010852557464815078	-0.5478298718970718	0.2073410706559093	-0.21713101618320355
chr15_pat	9600000	9800000	0.012007398542698193	-0.3718797820846209	0.29561209210109807	-0.46980549590080406
chr15_pat	9800000	10000000	0.010180982280978775	-0.3211105604867637	0.09626916933312799	-0.36009830503741685
chr15_pat	10000000	10200000	0.009062198375206837	-0.5834532534154553	-0.17557381496905225	-0.2969195239619602
chr15_pat	10200000	10400000	0.009148420339641174	-0.782239545075513	-0.06682112648556994	-0.10500428344665348
chr15_pat	10400000	10600000	0.01211993232993774	-0.5937447033841728	-0.1987935543718293	-0.13543465073541952
chr15_pat	10600000	10800000	0.008649815188782453	-0.6980968339725738	-0.02546154806072785	-0.0845063341755136
chr15_pat	10800000	11000000	0.011288849978426739	-0.6647299880113561	-0.16003074651636612	0.03874474147970466
chr15_pat	11000000	11200000	0.015319046153700926	-0.17212177113324303	0.12591038921838557	-0.07702284262888177
chr15_pat	11200000	11400000	0.0129753554431794	-0.23836706409698297	0.059653242717222534	0.05973718917355292
chr15_pat	11400000	11600000	0.010910635088803189	-0.6914543761655461	0.00798289900228711	-0.002270829562434265
chr15_pat	11600000	11800000	0.009115901154549395	-0.6162680705978411	0.10803826854027906	0.05432324968510388
chr15_pat	11800000	12000000	0.016172215678195833	0.6637208174332732	0.28296328570039	-0.4679319224544004
chr15_pat	12000000	12200000	0.016520780783247438	0.5975129415699223	0.3954320236376643	-0.546399953516494
chr15_pat	12200000	12400000	0.012520742255188238	0.1121560751543725	0.40981683037188377	-0.17723448946598466
chr15_pat	12400000	12600000	0.013002807469484939	0.6479032401402974	0.2660586532195913	0.26015375968409316
chr15_pat	12600000	12800000	0.014867983906501155	1.0020508022950636	-0.33388121040788526	0.27162827744565377
chr15_pat	12800000	13000000	0.012323782010307514	0.26941084163885226	0.19709826946738213	0.15671056748741208
chr15_pat	13000000	13200000	0.014464106894553472	0.5327029332872034	0.27986273608801265	0.18198399533236215
chr15_pat	13200000	13400000	0.0194293888130978	0.941244429834947	0.1571065740547176	0.09861132725519264
chr15_pat	13400000	13600000	0.017060505646614172	0.21976911336786512	0.6217825422567291	-0.1315628785952062
chr15_pat	13600000	13800000				
chr15_pat	13800000	13859831				
chr16_pat	0	200000				
chr16_pat	200000	400000				
chr16_pat	400000	600000				
chr16_pat	600000	800000	0.02436539081333682	-1.1513946223647342	0.6809155800777623	0.08359566576553196
chr16_pat	800000	1000000	0.062736502760284	-0.7046105594657238	-0.19036565505001693	0.6293062865861788
chr16_pat	1000000	1200000	0.02319092346949783	-0.7334941445983203	-0.04033936961960923	0.10343754555475755
chr16_pat	1200000	1400000	0.011502405871092306	-0.7403600582545321	-0.4563425484940124	0.3626336352158125
chr16_pat	1400000	1600000	0.013847388368215004	-0.7722941468899607	-0.5294778223879446	0.13939993448700916
chr16_pat	1600000	1800000	0.012418287241953641	-1.2173741029533784	-0.6559422884961134	0.5079549036655944
chr16_pat	1800000	2000000	0.013601988435094216	-0.9808110771072214	-0.3644490270068587	0.18570583870291182
chr16_pat	2000000	2200000	0.02867819465733417	0.43303396363668534	-1.2648439946512602	1.0101500572742
chr16_pat	2200000	2400000	0.0719039755752146	0.8454006121292474	-1.2883907307610778	1.177694172044461
chr16_pat	2400000	2600000	0.0600159323772008	0.8564108926779656	-0.5519232985945491	0.22224083979546774
chr16_pat	2600000	2800000	0.0386651757936176	0.4498190846182248	-0.469655179447382	-0.20057626500342102
chr16_pat	2800000	3000000	0.03407773342120393	0.5664565765698027	-0.10752976619493716	-0.2335139905153991
chr16_pat	3000000	3200000	0.036291800320512026	0.3925510486610575	-0.10086535665633457	-0.08601619432006326
chr16_pat	3200000	3400000	0.03144305962852441	0.5167614169787486	0.016652386676652253	-0.12532692235514453
chr16_pat	3400000	3600000	0.039605412779668246	0.610065674870324	0.2557500264537307	-0.25787184625100906
chr16_pat	3600000	3800000	0.03877404626155865	0.8329486313696485	0.4781031923943238	0.005476951663775228
chr16_pat	3800000	4000000	0.04239593396735185	0.7176660165412193	0.8837532438136031	0.7533494011313181
chr16_pat	4000000	4200000	0.0928130798409829	0.09427068913294044	1.6264861793161345	1.7510669737980917
chr16_pat	4200000	4400000	0.12175612271018232	-0.5250029717398466	0.4029353088295331	0.12025745556762213
chr16_pat	4400000	4600000				
chr16_pat	4600000	4800000				
chr16_pat	4800000	4801875				
chr17_pat	0	200000				
chr17_pat	200000	400000				
chr17_pat	400000	600000				
chr17_pat	600000	800000				
chr17_pat	800000	1000000	0.02735153604009873	-0.4286300894999839	0.3455809889316995	0.29726116186409207
chr17_pat	1000000	1200000	0.013040967461880224	-0.5343557103200666	0.23139514413958903	0.266705369458316
chr17_pat	1200000	1400000	0.014433412708387897	-0.13783749531049325	0.7208891995765849	0.30898801847346685
chr17_pat	1400000	1600000	0.009656829730551958	-0.6892881921827867	-0.12079436488380636	0.3282241689277433
chr17_pat	1600000	1800000	0.009247762588780113	-0.8348924268441424	-0.2529403834730733	0.3336328822531351
chr17_pat	1800000	2000000	0.013053370819023752	-0.2673104505259737	0.7134847633277586	0.23937699821957714
chr17_pat	2000000	2200000	0.011112306444262608	-0.7241643794336133	0.10268079825979927	0.3841346724196836
chr17_pat	2200000	2400000	0.014227417509998735	0.2812159121912088	0.7301393474101507	-0.028924775424917705
chr17_pat	2400000	2600000	0.02326654844560878	0.8139871893353225	0.5366029287550584	-0.16751223118591033
chr17_pat	2600000	2800000	0.01271444910785468	-0.2911466421353101	0.672543380876152	0.21564099734412684
chr17_pat	2800000	3000000	0.01198284563237492	0.1596017087505596	0.5039459318569308	0.12895810189970508
chr17_pat	3000000	3200000	0.014429258864809016	0.9330423287239356	-0.1288421879232986	0.06053759572254687
chr17_pat	3200000	3400000	0.01593921309114302	0.8870539171771584	-0.21092919342442132	0.1824732490273009
chr17_pat	3400000	3600000	0.0182992801275732	0.8664154369330525	-0.2607525300954855	0.3852832484842841
chr17_pat	3600000	3800000	0.01616791975806313	0.31200926638948945	0.37833150168826946	0.3044779588828289
chr17_pat	3800000	4000000	0.016154241258197647	0.6366657953795835	0.36461300338168495	0.5900346436076744
chr17_pat	4000000	4200000	0.013523919411827663	0.643466889898376	0.1558939116424277	0.6915607758904961
chr17_pat	4200000	4400000	0.014352846959550535	0.9105122440232936	-0.29385408883199743	0.6589678712099015
chr17_pat	4400000	4600000	0.01628244121640803	0.9205935002115051	-0.2448923368911526	0.7803364891312276
chr17_pat	4600000	4800000	0.01675235724580442	0.9562694421894812	-0.20092343144585623	0.7229526426748506
chr17_pat	4800000	5000000	0.016945536638355723	1.0246639976246337	-0.03712933612992134	0.6535095199607829
chr17_pat	5000000	5200000	0.012319589085659935	0.026889223281914346	0.5554166101986153	0.4410124537696222
chr17_pat	5200000	5400000	0.015433953917420641	0.1452800423014204	1.1165873734620413	0.6032942720065142
chr17_pat	5400000	5600000	0.011196808296903414	-0.6390605331780079	0.32742427779350175	0.31140476898826336
chr17_pat	5600000	5800000	0.011778771803159454	-0.7387098667936697	0.034440231530776945	0.4535471239288805
chr17_pat	5800000	6000000	0.009649019216516714	-0.7892780787922369	-0.5634159590931963	0.4262422489285866
chr17_pat	6000000	6200000	0.010660728059966628	-0.8127800528168772	-0.1727019481144957	0.3827555939732482
chr17_pat	6200000	6400000	0.011892588618697698	-0.5896739348441175	-0.04230420739560538	0.28678700948900443
chr17_pat	6400000	6600000	0.012922093593457236	-0.3921836642956399	0.36420742781848914	0.20441229757537255
chr17_pat	6600000	6800000	0.011333609496802325	-0.7010187390304187	0.25398003923142437	0.10391737144707083
chr17_pat	6800000	7000000	0.010263298156403373	-0.8276012744511493	-0.2968380107424439	0.024406888123419204
chr17_pat	7000000	7200000	0.014119830813625441	-0.13751322195070884	0.7157129554871934	-0.3148765320461998
chr17_pat	7200000	7400000	0.015223486158447163	-0.12231113794677781	0.6981656682610888	-0.29562019948595136
chr17_pat	7400000	7600000	0.010576394119508989	-0.8305233850646022	-0.17827594747610082	-0.09545586947903185
chr17_pat	7600000	7800000	0.010306202044881273	-0.839988323552666	-0.03652013148634283	-0.13758683641083863
chr17_pat	7800000	8000000	0.01611314896609204	0.19697582472108235	1.0138725884194262	-0.4478408429026182
chr17_pat	8000000	8200000	0.01155477966945963	-0.731490293792669	0.14130665680857327	-0.2612769049223211
chr17_pat	8200000	8400000	0.013424022676545716	0.11988428457082315	0.6008426156706431	-0.4205866565757781
chr17_pat	8400000	8600000	0.015576194965192375	0.6469040776076505	0.6795012566696105	-0.3790629323479159
chr17_pat	8600000	8800000	0.01371935048567075	-0.27971069568328555	0.6804659240495876	-0.02672788786431172
chr17_pat	8800000	9000000	0.01046673640349356	-0.6033082494044949	0.13691972213600023	0.004128257882782538
chr17_pat	9000000	9200000	0.012733380876984215	-0.3698818011923429	0.25787893836332143	0.02065241322861352
chr17_pat	9200000	9400000	0.012211988838390194	-0.25058886621853294	0.4350198365727136	0.03565791215158415
chr17_pat	9400000	9600000	0.013967538276380745	0.11915651283913717	0.46766346982370316	0.04706369296833894
chr17_pat	9600000	9800000	0.015005831368823138	-0.45387712234873157	0.292686542348112	0.22049344638641943
chr17_pat	9800000	10000000	0.012582221234744012	-0.8663104280039579	-0.46489909460569767	0.3955319520163934
chr17_pat	10000000	10200000	0.016768877149500032	-0.40809568035432664	0.25777346970374343	0.4265341139381059
chr17_pat	10200000	10400000	0.015430648428949145	-0.18688646086362412	0.22166579214159318	0.2672781256575239
chr17_pat	10400000	10600000	0.01384257013581078	-0.46238193093096575	0.14645529850963704	0.48382695660646935
chr17_pat	10600000	10800000	0.015557459981513626	-0.5907755604617312	-0.1281079536012321	0.37166897810011945
chr17_pat	10800000	11000000	0.02061679389295374	-0.3387658636239616	0.37207150947572154	0.4235486261305498
chr17_pat	11000000	11200000	0.05980390780009648	-0.4985493597397433	0.08573541628834039	0.398515395609713
chr17_pat	11200000	11400000				
chr17_pat	11400000	11415815				
chr18_pat	0	200000				
chr18_pat	200000	400000				
chr18_pat	400000	600000				
chr18_pat	600000	800000	0.039843659402652665	0.8860794880503582	0.23468654636050376	0.8367654070205098
chr18_pat	800000	1000000	0.020655637311363027	1.0087077183288242	0.1257205605072341	0.8974742142603725
chr18_pat	1000000	1200000	0.015835279624894137	0.7355202200323021	-0.4924877300305242	0.6403020345891375
chr18_pat	1200000	1400000	0.011093306105056485	-0.4652739918915667	-0.6562711854816776	0.5145254399084963
chr18_pat	1400000	1600000	0.01416337592488013	-0.7648607368127782	-0.16673650530341189	0.3926227702551788
chr18_pat	1600000	1800000	0.015893853654175803	-0.6460591995498964	0.10282224686500849	0.3067832927450105
chr18_pat	1800000	2000000	0.019716861237524794	-0.5456928136548482	-0.23590175215820353	0.2971389526707547
chr18_pat	2000000	2200000	0.02296423743139199	-0.4188413590198604	-0.14418603621655796	-0.10356524293266997
chr18_pat	2200000	2400000	0.01646394599587023	-0.8290302658301608	0.41566699566812276	-0.10573122117820932
chr18_pat	2400000	2600000	0.01657285519275219	-0.5814396529397545	-0.12201571092331275	-0.4649447556325964
chr18_pat	2600000	2800000	0.012448402332057129	-0.2377493888947091	-0.5656212807786196	-0.37352391641607896
chr18_pat	2800000	3000000	0.010326490152386571	-0.5168618328655472	-0.27755539709461285	-0.0458770954845208
chr18_pat	3000000	3200000	0.015260119096903649	0.5975338425769556	-0.6769589193135266	0.013946892777131056
chr18_pat	3200000	3400000	0.014317704247404708	1.1020644286145498	-0.09502004788849368	-0.4209465662073887
chr18_pat	3400000	3600000	0.013287956369015828	0.3364483367051997	-0.27758192644311114	0.14416193601879393
chr18_pat	3600000	3800000	0.012429060803354097	-0.4816188879234499	-0.011912541329670403	0.20963465001618284
chr18_pat	3800000	4000000	0.011298208488720858	-0.7652733665475906	0.34059094210414936	0.325426781782878
chr18_pat	4000000	4200000	0.012368105303298512	-0.6116136720916586	0.226009760207085	0.44340151301177305
chr18_pat	4200000	4400000	0.010566474308896548	-0.4992744115330151	-0.16204812071370844	0.18321937909031283
chr18_pat	4400000	4600000	0.015071003978985663	0.5740176086752043	-0.595815169136124	0.11719276668754566
chr18_pat	4600000	4800000	0.01451531553341712	-0.009634729485583747	-0.7242763936961584	0.10106320786849143
chr18_pat	4800000	5000000	0.016780342013965045	0.128682373932884	-0.881431585497867	-0.10617946388790765
chr18_pat	5000000	5200000	0.012947455066243634	-0.5250810920965853	-0.5142509229058891	0.02528824385870861
chr18_pat	5200000	5400000	0.014145379772834421	0.47473878952662146	-0.5874073696167231	-0.0840241059184887
chr18_pat	5400000	5600000	0.014840997674677697	0.7008430134988006	-0.32222723166628725	-0.3015665330459881
chr18_pat	5600000	5800000	0.01571607565198583	0.35512186103541055	-0.6170463548833072	-0.1703136816649601
chr18_pat	5800000	6000000	0.01228365351383756	0.17452147970189255	-0.24364575780000208	-0.22157129763618835
chr18_pat	6000000	6200000	0.015498373828177916	1.1080386142525744	0.3162843685422048	-0.4007432691945715
chr18_pat	6200000	6400000	0.013606745809852706	0.525755802886592	-0.3464217560711221	0.19097293246524652
chr18_pat	6400000	6600000	0.01583201098651119	1.0105954919238573	-0.004641712452825885	-0.23468616157499345
chr18_pat	6600000	6800000	0.013860030887853132	0.7434622248800613	-0.17140405506406822	-0.1115383902363935
chr18_pat	6800000	7000000	0.01016717555434643	-0.538970007911901	-0.1273898759840801	0.1271301120912529
chr18_pat	7000000	7200000	0.011910149836542044	-0.03694955891120517	-0.5124243028279063	0.3072322190013049
chr18_pat	7200000	7400000	0.012254633537874015	-0.24700556388870207	-0.7236756638042208	0.33429018540476524
chr18_pat	7400000	7600000	0.01565835344737688	0.3760313361168142	-0.6739908463778214	0.2664776641180556
chr18_pat	7600000	7800000	0.010549988602201105	-0.6967652525415386	-0.27631603526022636	0.3704176963878008
chr18_pat	7800000	8000000	0.011936385306785115	-0.5428650495172951	-0.4499066930477862	0.24849597463032772
chr18_pat	8000000	8200000	0.010825835269255214	-0.8190931437464315	0.4842500352435584	0.35657620914270244
chr18_pat	8200000	8400000	0.01280717277595335	-0.6929529591334647	-0.22821802632857432	0.22996857955024166
chr18_pat	8400000	8600000	0.010172187086455562	-0.7749047662572729	0.2682249110900504	0.1499773268100176
chr18_pat	8600000	8800000	0.01448508374988986	-0.11146397791461485	-0.7081755321104615	-0.15633095893360496
chr18_pat	8800000	9000000	0.010601909463144701	-0.7601691056313883	-0.04706371789096499	-0.05594642966271054
chr18_pat	9000000	9200000	0.013348090504337377	-0.2184137236562869	-0.6225001485602287	-0.5312421865539384
chr18_pat	9200000	9400000	0.01316762314732767	-0.4765263139783418	-0.6874666298423936	-0.5761356138646762
chr18_pat	9400000	9600000				
chr18_pat	9600000	9800000				
chr18_pat	9800000	10000000	0.018791665430488845	1.1796908147139382	0.1289828656384742	-0.3882103748132309
chr18_pat	10000000	10200000	0.01729049531901595	0.8911182330921184	0.34825036774444523	0.16764965244776373
chr18_pat	10200000	10400000	0.01618353418811686	0.8368664045686073	0.3004311821420311	0.36241026921693636
chr18_pat	10400000	10600000	0.014711608373132045	0.6808955391370962	-0.21120102963996285	0.7348572319745358
chr18_pat	10600000	10800000	0.020020683777432238	0.8821556832060835	0.13620905050036505	0.5382326094642131
chr18_pat	10800000	11000000	0.03015678737797024	-0.049527612380598815	-0.3875086591070582	0.6975515979588827
chr18_pat	11000000	11200000				
chr18_pat	11200000	11267241				
chr19_pat	0	200000				
chr19_pat	200000	400000				
chr19_pat	400000	600000				
chr19_pat	600000	800000				
chr19_pat	800000	1000000				
chr19_pat	1000000	1200000				
chr19_pat	1200000	1400000				
chr19_pat	1400000	1600000				
chr19_pat	1600000	1800000				
chr19_pat	1800000	2000000				
chr19_pat	2000000	2200000				
chr19_pat	2200000	2400000				
chr19_pat	2400000	2600000				
chr19_pat	2600000	2800000				
chr19_pat	2800000	3000000				
chr19_pat	3000000	3200000				
chr19_pat	3200000	3400000				
chr19_pat	3400000	3600000				
chr19_pat	3600000	3800000				
chr19_pat	3800000	4000000				
chr19_pat	4000000	4200000				
chr19_pat	4200000	4400000				
chr19_pat	4400000	4600000				
chr19_pat	4600000	4800000				
chr19_pat	4800000	5000000				
chr19_pat	5000000	5200000				
chr19_pat	5200000	5400000				
chr19_pat	5400000	5600000				
chr19_pat	5600000	5800000	0.012049448093228922	-0.5640691547069636	0.07783705114368525	0.10560859134332674
chr19_pat	5800000	6000000	0.01402947867431046	-0.8262144052504634	0.14625585068917776	-0.13201862044014664
chr19_pat	6000000	6200000	0.011290717184181214	-0.7802587162176275	0.23083537208183522	0.05409285578810885
chr19_pat	6200000	6400000	0.014875890555989976	0.03567730415839388	-0.2438727347892838	0.6783610876784638
chr19_pat	6400000	6600000	0.018044889255160568	0.20963409472253297	-0.695074426763815	0.7635880379117356
chr19_pat	6600000	6800000	0.017354008038375685	0.7171775129481399	-0.9262348502445396	0.6522601422043769
chr19_pat	6800000	7000000	0.010859409099644998	-0.6340237677107494	0.1884501352822947	0.04996269033405415
chr19_pat	7000000	7200000	0.014093222007405933	-0.5714365752871777	0.1998360309428004	0.3824365694777273
chr19_pat	7200000	7400000	0.011019639450728536	-0.6121499604929512	0.21368648828440362	-0.08576839172529073
chr19_pat	7400000	7600000	0.012565524736041299	-0.5291597434033309	0.37623119612190586	-0.09778241173343326
chr19_pat	7600000	7800000	0.013651927511987027	-0.4916516250530504	0.14149318455492485	0.5509767100215953
chr19_pat	7800000	8000000	0.011540657715133481	-1.0006315349330743	0.10255802808656905	0.08476481639050608
chr19_pat	8000000	8200000	0.014496748459405495	-0.3847283193986546	0.30346419533269914	0.4632090615681597
chr19_pat	8200000	8400000	0.018493839186018407	0.008700312363591024	-0.17411892964115266	0.33189154805451687
chr19_pat	8400000	8600000	0.013827589363629185	0.8575055903566642	-0.008841016783443857	0.13798550692247347
chr19_pat	8600000	8800000	0.01592170174440099	0.7695604313097273	0.18826706024421427	0.04705127753741132
chr19_pat	8800000	9000000	0.017480758156938593	0.5918553470423499	0.4654226937226951	0.036776151255727495
chr19_pat	9000000	9200000	0.01676961552694623	0.6066452452392288	0.3900837626078015	-0.17660967284878235
chr19_pat	9200000	9400000	0.016203043935496545	0.695414082200131	0.6433329580583375	0.1690694475477624
chr19_pat	9400000	9600000	0.01776682662161133	0.7574206640844761	0.6404692116202703	0.0008204333174280251
chr19_pat	9600000	9800000	0.01805386570780201	0.7277783561384402	0.6387816090246229	0.14741844869054374
chr19_pat	9800000	10000000	0.01687239396251601	0.6408696110233679	0.43723389045006056	0.17350280955665173
chr19_pat	10000000	10200000	0.014339233371298237	0.48922326300953306	0.381644420620647	0.6688732051430974
chr19_pat	10200000	10400000	0.016389675599807987	-0.7638662486571517	0.6495095661897737	0.9365835671532127
chr19_pat	10400000	10600000				
chr19_pat	10600000	10800000				
chr19_pat	10800000	11000000				
chr19_pat	11000000	11183127				
chr20_pat	0	200000				
chr20_pat	200000	400000				
chr20_pat	400000	600000				
chr20_pat	600000	800000				
chr20_pat	800000	1000000	0.021097274514297614	-0.5765764017142291	0.3753128499053694	0.40486541479619376
chr20_pat	1000000	1200000	0.013011387352651829	-0.6105139094704587	-0.07932472630763007	0.04894414116898728
chr20_pat	1200000	1400000	0.017006290540761252	-0.4640761980326553	-0.5371416503163421	0.016172556460809562
chr20_pat	1400000	1600000	0.026047576903132155	-0.7717818864133315	0.344200214188164	0.1783949390498013
chr20_pat	1600000	1800000				
chr20_pat	1800000	2000000	0.05821473218544747	-0.1079058961795143	-0.1450028382802837	0.20655199334684254
chr20_pat	2000000	2200000	0.009754521627787806	-0.8519367424131867	0.029564846922130964	0.18327655303244242
chr20_pat	2200000	2400000	0.011960061123440379	-0.2530919271527587	-0.5515407066254391	0.15066208763614228
chr20_pat	2400000	2600000	0.014252638130461388	0.25648004961530724	-0.7659116718837016	0.16240012017960223
chr20_pat	2600000	2800000	0.016087400693747363	0.7861026346602413	-0.3051684415851358	0.2744494268243359
chr20_pat	2800000	3000000	0.010867510100028179	-0.5230247655058625	-0.23616862545463985	0.09658805677339108
chr20_pat	3000000	3200000	0.011844784727473646	-0.7261702010339534	-0.18864680551398372	0.1213159002645996
chr20_pat	3200000	3400000	0.014601903917416306	0.7203170160794266	-0.592948794726601	0.4928308911284182
chr20_pat	3400000	3600000	0.009390378210049044	-0.5083671880572941	-0.4397426724227028	0.07440828087842784
chr20_pat	3600000	3800000	0.013078941447634053	0.28341013214126415	-0.5979276749162813	0.39651309767278287
chr20_pat	3800000	4000000	0.013956505088382084	1.1037669315798568	0.08572798176053763	0.49730017883040184
chr20_pat	4000000	4200000	0.014535184439507314	1.0020690586372776	0.3066977925598646	0.5543110124711778
chr20_pat	4200000	4400000	0.01680152009690298	0.7895010819404346	0.20881989191149317	0.3220626986110422
chr20_pat	4400000	4600000	0.014811602012113352	0.6220025780664	-0.1297208298801652	-0.019690338935460815
chr20_pat	4600000	4800000	0.011566733925252114	-0.2914820547341943	-0.2913776373303904	-0.06708002959378181
chr20_pat	4800000	5000000	0.011404397277433666	-0.07250534174064299	-0.5461658188178303	-0.1146038932565465
chr20_pat	5000000	5200000	0.01515491826970789	1.0180112883197614	0.171483953934679	-0.45604524993021067
chr20_pat	5200000	5400000	0.014341762617051928	0.8650566944233674	0.1926421463060781	-0.3131315850136958
chr20_pat	5400000	5600000	0.015351232031293464	0.9861884218230016	-0.06347555144426541	-0.3735392825397497
chr20_pat	5600000	5800000	0.016514505945597634	0.9562785870130026	-0.22076354612864632	-0.3499019807286853
chr20_pat	5800000	6000000	0.01146426328511772	-0.4591135023415726	-0.2539876694898219	-0.060963831749519914
chr20_pat	6000000	6200000	0.013877556976604673	-0.15987342109494035	-0.8716988925902127	-0.16558912449930283
chr20_pat	6200000	6400000	0.011637714937221426	-0.5990145148932792	-0.4298992598680496	-0.09480723055879307
chr20_pat	6400000	6600000	0.012713014039821908	-0.44029400565510746	-0.3910495519474169	-0.18482686697918813
chr20_pat	6600000	6800000	0.010289435302746976	-0.8563237027426769	-0.04844626155364186	-0.018945439085696906
chr20_pat	6800000	7000000	0.015548755784140828	0.2755262079124886	-0.6790438235876898	-0.22887321582795117
chr20_pat	7000000	7200000	0.013087624503500648	-0.2587303258669353	-0.2699857293686255	0.0252305648289497
chr20_pat	7200000	7400000	0.013094465795471676	-0.578878282461344	0.09982613377606342	-0.048529850171668144
chr20_pat	7400000	7600000				
chr20_pat	7600000	7800000				
chr20_pat	7800000	8000000	0.0234000131867635	-0.4065784662935062	-0.04668934406897866	0.3597013203982817
chr20_pat	8000000	8200000	0.010176104111381552	-0.7559385062841791	0.34930979766320125	0.36123046481699705
chr20_pat	8200000	8400000	0.012400863043396028	-0.6408743237364143	0.2569885742758491	0.29489741596312247
chr20_pat	8400000	8600000	0.012109997697514271	-0.5277917242174228	-0.01920600451483812	0.19843581853038464
chr20_pat	8600000	8800000	0.011199974816776316	-0.5813789204154552	-0.09729888948519151	0.30140786074809167
chr20_pat	8800000	9000000	0.011770671025871458	-0.6872427303932849	-0.02969894087735184	0.0989767730069377
chr20_pat	9000000	9200000	0.017068744125791385	0.34898302674432513	-0.6128328510900152	0.3709259361693548
chr20_pat	9200000	9400000	0.012917004156441678	-0.05233396277952112	-0.44110162976505235	0.17229503098500717
chr20_pat	9400000	9600000	0.013835803320842296	0.671402720572902	-0.2533926036787434	0.3456292472719272
chr20_pat	9600000	9800000	0.014671406743862277	0.25016161735457326	-0.552814938769402	0.4064155466811286
chr20_pat	9800000	10000000	0.013908792467056477	0.3908511468834543	-0.5181673026859628	0.4000177920540849
chr20_pat	10000000	10200000	0.009637389471026034	-0.4309514279829231	-0.4155167830050485	0.3503922456169233
chr20_pat	10200000	10400000	0.016106669919788517	0.7422821658208335	-0.2809614954549467	0.3758850135873662
chr20_pat	10400000	10600000	0.01157889956765351	-0.40919306984682957	-0.22638609109581737	0.3304103616586924
chr20_pat	10600000	10800000	0.01127847094863544	-0.5521875579857666	-0.27665125439213745	0.4110820783195837
chr20_pat	10800000	11000000	0.013200377862378196	0.23352554789341473	-0.20838070268165892	0.26120378510721376
chr20_pat	11000000	11200000	0.01805868750358272	1.0780900604606405	0.25816773545270033	0.6461561645555708
chr20_pat	11200000	11400000	0.016026345695557845	0.9826803826684962	0.3217843576878315	0.6513584152109365
chr20_pat	11400000	11600000	0.014678472934156167	1.0158740133308144	0.20668172773623775	0.6510697069354238
chr20_pat	11600000	11800000	0.013573055777707193	0.6350286496306002	-0.24309781907904748	0.7054543291283627
chr20_pat	11800000	12000000	0.010106001864376279	-0.578295252172705	0.041391964705651915	0.30332642622609784
chr20_pat	12000000	12200000	0.012349959781765306	-0.27773186238754183	-0.17177083014664593	0.16813551127169837
chr20_pat	12200000	12400000	0.01079214708920771	-0.23681310105949108	-0.07673891616530774	0.06297876300307201
chr20_pat	12400000	12600000	0.015200406412135046	0.3421025900186004	-0.38466125642430843	0.09886156761977562
chr20_pat	12600000	12800000	0.010610605747059057	-0.5226590823505135	-0.1905016391622353	-0.017312390835405915
chr20_pat	12800000	13000000	0.01476057803196481	0.6319061770602441	-0.11795400662571558	-0.2002691381361673
chr20_pat	13000000	13200000	0.008479918621494609	-0.6709367415432685	-0.1645719096041515	0.009854342076171698
chr20_pat	13200000	13400000	0.011601405473973276	0.22496812785058282	-0.461666411799303	-0.35812308092170464
chr20_pat	13400000	13600000	0.014051923208181126	0.5225822542674802	-0.278309595314243	-0.30074129125581495
chr20_pat	13600000	13800000	0.01727675532640747	1.072114080728601	0.04324534900281795	-0.6287730190868696
chr20_pat	13800000	14000000	0.015823869847279903	0.8001094974587877	-0.3353295858475054	-0.4533547487993105
chr20_pat	14000000	14200000	0.016088931077745755	0.6865801444671646	-0.47989956532452976	-0.5580744414970708
chr20_pat	14200000	14400000	0.013261652924657521	-0.18805128948653682	-0.5467369138860783	-0.15920078949064997
chr20_pat	14400000	14600000	0.010881480612804141	-0.5414249402766741	-0.11164833327250563	-0.22813932134073578
chr20_pat	14600000	14800000	0.013537999511856668	-0.6155721911625788	-0.3555524779506678	-0.07447368749309102
chr20_pat	14800000	15000000	0.01865985870417311	-0.20117231556112983	-0.45231278435178396	-0.023764306165343703
chr20_pat	15000000	15200000	0.040997615604054544	0.6983344446243256	-0.1981124208530053	-0.2475554054105803
chr20_pat	15200000	15338504				
chr21_pat	0	200000				
chr21_pat	200000	400000	0.017780081951096847	-0.04043074466090163	0.10608511353652988	-0.0010361129852160904
chr21_pat	400000	600000	0.01624289116958261	-0.0012891040318810296	0.04428770314752234	-0.09584006425181278
chr21_pat	600000	800000	0.016190221320410734	0.19434867490307592	0.09352109846644918	0.12588520748966361
chr21_pat	800000	1000000	0.011820055974488087	-0.45911842445762735	0.1765034574413656	-0.29392114341791964
chr21_pat	1000000	1200000	0.010961848955601323	-0.3687839160502776	0.35160499364385267	-0.360600084410908
chr21_pat	1200000	1400000	0.017639150477999643	0.5602173118331873	0.29390332421246085	-0.18199151298102245
chr21_pat	1400000	1600000	0.010549452444158832	-0.13798540447428595	0.4838584767185863	0.08527682747985599
chr21_pat	1600000	1800000	0.009598357389196203	-0.3346171068239559	0.42744070147583374	0.00888094441127087
chr21_pat	1800000	2000000	0.009152930830821129	-0.42170077719227833	0.30223497325079196	-0.17619526248119624
chr21_pat	2000000	2200000	0.011345455554895967	-0.31914490951580066	0.4717130370558868	-0.4332839985257031
chr21_pat	2200000	2400000	0.013679920971765732	0.22983933743591506	0.5709168848990932	-0.7582702079532379
chr21_pat	2400000	2600000	0.011314885332095334	0.1578392281724894	0.9193782584992984	-0.572627659043585
chr21_pat	2600000	2800000	0.013456771077569535	0.7685293853783604	0.2481763707817506	-0.5467278352883421
chr21_pat	2800000	3000000	0.014323856285350453	0.7513472975932264	-0.040889962985929104	-0.5678258302201756
chr21_pat	3000000	3200000	0.011910022472952335	0.3063547963130536	0.14754621352994823	-0.27081839971484634
chr21_pat	3200000	3400000	0.013273999204429846	0.24634625243993394	-0.008148356613746266	-0.18431966074698913
chr21_pat	3400000	3600000	0.01387272309292096	-0.3062610736455978	0.09083187762917033	-0.09700273305589119
chr21_pat	3600000	3800000	0.013339203194180457	0.06063118023922602	0.3305181899062795	0.1561327195403501
chr21_pat	3800000	4000000	0.01250645375761546	-0.0731046394840344	0.6767207459197396	0.3182940021815121
chr21_pat	4000000	4200000	0.013365135171258489	0.5689737908135138	0.5614539672013464	0.5076987364049176
chr21_pat	4200000	4400000	0.011219247337841185	0.27501153274856166	0.7615936784435011	0.5051157666999956
chr21_pat	4400000	4600000	0.00898145712931556	-0.4480983081499265	0.26832611376317894	0.45960824949850687
chr21_pat	4600000	4800000	0.008833875319538644	-0.3302320318207038	0.4569342937598342	0.15578085825131696
chr21_pat	4800000	5000000	0.036914467455757875	0.41866716067962184	0.6392024232487691	-0.3581629879176753
chr21_pat	5000000	5200000	0.011715505896161152	-0.2009621489809339	0.2040745696139637	0.3110243070677703
chr21_pat	5200000	5400000	0.011205856421730687	-0.7608472226463211	-0.3159588271057884	-0.15557127551106303
chr21_pat	5400000	5600000	0.01080133693725663	-0.731899833853284	-0.2002508589784846	-0.41952866092503543
chr21_pat	5600000	5800000	0.010030027074978654	-0.7466828000847014	-0.3010558982322292	-0.3183602475086749
chr21_pat	5800000	6000000	0.007558475878012138	0.06177456642819501	-0.23310675547266974	-0.4096505455861215
chr21_pat	6000000	6200000	0.010339398486449379	0.7586498507306406	-0.6107143052836236	-0.2809627039727266
chr21_pat	6200000	6400000	0.013533799888021057	0.27212532596105216	-0.10599517515104087	0.26212648810242795
chr21_pat	6400000	6600000	0.009496702442228042	-0.8630852358078808	-0.09895114210508903	-0.45092035151720505
chr21_pat	6600000	6800000	0.01189397213595942	-0.2481829295011374	0.032341404183511044	-0.1233759567298084
chr21_pat	6800000	7000000	0.012172826761450092	-0.11346174604086823	-0.049468918962182196	-0.38391754176963677
chr21_pat	7000000	7200000	0.01788668088897464	0.8659380708433344	-0.6638138021680302	-0.09447115398238237
chr21_pat	7200000	7400000				
chr21_pat	7400000	7600000				
chr21_pat	7600000	7800000				
chr21_pat	7800000	7956264				
chr22_pat	0	200000				
chr22_pat	200000	400000				
chr22_pat	400000	600000	0.09284976662507197	0.034877753913319993	-0.245323897476978	0.244241568179305
chr22_pat	600000	800000	0.0138529738191733	0.6120626973445263	0.21540988642891604	0.16403372188957904
chr22_pat	800000	1000000	0.013620495962002009	0.6926444902550108	0.7280407877128897	-0.41821921497361275
chr22_pat	1000000	1200000	0.020805230469693587	-0.4135826137368622	0.4368308422506454	0.16445853310552216
chr22_pat	1200000	1400000	0.02088858213794052	-0.7177597272174312	0.47471258171025543	0.6259671398854743
chr22_pat	1400000	1600000	0.011937124139696038	0.13350513756035529	-0.19583786452699892	-0.0829540222077026
chr22_pat	1600000	1800000	0.011613504568638557	0.29629608204146374	-0.2322483333034139	0.19031063008945956
chr22_pat	1800000	2000000	0.02675652925067996	0.4518307259196623	-0.04613249024252861	-0.025742587672847966
chr22_pat	2000000	2200000	0.012084894994311458	0.4351602719635941	0.021910094910396746	0.2042686965303832
chr22_pat	2200000	2400000	0.00961780764571624	0.4431623408884821	0.1410718418318061	0.19563862916192754
chr22_pat	2400000	2600000	0.0085807444113549	0.48312234663477227	0.17909577270876714	0.09481710109110716
chr22_pat	2600000	2800000	0.01090526315465446	0.020138176232719844	-0.023917956158216677	0.2604593791986155
chr22_pat	2800000	3000000	0.012988509716565122	-0.7361244978330389	0.1276374460373325	0.5086888028781581
chr22_pat	3000000	3200000	0.00987872006636374	-0.23813570102763978	-0.05991871950135615	0.6155983963227816
chr22_pat	3200000	3400000				
chr22_pat	3400000	3600000				
chr22_pat	3600000	3800000				
chr22_pat	3800000	4000000				
chr22_pat	4000000	4200000				
chr22_pat	4200000	4400000	0.012351254341406298	0.7594950469938484	-0.9744382455511356	0.41672764816216096
chr22_pat	4400000	4600000	0.012161083693143624	0.48002489524621705	0.12247981172571454	0.8357877607422846
chr22_pat	4600000	4800000	0.022562677559855023	0.8199092763603145	0.747055536089454	0.2940553285355055
chr22_pat	4800000	5000000				
chr22_pat	5000000	5200000				
chr22_pat	5200000	5320397				
chr23_pat	0	200000				
chr23_pat	200000	400000				
chr23_pat	400000	600000	0.020526102644406338	-0.4501480920942632	0.38055458409222254	-0.01654259576296537
chr23_pat	600000	800000	0.01279392531792951	-0.28744852280893873	0.19168593372244258	-0.2767687737745256
chr23_pat	800000	1000000	0.016598636599876006	0.6250818357981812	-0.04077010016010037	-0.093406834480356
chr23_pat	1000000	1200000	0.013790438241879274	0.23997877630777648	-0.08400027249170218	-0.15753786969573746
chr23_pat	1200000	1400000	0.039558180317744863	-0.21123850511935735	-0.20422138472774487	-0.15660721460779609
chr23_pat	1400000	1600000	0.01168825516449142	-0.4047022894810524	-0.4131513949090283	-0.3746080084929205
chr23_pat	1600000	1800000	0.01385867081949432	0.17766538129950366	-0.41670263887639947	-0.6181455514205889
chr23_pat	1800000	2000000	0.014881723697827554	1.0556135783779361	-0.4114043764296612	-0.33292769102860886
chr23_pat	2000000	2200000	0.009738311723696184	-0.2324448599548962	-0.7775208949510974	-0.8271429799535548
chr23_pat	2200000	2400000	0.01081076733187011	-0.4597858554277139	-1.0537078293364421	-1.1509412821239557
chr23_pat	2400000	2600000	0.01069378044279232	-1.0101730655125625	-0.8010956580822167	-0.05997758172032717
chr23_pat	2600000	2800000	0.010855913165399562	-0.8364451679833247	-0.6865951545605667	0.2583858382104267
chr23_pat	2800000	3000000	0.009904430473088713	-0.860790261141275	-0.4945890488879645	0.24908148834800023
chr23_pat	3000000	3200000	0.013737194734056246	-0.5168888390821206	-0.3357022150903862	-0.16970284282435083
chr23_pat	3200000	3400000	0.011357854510576177	-0.4898848153856413	-0.20010675382247073	0.23970202269960272
chr23_pat	3400000	3600000	0.013102919897236038	-0.6814640495098302	0.08832241867382938	0.23079273924002877
chr23_pat	3600000	3800000	0.012488249808146742	-0.768869209038303	0.4030729241668182	0.29633325688825857
chr23_pat	3800000	4000000	0.043457725742816866	-0.8212871602117363	0.686443127048075	0.15168794408655598
chr23_pat	4000000	4200000	0.014265740606139126	-0.8635927982806659	0.8377682103394483	0.10612178312185576
chr23_pat	4200000	4400000	0.014090494397752597	-0.876108351055732	0.7747051532317735	-0.4409029786629246
chr23_pat	4400000	4600000	0.012454306083902316	-0.4518656593398721	0.8215062503342827	-0.7319182127612869
chr23_pat	4600000	4800000	0.013588000838131971	-0.3374030826404374	0.8101594661526197	-0.9353107498909788
chr23_pat	4800000	5000000	0.017866024809874523	0.4493319222808944	0.7435650759571074	-0.9168648414464167
chr23_pat	5000000	5200000	0.01569020974079136	0.7927821002783945	0.3908699175112119	-0.32534514314333585
chr23_pat	5200000	5400000	0.016027132160256547	0.8045049913810457	0.30796493056036267	0.047008514649849016
chr23_pat	5400000	5600000	0.01434245629323523	0.9051983059787785	0.13091314255397046	0.20927700018681966
chr23_pat	5600000	5800000	0.010591173673654372	-0.1359409555080011	0.23763940777400702	-0.3774011901091886
chr23_pat	5800000	6000000	0.011711275391604506	0.24520485926914656	-0.06098425537238865	-0.2703522065325531
chr23_pat	6000000	6200000	0.019234523700657282	0.7990290192001648	-0.012011179046951924	0.2211025726292533
chr23_pat	6200000	6400000	0.031173165446344683	0.6835951317367799	-0.21762021487823222	-0.2725305503458573
chr23_pat	6400000	6600000				
chr23_pat	6600000	6800000				
chr23_pat	6800000	6983608				
chr24_pat	0	200000				
chr24_pat	200000	400000				
chr24_pat	400000	600000				
chr24_pat	600000	800000	0.03506692949899915	0.8410141027184199	-0.1785780701009832	0.6911052946928993
chr24_pat	800000	1000000	0.024163640033372232	0.687922666630396	-0.4355311491835456	0.5168710531517745
chr24_pat	1000000	1200000	0.013012894911047209	0.44390915703907924	-0.5460836664573876	0.28058230311130905
chr24_pat	1200000	1400000	0.0135230639690644	0.6658498853308428	-0.3218605498239504	0.2108143136937058
chr24_pat	1400000	1600000	0.014752011293553332	0.6072785541618947	0.1979893645748303	0.2215155223589767
chr24_pat	1600000	1800000	0.016185709223177597	0.7431758007333311	0.3622393185523127	0.41144014270151336
chr24_pat	1800000	2000000	0.011337503466908355	-0.204455940955825	-0.06977178694575856	-0.24295019088518044
chr24_pat	2000000	2200000	0.009837524423317767	-0.7610782335126676	-0.07923070438471523	-0.3143988648934446
chr24_pat	2200000	2400000	0.014002414425199537	-0.014266200280939516	-0.561116333413432	-0.0947142867209451
chr24_pat	2400000	2600000	0.012113095636876299	-0.2582952570518694	-0.01113262498018017	-0.1335682972438118
chr24_pat	2600000	2800000	0.012476923089293932	0.11909560979969856	0.06263531089600025	-0.25535305457230995
chr24_pat	2800000	3000000	0.01553575863733538	0.7373742529114244	0.4375856490962655	-0.6302666800754416
chr24_pat	3000000	3200000	0.01914932727430465	0.5658459339790848	0.45043380205999844	-0.6745978078965271
chr24_pat	3200000	3400000	0.01816957509329577	0.5629772869932175	0.602781114009729	-0.5615610002079217
chr24_pat	3400000	3600000	0.018601516690397633	0.7216712444070577	0.2350930957918455	-0.5668967369632119
chr24_pat	3600000	3800000	0.012126054694831414	-0.41248445733934475	-0.059114941392996445	-0.33357258479893154
chr24_pat	3800000	4000000	0.015208590845575928	0.67493963312857	0.3354368968823092	-0.2752410962959077
chr24_pat	4000000	4200000	0.013231570490853465	0.8902448143873631	-0.3453353561878685	-0.5084970561769524
chr24_pat	4200000	4400000	0.011556302227673556	0.03128104282202744	-0.4488589142389845	-0.36031541013434065
chr24_pat	4400000	4600000	0.012793985165171091	0.3686078240996894	-0.551228447242936	-0.4796591221713972
chr24_pat	4600000	4800000	0.014399917826626524	0.7056163715640981	-0.5495489316555128	-0.7825560623596851
chr24_pat	4800000	5000000	0.012870567403752142	-0.4673032021485093	-0.36684287398241433	-0.09809716866627168
chr24_pat	5000000	5200000	0.013865650924312583	-0.137857671010333	-0.7314838621446331	-0.37814576387181514
chr24_pat	5200000	5400000	0.010859276698861787	-0.8206928550299374	0.034117164228976274	-0.3538185203064898
chr24_pat	5400000	5600000	0.013728483607124519	0.40742415363138607	-0.7795981661621663	0.07912951830164643
chr24_pat	5600000	5800000	0.014038440182462848	-0.2879784766186759	-0.5309700393978253	-0.02394470258988767
chr24_pat	5800000	6000000	0.012530298985436977	-0.2035334772268031	-0.4501178836355479	-0.3245781753601549
chr24_pat	6000000	6200000	0.010725009259411227	-0.6480473216488527	-0.10949764191225321	-0.106962679307606
chr24_pat	6200000	6400000	0.014046590489855853	0.21837423432670885	-0.6313181509078278	-0.0944162038308678
chr24_pat	6400000	6600000	0.01721976712204465	0.09815847400538812	-0.7515759792413806	0.20713920249458095
chr24_pat	6600000	6800000	0.017168354922818905	-0.442338599630742	-0.2724902791293087	-0.18399042126813045
chr24_pat	6800000	7000000	0.013387268272212522	-0.6894206013923101	0.03959437299070327	-0.21539139152464543
chr24_pat	7000000	7200000	0.022734792782174284	0.48780677973070036	-0.43095133137078984	0.02760518827465501
chr24_pat	7200000	7400000	0.020470189292411185	-0.36473621856108135	-0.2351506127397125	-0.19332705124000124
chr24_pat	7400000	7600000				
chr24_pat	7600000	7800000				
chr24_pat	7800000	7804404				
chr25_pat	0	200000				
chr25_pat	200000	400000				
chr25_pat	400000	600000	0.14841044549616278	0.8539393816460563	-1.6854066355195667	-1.8225469739722153
chr25_pat	600000	800000	0.04175652203318886	0.848811847977349	-0.4150931272037105	-0.13109909634482994
chr25_pat	800000	1000000	0.03778322978545913	1.0318246016741428	-0.5072726047947836	0.2529786616596763
chr25_pat	1000000	1200000	0.07244933783614659	1.0839452553805362	-0.276009357181778	-0.028610207506789668
chr25_pat	1200000	1400000	0.053118864645738215	0.7025962742333012	-0.27423084117048513	0.11802087844886437
chr25_pat	1400000	1600000	0.05995731071050716	0.789094649244601	0.39097032666119386	0.33927535630711925
chr25_pat	1600000	1800000	0.05816170730808743	-0.30681218219051987	-0.5541291292937278	-0.514532724957889
chr25_pat	1800000	2000000	0.07038217555046695	0.5388466677107835	0.05675398471440905	-0.33173362871433004
chr25_pat	2000000	2200000	0.05828449292321346	0.967740307402043	0.6181249536382717	0.05731730694974437
chr25_pat	2200000	2400000	0.08198283854670266	0.7974034701860652	0.8057514307800587	0.3136721698520392
chr25_pat	2400000	2600000	0.060076301586658484	0.7753649964169662	0.2575765967270414	0.4169819263202339
chr25_pat	2600000	2800000	0.040446945813020885	0.9336234418201774	0.610473741180744	0.21180446316285648
chr25_pat	2800000	3000000	0.07292296565570357	0.7850649218714505	0.9664841755919183	0.2993750818715606
chr25_pat	3000000	3200000	0.052174959046229624	0.023641747400523747	0.5286424390809266	-0.6977099058892638
chr25_pat	3200000	3400000	0.0874210647129206	0.9947137654522624	0.77035157816207	0.2365841021697178
chr25_pat	3400000	3600000	0.0760834715565457	1.2962538790697802	1.622371448027384	-1.2042082196868922
chr25_pat	3600000	3800000	0.017386369982957527	-0.008145603553904994	0.8712440839952408	-1.3014045240721768
chr25_pat	3800000	4000000	0.010552795972204975	-0.6746041105086296	0.3985069688316799	-0.41862316615293177
chr25_pat	4000000	4200000	0.01184930385277127	-0.7382718203584326	0.12516426577272635	-0.05407244820019259
chr25_pat	4200000	4400000	0.01991552896422571	-0.04454767439886425	0.2507103615791952	0.16934669005143949
chr25_pat	4400000	4600000	0.015315323464505879	-0.728812060009814	0.15167374080353374	-0.06369164073875451
chr25_pat	4600000	4800000				
chr25_pat	4800000	5000000	0.009403239244295957	-0.8011411214123453	0.29713433618993396	0.004682904653989741
chr25_pat	5000000	5200000	0.014019713232509976	-0.7461729351201272	0.21262167181777483	0.2860638513154098
chr25_pat	5200000	5400000	0.011887134182822019	-0.7940812415375074	0.18113410135607994	0.03658383613104847
chr25_pat	5400000	5600000	0.011421739415898266	-0.829207631721948	0.13166788051174355	0.23817144968130588
chr25_pat	5600000	5800000	0.0098809059388623	-0.8099333138294518	0.10751266456502447	0.03040254193613324
chr25_pat	5800000	6000000	0.009860217435091124	-0.3839073307908991	0.2296044727879394	-0.22845726841540046
chr25_pat	6000000	6200000	0.03396957367528282	1.6347168902272635	-1.193354825850547	0.8039497234334557
chr25_pat	6200000	6400000	0.00924742493274129	0.39346520398673035	-0.29398747940435255	-0.40577729498779785
chr25_pat	6400000	6600000	0.01618766218350813	-0.6266802450217177	-0.045145615830633534	-0.38710195183637125
chr25_pat	6600000	6800000				
chr25_pat	6800000	6891618				
chr26_pat	0	200000				
chr26_pat	200000	400000				
chr26_pat	400000	600000				
chr26_pat	600000	800000	0.03054703152746235	0.25827119848214863	-0.0468206323651196	0.2308021707790058
chr26_pat	800000	1000000	0.01222507747629551	-0.24294378274702572	-0.17275335472233935	0.04119200349393032
chr26_pat	1000000	1200000	0.012119027035306236	0.13196023933543266	-0.29101617738905083	-0.004018147207583173
chr26_pat	1200000	1400000	0.009441442259626726	-0.6936537180348141	-0.14225822370343902	-0.10145486911536762
chr26_pat	1400000	1600000	0.013627982761222896	0.004434751201596777	0.10905321203077915	0.15022563088425023
chr26_pat	1600000	1800000	0.01200848877167873	0.07213270760522687	-0.010475030170980818	0.35026853481376596
chr26_pat	1800000	2000000	0.009882068799081732	-0.43594764974771644	0.20490191989102793	0.3980012920288062
chr26_pat	2000000	2200000	0.014815296714425469	0.2927351919899938	-0.06221810730170854	0.14139956394894299
chr26_pat	2200000	2400000	0.015265212493032839	0.5995308399129069	-0.4298543580920838	-0.14776708458695714
chr26_pat	2400000	2600000	0.010977478030626228	-0.05681075586909029	0.02406363730525423	-0.06479462706477876
chr26_pat	2600000	2800000	0.010953761123436776	-0.11534660022181692	-0.131857753600425	0.08425633653596365
chr26_pat	2800000	3000000	0.011276570389532838	-0.1916033017738785	-0.07586838882584246	0.14364622235170232
chr26_pat	3000000	3200000	0.014227433610406903	0.4093605506199467	-0.35507612991789944	-0.10632878811080755
chr26_pat	3200000	3400000	0.012259804458519808	-0.13430222839103825	-0.18406379291442873	-0.11427138924820106
chr26_pat	3400000	3600000	0.010923964159042848	-0.34759702694200284	-0.062478874296822876	-0.08912412881428448
chr26_pat	3600000	3800000	0.01746280415906303	0.5929341257855929	-0.44025106596535135	-0.2664707291862853
chr26_pat	3800000	4000000	0.009324520375318977	0.1502351365807352	-0.08006419956907398	0.14332766846642525
chr26_pat	4000000	4200000	0.00972530552441479	0.5745356384522922	-0.4225747802434313	0.015100750798284926
chr26_pat	4200000	4400000	0.008876199232316225	-0.04522921080887489	-0.24701230431748805	0.2320821913904084
chr26_pat	4400000	4600000	0.010211885010050081	-0.08000920617062669	-0.3204018624261603	0.5139597469885161
chr26_pat	4600000	4800000	0.008965809341239453	-0.12017332792718993	-0.2546947410023499	0.28225328247075304
chr26_pat	4800000	5000000	0.015160480876958964	0.7618158857145443	-0.6121601088240783	0.43950740689125456
chr26_pat	5000000	5200000	0.01975968414545427	0.0433050105744117	-0.47768458967462046	0.8179490498101076
chr26_pat	5200000	5400000	0.011214268868960809	-0.6399049231166223	-0.3210562867715603	0.20111569661172538
chr26_pat	5400000	5600000	0.012706481113561593	-0.23617342871366545	-0.21558860540208372	0.8038710469703519
chr26_pat	5600000	5800000	0.012133158346741304	-0.6800602614581017	0.0010080835117719821	-0.07058898076302156
chr26_pat	5800000	6000000	0.012064460317967483	-0.3043030358607405	0.5955163245094003	0.8161044489093416
chr26_pat	6000000	6200000	0.018546157010122927	0.7580973672334533	0.6088807908881986	0.3092755535543384
chr26_pat	6200000	6400000	0.023647191596299633	0.8693388033460903	0.8573592460779305	0.2687071852281721
chr26_pat	6400000	6600000				
chr26_pat	6600000	6800000				
chr26_pat	6800000	7000000				
chr26_pat	7000000	7010313				
chr27_pat	0	200000				
chr27_pat	200000	400000				
chr27_pat	400000	600000	0.013385180167923196	-0.43717998482417525	-1.0070344734086123	0.8629349407075096
chr27_pat	600000	800000	0.01493296838680462	0.8036714621577582	-0.34978148160732053	0.5078971624009215
chr27_pat	800000	1000000	0.017964698063041316	0.893233680969846	0.17086436124393956	0.5013315786472992
chr27_pat	1000000	1200000	0.014695557543359227	0.07127093377721744	-0.13133764992635877	0.5228347498514966
chr27_pat	1200000	1400000	0.023327454464586766	0.6273121638196917	-0.07746754201036762	0.14034163711385328
chr27_pat	1400000	1600000	0.02203697938100241	0.9557190575988824	-0.15832926559285831	0.37074742775751957
chr27_pat	1600000	1800000	0.014117042186165146	0.01625398481539342	-0.6230937011390008	0.351391304534564
chr27_pat	1800000	2000000	0.01142737191720266	-0.49804406197046797	-0.2694943521460425	0.2590949874770024
chr27_pat	2000000	2200000	0.01116951530674616	-0.45634464083991827	-0.20274378671657112	0.45344844553146885
chr27_pat	2200000	2400000	0.011662621698586907	-0.6536640698902243	0.05839012492764401	0.4091571476586209
chr27_pat	2400000	2600000	0.009828691051380407	-0.59107064420625	0.17719549600197268	0.44897529206192577
chr27_pat	2600000	2800000	0.012631506866822685	-0.5326847633653433	0.06129544662734707	0.442945748032606
chr27_pat	2800000	3000000	0.014371509337620322	-0.49004414881224917	-0.2609368136495817	0.3366160197461785
chr27_pat	3000000	3200000	0.013519525307311998	0.13025082224947346	-0.6111471974746656	0.2856894622681811
chr27_pat	3200000	3400000	0.011742458664498941	-0.5708634347523348	0.03828866077948257	0.17300512423707848
chr27_pat	3400000	3600000	0.011921267685997437	-0.6194909200267692	0.5193272657720223	0.37200458368348543
chr27_pat	3600000	3800000	0.010244168426710965	-0.6052824189842296	0.4937646860401342	0.2588784809732909
chr27_pat	3800000	4000000	0.013474795958816467	-0.0002935501881768055	-0.37176098456762663	-0.4249868480066808
chr27_pat	4000000	4200000	0.011043268266398705	-0.15667067431863746	-0.7626739897001367	-0.4510872043535789
chr27_pat	4200000	4400000	0.010739129134844486	-0.3109516898826421	-0.4500523154040459	-0.26048967749712126
chr27_pat	4400000	4600000	0.008845608887919377	-0.42503532010900263	-0.4654196033031823	-0.3333116897905473
chr27_pat	4600000	4800000	0.013501085823882392	0.024552923941036836	-0.8199083416684807	-0.47609275898442227
chr27_pat	4800000	5000000	0.009033347514078664	-0.6991776630226364	-0.1959061534610584	-0.3299664266558118
chr27_pat	5000000	5200000	0.015084201893331343	-0.699745081610873	-0.11307287617334093	-0.34228542707741805
chr27_pat	5200000	5400000	0.019094084686066295	-0.7066541449193822	0.522501423256077	0.01699962529204996
chr27_pat	5400000	5600000	0.05587189688667642	-0.577215717908486	-0.2884959397789574	-0.02485777123963132
chr27_pat	5600000	5800000				
chr27_pat	5800000	5914140				
chr28_pat	0	200000				
chr28_pat	200000	400000	0.019784881015151055	-0.010085150299279004	0.3601045453131345	-0.3853734237897637
chr28_pat	400000	600000	0.01038978161905589	-0.4136029286551319	0.2560076041333205	-0.26027003542099186
chr28_pat	600000	800000	0.013528548739191293	-0.305393302010762	0.2109089330901582	0.13993379604360698
chr28_pat	800000	1000000	0.012841347819081398	-0.12801352199037533	-0.03572084233395299	0.20334211584676817
chr28_pat	1000000	1200000	0.011179172205703665	-0.04066105895108504	0.3104316224118773	0.0883246201189004
chr28_pat	1200000	1400000	0.010099261937046324	-0.3737057976948633	0.15530469123782453	0.004234501175131383
chr28_pat	1400000	1600000	0.011185604484966	-0.22904662196643866	0.15949671081395866	-0.1058330132333374
chr28_pat	1600000	1800000				
chr28_pat	1800000	2000000	0.011358080773177112	-0.007294968251239589	0.421043754847229	0.17576864129113362
chr28_pat	2000000	2200000	0.016720880321031206	0.6949675177528348	0.6312648505041338	0.24458979009182805
chr28_pat	2200000	2400000	0.016198160844022955	0.8284394976958572	0.8325992217882375	0.2653011386325355
chr28_pat	2400000	2600000	0.010283172613651269	-0.14455554387583353	-0.05937941760667599	-0.014458511931214505
chr28_pat	2600000	2800000	0.011726460377028488	-0.42388240677109235	0.4159326187808218	-0.3948597827554188
chr28_pat	2800000	3000000	0.012465092383072087	-0.5601653172515685	0.4634436038927355	-0.08218487039219535
chr28_pat	3000000	3200000	0.011701125709032732	-0.43963992963901144	0.48927459215867586	0.1704777563632023
chr28_pat	3200000	3400000	0.011737063192048347	-0.582101351956017	0.4575888582301261	0.3099756054183836
chr28_pat	3400000	3600000	0.01134819174864952	-0.5531517677741262	0.3195551545567428	-0.2014782793154471
chr28_pat	3600000	3800000	0.014133299742444231	-0.35877930364375993	0.17822914502986661	0.5701610853107107
chr28_pat	3800000	4000000				
chr28_pat	4000000	4200000				
chr28_pat	4200000	4400000	0.010711891437154345	-0.5525984774278244	0.09944775125110009	-0.1115003274267319
chr28_pat	4400000	4600000	0.014738871457858627	-0.1986283281760332	-0.16480908099386532	0.6468971780741203
chr28_pat	4600000	4800000	0.01278693395140302	-0.6521480070558726	-0.1856627423419832	0.3217868821331078
chr28_pat	4800000	5000000	0.01164453146527086	-0.575713436790323	-0.01720597521493428	-0.2005198848051256
chr28_pat	5000000	5200000	0.01180135304837503	-0.4085156219025012	-0.048588720630773824	0.4468492429526435
chr28_pat	5200000	5400000	0.010884001242691515	-0.761666998662651	-0.06773839180089126	-0.20845251170282933
chr28_pat	5400000	5600000	0.0145200905121182	-0.15935487035596704	0.23666000981784296	-0.12333681077725454
chr28_pat	5600000	5800000	0.017760891825678974	0.4339627799157935	0.3644522327580093	-0.35006783044579526
chr28_pat	5800000	6000000				
chr28_pat	6000000	6200000				
chr28_pat	6200000	6369381				
chr29_pat	0	200000				
chr29_pat	200000	400000				
chr29_pat	400000	600000	0.07035090769343828	0.6654093353835231	0.20497154233218454	0.2462695239338519
chr29_pat	600000	800000	0.07328082723237991	0.9229288914991227	0.23469211811557347	0.788755227834378
chr29_pat	800000	1000000	0.04072609609689417	0.6092700793952883	0.10225144206174737	0.9423768642038132
chr29_pat	1000000	1200000	0.04372260458191805	0.8320378891425612	-0.859884631222699	-0.7253861480802059
chr29_pat	1200000	1400000	0.05269413322818194	0.4702370014492252	-0.35906446124156755	0.24685537975777602
chr29_pat	1400000	1600000	0.06344378265416428	0.5721771927661192	-0.4713595982441148	-0.04009772171840023
chr29_pat	1600000	1800000	0.06547154451252184	1.0261698392392804	-0.8574755845806037	-0.5299415510465806
chr29_pat	1800000	2000000	0.06263480810643889	0.8048491659860206	-0.4868338583117663	-0.07874074862983985
chr29_pat	2000000	2200000	0.056862375995403204	0.7385079314295024	-1.1472708214578704	-1.11091968184683
chr29_pat	2200000	2400000	0.08757148220379199	0.8608908322899423	-0.5733085093518185	-0.07501798145644957
chr29_pat	2400000	2600000	0.04589605665043278	0.6735029687315524	-0.6971860542000002	0.18326440352166215
chr29_pat	2600000	2800000	0.044114656518637406	0.9650784588636896	-0.33935235014947457	0.1480206341804358
chr29_pat	2800000	3000000	0.05415590731068649	0.8963745654567994	-0.007102758476171768	0.6724404009351054
chr29_pat	3000000	3200000	0.014136478724682936	-0.3241142314143424	-0.7761701526332664	-0.23646665123545477
chr29_pat	3200000	3400000	0.015340625595269828	0.7983452529530591	-0.166819897639046	0.6212557357291323
chr29_pat	3400000	3600000	0.011366880861575087	-0.03861116209210491	-0.7190581013568764	0.0031672160742381695
chr29_pat	3600000	3800000	0.01856247307709324	-0.6871499736213019	-0.7300816624110225	-0.4988695865427756
chr29_pat	3800000	4000000	0.014421175394096155	-0.8760510390300531	-0.4036987370495105	-0.16173638042698085
chr29_pat	4000000	4200000	0.014982857147823393	-0.796604615615804	-0.40431174766172095	-0.09440636776896688
chr29_pat	4200000	4400000	0.01657361452325452	-0.4038909517819946	-0.43208554054492204	-0.20966293846901762
chr29_pat	4400000	4600000	0.012104932707771727	-0.8864068764903331	-0.3558429062382216	-0.03146000569390517
chr29_pat	4600000	4800000	0.00969832221153579	-0.8053457710792997	-0.23964528708109425	-0.08699021507251753
chr29_pat	4800000	5000000	0.012687300800692544	-0.5980195468295573	-0.2276999275590376	-0.3497579081969769
chr29_pat	5000000	5200000	0.02084821961704419	0.2568562580334874	0.3506508160276503	-0.07845614301897688
chr29_pat	5200000	5400000	0.04717103389189819	1.2843742906835798	1.8817810164997208	-1.591106378156839
chr29_pat	5400000	5600000	0.015677334799612228	-0.3891187799418025	0.2729605315585713	-0.34281292326166396
chr29_pat	5600000	5800000	0.01507041422703237	-0.32171178186704197	0.5052722134385339	-0.627919549997644
chr29_pat	5800000	6000000	0.1478466543439962	-0.41108819035503763	0.5501888265401733	0.31157878209841156
chr29_pat	6000000	6145158				
chr30_pat	0	200000	0.027411452828985307	-1.0382649788687477	0.4692454303672121	-0.4882915916916253
chr30_pat	200000	400000	0.010260251082310524	-0.7155894582879625	1.0057889807256897	-0.41940628934551727
chr30_pat	400000	600000	0.013816775644723348	-0.9399072462271647	0.4324331655752762	-0.4627474352120164
chr30_pat	600000	800000	0.014989069405185414	-0.7962190358824502	0.5964792403223667	-0.47291026045293044
chr30_pat	800000	1000000	0.01333000000902306	-0.9889747716833712	0.3199727113389385	-0.4498530211311761
chr30_pat	1000000	1200000				
chr30_pat	1200000	1400000	0.03174061371084344	-0.7621206976822553	0.5608039540209294	-0.40385949167062646
chr30_pat	1400000	1600000	0.012367994465937006	-0.7678456978495292	0.44088132477795905	-0.2608050305136595
chr30_pat	1600000	1800000	0.016898716143198714	-0.617856110210017	0.277699845725931	-0.09902406352891506
chr30_pat	1800000	2000000	0.013681199977926297	-0.6019541665770675	0.323041908582773	-0.1806751238318793
chr30_pat	2000000	2200000	0.013946707859271157	-0.4535526856685831	0.31845154488582206	-0.5607872262377677
chr30_pat	2200000	2400000	0.03515064188723466	0.9577335267373394	0.808544870930572	0.7862730246504749
chr30_pat	2400000	2600000	0.04753513399745534	0.6769750348735658	0.9022157266103997	0.7773485797712242
chr30_pat	2600000	2800000	0.036682130753017024	0.844957100169868	0.5499096585553638	0.6439822996370084
chr30_pat	2800000	3000000	0.03031143443255192	1.0120674523289894	0.6919601741228261	0.39476612458902327
chr30_pat	3000000	3200000	0.025013222073340224	0.7614132028124293	0.7899843907819838	0.1950792762706657
chr30_pat	3200000	3400000	0.02714098142169346	0.6463354448254185	0.7431615303501518	0.012479771210442832
chr30_pat	3400000	3600000	0.03452614527523457	0.7245401863753103	0.801431905238029	0.11759020472747868
chr30_pat	3600000	3800000	0.033098816419731454	0.4212871327499654	0.4581689051187897	-0.22198305949643768
chr30_pat	3800000	4000000	0.030608121903864974	0.6336600038419429	0.47904818346422884	-0.22049605765454405
chr30_pat	4000000	4200000	0.03073810586095374	0.42717248041455624	0.32950470000417126	-0.42128864278771133
chr30_pat	4200000	4400000	0.027724113391882407	0.5349029580368196	0.39496456846953737	-0.41309598673222936
chr30_pat	4400000	4600000	0.028478531018208016	0.710120061329545	0.5331182953618917	-0.3333091403640525
chr30_pat	4600000	4800000	0.03074335532435819	0.6275896203933886	0.15491189355631166	-0.4280702078923397
chr30_pat	4800000	5000000	0.0308427792896279	0.44348252064018573	0.2633799963688095	-0.39050497289821023
chr30_pat	5000000	5200000	0.052192844337862164	0.08611061313403773	0.5514232612458402	-0.4001346606381289
chr30_pat	5200000	5400000	0.03300668436226906	0.6753158681920131	0.20216989204644686	-0.35877712014306784
chr30_pat	5400000	5600000	0.025040065910234884	0.24598752418546013	0.02710499206290847	-0.5248649160239595
chr30_pat	5600000	5800000	0.027571966703726282	0.4386586506864001	0.4703773757128528	-0.3116049284338366
chr30_pat	5800000	6000000	0.04036472201376413	0.5448042392078919	0.4763729345820881	-0.16828080285618335
chr30_pat	6000000	6200000	0.029042797562188572	0.5253295894079184	0.08689291155235795	-0.3772321825714759
chr30_pat	6200000	6400000	0.03210873903287757	0.6387436493761509	0.09506918149288314	-0.5245046397626894
chr30_pat	6400000	6600000	0.026041580656740844	0.44468473876180054	0.27882967416644044	-0.5372281472783057
chr30_pat	6600000	6800000	0.02987814489777456	0.5762889072748805	0.04583105523326606	-0.40620724990223056
chr30_pat	6800000	7000000	0.028210887482050393	0.6581507714698056	0.0069706578284778374	-0.42154164347326484
chr30_pat	7000000	7200000	0.03603596234892192	0.7283868431039365	0.03714607451638582	-0.4792300750992527
chr30_pat	7200000	7400000	0.023928626066399606	0.25497073427924644	-0.5579349970858253	-0.1677246581407023
chr30_pat	7400000	7600000	0.028321409138442173	0.16027047405094774	-0.8994286879527718	-0.15090695246176355
chr30_pat	7600000	7800000	0.031084077930552942	0.754994711378378	-0.15845074103010262	-0.27872244008136027
chr30_pat	7800000	8000000	0.029501290106276244	0.5571560314586658	-0.6001810829274382	-0.15486161109760627
chr30_pat	8000000	8200000	0.024710005291562743	0.5754998246415131	-0.44058705413402843	0.20770526690739746
chr30_pat	8200000	8400000	0.02320212800381037	0.5264354863335508	-0.6199373487118865	-0.01324758557543164
chr30_pat	8400000	8600000	0.02458632212848917	0.3626799808044726	-0.7815431094310186	-0.0389281747035138
chr30_pat	8600000	8800000	0.026334128027615273	0.409104230128553	-0.904071635679526	-0.0834603546523093
chr30_pat	8800000	9000000	0.024579710225950437	0.7900713975755338	-0.605144962415575	-0.5028563602406475
chr30_pat	9000000	9200000	0.07405621912626724	0.9359456382715404	-0.49774554447095426	-1.2653489160835378
chr30_pat	9200000	9400000				
chr30_pat	9400000	9417815				
chr31_pat	0	200000	0.08855425106153614	2.245508072057108	-2.1569648943908586	1.1300621728644393
chr31_pat	200000	400000	0.01330658020195082	1.2373385066990865	-1.3958259739036214	-0.3653747861290126
chr31_pat	400000	600000	0.014704724928510028	1.0779462772186759	-0.6795136601829086	-0.2509559658285834
chr31_pat	600000	800000	0.016533993198797725	0.10693853566631108	-0.22326019565733923	-1.0278598338058964
chr31_pat	800000	1000000	0.019603840100527032	-0.015651410055713116	-0.10816840385866651	-0.7095811586582175
chr31_pat	1000000	1200000	0.017440867280839722	-0.01718756044130208	-0.11394817288900803	-0.7611588139204375
chr31_pat	1200000	1400000	0.01995416917381092	-0.22656572870285963	-0.11420863869435506	-0.7790478944470919
chr31_pat	1400000	1600000	0.016955665560212354	-0.2556353453718812	-0.2063896574756664	-0.7691245359488561
chr31_pat	1600000	1800000	0.018694119310662196	-0.21074168440543223	-0.13226218917251978	-0.8157511794596508
chr31_pat	1800000	2000000	0.014009727261479189	-0.5953363030083292	-0.1527167433094786	-0.7150814640003209
chr31_pat	2000000	2200000	0.015063907600593066	-0.6251029544751632	-0.5347233766250179	-0.9476894423059422
chr31_pat	2200000	2400000	0.011525527371049442	-1.6043118722626253	-1.6312980884274448	-0.2276948188775547
chr31_pat	2400000	2600000	0.028799695994642417	-1.4860429456347326	-1.4747736813290326	0.7964279450975855
chr31_pat	2600000	2800000	0.042503676367909214	0.09031186823861267	0.7301994791379437	0.9831880911668873
chr31_pat	2800000	3000000	0.06053999881062035	0.03499121542927314	0.4899720306262672	0.5905415026474921
chr31_pat	3000000	3200000	0.03612873657426054	-0.21351671504888542	0.5235267478123242	0.47627909445695843
chr31_pat	3200000	3400000	0.03847705618343017	-0.4103920569775705	0.23473735870538132	0.3967328903658101
chr31_pat	3400000	3600000	0.03423792450955617	-1.5611023682823155	-1.0474789785792502	0.7838686362702628
chr31_pat	3600000	3800000	0.02905171095852563	-0.5997728818334477	-0.15694622809822895	0.6243851576364269
chr31_pat	3800000	4000000	0.021937860749138536	-0.7185963837436631	-0.3223657164360129	0.6653833501351692
chr31_pat	4000000	4200000	0.03730790708083058	-0.34744780798257585	0.1479199804876328	0.925700410106879
chr31_pat	4200000	4400000	0.0546702667664033	-0.24866560212113006	0.06645206163338047	0.4074169760988767
chr31_pat	4400000	4600000	0.06201863922821221	0.08460569371566073	0.6268172633306591	0.8724473588730094
chr31_pat	4600000	4800000	0.09824174243461227	0.25318822200764196	0.6391655159352522	0.4201160249989645
chr31_pat	4800000	5000000				
chr31_pat	5000000	5200000				
chr31_pat	5200000	5343098				
chr32_pat	0	200000				
chr32_pat	200000	400000	0.13108051719802755	-0.9475581633285686	0.468233783622145	-0.2556914814186665
chr32_pat	400000	600000	0.014527417174775768	-0.4327722047929086	0.4076899510707916	-0.54443635945885
chr32_pat	600000	800000	0.01676036856957908	-0.38982671108296724	-0.3286065484075481	0.058534274443648934
chr32_pat	800000	1000000	0.014712409401419446	-0.3827930606835143	0.031037955436814826	-0.7250338966974217
chr32_pat	1000000	1200000	0.012859042814617463	0.013620865058562526	-0.05838131685412581	-0.45918193838424715
chr32_pat	1200000	1400000	0.017570249011875327	-0.7289930650569588	-0.6988032850144177	-0.4887444717169786
chr32_pat	1400000	1600000	0.013430179929858727	-0.07311394862834315	-0.057153720945642764	-0.7970838098316939
chr32_pat	1600000	1800000	0.018049238438677104	-0.6339243886019621	-0.509763482195243	-0.39373628687105994
chr32_pat	1800000	2000000	0.016540370270642313	-0.8700984182584507	-1.2435353127050153	1.0489213649719096
chr32_pat	2000000	2200000	0.042920570395294205	-1.4141356776086327	-1.4700219471217604	0.4350288068257396
chr32_pat	2200000	2400000				
chr32_pat	2400000	2600000				
chr32_pat	2600000	2800000				
chr32_pat	2800000	3000000				
chr32_pat	3000000	3200000				
chr32_pat	3200000	3400000	0.13248001563099918	0.21904108253101678	-0.31415421067549165	0.015438852098716446
chr32_pat	3400000	3600000	0.03968997936276017	0.5879448744918289	-0.14355931499656915	0.1341631963650467
chr32_pat	3600000	3800000	0.05324914317192246	0.4109753734269393	-0.1803073059654971	0.5307611821183954
chr32_pat	3800000	4000000	0.038266794012305046	0.2089598001231816	0.25872616798513154	0.6994469730607352
chr32_pat	4000000	4200000	0.05163031232022829	0.42491898050212373	0.0901705439493456	0.5086591319620716
chr32_pat	4200000	4400000	0.035027652891627924	-0.27750996104492615	0.8022350679370487	1.1257309076221982
chr32_pat	4400000	4600000	0.05097793644505528	0.4404409107488076	-0.09158766637322602	0.4859679858734199
chr32_pat	4600000	4800000	0.03032721211780899	-1.1863012761877005	1.0490018661222098	-0.15341893789965666
chr32_pat	4800000	5000000	0.045589498047161676	-1.322000482003357	1.3824208679269445	0.43833447309659057
chr32_pat	5000000	5200000	0.11457182488237568	-0.04738434783154873	0.48471285214159276	0.6231406396408029
chr32_pat	5200000	5400000				
chr32_pat	5400000	5573168				
chr33_pat	0	200000				
chr33_pat	200000	400000				
chr33_pat	400000	600000				
chr33_pat	600000	800000	0.016445608183365774	-0.7888240102675395	0.20662727705623865	0.027552993421565322
chr33_pat	800000	1000000	0.016757623174925625	-0.7351683771675573	0.4147304724296713	-0.6542736850456153
chr33_pat	1000000	1200000	0.020503039303141672	-0.9546376042585025	-0.23666615353993223	0.0611449621478652
chr33_pat	1200000	1400000	0.014916018683934473	-0.8399666986593255	-0.4902091651115671	-0.07971242904304172
chr33_pat	1400000	1600000	0.02232548174096711	-1.1420367135791694	-0.6600106011598824	0.05664247697349197
chr33_pat	1600000	1800000	0.0203343295940053	-0.6374528334599542	-0.6773029630858639	0.23463616486002356
chr33_pat	1800000	2000000	0.01223127622717257	-1.064362701806262	-0.462775421514245	-0.12608183483781774
chr33_pat	2000000	2200000	0.04806007656139029	-0.579254945480803	-1.1003242212158195	0.8577304216827709
chr33_pat	2200000	2400000	0.050920740021294125	0.36623137807969625	-1.2379800778944938	1.3179725763491337
chr33_pat	2400000	2600000	0.04653664687279148	0.47896237240288064	-0.9201049660761754	0.9193852463225414
chr33_pat	2600000	2800000	0.04881981764350515	0.7863581330635148	-0.32648936740550544	0.04142238783505417
chr33_pat	2800000	3000000	0.048174488865653016	0.5374120908123602	-0.25548605658959517	-0.023751044947108196
chr33_pat	3000000	3200000	0.03254652458901476	0.500593141383726	-0.11071886626706513	0.20650282727419797
chr33_pat	3200000	3400000	0.036387178741149766	0.34307840627906855	0.14594739730811876	0.09364119290041915
chr33_pat	3400000	3600000	0.03003030603901819	0.52732498774188	0.1171958577564699	0.01314701091794725
chr33_pat	3600000	3800000	0.04485299503884512	0.5915441817931779	0.5173060600613612	0.37440217179463964
chr33_pat	3800000	4000000	0.09101755724062131	0.7048361258710298	0.3683751032685639	0.19629416897904897
chr33_pat	4000000	4200000	0.06652689580673525	0.33141329837239264	0.8804597563698557	1.0976295418138737
chr33_pat	4200000	4400000	0.20682068519443922	-1.1786386707375953	1.791057086285296	1.442190488597378
chr33_pat	4400000	4600000				
chr33_pat	4600000	4788276				
chr34_pat	0	200000				
chr34_pat	200000	400000	0.10284755035704632	0.4458427756154537	1.6953726776094469	-1.9192749666206246
chr34_pat	400000	600000	0.037703995223019794	1.2869318726987744	1.143143131277338	-0.3292860756825142
chr34_pat	600000	800000	0.045400866287226394	0.5681063901280113	0.5853326062275992	0.14980040986125684
chr34_pat	800000	1000000	0.0442596170733378	0.7418265004769296	0.4384944213212098	-0.044922400448002574
chr34_pat	1000000	1200000	0.03854594215323844	0.5978423672874877	0.17154311749493648	0.07109269211720544
chr34_pat	1200000	1400000	0.03716937090722755	0.6377953733451189	0.3918710707425893	0.3981351633867961
chr34_pat	1400000	1600000	0.06324528173483514	0.355499874282079	-0.1447223452579626	-0.2825247482072317
chr34_pat	1600000	1800000	0.08234702114695705	-0.043217465604138035	-0.42247016761989004	-0.46573889882548103
chr34_pat	1800000	2000000	0.03216418579817566	0.556029735535108	-0.3283139227742292	-0.1196272801986283
chr34_pat	2000000	2200000	0.0416796261006567	0.5280342138380046	-0.24605141647941492	0.6558063353683887
chr34_pat	2200000	2400000	0.03596401504877176	0.5592271553018326	-0.6768750586120693	-0.049598904050079
chr34_pat	2400000	2600000	0.05860916278388135	0.7372154934668385	-0.32945064824060666	0.5252215506258012
chr34_pat	2600000	2800000	0.034686911340681484	0.9358532965272447	-0.9815192437066003	-0.3529641321039747
chr34_pat	2800000	3000000	0.031206753631071827	1.044204551634955	-1.0394640230498564	-0.0457067585786466
chr34_pat	3000000	3200000	0.06461466950248015	1.299170764326154	-1.3452298917502956	-0.847264022940206
chr34_pat	3200000	3400000	0.025852969872794975	-0.36034773025592765	-0.6564978018859077	-1.1233541472694535
chr34_pat	3400000	3600000	0.01706151790606818	-0.6484886981147867	-0.31679504317759555	-0.4623501637219577
chr34_pat	3600000	3800000	0.020532733784528467	-0.8467534432586965	-0.03636895577865484	0.04230632034314504
chr34_pat	3800000	4000000	0.013495206003792835	-0.409555912355864	-0.5295837238164928	-0.7316550727734592
chr34_pat	4000000	4200000	0.011369893116340075	-0.7000996434366402	-0.21382858675168145	-0.11399410646229013
chr34_pat	4200000	4400000	0.015512048520302855	-0.6309620995177098	-0.3027329105020077	-0.38453081757148866
chr34_pat	4400000	4600000	0.013977833940816944	-0.2833684876805768	-0.6736823522690291	-0.552753517250115
chr34_pat	4600000	4800000	0.008502699803246205	-0.7793303386927437	-0.29986680660593024	-0.31563818537779653
chr34_pat	4800000	5000000	0.029182861135333818	-0.7942302440654341	-0.03323295061680954	-0.1984434924480325
chr34_pat	5000000	5200000				
chr34_pat	5200000	5400000				
chr34_pat	5400000	5600000				
chr34_pat	5600000	5771162				
chr35_pat	0	200000	0.22187348896989886	0.38050965925633895	0.562519952436932	0.87679672410145
chr35_pat	200000	400000	0.3538323096125203	-0.09050654495148844	0.9159658423528222	0.6423355117078272
chr35_pat	400000	600000	0.8888250350422507	0.756265549825228	0.13094554104055425	0.34233370414298864
chr35_pat	600000	800000	0.3759168041207127	0.49772542121266217	0.1972428907292155	0.763206064781412
chr35_pat	800000	1000000	0.017662745629607794	-1.4263150779614964	1.2448111177334187	-0.7656706199525506
chr35_pat	1000000	1200000	0.015116984161048175	-0.6243810902030015	0.7333588599389188	0.30210669786876465
chr35_pat	1200000	1400000	0.015090532172158354	-0.7292944937404182	0.4536679628874409	0.2595082115347235
chr35_pat	1400000	1600000	0.017004032124493442	-0.5840304589664522	-0.8484828608993895	-0.7889181277465799
chr35_pat	1600000	1800000	0.013265788632709137	-0.9624757264054716	-0.5137654727905032	0.7748938254642673
chr35_pat	1800000	2000000	0.031962390278150614	-1.338374874820762	-0.9308852371406031	1.0037486333132744
chr35_pat	2000000	2200000				
chr35_pat	2200000	2400000				
chr35_pat	2400000	2600000				
chr35_pat	2600000	2800000				
chr35_pat	2800000	3000000				
chr35_pat	3000000	3200000				
chr35_pat	3200000	3400000				
chr35_pat	3400000	3600000				
chr35_pat	3600000	3800000				
chr35_pat	3800000	4000000				
chr35_pat	4000000	4200000				
chr35_pat	4200000	4400000				
chr35_pat	4400000	4600000				
chr35_pat	4600000	4800000				
chr35_pat	4800000	4908640				
chr36_pat	0	200000	0.014126462178923176	-1.0081866422452486	-0.5602073080822821	0.5034121098418117
chr36_pat	200000	400000	0.01646242261989462	-0.8440140786271948	-0.7975025744913549	1.091083940065096
chr36_pat	400000	600000	0.015011249831798587	-0.9448136592124214	-0.4271850876463911	0.03826346088566827
chr36_pat	600000	800000	0.01963953480223909	-0.9802264542903396	0.2704650012322333	-0.8492151151993675
chr36_pat	800000	1000000	0.013105261803899456	-1.316785426615733	0.4197200136566579	-1.1016973654869353
chr36_pat	1000000	1200000	0.017887888832506138	-0.3426412807146906	-0.35226998827300154	-0.6332937564309112
chr36_pat	1200000	1400000	0.024045490838249698	0.6741940557820889	-0.7142434914645021	-0.4867550239001988
chr36_pat	1400000	1600000	0.02322206026209707	0.836402136848709	-0.724564874939911	-0.17416572083639198
chr36_pat	1600000	1800000	0.0227038172898899	0.867748733214349	-0.8723982317866635	-0.3662198446990955
chr36_pat	1800000	2000000	0.024689759527822843	0.6802199165350281	-0.7195040543159699	-0.2956797982262519
chr36_pat	2000000	2200000	0.022660382366475676	0.4963170814586084	-0.5662353753522633	-0.2712664126519882
chr36_pat	2200000	2400000	0.02146994190116538	0.4634677567584919	-0.35640890789119406	-0.063270330656357
chr36_pat	2400000	2600000	0.025871592207793625	0.5509194728614679	-0.5493726540538516	-0.2547027508644115
chr36_pat	2600000	2800000	0.021465698241593223	0.5645942863520079	-0.15908821529462086	-0.1232964633650413
chr36_pat	2800000	3000000	0.022765095602809884	0.49864110433457676	-0.12203934750518745	-0.08446156950383023
chr36_pat	3000000	3200000	0.025904632277329986	0.601939877220244	-0.16531488864319607	-0.2466510781265333
chr36_pat	3200000	3400000	0.021526227408141627	0.46458617211677117	0.27594312586328995	-0.045508480634271806
chr36_pat	3400000	3600000	0.023862609651991905	0.4811888967192397	0.18650255530716348	-0.07877817293785003
chr36_pat	3600000	3800000	0.023300199460190647	0.39459516305730497	0.5320603453902883	-0.18151807627603075
chr36_pat	3800000	4000000	0.024244497410330034	0.2614116276579584	0.8170106825651695	-0.4926642547481205
chr36_pat	4000000	4200000	0.030836769117802386	0.4102746772744132	0.60375616397372	-0.17537316383149354
chr36_pat	4200000	4400000	0.027514264507230685	0.5645226519790415	0.9002150790529356	0.16186297147041045
chr36_pat	4400000	4600000	0.06474728960357776	1.0162471431506077	0.9754458958127782	0.7495527916157945
chr36_pat	4600000	4800000				
chr36_pat	4800000	5000000				
chr36_pat	5000000	5017237				
chr37_pat	0	200000	0.014953684628438409	-0.8086565385773915	-0.09551777976781836	-0.05738495002229953
chr37_pat	200000	400000	0.015916511169395194	-0.7397004984385412	-0.17154229872371027	-0.4756459433885463
chr37_pat	400000	600000	0.01634115212679668	-0.6901707569278264	-0.09374269248469698	-0.5313644408702476
chr37_pat	600000	800000	0.015056909987044828	-0.4552644039804986	-0.6109155051887203	-0.8203917983075446
chr37_pat	800000	1000000	0.0161461493831467	-0.8143948616232617	-0.2574607582441361	-0.24166446461139374
chr37_pat	1000000	1200000	0.049387323452985236	-0.17147905020961465	-0.7604351746855194	-0.6643678776737632
chr37_pat	1200000	1400000	0.0183671250867406	-0.550015846345552	-0.3744540078109904	-0.35113736449608607
chr37_pat	1400000	1600000	0.019728984081568667	-0.5742616638492558	-0.4900774579212264	-0.7519138597033483
chr37_pat	1600000	1800000	0.01250639651282861	-0.5864030238567899	-0.4770711431767872	-0.5775703252416909
chr37_pat	1800000	2000000	0.014812571774590885	-0.38083286900821584	-0.39469621783351777	-0.6208284241575486
chr37_pat	2000000	2200000	0.033919984109757585	1.07551571021243	-1.2102835909421295	-0.7097362593523814
chr37_pat	2200000	2400000	0.0363673249782388	1.1188158072691383	-0.9762761054463663	-0.05747336950916628
chr37_pat	2400000	2600000	0.051908435124526565	0.7717817541823963	-0.5679419078534341	0.22761047324811357
chr37_pat	2600000	2800000	0.03383217497101017	0.9902127693294963	-1.0363867879399626	-0.2311959073101898
chr37_pat	2800000	3000000	0.03482934031116724	0.7952510404181288	-0.6245411955457969	0.08029312971003129
chr37_pat	3000000	3200000	0.040246836800935534	0.5576283470760998	-0.35028743366634224	0.06976616519608206
chr37_pat	3200000	3400000	0.03370633018247247	0.7982550740877117	-0.4724710940547302	-0.013800321414647262
chr37_pat	3400000	3600000	0.03296125702243122	0.8049893361425553	-0.2327982713670564	-0.33982207569651773
chr37_pat	3600000	3800000	0.05985383217050958	0.3852617450443682	-0.20471317646001017	-0.015011395632747645
chr37_pat	3800000	4000000	0.09321294914746815	0.3301710638398967	-0.017251327035252843	0.4534790605358235
chr37_pat	4000000	4200000				
chr37_pat	4200000	4400000	0.09811835798277362	-0.30979177641478245	-0.4569352758156648	1.003639316085896
chr37_pat	4400000	4600000	0.041984257089524246	0.04544674019901827	0.4279595718171192	-0.46788918057953643
chr37_pat	4600000	4800000	0.02597237210999004	0.8282765890967219	0.6775972117230123	-0.17945580821279825
chr37_pat	4800000	5000000	0.03222897685086261	1.1277856411457075	0.9978669445622039	-0.19963124047997632
chr37_pat	5000000	5200000	0.034184326181884786	1.1468128086720402	1.3170845052896338	-0.8362164721904237
chr37_pat	5200000	5400000	0.07478181756496899	0.04543852872533745	0.8159733606471349	-1.4421847911205057
chr37_pat	5400000	5600000				
chr37_pat	5600000	5800000				
chr37_pat	5800000	5977964				
chr1_mat	0	200000				
chr1_mat	200000	400000				
chr1_mat	400000	600000				
chr1_mat	600000	800000				
chr1_mat	800000	1000000				
chr1_mat	1000000	1200000	0.00960621746006498	-2.0565406744392143	-2.017047253870114	-0.08111670719766911
chr1_mat	1200000	1400000	0.014116067280523985	0.40135527111462077	-0.9308073729958416	-0.6899813669587761
chr1_mat	1400000	1600000	0.014526758929661949	0.8565042605188903	-0.7503647577142613	-0.2200896352338583
chr1_mat	1600000	1800000				
chr1_mat	1800000	2000000				
chr1_mat	2000000	2200000				
chr1_mat	2200000	2400000				
chr1_mat	2400000	2600000	0.013326328925878546	0.6036774717487606	-0.8351507505098498	-0.4877802943263864
chr1_mat	2600000	2800000	0.012107172045096872	0.3143214421210505	-0.758278468002905	-0.7270351407593327
chr1_mat	2800000	3000000	0.009863296795147102	-1.5963297789350825	-1.9504452888002393	-0.691400884857025
chr1_mat	3000000	3200000	0.010329891905876559	-1.2512148284756042	-2.0478476856536587	-1.3349634587640025
chr1_mat	3200000	3400000	0.011060667519663439	0.003723443199860706	-0.9795023380406812	-0.6227672333417157
chr1_mat	3400000	3600000	0.011744069573693233	0.7173653288556329	-0.5947988195968457	-0.021738739717292222
chr1_mat	3600000	3800000	0.012359964777166138	0.5933550742122379	-0.4392672509044482	-0.43167998170615374
chr1_mat	3800000	4000000	0.012941066948797902	-0.1340248461932507	-0.8420510013041907	-0.9051673082687094
chr1_mat	4000000	4200000	0.010875260344162118	-0.8827257960400339	-0.8457863312858948	-0.3845636280355754
chr1_mat	4200000	4400000	0.009091428604527722	-2.016393568653455	-1.5147777748365727	0.23785825122451648
chr1_mat	4400000	4600000	0.009342658008309834	-2.1543448098674647	-1.581736504089566	0.07192914201918187
chr1_mat	4600000	4800000	0.010997744797506256	-0.9840617814475786	-0.7952383173489374	-0.5835736272117941
chr1_mat	4800000	5000000	0.009929363998651951	-0.7938728174044322	-1.0451182337488738	-0.6751684423849896
chr1_mat	5000000	5200000	0.009676181690074892	-1.3233458183664093	-1.2784361697256943	-0.38339816180320263
chr1_mat	5200000	5400000	0.010562979676114064	-0.5443690545494019	-0.7327035792719124	-0.8807665518502992
chr1_mat	5400000	5600000	0.00921042370159314	-0.7847168792004738	-0.9035623076452243	-0.5922338222792075
chr1_mat	5600000	5800000	0.010607127718064399	0.679952765793384	-0.03818896427857322	0.11510261918236711
chr1_mat	5800000	6000000	0.010791467106846734	0.8306672048581564	-0.28256592201705905	-0.009744654496931493
chr1_mat	6000000	6200000	0.01112575372538879	0.7197264557263172	-0.4904809115532591	-0.20869904610301004
chr1_mat	6200000	6400000	0.010755201386432846	0.6496056490271129	-0.22742537568461602	0.006057921906481874
chr1_mat	6400000	6600000	0.010417206448620984	0.7971491271862291	-0.17937776211903483	0.018763052578548357
chr1_mat	6600000	6800000	0.011034808600893075	0.6468519825903777	-0.062127058045478224	-0.014318263481228418
chr1_mat	6800000	7000000	0.011091789941476055	0.6531971077415901	-0.0027190123138753587	0.2751497198437131
chr1_mat	7000000	7200000	0.010693643446581793	0.7630873521146974	-0.34989693909030706	0.035097831994963434
chr1_mat	7200000	7400000	0.01036668809781739	0.6882422404828211	-0.08451177131282708	-0.18747504208708146
chr1_mat	7400000	7600000	0.010315026981890841	0.733021737905757	-0.21741119343844378	-0.0835368866509588
chr1_mat	7600000	7800000	0.010642622928601337	0.24916022533839288	-0.25200438022915606	-0.3383388707954607
chr1_mat	7800000	8000000	0.012258102182680862	0.4142825995434413	-0.10178302350284633	-0.40810312767115775
chr1_mat	8000000	8200000	0.012571275623716084	0.5932601468395788	-0.24104341103749166	0.11285231989733259
chr1_mat	8200000	8400000	0.011918684115523104	0.4788706213246976	-0.021175712277429797	0.07280361801615182
chr1_mat	8400000	8600000	0.010983809862593435	0.1669983536454908	-0.35384737472543143	-0.40781569457967626
chr1_mat	8600000	8800000	0.01319043099950122	0.11786311528797071	-0.30442036666092276	-0.3719527761821954
chr1_mat	8800000	9000000	0.012744863090976754	-0.04808058368376992	-0.2422777308015425	-0.40076633314415167
chr1_mat	9000000	9200000	0.010515410322899047	-0.17754419874293564	-0.12464919188070733	-0.13335730677731
chr1_mat	9200000	9400000	0.011853186814662202	0.625153419173471	0.05319769276634495	0.14660776534685302
chr1_mat	9400000	9600000	0.011553898999051538	0.532757537416012	0.14469530320158788	0.3847878444160707
chr1_mat	9600000	9800000	0.011385370342311402	0.5262689327259003	0.02349511085884054	-0.21800002778001046
chr1_mat	9800000	10000000	0.010659401761110106	-0.2984162891617447	-0.38060049188805384	-0.5143389116302447
chr1_mat	10000000	10200000	0.01343174148886055	0.3618697644863236	-0.04057547773067012	-0.07149737045584661
chr1_mat	10200000	10400000	0.01224341906311787	0.6601385070929587	0.0509390361195583	-0.01622174383297262
chr1_mat	10400000	10600000	0.012974973200390122	0.48379972343533084	0.09682553163359854	0.2585886876234533
chr1_mat	10600000	10800000	0.012064523420583171	0.5709666035794245	0.007500379033782742	-0.12375666340904015
chr1_mat	10800000	11000000	0.011646052538585163	0.7163296934289086	0.10316875975654656	0.23966629852779564
chr1_mat	11000000	11200000	0.0113283707362084	0.5812006472135344	0.02354442395451257	0.07315802881773087
chr1_mat	11200000	11400000	0.011573697088599755	0.5604271119662376	0.00487397872371535	-0.12066576435805963
chr1_mat	11400000	11600000	0.010802359485078874	0.6508565638881938	0.2566455319909956	0.2863346532574348
chr1_mat	11600000	11800000	0.011956779158884476	0.46488633641311305	0.23803780266375793	0.2249230073469423
chr1_mat	11800000	12000000	0.012399178026403269	0.44429531008109396	0.2995356128663169	0.28390807764730114
chr1_mat	12000000	12200000	0.012289392883608351	0.6163245949104467	0.21340643950778382	0.32986025896533594
chr1_mat	12200000	12400000	0.011871045633217704	0.7452073245498361	0.06455806250920404	0.18909673164347415
chr1_mat	12400000	12600000	0.012830390765993488	0.5901324894200336	0.23787145201989826	0.21013795511972463
chr1_mat	12600000	12800000	0.012640494646785246	0.5730451664152403	0.08960612538335991	0.4138911486469755
chr1_mat	12800000	13000000	0.01192126930085894	0.4812425580141834	0.2193252827897235	0.2566788626446644
chr1_mat	13000000	13200000	0.012732374902071242	0.6040364615126605	0.1583614418581773	0.3609538655038192
chr1_mat	13200000	13400000	0.01302559423384696	0.5292717472927926	0.2555773163543281	0.5589700789167643
chr1_mat	13400000	13600000	0.014174271043665268	0.5675265419829042	0.3055502269758755	0.3408236756174074
chr1_mat	13600000	13800000	0.013444584839272513	0.27209693657817213	0.2109702662823796	0.19426918323107065
chr1_mat	13800000	14000000	0.012183450325898246	0.11671671875521514	0.3738449991941856	0.025895161779469503
chr1_mat	14000000	14200000	0.011896160096910776	-0.6051128365333895	0.11667756043775833	0.16377564847806483
chr1_mat	14200000	14400000	0.014310198785303442	-0.9701978688890095	-0.04542079577233907	0.05651092068797275
chr1_mat	14400000	14600000	0.016941438893449234	-0.17217504054779442	0.3670938950813149	-0.19704054056450515
chr1_mat	14600000	14800000	0.016080062526492477	-0.3281669778250508	0.621385419902277	0.21095141794537656
chr1_mat	14800000	15000000	0.012104318868731548	-1.2924711348343272	0.06744010522345435	0.3200625322693894
chr1_mat	15000000	15200000	0.010501557360205055	-1.521160537797407	-0.15924294849901097	0.5965713351912856
chr1_mat	15200000	15400000	0.009398650446541415	-1.1068904923507261	0.1260293952741245	0.3096667046167343
chr1_mat	15400000	15600000	0.01305572479393757	-0.1653686926617379	0.2520188300733575	0.12605387424617856
chr1_mat	15600000	15800000	0.012870479953859329	0.48232519481082264	0.3493262782460439	0.4682071751464074
chr1_mat	15800000	16000000	0.013210321013758922	0.5529252000854196	0.3489566185438265	0.5097738744880105
chr1_mat	16000000	16200000	0.013195768866632113	0.5562409254273825	0.3523439116405585	0.5562862241788133
chr1_mat	16200000	16400000	0.013439946376679219	0.5181460487170433	0.3983716256221733	0.5117759722036149
chr1_mat	16400000	16600000	0.011066475938582149	-0.38597358779762064	0.0489058352540936	-0.07414247330287
chr1_mat	16600000	16800000	0.013549621793876762	0.18888735106603902	0.29686995796893517	0.22351552895085972
chr1_mat	16800000	17000000	0.0140916823722613	0.4633221127373742	0.47125924774241157	0.3443377579617736
chr1_mat	17000000	17200000	0.015057836898672695	0.4607150944824167	0.39519803885722754	0.4955507080275587
chr1_mat	17200000	17400000	0.010123935961043213	-0.7931553058109995	0.12055265412807625	0.24327247489167686
chr1_mat	17400000	17600000	0.014268302981951518	0.33114995251045953	0.28445765571235077	0.24422594715541185
chr1_mat	17600000	17800000	0.014712652724949272	0.4662898924162476	0.38890268110800497	0.5624471574654225
chr1_mat	17800000	18000000	0.015538948308279156	0.11114617785785172	0.42645156459782796	0.2580134033260588
chr1_mat	18000000	18200000	0.010900134792028171	-0.8613925580236722	0.6525602094698166	0.0903868479796799
chr1_mat	18200000	18400000	0.011640004068453304	-1.0063128612396945	0.27269267426800076	0.3742830831348468
chr1_mat	18400000	18600000	0.010370864582622489	-1.2049886053728822	0.29899154247606713	0.5592727962758219
chr1_mat	18600000	18800000	0.014131715746880685	-1.0087357621952913	0.45737290032307315	0.44848978593346467
chr1_mat	18800000	19000000	0.018593454975945917	-0.2690638418221997	0.2447701723885569	0.17171998938825317
chr1_mat	19000000	19200000	0.019911973723755427	-0.835623856437282	0.3175362421964788	0.44956969602075975
chr1_mat	19200000	19400000				
chr1_mat	19400000	19600000				
chr1_mat	19600000	19800000				
chr1_mat	19800000	20000000				
chr1_mat	20000000	20200000				
chr1_mat	20200000	20400000				
chr1_mat	20400000	20600000				
chr1_mat	20600000	20800000				
chr1_mat	20800000	21000000				
chr1_mat	21000000	21200000				
chr1_mat	21200000	21400000				
chr1_mat	21400000	21600000				
chr1_mat	21600000	21800000				
chr1_mat	21800000	22000000	0.024424298966209287	-0.8632658341199199	-0.29495594108732404	0.008340624472386106
chr1_mat	22000000	22200000	0.022439164941518736	-0.8029759680114958	-0.08778411507429051	-0.03696351457190616
chr1_mat	22200000	22400000	0.016551501588457394	-0.7168079741949954	-0.014260520130412034	-0.0009338590225190466
chr1_mat	22400000	22600000	0.02717069704919134	-0.2671260172192338	-0.05046466460356085	0.3342016408815884
chr1_mat	22600000	22800000	0.021703770869249028	-0.21307686741565	-0.19621799236746795	0.25123710970794
chr1_mat	22800000	23000000	0.016281766571825482	-0.8207701518665476	-0.3153121558211507	0.2123478184545823
chr1_mat	23000000	23200000	0.019864156106659592	0.2876357830377328	0.008002406662737856	0.7197203056996893
chr1_mat	23200000	23400000	0.023126259299436056	0.5653602918470937	0.09295465139675821	0.4918796195415692
chr1_mat	23400000	23600000	0.023975712692023227	0.6342153296040404	0.014454418605060252	0.6543855206220973
chr1_mat	23600000	23800000	0.021182999612682062	0.6401408258649616	-0.01324695824216879	0.5232625049466627
chr1_mat	23800000	24000000	0.020505433620249442	0.6899579477570262	-0.019107433377181234	0.5551930066664544
chr1_mat	24000000	24200000	0.021127317379365285	0.6101484828822709	-0.0342028179419555	0.7208186449127468
chr1_mat	24200000	24400000	0.019471666135011396	0.4765175411917463	0.020198732088281383	0.38800901075802585
chr1_mat	24400000	24600000	0.01966020884128829	0.3757502295583682	0.0004882614505187869	0.4549325295707001
chr1_mat	24600000	24800000	0.017783967374055163	0.02648836174820356	0.13466661433127933	-0.0035217785477936817
chr1_mat	24800000	25000000	0.012764369542142618	-1.0537753273236197	-0.24650064444584788	0.06719249214548496
chr1_mat	25000000	25200000	0.015315255102274435	-0.44122675158833224	0.07842183574153253	-0.01648303257945162
chr1_mat	25200000	25400000	0.014846055591380731	-1.1902182178896166	-0.07579440229311184	0.3087872329121735
chr1_mat	25400000	25600000	0.011931015593835952	-1.624922091739604	-0.32593454367515007	0.5544168769906327
chr1_mat	25600000	25800000	0.014782940886375003	-0.9820923287255386	-0.27143764088026495	0.32196354526264875
chr1_mat	25800000	26000000	0.014843706989124584	-0.30073109333507086	0.010320021954137918	0.34607995969738053
chr1_mat	26000000	26200000	0.014202974498206214	-0.727048376375289	0.02054147659266362	0.23567992392503323
chr1_mat	26200000	26400000	0.011742182269511575	-1.1453470293930768	-0.15970149932728786	0.2913025881947376
chr1_mat	26400000	26600000				
chr1_mat	26600000	26800000				
chr1_mat	26800000	27000000	0.02322866358058637	-0.7303636295829691	-0.18694306210164596	0.300811432761199
chr1_mat	27000000	27200000	0.02178792960037708	0.5503831325475579	-0.025184364730400813	0.6775432519024968
chr1_mat	27200000	27400000	0.0198750754237132	-0.04899205636273286	-0.04459500904350541	0.15792980085262218
chr1_mat	27400000	27600000	0.015086989853315181	-0.6036521987741765	0.1390855397732218	0.04032584722401606
chr1_mat	27600000	27800000	0.013776694367105677	-0.8499627751605057	0.039984463719073375	0.10145270490425455
chr1_mat	27800000	28000000	0.012286444754231707	-1.4990966074646275	-0.003691135547958077	0.37415010945470134
chr1_mat	28000000	28200000	0.01137577076065798	-1.2454481552664203	0.127130078026688	0.4536789911063872
chr1_mat	28200000	28400000	0.011687000660468216	-1.2008782673675988	-0.013466895111539862	0.2003487512369355
chr1_mat	28400000	28600000	0.014974613082959392	-0.2723273533298518	0.04178566348931021	-0.02453212081218149
chr1_mat	28600000	28800000	0.013887279539651048	-0.3291059029281834	-0.043895474791834845	-0.23803975394288113
chr1_mat	28800000	29000000	0.017083855702723506	-0.9263889887291142	0.26263545796466403	0.5554091502288806
chr1_mat	29000000	29200000	0.01775635238085799	0.1933460170972487	0.01078089245457799	0.4387955603392977
chr1_mat	29200000	29400000	0.014147503536499108	-0.3707388562998654	0.024071382470466283	-0.1882093689005607
chr1_mat	29400000	29600000	0.013428848507360414	-0.455794927482421	-0.21081625485482397	-0.17166615765321588
chr1_mat	29600000	29800000	0.011105064979042484	-1.3730301208661666	-0.12675804448020372	0.06775688157239605
chr1_mat	29800000	30000000	0.01621359417085585	-0.34478981548381615	0.023924785225529512	0.21588606097279137
chr1_mat	30000000	30200000	0.014970866769535608	-0.32941248897695613	-0.07154156994000947	0.06879624662938191
chr1_mat	30200000	30400000	0.015035568756851986	0.31575237605405576	0.09751504205934367	0.19986334980218615
chr1_mat	30400000	30600000	0.017153702842831204	0.016467743318348972	0.265711030704408	-0.056955483889293355
chr1_mat	30600000	30800000	0.01258949976247692	-0.43916532044092715	0.038829133163977465	-0.048920372748941114
chr1_mat	30800000	31000000	0.012066606732055698	-1.2978900521987569	-0.13967216349077305	0.2430993819876572
chr1_mat	31000000	31200000	0.011942574150526528	-1.3963006374976947	-0.16538077634119688	0.19354754156349815
chr1_mat	31200000	31400000	0.016842807502712234	-0.4921823485997756	0.11330621970127082	0.18149458728589882
chr1_mat	31400000	31600000	0.024203655848577792	0.5129762292909165	0.08060351433161969	0.7013434180930546
chr1_mat	31600000	31800000	0.025548173876119074	0.685928905897972	0.057170756373784055	0.655738504299329
chr1_mat	31800000	32000000	0.025530910102292317	0.6143483376273255	0.16263367403699922	0.5052043303947008
chr1_mat	32000000	32200000	0.023777039050336176	0.6410288954791624	-0.007436439986521403	0.5718757245005193
chr1_mat	32200000	32400000	0.019662394876558915	0.7089864463054844	0.09765892560139713	0.5466473751411607
chr1_mat	32400000	32600000	0.018233587272390595	0.6263771367485734	0.13266370294153804	0.6904315577835327
chr1_mat	32600000	32800000	0.02168475109908741	0.6888096108154743	0.2131843448436355	0.5922179666777497
chr1_mat	32800000	33000000	0.019354882558514676	0.7533202093371347	0.17039545873388198	0.4581120335628437
chr1_mat	33000000	33200000	0.018425579745814935	0.6330757235751701	0.18218322209479149	0.4013080842221644
chr1_mat	33200000	33400000	0.018718897202258347	-0.26854388026811266	0.029002330591766923	-0.0016014903752315437
chr1_mat	33400000	33600000	0.01791800514844424	-1.2171805225318029	-0.1487168263826797	0.1603420014256567
chr1_mat	33600000	33800000	0.03442901129007303	0.36480071612072695	-0.025153403463651365	0.2761229487026249
chr1_mat	33800000	34000000	0.020078166544915732	0.6684034321185478	0.1919211521801495	0.49387200278509263
chr1_mat	34000000	34200000	0.017187777003540114	0.5876559817280952	0.025471817588285945	0.33324770931058184
chr1_mat	34200000	34400000	0.0178775873486213	0.5484443518718114	0.17383876507467833	0.48745935714753585
chr1_mat	34400000	34600000	0.022243158723218456	0.4664501698819176	-0.005850916292606447	0.3356846499664617
chr1_mat	34600000	34800000	0.011829353151501352	-1.459976481146375	-0.06869102206422159	0.1407568415909662
chr1_mat	34800000	35000000	0.015430659797473725	0.015510783777783796	0.24350694344575133	0.00732111810183514
chr1_mat	35000000	35200000	0.01832161143235528	-0.25958976826610797	-0.01672699461617499	-0.1970533051490559
chr1_mat	35200000	35400000	0.023283988836031347	0.2387146490109021	0.0024633028447327353	-0.008776129251847531
chr1_mat	35400000	35600000				
chr1_mat	35600000	35800000	0.01829336828938394	0.6427575017877694	0.21530553518562703	0.6268535322183574
chr1_mat	35800000	36000000	0.020886891997451265	0.6134703573879335	0.15525453687345991	0.515363832030897
chr1_mat	36000000	36200000	0.014569418015272447	-0.15546520626063642	-0.17098591410852507	-0.11051353428252358
chr1_mat	36200000	36400000	0.017566902550171525	0.5242692560824336	0.09150490098484185	0.2594508948507453
chr1_mat	36400000	36600000	0.01701321274659399	0.6572135111027171	0.0846620573894945	0.46497211498085655
chr1_mat	36600000	36800000	0.01901546663882412	0.5847147810225856	0.2561347014695272	0.5995642563535438
chr1_mat	36800000	37000000	0.020468275156571996	0.6468650122377375	0.0398239860495898	0.37919080126983046
chr1_mat	37000000	37200000	0.02064688856698289	0.5423799790229001	0.18152410594650725	0.35387315464306407
chr1_mat	37200000	37400000	0.025735843058552418	0.5513848406723763	0.03217213464105666	0.13129143202655397
chr1_mat	37400000	37600000	0.0200839569382821	-0.04984702766551327	0.11238608987699454	-0.1793115878091668
chr1_mat	37600000	37800000	0.011950229118158441	-1.1512613644619067	-0.0038006898201703764	-0.3264508939078025
chr1_mat	37800000	38000000	0.013905517721909458	-0.6922613168750621	0.07984461938016262	-0.41263831404324613
chr1_mat	38000000	38200000	0.01724709996643641	-0.5410111852511138	0.08260294405568287	-0.37012307811998396
chr1_mat	38200000	38400000	0.014449889123923082	-0.9574170493326839	0.021501592952019425	-0.3076089064692072
chr1_mat	38400000	38600000	0.018959604965549902	-0.07336321808735566	0.1829926017152801	-0.10352670156063293
chr1_mat	38600000	38800000	0.01794082561083753	-0.23288408083375972	-0.053357355123818756	-0.09208461589843284
chr1_mat	38800000	39000000	0.01928162210360039	0.7003828050015364	0.12309697912860898	0.3855784616129716
chr1_mat	39000000	39200000	0.020108520353053674	0.6721289860920812	0.28173609994183707	0.5681178011502449
chr1_mat	39200000	39400000	0.02148852502497418	0.6261041056284452	0.292548552151845	0.613436034379516
chr1_mat	39400000	39600000	0.023323499479219145	0.6439865375036167	0.35828172469068725	0.2604157987885198
chr1_mat	39600000	39800000	0.01834354556294675	0.6537469589642135	0.14810049428337688	0.479949539640974
chr1_mat	39800000	40000000	0.01677706715449576	0.6903966850225292	0.24187372828323886	0.5442574616498661
chr1_mat	40000000	40200000	0.018077119382504156	0.2299721834550652	0.16226247568090632	-0.03367539079901907
chr1_mat	40200000	40400000	0.018957281912665668	0.2076252820737694	0.1716138081982396	-0.07809637494613195
chr1_mat	40400000	40600000	0.02505608386556342	0.5366236476384848	0.19864121028386084	0.11017909390415923
chr1_mat	40600000	40800000	0.020692378919295786	-0.019580092317380865	-0.027117774755727127	-0.08443378631734631
chr1_mat	40800000	41000000	0.015972629677271807	-0.8085637221966849	0.3217924726730667	-0.15805908941659524
chr1_mat	41000000	41200000	0.013016918325509068	-0.4117490840905851	0.19230032956177834	-0.0008582970944956263
chr1_mat	41200000	41400000	0.018805400098551306	0.5480295862591912	0.17391239381942863	0.4913088343736172
chr1_mat	41400000	41600000	0.019787546971660342	0.665082706217755	0.08695628749477152	0.4452617746772194
chr1_mat	41600000	41800000	0.017403861448306492	0.671690442620852	0.23215943881643597	0.4621118361303395
chr1_mat	41800000	42000000	0.022836819294623445	0.6993839849900315	0.1513066942581259	0.4957101619452966
chr1_mat	42000000	42200000	0.02521020584576377	0.3511478987792481	0.1472358403556629	0.10127900413271962
chr1_mat	42200000	42400000	0.01816770704780025	0.03452473002524463	0.13360214197395295	0.1492359361015909
chr1_mat	42400000	42600000	0.024976106009815188	0.35304594215472196	0.11878642882861087	0.19698781145740507
chr1_mat	42600000	42800000	0.013560523590631023	-0.8214501810960805	-0.04213938299601831	-0.08830132282479984
chr1_mat	42800000	43000000	0.01856068101923467	-0.7962266217244963	0.24137443662584687	-0.10655381246596905
chr1_mat	43000000	43200000	0.02155086869101586	-0.20531708547863065	0.0948361678009732	-0.3334290428532036
chr1_mat	43200000	43400000	0.019775686248849084	0.0950289701989109	0.2994093978773825	0.017155881584499242
chr1_mat	43400000	43600000	0.020030073942404563	0.5417943737019737	0.1338591886786004	0.3024314959049937
chr1_mat	43600000	43800000	0.01803034274297825	0.6786422046799951	0.252796796927906	0.35465615616611956
chr1_mat	43800000	44000000	0.018897772226262276	0.7113133730801825	0.18865738655604974	0.4602690574460302
chr1_mat	44000000	44200000	0.019041459080395298	0.6607180138359293	0.25274936392949654	0.5927156085402142
chr1_mat	44200000	44400000	0.03682833699630987	0.7357301477856709	0.01968379179171982	0.32669131450162897
chr1_mat	44400000	44600000	0.026712925480721628	0.7239003773306232	0.20347225348563525	0.33832538097435433
chr1_mat	44600000	44800000	0.017912203725820856	0.697972692505765	0.12910318475756058	0.5083535487918349
chr1_mat	44800000	45000000	0.017143713396658378	0.7540091356539526	0.21588399828758378	0.2001506412680924
chr1_mat	45000000	45200000	0.021983267435175865	0.730062537387444	0.17618968546170016	0.276589562643287
chr1_mat	45200000	45400000	0.01603293982209872	0.7269532042088352	0.13387830491507782	0.44942598460615607
chr1_mat	45400000	45600000	0.020610560717966332	0.7387503681803953	0.037570446332424914	0.3271582794070746
chr1_mat	45600000	45800000	0.024366249215388786	0.6890102718002783	0.24188005624723438	0.3126814152301893
chr1_mat	45800000	46000000				
chr1_mat	46000000	46200000	0.04233090140794807	0.5632058454154846	0.11426202777711084	0.20069697478774792
chr1_mat	46200000	46400000	0.022038274003364236	-0.6417613566277718	0.22145570370015033	-0.2746632213422674
chr1_mat	46400000	46600000	0.03438992368214565	0.34213941250412744	0.24822867056394693	0.018671629318304777
chr1_mat	46600000	46800000	0.02809057555320106	0.01634095445653211	0.004638045120552127	-0.37446705554952775
chr1_mat	46800000	47000000				
chr1_mat	47000000	47200000	0.02779578653576537	0.48271378132557935	0.09896434673652539	0.24671378399791827
chr1_mat	47200000	47400000	0.01907248098137315	-1.0455551393769404	0.3662138272258756	-0.05485213857422775
chr1_mat	47400000	47600000	0.010807243153610237	-1.8634488483974558	0.4259706002427273	0.5028497397258203
chr1_mat	47600000	47800000	0.019336998153932673	-0.16754473621126967	0.26242024703036937	-0.47729736717601706
chr1_mat	47800000	48000000	0.02177228916346789	-0.5577562316592161	0.1953079021790273	-0.13839765422914682
chr1_mat	48000000	48200000	0.02322191602258694	-1.055064556202836	0.6151743160396599	-0.23333872670610267
chr1_mat	48200000	48400000	0.015934518364268832	-0.02336336769609449	0.24244326357062335	-0.3032026578616048
chr1_mat	48400000	48600000	0.02001826027752934	0.2532942199842233	0.26800252245484746	-0.07168810178766914
chr1_mat	48600000	48800000	0.026477425798781498	0.4842697150540695	0.07863454806918635	0.2911741978882146
chr1_mat	48800000	49000000	0.0337444096666055	0.48315030321007446	0.20828097023975076	0.3783576503782553
chr1_mat	49000000	49200000	0.021880380175168367	-0.7171457277680381	0.25573738794805395	-0.1368283167686492
chr1_mat	49200000	49400000				
chr1_mat	49400000	49600000	0.03314060171290171	0.5131902456078907	0.13045782924407678	-0.10128208944380301
chr1_mat	49600000	49800000	0.02693901314771711	0.627096289029302	0.1694808877587269	-0.044239147535546065
chr1_mat	49800000	50000000	0.03401335784371238	0.7015438539894226	0.2333967553937359	0.1325509705793749
chr1_mat	50000000	50200000	0.03891419658339782	0.7628899394945359	0.19621431716296475	0.4221178124211408
chr1_mat	50200000	50400000	0.02138710615584534	0.7789372686350134	0.05394666879460606	0.21717191504789077
chr1_mat	50400000	50600000	0.019819286561071882	0.7364286999993975	0.18606094088242	0.3447392434539132
chr1_mat	50600000	50800000	0.020584242507712413	0.7449925231606491	0.1357979664543611	0.29736863532411795
chr1_mat	50800000	51000000	0.02470798972277299	0.7455427196043761	0.13850229295096508	0.4063964869085364
chr1_mat	51000000	51200000	0.020215497427520705	0.7917274931325358	0.19122074043607995	0.3696860657641699
chr1_mat	51200000	51400000	0.02386856242499193	0.7679936540302704	0.26110943727232705	0.25933610765037385
chr1_mat	51400000	51600000	0.023698896303066732	0.7383470326472285	0.03153795985424746	0.2987146736830639
chr1_mat	51600000	51800000				
chr1_mat	51800000	52000000				
chr1_mat	52000000	52200000				
chr1_mat	52200000	52400000				
chr1_mat	52400000	52600000				
chr1_mat	52600000	52800000				
chr1_mat	52800000	53000000				
chr1_mat	53000000	53200000	0.02647747536430361	0.7907803603234241	0.14723134337928379	0.20936428114824726
chr1_mat	53200000	53400000	0.02343020871559748	0.7928001035351544	0.03780395750329656	0.42120368712505596
chr1_mat	53400000	53600000	0.03209203909423737	0.7270725352101464	0.26008699911166594	0.2861785408610727
chr1_mat	53600000	53800000	0.023035401681405596	0.7033794392135821	0.15729022437533488	0.41877650103538444
chr1_mat	53800000	54000000	0.02372120313004699	0.7023332941511772	0.13179263049215129	0.49474566518843044
chr1_mat	54000000	54200000	0.02683477550514135	0.7058183407726137	0.24975239719061446	0.14134100362395366
chr1_mat	54200000	54400000	0.018617691794378048	0.4515488498093105	0.2017157820379619	0.025408052732268187
chr1_mat	54400000	54600000	0.018890386808335068	-0.8117567829635239	0.1239052168507988	-0.4332791174652527
chr1_mat	54600000	54800000	0.024062642166843232	0.08336669299046423	0.1869844811615773	-0.19823321116127549
chr1_mat	54800000	55000000	0.027821377789248265	0.7103277258987604	0.2542812372713426	0.061458174259564284
chr1_mat	55000000	55200000	0.019745723472107714	0.7076610771927783	0.12761383600253118	0.24534818782359286
chr1_mat	55200000	55400000	0.02853925452861084	0.7334442177757626	0.16230062558823705	0.34053947103836396
chr1_mat	55400000	55600000	0.027263125293503082	0.6998284319435688	0.1512952600228664	0.3114092245186422
chr1_mat	55600000	55800000				
chr1_mat	55800000	56000000				
chr1_mat	56000000	56200000	0.039670125176573375	0.7344717677203122	0.1516262087051409	0.2003749456432621
chr1_mat	56200000	56400000	0.02056369172023987	0.7566848139502957	0.06596646066521969	0.26613058106365534
chr1_mat	56400000	56600000	0.021037016830493332	0.7678808090441939	0.15087856302668828	0.2847611005517097
chr1_mat	56600000	56800000	0.03036014288986491	0.7712961497306566	0.2239652212802402	0.1648162165354128
chr1_mat	56800000	57000000				
chr1_mat	57000000	57200000	0.022727040940248567	0.7070081730868096	0.14101149045391903	0.3093602061557502
chr1_mat	57200000	57400000	0.024270070699069828	0.6384983992691887	0.09300962554359794	0.031864507899245074
chr1_mat	57400000	57600000	0.024375434594274905	-0.09735958835497688	0.19872820219785575	-0.4144784495595953
chr1_mat	57600000	57800000	0.011858918856495908	-1.8487065660417987	0.9489039423616036	0.6083147542296363
chr1_mat	57800000	58000000	0.013876062714300133	-1.1570762518927533	0.48100855860824315	0.06315448839756252
chr1_mat	58000000	58200000	0.02333677533469359	-0.6618781723309994	0.5839632231104555	-0.6044766187625973
chr1_mat	58200000	58400000	0.02428411233268723	-0.28382315614828874	0.3816975643147634	-0.44884250805953224
chr1_mat	58400000	58600000	0.02809561928797087	0.1474213156085895	0.06742616102955692	-0.2599160359651
chr1_mat	58600000	58800000	0.03073889999474854	-0.2666289485514705	0.27896883873369027	-0.32272150318184556
chr1_mat	58800000	59000000	0.020167419881548177	0.4656652704387241	0.18938958294631425	-0.21866025780285053
chr1_mat	59000000	59200000	0.01621712207710078	-0.48488634105613926	0.5666151222971574	-0.42482640593830795
chr1_mat	59200000	59400000	0.022160114553978268	-1.6471682760859434	1.1367107531510234	0.32290385466755334
chr1_mat	59400000	59600000	0.013177516678642273	-1.1294701393626856	0.8560276141026104	0.036556754958949465
chr1_mat	59600000	59800000	0.014741978934406279	-0.9477048027280692	0.9026285295144482	-0.2305495172334295
chr1_mat	59800000	60000000	0.01211083867737758	-0.8707804789061688	0.39882719296134755	-0.05933755925605715
chr1_mat	60000000	60200000	0.01297539371056102	-0.93756605262832	0.5648314934692119	-0.3502642576850099
chr1_mat	60200000	60400000	0.01521294437710168	-0.36246546898420723	0.5835185339912663	-0.553276402534667
chr1_mat	60400000	60600000	0.011584718224950809	-1.1449884483256254	0.8815399814695463	0.03933806321096237
chr1_mat	60600000	60800000	0.012353888512370629	-0.948557751329415	0.8729029924779038	-0.1443216959731624
chr1_mat	60800000	61000000	0.011880072974807594	-1.3694256802784863	0.9763579008067272	0.1101007734725103
chr1_mat	61000000	61200000	0.010823042521099002	-1.576138267086567	1.214621234567855	0.24933430833107528
chr1_mat	61200000	61400000	0.02125758005176119	-1.3199228599353963	0.9158197283097788	0.09191569759141764
chr1_mat	61400000	61600000	0.029742241233054186	-0.06448347138989602	0.4341573426189385	-0.587431797854978
chr1_mat	61600000	61800000	0.020577613233180362	-0.7730501701806914	0.6489395141936559	-0.25511730669423177
chr1_mat	61800000	62000000	0.014236497486086649	-0.5385563649158842	0.35032238296287954	-0.3322827169064935
chr1_mat	62000000	62200000	0.013405689788324083	-0.5732818391125457	0.7581468836327597	-0.6234401387558426
chr1_mat	62200000	62400000	0.011939998258210507	-1.1220754426790147	0.8185958287160592	-0.22647450878220696
chr1_mat	62400000	62600000	0.020571158609041806	-0.47584295468696497	0.6640708936998387	-0.4870423266915127
chr1_mat	62600000	62800000	0.01639118597175347	-0.8042392267089468	0.7739570764296715	-0.2212389130987422
chr1_mat	62800000	63000000	0.021771523032988415	0.2693951968287046	0.2365103580789246	-0.28638042817101134
chr1_mat	63000000	63200000	0.01760663912054738	0.009975669342725282	0.38361127662223515	-0.4705039466921817
chr1_mat	63200000	63400000	0.016211418415163697	0.47400675217303095	0.247463353693917	-0.10162192134980147
chr1_mat	63400000	63600000	0.01611402700975799	0.4430714619267615	0.16358208494349397	-0.2017962670524434
chr1_mat	63600000	63800000	0.018710069562811578	0.7749691052973577	0.1649154334688189	0.13125740652818751
chr1_mat	63800000	64000000	0.02721964624784097	0.5608918657697808	0.17336348768510984	-0.1776365659691917
chr1_mat	64000000	64200000	0.037398888377247995	-0.7521155433647203	0.38101831770650424	0.12335744297309441
chr1_mat	64200000	64400000	0.01860825792554182	0.2807345894439357	0.3159999497080743	-0.24655133549012806
chr1_mat	64400000	64600000	0.015399691041641359	0.7155224567001539	0.28047375847610445	-0.05843588900937266
chr1_mat	64600000	64800000	0.01889932153213047	0.7376736083839823	0.24053665287725556	-0.10645745293019096
chr1_mat	64800000	65000000	0.02516602744256813	0.6710185954719774	0.25816848350252486	-0.029808327038705885
chr1_mat	65000000	65200000	0.01449820971181424	0.7386716699952849	0.18372387441707638	-0.0653504344686012
chr1_mat	65200000	65400000	0.015335863044573985	0.7044336519341846	0.24045908155271403	-0.06630650953398783
chr1_mat	65400000	65600000	0.02006120503944816	-0.19868902148887757	0.3718954046582537	-0.4345028906608506
chr1_mat	65600000	65800000	0.014620604040451372	-0.5544823132412499	0.5690313970135058	-0.4455542465257958
chr1_mat	65800000	66000000	0.01459359809116072	-0.11095248717213019	0.5536887301798101	-0.5491297139560092
chr1_mat	66000000	66200000	0.012744490055863294	-1.1213051825019915	0.8813214331357699	-0.17732772369057725
chr1_mat	66200000	66400000	0.016889920059991494	0.07873354050823807	0.5339501676258761	-0.6756057046538406
chr1_mat	66400000	66600000	0.012241111188063218	-0.06673639411013495	0.36176334279787464	-0.4225668871361225
chr1_mat	66600000	66800000	0.013277586233486922	-0.9152080577232896	0.8107413177377621	-0.31095557295149995
chr1_mat	66800000	67000000	0.014962561735822905	-0.6346381092576256	0.7548829436005703	-0.4756502760027889
chr1_mat	67000000	67200000	0.012697108312949687	-0.8673711150515919	0.9943764175897459	-0.28143042166626586
chr1_mat	67200000	67400000	0.012350051234811074	-0.7673384394559257	0.9412391891929912	-0.15588724947662091
chr1_mat	67400000	67600000	0.014186092932946105	-1.2275806421956799	1.0371231752341827	-0.008340694232709138
chr1_mat	67600000	67800000	0.01490756752480809	-0.8999748703203362	0.815068361095054	-0.229794597409126
chr1_mat	67800000	68000000	0.012537078311199068	-1.0763501271563347	0.7734290024312057	-0.21034300083543625
chr1_mat	68000000	68200000	0.01561704664705497	0.21002076603769168	0.5767672294293686	-0.5379716349706951
chr1_mat	68200000	68400000	0.011162415089434871	-1.0994097993393661	0.925577061297669	-0.26932278111850555
chr1_mat	68400000	68600000	0.01870938228046226	0.3314776888462453	0.22951722516768816	-0.2106484491932634
chr1_mat	68600000	68800000	0.011629327533049653	-0.809206730352671	0.6933914737695238	-0.022182753170949362
chr1_mat	68800000	69000000	0.014476338526287503	0.33990417033670206	0.24547594247615312	-0.35946546860547224
chr1_mat	69000000	69200000	0.01534819847902328	-0.14655700423320256	0.4091420721826002	-0.5146879146252789
chr1_mat	69200000	69400000	0.016302922232996047	0.13512076962098893	0.32495747591129676	-0.4438833368808905
chr1_mat	69400000	69600000	0.022076198233952612	0.7217367343182087	0.29141153322543173	-0.11412374684379932
chr1_mat	69600000	69800000	0.02148266626306495	0.5318484804962043	0.20570683076301166	-0.2843458295677032
chr1_mat	69800000	70000000	0.027657043958409087	-0.2157078433548689	0.346432915399984	-0.2727204738957377
chr1_mat	70000000	70200000	0.011470535668687415	-1.5380127252763343	1.063666238710769	0.09594594367311132
chr1_mat	70200000	70400000	0.01338082949701857	-0.8366246544713357	0.6966013036995697	-0.3427479109862562
chr1_mat	70400000	70600000	0.01345678468429323	-0.19826333398192514	0.38598577292818503	-0.47390968656941085
chr1_mat	70600000	70800000	0.013207660607989846	-0.938139976519027	0.851644941975014	-0.2573431671506713
chr1_mat	70800000	71000000	0.015129189926483048	-0.5853882235027111	0.7151780457474628	-0.28559982198967576
chr1_mat	71000000	71200000	0.020773068948212278	-1.5812638398248982	1.0090193590108645	0.3064932309027757
chr1_mat	71200000	71400000	0.025439868813251408	-0.1323875837825172	0.10173298150628972	-0.05569768724454833
chr1_mat	71400000	71600000	0.018779828256224984	0.7413265189239928	0.20939693474413468	-0.1336216395805939
chr1_mat	71600000	71800000	0.01694769153780999	0.7461777419332715	0.14776319131206597	-0.10221899591487663
chr1_mat	71800000	72000000	0.026470924256334284	0.8076210387962192	0.2430790444264449	-0.07201959946861908
chr1_mat	72000000	72200000	0.019627787934958958	0.7446124181080821	0.20502246789402315	-0.08163168761946114
chr1_mat	72200000	72400000	0.02604219850196721	0.7663589259001296	0.2761869812634574	-0.09349338886737567
chr1_mat	72400000	72600000	0.018259636475465912	0.6689781589118994	0.16802068106548937	-0.1322473125828814
chr1_mat	72600000	72800000	0.015674762871565776	0.7662711505281061	0.24628340190795953	-0.132322433570556
chr1_mat	72800000	73000000	0.014639405442676572	0.7143973582449177	0.2661578490863964	-0.1434446257028164
chr1_mat	73000000	73200000	0.024837631360059818	0.6935475440796987	-0.012788120331188372	-0.10822491291002008
chr1_mat	73200000	73400000	0.015840430433611687	0.4886705498859488	0.213075819071367	-0.35044965216229196
chr1_mat	73400000	73600000	0.01772215655855127	0.1744963195136	0.1253222809803111	-0.4173641827764783
chr1_mat	73600000	73800000	0.018572117083336684	0.72022759528148	0.2787567967482874	-0.2294790199800728
chr1_mat	73800000	74000000	0.016026739615759376	0.7760486511801623	0.2353835009600114	-0.10013049661800674
chr1_mat	74000000	74200000	0.020652879069044595	0.7289172386305569	0.15839867686014955	-0.14264013202175374
chr1_mat	74200000	74400000	0.022645385646568483	0.7625367280850359	0.2816573722748282	-0.1429758964238132
chr1_mat	74400000	74600000	0.025009649101308346	0.5899485948898251	0.19897502045335616	-0.26491869995392564
chr1_mat	74600000	74800000	0.015613864531739225	0.5241520185771932	0.3042890688763453	-0.3896615949578516
chr1_mat	74800000	75000000	0.013538899118632052	-0.8742446853062197	0.615542488277251	-0.16920171984140303
chr1_mat	75000000	75200000	0.017965544087107353	-0.5334472204967072	0.3611401520860474	-0.31931138666031744
chr1_mat	75200000	75400000	0.014615022588598283	-1.033222401971067	0.798838986771182	-0.233636161305932
chr1_mat	75400000	75600000	0.012392219467743338	-0.4262380037140348	0.40203668299755974	-0.46017758946434933
chr1_mat	75600000	75800000	0.015856555890644556	0.4590378171101311	0.4127980039226187	-0.520921848410478
chr1_mat	75800000	76000000	0.015295349723342004	-0.22802693856468806	0.4181441847974695	-0.453402913132047
chr1_mat	76000000	76200000	0.014287159751480129	-0.43900212807496947	0.4892793502397132	-0.5321629977342613
chr1_mat	76200000	76400000	0.01580205017535788	-0.28346762879026294	0.4013615930963229	-0.3442086960978644
chr1_mat	76400000	76600000	0.014989293975301334	0.2753793792590797	0.6739622566224548	-0.6908072468067551
chr1_mat	76600000	76800000	0.011903297133345212	-0.6574677619998784	0.39091908826247673	-0.37687323391331295
chr1_mat	76800000	77000000	0.012212692368866542	-0.7309706218852271	0.4636088497355016	-0.26085269812695566
chr1_mat	77000000	77200000	0.01776010622868464	0.4232109218372489	0.2858192711207224	-0.4681445961381512
chr1_mat	77200000	77400000	0.0178695131054048	0.6386630671118937	0.34443131740000343	-0.2993883113301246
chr1_mat	77400000	77600000	0.013997674950130247	0.17152136058432774	0.18729791468010823	-0.4708376973250982
chr1_mat	77600000	77800000	0.014481314010242956	0.6882736321967909	0.16908714924334486	-0.18207137665549117
chr1_mat	77800000	78000000	0.015368014694293327	0.6833337349499562	0.20687348495053293	-0.17986622151356454
chr1_mat	78000000	78200000	0.02240798966732058	0.8110105423706072	0.19628248337394028	0.03125381329982863
chr1_mat	78200000	78400000	0.01652957697465282	0.6207758101522179	0.2768444580157985	-0.23103015077418648
chr1_mat	78400000	78600000	0.010399462346140007	-0.9424883200408684	0.4616202526735527	-0.3470928369418725
chr1_mat	78600000	78800000	0.020483408238045165	0.3030146228064222	0.356374235844277	-0.6710633565024114
chr1_mat	78800000	79000000	0.015195254783465034	0.6581460001683828	0.17236670951227842	-0.14195229092544814
chr1_mat	79000000	79200000	0.019204611016355427	0.6961951601390215	0.1844205585777703	-0.10694282180348443
chr1_mat	79200000	79400000	0.01631228624214458	0.7030108858117131	0.3215703993755456	-0.28379782703303036
chr1_mat	79400000	79600000	0.020604496946589394	0.6579037707463394	0.14242638322368364	-0.18389649096884397
chr1_mat	79600000	79800000	0.0250952325701263	0.5527334049349257	0.19352772551769604	-0.3921642929374383
chr1_mat	79800000	80000000	0.027562900618431734	0.5730622865701585	0.13234308821060323	-0.28589693449940856
chr1_mat	80000000	80200000	0.01888439687724208	0.02501014286839741	0.5248698111404059	-0.5452754056897056
chr1_mat	80200000	80400000	0.018517042971300277	0.1281657158524088	0.20328969284572004	-0.3434073358652687
chr1_mat	80400000	80600000	0.014526972908363297	0.6805510403929803	0.37383900501465767	-0.3619866319384904
chr1_mat	80600000	80800000	0.01835140362355186	0.6832342136197541	0.10079203931403136	-0.15788729177497682
chr1_mat	80800000	81000000	0.01587521338975393	0.5699936698866067	0.3065015353374369	-0.34352167853592663
chr1_mat	81000000	81200000	0.012435859255096547	-0.192382773020824	0.2669585177775564	-0.36736376372261687
chr1_mat	81200000	81400000	0.017308673530972582	-0.13434096779882543	0.44443714757909547	-0.5209192604267195
chr1_mat	81400000	81600000	0.013338073419412412	0.4179548227624552	0.17721271678640885	-0.4380128773835238
chr1_mat	81600000	81800000	0.010318028281409316	-0.6871060666283909	0.42196426028630923	-0.3574865381810551
chr1_mat	81800000	82000000	0.015674879771289743	0.4220206805877729	0.4813616734071709	-0.4560994593828664
chr1_mat	82000000	82200000	0.019498352909640686	0.6750349435424842	0.39477301190952135	-0.6003466897984823
chr1_mat	82200000	82400000	0.01888682199187394	0.6276727482455442	0.2272234603020042	-0.2224792539089158
chr1_mat	82400000	82600000	0.016384972994914468	-0.2180831642255614	0.5269975568483924	-0.5134245729098945
chr1_mat	82600000	82800000	0.01229385628719128	-0.628982449749998	0.49485828076251487	-0.532964899153613
chr1_mat	82800000	83000000	0.009871726653090038	-1.661678450997269	1.0330629174850345	0.4393905303432589
chr1_mat	83000000	83200000	0.010867023558527252	-1.648895836433343	1.0827258129343038	0.23236918459899503
chr1_mat	83200000	83400000	0.014862457060300862	-0.4890292761262312	0.6672834854075338	-0.18143681832519787
chr1_mat	83400000	83600000	0.018468947304430026	0.7961363883734311	0.25996169295694915	-0.24476107895935353
chr1_mat	83600000	83800000	0.018140297984308343	0.7352602609508516	0.13414545463073874	-0.25379297229089093
chr1_mat	83800000	84000000	0.015593446222720159	0.707044567434235	0.22580380405373315	-0.34742960977140125
chr1_mat	84000000	84200000	0.014277810674281072	0.6488044707833035	0.11022071134153306	-0.2769693477014598
chr1_mat	84200000	84400000	0.013564880018712732	0.2736787652637021	0.2895191329721831	-0.6030356652939313
chr1_mat	84400000	84600000	0.0209565665445843	-0.8837515489336375	0.7719884960641193	-0.349926247770801
chr1_mat	84600000	84800000	0.018070486989645466	-1.642730196442263	1.2023817507117602	0.41703366610748627
chr1_mat	84800000	85000000	0.01083838490768774	-1.4022874990239529	0.9519601435498796	0.2553869071280607
chr1_mat	85000000	85200000	0.009458171402653546	-1.2279328508895848	0.758452889248795	0.13740469799808408
chr1_mat	85200000	85400000	0.013427122009935823	-0.5782491564595059	0.4469911166244444	-0.2412985146080428
chr1_mat	85400000	85600000	0.01686573695672231	0.4922249865618306	0.2070432313505903	-0.5322561314273105
chr1_mat	85600000	85800000	0.013796502989044276	-0.5089493994113357	0.20603241706900205	-0.43894160502233126
chr1_mat	85800000	86000000	0.013720383605626319	-0.2148398993054258	0.45964505903602265	-0.6209585356449115
chr1_mat	86000000	86200000	0.013121912580658519	-0.5000752058873484	0.37406828762906413	-0.4194364588058817
chr1_mat	86200000	86400000	0.013752436957470034	0.011479202809326081	0.46672175456868237	-0.42974845632836883
chr1_mat	86400000	86600000	0.016247450105215642	0.4606282317370673	0.1638109788079184	-0.2446311749032612
chr1_mat	86600000	86800000	0.01799030501195382	0.17703565744349042	0.2912869808458701	-0.5901163984812714
chr1_mat	86800000	87000000	0.03301143264149824	0.6218663020504198	0.40629516049664466	-0.6951424983878134
chr1_mat	87000000	87200000	0.02444807142488745	0.7117971566958466	0.036345451502924446	-0.316535770871314
chr1_mat	87200000	87400000	0.02438589043709256	0.7108577685342359	0.2756724509661146	-0.417479794506776
chr1_mat	87400000	87600000	0.02885682114670179	0.4134108297330825	0.19922896390871514	-0.3631274992389748
chr1_mat	87600000	87800000	0.011189206324989832	-0.8996308599937661	0.5203972827260912	-0.14954107101815334
chr1_mat	87800000	88000000	0.014801828110771626	-0.7067182165800016	0.344818513278771	-0.31419543571346165
chr1_mat	88000000	88200000	0.017629008749062248	-0.7412481626333435	0.714186210591039	-0.3824578681292236
chr1_mat	88200000	88400000	0.014205943130763168	0.3594411741952148	0.15625044818990963	-0.33689443563757787
chr1_mat	88400000	88600000	0.013976116569312209	0.6275477084458134	0.280184947659084	-0.2993803148616596
chr1_mat	88600000	88800000	0.014170558238182399	0.28802443602792327	0.2746342120255212	-0.4538636421513448
chr1_mat	88800000	89000000	0.010147983258366515	-1.164442714707135	0.5052192512519842	-0.25562565516139113
chr1_mat	89000000	89200000	0.014411491836872306	0.4347990997973692	0.3167704491435325	-0.6231435223066994
chr1_mat	89200000	89400000	0.015044761919861016	0.45550226136769933	0.020984037688110187	-0.09025203133584686
chr1_mat	89400000	89600000	0.011508013103317024	-0.7236133465128066	0.43805764209208004	-0.4636137030849439
chr1_mat	89600000	89800000	0.016096875576689425	0.062270049253863174	0.39367901781640974	-0.5711563607740303
chr1_mat	89800000	90000000	0.009360085618705093	-1.7705638398327612	0.821036370587337	0.5766030047625582
chr1_mat	90000000	90200000	0.009602337230468438	-1.602780962113776	0.6379885371156272	0.3111399843375526
chr1_mat	90200000	90400000	0.012711645711302675	0.29174842918834576	0.24042109538917267	-0.4235345457023395
chr1_mat	90400000	90600000	0.011491790323326857	-0.5278996991992222	0.33454559804297984	-0.2952214661105344
chr1_mat	90600000	90800000	0.017693382548360486	0.16414073766575357	0.1977347468810046	-0.40099094017452785
chr1_mat	90800000	91000000	0.015278657880192384	0.5882881807201191	0.11635086663277824	-0.3771420725389427
chr1_mat	91000000	91200000	0.013740448869497445	0.10549673721581668	0.23361705369830052	-0.34406098085462544
chr1_mat	91200000	91400000	0.009858096189084672	-1.235711411568212	0.48987818896907903	-0.17004348809286066
chr1_mat	91400000	91600000	0.012683242712314106	-0.5089508897075683	0.34963736037428433	-0.470185089764723
chr1_mat	91600000	91800000	0.014037472716568713	0.42132202920866374	0.3543866280820993	-0.316062817408943
chr1_mat	91800000	92000000	0.015324669610596128	0.5630444886730617	0.2385697320186389	-0.40914272219595615
chr1_mat	92000000	92200000	0.015068939854022002	0.6295985589427381	0.15756489902396673	-0.30808655346035696
chr1_mat	92200000	92400000	0.011871713705487192	0.66512602225739	0.2514681248289921	-0.30582385141651547
chr1_mat	92400000	92600000	0.013124354137541254	0.5684352561023661	0.389604168423289	-0.31153416228150727
chr1_mat	92600000	92800000	0.013854140921762334	0.24576118430774785	0.21064594831138678	-0.5047103270382712
chr1_mat	92800000	93000000	0.016448525418054003	-0.06011445103732372	0.23399141784709845	-0.49533774752933035
chr1_mat	93000000	93200000	0.015423140453348347	0.571417287593886	0.14733195901873458	-0.27233840347338995
chr1_mat	93200000	93400000	0.013766363139005845	0.6194135174344936	0.30166150234653527	-0.41323742290594473
chr1_mat	93400000	93600000	0.012097910428711717	0.6572787334341252	0.26782415965081857	-0.3683975099244152
chr1_mat	93600000	93800000	0.014883703525821594	0.635575660084164	0.32577945934778746	-0.39720668367563833
chr1_mat	93800000	94000000	0.014392753740980905	0.5629946164641005	0.3890066604531302	-0.502202492167969
chr1_mat	94000000	94200000	0.013146004594606808	0.5581307404743869	0.3577223538037503	-0.4764085163448832
chr1_mat	94200000	94400000	0.015119438602422592	0.5127015423107008	0.22788317936377997	-0.4644189528405941
chr1_mat	94400000	94600000	0.017787129810114283	0.6128014446510694	0.2604616593698642	-0.3573610164227483
chr1_mat	94600000	94800000	0.01442163284347383	0.37716144192115403	0.22187374738707727	-0.46776035314172965
chr1_mat	94800000	95000000	0.010861482913213653	-0.08558485480419144	0.3247452270204353	-0.5026284770868527
chr1_mat	95000000	95200000	0.014110577814919069	0.3983796482691475	0.2992743147041547	-0.4369519881688521
chr1_mat	95200000	95400000	0.011250765559054838	0.24074829245511536	0.16424930480454408	-0.3542234083458673
chr1_mat	95400000	95600000	0.011790820639064326	-0.8795571924878167	0.3959906067753259	-0.1318822250416637
chr1_mat	95600000	95800000	0.010383043097576303	-1.3482570742015314	0.5236098994906302	-0.008320221983783101
chr1_mat	95800000	96000000	0.011775476665004322	-0.02728474658584855	0.30269791187147393	-0.6092550778340106
chr1_mat	96000000	96200000	0.012860771315844637	0.4099433627999308	0.3166886099620006	-0.6136383826422205
chr1_mat	96200000	96400000	0.01224728842083291	0.5230761535795306	0.11849073973008462	-0.5561783690667261
chr1_mat	96400000	96600000	0.012434181942611368	0.4465378006135112	0.14106977465178036	-0.3743315198375598
chr1_mat	96600000	96800000	0.010969561043561114	0.09075895620928737	0.2315031004694306	-0.48761592313747115
chr1_mat	96800000	97000000	0.011299661463587544	-0.7629231225469197	0.16526112978039809	0.04689787836436212
chr1_mat	97000000	97200000	0.012441548941325063	0.46881578098063575	0.3057380675974221	-0.46969806350889404
chr1_mat	97200000	97400000	0.01081956626692382	-0.18527791931959672	0.11487526191086447	-0.37986747342091626
chr1_mat	97400000	97600000	0.015385944224496885	-0.2899632630302464	0.44684727474351593	-0.497716183484557
chr1_mat	97600000	97800000	0.010917772662089436	-0.546571133814926	0.24858566830140644	-0.5489939868377316
chr1_mat	97800000	98000000	0.010176571898747464	-0.900973964922788	0.20668482766707405	-0.018365189082761132
chr1_mat	98000000	98200000	0.011304042689125436	0.25032571371578566	0.31184842542136887	-0.6227136954248212
chr1_mat	98200000	98400000	0.012340573461528727	0.148119413617904	0.38000904625554044	-0.6323617065297932
chr1_mat	98400000	98600000	0.010469165171277248	-0.3913284253585814	0.040287129012533	-0.2838776098009774
chr1_mat	98600000	98800000	0.011230546073820997	-0.3829703460470456	0.04614339711475545	-0.2673920551854477
chr1_mat	98800000	99000000	0.009902004833444193	-0.6876844394304377	0.4037454784066586	-0.2565984618999503
chr1_mat	99000000	99200000	0.011880537516108656	0.3049122399471773	0.02214760599738886	-0.37142391075979586
chr1_mat	99200000	99400000	0.009132899511481999	-1.0629457702451268	0.27814060020367043	-0.15524106767877233
chr1_mat	99400000	99600000	0.012485786097393325	0.4202373986493951	-0.16887906167495378	-0.4330312425390982
chr1_mat	99600000	99800000	0.013380656990242448	0.10550195551846384	0.1216461229170519	-0.5521326480845338
chr1_mat	99800000	100000000	0.012193629656455261	-0.32724295641527945	0.15048227594125269	-0.5474560065124736
chr1_mat	100000000	100200000	0.011803175006961607	-0.04369134657207651	0.17871017932339003	-0.6052964862937944
chr1_mat	100200000	100400000	0.010858519959723714	-0.12723584062500365	0.10105669886589655	-0.4467033545260229
chr1_mat	100400000	100600000	0.009708560043388504	0.027539165382576003	0.06613350443833166	-0.3845551047275064
chr1_mat	100600000	100800000	0.011908171386317912	0.08602200314367206	0.2005454721188626	-0.6547149060695503
chr1_mat	100800000	101000000	0.010108734382625224	-0.688479320542243	0.013998588750077963	-0.3656696307459603
chr1_mat	101000000	101200000	0.011251170604066918	0.4207194046928679	0.26044921936236143	-0.6147570523818692
chr1_mat	101200000	101400000	0.011905885984096977	0.6913821005279659	0.0010268636930611085	-0.45460742483867306
chr1_mat	101400000	101600000	0.010611322514544263	-0.13841074342586487	-0.06472004910109685	-0.3599252550456917
chr1_mat	101600000	101800000	0.010861388491517687	-0.354017117952813	0.12046743507343777	-0.544351254681493
chr1_mat	101800000	102000000	0.011539727694239396	0.5356053707570791	0.009899362803332437	-0.6634831283757584
chr1_mat	102000000	102200000	0.013002270466134683	0.37642967638540104	0.016397784263953667	-0.399576313131383
chr1_mat	102200000	102400000	0.010581681223481179	-1.282252265290271	0.019273536179510106	0.02590987399450058
chr1_mat	102400000	102600000	0.0092186991700698	-1.854985872881184	0.053513359171861036	0.2703682461136678
chr1_mat	102600000	102800000	0.01095688050892672	-1.1724771762782868	0.06990070464600805	-0.37822334384940587
chr1_mat	102800000	103000000	0.012716811026821396	-0.027855744086512105	0.06651098509579718	-0.7598186489698091
chr1_mat	103000000	103200000	0.011545661981173974	0.4624568392918239	0.032492236403495335	-0.5569032193770391
chr1_mat	103200000	103400000	0.010423650523301348	0.6961771903501195	0.05191933145351481	-0.4764363464463982
chr1_mat	103400000	103600000	0.010632261167485044	0.6966293370621609	0.006915055159111046	-0.3797100133496418
chr1_mat	103600000	103800000	0.011159912253738418	0.7543097643827127	0.1787254984236066	-0.5298894728259848
chr1_mat	103800000	104000000	0.010573351244844228	0.6448208155790064	-0.10044457022939347	-0.43634374715751045
chr1_mat	104000000	104200000	0.011143591101835241	0.6882872333095994	-0.007480287847683291	-0.28984857787645607
chr1_mat	104200000	104400000	0.010305726599331462	0.7121085710766524	0.17413140378327358	-0.4525380462638074
chr1_mat	104400000	104600000	0.010977115867568627	0.6734416146625919	0.11057916549115655	-0.4200471628684056
chr1_mat	104600000	104800000	0.010501608957858071	0.29053172997151494	0.15447836878913024	-0.6284759995563197
chr1_mat	104800000	105000000	0.00907847570272345	-1.1652422502693194	0.025548091421429466	-0.17729274840490042
chr1_mat	105000000	105200000	0.01243119184237288	0.3920827440351123	0.32432038073613806	-0.5212451992920597
chr1_mat	105200000	105400000	0.010117222066114592	0.6109104610187215	0.11104109375473119	-0.3300135460661837
chr1_mat	105400000	105600000	0.010982932193383376	0.6916031867181285	-0.062329688455276734	-0.42949773968441546
chr1_mat	105600000	105800000	0.010130907525183494	0.6814497801558367	0.19615851784396676	-0.671360903132667
chr1_mat	105800000	106000000	0.011925945480316568	0.5932285107918203	0.04350568922055452	-0.5211878660274155
chr1_mat	106000000	106200000	0.011187273758706368	0.6088597683257538	-0.027319101004965905	-0.5632228346011064
chr1_mat	106200000	106400000	0.011293629267545709	0.6470784464472198	0.23858681496867754	-0.5796328505604088
chr1_mat	106400000	106600000	0.010988274237004268	0.6312470659713898	0.02379380887523067	-0.5187854096024801
chr1_mat	106600000	106800000	0.010216436903032703	0.5929754285341292	0.018903638006958552	-0.6530345488216988
chr1_mat	106800000	107000000	0.010612420163652485	0.6839459063989738	0.08481357109513879	-0.43541472586826335
chr1_mat	107000000	107200000	0.010358881667772398	0.17354364802132322	0.20014901531841695	-0.6819783075003362
chr1_mat	107200000	107400000	0.010287549149201472	0.011444800970740009	0.04480368242603979	-0.6024636048198776
chr1_mat	107400000	107600000	0.011420309878396862	-0.5404467298317557	-0.02279824291286627	-0.43366959370875796
chr1_mat	107600000	107800000	0.013378112824457585	-0.21139173747748868	0.09004262831443006	-0.5748704769173981
chr1_mat	107800000	108000000	0.013830705552169	-1.0005483779088054	0.04047326182404066	-0.21800715673495735
chr1_mat	108000000	108200000	0.009418445306053926	-1.152094243058589	0.34274397154495373	-0.38596992419854637
chr1_mat	108200000	108400000	0.007634715865634619	-1.8604104962247539	-0.012184506569011452	0.47523184143975317
chr1_mat	108400000	108600000	0.010865024984386356	0.03550372372143738	-0.19479265001214607	-0.6129513651131644
chr1_mat	108600000	108800000	0.012278472088757993	0.41170239650139473	0.02026908644062784	-0.7451322637095384
chr1_mat	108800000	109000000	0.011295875603234211	0.22797517056461014	-0.10462155500000607	-0.6501013798701186
chr1_mat	109000000	109200000	0.011460352800167585	0.002994955483500655	-0.014346219468720736	-0.8185581609318682
chr1_mat	109200000	109400000	0.008024093333789463	-1.6487083986517355	-0.22861101609392917	0.4086724701349652
chr1_mat	109400000	109600000	0.010085724877490489	-1.4150031097865077	-0.4129177243044779	0.00997464383878898
chr1_mat	109600000	109800000	0.012212356714381908	0.12550209031055723	0.062453643355355984	-0.8858613169789035
chr1_mat	109800000	110000000	0.010942916364720116	-0.2633581423789477	-0.10106735313481882	-0.4767197904621722
chr1_mat	110000000	110200000	0.010231029692108177	-0.5172290322190638	0.14041044402291797	-0.6509979775326777
chr1_mat	110200000	110400000	0.012765520066121697	-0.6528793968695563	-0.617858450230316	-0.350574616901232
chr1_mat	110400000	110600000	0.02645136273842333	-1.577287850488966	-0.38399876819987916	0.20996863754329897
chr1_mat	110600000	110800000	0.009518571939274833	-1.2735403494712787	-0.5666772088664861	-0.13625866669775483
chr1_mat	110800000	111000000	0.011302989498536933	-0.018038740685102177	-0.30498043482798337	-0.8773968109277249
chr1_mat	111000000	111200000	0.009751132882670748	-0.9093580315441566	-0.6881000683100367	-0.23319931025311544
chr1_mat	111200000	111400000	0.010127918709021981	-0.6396034724444244	-0.5982359342264651	-0.3780487367288991
chr1_mat	111400000	111600000	0.011978990496614652	0.4209876607383725	-0.29850619552965924	-1.0766809892447322
chr1_mat	111600000	111800000	0.011678014302342698	0.8143295197580167	-0.4999979158633065	-0.9011843531272418
chr1_mat	111800000	112000000	0.011784662153212073	0.791652450991234	-0.4591838303797892	-0.6987265487243439
chr1_mat	112000000	112200000	0.011738142462030138	0.4923060467079975	-0.4144863564577674	-0.8077683233176948
chr1_mat	112200000	112400000	0.009841623733749808	-0.9612107695819363	-0.6950534475800625	-0.5050148368680917
chr1_mat	112400000	112600000	0.01129271390178705	-0.5333343236110496	-0.5463073280321507	-0.8043140589899361
chr1_mat	112600000	112800000	0.012208413965778387	0.21496599962774612	-0.39564471872952306	-1.075848283806756
chr1_mat	112800000	113000000	0.011859558414331934	0.4302634858751677	-0.4407119328144044	-0.9592422123667178
chr1_mat	113000000	113200000	0.011186379128540256	0.1806454763340025	-0.3064541236018245	-1.0672505705067792
chr1_mat	113200000	113400000	0.007358934359548456	-1.826858283302957	-0.6307179526269753	0.12352426344461587
chr1_mat	113400000	113600000	0.00992630170141862	-0.2743197069716677	-0.5668165914488251	-0.6629291194979529
chr1_mat	113600000	113800000	0.008591862675811355	-0.7479658443770951	-0.4979856778493164	-0.5200969374112334
chr1_mat	113800000	114000000	0.009182740553216195	-0.09984409301375842	-0.3656303314563212	-0.8462798508901375
chr1_mat	114000000	114200000	0.008993861334009898	-0.42407298747883515	-0.37402723240209856	-0.7027122826709591
chr1_mat	114200000	114400000	0.00901912360304105	-0.7034203248165731	-0.38618888392382045	-0.5806887116648045
chr1_mat	114400000	114600000	0.008623816171606785	-1.324292280460823	-0.6744257762837237	-0.039986909253161125
chr1_mat	114600000	114800000	0.010541007132771887	-0.9854373633456861	-0.6192921065647998	-0.13648761777652663
chr1_mat	114800000	115000000	0.008673301614945809	-1.8812563932516213	-0.8448844307736675	0.6232743966997998
chr1_mat	115000000	115200000	0.009175316215155266	-1.9162961600501605	-0.997234595235998	0.8521163983020329
chr1_mat	115200000	115400000	0.0114479516285944	-1.430540083086321	-0.6164683385262706	0.27998589074144115
chr1_mat	115400000	115600000	0.010228946112971463	-1.8886712824278378	-0.6923786289649861	0.9504780412386693
chr1_mat	115600000	115800000	0.020017829817186358	-1.5308520758988198	-0.6221210354641574	0.10371774452545977
chr1_mat	115800000	115909749				
chr1A_mat	0	200000	0.07499033850200254	-0.7033745023484334	-0.8867355005020252	-1.2497593329507837
chr1A_mat	200000	400000	0.01633496472581688	-1.4990215067197108	-1.1594625811326622	-0.8555436394052448
chr1A_mat	400000	600000	0.01046608406535952	-0.4508869642086803	-0.6214506323319834	-0.6754468483364482
chr1A_mat	600000	800000	0.013744021075710275	-1.1279564115988596	-1.1590378392645375	-0.3492148314921337
chr1A_mat	800000	1000000	0.012774609008512745	-1.5976334186176415	-1.5745686137327892	-0.1675584569844623
chr1A_mat	1000000	1200000	0.009217188889837736	-1.7860919955018022	-1.9242675677365668	-0.15524602232163776
chr1A_mat	1200000	1400000	0.00749181701433253	-1.5274765749737753	-1.500015090543655	-0.15237402925328525
chr1A_mat	1400000	1600000	0.006147715998545569	-1.2719368498558195	-1.0928057372296114	-0.5389893025588426
chr1A_mat	1600000	1800000	0.007671335100028913	0.008455292589161535	-0.5900110884222699	-0.8183151714417153
chr1A_mat	1800000	2000000	0.009554842756917583	-0.6365645087215676	-0.5785792917886655	-0.6763978816003061
chr1A_mat	2000000	2200000	0.009998763067947673	-1.1534008681428862	-1.066660687843932	-0.7988740762428593
chr1A_mat	2200000	2400000	0.010801694953643748	-0.15365079163288772	-0.6020630716217086	-0.7256250645900233
chr1A_mat	2400000	2600000	0.012244488039890401	0.9144024621730588	-0.5447423818816259	-0.8209179425007547
chr1A_mat	2600000	2800000	0.012301354457750019	0.7983571961266268	-0.588085196355905	-1.0787444364780285
chr1A_mat	2800000	3000000	0.012833405148559138	0.72507246167934	-0.38049538012	-1.0100551420776318
chr1A_mat	3000000	3200000	0.011693652937749262	-0.5725909185685567	-0.6958271057781119	-0.7140199072954214
chr1A_mat	3200000	3400000	0.008953412226804926	-1.8896018989943726	-1.5863295066126881	-0.40415291736441095
chr1A_mat	3400000	3600000	0.014922034282719378	-1.560155758453848	-1.2404638735924551	-0.30847007440820545
chr1A_mat	3600000	3800000				
chr1A_mat	3800000	4000000				
chr1A_mat	4000000	4200000				
chr1A_mat	4200000	4400000	0.02213005873449648	-1.4839734131436981	-0.8334021990397964	-0.8370972569108823
chr1A_mat	4400000	4600000	0.012199830199522421	-0.5871160870689596	-0.729515777870545	-0.6986882868316844
chr1A_mat	4600000	4800000	0.013712851974652116	0.8451396571978618	-0.14864258161644067	-0.655131353759119
chr1A_mat	4800000	5000000	0.011449324269520639	1.0614259216899544	-0.24519447255798385	-0.795662967720135
chr1A_mat	5000000	5200000	0.011181444249387393	1.116368431960444	-0.12189405063181857	-0.657570046889456
chr1A_mat	5200000	5400000	0.011058416852387737	1.037285866430359	-0.0706762078936233	-0.7578640786849472
chr1A_mat	5400000	5600000	0.012874639289277571	0.8487918299066042	-0.030668506035486136	-0.6587428952887943
chr1A_mat	5600000	5800000	0.012729396839813367	0.29033677195077784	-0.10175933778904134	-0.40720683772701644
chr1A_mat	5800000	6000000	0.013404162277683523	-0.22238289469961117	-0.19169934462849864	-0.3802873333946257
chr1A_mat	6000000	6200000	0.008853155966642174	-1.5232193196914001	-0.967710923952595	-0.3146466285065457
chr1A_mat	6200000	6400000	0.009615566649783507	-1.060310200825283	-0.5994071613662184	-0.46660712493952694
chr1A_mat	6400000	6600000	0.012472136266311754	0.30796695507085725	-0.15959518578037873	-0.4499070113278128
chr1A_mat	6600000	6800000	0.008672439095937226	-1.4186457221563713	-0.9018615965872679	-0.6114618042383483
chr1A_mat	6800000	7000000	0.012800870533183292	0.17886324991261648	-0.30369351550292584	-0.5952887595101868
chr1A_mat	7000000	7200000	0.012349512238941235	0.4764836595373459	-0.198031494076605	-0.4658167978125942
chr1A_mat	7200000	7400000	0.009815995837726922	-0.6816121602803783	-0.5649522757136727	-0.7642157166328868
chr1A_mat	7400000	7600000	0.010147767838171484	-0.2390979324274034	-0.4123457048634987	-0.7538693622019366
chr1A_mat	7600000	7800000	0.01172635042292319	0.833863532887518	-0.11894375217634383	-0.6654252818367183
chr1A_mat	7800000	8000000	0.01058263408091554	0.855782828316854	0.0044518120154745325	-0.4069630027153186
chr1A_mat	8000000	8200000	0.013446946574681505	0.2951976767072657	0.0391213926073843	-0.5476214545241898
chr1A_mat	8200000	8400000	0.010285612673736016	-1.2581053389717871	-0.5771476817512158	-0.38043163011894254
chr1A_mat	8400000	8600000	0.011345624187999743	0.6991373059016464	0.1274028202961827	-0.45484654725138274
chr1A_mat	8600000	8800000	0.013161177610645546	0.9040485306265638	0.07650782816343493	-0.3543192681170826
chr1A_mat	8800000	9000000	0.011352064574649663	1.0021031899288835	0.0797452218934998	-0.33464688641544554
chr1A_mat	9000000	9200000	0.010413211964104356	0.9392039117981829	0.01956866164860487	-0.22963202155979695
chr1A_mat	9200000	9400000	0.011222765089323105	0.9330335960997391	0.03739846672319381	-0.3374222730187147
chr1A_mat	9400000	9600000	0.010153554823296749	0.9253479025452017	0.12233753704591564	-0.38243081137172746
chr1A_mat	9600000	9800000	0.012892905984467202	0.9137596164815515	0.0878917036000684	-0.5816437703587188
chr1A_mat	9800000	10000000	0.011499629341792512	0.9606053900207425	0.1014480397016575	-0.35803572390126265
chr1A_mat	10000000	10200000	0.012719845251398479	0.8764822711778361	0.09294326289242262	-0.393514217051079
chr1A_mat	10200000	10400000	0.010209504759004187	0.9224525336991382	0.05204880233935524	-0.38428352683466693
chr1A_mat	10400000	10600000	0.011677524869847461	0.9004639082148275	0.06378077091420116	-0.3204008111146361
chr1A_mat	10600000	10800000	0.01157280098280459	0.8555881837870946	-0.026856314393863177	-0.3470992387673994
chr1A_mat	10800000	11000000	0.011236583568477407	0.8420195802148025	0.020281626481388024	-0.5333501645153905
chr1A_mat	11000000	11200000	0.010869607741315268	0.850670872648978	0.047745821037185256	-0.3477759538384588
chr1A_mat	11200000	11400000	0.010601703406606898	0.8758904314627256	0.07711096314626126	-0.5172766928491322
chr1A_mat	11400000	11600000	0.01139588611286543	0.6183856009782805	0.0844267166594362	-0.2709217184388746
chr1A_mat	11600000	11800000	0.010535069381819848	-0.09537287441135364	0.0913372701600146	-0.10118236269459555
chr1A_mat	11800000	12000000	0.00849134075125613	-1.1237629421289834	-0.3587306505959664	-0.07249223169910474
chr1A_mat	12000000	12200000	0.009627914708561716	-0.4687663510710277	-0.04195663899557677	-0.08799694803481453
chr1A_mat	12200000	12400000	0.007956920295765744	-1.0434714887080414	-0.3239388038064668	-0.19070088949401656
chr1A_mat	12400000	12600000	0.012603125825568457	0.37922350023035384	0.14187529035454133	-0.3069177068952467
chr1A_mat	12600000	12800000	0.012565976065903985	0.11951277932378405	-0.028156247643316028	-0.4394760551539711
chr1A_mat	12800000	13000000	0.013134492597498389	0.3871396383072048	0.047873408422673645	-0.5817372691605773
chr1A_mat	13000000	13200000	0.009817842973659606	-1.2439251140564662	-0.5533441401542799	-0.2614808964326604
chr1A_mat	13200000	13400000	0.011137874790244036	-0.6596226319685196	-0.17060728966994887	-0.24531738818151122
chr1A_mat	13400000	13600000	0.010756834099064843	-0.4554159593917848	-0.11597964859264229	-0.1655981475206974
chr1A_mat	13600000	13800000	0.011170078572665179	-0.5330922762926534	-0.03433493786616342	-0.08555806281059052
chr1A_mat	13800000	14000000	0.011498863655794351	-0.9112859880104678	-0.32041159535152935	-0.0017105719409478343
chr1A_mat	14000000	14200000	0.009781947936270543	-0.908444572046803	-0.21994480267778516	-0.16795185527410023
chr1A_mat	14200000	14400000	0.011006565440932058	-0.1201065989117126	-0.03559376426471694	-0.31654814571408835
chr1A_mat	14400000	14600000	0.012539015271701655	0.10632750446713361	0.029469492394995866	-0.43612323496255445
chr1A_mat	14600000	14800000	0.013696961580613166	0.5262432706562111	0.03942605300440579	-0.5093325754944095
chr1A_mat	14800000	15000000	0.01754178290035849	0.6315044104851409	0.07865408050720256	-0.475755595871302
chr1A_mat	15000000	15200000	0.010905332364346734	-0.28998502597939213	-0.07866252496542742	-0.4759886767338941
chr1A_mat	15200000	15400000	0.01298866411626527	-0.674953064059939	-0.07549431703036326	-0.42078511854436407
chr1A_mat	15400000	15600000	0.013288831904142987	-0.37857998961402506	-0.0340899610988547	-0.42769263997438556
chr1A_mat	15600000	15800000	0.012497090236966784	-0.4671118252174869	-0.0011233697838293462	-0.42867731607034115
chr1A_mat	15800000	16000000	0.016044417168432787	0.7605750239527843	0.12132891404917175	-0.4094829310179649
chr1A_mat	16000000	16200000	0.014385061325369186	0.8669514343204706	0.1752694392121483	-0.5129020070318746
chr1A_mat	16200000	16400000	0.013640436793972486	0.8734619468565769	0.11622152539439237	-0.22795597545423713
chr1A_mat	16400000	16600000	0.01268331793727384	0.8504740615075564	0.18028286936686264	-0.3028581561892394
chr1A_mat	16600000	16800000	0.020124306206559254	0.8461662068568503	0.20864483822691782	-0.4083245334229719
chr1A_mat	16800000	17000000	0.01583429074144495	0.8292472052392127	0.228647457763661	-0.3218444580500647
chr1A_mat	17000000	17200000	0.016936686758232868	0.8138410534165063	0.2576090547608882	-0.23240643087025167
chr1A_mat	17200000	17400000	0.014417803834906843	0.8936549599417566	0.22326899744783094	-0.22058692352890344
chr1A_mat	17400000	17600000	0.015693648496801958	0.8812068680752504	0.19184176066471698	-0.2845409481635249
chr1A_mat	17600000	17800000	0.013725350967178312	0.816636361565861	0.22697305789161115	-0.20994178641318106
chr1A_mat	17800000	18000000	0.012638772669805105	0.6377328127697989	0.210621740041588	-0.27450742806479306
chr1A_mat	18000000	18200000	0.014635358615371826	-0.7354398986813697	0.019972029200948847	-0.49681447290013986
chr1A_mat	18200000	18400000	0.020399851021807608	0.48596598759057186	0.22892126418124517	-0.2330791420025636
chr1A_mat	18400000	18600000	0.025004618663557715	0.23519524734299596	0.2635783380446915	-0.24639535395064918
chr1A_mat	18600000	18800000	0.017773262764942767	0.7161418336081435	0.21657549686831376	-0.2134290879437387
chr1A_mat	18800000	19000000	0.016143719143393746	0.8031291431852885	0.2679574075512255	-0.2608324082598146
chr1A_mat	19000000	19200000	0.016129228885061197	0.7812534541012638	0.29433713736260886	-0.20033398268838137
chr1A_mat	19200000	19400000	0.015612191113980496	0.4446288385503551	0.1691822014205236	-0.30301320734428905
chr1A_mat	19400000	19600000	0.009488343241035499	-0.8254029039063232	0.05069651819560095	-0.4204699864799664
chr1A_mat	19600000	19800000	0.016102313251739712	0.2923246376182849	0.23473832094081756	-0.1962459730250094
chr1A_mat	19800000	20000000	0.014784094047562198	0.49202826227721924	0.19017296733003658	-0.22074404214045742
chr1A_mat	20000000	20200000	0.024909703263300918	0.38607987232778235	0.31706919698462005	-0.37111166805482576
chr1A_mat	20200000	20400000	0.019356718599275898	0.8203747041604758	0.27810469955656075	-0.2706854445238991
chr1A_mat	20400000	20600000	0.01645805240435808	0.9095791870919453	0.22755406600114195	-0.11479548865003249
chr1A_mat	20600000	20800000	0.015208136472637081	0.7899190126795586	0.22328221283166733	-0.2489818689251368
chr1A_mat	20800000	21000000	0.011002592699730444	-0.20117450241067555	0.16380644986665607	-0.3240802525147619
chr1A_mat	21000000	21200000	0.013496732662467155	0.6410138184937608	0.24756524780085	-0.25561258866097236
chr1A_mat	21200000	21400000	0.014315062741383057	-0.2941587825688056	0.14657253811772464	-0.3159862345138849
chr1A_mat	21400000	21600000	0.011751654517877479	-0.28199710943110434	0.1884883094864145	-0.34693687140885376
chr1A_mat	21600000	21800000	0.019056578980875528	0.7356067776002715	0.24432239591533056	-0.19494673340816848
chr1A_mat	21800000	22000000	0.017669377127756652	0.8280369746103444	0.20152204311137115	-0.19322461941257854
chr1A_mat	22000000	22200000	0.015118392356337681	0.7623092481639244	0.21553083007245805	-0.26265294106455567
chr1A_mat	22200000	22400000	0.013711535699186816	0.6506374550415581	0.26547747034529307	-0.23302605693225428
chr1A_mat	22400000	22600000	0.013642870689168567	-0.3576905354748632	0.05155737522234115	-0.42356862871820816
chr1A_mat	22600000	22800000	0.015401000427845488	0.7917009950041748	0.2328193752193109	-0.1345985778643531
chr1A_mat	22800000	23000000	0.01828586755463512	0.8830057815341257	0.23724973768756388	-0.16423075434941475
chr1A_mat	23000000	23200000	0.019781775459520732	0.8574504284291645	0.22020494026286871	-0.3036154424282305
chr1A_mat	23200000	23400000	0.01756566126148096	0.7315353626352125	0.28722564979730086	-0.32506944955396516
chr1A_mat	23400000	23600000	0.016554405376990326	-0.3406738813606044	0.30169885704607363	-0.45944770825590237
chr1A_mat	23600000	23800000	0.01941129956842694	0.6712036166082879	0.29496110066196546	-0.37446420796572577
chr1A_mat	23800000	24000000	0.013284841699492884	-0.9691211648594977	0.20204894919356872	-0.43320404987420924
chr1A_mat	24000000	24200000	0.01719655114617101	-0.8289951940424529	0.331366214138016	-0.572670237231424
chr1A_mat	24200000	24400000	0.014446209058943012	0.4033546457614662	0.2560829973519986	-0.2795575135778713
chr1A_mat	24400000	24600000	0.027759888506369446	0.7164284448750199	0.24766016168526275	-0.3995283372813676
chr1A_mat	24600000	24800000	0.031796162720387704	0.7120237808361138	0.32197580008846965	-0.2302914760183533
chr1A_mat	24800000	25000000	0.021074475859007118	-1.2153851751534432	0.3474271077024603	-0.12464844048057905
chr1A_mat	25000000	25200000	0.02850454745508653	-0.2380071545663104	0.3645831787686043	-0.33475554286464493
chr1A_mat	25200000	25400000	0.021598336527511492	0.7744045498774984	0.30096535729014506	-0.34718800994169735
chr1A_mat	25400000	25600000	0.02567084669577111	0.7965881962771408	0.27998492175643724	-0.3935899599318976
chr1A_mat	25600000	25800000	0.01861527666085437	0.6644647207154768	0.25094055889742417	-0.22659347513659697
chr1A_mat	25800000	26000000	0.01720041348858653	-0.05454884645899463	0.2884026296254793	-0.25387521155503634
chr1A_mat	26000000	26200000	0.0121440160082314	-0.6108443422717287	0.3646691790657575	-0.3895365246862816
chr1A_mat	26200000	26400000	0.021035660684052746	0.49485930193014127	0.19734697782638763	-0.30900443246868337
chr1A_mat	26400000	26600000	0.01594855686436995	0.7095885617816347	0.2298572212003798	-0.19394866145531248
chr1A_mat	26600000	26800000	0.0197669120591483	0.8744711288127103	0.23745799676244417	-0.2147818473497021
chr1A_mat	26800000	27000000	0.019461387064596568	0.8744998926140184	0.26556788710756013	-0.2701742145338163
chr1A_mat	27000000	27200000	0.015858645883054776	0.8279814375037314	0.29085008044800725	-0.3073892636903638
chr1A_mat	27200000	27400000	0.023379474627305684	-0.23244818241997742	0.2927972838805086	-0.29014031415362307
chr1A_mat	27400000	27600000	0.011930125469958915	-0.5746048713831545	0.2705143404865139	-0.34688577273320564
chr1A_mat	27600000	27800000	0.016001380016148762	0.7402243670362342	0.32542605775411865	-0.28513808037204336
chr1A_mat	27800000	28000000	0.017283282397846475	0.7994683338479204	0.2733315597964657	-0.3450033601570291
chr1A_mat	28000000	28200000	0.020939509316943047	0.7728945379136685	0.30020690026171104	-0.4663183752199172
chr1A_mat	28200000	28400000	0.02008574929556249	-0.0932176537218901	0.3483907509630407	-0.4355583846333908
chr1A_mat	28400000	28600000	0.012062460098486771	-0.9893284163469624	0.6365295658038033	-0.530679913044097
chr1A_mat	28600000	28800000	0.01845132146479038	0.68053755114997	0.27976091654549534	-0.4257730711052997
chr1A_mat	28800000	29000000	0.01866925611261698	-0.4499852745560583	0.28392092810417335	-0.3503732219773381
chr1A_mat	29000000	29200000	0.017917995073925042	0.47729312028785004	0.2627440546784123	-0.34633501928502625
chr1A_mat	29200000	29400000	0.017661311980509114	0.5489859289988942	0.3211348855030787	-0.5007203558369483
chr1A_mat	29400000	29600000	0.01593466120454452	-0.49321093346690664	0.2602203301209913	-0.17329513646163766
chr1A_mat	29600000	29800000	0.017512682302733965	-1.3292558212856862	0.4468657553891945	-0.0928526392104168
chr1A_mat	29800000	30000000	0.015029109137125534	-0.8912776261347969	0.3616982396468854	-0.13488352997266617
chr1A_mat	30000000	30200000	0.020353067139274053	0.5491534613979038	0.20177821990891942	-0.28329955964043907
chr1A_mat	30200000	30400000	0.01605143865616933	0.11760524476090484	0.31141412136237934	-0.4724606199045046
chr1A_mat	30400000	30600000	0.0403694341898793	0.753819669467808	0.2783572486511284	-0.3334976934953987
chr1A_mat	30600000	30800000	0.02771664276754849	0.8655757607756006	0.28552071292931547	-0.4515114344052272
chr1A_mat	30800000	31000000	0.03245040177141534	0.9487419891434398	0.18984118293107938	-0.2203453194600485
chr1A_mat	31000000	31200000	0.03336227231286423	0.8287711327506646	0.2841912866680993	-0.4151686050848578
chr1A_mat	31200000	31400000	0.02616290226026683	0.8784894253664747	0.20738570193252306	-0.329294647757603
chr1A_mat	31400000	31600000	0.02664090953583434	0.7721807014617164	0.19979833589917964	-0.32032934773762317
chr1A_mat	31600000	31800000	0.014864852028910896	-0.9145677987149812	0.44893820568231674	-0.2457493360581895
chr1A_mat	31800000	32000000	0.015228306264063633	-0.9088520763386938	0.5110556741822055	-0.391285597724579
chr1A_mat	32000000	32200000	0.01649545526127014	-0.12958897044403264	0.3631030850722108	-0.3544280344060174
chr1A_mat	32200000	32400000	0.011828874149375657	-0.6264862156803871	0.4260934265176892	-0.19819488404739535
chr1A_mat	32400000	32600000	0.013200255487128814	-0.7546926240141266	0.4865005960543691	-0.4498032611215468
chr1A_mat	32600000	32800000	0.01607690162925345	-0.24111191936888376	0.475821133754506	-0.4689736239706521
chr1A_mat	32800000	33000000	0.02747041102506458	0.5698909636472639	0.3587759146799204	-0.5986616707701983
chr1A_mat	33000000	33200000	0.01578667414387337	-0.19415225840083591	0.38360538785982995	-0.42706675475434025
chr1A_mat	33200000	33400000	0.018354404455184947	0.5903814562359198	0.23168423028269383	-0.3809925826091893
chr1A_mat	33400000	33600000	0.012601235432918384	-0.15021761642307707	0.44190630719965585	-0.5161020353299125
chr1A_mat	33600000	33800000	0.018524317629681448	0.08508316183790887	0.33412951836949	-0.4881295444560247
chr1A_mat	33800000	34000000	0.01543906115915966	-0.4156519998460661	0.4830537056199608	-0.36006490648651424
chr1A_mat	34000000	34200000	0.014947069091139312	-1.009285024348552	0.5488689515379398	-0.2621018432388596
chr1A_mat	34200000	34400000	0.018137121166710582	-0.4508660551548565	0.6004527217495992	-0.4367870135988419
chr1A_mat	34400000	34600000	0.028594920692932846	-0.46104233988601834	0.6374598395559754	-0.48463618620933024
chr1A_mat	34600000	34800000	0.03905902863871486	0.30307481383002616	0.3881666297884636	-0.49341616785483583
chr1A_mat	34800000	35000000	0.039494863386684155	0.7413636776366926	0.2686642371781227	-0.3003974785665767
chr1A_mat	35000000	35200000	0.016936079379615082	-0.8139723558070276	0.5945093519214857	-0.4573692839707124
chr1A_mat	35200000	35400000	0.018274233175305042	0.144008905655736	0.35350920794475976	-0.5256042200292386
chr1A_mat	35400000	35600000	0.047280519515820914	0.6490752920867797	0.35176241343865944	-0.4038007327810686
chr1A_mat	35600000	35800000	0.025416080942998246	0.893127699667816	0.26172576141249887	-0.326188308920356
chr1A_mat	35800000	36000000	0.02665830754740033	0.962747858409285	0.25349436726258273	-0.28156548432453266
chr1A_mat	36000000	36200000	0.01896168422811648	0.916326150645966	0.19596649645234918	-0.3276165047513449
chr1A_mat	36200000	36400000	0.017429772450907734	0.685736611046994	0.3051844304857085	-0.3645754629154276
chr1A_mat	36400000	36600000	0.014338948952296707	-0.35420606456881015	0.3438250964201626	-0.42085497582072606
chr1A_mat	36600000	36800000	0.01609518658160449	-1.2252368088947303	0.7407974992526273	-0.5946824123030918
chr1A_mat	36800000	37000000	0.03248418999462635	-0.8167952735479997	0.5834793414428501	-0.4676905184244525
chr1A_mat	37000000	37200000	0.019005111071431848	0.5512320384176082	0.324943708334504	-0.42199175060267047
chr1A_mat	37200000	37400000	0.025771870611554056	0.8973660008087213	0.23387626301106873	-0.3591050767348395
chr1A_mat	37400000	37600000	0.03801137217706889	0.8104307477143823	0.19550006306232756	-0.23847659076381925
chr1A_mat	37600000	37800000	0.03236777112696976	0.839838635522813	0.2967711264412548	-0.19256543871835985
chr1A_mat	37800000	38000000	0.022325379283930878	0.9060928514933614	0.17704706927747327	-0.23708368615569944
chr1A_mat	38000000	38200000	0.02040872009155606	0.5442760338467444	0.30828181000700744	-0.2589209659329368
chr1A_mat	38200000	38400000	0.015553373883859238	-1.0084654271872098	0.6645918825417398	-0.4869878078382162
chr1A_mat	38400000	38600000	0.016938831288407584	0.5274333401847849	0.26417969805224367	-0.3209725150700112
chr1A_mat	38600000	38800000	0.018469664250017188	0.8407614886210977	0.2585569375903828	-0.38917708132443635
chr1A_mat	38800000	39000000	0.02651740639466384	0.9371425497406767	0.1848221207593861	-0.21432153200452228
chr1A_mat	39000000	39200000	0.01890670309525485	0.7424100472516574	0.20002438700140865	-0.12095523167443237
chr1A_mat	39200000	39400000	0.016152470719417812	-0.3676454348080869	0.3839278809375083	-0.4317953713196574
chr1A_mat	39400000	39600000	0.018781669959816984	0.717259427041398	0.22515840302870854	-0.16212225418501858
chr1A_mat	39600000	39800000	0.023864358971788326	0.9179851924622587	0.1732289096162197	-0.12402545407879034
chr1A_mat	39800000	40000000	0.023260544701816543	0.8773083191948071	0.2749016469433763	-0.2957245118476923
chr1A_mat	40000000	40200000	0.012630083431436507	0.3581306148470588	0.6126735472784165	0.4541857551976324
chr1A_mat	40200000	40400000	0.02880290901316906	0.5579905054219447	0.2131983074213459	-0.17318135300165935
chr1A_mat	40400000	40600000	0.023334577183913238	0.8941867879747754	0.19271938497848087	-0.22835398948421853
chr1A_mat	40600000	40800000	0.02334299640967382	0.8252810802941564	0.20389731282338705	-0.11421206915615159
chr1A_mat	40800000	41000000	0.016522079555112246	0.9061843331194378	0.17707296170630055	-0.04971989354832616
chr1A_mat	41000000	41200000	0.01870926752082768	0.8614031863843247	0.18578253548330229	-0.16718499958697672
chr1A_mat	41200000	41400000	0.027680208041478558	-0.017719454926464456	0.25085434562122383	-0.24735526776478134
chr1A_mat	41400000	41600000	0.043356017631796806	0.8388513331727351	0.22052836254725702	-0.2995382261371214
chr1A_mat	41600000	41800000	0.028063841755560336	0.5580194572037325	0.2291885684112062	-0.2009957855560329
chr1A_mat	41800000	42000000	0.03175926771428511	-0.5362722200296028	0.3760289134368407	-0.29379256197046993
chr1A_mat	42000000	42200000				
chr1A_mat	42200000	42400000	0.02487552769675542	0.8250743566593256	0.15894257361598416	-0.24163392228261618
chr1A_mat	42400000	42600000	0.021487136523468807	0.6590483179786311	0.17455047061339996	-0.3014580781771983
chr1A_mat	42600000	42800000	0.022344963285684073	-0.1117946740040797	0.3221828986269532	-0.23989542908374198
chr1A_mat	42800000	43000000	0.015708329081245077	-0.16689124036582836	0.48457525110457145	-0.3943607764149178
chr1A_mat	43000000	43200000	0.018453183040595508	-0.3629196941797581	0.4363013751755098	-0.37643913914500937
chr1A_mat	43200000	43400000	0.017207828616371375	-0.7199505660729117	0.6417724616258137	-0.34814603547597683
chr1A_mat	43400000	43600000	0.016751045520719696	0.029179641275604414	0.46248256045537683	-0.4302309021008895
chr1A_mat	43600000	43800000	0.012854391614157372	-0.8815201777611259	0.738870042722934	-0.4455914025331605
chr1A_mat	43800000	44000000	0.011479445111607287	-0.9193628192728953	0.6202202462604964	-0.39519158204875326
chr1A_mat	44000000	44200000	0.021646494350583842	-0.25857945459771836	0.4785050984569303	-0.4739360700868558
chr1A_mat	44200000	44400000	0.016042315687613162	-1.088608762631881	0.7846155767568644	-0.28501703794802913
chr1A_mat	44400000	44600000	0.018035964155514627	0.0435614574216954	0.2926049735889797	-0.26647558337511706
chr1A_mat	44600000	44800000	0.023217166256222548	0.3720641708384353	0.1887817141370852	-0.2950949579349558
chr1A_mat	44800000	45000000	0.030374478438970325	0.3502184438249101	0.3384652777476483	-0.46241868673767833
chr1A_mat	45000000	45200000	0.01144043363418838	-1.1206610665291785	0.7270857781204413	-0.42475007566469275
chr1A_mat	45200000	45400000	0.018280899830818997	0.7959147813684693	0.05973087853502062	-0.3846000174483525
chr1A_mat	45400000	45600000	0.022018630887519215	0.6015201446861898	0.07250267616284865	-0.40325502962136583
chr1A_mat	45600000	45800000	0.018966843496470473	-0.05573325739678174	0.332786568555051	-0.4999299111156855
chr1A_mat	45800000	46000000	0.015973157133886653	0.608062417257376	0.14506852302096468	-0.3915164592792078
chr1A_mat	46000000	46200000	0.017275214134650926	-0.9695751792056327	0.7854366686410837	-0.4757967306184596
chr1A_mat	46200000	46400000	0.016382412498484853	-0.836685405160461	0.8138621822198149	-0.360057265735701
chr1A_mat	46400000	46600000	0.009236546960939424	-1.2043930414911275	0.9441857092331826	-0.22833497634687305
chr1A_mat	46600000	46800000	0.01966190877259328	-0.3410788240163335	0.40824314608584317	-0.39750040098811107
chr1A_mat	46800000	47000000	0.025919315951732746	0.3945750761177714	0.3503757174813124	-0.47822227787939325
chr1A_mat	47000000	47200000	0.01654010738897187	-0.6962789727704982	0.7226474501211352	-0.4420329328577264
chr1A_mat	47200000	47400000	0.01793557952051603	-0.6808049910366804	0.6482722476235013	-0.48887850197756916
chr1A_mat	47400000	47600000	0.014476958658375423	-1.0419468394267972	0.8635208885917751	-0.15259965909183534
chr1A_mat	47600000	47800000	0.015950859567075443	-1.1048040996458244	1.191568965523844	-0.1640941222513278
chr1A_mat	47800000	48000000	0.011764868919305	-0.9831477099962338	1.0714927328169574	-0.04035401680000807
chr1A_mat	48000000	48200000	0.011312474184823893	-1.0499853807081596	1.1586473293815065	0.10729216829613418
chr1A_mat	48200000	48400000	0.014289578167513174	-1.086229876255019	1.2705166265851735	-0.012525800238694883
chr1A_mat	48400000	48600000	0.01287887613819924	-1.0123470762399889	1.087791956624237	-0.06322573802346963
chr1A_mat	48600000	48800000	0.013924054055334	-1.1966920713232434	1.1864365764850344	0.003399445730550686
chr1A_mat	48800000	49000000	0.019315456953866127	-0.20583800426711843	0.4806491979883758	-0.19427572598054585
chr1A_mat	49000000	49200000	0.014231801981371868	-0.9759708448942281	1.0252241369635422	-0.10729829960193833
chr1A_mat	49200000	49400000	0.013513108853097155	-0.9907607138676326	1.1084809592515212	-0.14980920273385387
chr1A_mat	49400000	49600000	0.012996544293429967	-1.0237228418754651	1.0267815491884356	0.010812258984725773
chr1A_mat	49600000	49800000	0.010307156397369427	-1.2292052793145167	1.3261163187939882	-0.19367363264371787
chr1A_mat	49800000	50000000	0.01503916785808874	-0.8109288310128453	0.8740528096946633	0.010169817603625314
chr1A_mat	50000000	50200000	0.014556629198839778	-0.6115337756057089	0.7914696500494914	-0.2932605048746244
chr1A_mat	50200000	50400000	0.013206971148907948	-0.8152933770446855	0.8126989785948253	-0.4325563667050522
chr1A_mat	50400000	50600000	0.014641346891965234	-0.6553338319086145	0.6120707241974173	-0.4845479224079482
chr1A_mat	50600000	50800000	0.016086707596199797	-0.21761932618538804	0.6124350437538312	-0.8753769240973619
chr1A_mat	50800000	51000000	0.01341036865910933	-0.17533269526442258	0.3250699880245315	-0.614058482784367
chr1A_mat	51000000	51200000	0.01857985638552416	0.9735915177394261	0.06809654294857821	-0.7185764199004598
chr1A_mat	51200000	51400000	0.01612472529345744	0.9690421270054724	0.09857490910726142	-0.5984615636536865
chr1A_mat	51400000	51600000	0.015872158917913107	0.8630091148536208	0.11909561805587	-0.4669645994570675
chr1A_mat	51600000	51800000	0.012955269025312115	-0.5432317220345381	0.606161463401207	-0.40604027165598394
chr1A_mat	51800000	52000000	0.011017405735428835	-0.9193813160068169	0.6214580670709722	-0.4794618492315425
chr1A_mat	52000000	52200000	0.014372136531712135	-0.17889124832218264	0.33456521220334484	-0.2882331954177438
chr1A_mat	52200000	52400000	0.011534540744932285	-0.6410681187950383	0.37124344195293296	-0.27394861151160005
chr1A_mat	52400000	52600000	0.009731220402717991	-1.031628512875813	0.7500857150215178	-0.3133493909160481
chr1A_mat	52600000	52800000	0.017712397201846145	0.2927957192997324	0.2602468124517347	-0.25115902400002243
chr1A_mat	52800000	53000000	0.01283125996828645	-0.11393632094702269	0.3875685963856418	-0.365225156344335
chr1A_mat	53000000	53200000	0.014418719781082806	0.37735791549210757	0.2561773329587227	-0.28747799866891455
chr1A_mat	53200000	53400000	0.010438539660672047	-0.7352390728545316	0.31419277413520286	-0.16017708453595178
chr1A_mat	53400000	53600000	0.014391134739085714	0.325776104616281	0.2418210749494628	-0.07633724124299193
chr1A_mat	53600000	53800000	0.015679249427915917	0.3560621700907711	0.19887809537975426	-0.05686066467232234
chr1A_mat	53800000	54000000	0.016223838202332762	0.31795567997823454	0.13020329561908384	-0.07389396982399622
chr1A_mat	54000000	54200000	0.011695557489202806	-0.6104794932954463	0.47249393609552365	-0.1768543176141323
chr1A_mat	54200000	54400000	0.011367992333842178	-0.8657173393822013	0.6453583230925726	-0.28065048439988494
chr1A_mat	54400000	54600000	0.015586798677221618	0.10742519912135975	0.20128129464099292	-0.06661453405266703
chr1A_mat	54600000	54800000	0.01572677679801733	0.2703259417319559	0.1678091145860643	0.06199702060224132
chr1A_mat	54800000	55000000	0.014972298113898606	0.5370591220304475	0.1499507767465093	0.0312816216799671
chr1A_mat	55000000	55200000	0.014556489460351983	0.10423877654587452	0.12473396275321108	0.07865876673217626
chr1A_mat	55200000	55400000	0.013042097159925515	-0.4541334121615511	0.41642740395824807	0.08677973969871386
chr1A_mat	55400000	55600000	0.00836780883043764	-1.415017215925489	0.8845178538069217	-0.28654556704346584
chr1A_mat	55600000	55800000	0.014389732885419327	-0.25783990908982657	0.35391634963222307	0.06745031423419066
chr1A_mat	55800000	56000000	0.011052792616664028	-0.5907912709403774	0.5556631115507025	0.07600440544172447
chr1A_mat	56000000	56200000	0.014990996946051776	0.5066609728900657	0.13037471121648714	0.17557145301564275
chr1A_mat	56200000	56400000	0.011580802512996362	-0.5723850473702553	0.4381698988874396	-0.20005499946149682
chr1A_mat	56400000	56600000	0.013461567136103154	0.044970482129466506	0.2656086222795516	0.10117542362992836
chr1A_mat	56600000	56800000	0.014247726066365134	0.761973442732154	0.07135367241739173	0.2262842638702234
chr1A_mat	56800000	57000000	0.016381300898569442	0.6946003857949693	0.08954083294987977	0.24980662054103428
chr1A_mat	57000000	57200000	0.014984945125536052	0.46351070166139097	0.14770446094710882	0.09189571996707428
chr1A_mat	57200000	57400000	0.013953311510692332	-0.4931778900050991	0.2599692081173534	0.08176750491134732
chr1A_mat	57400000	57600000	0.01570444054152372	-0.2014408832794412	0.29827088965961673	0.02764688391945995
chr1A_mat	57600000	57800000	0.01189564867816704	-1.1916426524332202	0.5933845045909723	-0.12021743471349942
chr1A_mat	57800000	58000000	0.013869789350699421	-1.2161828685797993	0.6556249853951704	-0.2942415334917003
chr1A_mat	58000000	58200000	0.018494090901727912	-0.5610906698712743	0.31626455750404664	0.05895581512098551
chr1A_mat	58200000	58400000	0.053083714117137346	0.5814681287383823	0.1808433738780949	0.3165685188183185
chr1A_mat	58400000	58600000	0.05114902781863048	0.7666479923295598	0.14646724908616224	0.14508266810994855
chr1A_mat	58600000	58800000				
chr1A_mat	58800000	59000000				
chr1A_mat	59000000	59200000				
chr1A_mat	59200000	59400000				
chr1A_mat	59400000	59600000				
chr1A_mat	59600000	59800000				
chr1A_mat	59800000	60000000				
chr1A_mat	60000000	60200000				
chr1A_mat	60200000	60400000				
chr1A_mat	60400000	60600000				
chr1A_mat	60600000	60800000	0.03600738369848238	0.30911543851273743	0.15461744620048629	0.9244123853017739
chr1A_mat	60800000	61000000	0.021502484404604567	-0.15153809402815388	0.22838181295243337	0.7037592261048433
chr1A_mat	61000000	61200000	0.014485098358974569	-0.7933572179217354	0.5539437103795023	0.1734289277815574
chr1A_mat	61200000	61400000	0.016503091522915934	0.2751535160890402	0.227331907312412	0.98983395324726
chr1A_mat	61400000	61600000	0.015973551393681878	-0.04396115575727934	0.33004749862064686	0.6305829880731915
chr1A_mat	61600000	61800000	0.017689076150633937	0.54529993397919	0.32307199924541374	0.7670491649869222
chr1A_mat	61800000	62000000	0.017765902545757824	0.704338973285011	0.2209118917074316	0.6178843633445578
chr1A_mat	62000000	62200000	0.016905435583499877	0.3541006937062593	0.33849562729269067	0.6526816605777327
chr1A_mat	62200000	62400000	0.012041003686339993	-0.39508347616518164	0.358729392208664	0.6036549232334458
chr1A_mat	62400000	62600000	0.017780176526370428	0.2543677086457948	0.3531455142727167	0.7193448149599714
chr1A_mat	62600000	62800000	0.012337146188402278	-0.4954131113595085	0.3941495028033443	0.47815934745058325
chr1A_mat	62800000	63000000	0.017554599726644117	0.22463600616652685	0.4318976373250084	0.94394792707236
chr1A_mat	63000000	63200000	0.015442580164004262	0.018472495516679954	0.17279560309898895	0.8211194580386896
chr1A_mat	63200000	63400000	0.01151290550931429	-0.9974958609448434	0.8201931688232365	0.12789713227353122
chr1A_mat	63400000	63600000	0.013274380063132663	-0.25522923221850763	0.34231803821538354	0.6591278093107354
chr1A_mat	63600000	63800000	0.013580272021330504	-0.2673177123336034	0.47233089102236686	0.6034880881467183
chr1A_mat	63800000	64000000	0.011537160806307145	-0.7946115228643478	0.5618284745537127	0.2676842354022646
chr1A_mat	64000000	64200000	0.00990161734487052	-1.103006783516729	0.8143607699501296	0.18527302490552783
chr1A_mat	64200000	64400000	0.016213675629312575	0.09573227898881626	0.3155082410143515	0.8369220936416825
chr1A_mat	64400000	64600000	0.017390219242318233	-0.01218031376448569	0.38636036612421215	0.5682759020609817
chr1A_mat	64600000	64800000	0.01697023929963102	0.21050142236960948	0.3287746839407965	0.8024813474400573
chr1A_mat	64800000	65000000	0.011168859819654231	-0.7538671371717415	0.46974979750542945	0.24508507048094103
chr1A_mat	65000000	65200000	0.011940817733685712	-0.6058416135185494	0.45533078746219496	0.37835451149581895
chr1A_mat	65200000	65400000	0.011078831019119762	-0.7957464718951076	0.6076177054187256	0.2886771263617661
chr1A_mat	65400000	65600000				
chr1A_mat	65600000	65800000	0.015157441813079006	0.48841040537102975	0.2939315913380536	0.802802947784027
chr1A_mat	65800000	66000000	0.014846270784315703	0.4097268875247043	0.27796000201074444	0.9370859035322715
chr1A_mat	66000000	66200000	0.01301955348196444	-0.21432460498440087	0.39933544725755454	0.6890726662185382
chr1A_mat	66200000	66400000	0.012305589302418096	-0.4801472289539957	0.4840485564338109	0.32191347965231565
chr1A_mat	66400000	66600000	0.0147928127142399	0.4896751971725303	0.1906147990346124	0.738783361749566
chr1A_mat	66600000	66800000	0.013511711775572949	0.5557321850179586	0.30512043220037477	0.6507167985334625
chr1A_mat	66800000	67000000	0.014526059310842767	0.6554209972056183	0.17269058560800485	0.7166813000837489
chr1A_mat	67000000	67200000	0.014665405598516477	0.6336647850362644	0.22919650926908938	0.6764615957301547
chr1A_mat	67200000	67400000	0.016058500291985682	0.2943863562017276	0.3406601812534312	0.6080791801634288
chr1A_mat	67400000	67600000	0.013956154749001153	-0.22612199387683796	0.3221954101690584	0.39589259991324754
chr1A_mat	67600000	67800000	0.01562377118366948	0.5544117234731843	0.22571811500372563	0.6332366687836599
chr1A_mat	67800000	68000000	0.01489604065690398	0.5647167825839912	0.19024104803122044	0.7051572192835938
chr1A_mat	68000000	68200000	0.015451062194426492	0.48559022936030344	0.18037251814804212	0.733912566710003
chr1A_mat	68200000	68400000	0.01606621991187654	-0.08007470907682013	0.14595256786223154	0.5240900157127912
chr1A_mat	68400000	68600000	0.011050978258915494	-1.0221842150957636	0.3648965667964211	0.18146825075482084
chr1A_mat	68600000	68800000	0.012099363004147778	-1.1244007280184602	0.5608834281374365	0.10255926934861913
chr1A_mat	68800000	69000000	0.013932376323654577	-0.6503268722838836	0.49804035540914804	0.2045029621481081
chr1A_mat	69000000	69200000	0.016019057495837274	0.4534706571573008	0.1686082684586761	0.7972986070403635
chr1A_mat	69200000	69400000	0.015527528253732392	0.198582470004483	0.058865543401169826	0.7554220513027751
chr1A_mat	69400000	69600000	0.0138516109121322	-0.7357104703186751	0.5138394517274808	0.22166360148325864
chr1A_mat	69600000	69800000	0.016410371679957535	-0.345400828594956	0.27652797971803583	0.5042655310788648
chr1A_mat	69800000	70000000	0.011761147428869885	-0.675375827305343	0.2514846986236257	0.2489582777056971
chr1A_mat	70000000	70200000	0.012967908023120886	-0.8673231432106642	0.2623342569733607	0.27083950559160386
chr1A_mat	70200000	70400000	0.010691998316532439	-0.8390281580495731	0.3051481350760402	0.35492479851232045
chr1A_mat	70400000	70600000	0.014298513268781787	-0.2914073497406237	0.12155961925117122	0.5854218353456914
chr1A_mat	70600000	70800000	0.01694407563597123	0.6499095448922244	-0.03720914568501626	0.776141616971428
chr1A_mat	70800000	71000000	0.01749800485123316	0.5057136984839907	-0.0704041880907458	0.8658572983463121
chr1A_mat	71000000	71200000	0.01577761299197659	0.3898544492973414	0.055435709134878663	0.7309378028238971
chr1A_mat	71200000	71400000	0.016264914869382318	0.30030348361415093	-0.1055873230878654	0.8362621696653497
chr1A_mat	71400000	71600000	0.012948453730638871	-0.9189065568406148	0.156183068498115	0.19851798396979103
chr1A_mat	71600000	71800000	0.020813277789464815	-1.0067166163061523	0.2845025787315447	0.22984256809004824
chr1A_mat	71800000	72000000				
chr1A_mat	72000000	72089520				
chr2_mat	0	200000	0.07991476569368451	-0.30299538053745206	-0.383165071802493	-0.4050452422783239
chr2_mat	200000	400000	0.021343375030302827	-0.5505287703239037	-0.46169903031137377	-0.30890704873212865
chr2_mat	400000	600000	0.015554241588449641	-0.7255463933112816	-0.5454979967098288	0.21157978247561915
chr2_mat	600000	800000	0.009964553900296522	-1.0277162062760297	-0.6980314554553068	-0.19095483883388892
chr2_mat	800000	1000000	0.010522858691856136	-0.584138340961857	-0.5356820046915491	-0.09147318621299577
chr2_mat	1000000	1200000	0.008601484045793851	-0.8179380378441649	-0.46136423958895423	-0.32802158000036014
chr2_mat	1200000	1400000	0.009129001898348484	-0.4457458628218085	-0.0033595176328476343	-0.36731752409563384
chr2_mat	1400000	1600000	0.009541401661432981	0.706632407304613	-0.2714909950644409	-0.5480996483008393
chr2_mat	1600000	1800000	0.00853124340680395	0.19980271262372515	0.0014373270110803302	-0.3835168534029609
chr2_mat	1800000	2000000	0.011031790011579723	1.0573169760297954	0.19234242669931184	-0.45997835750157745
chr2_mat	2000000	2200000	0.012573572290931166	0.8160506447440161	-0.3641661167879945	-0.35270300756386874
chr2_mat	2200000	2400000	0.012275683130274221	0.3182536343418395	-0.35971364897233793	-0.19740814786627173
chr2_mat	2400000	2600000	0.009072215664875854	-0.9053232886698687	-0.05442603693534422	-0.3101456093475227
chr2_mat	2600000	2800000	0.00957128690880109	-0.793694506757334	-0.24448009930305278	-0.387129457667802
chr2_mat	2800000	3000000	0.0119432828988938	-0.00908625596701954	-0.214817280600973	-0.3687534658250388
chr2_mat	3000000	3200000	0.011926798767631173	0.8860263162799296	-0.21381808412563053	-0.19856103328981722
chr2_mat	3200000	3400000	0.011638283677762663	1.0219837643477092	-0.17924237720898453	0.027296484123665487
chr2_mat	3400000	3600000	0.012283905277233097	0.9907051683345567	-0.16460856366999332	0.01695405991973628
chr2_mat	3600000	3800000	0.012480641860735142	1.0054281829772407	0.08948375095439452	-0.021863360672029538
chr2_mat	3800000	4000000	0.01232772973601357	1.050155570232153	-0.22479546480128182	-0.29943866172795724
chr2_mat	4000000	4200000	0.01265018418878128	0.8935560289989665	0.24388002242409254	-0.12978222358136565
chr2_mat	4200000	4400000	0.012208205292604432	0.028954247501649013	0.03683793511498967	-0.4839109429495522
chr2_mat	4400000	4600000	0.014075193043731544	0.6408816445570289	-0.25846944134710587	-0.2631556673595425
chr2_mat	4600000	4800000	0.012252293494647395	0.06202897790021654	-0.3571589818521078	-0.19581234299618436
chr2_mat	4800000	5000000	0.011190023978654054	-0.6800159911308672	-0.2901281113396412	-0.3534017208987767
chr2_mat	5000000	5200000	0.012676484909681937	-0.4262452334274317	0.02190444045289467	-0.14434632897770736
chr2_mat	5200000	5400000	0.009791513925503972	-0.7182033039743991	-0.2671371769533491	-0.2626006484149884
chr2_mat	5400000	5600000	0.013431468950670303	0.6833085039846643	-0.2911332395046295	-0.05309647185882438
chr2_mat	5600000	5800000	0.014493232547036472	0.515006025830127	-0.23041349898977742	-0.09695728539764988
chr2_mat	5800000	6000000	0.01604794195565684	0.5011484754766278	-0.2547618863356387	-0.28296375087273523
chr2_mat	6000000	6200000	0.014524913978420375	0.7913598983429077	-0.25092451670673854	-0.3865331802598286
chr2_mat	6200000	6400000	0.012296924832006166	-0.3475992281476963	-0.28024157170250213	-0.3476599005379607
chr2_mat	6400000	6600000	0.010906471586199857	-0.5700963512235993	-0.06934454049268732	-0.2909297897556537
chr2_mat	6600000	6800000	0.010164856442545934	-0.908617232145334	-0.3627807016618766	-0.27373054694828636
chr2_mat	6800000	7000000	0.011474019800540448	-1.0194687249879855	-0.43211775045999606	-0.2458098671324653
chr2_mat	7000000	7200000	0.012456798300658427	0.35408754477469584	-0.08184107869561091	-0.12580807072831943
chr2_mat	7200000	7400000	0.01510755400378461	0.9981287348419523	-0.34198392807856026	-0.30426893705657165
chr2_mat	7400000	7600000	0.013057470531031803	0.9943098447599478	-0.48919236426929635	-0.13111399655184175
chr2_mat	7600000	7800000	0.015258974179537995	1.1192299051156693	-0.31992971046932744	-0.1931200104625723
chr2_mat	7800000	8000000	0.012178803505439288	0.19837687229174303	-0.3393013712266213	-0.21394147866395993
chr2_mat	8000000	8200000	0.015165963953740267	0.05670265913448924	-0.24736491187893928	-0.5077215306802728
chr2_mat	8200000	8400000	0.010231036997345398	-0.8453767263121063	-0.2920746508679063	-0.43745974671542837
chr2_mat	8400000	8600000	0.014837294432973472	0.8230514350514441	-0.2691150776225669	-0.30463880972081375
chr2_mat	8600000	8800000	0.01379651283102506	0.533072168994854	0.08897146107877477	-0.0991993073841385
chr2_mat	8800000	9000000	0.011457060490746247	-0.64508116470239	-0.3287834956900021	-0.41229145227632635
chr2_mat	9000000	9200000	0.010605229061448196	-0.88774542187699	-0.5701286519534599	-0.35388644253762364
chr2_mat	9200000	9400000	0.015180862653393114	0.6497575011522194	-0.3715815970820077	-0.05667625190438376
chr2_mat	9400000	9600000	0.014303369915364638	1.017497541244071	-0.341717623629677	-0.015439153750293654
chr2_mat	9600000	9800000	0.01305243840396765	0.5990934471086528	-0.5794891721103133	0.3954625012382817
chr2_mat	9800000	10000000	0.012153618722444295	0.15191046668128724	-0.2715162490032316	-0.3261908875224612
chr2_mat	10000000	10200000	0.013372943577250163	0.5850261712835075	-0.3534321613372581	0.12447117714913873
chr2_mat	10200000	10400000	0.013327861213289013	-0.38649628557611115	0.1587309670854509	-0.3275851906625693
chr2_mat	10400000	10600000	0.017451220780758888	0.2845258917498403	-0.4407252321015691	0.019302108737365944
chr2_mat	10600000	10800000	0.011850282638251237	-0.6520196695773252	0.09140203969643891	-0.5139300126585651
chr2_mat	10800000	11000000	0.012783730242826091	-0.16769548130945305	-0.2214286379689966	-0.43361431318424404
chr2_mat	11000000	11200000	0.016836122927703936	1.008667382207484	-0.40009498909426716	-0.15223797644503415
chr2_mat	11200000	11400000	0.017550148210797017	1.184019592995382	-0.3678640861071636	-0.3942696351196611
chr2_mat	11400000	11600000	0.013814809700519766	0.9884271638523265	-0.3865944903780612	0.06837279498934613
chr2_mat	11600000	11800000	0.01400354167273403	0.8952985052531119	-0.4160047402207475	0.07832254814291215
chr2_mat	11800000	12000000	0.01301658481277241	-0.17417699464416087	-0.26855376226429106	-0.4178341776077174
chr2_mat	12000000	12200000	0.01502386013202961	0.7101855484429557	-0.41783543366333564	0.044191327463734456
chr2_mat	12200000	12400000	0.015282128239225643	-0.021530172094872915	-0.3379463188876924	-0.35086745416553977
chr2_mat	12400000	12600000	0.016758134675850404	0.6984478913051216	-0.4177700999300941	0.06950471400660893
chr2_mat	12600000	12800000	0.014097604317938783	0.9730321874118399	-0.3158220621405915	-0.025393675860445584
chr2_mat	12800000	13000000	0.01327000658391862	0.9030890145502515	-0.4503148487635372	0.039656616467510626
chr2_mat	13000000	13200000	0.015903347731759936	0.8311816130767903	-0.376239549714242	0.10018310487424711
chr2_mat	13200000	13400000	0.01478912835178535	0.07025335189464918	-0.3145238027109983	-0.08626481116654187
chr2_mat	13400000	13600000	0.010977485744146656	-0.9933168061072397	-0.3199624606122421	-0.5415839933736356
chr2_mat	13600000	13800000	0.014461433077764378	0.41551706827266244	0.24481609389538328	0.052263178979834964
chr2_mat	13800000	14000000	0.017533021590998767	0.8750042181304437	-0.25909437553776904	-0.11228471792769217
chr2_mat	14000000	14200000	0.01673883529524097	0.7505335134319734	-0.43147088578587883	0.3007040023457954
chr2_mat	14200000	14400000	0.014413002582263685	0.27188964201090315	-0.43438314150128654	0.09482743002910185
chr2_mat	14400000	14600000	0.015226823917194137	-0.2140924772340411	-0.43640627610841837	-0.1391837802513051
chr2_mat	14600000	14800000	0.01040002360813703	-0.9512659702721857	-0.474865481490747	-0.4623995296608181
chr2_mat	14800000	15000000	0.015912174927984475	-0.017928046415221294	-0.3729904430478818	0.025106694958626056
chr2_mat	15000000	15200000	0.014566338557435159	-0.31348053759726596	-0.39260678784583314	-0.3438209634517238
chr2_mat	15200000	15400000	0.015138013955238132	0.08459469240257839	-0.2885763317766119	-0.10169523520190629
chr2_mat	15400000	15600000	0.0158625194386982	-0.16780932964656894	-0.31631934319719657	-0.41933075353226285
chr2_mat	15600000	15800000	0.014475577565077022	0.030464913491729872	-0.2701750216430061	-0.25315705926850407
chr2_mat	15800000	16000000	0.014178997879634087	-0.4459341419866453	-0.3714166262548921	-0.22385242738807365
chr2_mat	16000000	16200000	0.013719368141290465	-0.6365067064896911	-0.4629052598213004	-0.34902602073686223
chr2_mat	16200000	16400000	0.018814645116675282	0.4671540315911742	-0.30645284604939327	0.009556753277388854
chr2_mat	16400000	16600000	0.01548686513462592	-0.5922678542558408	-0.4169556961549733	-0.44447667100940413
chr2_mat	16600000	16800000	0.01258575782728983	-0.8184210225043742	-0.47688558399150327	-0.4200222976324579
chr2_mat	16800000	17000000	0.014081853828389834	-0.03248966424867902	-0.34875947840471055	-0.2504248613971314
chr2_mat	17000000	17200000	0.01663799700804765	0.7781291211686971	-0.24238286757923178	-0.25002244410635444
chr2_mat	17200000	17400000	0.016043005584380068	0.5989178246410476	0.3263719252196032	-0.1788288125211425
chr2_mat	17400000	17600000	0.013573713677867895	-0.5720536303906115	-0.3090870981716691	-0.33726273573108034
chr2_mat	17600000	17800000	0.018260329497325034	0.564318614871432	-0.2476967536289919	-0.07820285639144407
chr2_mat	17800000	18000000	0.01793993906776747	0.9509593323232142	-0.16077129232585533	-0.18913393484817087
chr2_mat	18000000	18200000	0.01390949451625008	-0.2917222016579506	-0.2485095545761627	-0.3898642849917677
chr2_mat	18200000	18400000	0.017933508480882987	-0.19878965545411337	-0.3508089431150206	-0.3686770955626152
chr2_mat	18400000	18600000	0.017833938875513676	-0.001319541083002992	-0.38721239643274213	-0.24318838329679945
chr2_mat	18600000	18800000	0.02063906809720677	-1.0623595254782374	-0.28314767628489257	-0.4898465440931069
chr2_mat	18800000	19000000	0.014060736122942183	-0.48838658079009134	-0.30375045705151016	-0.43441069373895125
chr2_mat	19000000	19200000	0.02007144901274862	1.1078527170908357	-0.13048916070161168	-0.25941504051450215
chr2_mat	19200000	19400000	0.020557924668736495	1.243034876867956	-0.1111307431908501	-0.28081104372512317
chr2_mat	19400000	19600000	0.019467751166363404	0.7804666269600956	-0.14514364733839585	-0.38717360222419944
chr2_mat	19600000	19800000	0.019531073030270543	0.9484960302639645	0.33452625227513944	-0.04548647516134898
chr2_mat	19800000	20000000	0.015584702729593402	0.05504799156993246	0.00567581516419839	-0.27466160420294317
chr2_mat	20000000	20200000	0.015560245004112966	0.6465688592135266	-0.20216362920460199	0.07547801764381486
chr2_mat	20200000	20400000	0.021007666829354937	1.079425478133838	-0.0006980501732511297	-0.16511248484114813
chr2_mat	20400000	20600000	0.01556991240435977	-0.10501671977779223	0.2603939274481346	-0.14579194287593086
chr2_mat	20600000	20800000	0.012865281842120237	-0.942970215008261	-0.6145662412466143	-0.1761054810389268
chr2_mat	20800000	21000000	0.01853863142698491	-0.34173728337011744	-0.3382084807213801	-0.13275087028225743
chr2_mat	21000000	21200000	0.019213544368519072	-0.46582195295028167	-0.2996582496103363	-0.3989297034108628
chr2_mat	21200000	21400000	0.01731772472328806	-1.0323104077754537	-0.720043110551083	-0.18637658077075514
chr2_mat	21400000	21600000				
chr2_mat	21600000	21800000				
chr2_mat	21800000	22000000				
chr2_mat	22000000	22200000				
chr2_mat	22200000	22400000				
chr2_mat	22400000	22600000				
chr2_mat	22600000	22800000				
chr2_mat	22800000	23000000				
chr2_mat	23000000	23200000				
chr2_mat	23200000	23400000				
chr2_mat	23400000	23600000				
chr2_mat	23600000	23800000				
chr2_mat	23800000	24000000				
chr2_mat	24000000	24200000				
chr2_mat	24200000	24400000				
chr2_mat	24400000	24600000				
chr2_mat	24600000	24800000				
chr2_mat	24800000	25000000				
chr2_mat	25000000	25200000				
chr2_mat	25200000	25400000				
chr2_mat	25400000	25600000				
chr2_mat	25600000	25800000				
chr2_mat	25800000	26000000				
chr2_mat	26000000	26200000				
chr2_mat	26200000	26400000				
chr2_mat	26400000	26600000				
chr2_mat	26600000	26800000				
chr2_mat	26800000	27000000				
chr2_mat	27000000	27200000				
chr2_mat	27200000	27400000				
chr2_mat	27400000	27600000				
chr2_mat	27600000	27800000				
chr2_mat	27800000	28000000				
chr2_mat	28000000	28200000				
chr2_mat	28200000	28400000				
chr2_mat	28400000	28600000				
chr2_mat	28600000	28800000				
chr2_mat	28800000	29000000				
chr2_mat	29000000	29200000				
chr2_mat	29200000	29400000				
chr2_mat	29400000	29600000				
chr2_mat	29600000	29800000				
chr2_mat	29800000	30000000				
chr2_mat	30000000	30200000				
chr2_mat	30200000	30400000				
chr2_mat	30400000	30600000				
chr2_mat	30600000	30800000				
chr2_mat	30800000	31000000				
chr2_mat	31000000	31200000				
chr2_mat	31200000	31400000				
chr2_mat	31400000	31600000				
chr2_mat	31600000	31800000				
chr2_mat	31800000	32000000				
chr2_mat	32000000	32200000				
chr2_mat	32200000	32400000				
chr2_mat	32400000	32600000				
chr2_mat	32600000	32800000				
chr2_mat	32800000	33000000				
chr2_mat	33000000	33200000				
chr2_mat	33200000	33400000				
chr2_mat	33400000	33600000				
chr2_mat	33600000	33800000				
chr2_mat	33800000	34000000				
chr2_mat	34000000	34200000				
chr2_mat	34200000	34400000				
chr2_mat	34400000	34600000				
chr2_mat	34600000	34800000				
chr2_mat	34800000	35000000				
chr2_mat	35000000	35200000				
chr2_mat	35200000	35400000				
chr2_mat	35400000	35600000				
chr2_mat	35600000	35800000				
chr2_mat	35800000	36000000				
chr2_mat	36000000	36200000				
chr2_mat	36200000	36400000				
chr2_mat	36400000	36600000				
chr2_mat	36600000	36800000				
chr2_mat	36800000	37000000				
chr2_mat	37000000	37200000				
chr2_mat	37200000	37400000				
chr2_mat	37400000	37600000				
chr2_mat	37600000	37800000				
chr2_mat	37800000	38000000				
chr2_mat	38000000	38200000				
chr2_mat	38200000	38400000				
chr2_mat	38400000	38600000				
chr2_mat	38600000	38800000				
chr2_mat	38800000	39000000				
chr2_mat	39000000	39200000				
chr2_mat	39200000	39400000				
chr2_mat	39400000	39600000				
chr2_mat	39600000	39800000				
chr2_mat	39800000	40000000				
chr2_mat	40000000	40200000				
chr2_mat	40200000	40400000				
chr2_mat	40400000	40600000				
chr2_mat	40600000	40800000				
chr2_mat	40800000	41000000				
chr2_mat	41000000	41200000				
chr2_mat	41200000	41400000				
chr2_mat	41400000	41600000				
chr2_mat	41600000	41800000				
chr2_mat	41800000	42000000				
chr2_mat	42000000	42200000				
chr2_mat	42200000	42400000				
chr2_mat	42400000	42600000				
chr2_mat	42600000	42800000				
chr2_mat	42800000	43000000				
chr2_mat	43000000	43200000				
chr2_mat	43200000	43400000				
chr2_mat	43400000	43600000				
chr2_mat	43600000	43800000				
chr2_mat	43800000	44000000				
chr2_mat	44000000	44200000				
chr2_mat	44200000	44400000				
chr2_mat	44400000	44600000				
chr2_mat	44600000	44800000				
chr2_mat	44800000	45000000				
chr2_mat	45000000	45200000				
chr2_mat	45200000	45400000				
chr2_mat	45400000	45600000				
chr2_mat	45600000	45800000				
chr2_mat	45800000	46000000				
chr2_mat	46000000	46200000				
chr2_mat	46200000	46400000				
chr2_mat	46400000	46600000				
chr2_mat	46600000	46800000				
chr2_mat	46800000	47000000				
chr2_mat	47000000	47200000				
chr2_mat	47200000	47400000				
chr2_mat	47400000	47600000				
chr2_mat	47600000	47800000				
chr2_mat	47800000	48000000				
chr2_mat	48000000	48200000				
chr2_mat	48200000	48400000				
chr2_mat	48400000	48600000				
chr2_mat	48600000	48800000				
chr2_mat	48800000	49000000				
chr2_mat	49000000	49200000				
chr2_mat	49200000	49400000				
chr2_mat	49400000	49600000				
chr2_mat	49600000	49800000				
chr2_mat	49800000	50000000				
chr2_mat	50000000	50200000				
chr2_mat	50200000	50400000				
chr2_mat	50400000	50600000				
chr2_mat	50600000	50800000				
chr2_mat	50800000	51000000				
chr2_mat	51000000	51200000				
chr2_mat	51200000	51400000				
chr2_mat	51400000	51600000				
chr2_mat	51600000	51800000				
chr2_mat	51800000	52000000				
chr2_mat	52000000	52200000				
chr2_mat	52200000	52400000				
chr2_mat	52400000	52600000				
chr2_mat	52600000	52800000				
chr2_mat	52800000	53000000				
chr2_mat	53000000	53200000				
chr2_mat	53200000	53400000				
chr2_mat	53400000	53600000				
chr2_mat	53600000	53800000				
chr2_mat	53800000	54000000				
chr2_mat	54000000	54200000				
chr2_mat	54200000	54400000				
chr2_mat	54400000	54600000				
chr2_mat	54600000	54800000				
chr2_mat	54800000	55000000				
chr2_mat	55000000	55200000				
chr2_mat	55200000	55400000				
chr2_mat	55400000	55600000				
chr2_mat	55600000	55800000				
chr2_mat	55800000	56000000				
chr2_mat	56000000	56200000				
chr2_mat	56200000	56400000				
chr2_mat	56400000	56600000				
chr2_mat	56600000	56800000				
chr2_mat	56800000	57000000				
chr2_mat	57000000	57200000				
chr2_mat	57200000	57400000				
chr2_mat	57400000	57600000				
chr2_mat	57600000	57800000				
chr2_mat	57800000	58000000				
chr2_mat	58000000	58200000				
chr2_mat	58200000	58400000				
chr2_mat	58400000	58600000				
chr2_mat	58600000	58800000				
chr2_mat	58800000	59000000				
chr2_mat	59000000	59200000				
chr2_mat	59200000	59400000				
chr2_mat	59400000	59600000				
chr2_mat	59600000	59800000				
chr2_mat	59800000	60000000				
chr2_mat	60000000	60200000				
chr2_mat	60200000	60400000				
chr2_mat	60400000	60600000				
chr2_mat	60600000	60800000				
chr2_mat	60800000	61000000				
chr2_mat	61000000	61200000				
chr2_mat	61200000	61400000				
chr2_mat	61400000	61600000				
chr2_mat	61600000	61800000				
chr2_mat	61800000	62000000				
chr2_mat	62000000	62200000				
chr2_mat	62200000	62400000				
chr2_mat	62400000	62600000				
chr2_mat	62600000	62800000				
chr2_mat	62800000	63000000				
chr2_mat	63000000	63200000				
chr2_mat	63200000	63400000				
chr2_mat	63400000	63600000				
chr2_mat	63600000	63800000				
chr2_mat	63800000	64000000				
chr2_mat	64000000	64200000				
chr2_mat	64200000	64400000				
chr2_mat	64400000	64600000				
chr2_mat	64600000	64800000				
chr2_mat	64800000	65000000				
chr2_mat	65000000	65200000				
chr2_mat	65200000	65400000				
chr2_mat	65400000	65600000				
chr2_mat	65600000	65800000				
chr2_mat	65800000	66000000				
chr2_mat	66000000	66200000				
chr2_mat	66200000	66400000				
chr2_mat	66400000	66600000				
chr2_mat	66600000	66800000				
chr2_mat	66800000	67000000	8.048391063829154	-0.26114442286244116	-1.3701742253646911	1.5363076020789264
chr2_mat	67000000	67200000				
chr2_mat	67200000	67400000				
chr2_mat	67400000	67600000				
chr2_mat	67600000	67800000				
chr2_mat	67800000	68000000				
chr2_mat	68000000	68200000				
chr2_mat	68200000	68400000				
chr2_mat	68400000	68600000				
chr2_mat	68600000	68800000				
chr2_mat	68800000	69000000				
chr2_mat	69000000	69200000				
chr2_mat	69200000	69400000				
chr2_mat	69400000	69600000				
chr2_mat	69600000	69800000				
chr2_mat	69800000	70000000				
chr2_mat	70000000	70200000				
chr2_mat	70200000	70400000				
chr2_mat	70400000	70600000				
chr2_mat	70600000	70800000				
chr2_mat	70800000	71000000				
chr2_mat	71000000	71200000				
chr2_mat	71200000	71400000				
chr2_mat	71400000	71600000				
chr2_mat	71600000	71800000				
chr2_mat	71800000	72000000				
chr2_mat	72000000	72200000				
chr2_mat	72200000	72400000				
chr2_mat	72400000	72600000				
chr2_mat	72600000	72800000				
chr2_mat	72800000	73000000				
chr2_mat	73000000	73200000				
chr2_mat	73200000	73400000				
chr2_mat	73400000	73600000				
chr2_mat	73600000	73800000				
chr2_mat	73800000	74000000				
chr2_mat	74000000	74200000				
chr2_mat	74200000	74400000				
chr2_mat	74400000	74600000				
chr2_mat	74600000	74800000				
chr2_mat	74800000	75000000				
chr2_mat	75000000	75200000				
chr2_mat	75200000	75400000				
chr2_mat	75400000	75600000				
chr2_mat	75600000	75800000				
chr2_mat	75800000	76000000				
chr2_mat	76000000	76200000				
chr2_mat	76200000	76400000				
chr2_mat	76400000	76600000				
chr2_mat	76600000	76800000				
chr2_mat	76800000	77000000				
chr2_mat	77000000	77200000				
chr2_mat	77200000	77400000				
chr2_mat	77400000	77600000				
chr2_mat	77600000	77800000				
chr2_mat	77800000	78000000				
chr2_mat	78000000	78200000				
chr2_mat	78200000	78400000				
chr2_mat	78400000	78600000				
chr2_mat	78600000	78800000				
chr2_mat	78800000	79000000				
chr2_mat	79000000	79200000				
chr2_mat	79200000	79400000				
chr2_mat	79400000	79600000				
chr2_mat	79600000	79800000				
chr2_mat	79800000	80000000				
chr2_mat	80000000	80200000				
chr2_mat	80200000	80400000				
chr2_mat	80400000	80600000				
chr2_mat	80600000	80800000				
chr2_mat	80800000	81000000				
chr2_mat	81000000	81200000				
chr2_mat	81200000	81400000				
chr2_mat	81400000	81600000				
chr2_mat	81600000	81800000				
chr2_mat	81800000	82000000				
chr2_mat	82000000	82200000				
chr2_mat	82200000	82400000				
chr2_mat	82400000	82600000				
chr2_mat	82600000	82800000				
chr2_mat	82800000	83000000				
chr2_mat	83000000	83200000				
chr2_mat	83200000	83400000				
chr2_mat	83400000	83600000				
chr2_mat	83600000	83800000				
chr2_mat	83800000	84000000				
chr2_mat	84000000	84200000				
chr2_mat	84200000	84400000				
chr2_mat	84400000	84600000				
chr2_mat	84600000	84800000				
chr2_mat	84800000	85000000				
chr2_mat	85000000	85200000				
chr2_mat	85200000	85400000				
chr2_mat	85400000	85600000				
chr2_mat	85600000	85800000				
chr2_mat	85800000	86000000				
chr2_mat	86000000	86200000				
chr2_mat	86200000	86400000				
chr2_mat	86400000	86600000				
chr2_mat	86600000	86800000				
chr2_mat	86800000	87000000				
chr2_mat	87000000	87200000				
chr2_mat	87200000	87400000				
chr2_mat	87400000	87600000				
chr2_mat	87600000	87800000				
chr2_mat	87800000	88000000				
chr2_mat	88000000	88200000				
chr2_mat	88200000	88400000				
chr2_mat	88400000	88600000				
chr2_mat	88600000	88800000				
chr2_mat	88800000	89000000				
chr2_mat	89000000	89200000				
chr2_mat	89200000	89400000				
chr2_mat	89400000	89600000				
chr2_mat	89600000	89800000				
chr2_mat	89800000	90000000				
chr2_mat	90000000	90200000				
chr2_mat	90200000	90400000				
chr2_mat	90400000	90600000				
chr2_mat	90600000	90800000				
chr2_mat	90800000	91000000				
chr2_mat	91000000	91200000				
chr2_mat	91200000	91400000				
chr2_mat	91400000	91600000				
chr2_mat	91600000	91800000				
chr2_mat	91800000	92000000				
chr2_mat	92000000	92200000				
chr2_mat	92200000	92400000				
chr2_mat	92400000	92600000				
chr2_mat	92600000	92800000				
chr2_mat	92800000	93000000				
chr2_mat	93000000	93200000				
chr2_mat	93200000	93400000				
chr2_mat	93400000	93600000				
chr2_mat	93600000	93800000				
chr2_mat	93800000	94000000				
chr2_mat	94000000	94200000				
chr2_mat	94200000	94400000				
chr2_mat	94400000	94600000				
chr2_mat	94600000	94800000				
chr2_mat	94800000	95000000				
chr2_mat	95000000	95200000				
chr2_mat	95200000	95400000				
chr2_mat	95400000	95600000				
chr2_mat	95600000	95800000				
chr2_mat	95800000	96000000				
chr2_mat	96000000	96200000				
chr2_mat	96200000	96400000				
chr2_mat	96400000	96600000				
chr2_mat	96600000	96800000				
chr2_mat	96800000	97000000				
chr2_mat	97000000	97200000				
chr2_mat	97200000	97400000				
chr2_mat	97400000	97600000				
chr2_mat	97600000	97800000				
chr2_mat	97800000	98000000				
chr2_mat	98000000	98200000				
chr2_mat	98200000	98400000				
chr2_mat	98400000	98600000				
chr2_mat	98600000	98800000				
chr2_mat	98800000	99000000				
chr2_mat	99000000	99200000				
chr2_mat	99200000	99400000				
chr2_mat	99400000	99600000				
chr2_mat	99600000	99800000				
chr2_mat	99800000	100000000				
chr2_mat	100000000	100200000				
chr2_mat	100200000	100400000				
chr2_mat	100400000	100600000				
chr2_mat	100600000	100800000				
chr2_mat	100800000	101000000				
chr2_mat	101000000	101200000				
chr2_mat	101200000	101400000				
chr2_mat	101400000	101600000				
chr2_mat	101600000	101800000				
chr2_mat	101800000	102000000				
chr2_mat	102000000	102200000				
chr2_mat	102200000	102400000				
chr2_mat	102400000	102600000				
chr2_mat	102600000	102800000				
chr2_mat	102800000	103000000				
chr2_mat	103000000	103200000				
chr2_mat	103200000	103400000				
chr2_mat	103400000	103600000				
chr2_mat	103600000	103800000				
chr2_mat	103800000	104000000				
chr2_mat	104000000	104200000				
chr2_mat	104200000	104400000				
chr2_mat	104400000	104600000				
chr2_mat	104600000	104800000				
chr2_mat	104800000	105000000				
chr2_mat	105000000	105200000				
chr2_mat	105200000	105400000				
chr2_mat	105400000	105600000				
chr2_mat	105600000	105800000				
chr2_mat	105800000	106000000				
chr2_mat	106000000	106200000				
chr2_mat	106200000	106400000				
chr2_mat	106400000	106600000				
chr2_mat	106600000	106800000				
chr2_mat	106800000	107000000				
chr2_mat	107000000	107200000				
chr2_mat	107200000	107400000				
chr2_mat	107400000	107600000				
chr2_mat	107600000	107800000				
chr2_mat	107800000	108000000				
chr2_mat	108000000	108200000				
chr2_mat	108200000	108400000				
chr2_mat	108400000	108600000				
chr2_mat	108600000	108800000				
chr2_mat	108800000	109000000				
chr2_mat	109000000	109200000				
chr2_mat	109200000	109400000				
chr2_mat	109400000	109600000				
chr2_mat	109600000	109800000				
chr2_mat	109800000	110000000				
chr2_mat	110000000	110200000				
chr2_mat	110200000	110400000				
chr2_mat	110400000	110600000				
chr2_mat	110600000	110800000				
chr2_mat	110800000	111000000				
chr2_mat	111000000	111200000				
chr2_mat	111200000	111400000				
chr2_mat	111400000	111600000				
chr2_mat	111600000	111800000				
chr2_mat	111800000	112000000				
chr2_mat	112000000	112200000				
chr2_mat	112200000	112400000				
chr2_mat	112400000	112600000				
chr2_mat	112600000	112800000				
chr2_mat	112800000	113000000				
chr2_mat	113000000	113200000				
chr2_mat	113200000	113400000				
chr2_mat	113400000	113600000				
chr2_mat	113600000	113800000				
chr2_mat	113800000	114000000				
chr2_mat	114000000	114200000				
chr2_mat	114200000	114400000				
chr2_mat	114400000	114600000				
chr2_mat	114600000	114800000				
chr2_mat	114800000	115000000				
chr2_mat	115000000	115200000				
chr2_mat	115200000	115400000				
chr2_mat	115400000	115600000				
chr2_mat	115600000	115800000				
chr2_mat	115800000	116000000				
chr2_mat	116000000	116200000				
chr2_mat	116200000	116400000				
chr2_mat	116400000	116600000				
chr2_mat	116600000	116800000				
chr2_mat	116800000	117000000				
chr2_mat	117000000	117200000				
chr2_mat	117200000	117400000				
chr2_mat	117400000	117600000				
chr2_mat	117600000	117800000				
chr2_mat	117800000	118000000				
chr2_mat	118000000	118200000				
chr2_mat	118200000	118400000				
chr2_mat	118400000	118600000				
chr2_mat	118600000	118800000				
chr2_mat	118800000	119000000				
chr2_mat	119000000	119200000				
chr2_mat	119200000	119400000				
chr2_mat	119400000	119600000				
chr2_mat	119600000	119800000				
chr2_mat	119800000	120000000				
chr2_mat	120000000	120200000				
chr2_mat	120200000	120400000				
chr2_mat	120400000	120600000				
chr2_mat	120600000	120800000				
chr2_mat	120800000	121000000				
chr2_mat	121000000	121200000				
chr2_mat	121200000	121400000				
chr2_mat	121400000	121600000				
chr2_mat	121600000	121800000				
chr2_mat	121800000	122000000				
chr2_mat	122000000	122200000				
chr2_mat	122200000	122400000				
chr2_mat	122400000	122600000				
chr2_mat	122600000	122800000				
chr2_mat	122800000	123000000				
chr2_mat	123000000	123200000				
chr2_mat	123200000	123400000				
chr2_mat	123400000	123600000				
chr2_mat	123600000	123800000				
chr2_mat	123800000	124000000				
chr2_mat	124000000	124200000				
chr2_mat	124200000	124400000				
chr2_mat	124400000	124600000				
chr2_mat	124600000	124800000				
chr2_mat	124800000	125000000				
chr2_mat	125000000	125200000				
chr2_mat	125200000	125400000				
chr2_mat	125400000	125600000				
chr2_mat	125600000	125800000				
chr2_mat	125800000	126000000				
chr2_mat	126000000	126200000				
chr2_mat	126200000	126400000				
chr2_mat	126400000	126600000				
chr2_mat	126600000	126800000				
chr2_mat	126800000	127000000				
chr2_mat	127000000	127200000				
chr2_mat	127200000	127400000				
chr2_mat	127400000	127600000				
chr2_mat	127600000	127800000				
chr2_mat	127800000	128000000				
chr2_mat	128000000	128200000				
chr2_mat	128200000	128400000				
chr2_mat	128400000	128600000				
chr2_mat	128600000	128800000				
chr2_mat	128800000	129000000				
chr2_mat	129000000	129200000				
chr2_mat	129200000	129400000				
chr2_mat	129400000	129600000				
chr2_mat	129600000	129800000				
chr2_mat	129800000	130000000				
chr2_mat	130000000	130200000				
chr2_mat	130200000	130400000				
chr2_mat	130400000	130600000				
chr2_mat	130600000	130800000				
chr2_mat	130800000	131000000				
chr2_mat	131000000	131200000				
chr2_mat	131200000	131400000				
chr2_mat	131400000	131600000				
chr2_mat	131600000	131800000				
chr2_mat	131800000	132000000				
chr2_mat	132000000	132200000				
chr2_mat	132200000	132400000				
chr2_mat	132400000	132600000				
chr2_mat	132600000	132800000				
chr2_mat	132800000	133000000				
chr2_mat	133000000	133200000				
chr2_mat	133200000	133400000				
chr2_mat	133400000	133600000				
chr2_mat	133600000	133800000				
chr2_mat	133800000	134000000				
chr2_mat	134000000	134200000				
chr2_mat	134200000	134400000				
chr2_mat	134400000	134600000				
chr2_mat	134600000	134800000				
chr2_mat	134800000	135000000				
chr2_mat	135000000	135200000				
chr2_mat	135200000	135400000				
chr2_mat	135400000	135600000				
chr2_mat	135600000	135800000				
chr2_mat	135800000	136000000				
chr2_mat	136000000	136200000				
chr2_mat	136200000	136400000				
chr2_mat	136400000	136600000				
chr2_mat	136600000	136800000				
chr2_mat	136800000	137000000				
chr2_mat	137000000	137200000				
chr2_mat	137200000	137400000				
chr2_mat	137400000	137600000				
chr2_mat	137600000	137800000				
chr2_mat	137800000	138000000				
chr2_mat	138000000	138200000				
chr2_mat	138200000	138400000				
chr2_mat	138400000	138600000				
chr2_mat	138600000	138800000				
chr2_mat	138800000	139000000				
chr2_mat	139000000	139200000				
chr2_mat	139200000	139400000				
chr2_mat	139400000	139600000				
chr2_mat	139600000	139800000				
chr2_mat	139800000	140000000				
chr2_mat	140000000	140200000				
chr2_mat	140200000	140400000				
chr2_mat	140400000	140600000				
chr2_mat	140600000	140800000				
chr2_mat	140800000	141000000				
chr2_mat	141000000	141200000				
chr2_mat	141200000	141400000				
chr2_mat	141400000	141600000				
chr2_mat	141600000	141800000				
chr2_mat	141800000	142000000				
chr2_mat	142000000	142200000				
chr2_mat	142200000	142400000				
chr2_mat	142400000	142600000				
chr2_mat	142600000	142800000				
chr2_mat	142800000	143000000				
chr2_mat	143000000	143200000				
chr2_mat	143200000	143400000				
chr2_mat	143400000	143600000				
chr2_mat	143600000	143800000				
chr2_mat	143800000	144000000				
chr2_mat	144000000	144200000				
chr2_mat	144200000	144400000				
chr2_mat	144400000	144600000				
chr2_mat	144600000	144800000				
chr2_mat	144800000	145000000				
chr2_mat	145000000	145200000				
chr2_mat	145200000	145400000				
chr2_mat	145400000	145600000				
chr2_mat	145600000	145800000				
chr2_mat	145800000	146000000				
chr2_mat	146000000	146200000				
chr2_mat	146200000	146400000				
chr2_mat	146400000	146600000				
chr2_mat	146600000	146800000				
chr2_mat	146800000	147000000				
chr2_mat	147000000	147200000				
chr2_mat	147200000	147400000				
chr2_mat	147400000	147600000				
chr2_mat	147600000	147800000				
chr2_mat	147800000	148000000				
chr2_mat	148000000	148200000	6.191098939286924	-0.34612771582705837	-1.614086596529476	1.4880912617026365
chr2_mat	148200000	148400000				
chr2_mat	148400000	148600000				
chr2_mat	148600000	148800000				
chr2_mat	148800000	149000000				
chr2_mat	149000000	149200000	0.02785228946868093	0.9277479272597653	0.10927868583685049	-0.759483390225268
chr2_mat	149200000	149400000	0.02456819009531826	0.9975054470228947	0.03127620837025414	-0.9629398232521285
chr2_mat	149400000	149600000	0.024193145988724622	1.1655960244330323	0.061356707355412834	-0.7934788337673002
chr2_mat	149600000	149800000	0.021650301484545734	1.121314991866429	0.061199090072386275	-0.6525346560043945
chr2_mat	149800000	150000000	0.01901225215526108	1.1592569978780916	0.033006110135024094	-0.5831656732674085
chr2_mat	150000000	150200000	0.017035712407810828	0.5993396773694877	0.07252003232724447	-0.7699016074726712
chr2_mat	150200000	150400000	0.015827730476654474	0.3179700662112939	-0.21188765654553954	-0.7813742090470468
chr2_mat	150400000	150600000	0.012268479549631787	-1.0198730590614071	0.528383135793401	-0.9662905925863537
chr2_mat	150600000	150800000	0.016736897597055725	-0.14589172807681028	0.0483381339521489	-0.9000135672756524
chr2_mat	150800000	151000000	0.013665453538186895	-0.16246663734884748	-0.19495343603592497	-0.3413254698592467
chr2_mat	151000000	151200000	0.033178650726547305	-0.2882215686919246	-0.23503129213947122	-0.01097634871426237
chr2_mat	151200000	151400000				
chr2_mat	151400000	151600000	0.022655316832410854	-0.5875169125192755	-0.2208296198591111	-0.40541085446343944
chr2_mat	151600000	151800000	0.007932706072928787	-0.2867367816731823	-0.5544378336150262	-0.18577456200817727
chr2_mat	151800000	152000000	0.015600832806443176	-1.184678267198822	0.11847076567098822	-0.6966616277001864
chr2_mat	152000000	152200000	0.015845520407168284	-1.2227021419902644	0.22691002897238888	-0.370416750282379
chr2_mat	152200000	152400000	0.013090271564336434	-1.2777042845290385	0.6551462821119551	-0.04883417103488076
chr2_mat	152400000	152518735	0.40929063297243784	-0.018275328089564696	-1.966677833307687	0.23584995351771051
chr3_mat	0	200000	0.04834192885101809	-1.1616629319868363	-1.0335142718419958	-0.17912287445783298
chr3_mat	200000	400000	0.013634836083142659	-1.711855366020785	-0.5627983052974123	-0.010743277843698298
chr3_mat	400000	600000	0.013343859362134391	-1.241288269683743	-0.5297721100067462	-0.119607619481798
chr3_mat	600000	800000	0.008974253127939931	-1.6000494931061282	-0.5277647476661299	0.05372231830615522
chr3_mat	800000	1000000	0.008247181605103545	-1.1725325941583065	-0.7975722767596839	-0.4674656581601828
chr3_mat	1000000	1200000	0.006636131569584099	0.034059525528572804	-0.633298909890677	-0.6217487067900526
chr3_mat	1200000	1400000	0.0072380312849233885	0.1467948424983555	-0.48567733189020557	-0.5447226148044776
chr3_mat	1400000	1600000	0.006605859863947975	0.23214908828173977	-0.5419997679246954	-0.576247533974079
chr3_mat	1600000	1800000	0.00845855453605778	0.24543952863412913	-0.572521408789222	-0.557961455245774
chr3_mat	1800000	2000000	0.01238254699058518	-0.3348504633786664	-0.6838528480844767	-0.5380587089725711
chr3_mat	2000000	2200000	0.008563278696064292	-0.40079151311827704	-0.6741841515473501	-0.603292663612571
chr3_mat	2200000	2400000	0.010319029138337269	-0.7776843728142356	-0.578880889043022	-0.49237155429553103
chr3_mat	2400000	2600000	0.010098070180827876	-0.7961143061678693	-0.7193497473938115	-0.8020761134300073
chr3_mat	2600000	2800000	0.010443109002717513	-0.7220881249541752	-0.6741238753008832	-0.6985682387333529
chr3_mat	2800000	3000000	0.01102444164422712	0.45890734086017015	-0.45410650136528447	-0.9402673180531865
chr3_mat	3000000	3200000	0.010480335107444921	-0.016558435753599346	-0.5282260632345929	-0.883056906069019
chr3_mat	3200000	3400000	0.011488637528837962	-0.0742084781451084	-0.38148871875227575	-0.634897463202975
chr3_mat	3400000	3600000	0.008036284169816896	-1.1192039338509105	-0.428103562995032	-0.32092331852166484
chr3_mat	3600000	3800000	0.009512410070530242	-0.9461584744513121	-0.5328041300013091	-0.5246519773696537
chr3_mat	3800000	4000000	0.011984377057385804	-0.6253089338964203	-0.42501350667881715	-0.7231096983732213
chr3_mat	4000000	4200000	0.010719978379430579	-0.07256643001792805	-0.42106387111282706	-0.6689077388620157
chr3_mat	4200000	4400000	0.011466746755380529	0.941087545133413	-0.3698626015267652	-0.8345249499488702
chr3_mat	4400000	4600000	0.011418472809955907	1.0814184119127852	-0.3031031980420804	-0.7315415410730455
chr3_mat	4600000	4800000	0.013171633757965066	0.9888723784287221	-0.41879090555357895	-0.8208720260402538
chr3_mat	4800000	5000000	0.011406441231856468	1.0316396238762626	-0.4636536703891261	-0.6620172892825287
chr3_mat	5000000	5200000	0.009970303533914366	-0.31455942969053546	-0.4552229333047218	-0.6185682079366696
chr3_mat	5200000	5400000	0.008675146174759774	-1.0824238887583721	-0.6464125624946246	-0.49731076956838427
chr3_mat	5400000	5600000	0.013616714609580999	0.32498194039512307	-0.3811322523925046	-0.5499452378953259
chr3_mat	5600000	5800000	0.012327270826916707	-0.3450464573853685	-0.19718345693432018	-0.6280952547598065
chr3_mat	5800000	6000000	0.012650359469067193	-0.025675961420982555	-0.24654530459892435	-0.658942906575352
chr3_mat	6000000	6200000	0.011614643026318002	0.031459851668013676	-0.5238480632924947	-0.7001921282437804
chr3_mat	6200000	6400000	0.009098951700756622	-1.2189206407214224	-0.3328794819564062	-0.5179458403873654
chr3_mat	6400000	6600000	0.012339456065495283	0.1442037608951861	-0.369332811952276	-0.5522215666285074
chr3_mat	6600000	6800000	0.0127564979160504	0.7173914880988556	-0.38011270759352717	-0.6016510652729862
chr3_mat	6800000	7000000	0.011698025208163092	0.36694298446827717	-0.4765821380587548	-0.7518129655458662
chr3_mat	7000000	7200000	0.01244289260327441	0.5568758507017898	-0.31709728243494806	-0.7208455954907781
chr3_mat	7200000	7400000	0.010120260335117115	-0.6464215134430544	-0.46794382004341	-0.6676780674623224
chr3_mat	7400000	7600000	0.009219190479539879	-1.1257511150936437	-0.36250288083352683	-0.4399297106087014
chr3_mat	7600000	7800000	0.010496700769503478	-1.4636942831980766	-0.34086091959683906	-0.39816844456215617
chr3_mat	7800000	8000000	0.013995037471174547	-0.25783615409181404	-0.23176641664830588	-0.7075322037094098
chr3_mat	8000000	8200000	0.013961427382956776	0.12188285788816965	-0.41957638595070207	-0.7729078845021593
chr3_mat	8200000	8400000	0.016751775222228454	0.9701633532525306	-0.24132576914287426	-0.5691972565541479
chr3_mat	8400000	8600000	0.014633314336226774	0.970881260884276	-0.36940039893855176	-0.5447145924295336
chr3_mat	8600000	8800000	0.014460798086251907	1.0682864072942115	-0.24912415296732698	-0.6641985200023887
chr3_mat	8800000	9000000	0.018725246653626335	0.9487034662077337	-0.3642349990820029	-0.46640592047244495
chr3_mat	9000000	9200000	0.017277488398179917	0.9779079950611212	-0.326910330852164	-0.5880028444973145
chr3_mat	9200000	9400000	0.016324201271645744	1.0066054069894088	-0.32236225224624565	-0.48989750683844036
chr3_mat	9400000	9600000	0.020263070692379932	0.8211413277457562	-0.3376924977975045	-0.6893273162312772
chr3_mat	9600000	9800000	0.012171878934826465	-0.18939250837630386	-0.17263121135626433	-0.9345646291818787
chr3_mat	9800000	10000000	0.013438296478631718	-0.672762236924369	-0.33816089666519794	-0.8847379658415714
chr3_mat	10000000	10200000	0.012238208139503791	-1.3149185547007534	0.11511170056295635	-0.7179681578215908
chr3_mat	10200000	10400000	0.014492760617028158	-1.4447933748504145	-0.19551396304900032	-0.5381709988596581
chr3_mat	10400000	10600000				
chr3_mat	10600000	10800000				
chr3_mat	10800000	11000000				
chr3_mat	11000000	11200000				
chr3_mat	11200000	11400000				
chr3_mat	11400000	11600000				
chr3_mat	11600000	11800000				
chr3_mat	11800000	12000000				
chr3_mat	12000000	12200000				
chr3_mat	12200000	12400000				
chr3_mat	12400000	12600000				
chr3_mat	12600000	12800000				
chr3_mat	12800000	13000000				
chr3_mat	13000000	13200000				
chr3_mat	13200000	13400000				
chr3_mat	13400000	13600000				
chr3_mat	13600000	13800000				
chr3_mat	13800000	14000000				
chr3_mat	14000000	14200000				
chr3_mat	14200000	14400000				
chr3_mat	14400000	14600000				
chr3_mat	14600000	14800000				
chr3_mat	14800000	15000000				
chr3_mat	15000000	15200000				
chr3_mat	15200000	15400000				
chr3_mat	15400000	15600000				
chr3_mat	15600000	15800000	0.04514654839701394	0.5132406564872535	-0.23697895123878288	-0.35710390506062595
chr3_mat	15800000	16000000	0.01095002734805892	-0.5425885703582908	0.01581246583782018	-0.5721890553548791
chr3_mat	16000000	16200000	0.011872470305592717	-0.5566188143745946	0.1463255907689506	-0.4823699398436601
chr3_mat	16200000	16400000	0.015361895096492448	-0.5686320362012321	0.12119452021922436	-0.6118783771827198
chr3_mat	16400000	16600000	0.0162230868221331	-0.8553695116420537	0.5426224742976226	-0.5111417639146215
chr3_mat	16600000	16800000	0.013599266461117868	-0.2081065681174337	0.2091391518072112	-0.5773973692658001
chr3_mat	16800000	17000000	0.012654286126531246	-0.6924973372086767	0.30227963317877987	-0.38103443936798603
chr3_mat	17000000	17200000	0.010412473631611636	-1.107389764155392	0.44207022658206685	-0.327904238946067
chr3_mat	17200000	17400000	0.013056866322619242	0.2349964128057291	-0.0849280926771439	-0.45976942973703844
chr3_mat	17400000	17600000	0.014938355364192475	-0.43609315876005406	0.04858568401870872	-0.47271227896773743
chr3_mat	17600000	17800000	0.023384342125422786	0.36431183362763014	0.037910086570784894	-0.44983701569457657
chr3_mat	17800000	18000000	0.018489612037665592	0.5201637675965767	0.015152583096788979	-0.3531916492098338
chr3_mat	18000000	18200000	0.02074864728302905	0.3770317988866366	-0.024362131608424722	-0.39705796221176687
chr3_mat	18200000	18400000	0.01077636423612728	-1.3306842699386718	0.29598618324552695	-0.2475674766076908
chr3_mat	18400000	18600000	0.01721777187253942	0.21467330331934828	-0.20844992781317673	-0.3720363292684709
chr3_mat	18600000	18800000	0.019774261140288883	0.5565126344571868	-0.10456504599697847	-0.31751709042736526
chr3_mat	18800000	19000000	0.015192105710842074	0.616773555486806	0.005926680498315359	-0.4631012688772418
chr3_mat	19000000	19200000	0.02931206883879479	0.7330526517580912	-0.21172875395759128	-0.27422912891757384
chr3_mat	19200000	19400000	0.0166429143026345	0.8115160591481394	-0.1711472825325443	-0.11425744236296063
chr3_mat	19400000	19600000	0.01354971473389527	0.4731025993905414	-0.058942000771961635	-0.42478116117017684
chr3_mat	19600000	19800000	0.010512136939468586	-1.3752440530886014	0.36013190669075557	-0.4986147594195152
chr3_mat	19800000	20000000	0.022394925167317132	0.23855705042311257	0.04104452157723381	-0.429733435354508
chr3_mat	20000000	20200000	0.018904517604727524	0.8414000330177946	-0.07551322698589787	-0.34980381109814535
chr3_mat	20200000	20400000	0.018315746809600734	0.8842271044736568	-0.04264094466846263	-0.23535177393797127
chr3_mat	20400000	20600000	0.017702659645180502	0.8484754190377407	-0.0999630541470172	-0.3153883369079923
chr3_mat	20600000	20800000	0.014402913156156459	0.8712109974868746	-0.1058025605920782	-0.2756385191358994
chr3_mat	20800000	21000000	0.018651852192960026	0.840900343242016	-0.12580813936509608	-0.24422396297880333
chr3_mat	21000000	21200000	0.01425722007594628	0.8369682969326563	-0.07347722495018329	-0.3505071360192502
chr3_mat	21200000	21400000	0.012720746146964923	0.4121757493007478	0.11289323842953596	-0.34256702689500146
chr3_mat	21400000	21600000	0.012404317423070074	-0.5355990224477865	0.43385793118560617	-0.5628095774225312
chr3_mat	21600000	21800000	0.011958955693438885	-0.9283932839470874	0.7102916985232498	-0.580943543211819
chr3_mat	21800000	22000000	0.01378839785112868	-0.12990954110546388	0.28641808567636146	-0.49377421959953544
chr3_mat	22000000	22200000	0.019051275375409224	0.7791366793814783	-0.02409765893693451	-0.2881526867613925
chr3_mat	22200000	22400000	0.015035429807554864	0.555652806761831	0.13531369610750288	-0.41672872796850224
chr3_mat	22400000	22600000	0.013279433598116511	0.5416856920986747	0.0860553495519082	-0.37351772349246876
chr3_mat	22600000	22800000	0.01931798313540203	0.7803642891659036	-0.03070664308556081	-0.17707720444176456
chr3_mat	22800000	23000000	0.024149974222064555	0.7799638566134277	-0.021054397407626258	-0.2632847384944587
chr3_mat	23000000	23200000	0.026127610205366206	0.821810839441119	-0.0678928732409205	-0.04437683816512785
chr3_mat	23200000	23400000	0.02111360056283803	0.8396311833355176	-0.06366535241068666	-0.16141162318933694
chr3_mat	23400000	23600000	0.016586632783869053	0.8488176947203676	-0.1454473799311845	-0.10918504933602197
chr3_mat	23600000	23800000	0.01596460909546059	0.7790969533817064	0.07105635321851665	-0.1585680305024804
chr3_mat	23800000	24000000	0.02979812879748929	0.8060277360401613	-0.09603199864002407	-0.2830216809614861
chr3_mat	24000000	24200000	0.01774681681102742	0.8774518143068502	0.010330123919451897	-0.35309224510141307
chr3_mat	24200000	24400000	0.021603756769434924	0.7910915190270821	0.05153267664925701	-0.3534698504688889
chr3_mat	24400000	24600000	0.017614381576756613	0.8410635021935907	0.015130842107592253	-0.2766017311828219
chr3_mat	24600000	24800000	0.02067240456773118	0.6679019307732323	0.010375730630310097	-0.34152443549126554
chr3_mat	24800000	25000000	0.012955320443038588	-0.5916716459301031	0.6115618240862777	-0.7334327257380311
chr3_mat	25000000	25200000	0.0096302396007039	-1.407605360942859	0.9640639089973017	-0.5190755790428627
chr3_mat	25200000	25400000	0.0134366189469466	-1.4265717414010146	0.9493857755541649	-0.3601402299096533
chr3_mat	25400000	25600000	0.016911446651371845	0.406040056876494	0.14282611113435945	-0.3475620372765096
chr3_mat	25600000	25800000	0.014624087121567549	0.8123927832599737	0.06853171743676618	-0.28558958470927337
chr3_mat	25800000	26000000	0.015651217098795456	0.8124726201640509	0.0023975353294950685	-0.350300921696883
chr3_mat	26000000	26200000	0.020364871386943373	0.8443176112544527	0.05325639022008199	-0.23777079545864085
chr3_mat	26200000	26400000	0.013557715648596088	0.859810348087031	0.024201207146156912	-0.2514645135845564
chr3_mat	26400000	26600000	0.014515064156076946	0.6940403652615997	0.09109200844512996	-0.3530411480996364
chr3_mat	26600000	26800000	0.011568434785697447	-0.6856717626684602	0.5193753999579721	-0.6508241381961282
chr3_mat	26800000	27000000	0.012819678825921907	0.5688096185185482	0.15898698534547356	-0.4257997030116098
chr3_mat	27000000	27200000	0.01665366269054503	0.8839212982654432	-0.02463090842651173	-0.1765008104306708
chr3_mat	27200000	27400000	0.014170402381762984	0.863432478438858	0.08190366150165428	-0.21373274009467794
chr3_mat	27400000	27600000	0.017964917726313773	0.7419921683834997	0.020277486715262458	-0.24044951712403062
chr3_mat	27600000	27800000	0.014978741400129109	0.41967332284250164	0.10291381241420244	-0.5165021721496089
chr3_mat	27800000	28000000	0.014343016900106266	-1.190023147359237	0.9267107953179201	-0.528242908587062
chr3_mat	28000000	28200000	0.024170701577710705	0.7353836603800731	0.06598145278392499	-0.3107734762256189
chr3_mat	28200000	28400000	0.018787331651613892	0.8582811633782255	0.12149879279033939	-0.1945445697419223
chr3_mat	28400000	28600000	0.021508374945526945	0.9357421811276398	0.037184183565713666	-0.17462898704171698
chr3_mat	28600000	28800000	0.046797386873161144	0.7325645770070192	-0.05925646918076454	-0.29953932090982277
chr3_mat	28800000	29000000	0.03146740041598357	0.8454633526013535	0.144273435022855	-0.3105509538523841
chr3_mat	29000000	29200000	0.013750284972058645	0.842061818190135	0.047733196032187224	-0.1642447780888575
chr3_mat	29200000	29400000	0.028977256386610552	0.9301973023640565	0.07322402645426261	-0.30346006029383255
chr3_mat	29400000	29600000	0.018597367974128573	0.9160180401658374	0.08975510670978368	-0.35162828275808233
chr3_mat	29600000	29800000	0.01633629932934522	0.8732556931374097	0.14590552320919464	-0.40200980360268
chr3_mat	29800000	30000000	0.020236829954761334	0.8694751573336256	0.08179258950268727	-0.200066949362664
chr3_mat	30000000	30200000	0.027486029802470266	0.6576465339933933	0.2493145811057997	-0.35568704927753375
chr3_mat	30200000	30400000	0.01455575583347917	-0.6437054050126322	0.6626248578828352	-0.8442100815698886
chr3_mat	30400000	30600000	0.024164485323223604	0.38089122382588303	0.20872942772027026	-0.33885991615062705
chr3_mat	30600000	30800000	0.018730674628129374	-0.6206765668262573	0.7930402233397159	-0.624212523165607
chr3_mat	30800000	31000000	0.014785716331309984	-0.5161924372745189	0.5931201675064657	-0.5482507882825322
chr3_mat	31000000	31200000	0.01778793503915782	0.02801607787268244	0.1297848468008295	-0.49887021508843077
chr3_mat	31200000	31400000	0.01796596386305506	0.7870206135471929	0.17421341140644583	-0.49556980889793956
chr3_mat	31400000	31600000	0.016062962915864787	0.8223841804390231	0.06269637753382322	-0.1741512133025105
chr3_mat	31600000	31800000	0.0188527911551487	0.628068593398835	0.11390809948688187	-0.47075267048003056
chr3_mat	31800000	32000000	0.017747430813546093	-1.0976152364420357	0.9402026782727628	-0.44875713111878746
chr3_mat	32000000	32200000	0.02456263923867818	0.10887589436206094	0.49089196243588495	-0.43542737044795243
chr3_mat	32200000	32400000	0.015569397354134212	0.7996802905805175	0.06885189867993448	-0.3764290901301558
chr3_mat	32400000	32600000	0.017458184361152762	0.6769889414398582	0.1196328477615488	-0.4102870930669779
chr3_mat	32600000	32800000	0.01507895178736708	-0.4660230524898605	0.5382500330511294	-0.5893854678001531
chr3_mat	32800000	33000000	0.01379768866639572	-0.198087430567449	0.379909961405861	-0.5410161942838133
chr3_mat	33000000	33200000	0.01870760066197746	0.8229667349898304	0.06612862398411368	-0.2811988329603744
chr3_mat	33200000	33400000	0.04677222856332685	0.6732899060414356	0.24608699843200374	-0.2505073919730135
chr3_mat	33400000	33600000	0.01969144885649651	0.7527850836404048	0.13948540885084415	-0.3103920918521526
chr3_mat	33600000	33800000	0.01961495141239437	0.5133404141532877	0.23739187256922448	-0.32271567715519145
chr3_mat	33800000	34000000	0.019388166557948824	-1.1870263130167424	1.0634906292600794	-0.53593309452296
chr3_mat	34000000	34200000	0.011631579031917125	-1.5197559576917103	1.2750327952683742	-0.5042366919922656
chr3_mat	34200000	34400000	0.016646715761855838	-0.647393549295765	0.5099449530566041	-0.565387887913065
chr3_mat	34400000	34600000	0.016469418494344065	0.6852412984177031	0.06596099541578286	-0.24205786272934646
chr3_mat	34600000	34800000	0.01827192702651264	0.9341553144320267	0.11966163478418866	-0.277211329002526
chr3_mat	34800000	35000000	0.018951735306911622	0.7381489547258364	0.005270668099978851	-0.25306254872294526
chr3_mat	35000000	35200000	0.014092432823834551	-0.5178341593548181	0.5328742845924478	-0.31554689263659486
chr3_mat	35200000	35400000	0.015075283665094521	-0.32819997960691155	0.4558805389247077	-0.5731836021027381
chr3_mat	35400000	35600000	0.0090880202291943	-1.4557772270944278	1.0016765028800674	-0.26741004327420276
chr3_mat	35600000	35800000	0.014389575448327212	0.38565535410426843	0.2254612774764114	-0.34003428119203566
chr3_mat	35800000	36000000	0.011359421582259822	-0.764632706826731	0.8119859549835391	-0.6048407014621978
chr3_mat	36000000	36200000	0.025012741835898182	0.6631592527818502	0.23144624012224083	-0.6225841929484855
chr3_mat	36200000	36400000	0.01799789207342241	0.6808093291143418	0.16933415922143408	-0.23353574724912204
chr3_mat	36400000	36600000	0.012521610540134058	-0.93394811848717	0.8251844921810552	-0.53169676264198
chr3_mat	36600000	36800000	0.017052801331034165	0.25288897208928635	0.2778966170364837	-0.5290077586049703
chr3_mat	36800000	37000000	0.01871583504921945	-0.4045222496264587	0.728701702833219	-0.43457625198303984
chr3_mat	37000000	37200000	0.012341245663824722	-1.418023526487867	1.1829456215976484	-0.19878556015159102
chr3_mat	37200000	37400000	0.017553543675351203	-0.10094841518222178	0.5086062127712677	-0.3899602076872203
chr3_mat	37400000	37600000	0.02526993948670839	-1.082599224224389	1.358052791493889	-0.5416152650466509
chr3_mat	37600000	37800000	0.011569009267630572	-1.4385287818543697	1.507884583173866	-0.41599513315906494
chr3_mat	37800000	38000000	0.019039015158028645	-0.7803504677281924	0.875898539863067	-0.598071469439375
chr3_mat	38000000	38200000	0.040796751165036546	-0.0745662910764139	0.55727905308458	-0.3606211333934993
chr3_mat	38200000	38400000	0.031046953237837564	-0.580145880697352	0.6753648662980218	-0.6175078808136125
chr3_mat	38400000	38600000	0.02277649795781571	0.7501212493636287	0.22038275187714385	-0.44356896715359273
chr3_mat	38600000	38800000	0.02734886888511882	0.8650955405395067	0.1026016243044901	-0.2865522517262068
chr3_mat	38800000	39000000	0.023027101321449823	0.8656565677827256	0.13487084991692333	-0.40303646167412027
chr3_mat	39000000	39200000	0.01781197655037992	0.9034717522878691	0.06071848016191355	-0.24664034078050784
chr3_mat	39200000	39400000	0.020717164657039232	0.8762809163275778	0.21047551991749808	-0.33776696951249063
chr3_mat	39400000	39600000	0.02962551823334943	0.704941278154053	0.21183426745971123	-0.3331857695813732
chr3_mat	39600000	39800000	0.05756165007468174	0.5092322418459497	0.43357534367561684	-0.7165053211575075
chr3_mat	39800000	40000000	0.04880404606180905	0.8460937258536483	0.1563158606420319	-0.2847626715514255
chr3_mat	40000000	40200000	0.02283247658592356	0.8829254415888189	0.024730897636015183	-0.16466722164474032
chr3_mat	40200000	40400000	0.018090081953156433	0.50775632627358	0.31089304722387745	-0.4172218131661548
chr3_mat	40400000	40600000	0.018373599170556035	0.6581195667518336	0.2560744013547623	-0.38452754813296885
chr3_mat	40600000	40800000	0.012597112968496192	-0.7943542533905472	0.7451280460632747	-0.6849999557097338
chr3_mat	40800000	41000000	0.013494558098362227	-0.15657315145433573	0.34470595781495633	-0.4721650594818205
chr3_mat	41000000	41200000	0.01563310560447205	0.2760679004785213	0.31897396254783433	-0.45833098289313057
chr3_mat	41200000	41400000	0.021023198542311817	0.8547137536944739	-0.004178515219935877	-0.28159284506955445
chr3_mat	41400000	41600000	0.023022100407809554	0.7600054096287455	-0.004313001929306761	-0.2756020905128941
chr3_mat	41600000	41800000	0.020090852852752233	-0.4512718851259655	0.6556669660635802	-0.6579571364802929
chr3_mat	41800000	42000000	0.015987119420494182	-0.496468595745182	0.6992834578258545	-0.5919114162107343
chr3_mat	42000000	42200000	0.012169264246721536	-1.439223402147641	1.0658122430478976	-0.32330547719648667
chr3_mat	42200000	42400000	0.015565665329730185	0.49338187496741787	0.18664158337801803	-0.4282199550105377
chr3_mat	42400000	42600000	0.017822115106253946	0.11886302535781582	0.28234220285520567	-0.4239432854184291
chr3_mat	42600000	42800000	0.021950216809404132	-1.2242330495581597	1.3820642549470072	-0.8075236555803502
chr3_mat	42800000	43000000	0.01717033011901288	-0.18347866174864605	0.5134557543743573	-0.5369032330316701
chr3_mat	43000000	43200000	0.02828621228953587	0.7763263151708796	0.18257343975326212	-0.4836764302168899
chr3_mat	43200000	43400000	0.02134131812971251	0.8999147637328957	0.04882367580512458	-0.25263069796818344
chr3_mat	43400000	43600000	0.025547827300403392	0.8451835292273859	-0.026073047070555595	0.13946171797081844
chr3_mat	43600000	43800000	0.017700794566954076	0.8878790058450063	0.19648984543037165	-0.35036515876350965
chr3_mat	43800000	44000000	0.026827675803788607	0.9166230504856188	0.05897382888593169	-0.10164041703840433
chr3_mat	44000000	44200000	0.020413967894970932	0.9634874505468481	0.10443839593718458	-0.19699376061126156
chr3_mat	44200000	44400000	0.02000286045942464	0.6759230803170058	0.1509496695928155	-0.29061341622909126
chr3_mat	44400000	44600000	0.015680390608514436	-0.586407625518989	0.43367090019121624	-0.5161425880795595
chr3_mat	44600000	44800000	0.011799389731493104	-0.4238104857967379	0.5304163380624264	-0.45325104815169726
chr3_mat	44800000	45000000	0.022910476563209055	0.5078406800098536	0.2503724581719326	-0.7094341516440935
chr3_mat	45000000	45200000	0.02503044895378357	-0.048551870256150216	0.378349090858779	-0.4609585002744458
chr3_mat	45200000	45400000	0.01860004041742193	-0.5240271390427044	0.3384166687080467	-0.41348074430120246
chr3_mat	45400000	45600000	0.014741566174221564	-0.35425775972040147	0.46597298770691703	-0.5546415405890026
chr3_mat	45600000	45800000	0.021230956037524323	0.2417400643141236	0.058629442568612876	-0.31119936562924216
chr3_mat	45800000	46000000	0.01190608976940554	-0.7967183296860078	0.8065682209900369	-0.47703953059806303
chr3_mat	46000000	46200000	0.0118923073530064	-1.2603891743682865	0.9970057952531642	-0.10515464668387466
chr3_mat	46200000	46400000	0.012105592923611606	-1.4656399806070926	1.2652074886620248	-0.009475477137321235
chr3_mat	46400000	46600000	0.014432274045111899	-0.7653953359373888	0.8300550165142196	-0.5409796136543332
chr3_mat	46600000	46800000	0.009575866076033359	-1.244164093558624	0.8623448358196182	-0.2787178399365182
chr3_mat	46800000	47000000	0.011372961502202572	-0.8582568803798342	0.7006252351796554	-0.3401614760508231
chr3_mat	47000000	47200000	0.012289743315277279	-1.2774200758396006	1.1122181298967406	-0.4117606389277457
chr3_mat	47200000	47400000	0.011778745686000973	-1.0559824875480421	0.8847886655673637	-0.4231626506805597
chr3_mat	47400000	47600000	0.016812986104316054	-0.42636263535990554	0.4035039757498225	-0.6409509279855016
chr3_mat	47600000	47800000	0.012357540839250994	-0.21695619461842677	0.32186286025132	-0.46809000773047615
chr3_mat	47800000	48000000	0.017403437007011954	0.6034516191741764	0.04891210198676742	-0.3403584565524376
chr3_mat	48000000	48200000	0.029045355913774513	0.9048560756467761	0.09809639749564726	-0.3771696395296024
chr3_mat	48200000	48400000	0.021603087127143986	0.963209644988557	-0.05504302286091548	-0.13706198731587887
chr3_mat	48400000	48600000	0.02686659473283314	0.8160012228006783	0.16630809393041696	-0.4174787924969002
chr3_mat	48600000	48800000	0.026248325306283286	-0.22962373110510137	0.28058427723227486	-0.4746548097884524
chr3_mat	48800000	49000000				
chr3_mat	49000000	49200000	0.047837157407620054	0.8944735325802425	0.1627277015384191	-0.3562998891598839
chr3_mat	49200000	49400000				
chr3_mat	49400000	49600000	0.024676181236829114	-0.12546298654817295	0.17499398640202055	-0.4196008512134559
chr3_mat	49600000	49800000	0.014698077746513223	-0.6213797231899251	0.3672778779558947	-0.3831524246231514
chr3_mat	49800000	50000000	0.016516173370917882	0.10808327362575142	0.4015071919735739	-0.39283656992773347
chr3_mat	50000000	50200000	0.014985673774886361	-0.43647961277950964	0.272580724354008	-0.27128911922373716
chr3_mat	50200000	50400000	0.015510742434126215	0.3724363401590955	0.10554165282643872	-0.37261333653854567
chr3_mat	50400000	50600000	0.014446437527946613	0.6275113037901792	0.28379765308082716	-0.4217492874705011
chr3_mat	50600000	50800000	0.012738865405122828	-0.22249857857231856	0.402088490965777	-0.5965693798937851
chr3_mat	50800000	51000000	0.01727578876384871	0.6160986893403984	0.10224585727854034	-0.3853589681706885
chr3_mat	51000000	51200000	0.021156946310400375	0.7039381251365988	0.08918839680752912	-0.2484712182782742
chr3_mat	51200000	51400000	0.019396571430355482	0.9316578821629857	0.07449127316844491	-0.3297304891123376
chr3_mat	51400000	51600000	0.018866449578747033	0.9789489047428545	0.18969073319371485	-0.43846648205833827
chr3_mat	51600000	51800000	0.021171976770514883	0.8292509637137344	0.13361462226802262	-0.1276072556749013
chr3_mat	51800000	52000000	0.01808674895690807	0.828421260184054	0.19744469416518706	-0.316043126409814
chr3_mat	52000000	52200000	0.013246436956528372	-0.37664746004327365	0.14851743020160016	-0.4292483046309483
chr3_mat	52200000	52400000	0.016104698758857776	0.657321562260136	0.017908847393729728	-0.17540223521619192
chr3_mat	52400000	52600000	0.017354604370486443	0.8978753660817832	0.04701198379721986	-0.14867514785971417
chr3_mat	52600000	52800000	0.018122037431974963	0.9261553338201566	0.12517547009540742	-0.25517876228758335
chr3_mat	52800000	53000000	0.02321752340559511	0.9719544658609843	0.05858625592243306	-0.19181237800780104
chr3_mat	53000000	53200000	0.019181497766018067	0.8068904505721977	0.10574992469914955	-0.2852519491168531
chr3_mat	53200000	53400000	0.015394518025121129	0.19327011140946546	0.12348652398385694	-0.335225088307408
chr3_mat	53400000	53600000	0.01759909804191003	-0.0984735985546801	0.10914908934018552	-0.4580892098546989
chr3_mat	53600000	53800000	0.013077175378582797	-0.9812499092994902	0.47641565741331265	-0.5517995698443455
chr3_mat	53800000	54000000	0.02923759481776717	0.13256943600437046	-0.05697759660002906	-0.2829395822284928
chr3_mat	54000000	54200000	0.02727662583975156	0.16844482516368764	0.023930695960038804	-0.32888524655019097
chr3_mat	54200000	54400000	0.02155075922866681	-0.6536046542213545	0.4810103470573907	-0.4699712728767348
chr3_mat	54400000	54600000	0.02931978214627159	0.8004890110873164	0.10828508672197935	-0.3987362597234662
chr3_mat	54600000	54800000	0.024859503590081437	0.9497969014338695	-0.06322808123843883	-0.14163467876852986
chr3_mat	54800000	55000000	0.028465281945952253	0.9516953917847597	0.17547476360549535	-0.22107091399584558
chr3_mat	55000000	55200000				
chr3_mat	55200000	55400000	0.024748190457934548	0.7698491298660588	-0.041392785617898165	-0.14384766701962493
chr3_mat	55400000	55600000	0.018207631316753854	0.7335466400793551	0.08342783021070396	-0.2894878005466455
chr3_mat	55600000	55800000	0.019759427888906025	0.8376149679147782	-0.002483645818598073	-0.29717705976126646
chr3_mat	55800000	56000000	0.022511268420353416	-0.08381428105207903	0.05409587811119411	-0.4651808303777705
chr3_mat	56000000	56200000	0.011962012485778776	-0.750119588987542	0.33534539377221195	-0.270171085100441
chr3_mat	56200000	56400000	0.01694883990515408	-0.08891667598491765	0.1272361909079078	-0.3134490843859095
chr3_mat	56400000	56600000	0.020868928226836742	0.3214117490722937	0.1367609981674802	-0.27666992975911064
chr3_mat	56600000	56800000	0.016065324486904627	-0.24736193777347215	0.06200766113883817	-0.318555122392475
chr3_mat	56800000	57000000	0.02074194857834669	0.7158424896296075	-0.1704773579162104	-0.06894373600190876
chr3_mat	57000000	57200000	0.01869916243662244	-0.2331440372883807	0.10521486089719428	-0.11596195825669241
chr3_mat	57200000	57400000	0.018387764347992084	-1.0101490174552636	0.48842240000142056	-0.21562913285197738
chr3_mat	57400000	57600000	0.015918438839114746	-0.2939016260869187	0.09824059358777855	0.00011710049574133051
chr3_mat	57600000	57800000	0.014897174745669352	-1.1544902118000662	0.33976475645167264	-0.02089354240973455
chr3_mat	57800000	58000000	0.012679184103734099	-0.5309378092691384	-0.010746323748832403	0.025931921023404036
chr3_mat	58000000	58200000	0.010794073024516803	-1.1914612337268948	0.38338052721315136	-0.023763621452556116
chr3_mat	58200000	58400000	0.014168240027664734	-0.7059524441039288	0.06904943351156378	-0.07458634167549402
chr3_mat	58400000	58600000	0.014826517989238274	-1.0665647253993245	0.1796634259492557	0.028086322540878422
chr3_mat	58600000	58800000	0.019040351401114607	-0.615649526986188	-0.00642087130899632	-0.24885055638934306
chr3_mat	58800000	59000000	0.016622205990441955	-0.2275487821920986	-0.014584723434082004	-0.13618690654616714
chr3_mat	59000000	59200000	0.014556668045618077	-0.947614474000769	0.16329004333531583	-0.20178793084280694
chr3_mat	59200000	59400000	0.016180064064321372	-0.03577510673820311	-0.012459590677880314	-0.21634627058791323
chr3_mat	59400000	59600000	0.020022966589766534	0.2530613602126306	-0.08813207206264836	-0.14648669535920505
chr3_mat	59600000	59800000	0.019981316726184476	0.15688602921957515	-0.04286191482226861	-0.24997341509977414
chr3_mat	59800000	60000000	0.01533155396702452	-0.18046712140925683	-0.0030179025552730912	-0.31639474252966127
chr3_mat	60000000	60200000	0.017794945823049704	0.8047470921001352	-0.18241059272106805	-0.06655894055843892
chr3_mat	60200000	60400000	0.019612788626621656	0.6166797763767354	-0.07304362670000385	-0.05971300558889972
chr3_mat	60400000	60600000	0.024193264365049913	-1.0307663979968662	-0.2516754663131347	-0.17365120061565767
chr3_mat	60600000	60800000	0.015589960501741487	-0.7108545349036948	0.11492735861271887	-0.3668198907673867
chr3_mat	60800000	61000000	0.018279401609544776	0.09836231756205052	-0.14887316372995016	-0.09538252082761302
chr3_mat	61000000	61200000	0.021373713356502955	0.6135689033321396	-0.022130843250977462	-0.1517339273686473
chr3_mat	61200000	61400000	0.044200892706140193	-0.6929306250123661	-0.09089468743809045	0.030295051474743904
chr3_mat	61400000	61600000	0.019720542100946276	-1.0856799844648655	0.21765624367353778	-0.2186203261205818
chr3_mat	61600000	61800000	0.01803733732692463	-0.4854950260495656	-0.1089935346012215	-0.07829260068346479
chr3_mat	61800000	62000000	0.021891610080054667	0.09137588079576155	-0.13483502269285458	-0.08774104329401641
chr3_mat	62000000	62200000	0.013465690434302808	-0.8792008249414235	-0.12245303740084947	-0.034250094330556986
chr3_mat	62200000	62400000	0.015937694470299663	-0.8031223777801001	-0.20766412248101912	-0.05325476951045351
chr3_mat	62400000	62600000	0.016946756353526365	-0.9159287991040526	0.004555202050085055	-0.18691770257759563
chr3_mat	62600000	62800000	0.015489515297245673	-0.58684968326263	-0.18150777555649394	-0.06316652260512665
chr3_mat	62800000	63000000	0.017838890111859126	-1.3370645742261793	0.21153313763909995	0.0824287786178347
chr3_mat	63000000	63200000	0.021222361984021054	-0.28572257502121023	-0.12967235624147838	0.002157800146218415
chr3_mat	63200000	63400000	0.016816266843743224	-0.3518662236591756	-0.3312935693861658	-0.24479636809648916
chr3_mat	63400000	63600000	0.02132724718325778	0.8583063461247088	-0.05437901634541815	-0.005238252663545997
chr3_mat	63600000	63800000	0.02291404338214624	0.9882558570518588	-0.029020651169500505	-0.14218892610727973
chr3_mat	63800000	64000000	0.029034815329106577	0.733076398348117	-0.03427520660565981	-0.11655956234305097
chr3_mat	64000000	64200000	0.03871460665988439	0.6185863124280574	-0.16689120332718382	-0.03987504014773411
chr3_mat	64200000	64400000	0.017766482081898176	-0.4532909941297654	-0.2524261286488629	-0.15175518362604218
chr3_mat	64400000	64600000	0.01631833040015733	-0.3891459732689727	-0.25899245596940224	-0.16766798705829183
chr3_mat	64600000	64800000	0.017819706340042422	0.3488654898520353	-0.17323189542081363	0.015085191866938083
chr3_mat	64800000	65000000	0.01860752296058951	-0.4164901303077616	-0.2392632003390608	-0.08439870180706259
chr3_mat	65000000	65200000	0.01589962589104688	-0.5171078526851962	-0.31688541334709264	-0.14111933226439638
chr3_mat	65200000	65400000	0.016391711927213944	-0.203369803057968	-0.20654018495478166	0.013783019297263723
chr3_mat	65400000	65600000	0.027098436537429525	-0.09077073185867854	-0.2766817617059389	-0.05350537574344481
chr3_mat	65600000	65800000				
chr3_mat	65800000	66000000	0.015276379365374414	-0.6766165669028769	-0.2133697746849705	0.028711780636655092
chr3_mat	66000000	66200000	0.016418104315348563	0.02084681401342488	-0.20738376870127176	-0.10305964352381143
chr3_mat	66200000	66400000	0.018301859229286725	0.4773336159647729	-0.08088305832357712	0.00020576961740354259
chr3_mat	66400000	66600000	0.011403047208265606	-0.7074094456299748	-0.11051031847532834	-0.2018001505101183
chr3_mat	66600000	66800000	0.018995810876822204	0.1456999115022634	-0.2923173769813149	0.10256550945976911
chr3_mat	66800000	67000000	0.016249568148360316	0.5388653940337569	-0.11435826649192532	0.13087149743645082
chr3_mat	67000000	67200000	0.017981703587906413	0.28971272239803714	-0.09628000766045992	-0.06299885197638906
chr3_mat	67200000	67400000	0.02283677307604217	0.6238078206309489	-0.21503623603785454	0.17053701597074128
chr3_mat	67400000	67600000	0.018428794523044842	0.8851792765759076	-0.1593864336949474	-0.026460603298413987
chr3_mat	67600000	67800000	0.019564619570448145	0.5736419871279084	-0.28586846856864334	0.19044860126124757
chr3_mat	67800000	68000000	0.015700556397121174	0.26431206578425015	-0.20614047354548196	0.03004534953572246
chr3_mat	68000000	68200000	0.012129057038751742	-0.8934649767063627	-0.42847441928759633	-0.09688421317500703
chr3_mat	68200000	68400000	0.013675863627690035	-0.21862963729324936	-0.35561389453665326	-0.1549355124187226
chr3_mat	68400000	68600000	0.01703714617448859	0.6713813964120153	-0.282560221274207	0.12895717669539977
chr3_mat	68600000	68800000	0.030585685415656837	0.6628828565618412	-0.324110928060869	0.20783424024401165
chr3_mat	68800000	69000000	0.03663447576144353	0.7957402343084293	-0.26439504974291234	0.33284604525117334
chr3_mat	69000000	69200000	0.02719578668532402	0.8031352416741145	-0.2155638216136126	0.17033691308646493
chr3_mat	69200000	69400000	0.02020688530875461	0.7904775324805925	-0.24541283469342937	0.23824992499625922
chr3_mat	69400000	69600000	0.021064300258338026	0.8551453895979482	-0.13460500099963071	0.21120009487873959
chr3_mat	69600000	69800000	0.025250900265594046	0.8598976556310879	-0.19193729232662604	0.21196680868787357
chr3_mat	69800000	70000000	0.02625610212859654	0.7048478955586959	-0.32191048205533357	0.24098771619132583
chr3_mat	70000000	70200000	0.01629669668764579	-0.2897130865324054	-0.31259525825148077	0.16733814323209062
chr3_mat	70200000	70400000	0.01227906930404083	-0.7402824187222781	-0.25397525446826485	0.18730876443635333
chr3_mat	70400000	70600000	0.013673460455475983	-0.9090051705234142	-0.3831312568666269	0.13202325681625698
chr3_mat	70600000	70800000	0.012538110819808957	-1.0855655454939677	-0.25767965743008603	0.17004057071165263
chr3_mat	70800000	71000000	0.016924069672684137	-0.7506955431857248	-0.33918353936502726	0.18441928349118744
chr3_mat	71000000	71200000	0.016063468592865872	0.04878012740384169	-0.2845158052513262	0.25366230757526004
chr3_mat	71200000	71400000	0.018475500631823266	0.4612891521352099	-0.22766545723053738	0.2260770973466786
chr3_mat	71400000	71600000	0.019484669763784275	0.29355261669493854	-0.24723819784709772	0.14296450349152004
chr3_mat	71600000	71800000	0.01811859610992595	0.521841307774008	-0.2930607883612571	0.2925721961458147
chr3_mat	71800000	72000000	0.020080432031777718	0.48056073957969214	-0.25122849653858165	0.4388977342140439
chr3_mat	72000000	72200000	0.017795466221081947	0.38200076178410985	-0.2748343303902808	0.5209100354375322
chr3_mat	72200000	72400000	0.012296178882443899	-0.8900887221010088	-0.44382355685803404	0.35597273428337173
chr3_mat	72400000	72600000	0.01740753049856423	-0.19414067606089336	-0.3344424522173167	0.3681877042366198
chr3_mat	72600000	72800000	0.0144877342368085	-0.8256307592180587	-0.3535098724400881	0.4570881954919591
chr3_mat	72800000	73000000	0.01925469520657051	0.10591387223115804	-0.3371944737688007	0.46061236700565006
chr3_mat	73000000	73200000	0.01469096395218613	-0.4511307757623533	-0.31487195493524317	0.33911707143133296
chr3_mat	73200000	73400000	0.012824451160261228	-0.6572163199959344	-0.3442132015759202	0.24282109427018717
chr3_mat	73400000	73600000	0.022973537976304588	-0.00014983308813114083	-0.2606524881459656	0.3792467031335422
chr3_mat	73600000	73800000	0.01900686482811617	0.09846788394265553	-0.35342012718982063	0.37734639670589293
chr3_mat	73800000	74000000	0.0204884190975236	0.13191425646498225	-0.3966462959354036	0.4526853344463823
chr3_mat	74000000	74200000	0.023105124993721384	0.6517995702101282	-0.3027034337564725	0.5205840248605276
chr3_mat	74200000	74400000	0.04073773400406842	0.7812117861846679	-0.2459608003811519	0.5179549939993083
chr3_mat	74400000	74600000	0.02422582240721917	0.6201440902511643	-0.25075491458787236	0.4906485966758397
chr3_mat	74600000	74800000	0.0338628638994802	0.613805811725369	-0.24383725457073532	0.5239335742922878
chr3_mat	74800000	75000000	0.02326697152725047	0.6486610025720383	-0.19131690932764853	0.5052757780211035
chr3_mat	75000000	75200000	0.027209224904992297	-0.3039687576387284	-0.45065542744327935	0.3866013021934315
chr3_mat	75200000	75400000	0.021819066833170954	0.04873293936220376	-0.3627917294844545	0.5069650294940848
chr3_mat	75400000	75600000	0.020745863029172782	-0.6670273967523163	-0.3812997231694364	0.2517998635205153
chr3_mat	75600000	75800000	0.033111817305569634	0.30758744339742866	-0.43259189200450077	0.6234871739470624
chr3_mat	75800000	76000000	0.04934493006545159	0.7456096893393642	-0.34846429292653536	0.5926237346101991
chr3_mat	76000000	76200000	0.056929562492245074	0.6785782753085127	-0.3181257846037106	0.8062607886013027
chr3_mat	76200000	76400000				
chr3_mat	76400000	76600000	0.03853297189363282	0.48116476572571326	-0.25814528651978313	0.587300486051072
chr3_mat	76600000	76800000				
chr3_mat	76800000	77000000				
chr3_mat	77000000	77200000				
chr3_mat	77200000	77400000				
chr3_mat	77400000	77600000				
chr3_mat	77600000	77800000				
chr3_mat	77800000	78000000				
chr3_mat	78000000	78200000				
chr3_mat	78200000	78400000				
chr3_mat	78400000	78600000				
chr3_mat	78600000	78800000				
chr3_mat	78800000	79000000				
chr3_mat	79000000	79200000				
chr3_mat	79200000	79400000				
chr3_mat	79400000	79600000				
chr3_mat	79600000	79800000				
chr3_mat	79800000	80000000				
chr3_mat	80000000	80200000				
chr3_mat	80200000	80400000				
chr3_mat	80400000	80600000	0.03926732399820166	0.6219088268397185	-0.02031772543889731	0.4695011191469988
chr3_mat	80600000	80800000	0.04772306417682541	0.602836282457973	0.09148148287650183	0.4935858914780749
chr3_mat	80800000	81000000				
chr3_mat	81000000	81200000	0.029271923875538466	-0.34294208016678557	-0.023955805779151417	0.6112882027922631
chr3_mat	81200000	81400000	0.02400955561770574	-1.0162577778096185	-0.010638427028878163	0.33840390667133174
chr3_mat	81400000	81600000	0.036263286394960174	-0.23011386994100214	-0.08790895595103117	0.4689102220318496
chr3_mat	81600000	81800000	0.023466407817268838	-0.4794457149082186	0.05577386227765748	0.5586598253356345
chr3_mat	81800000	82000000	0.01973429856156816	-0.6495711574068053	-0.03890157137835703	0.4991306444408565
chr3_mat	82000000	82200000	0.027149692274642236	0.2372075483566413	0.04566730133738249	0.5620280246201521
chr3_mat	82200000	82400000	0.023245005474253816	-0.3026253180172706	0.07738425552299195	0.5457981607662981
chr3_mat	82400000	82600000	0.01488344150035408	-0.9333686234343951	-0.24415859887517688	0.49074712529543846
chr3_mat	82600000	82800000	0.017743849293868227	-0.3801146349692592	-0.11206672001180829	0.4700764335942537
chr3_mat	82800000	83000000	0.015294324532535658	-0.414522092468828	-0.002613185343936013	0.5195671541000892
chr3_mat	83000000	83200000	0.018874310642394528	0.2960367448989203	0.07644221557147492	0.4357955187475418
chr3_mat	83200000	83400000	0.022460854750822486	0.4835145715882397	0.03162117712413637	0.4951551976361132
chr3_mat	83400000	83600000	0.017510638595490523	-0.2283554492244935	0.07764304192999229	0.41051898722303487
chr3_mat	83600000	83800000	0.014910573536371033	-0.6812276987465266	-0.08642374482838418	0.496543891464751
chr3_mat	83800000	84000000	0.018068681257132943	0.07984941007839719	-0.06874332199314416	0.37652807005849215
chr3_mat	84000000	84200000	0.030019266405245455	-0.18956451300263888	-0.0434427387220993	0.5956264824532103
chr3_mat	84200000	84400000	0.016895496854776183	0.2980718095722128	0.0922677313467668	0.4862653990178544
chr3_mat	84400000	84600000	0.016826197605365738	0.24809229698481886	0.05157084068831069	0.39402279318637806
chr3_mat	84600000	84800000	0.01757654477092757	-0.6167944201340947	0.016977946451836146	0.5819217211409887
chr3_mat	84800000	85000000	0.015550292744832633	-0.6345024174620234	0.008187956846017811	0.5729728580095611
chr3_mat	85000000	85200000	0.014389732725685932	-0.8517633992094704	-0.07052744835068792	0.5152219743324274
chr3_mat	85200000	85400000	0.01293984796897749	-0.9668933595811883	0.07357917652975071	0.5455841139612099
chr3_mat	85400000	85600000	0.01755525534877783	-0.1644004279848096	0.08968536360836499	0.3680191310361612
chr3_mat	85600000	85800000	0.017878460267778923	0.07549942039887893	0.17230656637540273	0.4180971416162672
chr3_mat	85800000	86000000	0.013392488542656424	-0.533390783314164	-0.047780590480046556	0.5252688619594055
chr3_mat	86000000	86200000	0.012776550159117299	-0.46844755138159666	-0.19458528037554626	0.35385623362152907
chr3_mat	86200000	86400000	0.02163808384791155	0.05150937343259532	-0.10764406256984305	0.38904031192182315
chr3_mat	86400000	86600000	0.014977100795521957	-0.5087814838878814	-0.0697255283648155	0.30632518696926553
chr3_mat	86600000	86800000	0.012930229954321063	-0.6525284213110119	-0.16963712228704783	0.410269453097602
chr3_mat	86800000	87000000	0.01312599526409729	-0.6187392462601253	0.05896304363266606	0.5757811729080856
chr3_mat	87000000	87200000	0.013087949037491694	-0.9530956225035435	-0.05069932752105386	0.3527252407727149
chr3_mat	87200000	87400000	0.011304950457117945	-0.43574123267775233	-0.08448147894588684	0.46651208450900206
chr3_mat	87400000	87600000	0.009370338517173199	-0.9300465074336192	-0.008123116669157692	0.3943162209691202
chr3_mat	87600000	87800000	0.013319594402896248	-0.568115897197055	-0.1451019472780498	0.24968797427159173
chr3_mat	87800000	88000000	0.014285296668027971	-0.6996679645405937	-0.2955982770388132	0.2850078220033984
chr3_mat	88000000	88200000	0.011745787115740727	-0.8297630643587874	-0.34463984290130656	0.20044208160324187
chr3_mat	88200000	88400000	0.025355389300900106	0.06362145426739187	-0.0734848979754102	0.08288903295330183
chr3_mat	88400000	88600000	0.027645725117654455	0.5098485782017702	-0.038552316132290786	-0.15852991584996756
chr3_mat	88600000	88800000	0.018175901688951127	0.1715799276072512	-0.07902355517112276	0.1353369035824887
chr3_mat	88800000	89000000	0.022461854635344402	0.0061773498542718255	-0.26264915021845586	-0.14985047044322622
chr3_mat	89000000	89200000	0.032273258848025003	0.5002666672305458	-0.12351204313025872	0.10745199319012458
chr3_mat	89200000	89400000	0.02665554443764085	0.3286045340950098	-0.10661277247836226	0.1319522616750975
chr3_mat	89400000	89600000	0.02499249308243534	-0.043970011430921926	-0.20981031776558295	0.1284087950869443
chr3_mat	89600000	89800000	0.024093445193894968	-0.920314098941139	-0.11200308019969582	0.07232897039028896
chr3_mat	89800000	90000000	0.016751298051370014	-0.5842592022170235	-0.33619028787970295	0.1268724520317924
chr3_mat	90000000	90200000	0.016582971479071867	-0.9531472565094888	-0.2750263701988702	0.06623484283524118
chr3_mat	90200000	90400000	0.017050414365112097	-0.1946719886079691	-0.25618853143215947	-0.019111953900186707
chr3_mat	90400000	90600000	0.023081210444680592	0.3776691137298095	-0.04103814518952129	0.04051710155321426
chr3_mat	90600000	90800000	0.017654606413923395	0.1313492638783715	-0.3490783411054986	-0.11416793935940873
chr3_mat	90800000	91000000	0.011696826014291409	-0.9162025001683005	-0.5034643193649587	-0.15008301312061442
chr3_mat	91000000	91200000	0.016883752421637102	0.18101188757028783	-0.20621128116104154	-0.12338723941498932
chr3_mat	91200000	91400000	0.016186647332734793	0.40565726658953943	-0.1335135334479442	-0.04688258028520236
chr3_mat	91400000	91600000	0.017941097107358625	0.254391728038352	-0.14677087024152607	-0.07256939107122119
chr3_mat	91600000	91800000	0.014684157565343123	0.0069442185944074645	-0.2245425261809801	-0.2201684246146297
chr3_mat	91800000	92000000	0.0148945150789079	-0.6451618643264695	-0.31213281269266235	-0.24773120148533684
chr3_mat	92000000	92200000	0.019410152622491197	0.381023287810962	-0.18321829368873407	-0.09486499980538253
chr3_mat	92200000	92400000	0.01390939209303275	-0.20800494950527534	-0.35482587381954617	-0.16655683968310536
chr3_mat	92400000	92600000	0.011896131121951002	-0.5688084885884178	-0.30924912047617553	-0.20070350723896221
chr3_mat	92600000	92800000	0.010227652202597907	-0.9503125518800635	-0.47630692504403194	-0.1768108909338408
chr3_mat	92800000	93000000	0.016052436667265736	0.5746214040440878	-0.17775765622701148	-0.19282755428673087
chr3_mat	93000000	93200000	0.01853268611192433	0.8245626860057572	-0.2342946775868572	-0.38628406949947514
chr3_mat	93200000	93400000	0.02074019053745959	0.8138453304308727	-0.05692315099508852	-0.2116245030622342
chr3_mat	93400000	93600000	0.017796966110526984	0.8507974208028507	-0.10183529118966236	-0.26976135065774604
chr3_mat	93600000	93800000	0.019475067487202576	0.8352968611001186	-0.29745287152484534	-0.364293214611869
chr3_mat	93800000	94000000	0.017423049208239873	0.9242510081602107	-0.17471454588048443	-0.4068421591327037
chr3_mat	94000000	94200000	0.02024786111270075	0.8824364620350662	-0.18734555371978154	-0.40411633871598596
chr3_mat	94200000	94400000	0.025235988029391254	0.6977262717695191	-0.2792036627364364	-0.30229237188372937
chr3_mat	94400000	94600000	0.01685715706541835	0.5484886721388255	-0.13006849389684802	-0.28726677914100773
chr3_mat	94600000	94800000	0.011673855557968628	-0.6863555692143476	-0.3767762109671659	-0.1812995849702846
chr3_mat	94800000	95000000	0.012342954216983634	-1.0974316131876436	-0.6580565470523526	-0.2682023887699439
chr3_mat	95000000	95200000	0.013505189722257144	-0.2918639764143435	-0.32403687721980745	-0.3564814950196587
chr3_mat	95200000	95400000	0.01219674499471217	-0.5740169170585626	-0.46591960947087	-0.3089627989181483
chr3_mat	95400000	95600000	0.01632529504716755	0.3741220408814743	-0.16672900906089527	-0.2712023828748833
chr3_mat	95600000	95800000	0.011990692518918563	-1.008201329396881	-0.7155356583353456	-0.041636860033238035
chr3_mat	95800000	96000000	0.012612467696636544	-0.8805149235714056	-0.3677930969074089	-0.004067825735365132
chr3_mat	96000000	96200000	0.011570472600796446	-0.7974781876357611	-0.4565978442434189	0.03568100472661948
chr3_mat	96200000	96400000	0.010659902037954489	-1.1089090211934494	-0.6061181841489248	0.11190451504941054
chr3_mat	96400000	96600000	0.012316271821198781	-1.0308046724454765	-0.39258408585968485	0.18850043497155675
chr3_mat	96600000	96800000	0.016432751887281105	-0.0006776077336595748	-0.24083895396562685	-0.277156488376916
chr3_mat	96800000	97000000	0.013252475368793582	-0.273218854606138	-0.4763089529756071	-0.26238993325517207
chr3_mat	97000000	97200000	0.014372882651415286	-0.03517225817617111	-0.2468127881888647	-0.19414375753502655
chr3_mat	97200000	97400000	0.013135584180947723	-0.5670520889277131	-0.43976642425754986	-0.3167849504217547
chr3_mat	97400000	97600000	0.010885768657129652	-0.8375999387617011	-0.40397458930243146	-0.019255520180450025
chr3_mat	97600000	97800000	0.010061092383814117	-1.2554131971745082	-0.9163238698389737	-0.029231603135329225
chr3_mat	97800000	98000000	0.01108020054585224	-1.027514778762758	-0.7222712641019446	0.03672373321078043
chr3_mat	98000000	98200000	0.0095235124025532	-1.137025533754507	-1.007220247002349	-0.1076918280567571
chr3_mat	98200000	98400000	0.010575177421215146	-0.9773273398335218	-0.7054727051072839	-0.06303497975931911
chr3_mat	98400000	98600000	0.011022562506675729	-0.7389992808113082	-0.7481189310023727	-0.17505450548740853
chr3_mat	98600000	98800000	0.012307827076670184	0.022046111039264762	-0.3151339198863123	-0.17161731034968544
chr3_mat	98800000	99000000	0.013217142275157507	0.24570641020166076	-0.33787995064673126	-0.3149390681820365
chr3_mat	99000000	99200000	0.01561227046217041	0.3943707690136372	-0.1086506259030999	-0.1369615767665011
chr3_mat	99200000	99400000	0.015744061070978997	0.6783351915632341	-0.1570312843022854	-0.3890162581269542
chr3_mat	99400000	99600000	0.01060215800925122	-0.49868711193532494	-0.581171756212737	-0.3446604404349215
chr3_mat	99600000	99800000	0.011635329791034935	-0.6778865017051416	-0.5638464743548652	-0.203691378549269
chr3_mat	99800000	100000000	0.011157018963678865	-0.4983261500410229	-0.5055841127099961	-0.18156278759093178
chr3_mat	100000000	100200000	0.010874507958168647	-1.1417423094193195	-0.7742091159825683	-0.2178976787524931
chr3_mat	100200000	100400000	0.013089951488604007	-0.3507206001168321	-0.3563148601956797	-0.2885826686447802
chr3_mat	100400000	100600000	0.015525564534918747	0.43230952333299755	-0.3151210427054012	-0.30081526268490266
chr3_mat	100600000	100800000	0.014025118524414295	0.7089458826477212	-0.3000001341762608	-0.33439948173515777
chr3_mat	100800000	101000000	0.011901310273770878	0.07450168467308951	-0.16293045074050827	-0.3029768108452803
chr3_mat	101000000	101200000	0.012016980031180893	0.11721368048731352	-0.3806413755894317	-0.4181446582385653
chr3_mat	101200000	101400000	0.012246801912023568	0.35878909215631755	-0.23047732448078628	-0.15547465130981822
chr3_mat	101400000	101600000	0.013153902170561343	0.37252514188171854	-0.30064448509309555	-0.25119669532993194
chr3_mat	101600000	101800000	0.01424296610516255	0.6164246232678215	-0.2217248674025414	-0.4171218961871843
chr3_mat	101800000	102000000	0.012071937965612853	-0.35473385642290256	-0.5333314123301939	-0.2210300114118318
chr3_mat	102000000	102200000	0.00929936846187052	-1.1994367586820633	-0.8450873376151458	-0.220683166458715
chr3_mat	102200000	102400000	0.012340671403682774	-0.10876625142450838	-0.29314775022449935	-0.15973729405000706
chr3_mat	102400000	102600000	0.014175698394119463	-0.001201082029760952	-0.3521129833585164	-0.32072695816155744
chr3_mat	102600000	102800000	0.012977721753473921	-0.054591323715143185	-0.3609466813094013	-0.25639778616897935
chr3_mat	102800000	103000000	0.009965023303283416	-1.1674357761726244	-0.7509925589335046	-0.3081913121421312
chr3_mat	103000000	103200000	0.010003103241365515	-0.8609785816990646	-0.8322649336781335	-0.296401290340472
chr3_mat	103200000	103400000	0.010492508661029638	-0.6668721013434509	-0.7345349510152861	-0.32129791605525354
chr3_mat	103400000	103600000	0.012624901357239612	-0.17476168021663718	-0.5094841648224843	-0.40174363560280185
chr3_mat	103600000	103800000	0.015363358004126356	0.7085431127160704	-0.18736691083538035	-0.3510552512324148
chr3_mat	103800000	104000000	0.015232016881907012	0.5458383481216016	-0.23079448715760537	-0.2111330864345039
chr3_mat	104000000	104200000	0.01190509489480014	-0.07676466542530211	-0.48771254843100315	-0.42519108901853575
chr3_mat	104200000	104400000	0.011909718222501668	0.34811751334815055	-0.370600271511675	-0.424396882292826
chr3_mat	104400000	104600000	0.011475803148009441	-0.044976770098990974	-0.4995027482077492	-0.4684897613627478
chr3_mat	104600000	104800000	0.012979421161251238	0.730873408564568	-0.256561098683177	-0.20898684270384163
chr3_mat	104800000	105000000	0.01401005350442026	0.5911753453650922	-0.30565747225952666	-0.39170200710503333
chr3_mat	105000000	105200000	0.014549198698686348	0.43483701619618326	-0.21369963317160226	-0.38892617472719687
chr3_mat	105200000	105400000	0.014000185625493534	0.3781628427799601	-0.18341407493118175	-0.441104303771073
chr3_mat	105400000	105600000	0.011967464620058179	0.4751691968236059	-0.24563052827742235	-0.43834994100934377
chr3_mat	105600000	105800000	0.012073908242689614	0.14954360142092785	-0.3903213385111154	-0.37335237191031145
chr3_mat	105800000	106000000	0.012600211200432282	-0.6577885028969656	-0.8337786515895971	-0.7479419250875302
chr3_mat	106000000	106200000	0.01210167538895737	0.26378967760085004	-0.357189592610063	-0.43249716440206926
chr3_mat	106200000	106400000	0.0103949771674028	-0.6677400644437789	-0.5553948055640971	-0.17726449775191272
chr3_mat	106400000	106600000	0.009658657826205728	-1.0655388386297218	-0.46511628643480296	-0.178753940825951
chr3_mat	106600000	106800000	0.011543500543361304	-0.7929158723585318	-0.5120177668175915	-0.3648509229823202
chr3_mat	106800000	107000000	0.013123487266741401	0.13666201094526426	-0.22953742653010606	-0.2971962177240925
chr3_mat	107000000	107200000	0.012498209958954875	0.03868010149174944	-0.4109187153409194	-0.4040559034646608
chr3_mat	107200000	107400000	0.009435244295099475	-1.1573084469729593	-0.607452212001965	-0.13295299491100493
chr3_mat	107400000	107600000	0.012180035287358528	-0.22100625955401337	-0.5190116464748138	-0.32349933303541456
chr3_mat	107600000	107800000	0.011888850979910085	-0.24799890950610193	-0.3453923683136713	-0.471792826617048
chr3_mat	107800000	108000000	0.01115419167040863	-0.5824254799054781	-0.6051289013007554	-0.5273035542018806
chr3_mat	108000000	108200000	0.008746926876723385	-1.4406769273109354	-0.752203370076208	-0.17318818292908378
chr3_mat	108200000	108400000	0.013102327832779051	-0.2134041404734505	-0.43568235994345605	-0.48964779493546645
chr3_mat	108400000	108600000	0.011047909822158797	-0.6609328232465055	-0.6503521600736066	-0.45329969012019694
chr3_mat	108600000	108800000	0.00923277257324698	-1.1418317239196767	-0.7040981580695533	-0.23546705533869397
chr3_mat	108800000	109000000	0.012119291041772739	0.6625434251288944	-0.02439317395497132	-0.3677108212489125
chr3_mat	109000000	109200000	0.012076217539102103	0.8434882424122712	-0.08994423027466804	-0.5995907913087998
chr3_mat	109200000	109400000	0.012783213030652194	0.6992113779349979	-0.25850601645561727	-0.4727684185582507
chr3_mat	109400000	109600000	0.011343978865971436	0.023656574481788612	-0.5187086259349789	-0.6724334353226978
chr3_mat	109600000	109800000	0.008917011274431367	-1.184561745261508	-0.9194524263579841	-0.5408951406323635
chr3_mat	109800000	110000000	0.010933786390952908	0.559538826632398	-0.23151301650431405	-0.290815044073532
chr3_mat	110000000	110200000	0.011578927344159285	0.6103602519516843	-0.08162333733550266	-0.32980967118991467
chr3_mat	110200000	110400000	0.011723379420550803	0.8362187312054717	-0.13456472195892236	-0.6744918289947348
chr3_mat	110400000	110600000	0.011675465201472812	0.2668108827238171	-0.29169971333598693	-0.4364904744088007
chr3_mat	110600000	110800000	0.009722889398880158	-0.698074458779651	-0.49852648580216624	-0.571379284510423
chr3_mat	110800000	111000000	0.012568016533687644	0.4940378443150112	-0.29817994211888754	-0.6303181958126679
chr3_mat	111000000	111200000	0.012107665761330152	0.7346864912247087	-0.22743657586119237	-0.487779181743473
chr3_mat	111200000	111400000	0.012072820965211626	0.7283909800957743	-0.16871367501060228	-0.5037089864578375
chr3_mat	111400000	111600000	0.017490386860024684	0.5248193194062891	-0.22839813969893782	-0.655231495823009
chr3_mat	111600000	111800000	0.010400204901119628	-0.20253324568358197	-0.34752831967802594	-0.6105149817431633
chr3_mat	111800000	112000000	0.010977037936369288	0.43936397779411673	-0.3889246509757353	-0.6527229779285377
chr3_mat	112000000	112200000	0.007560032037090467	-1.3787122243864693	-0.9950287434088073	-0.6144135599124243
chr3_mat	112200000	112400000	0.01182433275791066	0.247618603346179	-0.24420355081315998	-0.4707786254093363
chr3_mat	112400000	112600000	0.011425802673343557	0.08283492374782356	-0.1756316931277604	-0.5063029065160651
chr3_mat	112600000	112800000	0.014582383648740305	0.672474510226618	-0.11960704679784875	-0.5183438592181049
chr3_mat	112800000	113000000	0.013886778409557562	-0.4252095190046519	-0.6456112315106023	-0.5698413627382908
chr3_mat	113000000	113200000	0.014060105423433417	0.5985307999234508	-0.23957214621473805	-0.8253030570145725
chr3_mat	113200000	113400000	0.012704281491770749	0.2789775903751896	-0.22943800575917225	-0.8380671399052001
chr3_mat	113400000	113600000	0.009082527852803095	-1.2161275693708553	-0.9839910770049789	-0.4451901501440036
chr3_mat	113600000	113800000	0.010531333413382575	-1.009053080019966	-0.7425162396277923	-0.589900038970184
chr3_mat	113800000	114000000	0.009319281818542153	-1.3413884805735548	-0.9640519827912896	-0.6098632498264068
chr3_mat	114000000	114200000	0.013629214696042247	0.10031303268040215	-0.33799922675184046	-0.7817735002593659
chr3_mat	114200000	114400000	0.012220962071046103	-0.6177935134749317	-0.7303778780371981	-0.761906232292904
chr3_mat	114400000	114600000	0.009815284423231735	-1.3998196567838768	-0.9452415808191974	-0.4487339935638942
chr3_mat	114600000	114800000	0.008713202034814585	-1.4771966960931024	-1.088633098936954	-0.2717364321989816
chr3_mat	114800000	115000000	0.013341719207741099	-0.46799617635403784	-0.18940582350005417	-0.4902884146316097
chr3_mat	115000000	115200000	0.013116466599205318	-1.5619896368048625	-1.169197053369829	-0.1519432392163963
chr3_mat	115200000	115400000	0.07183361239858295	-1.173998803174576	-1.2589072474816287	-0.14808555217962172
chr3_mat	115400000	115600000				
chr3_mat	115600000	115612305				
chr4_mat	0	200000	0.03480541834458014	-0.6240548011393316	-0.7546446004744758	-0.3310047119240887
chr4_mat	200000	400000	0.02229163641973108	-0.3132725986837307	-1.103395523343074	-0.35810628665768135
chr4_mat	400000	600000	0.012294934570360077	-0.6749366051633205	-0.6657469666981638	-0.11955332230096291
chr4_mat	600000	800000	0.008313032748438302	-1.479721775846697	0.7910258867262884	-0.45897185718941963
chr4_mat	800000	1000000	0.009875015386612637	-0.8894147854034011	-0.36219869310348296	-0.3069705163432202
chr4_mat	1000000	1200000	0.010187794970800178	-0.4989715933978868	-0.5398485384766665	-0.20163521326355563
chr4_mat	1200000	1400000	0.008652391606663801	0.5940557226039797	-0.49823242705946813	-0.1190717090744402
chr4_mat	1400000	1600000	0.008271170253156932	0.3232488790405374	-0.7360827426212107	-0.1976110680351885
chr4_mat	1600000	1800000	0.008083560291020864	-0.5979166804639917	-0.514045277735984	-0.1959012789505395
chr4_mat	1800000	2000000	0.008419828969422748	-1.4603122285467283	0.6551978177284348	-0.7391534341806476
chr4_mat	2000000	2200000	0.01030073317398722	-1.252832461332036	0.43313757314370244	-0.32194610351898684
chr4_mat	2200000	2400000	0.012106053356262395	-0.008830812521261555	-0.8961676172581755	-0.23949512300604733
chr4_mat	2400000	2600000	0.012193720074723396	-0.041359662490889605	-0.9203627013645866	-0.30664130466406797
chr4_mat	2600000	2800000	0.008834593564882877	-1.1442064197284219	-0.15577812366324642	-0.3214534453095127
chr4_mat	2800000	3000000	0.007964118004152292	-1.3929366330594548	0.3874058054169128	-0.5685305772772445
chr4_mat	3000000	3200000	0.008402573146137193	-1.2041424110766088	0.13699077126710787	-0.630543331175566
chr4_mat	3200000	3400000	0.010863498928969071	0.7689147494751737	-0.5213433421670258	-0.29584600951262424
chr4_mat	3400000	3600000	0.011089583058779981	0.9337811483465621	-0.5124110636193283	-0.7001819772924369
chr4_mat	3600000	3800000	0.011551678822896157	0.9834309355997887	-0.19046888506029286	-0.7016002780534721
chr4_mat	3800000	4000000	0.011197813679703088	0.9656364568695366	-0.08251242617614155	-0.7087346883658996
chr4_mat	4000000	4200000	0.010979129679653038	0.8840215967862012	-0.1556376128494095	-0.5846187801418938
chr4_mat	4200000	4400000	0.010375806505837882	0.9394263686467651	-0.1088654596295506	-0.5722610653225934
chr4_mat	4400000	4600000	0.010606661584636655	0.9010336574989142	-0.23352269970384365	-0.4321551125878442
chr4_mat	4600000	4800000	0.010564524347163136	1.0174142563144672	0.029319456871220537	-0.5758840949370024
chr4_mat	4800000	5000000	0.010060290562761443	0.8814513390061319	-0.12361494880671875	-0.5265508009680144
chr4_mat	5000000	5200000	0.011141986295744656	0.8490130525053086	-0.35731899265591044	-0.6172068606500272
chr4_mat	5200000	5400000	0.010244644335947732	-0.5369009788502932	-0.2373300471561987	-0.4707540549734242
chr4_mat	5400000	5600000	0.012234953812450995	-0.6670918796291926	-0.5580411056987562	-0.45137044082135996
chr4_mat	5600000	5800000	0.00942080777114861	-1.2706627855191148	0.30505799929408617	-0.60614928132517
chr4_mat	5800000	6000000	0.007417338343456368	-1.325514005127483	0.11305835623181476	-0.5965667996600041
chr4_mat	6000000	6200000	0.014275392327916699	0.28241649180805106	-0.8276455168744682	-0.330510435364287
chr4_mat	6200000	6400000	0.014555370874516168	0.7346774945701664	-0.579371356100104	-0.4915516934698253
chr4_mat	6400000	6600000	0.016868824954588534	0.5156137842622783	-0.535926383004559	-0.36112067424559985
chr4_mat	6600000	6800000	0.010030261213307693	-1.0815268229164785	0.16551849132252283	-0.27465969915358784
chr4_mat	6800000	7000000	0.00914593997967648	-1.3312091053744228	0.824513496693091	-0.30054153575936565
chr4_mat	7000000	7200000	0.012180056065804714	-0.3410390573401677	-0.5238183323666399	-0.08027700854626521
chr4_mat	7200000	7400000	0.011108498138851973	-0.8154206641071373	-0.19407074053200296	-0.13023650455388097
chr4_mat	7400000	7600000	0.00815582450350012	-1.3944895686721266	0.8040842409457662	-0.2556655709922026
chr4_mat	7600000	7800000	0.012398039540912257	-0.09857278135782581	-0.5860190498365806	-0.042180384641045565
chr4_mat	7800000	8000000	0.01326024127536015	0.32959264735174176	-0.6405029369333297	0.04799038521711015
chr4_mat	8000000	8200000	0.011393651317994186	-0.5929997538539575	-0.5962869532083793	0.12019177447901223
chr4_mat	8200000	8400000	0.009637750621435424	-0.7928966824382401	-0.37732953393144625	-0.03827757972975411
chr4_mat	8400000	8600000	0.012016425861590232	0.007622067817512651	-0.7534297960838641	0.004581836671987112
chr4_mat	8600000	8800000	0.010741489276373065	-0.7961790891926536	-0.15274487246199706	-0.02128795196932992
chr4_mat	8800000	9000000	0.008899297651455675	-1.0626565146940392	0.22797956543388728	-0.05233655638915967
chr4_mat	9000000	9200000	0.009091508423498975	-0.8920699643606302	0.08880877353601714	0.012738263781383072
chr4_mat	9200000	9400000	0.00804767342902743	-1.1776927762843838	0.35324411907924386	-0.09083553941724286
chr4_mat	9400000	9600000	0.011820261519357748	0.04762367588216279	-0.6164245708459184	0.006555881943752878
chr4_mat	9600000	9800000	0.011338798665759884	0.05593344286546599	-0.6288729095292942	-0.2405285184559249
chr4_mat	9800000	10000000	0.010696263855600789	0.896360534415307	-0.16646083074307844	-0.34359919559423474
chr4_mat	10000000	10200000	0.011433057142351093	0.753769440360112	-0.39195527843429945	-0.33512819277661593
chr4_mat	10200000	10400000	0.012416975578860234	0.9081248656225466	-0.15218577082549448	-0.25191084420791404
chr4_mat	10400000	10600000	0.011831328929189823	0.25562466303101966	-0.5947696058769801	-0.30588206665405365
chr4_mat	10600000	10800000	0.011104884788089986	0.5418465455503034	-0.21651399449278372	-0.31835974368236725
chr4_mat	10800000	11000000	0.012118979382257566	0.7678556224303089	-0.10867005118332598	-0.3490350717414883
chr4_mat	11000000	11200000	0.012211455278670793	0.9398768973457086	0.03649493358541169	-0.47607125611526174
chr4_mat	11200000	11400000	0.011835426654604962	0.8617359827680728	-0.10233255326966258	-0.3275469300146679
chr4_mat	11400000	11600000	0.012101396430130236	0.26650691685229866	-0.5968725155012304	-0.11581218643157258
chr4_mat	11600000	11800000	0.008426115932436392	-1.258110243905018	0.6740229144121482	-0.1384265731386295
chr4_mat	11800000	12000000	0.0109333718814362	-0.6017500479059211	-0.39112444551283054	-0.06527964463928305
chr4_mat	12000000	12200000	0.008396265300137222	-0.8723822446673563	0.2042063398902084	0.00032036895029852674
chr4_mat	12200000	12400000	0.010622031160707352	-0.6066538666064213	0.08858398409150753	0.1749211283870467
chr4_mat	12400000	12600000	0.01193489573235376	0.6209052520359726	-0.27905076264580014	0.11609641683265334
chr4_mat	12600000	12800000	0.011635015476637702	0.23300550686124455	-0.49188298403043307	0.10200704153336615
chr4_mat	12800000	13000000	0.01264474685575004	-0.2875435031144364	-0.6886037797360558	0.02949937826754403
chr4_mat	13000000	13200000	0.011503382450731191	-0.23359448059696403	-0.5933093230878583	-0.03651639656672355
chr4_mat	13200000	13400000	0.01152350033096425	-0.23175615247538295	-0.6863431354043368	-0.041956777274742445
chr4_mat	13400000	13600000	0.013998888312829874	0.7387564542239233	-0.05734094397013408	0.021381801353514654
chr4_mat	13600000	13800000	0.01294268046843078	0.7949415456462898	-0.1156188768684818	0.05749217640232818
chr4_mat	13800000	14000000	0.013098758288955781	0.9185477357172172	0.14099088273938945	0.005411171903406039
chr4_mat	14000000	14200000	0.014332247182815916	0.47724200837046893	-0.22481922383211927	0.13233354259299301
chr4_mat	14200000	14400000	0.011641392037452429	-0.3843548900831213	-0.4274436171197779	0.015772749889720168
chr4_mat	14400000	14600000	0.013505088523430459	0.8516550282836648	-0.13243075418147027	0.07866400042152775
chr4_mat	14600000	14800000	0.012927675086959134	0.0689932285608436	-0.3740655020508841	0.1485706232183338
chr4_mat	14800000	15000000	0.011181959452916583	-0.7344429892353186	-0.2136876301193176	-0.2067819398938874
chr4_mat	15000000	15200000	0.012206971278814463	-0.35592010863130036	-0.3963552618242166	-0.10992640113066775
chr4_mat	15200000	15400000	0.01186464087108862	-0.25125520276214947	-0.3045530679948031	0.1614522793273126
chr4_mat	15400000	15600000	0.015595117859077365	0.6023406451370376	-0.13040833504621024	0.23972667212135593
chr4_mat	15600000	15800000	0.011461113446241695	-0.47196354511739214	-0.5068280152660701	-0.041715173206131474
chr4_mat	15800000	16000000	0.014602038233887399	0.27238531362714696	-0.40447389824526725	0.12003415675141861
chr4_mat	16000000	16200000	0.014296974356432525	0.730056382150972	0.05984034487978578	0.17133412740177797
chr4_mat	16200000	16400000	0.015196221771635493	0.8266824627447651	0.057858229518090144	0.28164415401999193
chr4_mat	16400000	16600000	0.014590559598736749	0.8446893917234712	0.1764998133863169	0.34074659596865386
chr4_mat	16600000	16800000	0.01437838348313138	0.8447015788578144	0.18865229013519166	0.30681117487201337
chr4_mat	16800000	17000000	0.013684741220247867	0.8740759520866073	0.1351007531760748	0.19004665465853987
chr4_mat	17000000	17200000	0.014297052749867534	0.6928395936018241	-0.05980618862132328	0.23488908335882214
chr4_mat	17200000	17400000	0.015571199231295973	0.03649504208043566	-0.6381829189602772	0.15177013326077546
chr4_mat	17400000	17600000	0.015205189284222737	0.856820758886042	0.06755189596079302	0.09787889517023037
chr4_mat	17600000	17800000	0.02156830347709816	0.7252955641766918	-0.019909069070447868	0.1734999404195578
chr4_mat	17800000	18000000	0.016687840662459555	-0.06529154413520205	-0.4169516737240588	-0.08964747758375596
chr4_mat	18000000	18200000	0.011331226484744742	-0.8575759478307687	-0.10949238853543289	0.03321552246938357
chr4_mat	18200000	18400000	0.010027448688383634	-0.9160392882743209	-0.06558045175183291	-0.003154014933907798
chr4_mat	18400000	18600000	0.01779996282361393	-0.7674679611977345	-0.1582834478538439	0.10532475068878232
chr4_mat	18600000	18800000	0.015858490658549176	-0.4424067994233485	-0.3606802902309156	0.23543663108959953
chr4_mat	18800000	19000000	0.024211134495801447	0.7343560567760419	0.042417950329349446	0.38571401475148565
chr4_mat	19000000	19200000	0.024521556285022242	0.9075647802695487	0.2397141434280946	0.4901388923321489
chr4_mat	19200000	19400000	0.014179356940536974	0.7679584047030822	0.062236856951761906	0.4114903603860378
chr4_mat	19400000	19600000	0.01632271018710412	0.8086976031601126	0.2148486746008951	0.5567743168403614
chr4_mat	19600000	19800000	0.018482328090530842	0.7500316226166663	0.1481407700450883	0.6204299718058491
chr4_mat	19800000	20000000	0.030984188514300487	0.7736202450735702	0.08441919429083643	0.5931705951153506
chr4_mat	20000000	20200000	0.02005485996661304	0.8123943286717435	0.21235523849593668	0.5352141587400325
chr4_mat	20200000	20400000	0.02366828278276989	0.726069986742889	0.018390104360443048	0.6891706854325655
chr4_mat	20400000	20600000	0.020562429261213967	0.7698905703636919	0.09289840881943873	0.4975213106053764
chr4_mat	20600000	20800000	0.020810793862847034	0.7448617026648627	0.10752382570209142	0.436434070261575
chr4_mat	20800000	21000000	0.019712148458933213	0.7394527385566195	0.12557516907786076	0.44379659906463786
chr4_mat	21000000	21200000	0.0194546802627586	0.8251642303004445	0.22057708886585256	0.5714566804437494
chr4_mat	21200000	21400000	0.024304273611874084	0.8407880922974462	0.1254876504444427	0.6673286893225521
chr4_mat	21400000	21600000				
chr4_mat	21600000	21800000	0.03860729558516591	0.8476204039711059	0.06918673997710068	0.4887595371148633
chr4_mat	21800000	22000000	0.016649354506198005	0.7634961096161798	-0.0542989143418348	0.53657007028231
chr4_mat	22000000	22200000	0.01422871835806099	-0.24333368990145232	-0.5766575524250611	0.2767093769542057
chr4_mat	22200000	22400000	0.015517001176413393	-0.5236576447281995	-0.4765432099946493	0.28768949535076743
chr4_mat	22400000	22600000	0.012240975809932992	-0.6818554469066609	0.03459533494069284	0.14607282236152735
chr4_mat	22600000	22800000	0.014490498672249271	-1.044380494789558	0.08808877544047128	0.14131918348795125
chr4_mat	22800000	23000000	0.011937777858355949	-1.0073690283694474	0.14270374280567305	0.14898756042592182
chr4_mat	23000000	23200000	0.01456957487877834	0.22461567903231533	-0.48388250471304695	0.5224480480992474
chr4_mat	23200000	23400000	0.014662543452078156	0.5526354111206908	-0.4578429872229008	0.3213893892423059
chr4_mat	23400000	23600000	0.01679284829032265	0.4248895476531485	-0.5389945209042477	0.41875649222512984
chr4_mat	23600000	23800000	0.013709209126230677	-0.8432430293801865	-0.1767807729567416	0.3295887990604143
chr4_mat	23800000	24000000	0.014166108993176142	-0.7546943981116816	-0.3078786798440693	0.3070274602091243
chr4_mat	24000000	24200000	0.01991735420230134	0.746437079777888	-0.024298628489420004	0.48399281848079134
chr4_mat	24200000	24400000	0.015701708130225825	0.8158426759135439	-0.03649691585251815	0.48771274050598945
chr4_mat	24400000	24600000	0.01508181308589948	-0.04145642744545177	-0.5586127763736795	0.2734881403360909
chr4_mat	24600000	24800000	0.017298873431902038	0.7265947539990952	-0.11357390053066137	0.450908549259919
chr4_mat	24800000	25000000	0.01976195289836501	0.8471789031495247	0.0009824277092484754	0.4566183119049648
chr4_mat	25000000	25200000	0.039102737747025704	0.7638014533382178	-0.06823771931868206	0.19026023565664407
chr4_mat	25200000	25400000	0.014577993151364804	0.262397697915999	-0.4879352305026265	0.3093481932360589
chr4_mat	25400000	25600000	0.015164139235169459	-0.09450395129822177	-0.5372375270521592	0.3865954989822516
chr4_mat	25600000	25800000	0.013018991507639672	-1.1946189204719326	0.5761185522223892	0.20722007545201754
chr4_mat	25800000	26000000	0.010301064626882801	-1.1736809576411313	0.5974614517933028	0.27966296806037577
chr4_mat	26000000	26200000	0.015981567803301327	-0.026196202247872374	-0.6595611310560354	0.2944353954055444
chr4_mat	26200000	26400000	0.013164062122991378	-0.3569412974180968	-0.47245787784937665	0.29161577551043427
chr4_mat	26400000	26600000	0.014119764997663582	-0.6497487845560066	-0.15233787174102353	0.4001171861745479
chr4_mat	26600000	26800000	0.014090841303652124	-0.44118886658929996	-0.38690954180129394	0.3370907571308594
chr4_mat	26800000	27000000	0.014965917424802709	-0.6045467433954617	-0.2551901596911792	0.4938419562796435
chr4_mat	27000000	27200000	0.01357241293023861	-0.7544634077399754	-0.1417042285322599	0.45792075031262996
chr4_mat	27200000	27400000	0.010643922574538344	-0.7456298565285571	-0.3449786110584191	0.43224522973247465
chr4_mat	27400000	27600000	0.012319572007270328	-0.6358785000185223	-0.2999541081655653	0.28167477133842006
chr4_mat	27600000	27800000	0.016409830611635697	-0.044606875572405474	-0.4470080115703106	0.35913810116523726
chr4_mat	27800000	28000000	0.02344982575089656	0.8603427207917719	-0.11717389469493088	0.5386704352100792
chr4_mat	28000000	28200000	0.020543647598753143	0.8577989876823122	0.06684716369507329	0.4792588952332894
chr4_mat	28200000	28400000	0.0240177088813173	0.9030268604595012	0.247839805743927	0.7045375590782524
chr4_mat	28400000	28600000	0.03124983089276323	0.7313727964500581	-0.09182813754629889	0.4088064142331866
chr4_mat	28600000	28800000	0.016880948416754808	0.8236039716817081	0.0662944234184506	0.5329472268619448
chr4_mat	28800000	29000000	0.016102096925757935	0.8215037095735624	0.1247218580603829	0.4415922033747598
chr4_mat	29000000	29200000	0.016119195512919765	0.2632922457637422	-0.5342863941122501	0.3094209175234801
chr4_mat	29200000	29400000	0.011345931254983095	-0.4482044398311216	-0.15364536992441047	0.32425898957079047
chr4_mat	29400000	29600000	0.018744188236665564	0.19852286495626223	-0.47893131095383834	0.4378968763137083
chr4_mat	29600000	29800000	0.013974278350798773	-0.20501729888084488	-0.3565496858660132	0.30953514357283257
chr4_mat	29800000	30000000	0.025322109330155124	0.8210724013701227	0.09110478767095333	0.4643388811011555
chr4_mat	30000000	30200000	0.017560458194555623	0.8044196998400356	0.10819401978520335	0.3814636151461071
chr4_mat	30200000	30400000	0.02074840164087939	0.9356593385950003	0.2980298335668361	0.354463388118283
chr4_mat	30400000	30600000	0.01744610629499076	0.8389448043376306	0.13661012738256278	0.467223365537724
chr4_mat	30600000	30800000	0.04649624388470061	0.883420185489826	0.037975883996049065	0.5289319860320114
chr4_mat	30800000	31000000	0.022948176334801576	0.8747705653580709	0.16080175378622233	0.527495130391424
chr4_mat	31000000	31200000	0.022470435757683885	0.47750328913467266	-0.4052042925721748	0.2904697191288026
chr4_mat	31200000	31400000	0.018247150943273387	0.5501453642016467	-0.2841184974885272	0.32809317780130554
chr4_mat	31400000	31600000	0.03286185790960183	-0.3457242618873818	-0.5757496889688037	0.25655069878193737
chr4_mat	31600000	31800000	0.013712525240282793	-0.6376281093505997	-0.4340052225807189	0.393363745297439
chr4_mat	31800000	32000000	0.010835325695576385	-1.2134714965286792	0.37762177211016845	0.4943600189400986
chr4_mat	32000000	32200000	0.015002504764037132	-0.9160370324164047	-0.32457733761733626	0.43126680488092695
chr4_mat	32200000	32400000	0.015407945583704816	0.37788013378357316	-0.5663603056921189	0.47104022232554893
chr4_mat	32400000	32600000	0.02673101807864264	0.5022763524334781	-0.3651820718731261	0.5487945205708983
chr4_mat	32600000	32800000	0.017708593541009014	0.7904220950316075	-0.020045124210726812	0.4201300897393544
chr4_mat	32800000	33000000	0.022346439730858564	0.8414943358049023	0.134336187899217	0.45346012183991113
chr4_mat	33000000	33200000				
chr4_mat	33200000	33400000				
chr4_mat	33400000	33600000	0.019026431005886416	0.9041968895533968	0.3152763664378489	0.5632914921448945
chr4_mat	33600000	33800000	0.021950048152422536	0.8898495901011169	0.3300300869568418	0.353821274906283
chr4_mat	33800000	34000000	0.021667402800316257	0.9235099262107632	0.3136321824736933	0.4720115814941341
chr4_mat	34000000	34200000	0.026666388560651712	0.8678877827038081	0.2382043341689104	0.4288922625796776
chr4_mat	34200000	34400000	0.0324905584943216	0.7452711809654698	0.10363695634098224	0.26475776270947476
chr4_mat	34400000	34600000	0.048912816635526546	0.11329641493576263	-0.4414286959444589	0.19189651058147053
chr4_mat	34600000	34800000	0.014610627975913459	-0.9380350851210242	-0.14680344663172948	0.4249611923492614
chr4_mat	34800000	35000000	0.016226628549547657	-0.0019001086769047757	-0.49013371643478176	0.28472426806514095
chr4_mat	35000000	35200000	0.015647124497535015	0.7249915292051149	0.06743891002140932	0.22715917333638996
chr4_mat	35200000	35400000	0.0162606742339795	0.888823745498083	0.32718148823072063	0.31731199098054697
chr4_mat	35400000	35600000	0.01563437750052456	-0.27741181937748305	-0.09578195163286415	0.3037177776962544
chr4_mat	35600000	35800000	0.01598824952138625	-0.4792989989667839	-0.12811579732044498	0.40178002712373895
chr4_mat	35800000	36000000	0.014260360882173837	-0.38275527847470586	-0.5600659517761909	0.3219428234074577
chr4_mat	36000000	36200000	0.017850616766686776	0.2777947583474846	-0.44691579453494623	0.2747628698477372
chr4_mat	36200000	36400000	0.015182656815194923	0.8362106568478008	0.08566040742779754	0.27065533407013914
chr4_mat	36400000	36600000	0.017013908982899065	0.8559773701383209	0.2741821439782455	0.34798798203624015
chr4_mat	36600000	36800000	0.015383466955126062	0.8471329134651486	0.22381984836536914	0.23384984392485555
chr4_mat	36800000	37000000	0.01416926564095896	0.6192069333345815	-0.13791556938407024	0.32118109573366094
chr4_mat	37000000	37200000	0.012410210545154891	-0.5895887074871906	-0.3194400330380788	0.2707020703987528
chr4_mat	37200000	37400000	0.015127824632726843	-0.7967615420572562	-0.08253029301125224	0.45611691835628887
chr4_mat	37400000	37600000	0.022535460049119573	-0.5969713475557913	-0.10696125436856334	0.41953854333648644
chr4_mat	37600000	37800000	0.016922807947506297	-0.33515620807024943	-0.045482596488663506	0.5074437111225977
chr4_mat	37800000	38000000	0.02176863185068855	0.6555912164546238	0.013911279701622807	0.3175618557380675
chr4_mat	38000000	38200000	0.015259214878317981	0.8347183334429992	0.19988893951168435	0.37831040266348104
chr4_mat	38200000	38400000	0.016885479178722344	0.7484941960432056	-0.02182611156098733	0.19767466242369108
chr4_mat	38400000	38600000	0.016228249266007154	-0.07532480311258266	-0.24224503871052827	0.3648816156756312
chr4_mat	38600000	38800000	0.012161901936866275	-0.6684565622340085	-0.2308107707598381	0.35365598350274025
chr4_mat	38800000	39000000	0.015680330288770736	0.5244287886206955	-0.22707057248188672	0.28036546387074257
chr4_mat	39000000	39200000	0.016234939602664467	-0.243556858674077	-0.7507018570554461	0.18740429875321807
chr4_mat	39200000	39400000	0.01585028837269789	0.7519271845421259	0.06709959130825931	0.33997278346033155
chr4_mat	39400000	39600000	0.016184857626928666	0.9238184868016569	0.2612877766783004	0.31578473699472365
chr4_mat	39600000	39800000	0.01726986259850014	0.8843995479631117	0.2410034372505934	0.4945479242871846
chr4_mat	39800000	40000000	0.01627928986177525	0.9114749021923525	0.36713893899421646	0.3851910325149067
chr4_mat	40000000	40200000	0.021260288766087213	0.8434457228041424	0.17357702750502982	0.3644602485388414
chr4_mat	40200000	40400000	0.015699579497345312	0.5259933369329103	-0.10691581871707852	0.31622671714758016
chr4_mat	40400000	40600000	0.015110892830541438	-0.2960027183299143	-0.4744178206855372	0.3128176714457208
chr4_mat	40600000	40800000	0.014384165947578654	0.3759299533816578	-0.3756194624343068	0.23381452073530948
chr4_mat	40800000	41000000	0.01640303343428948	0.7928170274278921	0.09333226313176816	0.2940879311803126
chr4_mat	41000000	41200000	0.017755755637579283	0.8960472242890912	0.18244742369998596	0.3210162313539822
chr4_mat	41200000	41400000	0.01565943821205032	0.8614365857768813	0.21384260118706222	0.2565937890695954
chr4_mat	41400000	41600000	0.01331952934297033	0.404414393655624	-0.24190070674085032	0.22230682582088807
chr4_mat	41600000	41800000	0.016200279243643586	0.4756591470569727	-0.2683167928284855	0.1832263820274083
chr4_mat	41800000	42000000	0.017146411119424623	0.4950067108146419	-0.4104943974594335	0.1916469257756716
chr4_mat	42000000	42200000	0.012202668233812452	-0.5094918575401068	-0.5139593534326002	0.2937906924334599
chr4_mat	42200000	42400000	0.019489009107494418	0.24022179880087843	-0.56486611087154	0.3173387101414815
chr4_mat	42400000	42600000	0.011430300805478369	-1.3776518545184464	0.9480966434730348	0.738714050208948
chr4_mat	42600000	42800000	0.01434991818922305	-0.9861894984199683	0.04974064536270949	0.553361729314794
chr4_mat	42800000	43000000	0.0127922446733273	-1.017211738567212	-0.019471541341120543	0.46807199357126855
chr4_mat	43000000	43200000	0.017323741135738313	-0.40481978994109297	-0.435033978083361	0.3750012138470948
chr4_mat	43200000	43400000	0.01761528869509488	-0.3880767730492778	-0.3345984005326898	0.4144566571755058
chr4_mat	43400000	43600000	0.01454029999520589	-0.36528592318311326	-0.4767834961626824	0.3423540177838596
chr4_mat	43600000	43800000	0.010965087977453162	-1.1072245070760498	0.1651500777954437	0.7552882478450642
chr4_mat	43800000	44000000	0.0125019631875268	-0.8218194781494514	-0.18658508368908336	0.6654894605604837
chr4_mat	44000000	44200000	0.014265525891896108	-0.5210617109696365	-0.2487630114209319	0.5702301467978208
chr4_mat	44200000	44400000	0.017837793949370795	0.5959536562545623	-0.43979894508707823	0.392723869079159
chr4_mat	44400000	44600000	0.019604344948272404	0.5248093659810997	-0.4640653341692211	0.2804139782997908
chr4_mat	44600000	44800000	0.014197018967236961	-0.7207018224326931	-0.41657779212591645	0.44572575975913975
chr4_mat	44800000	45000000	0.012311363501986652	-0.9176976705032049	-0.17892291964158727	0.3667262724516726
chr4_mat	45000000	45200000	0.013057241504942394	-0.1029856565873332	-0.39098699714174917	0.3112994087834094
chr4_mat	45200000	45400000	0.021315296867576862	0.8651509718801624	0.13403239169526365	0.048733114613173624
chr4_mat	45400000	45600000	0.018252225823539688	0.8816015021893475	0.046037146945214207	0.20493151364697415
chr4_mat	45600000	45800000	0.017854637421913795	0.5714322792566502	-0.2867612667771866	0.18892626087479172
chr4_mat	45800000	46000000	0.013614084821552744	0.016482103691681235	-0.5597737279404281	0.36642438698174323
chr4_mat	46000000	46200000	0.009151217134768505	-1.1854387372803827	0.03079544068552908	0.5432630265407021
chr4_mat	46200000	46400000	0.01742965886737497	0.318483725673556	-0.3912368330418476	0.14337206194801777
chr4_mat	46400000	46600000	0.01342738988987893	-0.2975349213003297	-0.4879920299935861	0.20779849110705723
chr4_mat	46600000	46800000	0.016748363985906255	-0.015808347976786343	-0.5932631402517423	0.22211983114131806
chr4_mat	46800000	47000000	0.014682610877049933	-0.42774039685431436	-0.48760989370766167	0.21268213218396684
chr4_mat	47000000	47200000	0.018805198115607536	0.5698189547454856	-0.15946617815481487	-0.02551013969338845
chr4_mat	47200000	47400000	0.014279338385782981	-0.6593552108169164	-0.4499921135422136	0.41023242354033007
chr4_mat	47400000	47600000				
chr4_mat	47600000	47800000	0.029602518395916027	-0.9666044378917558	-0.05019345431705435	0.2789983702967685
chr4_mat	47800000	48000000	0.014958220127141236	-1.1273109346302603	0.025860359300954594	0.5689689634395466
chr4_mat	48000000	48200000	0.0202931154494824	-0.3289902307518678	-0.5860373408140569	0.2327727861038873
chr4_mat	48200000	48400000	0.016471466485637094	0.2745476095424466	-0.23703005851338863	0.16462802260277187
chr4_mat	48400000	48600000	0.010716249349171616	-1.0905255947799775	0.19078723801526698	0.5854405536317946
chr4_mat	48600000	48800000	0.017837474364600814	-0.19842035839335861	-0.5990559985645095	0.17934033471293356
chr4_mat	48800000	49000000	0.016606437607366478	0.4218619324769767	-0.12648136069618035	0.10581138227598183
chr4_mat	49000000	49200000	0.01866511494075059	0.39379737302130663	-0.15504008662296984	0.2180038231423011
chr4_mat	49200000	49400000	0.041600338303594345	0.27008368470896094	-0.21116773571280592	0.06675836560953323
chr4_mat	49400000	49600000	0.012114668200685207	-0.9409984687263406	-0.04500167891719073	0.359472108596924
chr4_mat	49600000	49800000	0.010931332649775466	-1.36276933232622	0.8764700536189055	0.6748249951748534
chr4_mat	49800000	50000000	0.014743403674371047	0.1908926003899392	-0.19633508727320695	0.02421115584680056
chr4_mat	50000000	50200000	0.01683964209044708	0.8350592587969805	0.15355881864836513	0.09245471547483833
chr4_mat	50200000	50400000	0.015661175795157703	0.8380344261830761	0.3909782766226424	0.07708166448948804
chr4_mat	50400000	50600000	0.01782571402091695	0.8643198883714012	0.3630241749636399	0.027155105404207805
chr4_mat	50600000	50800000	0.018228144464395458	0.7711508404436062	0.014602986092099972	0.12138267564758216
chr4_mat	50800000	51000000	0.01956334257867312	0.7405515633831021	0.15853592657683252	0.1722045649861356
chr4_mat	51000000	51200000	0.018601328130145225	0.7156631237793374	0.23608309421661902	0.11312220727554888
chr4_mat	51200000	51400000	0.015261355348988452	0.3798354629527821	-0.013555948835304083	0.23248601858018858
chr4_mat	51400000	51600000	0.01410426839981743	-0.24195770732866434	-0.5279440921566861	0.15965388143741588
chr4_mat	51600000	51800000	0.016438969465793953	0.6705447775659843	0.07860062736293101	0.20401642298724057
chr4_mat	51800000	52000000	0.018363768262354606	0.85443870193106	0.3965266743173775	0.2324441944115059
chr4_mat	52000000	52200000	0.019498684892205215	0.8051311443541798	0.45762685302795175	0.1651030327850588
chr4_mat	52200000	52400000	0.017920539643410813	0.8253503650997848	0.3376342782905438	0.07312116457131199
chr4_mat	52400000	52600000	0.017111512174184513	0.8483628093511223	0.42938292318358257	0.17006134119205368
chr4_mat	52600000	52800000	0.018700926998773158	0.8688187993566912	0.4137895287187426	0.1182658290122925
chr4_mat	52800000	53000000	0.016257825648851948	0.8111216008863756	0.28438253087432963	0.2631116146882354
chr4_mat	53000000	53200000	0.016150101205787255	0.7909407224185956	0.17368373169670365	0.023864375445635837
chr4_mat	53200000	53400000	0.019060658140573516	0.3784737065459095	-0.1426454632141528	0.11392682353593167
chr4_mat	53400000	53600000	0.013491047514464987	-1.0811866103568726	0.23939212807634716	0.2574139464650692
chr4_mat	53600000	53800000	0.022597500604610993	-0.5186883131851295	-0.18943647307316466	0.31549947492789393
chr4_mat	53800000	54000000	0.03360913375036523	0.42405285990850017	-0.2366881161775407	0.23878099160452726
chr4_mat	54000000	54200000	0.03878820281279121	0.6642098627519987	0.02954994083804729	0.21641166447852003
chr4_mat	54200000	54400000	0.053608159973524895	0.7062066342247605	0.24608095064265975	0.16638520087275355
chr4_mat	54400000	54600000	0.047820682328479594	0.6897763695736745	0.015079161875336351	0.23111304707068084
chr4_mat	54600000	54800000				
chr4_mat	54800000	55000000				
chr4_mat	55000000	55200000				
chr4_mat	55200000	55400000	0.05553588731683221	0.7339037276941752	0.4243645218732061	-0.0919933971122743
chr4_mat	55400000	55600000				
chr4_mat	55600000	55800000				
chr4_mat	55800000	56000000				
chr4_mat	56000000	56200000				
chr4_mat	56200000	56400000				
chr4_mat	56400000	56600000	0.048686554972425994	-0.8681387222734464	0.6161347283135542	0.1532759402444278
chr4_mat	56600000	56800000	0.05508100908223501	-0.8856815079959979	0.3835737334611247	0.34533754811459844
chr4_mat	56800000	57000000				
chr4_mat	57000000	57200000				
chr4_mat	57200000	57400000	0.027834884506674776	-0.8269237788329191	0.7237318633924265	0.5047808214558953
chr4_mat	57400000	57600000	0.035347967264252794	-0.4714473837460979	0.2320105254220663	0.31154942167235955
chr4_mat	57600000	57800000	0.01763733103261941	-0.8712327004295325	0.4425649522628392	0.40810609416341087
chr4_mat	57800000	58000000	0.016983979820520047	-0.2796842385145001	0.1184242203712898	0.3028954244241405
chr4_mat	58000000	58200000	0.015814931589278776	-0.14500426787394186	-0.16768611420727933	0.5595470982045077
chr4_mat	58200000	58400000	0.015646524917096612	0.10172370640137396	-0.025543265794417444	0.47806996188421047
chr4_mat	58400000	58600000	0.014323278818418562	0.44051112362322353	0.31309694559675366	0.38059482428507047
chr4_mat	58600000	58800000	0.011303193425412703	-0.37500853505133896	-0.0602395807075447	0.38672161104351044
chr4_mat	58800000	59000000	0.016913479036729656	0.4813157538640899	0.3056007433220591	0.43026458439769005
chr4_mat	59000000	59200000	0.016584436742506026	0.5988586854769872	0.3846537113092327	0.5138007168525098
chr4_mat	59200000	59400000	0.0158098500760671	0.7772823029092102	0.6367592894636916	0.3565060476668028
chr4_mat	59400000	59600000	0.013256208106348512	0.5043729678716555	0.30769441228008976	0.3070620343174689
chr4_mat	59600000	59800000	0.015273845641282964	0.19214728910542597	-0.02046854796404459	0.3864346441985222
chr4_mat	59800000	60000000	0.013735403490407189	-0.2641677989603644	-0.3252876357152409	0.23553576527291584
chr4_mat	60000000	60200000	0.021548145438032077	-0.09420080560100692	-0.24757379264186002	0.3340138118402318
chr4_mat	60200000	60400000				
chr4_mat	60400000	60600000				
chr4_mat	60600000	60800000				
chr4_mat	60800000	61000000				
chr4_mat	61000000	61200000				
chr4_mat	61200000	61400000	0.01284196773704083	-1.234099589442486	0.689872000831415	0.3849930672442434
chr4_mat	61400000	61600000	0.010785294093228018	-0.7884209325735457	0.15829006853898944	0.34138886691037507
chr4_mat	61600000	61800000	0.010552804717365322	-0.44573965614760724	-0.047441055814054736	0.3714659528578133
chr4_mat	61800000	62000000	0.011736849421508771	0.5052550143435571	0.3194825382973353	0.41376677448395055
chr4_mat	62000000	62200000	0.010292724213518034	-0.1952681148993244	0.04389964380068398	0.4260330042281577
chr4_mat	62200000	62400000	0.012664221921955933	0.11962554311270666	-0.04531922620607359	0.3054731054844978
chr4_mat	62400000	62600000	0.010793316726187673	-0.43381676360337695	-0.0703673503621178	0.34665697800203504
chr4_mat	62600000	62800000	0.01330861653887821	0.14266605656308623	-0.154301123762875	0.35203470770809264
chr4_mat	62800000	63000000	0.01184770983450258	-0.6866836231074845	-0.023500396548598528	0.3706997823587684
chr4_mat	63000000	63200000	0.011119240010213033	-0.7338914458336917	-0.06319709663430932	0.3512529121241549
chr4_mat	63200000	63400000	0.014831235877031572	0.39815892783764073	0.16155606281404422	0.48534506785724296
chr4_mat	63400000	63600000	0.021437797916986696	0.4488050821251302	0.010490408340975881	0.3894581232683891
chr4_mat	63600000	63800000				
chr4_mat	63800000	64000000	0.024206094913697938	-1.160166147846664	0.6057251819818855	0.47786865268563333
chr4_mat	64000000	64200000	0.00877945578327029	-1.3889528890902814	0.9302314034353075	0.6209699896310733
chr4_mat	64200000	64400000	0.010696068321490917	-0.5867317532094726	0.0975847121046219	0.10789729276029275
chr4_mat	64400000	64600000	0.014908347309594823	0.7042243915463209	0.14197519584272333	0.24892086758176854
chr4_mat	64600000	64800000	0.01412518950101732	0.886134659704283	0.4393695673652435	0.2867565192734535
chr4_mat	64800000	65000000	0.014785609905883698	0.8267898914854062	0.4149475875866732	0.32703977475570783
chr4_mat	65000000	65200000	0.014731632356569256	0.7368690182148945	0.17135010670543116	0.3356647871847893
chr4_mat	65200000	65400000	0.014437386911949191	0.6870313584316761	0.22423388089751045	0.2953199460548552
chr4_mat	65400000	65600000	0.013482172144471859	0.6268908327192045	0.2932189403413185	0.2024393180995461
chr4_mat	65600000	65800000	0.014507500806643727	0.06190800701680763	-0.2245212805105822	0.3807476756116686
chr4_mat	65800000	66000000	0.010921380300074219	-0.8612472146683116	0.005032027755888344	0.2644484335800465
chr4_mat	66000000	66200000	0.00929108775227839	-0.9025425858752468	0.3834220267688418	0.2599961640303962
chr4_mat	66200000	66400000	0.014264360255588096	0.29920302152671735	-0.13226135406301925	0.3223251780842344
chr4_mat	66400000	66600000	0.01355197053305839	0.4429760589065051	0.05451609259600433	0.25961660744430876
chr4_mat	66600000	66800000	0.010767751330793536	-0.5035453059706262	-0.37690144447952734	0.2472562685147668
chr4_mat	66800000	67000000	0.011187336553821094	-0.5275295929661383	-0.32142892289504393	0.24424984514042244
chr4_mat	67000000	67200000	0.012014641514021053	-0.25397022821064036	0.08022029791510167	0.09640371169547389
chr4_mat	67200000	67400000	0.012370011768381504	0.5975233843667305	0.2626990884323636	0.23761211726437406
chr4_mat	67400000	67600000	0.01029991333925331	0.2662996781309398	-0.09566599847791393	0.5135183074719224
chr4_mat	67600000	67800000	0.013086669112617147	0.319970729247944	-0.206563401130832	0.26055693983913547
chr4_mat	67800000	68000000	0.014341236377570052	0.6180422623375308	-0.0644833047739748	0.15455787943399618
chr4_mat	68000000	68200000	0.013547162260627249	0.30568341535228033	-0.06712436663895147	0.16528715223452187
chr4_mat	68200000	68400000	0.01524338792434881	0.6011394225519666	-0.12341382394996929	0.09387118788311749
chr4_mat	68400000	68600000	0.012101589772869244	-0.36283140140791975	-0.08178775614122201	0.12101720678142865
chr4_mat	68600000	68800000	0.007851616799326461	-1.3244282530396447	0.5068021792383439	0.4119024671848612
chr4_mat	68800000	69000000	0.010494705690250421	-1.0852113670652446	0.09046009927888571	0.4122623921417806
chr4_mat	69000000	69200000	0.01432192858350346	-0.4020096653671855	-0.43512533274456827	0.18738325809531187
chr4_mat	69200000	69400000	0.009516984457311625	-1.0367987866771768	0.1324789667966412	0.1527324122104513
chr4_mat	69400000	69600000	0.007119518302723326	-1.1371283620360086	0.7937104342486415	0.6468641184195043
chr4_mat	69600000	69800000	0.008910354709710473	-1.326447485642121	0.6944794435950725	0.3444565985974574
chr4_mat	69800000	70000000	0.011485352317518266	-0.8993205975946209	0.13190359736874213	0.24911202551315023
chr4_mat	70000000	70200000	0.012431921639199733	-0.8058052609200425	-0.47634881590656075	0.04178226246931249
chr4_mat	70200000	70400000	0.017262488253202972	0.055616622420686296	-0.4643907654126513	0.13261145666908725
chr4_mat	70400000	70600000	0.010492245153882548	-0.8712186613765602	-0.07018657149691872	-0.16843777705319568
chr4_mat	70600000	70800000	0.011443563921595705	0.6799161909446866	0.2114770958742456	-0.32494388338700925
chr4_mat	70800000	71000000	0.042386260624912894	0.6879534020945851	0.4854038654871521	-0.4436615299305666
chr4_mat	71000000	71200000	0.010764097808978027	0.877410332951548	0.4810480601759592	-0.4820110575791269
chr4_mat	71200000	71400000	0.010586475506019075	0.8843035154662109	0.3529559025581124	-0.4604525441265054
chr4_mat	71400000	71600000	0.011444817477808164	0.8455381299844161	0.3681299240901046	-0.5138924018601086
chr4_mat	71600000	71800000	0.01087867574940802	0.77584311056745	0.24876908512287096	-0.2925080069867355
chr4_mat	71800000	72000000	0.011477054906612444	0.8408257020696913	0.2527498643462204	-0.4138000255038194
chr4_mat	72000000	72200000	0.01224914498390949	0.8528151305084223	0.2531464231390103	-0.41978126524039894
chr4_mat	72200000	72400000	0.011917098069840674	0.9180251964981877	0.41325637563894063	-0.7518197399286097
chr4_mat	72400000	72600000	0.012359629547290028	0.7989792182441489	0.26793459846281037	-0.5787616702865763
chr4_mat	72600000	72800000	0.01198832999431886	0.9502609012848106	0.29686674058486695	-0.5304312207853621
chr4_mat	72800000	73000000	0.011072620338168623	1.0054601391918057	0.32244790524024963	-0.6322803050417842
chr4_mat	73000000	73200000	0.012030496338254598	0.9871170729368534	0.4206505039236798	-0.5836432328245851
chr4_mat	73200000	73400000	0.012291112423761876	0.9912615357791067	0.5078792634321614	-0.7690684913130921
chr4_mat	73400000	73600000	0.020835157147288726	0.7440478346562142	0.2098572323586832	-0.3724589257564818
chr4_mat	73600000	73776267				
chr4A_mat	0	200000				
chr4A_mat	200000	400000	0.050319982177960465	0.45731359393620485	0.33822868432851133	-0.19308852347546793
chr4A_mat	400000	600000	0.018249124084331245	0.3147472181753326	0.6244648028909551	0.23671641234884838
chr4A_mat	600000	800000	0.016062076075765642	0.04197868586704731	0.8389929439889721	0.0012251315962423892
chr4A_mat	800000	1000000	0.014901668299983817	-0.5800095364568233	0.497620035639918	0.057183874887178326
chr4A_mat	1000000	1200000	0.016911330412533846	0.5750950011432514	0.5763846075799415	-0.31035546310085266
chr4A_mat	1200000	1400000	0.015248460594216919	1.0710796106483256	0.06532538376494088	-0.24075332695740914
chr4A_mat	1400000	1600000	0.013722826207021427	0.47633010875609116	0.3314969435285527	-0.2307740850730035
chr4A_mat	1600000	1800000	0.011951785130134715	-0.04906849078265397	0.4745915095125112	-0.21305783509656584
chr4A_mat	1800000	2000000	0.013687864822736475	0.9791515368246954	-0.18671578628386917	-0.4719250337901078
chr4A_mat	2000000	2200000	0.013770872070256355	0.9617692027151549	-0.29340649546002534	-0.671861053407892
chr4A_mat	2200000	2400000	0.014020745958597649	0.9685660269026093	-0.15184766732009886	-0.7047532602251088
chr4A_mat	2400000	2600000	0.01280754171226547	0.8777297999125755	-0.2773531276726356	-0.7977331052251705
chr4A_mat	2600000	2800000	0.012931739322097794	0.8573010741090215	-0.16910675605250264	-0.7987323074953573
chr4A_mat	2800000	3000000	0.012797636949316425	0.9236647822531736	-0.3449484564935818	-0.632316706124026
chr4A_mat	3000000	3200000	0.012401556831406207	0.8949918867621839	-0.1297228805628059	-0.7590411674273799
chr4A_mat	3200000	3400000	0.012764096352324878	0.9792805369911326	-0.26948003203772364	-0.660283507065173
chr4A_mat	3400000	3600000	0.012832076510104398	0.9542434431128206	-0.1626117940473876	-0.395682420964271
chr4A_mat	3600000	3800000	0.014166319736860503	0.8578015674687504	0.019711291554516803	-0.5255698558022205
chr4A_mat	3800000	4000000	0.012555415628676118	0.25830993984740114	0.32013088196065165	-0.3436878361303763
chr4A_mat	4000000	4200000	0.011845873829631995	0.10412906639256586	0.1453593025270656	-0.25910747740721546
chr4A_mat	4200000	4400000	0.011589427392061225	-0.11490804806046316	0.4171614194727657	-0.08260630281672188
chr4A_mat	4400000	4600000	0.015891498602421283	0.7508249002227834	0.30412852963169096	-0.2131073116468323
chr4A_mat	4600000	4800000	0.009221601886752908	-0.549664405678136	0.13079763582648082	-0.22421664906349623
chr4A_mat	4800000	5000000	0.009328609791440198	-0.7423359578083141	-0.0721417345724307	-0.21520325758883216
chr4A_mat	5000000	5200000	0.010975946158284264	-0.5594088471253917	0.3433064749078202	-0.20889393683260932
chr4A_mat	5200000	5400000	0.01185249704017146	-0.44786159601147346	0.5811768864235645	-0.2079224385940355
chr4A_mat	5400000	5600000	0.014950388214733202	0.06818987288633703	0.6867905744690611	-0.381563960168364
chr4A_mat	5600000	5800000	0.0162009954411611	0.36685582980067954	0.7480565840656083	-0.35986794288776075
chr4A_mat	5800000	6000000	0.012041037134711049	-0.5885224468436575	0.43879646590991905	-0.11894220018303431
chr4A_mat	6000000	6200000	0.012195312643361478	-0.37749452964977903	0.5120401889769367	-0.09650719095833128
chr4A_mat	6200000	6400000	0.011658940058727064	-0.5357274548079981	0.1965264214655883	-0.20121552627578468
chr4A_mat	6400000	6600000	0.010842569217111665	-0.5750896648749254	-0.06733486771406982	-0.15454694630203394
chr4A_mat	6600000	6800000	0.010119971558725516	-0.809262105961744	-0.1992370903129927	-0.14188199114970707
chr4A_mat	6800000	7000000	0.014359642413385732	0.008637148411263923	0.7450940256268455	-0.18432977106897147
chr4A_mat	7000000	7200000	0.013249743816612779	-0.4255682122456827	0.14153543957907191	-0.2791118418981384
chr4A_mat	7200000	7400000	0.012993778978733075	-0.5391565946157031	0.09316920503443311	-0.19455546885540315
chr4A_mat	7400000	7600000	0.010212305451928107	-0.49648764007210466	0.19762882299090237	-0.21373767507523078
chr4A_mat	7600000	7800000	0.014344132670395953	0.6241736009574874	0.4556165223392245	0.1712110884441158
chr4A_mat	7800000	8000000	0.01142292508589058	-0.3835367571642968	0.24530295434388127	-0.08507341024692638
chr4A_mat	8000000	8200000	0.012774480927368673	0.37099248498653203	0.379715604852847	-0.08982234489112507
chr4A_mat	8200000	8400000	0.014445940078473423	1.1683899551953516	-0.16359050149261598	0.16767621950683062
chr4A_mat	8400000	8600000	0.011761455710996349	0.3133888385998911	0.31868298835912584	0.12348562666076396
chr4A_mat	8600000	8800000	0.010180848216847276	-0.6444732434019279	0.09227367567613418	-0.13883132106420557
chr4A_mat	8800000	9000000	0.008695238753256904	-0.793912314284085	-0.2318343990862881	-0.23839489134542857
chr4A_mat	9000000	9200000	0.0143321609702674	0.8918249941565621	-0.009939580031186066	0.12089051879849252
chr4A_mat	9200000	9400000	0.015814717171271038	1.164137112654145	-0.0463445071925669	0.5635683576638993
chr4A_mat	9400000	9600000	0.011577217167009506	-0.1022096790965208	0.1309312708267841	-0.011899653570160826
chr4A_mat	9600000	9800000	0.00984831509662656	-0.7691071787318537	-0.15787983225604815	-0.13204076038991439
chr4A_mat	9800000	10000000	0.014832673113778318	0.8801042325203636	0.11811641407676814	0.40457833493735057
chr4A_mat	10000000	10200000	0.014589454609627567	1.0762070683788811	-0.1177235229991996	0.5303900755518407
chr4A_mat	10200000	10400000	0.01966550090965771	0.8060843365326755	-0.07882460276764433	0.39319001452752167
chr4A_mat	10400000	10600000	0.014012663981743868	0.9470692414768186	0.008672214253529433	0.4832840807534732
chr4A_mat	10600000	10800000	0.0128647170775431	0.05399465901711121	0.1516493510070411	0.13750334893220995
chr4A_mat	10800000	11000000	0.010487154707540785	-0.7114494459544013	-0.3907604945393386	-0.20600724514702193
chr4A_mat	11000000	11200000	0.011782393991285934	-0.5017857491133902	-0.04724789413769647	-0.2269322074126078
chr4A_mat	11200000	11400000	0.011223085752449156	-0.4406381937611907	-0.11492477991507538	-0.41311267757853104
chr4A_mat	11400000	11600000	0.009139521088038456	-0.7987485800048847	-0.35076263695383625	-0.29135998033002897
chr4A_mat	11600000	11800000	0.013177648467104593	0.16941491415632012	0.4288387476684387	-0.3573951649777723
chr4A_mat	11800000	12000000	0.01240649501293834	-0.21519170403372836	0.42263448673460396	-0.21119954338727226
chr4A_mat	12000000	12200000	0.01246564685392767	-0.12281114510969923	0.29134190677134403	-0.12470599558313714
chr4A_mat	12200000	12400000	0.009683271976719997	-0.7327604673387569	-0.2396015020844011	-0.2560251176977312
chr4A_mat	12400000	12600000	0.013234010908613515	0.046427526764159135	0.1747940677304762	-0.3784050016725891
chr4A_mat	12600000	12800000	0.015529039494434441	0.27326676473037914	0.21692733483162438	-0.4400848584421965
chr4A_mat	12800000	13000000	0.018499752869235563	0.9812155056985608	-0.012212023610046877	-0.3542709790287572
chr4A_mat	13000000	13200000	0.01588161743483891	0.1968326166000449	0.22585454435746014	-0.3703106954954136
chr4A_mat	13200000	13400000	0.01684569292744274	0.5269997512391769	0.017895226918072153	-0.3629301330042607
chr4A_mat	13400000	13600000	0.019051860172587077	1.029824397521963	-0.2411739564701892	-0.20480716159082737
chr4A_mat	13600000	13800000	0.016355461169070305	1.0065595736630546	-0.2059582801958931	-0.20924379809866167
chr4A_mat	13800000	14000000	0.014772980735385428	0.980536502803798	-0.22670604303445527	-0.08571242908686978
chr4A_mat	14000000	14200000	0.015591099667449237	1.0113526241733188	-0.174113779272024	0.02838905092710603
chr4A_mat	14200000	14400000	0.01484534177429511	1.0792144556605865	-0.001102657684752239	-0.03677778841148896
chr4A_mat	14400000	14600000	0.010573030169061883	-0.2059108390975287	0.2381232700589103	-0.10854895458533842
chr4A_mat	14600000	14800000	0.012138958843293047	-0.8895497932650054	-0.18237592467469194	-0.21838944262215082
chr4A_mat	14800000	15000000	0.012131570667658437	-0.6978950089365993	0.2905146600241151	-0.3281731742617591
chr4A_mat	15000000	15200000	0.009495053430503669	-0.9152223303703656	-0.3857967176726011	-0.43883791918630133
chr4A_mat	15200000	15400000	0.011417006245244625	-0.4732323510205278	0.5315572944993138	-0.2873680101494705
chr4A_mat	15400000	15600000	0.01161038831377486	-0.22747287192118293	0.7664515622151735	-0.26519127704354994
chr4A_mat	15600000	15800000	0.009921139908797522	-0.6068501965088277	0.2168921237925632	-0.2226418068638309
chr4A_mat	15800000	16000000	0.015119761779207408	0.34617003776539745	0.7960099179286083	0.031805533949552024
chr4A_mat	16000000	16200000	0.014312227625517232	0.19444935509789246	0.40840803993288066	-0.1522359862826513
chr4A_mat	16200000	16400000	0.010263888894126898	-0.7704165587588729	-0.10980772444920726	-0.16530397281703554
chr4A_mat	16400000	16600000	0.014846463357734237	-0.16988353339649162	0.44399018553026	-0.08737520192983013
chr4A_mat	16600000	16800000	0.012243019678866653	-0.3991515606250723	0.1924563634215747	-0.03640489890820593
chr4A_mat	16800000	17000000	0.0123612841218129	0.06892122271681378	-0.07432925115435268	-0.09780897264438343
chr4A_mat	17000000	17200000	0.009599950547153764	-0.6253632441605935	-0.1842104540318757	-0.12104338801559042
chr4A_mat	17200000	17400000	0.015458934046928784	0.4982897581826504	0.48906637541419534	0.07296553587629397
chr4A_mat	17400000	17600000	0.014482839496862195	0.7453606756893076	0.37596187352182947	0.4572987454205396
chr4A_mat	17600000	17800000	0.01583429725387255	0.9551702074560975	0.19063381109136057	0.47363579479573087
chr4A_mat	17800000	18000000	0.01843285727112874	0.6030916731296867	0.6159315477944179	0.23479065024891596
chr4A_mat	18000000	18200000	0.0154456513192034	-0.2878881544133113	0.7509613719987766	0.11942226701460128
chr4A_mat	18200000	18400000	0.012388787376497038	-0.7820795073906279	0.19428866253697807	-0.04033847245923058
chr4A_mat	18400000	18600000	0.012049578640842027	-0.8604902650395756	-0.2126057415104935	-0.2620151627793879
chr4A_mat	18600000	18800000	0.021264583750171935	-0.8425945027738343	-0.3442622938427861	-0.368530085654442
chr4A_mat	18800000	19000000				
chr4A_mat	19000000	19200000				
chr4A_mat	19200000	19400000				
chr4A_mat	19400000	19545315				
chr5_mat	0	200000				
chr5_mat	200000	400000	0.013062134650682379	-0.2843408989314681	-0.20215217019611523	-0.7490947189250521
chr5_mat	400000	600000	0.011927957330124746	0.06437845367704664	-0.2374102165159901	-0.790761070356848
chr5_mat	600000	800000	0.013602779375291262	0.5316680523747629	-0.37841086176382477	-1.244601650795179
chr5_mat	800000	1000000	0.017996542653531154	0.7905364116219736	-0.4916006125208113	-1.0659042658941842
chr5_mat	1000000	1200000	0.03623290815866356	0.5736600425696805	-0.5537726514699561	-0.9834808610187726
chr5_mat	1200000	1400000	0.015817541056049718	0.47324007562145853	-0.4655574695886317	-1.2355719304396608
chr5_mat	1400000	1600000	0.013093801739195055	-0.47852547872574686	-0.17100240899956173	-0.4429456865152774
chr5_mat	1600000	1800000	0.013232532239189233	0.08455438961113	-0.22353984914929204	-0.8484130283757808
chr5_mat	1800000	2000000	0.013265828452373046	-0.2474108694515693	-0.31533013142090266	-0.5048790455319383
chr5_mat	2000000	2200000	0.036795012207010286	0.39838612663783624	-0.27419525529524597	-0.7110583137458083
chr5_mat	2200000	2400000	0.018226353788216288	0.8319203935290727	-0.3378977689914709	-0.8647192014667643
chr5_mat	2400000	2600000	0.013625605639912768	0.2224349132372	-0.29695550020932454	-0.5776643377020922
chr5_mat	2600000	2800000	0.014676724989535098	0.5379283440859327	-0.35822278624865905	-0.7761346465216736
chr5_mat	2800000	3000000	0.012820817616231182	0.3985713432030699	-0.3183741012707173	-0.8409045475636553
chr5_mat	3000000	3200000	0.010517570648525048	-0.7573493137842925	-0.18858748808894968	0.29339972769176065
chr5_mat	3200000	3400000	0.015561032018259202	0.46779070127101874	-0.34660709949183294	-0.7743106261278846
chr5_mat	3400000	3600000	0.013039768471538059	0.3053972526857155	-0.34839459497730196	-0.6286990874866066
chr5_mat	3600000	3800000	0.010004282167484458	-0.49158015319660825	-0.38668290086991663	-0.226691008802199
chr5_mat	3800000	4000000	0.00988170010617644	-0.7610019343845947	-0.42250826277358117	0.013206586492637158
chr5_mat	4000000	4200000	0.013212878370467314	0.6945357215504029	-0.2913699698220804	-0.6576701724942251
chr5_mat	4200000	4400000	0.012887340199258955	0.6897384291479246	-0.10821874050747468	-1.0630186965588442
chr5_mat	4400000	4600000	0.012419818955724153	0.4282913996064866	-0.25872290826890537	-0.7224037023794668
chr5_mat	4600000	4800000	0.012939968855354606	0.6853349405013122	-0.4309312987942106	-0.886498046594356
chr5_mat	4800000	5000000	0.010510120286269497	-0.21840994284814744	-0.21595611595290382	-0.5290033379435369
chr5_mat	5000000	5200000	0.012473070655278558	0.03882625213024376	-0.31793109499179184	-0.5844737024992103
chr5_mat	5200000	5400000	0.01542813752648245	0.5763620408364656	-0.23546889428582532	-0.968009115697516
chr5_mat	5400000	5600000	0.012315242331774433	-0.020506102570595645	-0.2689252931620567	-0.7021423686017102
chr5_mat	5600000	5800000	0.009588423451523657	-0.5359254102807479	-0.4063878170102492	-0.07696558718936297
chr5_mat	5800000	6000000	0.01080980663703302	-0.19783005616889443	-0.24364164605772068	-0.3832135021833011
chr5_mat	6000000	6200000	0.010972310647594971	-0.16886992488805375	-0.25836660636611425	-0.4827080656637835
chr5_mat	6200000	6400000	0.014612146195426258	0.8121452618568028	-0.18943091704703374	-0.85072525392164
chr5_mat	6400000	6600000	0.014206639603412285	0.6557201094923754	-0.11074305694266001	-0.523939743218489
chr5_mat	6600000	6800000	0.016103341169538394	0.007470130118803108	-0.5120901216598468	0.13001127505880206
chr5_mat	6800000	7000000				
chr5_mat	7000000	7200000				
chr5_mat	7200000	7400000				
chr5_mat	7400000	7600000				
chr5_mat	7600000	7800000				
chr5_mat	7800000	8000000				
chr5_mat	8000000	8200000				
chr5_mat	8200000	8400000				
chr5_mat	8400000	8600000				
chr5_mat	8600000	8800000				
chr5_mat	8800000	9000000				
chr5_mat	9000000	9200000				
chr5_mat	9200000	9400000				
chr5_mat	9400000	9600000				
chr5_mat	9600000	9800000	0.016137489522397182	-0.47665799950023524	-0.13114706074585736	-0.09526438293103454
chr5_mat	9800000	10000000	0.016243633151478296	0.5264219086821622	-0.13727904110106293	-0.2483335872361433
chr5_mat	10000000	10200000	0.015614831398597394	-0.28918058937670815	-0.26822415413918943	-0.007895223191393174
chr5_mat	10200000	10400000	0.015419354594058772	0.3313317501863369	-0.1604019029446597	-0.04566883193390369
chr5_mat	10400000	10600000	0.01690164342413634	0.4756520287781407	-0.11073818573025111	-0.043486550640853695
chr5_mat	10600000	10800000	0.014845300585756612	0.13789025802848937	-0.0011454797051457372	-0.2335323798743253
chr5_mat	10800000	11000000	0.00824731813983009	-1.24287014056331	-0.6805176048006681	0.282052368570831
chr5_mat	11000000	11200000	0.011232894540558744	-0.7308447590469813	-0.6733435404452084	-0.05993774074220884
chr5_mat	11200000	11400000	0.009175104369509888	-1.0699373237965306	-1.046295857753958	0.054915646017633296
chr5_mat	11400000	11600000	0.008288148910234598	-0.8283296585408112	-0.8999659645082738	-0.13112246786754683
chr5_mat	11600000	11800000	0.009408132901448948	-0.6655213257039706	-0.8791322037126782	-0.1977422959662516
chr5_mat	11800000	12000000	0.010312732262191688	-0.7334079146801987	-0.8380292301562989	-0.17343203002398933
chr5_mat	12000000	12200000	0.010200985235372594	-0.8637594332108512	-0.9176533418929919	-0.127865707285853
chr5_mat	12200000	12400000	0.011755393173187221	-0.5760305986349876	-0.7653796673137041	-0.06506154709015487
chr5_mat	12400000	12600000	0.01185172033469803	-0.6388619965772373	-0.7533453921449589	-0.24615235013455586
chr5_mat	12600000	12800000	0.008410731458339505	-0.8110651430048589	-0.9219732568135985	-0.17803885932668576
chr5_mat	12800000	13000000	0.016697583735796412	-0.7510151260632061	-0.9562320871176244	-0.08426233966496788
chr5_mat	13000000	13200000	0.00954758665838847	-0.665509892433916	-0.41109076174524967	-0.22865801725824883
chr5_mat	13200000	13400000	0.010218890223551819	-0.5298375401832032	-0.3093390990872484	-0.21773171796948795
chr5_mat	13400000	13600000	0.012581614731064577	0.2397592594235593	-0.21486969719541613	-0.3660203436112105
chr5_mat	13600000	13800000	0.008991187219343093	-0.8460694420550625	-0.5151215404621641	0.09336723699703724
chr5_mat	13800000	14000000	0.00904161674934784	-0.8546076456180401	-0.4442697149544576	0.05898326812612155
chr5_mat	14000000	14200000	0.010907680066857744	-0.29422979350407136	-0.3049205091218693	-0.05951382077382795
chr5_mat	14200000	14400000	0.013986541168958208	0.8443429558639564	-0.021220510697042626	-0.4355422333835902
chr5_mat	14400000	14600000	0.01710564903257975	0.926837591870668	-0.12504343129745074	0.017702519539784845
chr5_mat	14600000	14800000	0.013907063018007051	0.5359045287353411	-0.17092187739726258	-0.1321355563591189
chr5_mat	14800000	15000000	0.008970927045739052	-0.8468958990735236	-0.4945225434535639	0.2512822657580026
chr5_mat	15000000	15200000	0.00983326281408444	-0.39434495734915337	-0.40931862591125495	0.06675736939123025
chr5_mat	15200000	15400000	0.013277583809495555	0.8963263723151952	-0.04073344470390893	-0.38683743895762485
chr5_mat	15400000	15600000	0.013038652436062002	0.6011714873691328	-0.17099150366137766	-0.10058777449974349
chr5_mat	15600000	15800000	0.010275207127835187	-1.1391479982464332	-0.7289234651213582	0.3639703734947321
chr5_mat	15800000	16000000	0.010204975066876348	-1.2990029605724354	-0.9119737070946746	0.3608247714255111
chr5_mat	16000000	16200000	0.011935000599859835	-0.11775917411830662	-0.30556418656679524	0.09120513704909325
chr5_mat	16200000	16400000	0.011027909334306168	-0.19853519590770566	-0.23382035049740044	0.12070312574475339
chr5_mat	16400000	16600000	0.012404017295022897	1.0314338434107475	-0.13386111971939507	-0.0965223174946522
chr5_mat	16600000	16800000	0.01342139781078604	0.8650140128037337	-0.24687376414455356	0.1561150220699568
chr5_mat	16800000	17000000	0.01191124219561107	-0.03864778651676072	-0.31064948121059993	0.22798262696543037
chr5_mat	17000000	17200000	0.011778720428179363	-1.020229439188343	-0.6407877453286898	0.4187954730428621
chr5_mat	17200000	17400000	0.02153872973585861	0.37893576983620714	-0.23814143410519317	0.10522817732819963
chr5_mat	17400000	17600000	0.016381637493499784	0.3475539977702082	-0.2971565398112255	0.010008657909747668
chr5_mat	17600000	17800000	0.010774886824996157	-0.7992965969588515	-0.5609116512696825	0.22020184286104197
chr5_mat	17800000	18000000	0.015455954777040587	0.347408751396088	-0.29876082504082196	-0.06589539694497905
chr5_mat	18000000	18200000	0.014488066192518828	0.24571503370603648	-0.3921913924093069	-0.045657443492260495
chr5_mat	18200000	18400000	0.010073957696918658	-0.9028193676133013	-0.6472350596305189	0.24570262038126398
chr5_mat	18400000	18600000	0.021508127382817214	0.06165910170714916	-0.41264176574684375	-0.014516326190330945
chr5_mat	18600000	18800000	0.013211543431126247	-0.5446088995519603	-0.40511883048756736	0.06190442738267835
chr5_mat	18800000	19000000	0.011244256806874563	-1.0144663342455547	-0.6651427849430084	0.2527323509418077
chr5_mat	19000000	19200000	0.012503050148077077	-0.4193456720771377	-0.44243013630134825	0.06991717149969001
chr5_mat	19200000	19400000	0.010342441386018881	-0.4236569033939395	-0.4271422269217287	0.0640063429318342
chr5_mat	19400000	19600000	0.015536554948212355	0.4262863921920393	-0.23039873138866157	-0.16547451627400825
chr5_mat	19600000	19800000	0.01243153132262081	-0.3576547660258785	-0.40435231434659535	0.0055367482670530075
chr5_mat	19800000	20000000	0.012169349391833064	-0.14766927568460422	-0.4035900265987538	0.04439426362947181
chr5_mat	20000000	20200000	0.014154617572569396	0.5139320171488405	-0.23916392248098864	-0.01947889163120463
chr5_mat	20200000	20400000	0.012658275212718511	-0.11265799891433506	-0.4163014149121029	0.10655426804891435
chr5_mat	20400000	20600000	0.010021029353706312	-0.7044245096912136	-0.41872699907373284	0.14097450710263762
chr5_mat	20600000	20800000	0.01088435606238745	-0.6769860486640684	-0.518382400082655	0.0523008559632653
chr5_mat	20800000	21000000	0.010608903304824	-0.8822994156576055	-0.5626638173735945	0.15878088520910238
chr5_mat	21000000	21200000	0.01304680404949636	-0.23725538323340128	-0.36382961174295403	-0.10519083966340655
chr5_mat	21200000	21400000	0.00852959607554767	-0.882561106574684	-0.5877521244852425	0.08481086046673614
chr5_mat	21400000	21600000	0.015116268916249636	-0.7572926742277172	-0.5131724897889656	0.08324606302003025
chr5_mat	21600000	21800000	0.018619529396512798	-0.04258607394834505	-0.27816344567555	0.06252335499786979
chr5_mat	21800000	22000000	0.015728497588468955	0.5242334215312234	-0.22378925555892393	-0.03519162330950518
chr5_mat	22000000	22200000	0.012603208739507564	0.14470982438788732	-0.27978607266388633	0.22892709864024743
chr5_mat	22200000	22400000	0.013496903853839507	0.19675547740128296	-0.33595336433935985	0.16075954233315443
chr5_mat	22400000	22600000	0.016366402806491008	0.9891978676900803	-0.2009261040969896	-0.2953074435423825
chr5_mat	22600000	22800000	0.016873813321820304	1.0312491607879004	-0.17651892709339825	-0.2237775617911592
chr5_mat	22800000	23000000	0.01550200589251602	0.9924657410014681	-0.175606558654956	-0.06998394457237887
chr5_mat	23000000	23200000	0.01953911955746006	0.9886999924954831	-0.1698533184235837	-0.20490527297231775
chr5_mat	23200000	23400000	0.014636536018860608	0.9926371858194152	-0.2142454451120047	-0.07132793678146038
chr5_mat	23400000	23600000	0.0159786012432312	1.0322685343716018	-0.17183952339648295	-0.12205609716963627
chr5_mat	23600000	23800000	0.015688652077428637	1.1314212225883977	-0.16829303975302057	0.011243202035397706
chr5_mat	23800000	24000000	0.016325950662684115	1.038153814766452	-0.1736388099077699	-0.15200568023207334
chr5_mat	24000000	24200000	0.016230078658378676	0.9655913739989266	-0.19431127376299748	0.18318756826158358
chr5_mat	24200000	24400000	0.010901988915635211	-0.7339541871289792	-0.46550100658959453	0.4392286541408532
chr5_mat	24400000	24600000	0.01191408986718211	-0.2558689268056484	-0.4060375264625073	0.3759248749918216
chr5_mat	24600000	24800000	0.013635821052447313	-0.09442408153288219	-0.5339249679526696	0.5559951841616131
chr5_mat	24800000	25000000	0.014607489020822451	0.43272510315430773	-0.49179336528617396	0.6214511879224962
chr5_mat	25000000	25200000	0.013269051075809626	-0.05977096251174397	-0.5200863207879585	0.5064184105227217
chr5_mat	25200000	25400000	0.012761294054947046	0.20095092770500128	-0.35916357889109196	0.43006042146988194
chr5_mat	25400000	25600000	0.016090010801536436	0.9959076902087646	-0.13600540583095883	0.27049101497192446
chr5_mat	25600000	25800000	0.014449712303960235	0.6402227481198451	-0.16555480292104374	0.23857279386461616
chr5_mat	25800000	26000000	0.00985763917914904	-0.8010051224582198	-0.6559539692500835	0.36032593718974426
chr5_mat	26000000	26200000	0.010740021585540388	-0.5033492931991159	-0.5409541023538099	0.2248905526195802
chr5_mat	26200000	26400000	0.010555172145850349	-0.8781435819539246	-0.6166836394296007	0.16743274519528067
chr5_mat	26400000	26600000	0.010650508671600476	-1.1103847480854325	-0.6819107533447286	0.22887851455976818
chr5_mat	26600000	26800000	0.011947056025043866	-0.8563036424460132	-0.5995098516407252	0.2591288218712941
chr5_mat	26800000	27000000	0.013833806148351576	-0.4541759246700302	-0.5295878423752635	0.26661789099030986
chr5_mat	27000000	27200000	0.012170711082125822	-0.5474875091674364	-0.5725483600027874	0.3106849257281062
chr5_mat	27200000	27400000	0.013854163504588185	0.222096412566997	-0.31834022143293333	0.297412409362412
chr5_mat	27400000	27600000	0.012582370263183052	-0.3699209728051451	-0.5073023832697094	0.26696855480432286
chr5_mat	27600000	27800000	0.010053801716833732	-0.8398079211841016	-0.6107095492240172	0.16045094635026863
chr5_mat	27800000	28000000	0.009673474858146784	-0.8112907467317529	-0.5029964112630185	0.09697906588208238
chr5_mat	28000000	28200000	0.01229563098960772	-0.26617948606998326	-0.46396026999319306	0.25751891123114057
chr5_mat	28200000	28400000	0.01416900759766316	-0.348253019843821	-0.35649307340502373	0.17726007132492524
chr5_mat	28400000	28600000	0.011184986667895466	-0.48418659071137304	-0.5419293558348193	0.21371388848861747
chr5_mat	28600000	28800000	0.01177266340278481	-0.021391887238995214	-0.3504318651625907	0.14793035625352027
chr5_mat	28800000	29000000	0.010642449509991004	-0.4681282855396615	-0.41626191328113904	0.13460461463829726
chr5_mat	29000000	29200000	0.011942564390445899	-0.33033440926579216	-0.3808528159490731	0.12465836840079006
chr5_mat	29200000	29400000	0.01065330912844008	-0.5066162677733318	-0.32130116304321177	0.04296457239662676
chr5_mat	29400000	29600000	0.012588140754774407	-0.47686128160704744	-0.4667508921391969	0.052148625035172
chr5_mat	29600000	29800000	0.009792056693643702	-0.7971888238528093	-0.5214953008993388	0.08196735436456115
chr5_mat	29800000	30000000	0.01351346282505055	-0.6709228488616265	-0.43381485222357435	0.17792937548928636
chr5_mat	30000000	30200000	0.011856021794565155	-0.3197324607692183	-0.4725265178471706	0.19137745266542674
chr5_mat	30200000	30400000	0.016000768629096652	0.711987519080829	-0.15628044906550068	0.20855982660824135
chr5_mat	30400000	30600000	0.013840994608535962	0.29993115623053956	-0.23733986575489094	0.2426049810399931
chr5_mat	30600000	30800000	0.01134029262786916	-0.41074667645992413	-0.39548956355443243	0.36235832592704476
chr5_mat	30800000	31000000	0.011755296178529995	-0.14793816481291117	-0.5033331727855459	0.4110160802978706
chr5_mat	31000000	31200000	0.019103037497841188	0.7273996000727145	-0.3679963985261902	0.37936633216556015
chr5_mat	31200000	31400000	0.010591381759917666	-0.6951680462210517	-0.6353653309330679	0.2868177739291036
chr5_mat	31400000	31600000	0.013898123549440299	-0.609851729619713	-0.5449961496106366	0.23237378819421442
chr5_mat	31600000	31800000	0.00954144455063862	-0.9513841988162763	-0.598407459115766	0.09835070178058378
chr5_mat	31800000	32000000	0.013316571655102562	-0.37831265775251216	-0.4843844491061176	0.1625250142359648
chr5_mat	32000000	32200000	0.014492875752904057	0.4699497337770889	-0.2631490548057475	0.1571412388917451
chr5_mat	32200000	32400000	0.013208136029438175	0.08215998274836427	-0.334136924360111	0.3551039931331756
chr5_mat	32400000	32600000	0.008566589134699022	-0.9322356011286451	-0.4765312635328218	0.1419766750038584
chr5_mat	32600000	32800000	0.013717488714075809	-0.1739846362085527	-0.5132660435544754	0.29799856017581655
chr5_mat	32800000	33000000	0.012740741346524823	-0.4420746508859788	-0.4141584107212664	0.11540166406777695
chr5_mat	33000000	33200000	0.011329039784098537	-0.3048109929911499	-0.36227265205632925	0.14993572463216562
chr5_mat	33200000	33400000	0.014668659931482779	0.867940977913752	-0.1316245540201337	0.11212038531496046
chr5_mat	33400000	33600000	0.014925778863747	0.08702258295606873	-0.37775356419214906	0.1943736427646608
chr5_mat	33600000	33800000	0.011421697472297303	-0.38613364104282655	-0.4085485845362303	0.16902699777425464
chr5_mat	33800000	34000000	0.014302003066389962	0.6759948033107616	-0.3367932606080481	0.1778512812921168
chr5_mat	34000000	34200000	0.014341899691862139	0.4624734997421939	-0.22403455540805392	0.07426722414048818
chr5_mat	34200000	34400000	0.012974719632358757	0.15932214049720161	-0.2928226430870686	0.20357250433055282
chr5_mat	34400000	34600000	0.01913851074372113	0.786504528684316	-0.24287397356639562	0.27639199976717715
chr5_mat	34600000	34800000	0.028761251382268985	0.9206573745716644	-0.2028198918319303	0.2546118134581554
chr5_mat	34800000	35000000	0.025841938002463392	0.7396244123797996	-0.3765698428816802	0.34045891513585075
chr5_mat	35000000	35200000	0.01924260955050107	0.4168116265451879	-0.28346190234309737	0.15910599414642945
chr5_mat	35200000	35400000	0.018721728169045788	0.7101241355071857	-0.3575307606996684	0.12628772006435793
chr5_mat	35400000	35600000	0.02241061648040053	0.4329411244749606	-0.3326987120757972	0.06838149048743404
chr5_mat	35600000	35800000	0.019182567504681548	-0.03498948909242716	-0.41996767481150044	0.1924111797550321
chr5_mat	35800000	36000000	0.011021582559709411	-0.34147388634777953	-0.35223685153532125	0.283624246696301
chr5_mat	36000000	36200000	0.01297676863269226	0.9729580377042969	-0.3465366117438412	0.30354664393718256
chr5_mat	36200000	36400000	0.014900052124830138	1.080233034546216	-0.32059438596729595	0.3152651415379064
chr5_mat	36400000	36600000	0.01916892613455133	1.033193535805624	-0.3756753854711567	0.28930029812031
chr5_mat	36600000	36800000	0.017629912363313512	1.0075456573662573	-0.36951715400079627	0.3040115482374827
chr5_mat	36800000	37000000	0.016054738722331503	1.0612701474572788	-0.3339148361848564	0.29855055619396986
chr5_mat	37000000	37200000	0.016867904787349588	0.952359896370925	-0.38725719313374	0.3829980928729597
chr5_mat	37200000	37400000	0.022327423873219895	0.5742672643310804	-0.42299786012523477	0.4733916859779944
chr5_mat	37400000	37600000	0.023738931802207975	0.7703002632581992	-0.3299670944338296	0.41032025611922107
chr5_mat	37600000	37800000	0.015596018625697657	0.07306992838519	-0.45731229812316926	0.2852265354540541
chr5_mat	37800000	38000000	0.016124264496491812	-0.13943824977832134	-0.32369506052696045	0.26470797634955034
chr5_mat	38000000	38200000	0.011446403079531433	-0.8882361979451141	-0.3800321355252633	0.2138227886978207
chr5_mat	38200000	38400000	0.011545012209565707	-0.739478530362329	-0.3631518834054064	0.1908955355549789
chr5_mat	38400000	38600000	0.01328769422014647	-0.24019725631848754	-0.455129675246625	0.4052659275559991
chr5_mat	38600000	38800000	0.017009337579618464	0.817896015763845	-0.35015262376370393	0.41176146413526166
chr5_mat	38800000	39000000	0.020153336099135246	1.0113990145717084	-0.31564546483824923	0.35706102584841204
chr5_mat	39000000	39200000	0.019691410348413266	1.0953972862967987	-0.3056757003709567	0.4139986129093865
chr5_mat	39200000	39400000	0.024221544092751714	1.0428522753111904	-0.3012823785818609	0.4882368296600089
chr5_mat	39400000	39600000	0.015766822907137847	0.5201796921365679	-0.4467635180731168	0.49565667178024725
chr5_mat	39600000	39800000	0.011781301065644538	-0.47689570286297833	-0.47087168253750233	0.36626087515561667
chr5_mat	39800000	40000000	0.008910890244856811	-1.0296056704402707	-0.3784130928203581	0.1560260973328866
chr5_mat	40000000	40200000	0.014884985576827589	-0.1507387168418005	-0.5260252020634626	0.40042568365924913
chr5_mat	40200000	40400000	0.013142819299625736	-0.12579846356566957	-0.39771147908003646	0.3614435598024262
chr5_mat	40400000	40600000	0.015405129856447647	0.07970177707764275	-0.4556316456062905	0.37469588986070884
chr5_mat	40600000	40800000	0.014971463709328652	-0.3531769572265833	-0.5466046668899538	0.3610117726343235
chr5_mat	40800000	41000000	0.014067705702321335	-0.23768542859317013	-0.45378443513563355	0.33830446132395126
chr5_mat	41000000	41200000	0.01578530125381157	0.9433606837268362	-0.30644236523571444	0.5430425911354346
chr5_mat	41200000	41400000	0.01472035491678006	0.80914848879995	-0.36493166954256456	0.43891097661071493
chr5_mat	41400000	41600000	0.010624890046228746	-0.7341166124987819	-0.378211457433159	0.20855689046803497
chr5_mat	41600000	41800000	0.011714039846045394	-0.8343288698231027	-0.36809291128788524	0.05825364426507917
chr5_mat	41800000	42000000	0.01073669719197543	-0.9434607084947807	-0.2317729815819661	-0.0038506022126341033
chr5_mat	42000000	42200000	0.009378604641260372	-0.9788159094470976	-0.2641213314013882	0.01002513124313974
chr5_mat	42200000	42400000	0.012124727636285798	-0.526844931946588	-0.40178934688587997	0.18578441889746464
chr5_mat	42400000	42600000	0.013125987582498177	-0.27206348613586484	-0.4639621714285731	0.3658230408103026
chr5_mat	42600000	42800000	0.014419640818963072	0.1484444563702258	-0.4369895514481324	0.3592056714967252
chr5_mat	42800000	43000000	0.010739554120006697	-0.8022080439935936	-0.2965158082655622	0.1703532386131167
chr5_mat	43000000	43200000	0.01676000706982877	-0.3164799988932053	-0.3723154614347234	0.2895865691651244
chr5_mat	43200000	43400000	0.010721523997906964	-0.7948561249871169	-0.2392076887209234	0.19128272449693132
chr5_mat	43400000	43600000	0.011640073665119502	-0.6840320703214922	-0.24990893133804987	0.20670086671031282
chr5_mat	43600000	43800000	0.014818811518098655	0.6861133660779253	-0.26958418947828167	0.31467105255102273
chr5_mat	43800000	44000000	0.015497472129673144	0.9736327920332131	-0.33359053474050193	0.42660358186006947
chr5_mat	44000000	44200000	0.016443784381329637	0.9481595734240517	-0.3489611200108439	0.36395492879056296
chr5_mat	44200000	44400000	0.018559376696757383	0.985950568998843	-0.2789160521157496	0.195748984884367
chr5_mat	44400000	44600000	0.022377499047066172	1.0567936226510894	-0.2710378942951107	0.1494646812055427
chr5_mat	44600000	44800000	0.016150243037310514	0.33293343783193874	-0.32991525020487145	0.40335064836863427
chr5_mat	44800000	45000000	0.010058256883787612	-0.6306525026178926	-0.14381806270912625	0.3131996645762339
chr5_mat	45000000	45200000	0.011771246580716335	-0.08973831194634321	-0.22222856702574958	0.33652558901612967
chr5_mat	45200000	45400000	0.016511110431525818	0.9453542008476019	-0.33216547991634415	0.3715062618864489
chr5_mat	45400000	45600000	0.016912809123121007	1.0299706501156045	-0.4113150366438966	0.5181893090901943
chr5_mat	45600000	45800000	0.017425151039488468	1.0335591434141664	-0.3747039394503464	0.377064568695731
chr5_mat	45800000	46000000	0.015216678653742774	0.9253343139487595	-0.39709425421284456	0.3321308195392828
chr5_mat	46000000	46200000	0.01898024038863798	0.9412672475067854	-0.4232570524422703	0.47233880887751456
chr5_mat	46200000	46400000	0.017153775035966327	0.9599902711922462	-0.36181280619713563	0.2593825334984993
chr5_mat	46400000	46600000	0.01463984078787673	0.956824634965058	-0.4055195017002099	0.4233725639526934
chr5_mat	46600000	46800000	0.015346998261677262	1.039108938456572	-0.3555869445897289	0.328430352160265
chr5_mat	46800000	47000000	0.015455936861860796	1.0284050657586261	-0.39020397659367984	0.41541321481967525
chr5_mat	47000000	47200000	0.015269918087465532	0.8072267273928873	-0.28388320134078215	0.37566294696069263
chr5_mat	47200000	47400000	0.012360681742703133	0.4714992633581679	-0.36442563547951873	0.2894060423583106
chr5_mat	47400000	47600000	0.011646937721675169	-0.010723082779953194	-0.2799318830098907	0.32046188484799354
chr5_mat	47600000	47800000	0.013987957476732484	0.18459102242640799	-0.3650234991250358	0.28875635131804384
chr5_mat	47800000	48000000	0.013283106495408977	0.014605682615129236	-0.31192304314343056	0.24625073942056938
chr5_mat	48000000	48200000	0.00964012287302619	-0.39226858651347446	-0.2516668149078521	0.22429983010829616
chr5_mat	48200000	48400000	0.012721051858282203	-0.09330323002923992	-0.3467657169390873	0.22046578626898
chr5_mat	48400000	48600000	0.011207786383819543	-0.5047752797569448	-0.19356627822904918	0.19541675784265936
chr5_mat	48600000	48800000	0.010959186545492054	-0.3928690848236691	-0.18280915498974537	0.23622466899430372
chr5_mat	48800000	49000000	0.010019423941708972	-0.5526179536267952	-0.1298845813807892	0.3137461427128387
chr5_mat	49000000	49200000	0.012908050526652974	0.24573494562676898	-0.29995944697135124	0.24096594423006637
chr5_mat	49200000	49400000	0.010027907092157635	-0.9890998679539686	-0.05126284008268098	0.22665461325516748
chr5_mat	49400000	49600000	0.009026460873687548	-0.9248371298803302	-0.0671143134155811	0.22545655394465355
chr5_mat	49600000	49800000	0.013069775354851742	0.7276523734747967	-0.25518900596495064	0.5047888365422283
chr5_mat	49800000	50000000	0.02794294115481932	0.11029341071528573	-0.16774060366209798	0.38693712424680216
chr5_mat	50000000	50200000				
chr5_mat	50200000	50400000				
chr5_mat	50400000	50600000	0.010299293654750151	-0.9060810394071109	0.04015796684987832	0.18625307045971717
chr5_mat	50600000	50800000	0.013589484365449418	0.19363723270709107	-0.2300756597399428	0.30916389092738683
chr5_mat	50800000	51000000	0.010033926314452941	-0.5601122179125544	-0.04893075381662733	0.35572364009825935
chr5_mat	51000000	51200000	0.01136973330908521	-0.5265522455147312	-0.06809614326959951	0.2731994981008276
chr5_mat	51200000	51400000	0.01525328489703992	0.7908176677475147	-0.17999880495116005	0.37174740283604346
chr5_mat	51400000	51600000	0.020180156020140224	0.9466199650277486	-0.18567374648819068	0.5910192179163904
chr5_mat	51600000	51800000	0.018219301504985463	0.9663146711992417	-0.21823582409362538	0.4387306232050415
chr5_mat	51800000	52000000	0.021837625487857733	1.0225298654922885	-0.1848125577447257	0.4175761214041508
chr5_mat	52000000	52200000	0.019120089214498214	1.0915900081628738	-0.19392805807597513	0.484321830926921
chr5_mat	52200000	52400000	0.020177164682254462	0.8014218675342997	-0.2176645892525869	0.47847363783051255
chr5_mat	52400000	52600000	0.011346460914091059	-0.3966181671373337	-0.12480081292423664	0.5593438155814785
chr5_mat	52600000	52800000	0.0122781832751302	0.07753574359730586	-0.22561582540502884	0.619318960608928
chr5_mat	52800000	53000000	0.012508046201808364	0.10187519095813596	-0.19912351415465612	0.47653278074110006
chr5_mat	53000000	53200000	0.008975642708553262	-0.8552701918359039	0.07752153158953551	0.4956415196678283
chr5_mat	53200000	53400000	0.013585270141624237	0.570131871573359	-0.2275695786231339	0.3982313488702962
chr5_mat	53400000	53600000	0.013167683126923955	0.9859076874891387	-0.18337434551399462	0.6012148111141128
chr5_mat	53600000	53800000	0.016714699232798932	0.7997619325481193	-0.20064297346277452	0.6183411178181114
chr5_mat	53800000	54000000	0.012045591982747558	-0.48198152472153954	0.08474542822182377	0.33053820641088844
chr5_mat	54000000	54200000	0.00880276772413707	-1.1294393957009516	0.3791919322410482	0.19594841255503279
chr5_mat	54200000	54400000	0.010362801339725844	-0.918554731302016	0.16900658230903925	0.30991379859935764
chr5_mat	54400000	54600000	0.013548352159217722	-0.4578279658925865	0.03160644360963471	0.28370900308080993
chr5_mat	54600000	54800000	0.012433883483816757	-0.5028470366970411	0.08390844167524421	0.15334987563142338
chr5_mat	54800000	55000000	0.010108507954566876	-1.2256224006366472	0.39769459553801667	0.1281154237307157
chr5_mat	55000000	55200000	0.009478948189460488	-0.8510242757852715	0.09925081284058403	0.313655400788916
chr5_mat	55200000	55400000	0.010962933418502309	-0.11535226296297371	-0.0667642153988826	0.563447345688776
chr5_mat	55400000	55600000	0.01340514865202913	1.0526485586355494	-0.10733976724851196	0.5498389826841109
chr5_mat	55600000	55800000	0.013329254982860262	1.2460852880461053	0.01177913455181337	0.5068682448089811
chr5_mat	55800000	56000000	0.012144626210029883	1.1929084233740623	-0.020924424993594266	0.5804557353278
chr5_mat	56000000	56200000	0.012347132711059004	0.8939477775347899	-0.014751248561412715	0.5368546316219498
chr5_mat	56200000	56400000	0.011289436662343852	-0.10094523528722593	-0.014563366594654086	0.4804583610860983
chr5_mat	56400000	56600000	0.013485171466635375	0.14737473258866135	-0.01418997634701396	0.5007725168284294
chr5_mat	56600000	56800000	0.010704572216724925	-0.4085919586923435	0.21993959524780946	0.4677065455097829
chr5_mat	56800000	57000000	0.01347166826980584	0.6259300274230415	-0.040784646823647255	0.579488029674852
chr5_mat	57000000	57200000	0.012341275107411533	0.30086488637099273	0.11798113569409438	0.43373032602111816
chr5_mat	57200000	57400000	0.014431764384691296	0.7048282621936316	-0.006491470036488173	0.6195256857534944
chr5_mat	57400000	57600000	0.013609121485696455	0.04698919416028751	0.14925723316706552	0.40644053541975195
chr5_mat	57600000	57800000	0.009966501038212913	-1.0657238237165978	0.5175073678231975	0.45804668418816885
chr5_mat	57800000	58000000	0.011404603233615423	0.21193462195189805	0.10936951374512698	0.4144732789934652
chr5_mat	58000000	58200000	0.010939829445309565	0.2681917623118319	0.2156619617172541	0.46159022064383565
chr5_mat	58200000	58400000	0.010522170678484618	-0.4483280210538494	0.36539420426937796	0.6090253032730935
chr5_mat	58400000	58600000	0.01276493720754415	1.195345931439505	0.05523479155156535	0.7722183448519164
chr5_mat	58600000	58800000	0.012147296424233884	1.1452353273780478	0.09451542247126937	0.661302916796646
chr5_mat	58800000	59000000	0.012292139858373914	0.14339940422108297	0.1838368889662009	0.4427982688538465
chr5_mat	59000000	59200000	0.012584935188865713	0.4527850649117763	0.06645103287023645	0.6082315014226019
chr5_mat	59200000	59400000	0.009987463035397092	-0.9745016656643523	0.5927765977901696	0.4187367562891987
chr5_mat	59400000	59600000	0.00999277466856912	-0.7300872317080352	0.5937582668331639	0.3949559806734717
chr5_mat	59600000	59800000	0.012458907030718077	0.4753325986733611	0.044685675687610935	0.3826472732743657
chr5_mat	59800000	60000000	0.012389802344829915	-0.16181232731932368	0.13664527191463957	0.5624223150998916
chr5_mat	60000000	60200000	0.016648013547337075	1.011071402073832	0.18813965708466143	0.4793095035603976
chr5_mat	60200000	60400000	0.011098678036156757	-0.4907149841595483	0.7059196581389177	0.31973782796861056
chr5_mat	60400000	60600000	0.00850574277168084	-1.0418749357125343	0.9783621295248021	0.44191267085889296
chr5_mat	60600000	60800000	0.00992073703516634	-0.000250658990393162	0.2073447381633964	0.551509438435682
chr5_mat	60800000	61000000	0.012960900580937766	0.28725869224973083	0.3608701713466627	0.5623602448388674
chr5_mat	61000000	61200000	0.013692670560199953	0.41271445811523144	0.1846090631434983	0.5447701336401655
chr5_mat	61200000	61400000	0.011012259483515363	-0.2713843554026557	0.32211794068573807	0.6248098464022935
chr5_mat	61400000	61600000	0.010118106138904084	-1.0901786944478822	0.8674181567601832	0.2714821841216858
chr5_mat	61600000	61800000	0.010909617610705623	-0.5066199411564026	0.4116636431836654	0.5071924294226923
chr5_mat	61800000	62000000	0.010570260491979488	-0.45949671475881065	0.4466970473952546	0.6623671413117176
chr5_mat	62000000	62200000	0.014572357712962305	0.721342958699431	0.2292363682884353	0.3816077160067013
chr5_mat	62200000	62400000	0.009619665739788456	-0.7074387691946626	0.6433718968407492	0.3659401702314573
chr5_mat	62400000	62600000	0.008904259294261115	-1.110883973407697	0.976955342911426	0.40450172892403313
chr5_mat	62600000	62800000	0.012755610774058374	-0.6006061028446295	0.4749716053340365	0.37997582624558757
chr5_mat	62800000	63000000	0.01043752576219044	-1.3413061506049186	1.145444393172176	0.3852277460792211
chr5_mat	63000000	63200000	0.008091613126628056	-1.486619682812918	1.487681809487046	0.356352045468397
chr5_mat	63200000	63400000	0.009124860547088642	-0.3482010154304368	0.7426771532455988	0.3138006022387967
chr5_mat	63400000	63600000	0.009560692637370763	1.2125701744985449	0.3837750294894754	0.677328971107105
chr5_mat	63600000	63800000	0.010077565812240738	1.1399817543042097	0.35333134049986487	0.49040084976364784
chr5_mat	63800000	64000000	0.009728402131509684	-0.08764509846989404	0.7242774362828811	0.6464665484938537
chr5_mat	64000000	64200000	0.009011741161227058	-1.311845801167175	1.5250121707205508	0.7256105454013869
chr5_mat	64200000	64400000	0.014548379886190151	0.7090098186919855	0.47028866894243604	0.6528846533907082
chr5_mat	64400000	64600000	0.03200958211716826	1.069106745722599	0.6847607167822676	0.6205370983919358
chr5_mat	64600000	64800000	0.02461285901406889	1.0192982936959116	0.31032490806909785	0.9358113188135057
chr5_mat	64800000	65000000				
chr5_mat	65000000	65033001				
chr6_mat	0	200000				
chr6_mat	200000	400000				
chr6_mat	400000	600000				
chr6_mat	600000	800000	0.0415427277977334	0.9303232761839921	0.5317456187537699	-0.44967154836424494
chr6_mat	800000	1000000	0.019617759357212217	1.0227448369150631	0.4105145810756737	-0.28523991544119526
chr6_mat	1000000	1200000	0.013911717060665244	0.8729675058219026	0.389910829387705	-0.2015320462636878
chr6_mat	1200000	1400000	0.014057813968250883	0.8651757517370341	0.44800336444657923	-0.4006881521121073
chr6_mat	1400000	1600000	0.014672198281917093	0.9980019978513502	0.4216107801757548	-0.4578931721644608
chr6_mat	1600000	1800000	0.014276438540518483	0.5453876812175097	0.06064238615256424	-0.24944881889849155
chr6_mat	1800000	2000000	0.0092959180205925	-0.5833623596082015	-0.26735076676610703	0.06424529376099491
chr6_mat	2000000	2200000	0.009434883531813838	-0.737975160716367	-0.16567447217353623	0.14899333208087004
chr6_mat	2200000	2400000	0.010214673350170208	-0.6276467747295393	-0.07706663809740932	0.08969168594652797
chr6_mat	2400000	2600000	0.012119721910649252	-0.5296898521706639	0.05504818260445798	0.05040682538387331
chr6_mat	2600000	2800000	0.014859329888911995	-0.3128280369240978	-0.07349867017760547	0.2233551622532723
chr6_mat	2800000	3000000	0.01456996605239749	-0.005878022158171988	-0.18845981705085807	0.22541796688905555
chr6_mat	3000000	3200000	0.014588927249012833	-0.32220135542607004	-0.0677117131007487	0.19720947658424937
chr6_mat	3200000	3400000	0.0112450678094403	-0.8322908769987226	0.5008866284298644	0.4124942911462254
chr6_mat	3400000	3600000	0.011142538966931436	-0.9045430753150882	0.5131730677980354	0.44729751588340083
chr6_mat	3600000	3800000	0.010727164847027832	-0.9001744020965354	0.2853095959415021	0.4087824765235018
chr6_mat	3800000	4000000	0.011748623724364367	-0.6361630199866939	0.08836167357662779	0.47236391261721816
chr6_mat	4000000	4200000	0.009121143477250114	-0.9966873636965119	0.5800650167342175	0.36871991566810186
chr6_mat	4200000	4400000	0.014656855296551304	0.12717172728876294	-0.09327254141171695	0.5033428336399526
chr6_mat	4400000	4600000	0.01307903709404183	0.7004870110008815	4.0151782589559924e-05	0.6246656055892431
chr6_mat	4600000	4800000	0.014234123483221447	0.7662010248870975	0.18721001843506668	0.7392038395691422
chr6_mat	4800000	5000000	0.01362842682603468	0.832296092719703	0.3063384504116716	0.5766727712957601
chr6_mat	5000000	5200000	0.013736411006259353	0.8975962376975268	0.38419999479115025	0.6260560790356906
chr6_mat	5200000	5400000	0.014811478344951917	0.8961010607236609	0.32934763194794975	0.490122373149817
chr6_mat	5400000	5600000	0.017369929893641122	0.9279197272153649	0.48734689983387475	0.6679597352603428
chr6_mat	5600000	5800000				
chr6_mat	5800000	6000000				
chr6_mat	6000000	6200000				
chr6_mat	6200000	6400000				
chr6_mat	6400000	6600000				
chr6_mat	6600000	6800000	0.023151427231573405	1.0021466778700738	0.5705275108247164	0.3833116806609553
chr6_mat	6800000	7000000				
chr6_mat	7000000	7200000	0.011601014486445311	-0.5437726231337475	0.28924925397182955	0.26950190743093944
chr6_mat	7200000	7400000	0.010160624307433704	-0.7561335385391615	0.08657879276649355	0.2424870758893356
chr6_mat	7400000	7600000	0.013326597358524116	-0.7028850425425742	-0.22767330748084255	0.2358956506987921
chr6_mat	7600000	7800000	0.014947623651584224	-0.2971280808669063	-0.46391195855127837	0.25469253491327654
chr6_mat	7800000	8000000	0.015238091143148431	-0.13340244053167344	-0.5630481734274518	0.28719544550833076
chr6_mat	8000000	8200000	0.01202991366104955	0.057798884169777576	-0.5253679464511587	0.3441523615871777
chr6_mat	8200000	8400000	0.012316750318306553	0.30332173695194725	-0.430047911751261	0.26323080836557033
chr6_mat	8400000	8600000	0.01475747223122894	0.5925635043319477	-0.2009451464739954	0.4828694180619677
chr6_mat	8600000	8800000	0.013570658729873898	0.7279212665255239	-0.18856731810816715	0.5334985770032309
chr6_mat	8800000	9000000	0.013857778151736609	1.0054811761657227	0.17644794743753722	0.5690814727427206
chr6_mat	9000000	9200000	0.01324086026716611	0.9159205934767883	0.13897204856984285	0.5039908973010738
chr6_mat	9200000	9400000	0.01359625104801054	0.9543799000933681	0.29255163411979646	0.5414368789717778
chr6_mat	9400000	9600000	0.013319498378298846	1.0396698864252178	0.34414478878570337	0.35598210377778705
chr6_mat	9600000	9800000	0.014867481177462852	0.9668261071203044	0.4135414237309926	0.3924959783276922
chr6_mat	9800000	10000000	0.013951425909709362	1.0075112641502548	0.12936085016785365	0.26012363515661907
chr6_mat	10000000	10200000	0.013912366591255155	0.8980433385523117	0.007542917719395532	0.5011804590298409
chr6_mat	10200000	10400000	0.010002469384853536	-0.6063246617791397	-0.2680651792037304	0.12717218172893452
chr6_mat	10400000	10600000	0.013460223915049885	0.6141509499869474	-0.26516892318417135	0.1625417882957338
chr6_mat	10600000	10800000	0.012326369321957307	-0.391715118463275	-0.5708294309886599	0.05698706695960252
chr6_mat	10800000	11000000	0.00905516623067789	-0.7155303364780471	0.24832958193573418	0.09048272528690998
chr6_mat	11000000	11200000	0.013333592854163762	-0.07295808464646351	-0.4028606741702667	0.07134530105788663
chr6_mat	11200000	11400000	0.013876796646672743	0.8168368076015499	0.004108129014369379	0.10116192497706367
chr6_mat	11400000	11600000	0.014935101172097839	1.0847191732898496	0.25994384570837464	0.160926979675987
chr6_mat	11600000	11800000	0.014327501784413001	1.0592301416676695	0.21888546649299728	0.2635635710777531
chr6_mat	11800000	12000000	0.013585948850461995	0.9930038384375464	0.24514667003359283	0.29663317452825533
chr6_mat	12000000	12200000	0.013225983900758615	0.7442249960020183	-0.09841777521533968	0.35880322133990666
chr6_mat	12200000	12400000	0.010523675117327906	-0.060854867125096065	-0.4517567827715998	0.23038872375728392
chr6_mat	12400000	12600000	0.012635860455312014	0.577025039126802	-0.3151775121402693	0.358582784637069
chr6_mat	12600000	12800000	0.011404344068638286	-0.2550599511328602	-0.5996632716555452	0.33703530269405285
chr6_mat	12800000	13000000	0.01242980092851346	0.08759129840514805	-0.3396465781155777	0.3430618541914842
chr6_mat	13000000	13200000	0.01108893127787807	-0.4823379448438156	-0.38216510224179867	0.25612076836952935
chr6_mat	13200000	13400000	0.015355681524401076	0.49151103416380126	-0.40731804334910215	0.3837227596399224
chr6_mat	13400000	13600000	0.01523305118658921	0.7604874808005371	-0.11596892375278522	0.1917388739955971
chr6_mat	13600000	13800000	0.016280393874407963	0.7335231324539738	-0.13912819261726245	0.3743010047380793
chr6_mat	13800000	14000000	0.015750247158435805	0.8541811224298372	0.025278526816598708	0.23946736655849668
chr6_mat	14000000	14200000	0.011495902017923174	-0.000695874688209956	-0.31483933415227533	0.32702616492114506
chr6_mat	14200000	14400000	0.012956559879420074	-0.23643493621414138	-0.5124687244013255	0.3313489455526775
chr6_mat	14400000	14600000	0.022377139400838058	0.9585376872914758	0.09270866807543998	0.1501790341807206
chr6_mat	14600000	14800000	0.023267967357222266	1.0124237191139556	0.15268081130043784	0.2826342798001942
chr6_mat	14800000	15000000	0.022405802691493015	0.9717300168302672	0.2590049462029933	0.26126207270947677
chr6_mat	15000000	15200000	0.022165310705054824	0.9843976728853152	0.05645967462273341	0.28793199813219394
chr6_mat	15200000	15400000	0.03301034837828286	0.930540149329141	0.030015064991226345	0.21760707677770322
chr6_mat	15400000	15600000	0.023587526919205497	0.7375764408270742	-0.14889158782688192	0.30538446715881706
chr6_mat	15600000	15800000	0.02325308338585531	0.5334199837167838	-0.36904077570412525	0.24055090657294148
chr6_mat	15800000	16000000	0.01767830702895675	-0.7040465908244052	-0.32854181449615505	0.31448926369587227
chr6_mat	16000000	16200000	0.014915497717138635	-0.38817644758098496	-0.08261555306925888	0.2813063845449718
chr6_mat	16200000	16400000	0.0167299163632066	0.036221476956018635	-0.4159860154524886	0.20662017840265767
chr6_mat	16400000	16600000	0.013547289939681122	-0.599247290844474	0.01113145547960232	0.29041838197912645
chr6_mat	16600000	16800000	0.012301192843959096	-0.748293591254068	0.2663462261584313	0.21068107861449625
chr6_mat	16800000	17000000	0.00992117562687484	-0.8348082965492263	0.06223120610282938	0.2874289631311182
chr6_mat	17000000	17200000	0.013848054450716954	-0.4112736334123367	-0.30703474322002006	0.3715149781144262
chr6_mat	17200000	17400000	0.013483446369322041	-0.24176072211780425	-0.317104674122736	0.47407578905884734
chr6_mat	17400000	17600000	0.018163504257621668	-0.13564086239601345	-0.5158537564071245	0.3086871610573676
chr6_mat	17600000	17800000	0.012073903873340508	-0.5572563684644842	-0.20689114572987946	0.33660183065305394
chr6_mat	17800000	18000000	0.011912970880328591	-0.9149632901226878	0.276566864610401	0.19405141125921171
chr6_mat	18000000	18200000	0.016607353415173037	0.464648124747002	-0.19737389130320965	0.368416539219204
chr6_mat	18200000	18400000	0.01983585015447313	0.5238793886826466	-0.2896614081559414	0.2831333616507808
chr6_mat	18400000	18600000	0.012544806427986692	-0.8246257585490052	0.0016751641672955611	0.22974062594623662
chr6_mat	18600000	18800000	0.01214942880576915	-0.7115320006738509	0.03234051793138779	0.2728485797843882
chr6_mat	18800000	19000000	0.015832230809565948	0.12213040560232959	-0.27902200537754146	0.17972458859438117
chr6_mat	19000000	19200000	0.016598297368621142	0.96866211843454	0.05033030622206894	0.18301970928716274
chr6_mat	19200000	19400000	0.015596441317331127	0.2863438154365058	-0.3881199801808066	0.26917128696197024
chr6_mat	19400000	19600000	0.01573130527321775	0.7373430223045834	-0.2221727295861778	0.12878436269762922
chr6_mat	19600000	19800000	0.012440048120240691	-0.3019798229239921	-0.4367632164415398	0.3499307122773995
chr6_mat	19800000	20000000	0.015962068917485427	0.7859302443789217	-0.22653459024097067	0.1329758128898868
chr6_mat	20000000	20200000	0.017297004630200407	0.5922818932922759	-0.3103237573696644	0.20707917024961486
chr6_mat	20200000	20400000	0.013372880515502754	-0.21426687168228686	-0.6389315657444207	0.24777822953460776
chr6_mat	20400000	20600000	0.01372425904122031	-0.0614529029877446	-0.516335301419572	0.2247673538688432
chr6_mat	20600000	20800000	0.014582245256511587	0.2664168726558933	-0.5499817018984293	0.20543817350820182
chr6_mat	20800000	21000000	0.009788726916724062	-0.6475359891187332	-0.37330453421543264	0.29783612277197524
chr6_mat	21000000	21200000	0.014018966477686034	0.22777904342225538	-0.5418626172883161	0.16626954641268063
chr6_mat	21200000	21400000	0.016006706967718443	-0.11946304795040541	-0.5720683143401917	0.2545463690778874
chr6_mat	21400000	21600000	0.011740309181422898	-0.6139748108266728	-0.33473904047401926	0.3406287416833515
chr6_mat	21600000	21800000	0.011632218284065287	-0.9056708572959626	0.4960022353001925	0.4352594060196524
chr6_mat	21800000	22000000	0.010514543058436899	-0.4973311528837397	-0.34855923962403246	0.37835593961334874
chr6_mat	22000000	22200000	0.013511109446146918	0.5660687848795993	-0.39460150621107765	0.24076850052227722
chr6_mat	22200000	22400000	0.013863480859375924	0.9569747961508025	-0.38274410874870435	0.07729496751769586
chr6_mat	22400000	22600000	0.015782388846250654	1.0648514808647709	-0.20726669467947906	-0.03028869653009479
chr6_mat	22600000	22800000	0.014730632390840352	0.4033270118383632	-0.6329970585459667	0.19673256687096674
chr6_mat	22800000	23000000	0.010404843224576982	-0.9780711645994382	0.0639127514141754	0.3248046180069716
chr6_mat	23000000	23200000	0.016887272878444784	-0.5003928855035923	-0.2519758377761219	0.3734943083716134
chr6_mat	23200000	23400000	0.014040041596211781	-0.7653101567303098	0.4413535510536601	0.4977370562996868
chr6_mat	23400000	23600000	0.010459910690444415	-0.9326984247296519	0.6990261262643577	0.4954958419503902
chr6_mat	23600000	23800000	0.011744241508106296	-0.7877741202079688	0.41673156619458884	0.4846334946102436
chr6_mat	23800000	24000000	0.01297485639649758	-0.7790680459594317	0.4693368665312186	0.5903377041329905
chr6_mat	24000000	24200000	0.01526831888342185	-0.49296931133721195	0.13449639464018143	0.6470035284344517
chr6_mat	24200000	24400000	0.010583967738098393	-0.8488380247162117	0.6095492165533465	0.5208932807092308
chr6_mat	24400000	24600000	0.012841208996329321	-0.8596127125669804	0.3910222241042707	0.47569414372157187
chr6_mat	24600000	24800000	0.010740284618244347	-0.9174908613967632	0.4335531559488165	0.28227574725095106
chr6_mat	24800000	25000000	0.012629621515998314	-0.40321722376664476	-0.1206963213497668	0.23190321916630668
chr6_mat	25000000	25200000	0.015832499749797686	0.6349869116081431	-0.2892758034160807	0.27938384629550095
chr6_mat	25200000	25400000	0.013713529359097417	-0.2963713583532294	-0.7548539368984527	-0.0051032333462511705
chr6_mat	25400000	25600000	0.013268535326511299	0.41878667210112835	-0.5008620787896017	0.10812883989185514
chr6_mat	25600000	25800000	0.014161819730652888	0.8857228072235124	-0.1319814425149894	0.21103230350042407
chr6_mat	25800000	26000000	0.01571252236626276	1.0280940028850216	0.18584265722328797	0.2698495720483653
chr6_mat	26000000	26200000	0.013472660341634166	1.0586649974321247	0.22369522612543366	0.1893778069461096
chr6_mat	26200000	26400000	0.013078418175639107	1.0861313715486565	0.14004388747746296	0.04383603504509267
chr6_mat	26400000	26600000	0.013654893391363866	1.0805214369381366	-0.003935911479453136	0.059678441927420715
chr6_mat	26600000	26800000	0.017789352911507558	1.0246998237253955	-0.08877941911569794	0.013592025822555292
chr6_mat	26800000	27000000	0.012519256415559028	0.03688929357092127	-0.5848044511417284	0.0916789429618678
chr6_mat	27000000	27200000	0.008617481752388755	-0.9600582023191495	0.40334450000049415	0.2671287052223027
chr6_mat	27200000	27400000	0.012140695398978723	-0.2874146506876314	-0.5697579022469313	0.2264888019089754
chr6_mat	27400000	27600000	0.01087490597194644	-0.5151258309241039	-0.38558725843794683	0.2100267999731092
chr6_mat	27600000	27800000	0.014131739703871165	1.049791137822376	-0.027103075679708814	0.06559305544235915
chr6_mat	27800000	28000000	0.011890242317239095	0.46200738692161064	-0.40688848320330684	0.1396273886500473
chr6_mat	28000000	28200000	0.011580183691277052	-0.6355881754036281	-0.24430152343162156	0.1667177657845743
chr6_mat	28200000	28400000	0.015661882829869626	-0.1688741690612041	-0.48306851888507385	0.2560197368206636
chr6_mat	28400000	28600000	0.013920408621846025	-0.26761456917330406	-0.3287667461625911	0.17797271519429866
chr6_mat	28600000	28800000	0.013071395505033208	0.7030442761159991	-0.39033354001549825	0.14791025997880564
chr6_mat	28800000	29000000	0.009040147633115335	-0.7829907908674216	-0.21621622835908957	0.0675561676188406
chr6_mat	29000000	29200000	0.011742273963135675	-0.09448125693284676	-0.31543998267241824	0.07897985629313464
chr6_mat	29200000	29400000	0.010836658588772734	0.06320201706731451	-0.5001133887205617	0.021442993481265247
chr6_mat	29400000	29600000	0.01210994214286217	0.7269059772556389	-0.3576098692299372	0.18848776297401
chr6_mat	29600000	29800000	0.012908122755527551	1.1633213205688957	0.20054781625937612	0.10160090390944951
chr6_mat	29800000	30000000	0.013862278198202562	1.0779660050561908	0.20752869285192357	0.2707678551456984
chr6_mat	30000000	30200000	0.013044368328741913	1.0150962458203439	-0.026764092877915063	0.24563832305091468
chr6_mat	30200000	30400000	0.012205799664753618	0.5601320510100203	-0.4012430684758979	0.09059864829674073
chr6_mat	30400000	30600000	0.009366970589743956	-0.49953843741261117	-0.4551513862945954	-0.015933872356557684
chr6_mat	30600000	30800000	0.013699144205174239	0.6321266805136976	-0.4183085194750252	0.09219581040315232
chr6_mat	30800000	31000000	0.013552792836441587	0.8816663819839743	-0.19446419365749995	0.08861696018313324
chr6_mat	31000000	31200000	0.011912678731438654	0.0966152510117504	-0.653111157525529	0.10592317940394132
chr6_mat	31200000	31400000	0.010257620450790378	-0.5249967554526741	-0.3557793732620438	-0.06873277220958705
chr6_mat	31400000	31600000	0.009470405975517524	-0.6544563331768054	-0.10212293821405641	0.023515394548872203
chr6_mat	31600000	31800000	0.009364837387668667	-0.7868874474870602	-0.2535051566334496	0.046595054484376265
chr6_mat	31800000	32000000	0.011231532889589781	0.28487654712951765	-0.36408858493953794	0.23909173716164195
chr6_mat	32000000	32200000	0.011551136315126583	0.35310603769355864	-0.5618116349124402	-0.045824435521292485
chr6_mat	32200000	32400000	0.014257710613382216	0.8907612313697804	-0.277347228368059	-0.08654328569125601
chr6_mat	32400000	32600000	0.009533262758020716	-0.4498126441857776	-0.40394936413853244	-0.06660430178098241
chr6_mat	32600000	32800000	0.011596771052564256	0.09683626996867314	-0.618906678422261	0.04464946073170794
chr6_mat	32800000	33000000	0.009473630905945687	-0.624125973398182	-0.3697467914365808	-0.06791339840379303
chr6_mat	33000000	33200000	0.013112413548027934	0.9854932986888342	0.023871775525627803	-0.03066735331642322
chr6_mat	33200000	33400000	0.013168047447346015	1.061762687159387	-0.03248610303778513	-0.20857617291102992
chr6_mat	33400000	33600000	0.03344676882184689	0.20598231484810228	-0.5429201801363657	0.10325642555806469
chr6_mat	33600000	33800000	0.010081092659134807	-0.8616188567820857	-0.025479100060489104	-0.19545728944644908
chr6_mat	33800000	34000000	0.0142100894636726	0.2905030770302929	-0.6470910986218397	-0.08153385510024351
chr6_mat	34000000	34200000	0.009550376921708077	-0.20802630396281419	-0.4442959125968761	-0.17480537559471393
chr6_mat	34200000	34400000	0.012961247569364768	0.9470983616946663	-0.219483283074716	-0.375920770673156
chr6_mat	34400000	34600000	0.011386856787610092	0.6192823251461084	-0.3942290882643632	-0.4051385880288184
chr6_mat	34600000	34800000	0.013960408241589181	0.7004013482980509	-0.49387059704752523	-0.3394763801193028
chr6_mat	34800000	35000000	0.010673265771481573	-0.04602993247565118	-0.8190682511205912	-0.35309925353388677
chr6_mat	35000000	35200000	0.015279891520162361	1.1737786775855656	0.07777087214208654	-0.5763301922433413
chr6_mat	35200000	35400000				
chr6_mat	35400000	35600000				
chr6_mat	35600000	35800000	0.016985343271140284	1.1013376823109347	-0.07146965203884185	-0.6406840536662699
chr6_mat	35800000	36000000	0.011575642386457296	-0.2555096085897559	-0.1919772278043172	-0.5077176637861055
chr6_mat	36000000	36200000	0.012924317721594292	0.5081598003822041	-0.2945563885528968	-0.7213820053903625
chr6_mat	36200000	36400000	0.01229916264217125	-0.5255126606694879	-0.3602026389017527	-0.5197163502897991
chr6_mat	36400000	36600000	0.012244565979983586	-0.6512907641861352	-0.3225613254676157	-0.27776156730635865
chr6_mat	36600000	36800000	0.03315431839662112	-0.4173170205637179	-0.3384557007637174	0.08658487254198838
chr6_mat	36800000	36968704				
chr7_mat	0	200000				
chr7_mat	200000	400000				
chr7_mat	400000	600000				
chr7_mat	600000	800000				
chr7_mat	800000	1000000	0.020570261182465997	0.17442608320306305	1.0154384937043561	0.25741686034432454
chr7_mat	1000000	1200000	0.016668367691452957	-0.1125301208753977	0.8435784845740989	0.0663638271079358
chr7_mat	1200000	1400000	0.018868809692188668	0.7894794075195566	0.5650436212555453	0.40906562448807043
chr7_mat	1400000	1600000	0.017954554807706795	0.7784924517827512	0.4794686266104628	0.3240222309149515
chr7_mat	1600000	1800000	0.02083165965091836	0.08987325135400583	0.8755341375300114	0.1379187334229907
chr7_mat	1800000	2000000	0.013515829450064897	-0.7990304447760649	0.2891797087519455	0.6510649748801415
chr7_mat	2000000	2200000	0.0172976534672387	0.07603714305019812	1.0614384654295765	0.2526070020432468
chr7_mat	2200000	2400000	0.015639166818866766	-0.7779884160236199	0.316636997641083	0.47937055909017645
chr7_mat	2400000	2600000				
chr7_mat	2600000	2800000				
chr7_mat	2800000	3000000				
chr7_mat	3000000	3200000				
chr7_mat	3200000	3400000				
chr7_mat	3400000	3600000	0.015219666775271725	-0.7296836161910071	0.40338852257310515	0.4399764384390036
chr7_mat	3600000	3800000	0.02473582810232678	0.0780732309699569	1.0979502746011185	0.08540753677279204
chr7_mat	3800000	4000000	0.023328368552708197	-0.6173352725327104	0.4605235582745987	0.3826303423653616
chr7_mat	4000000	4200000				
chr7_mat	4200000	4400000				
chr7_mat	4400000	4600000				
chr7_mat	4600000	4800000				
chr7_mat	4800000	5000000				
chr7_mat	5000000	5200000				
chr7_mat	5200000	5400000	0.029087063135692027	-0.868287436645186	0.18267720568525653	0.5815460054605847
chr7_mat	5400000	5600000	0.021197683213807633	-0.2879220682489823	0.638513979859772	-0.09399812807182345
chr7_mat	5600000	5800000	0.01988153010181827	0.8494470025940334	0.529695302559961	-0.12832518395860196
chr7_mat	5800000	6000000	0.014625000526777237	0.3584613520830465	0.3636159560498976	-0.1876143987516752
chr7_mat	6000000	6200000	0.015259222495146526	0.16689356293523175	0.4641682398348765	-0.2680704187717748
chr7_mat	6200000	6400000	0.015396786438622159	0.06821508096202684	0.5636007527068584	-0.3752558276993659
chr7_mat	6400000	6600000	0.017908726564978526	0.6021732751043358	0.82057045316589	-0.09611225550533321
chr7_mat	6600000	6800000	0.015241519616589629	-0.4288909887551573	0.5392699390142499	-0.2868287429768884
chr7_mat	6800000	7000000	0.012583669598622458	-0.7967421012807918	0.17714014716822626	0.0027064568403576098
chr7_mat	7000000	7200000	0.008791768072269258	-1.0201532597433325	-0.04694855243083395	0.4162787532990272
chr7_mat	7200000	7400000	0.01280631128048044	-0.252544249897202	0.6208282968139553	-0.11905208999591864
chr7_mat	7400000	7600000	0.018833589110023134	0.8514380783908332	0.5971161097520117	0.10067168334230127
chr7_mat	7600000	7800000	0.0178073122147154	0.6628424802200418	0.5759070852934183	-0.08896100545458901
chr7_mat	7800000	8000000	0.011240703136556188	-0.7723027814967711	0.0525275570164596	-0.2850892213708256
chr7_mat	8000000	8200000	0.01023107354397176	-0.6539060803661986	0.054916285877552255	0.003489474827301089
chr7_mat	8200000	8400000	0.014277509043171316	0.8153246446734195	0.4103996867711893	0.06578619655546737
chr7_mat	8400000	8600000	0.01320348659495202	1.056290156806354	0.07250988585229945	0.36623953180128055
chr7_mat	8600000	8800000	0.012649056944076295	1.0417419523968794	0.06293360532799605	0.32840176431377993
chr7_mat	8800000	9000000	0.014596220589965497	0.9397198941452717	0.1427799337877413	0.31939513457729624
chr7_mat	9000000	9200000	0.013679908651787934	0.9576856171335606	0.110317593823103	0.22242066817339995
chr7_mat	9200000	9400000	0.012755813042699918	0.49597471807305576	0.21418629569299671	0.008534583776453579
chr7_mat	9400000	9600000	0.01134869262806594	-0.41802630069723223	0.10748178923876774	-0.2561569461630538
chr7_mat	9600000	9800000	0.012974738869127311	0.13151790948750622	0.447115881140713	-0.2638639183561084
chr7_mat	9800000	10000000	0.017094844302519282	-0.5881145346127388	0.1372420835963949	-0.09531011509620053
chr7_mat	10000000	10200000	0.018275287435929616	-0.3257827205699592	0.452228797714677	-0.19440468812145126
chr7_mat	10200000	10400000	0.022378334214626722	-0.35264118976227715	0.6098224926036748	-0.13144014446433683
chr7_mat	10400000	10600000	0.02807085726506439	0.8055897155070186	0.5461491022428878	0.06281783544887605
chr7_mat	10600000	10800000	0.028108164432115813	0.6956246128013063	0.6168738630465826	-0.049734984795279186
chr7_mat	10800000	11000000	0.021630848917227673	-0.6839007675264228	0.31605047275048354	0.42895963990162544
chr7_mat	11000000	11200000	0.016165261466870227	-0.9831907876404651	-0.1686098028672469	0.6524929388578053
chr7_mat	11200000	11400000	0.02688366106866287	-0.5926123949964835	0.8824408751048877	0.2269995501346033
chr7_mat	11400000	11600000	0.017354066522208462	-0.9474038666792189	-0.09386815550666254	0.7227932177829947
chr7_mat	11600000	11800000	0.026301745175685433	-0.836167481978547	0.37208895545216986	0.6693921942797658
chr7_mat	11800000	12000000	0.037639319999750634	-0.20900588612017068	0.9671236300811594	-0.18268113670466557
chr7_mat	12000000	12200000	0.012107687091969225	-0.6111161966586071	0.15714565496596913	-0.15657567869232156
chr7_mat	12200000	12400000	0.013237006689013023	0.03415231137696852	0.1747374618171205	-0.43395950041611575
chr7_mat	12400000	12600000	0.013894155450093197	-0.07632455940795564	0.0909586637357873	-0.30789984697169404
chr7_mat	12600000	12800000	0.013306011807003812	0.780539370984332	0.06098161616244008	0.01591851053118647
chr7_mat	12800000	13000000	0.012933695336109271	0.06663918991800871	0.011541726382784175	-0.38739672541188797
chr7_mat	13000000	13200000	0.013911920715980608	0.9623906054710512	-0.012721727429577313	0.13467947947682357
chr7_mat	13200000	13400000	0.01961910934463829	0.9655872797301375	0.1261468544124621	0.16034968606887637
chr7_mat	13400000	13600000	0.01910156550046184	0.9257221331698633	-0.08495735188660034	0.26213763304277965
chr7_mat	13600000	13800000	0.018108634472756208	1.0034951963706584	-0.21355072911383519	0.3431112490833217
chr7_mat	13800000	14000000	0.014363720862655019	0.9023978669998406	-0.11885704058830064	0.198475945421391
chr7_mat	14000000	14200000	0.016025792576663412	0.9325175350842467	-0.08534350518387958	0.14267824495245207
chr7_mat	14200000	14400000	0.012735446766792839	0.5337253164185557	-0.041944407198171677	-0.26239213805597644
chr7_mat	14400000	14600000	0.015044077046460283	0.8380503486921693	-0.07138804838285522	0.049450127313277366
chr7_mat	14600000	14800000	0.016922993616897492	1.0122190559886053	-0.15286857910751792	0.21326002531206545
chr7_mat	14800000	15000000	0.014160277187466316	0.5812939306023023	-0.01149397784269241	-0.3315949726916265
chr7_mat	15000000	15200000	0.015510055150481681	0.5271424766961897	0.028217051615135387	-0.3626146856093997
chr7_mat	15200000	15400000	0.008974179649413458	-0.8040748976202485	-0.2286406702175792	-0.1057151985887562
chr7_mat	15400000	15600000	0.01209307948691468	-0.04459054220840521	-0.17005086447647394	-0.19113173658829968
chr7_mat	15600000	15800000	0.01254347377073109	0.031219075387435645	-0.12651026588051165	-0.2962418469445615
chr7_mat	15800000	16000000	0.009709604745227415	-0.8478915226422405	-0.277044769499253	0.013680076033732388
chr7_mat	16000000	16200000	0.012219207438420953	-0.4174358749156027	-0.28035105675385036	-0.3600771082658493
chr7_mat	16200000	16400000	0.011575017402441677	-0.2860163792275606	-0.24093227463976993	-0.10612729197312927
chr7_mat	16400000	16600000	0.014545607789241287	0.19390022106557492	-0.13277767933983806	-0.45208365229889935
chr7_mat	16600000	16800000	0.015556570795989573	0.019196299117816982	-0.031481734888652434	-0.5051531084849584
chr7_mat	16800000	17000000	0.01204778864244112	-0.7208333430116958	-0.3442659526287533	-0.026305491046735126
chr7_mat	17000000	17200000	0.011201941368102134	-0.6553669164804033	-0.2999533359832573	-0.12464505376005833
chr7_mat	17200000	17400000	0.010971759700491086	-0.5116167711822257	-0.24106201626714843	-0.19231870028257245
chr7_mat	17400000	17600000	0.014735773643631314	0.4549809569164409	-0.10249925901064118	-0.5687070161488548
chr7_mat	17600000	17800000	0.014286178695369552	-0.5132406383496542	-0.09810892283172118	-0.5569003542942259
chr7_mat	17800000	18000000	0.0171783774082576	0.39512896293655253	-0.04380082398171798	-0.4427153751004617
chr7_mat	18000000	18200000	0.01654732008470779	0.06415674809600291	-0.18021183054209663	-0.3190089794865464
chr7_mat	18200000	18400000	0.011129513524574192	-0.7712342718252172	-0.275321636496158	0.03513482523549295
chr7_mat	18400000	18600000	0.014573017231687246	-0.16617245082647678	-0.2046397221638989	-0.6227002028164289
chr7_mat	18600000	18800000	0.03949809756329122	0.6134354773991382	-0.14668075010324036	-0.19242244451554155
chr7_mat	18800000	19000000	0.01742017852191622	1.015908383420499	-0.3354286922600804	0.12515102263519917
chr7_mat	19000000	19200000	0.012284971740457054	0.5462105275613341	-0.34418584179502176	-0.30991670483242517
chr7_mat	19200000	19400000	0.011303791752897328	0.23693572408903038	-0.11938905607280605	-0.35609618032346146
chr7_mat	19400000	19600000	0.013384489474077473	0.04748289568146927	-0.21023604148515582	-0.48667791986461856
chr7_mat	19600000	19800000	0.013143768545994822	-0.17341216207213955	-0.19118595921333628	-0.6130381295594902
chr7_mat	19800000	20000000	0.014426183115260447	0.27472072179007356	-0.2851119138762814	-0.3118972885394404
chr7_mat	20000000	20200000	0.012363961121891958	-0.34099553695450346	-0.3947635556735636	-0.1237757383190006
chr7_mat	20200000	20400000	0.010642659743686757	-0.8821677812677604	-0.3147899757104589	0.01712760197833857
chr7_mat	20400000	20600000	0.014958671809691636	0.006997103511703777	0.04808822766012847	-0.5243695562806363
chr7_mat	20600000	20800000	0.017296944774305625	0.5548065826415645	0.0036394744461952042	-0.49128590786630294
chr7_mat	20800000	21000000	0.014878552096740213	0.6494028155514843	-0.06486871981422958	-0.16255182863466194
chr7_mat	21000000	21200000	0.01648270180554359	0.7135974944662038	-0.18396883032642425	-0.12495231070904371
chr7_mat	21200000	21400000	0.019026286131152068	0.31762384865530036	0.13878721773441918	-0.32274742298965114
chr7_mat	21400000	21600000	0.013875475394758583	-0.7965387043723	-0.38794957568069033	-0.06802487761646217
chr7_mat	21600000	21800000	0.01702987286029329	0.09759443441265507	-0.0456245984207348	-0.4569013521752105
chr7_mat	21800000	22000000	0.01791526865237051	-0.6270261918331903	-0.1464171095257674	-0.2091566341117661
chr7_mat	22000000	22200000	0.014152469563061012	-0.6596780625936166	-0.16396114790918725	-0.04730270252149537
chr7_mat	22200000	22400000	0.012404377301870585	-0.8643330994290462	-0.44251940923829564	0.4310898590631627
chr7_mat	22400000	22600000	0.015404352118001978	-0.4319324674703269	-0.13965577724326103	-0.3246373712742579
chr7_mat	22600000	22800000	0.01121111147430148	-0.8683777039253189	-0.5016358052181205	0.37552585395224936
chr7_mat	22800000	23000000	0.018480524070747392	-0.38323403205354134	-0.18092006598556243	-0.2504658306702045
chr7_mat	23000000	23200000	0.016499425993100694	-0.3779174422911499	-0.22891052068111584	-0.44675644352722316
chr7_mat	23200000	23400000	0.019209484283544777	0.15829295362737006	-0.022514232143892993	-0.3277877898822973
chr7_mat	23400000	23600000	0.01699282619623556	0.38218111467679133	0.19551236310493317	-0.3812678247006913
chr7_mat	23600000	23800000	0.013687101284392518	0.26847448725312123	-0.039389580909900294	-0.3445354859832625
chr7_mat	23800000	24000000	0.009043969691402164	-0.8387065901041318	-0.428331774462149	0.12848022009887305
chr7_mat	24000000	24200000	0.012210813607585658	-0.2658336128755611	0.009082820951653402	-0.33924551028483707
chr7_mat	24200000	24400000	0.01119857243779946	-0.27466917380352046	-0.18749918151738504	-0.40329270869891654
chr7_mat	24400000	24600000	0.012624434640201505	0.5139153916643079	-0.13526033514599925	-0.27345933457951516
chr7_mat	24600000	24800000	0.014221529135403364	0.5962042283478756	-0.04037549643884491	-0.08219486165604084
chr7_mat	24800000	25000000	0.013523477204430735	0.9584116281861013	-0.06391455920377746	0.1602173668452622
chr7_mat	25000000	25200000	0.014092655111650587	1.0322505460522995	-0.2521517905656901	0.1629703158862858
chr7_mat	25200000	25400000	0.015246173822733189	1.0447471740733854	-0.039435316139265965	0.2740939908274077
chr7_mat	25400000	25600000	0.014993298745972172	0.8020681817197813	0.011381340702736205	-0.09239715151693513
chr7_mat	25600000	25800000	0.014835042552356086	-0.11590165270625415	0.5189083985871539	-0.3431547949784566
chr7_mat	25800000	26000000	0.015563437785768113	0.1390379728773898	0.15198703153295903	-0.569199801380123
chr7_mat	26000000	26200000	0.01079079796858632	-0.908120990275269	-0.20385455175056558	0.033870703261850856
chr7_mat	26200000	26400000	0.011565511692945956	-0.7536602090432684	-0.06685739711695037	-0.05679418475837824
chr7_mat	26400000	26600000	0.009393136339845617	-0.8445912393962516	-0.351429620007748	-0.0196627357331774
chr7_mat	26600000	26800000	0.014179250862329832	0.7604098224472483	-0.06647152892691217	-0.2395189821110602
chr7_mat	26800000	27000000	0.014060278195560839	0.8145737986381527	-0.06191520480036562	0.11270910619095105
chr7_mat	27000000	27200000	0.01350880920150643	0.9669771587893458	-0.08839633101768692	0.10891843079796276
chr7_mat	27200000	27400000	0.011435941167934732	0.6351688703946331	-0.29891080564795336	-0.1285915491174037
chr7_mat	27400000	27600000	0.011371199202511995	0.3012160859598392	-0.24483704827091593	-0.23915480077227
chr7_mat	27600000	27800000	0.01271636943237072	0.34458728947405237	-0.09797624689669644	-0.1984731813093727
chr7_mat	27800000	28000000	0.012344301046487632	0.8586513776763215	-0.2882022370475634	0.017786862382928554
chr7_mat	28000000	28200000	0.015245848906764312	1.0518445427297791	-0.10853876832436178	0.1623806123038054
chr7_mat	28200000	28400000	0.012468371176523968	1.0276442560460168	-0.3425909489611777	0.16545390069460908
chr7_mat	28400000	28600000	0.011964108078763209	0.00732663875099299	0.15575861227326662	-0.3151762197856772
chr7_mat	28600000	28800000	0.011664513716631703	-0.6031986045429901	-0.02676342760797464	-0.42721064826073823
chr7_mat	28800000	29000000	0.011343962130051094	-0.4661317785329843	0.18893216595794332	-0.3133164234858445
chr7_mat	29000000	29200000	0.014556207991149912	0.7722639195208872	0.384546696201559	0.02528234844747354
chr7_mat	29200000	29400000	0.012709436862623656	-0.07270415556339047	0.1845998515188355	-0.057911003794312306
chr7_mat	29400000	29600000	0.011582370714567539	-0.5901583246472603	0.0682481974870647	-0.17341557911414762
chr7_mat	29600000	29800000	0.015598949128456174	0.7176692044179949	0.2942727333147894	-0.13646568616272775
chr7_mat	29800000	30000000	0.014532259056130424	0.8891194560300828	0.1900769834001016	0.11753187975374718
chr7_mat	30000000	30200000	0.015829495089879263	0.8180765753438575	0.16007955831706552	0.032139386146404436
chr7_mat	30200000	30400000	0.014809783396102259	0.3574301763924876	0.35529640101095944	-0.21833771450579514
chr7_mat	30400000	30600000	0.010762773518770415	-0.6726838288870671	0.2770504274920137	-0.2578872976194648
chr7_mat	30600000	30800000	0.014873895555709471	0.09352310219493133	0.34775796217296967	-0.4733702561329626
chr7_mat	30800000	31000000	0.01356272827540965	0.8543982760650569	0.1164986921050137	-0.012819412468329098
chr7_mat	31000000	31200000	0.01105017175686224	-0.18127674380932593	0.2397330951763588	-0.5216855074622418
chr7_mat	31200000	31400000	0.010899726943032753	0.9092038805702709	-0.17943696821914804	0.04198327630959451
chr7_mat	31400000	31600000	0.011715668939689868	1.0380726641824563	-0.12965006442646596	0.27157695470055954
chr7_mat	31600000	31800000	0.011497049529723094	1.0092284241005542	-0.25642984766968674	0.16277203614874108
chr7_mat	31800000	32000000	0.011784303237557395	0.817889946424899	-0.32623436858055077	-0.0872372990028915
chr7_mat	32000000	32200000	0.01106829718902613	-0.3542581127396369	-0.03595664206915322	-0.6299803809127514
chr7_mat	32200000	32400000	0.012914878696599293	0.8818965071273704	-0.07729807997772624	-0.04569453732558475
chr7_mat	32400000	32600000	0.013134812355921536	0.7980313655166587	-0.22850188576712194	-0.14210075304859499
chr7_mat	32600000	32800000	0.01166120938380451	-0.2295258511618735	-0.13130225087915262	-0.7079349469760576
chr7_mat	32800000	33000000	0.011541184412000837	-0.2922077950200741	-0.1435916774625043	-0.5040406852084767
chr7_mat	33000000	33200000	0.009266581006421666	-0.9365194300613453	-0.3537154500006703	-0.03610199153115399
chr7_mat	33200000	33400000	0.011620854042749753	0.10300421786248516	-0.11235041664959289	-0.542126472596118
chr7_mat	33400000	33600000	0.012924843410839796	0.8164078410261139	-0.18919854805341282	-0.11926131594721878
chr7_mat	33600000	33800000	0.01407741026734609	0.649719631748735	-0.09789604532454	-0.44390082348956883
chr7_mat	33800000	34000000	0.010634857160880707	-0.3360068997239545	0.1004382344698137	-0.5731333088915059
chr7_mat	34000000	34200000	0.012223958548983352	0.8720503332309084	-0.208835252727368	-0.17431541151648652
chr7_mat	34200000	34400000	0.012872285152994507	1.0413573876103903	-0.014955325586142864	0.0619074651029344
chr7_mat	34400000	34600000	0.011196467159298739	1.1386523272173883	-0.428188961208263	0.3148938813562927
chr7_mat	34600000	34800000	0.012607843869467249	1.0291911040830564	-0.21497856646854482	0.19664867766719651
chr7_mat	34800000	35000000	0.011921952643335601	1.017493800163884	-0.11953822764784992	0.08756540573172322
chr7_mat	35000000	35200000	0.012436787896534782	0.9553654011344743	-0.2438492549066126	-0.08327547907220105
chr7_mat	35200000	35400000	0.01284928646854407	0.8088308396117979	-0.3503464427776958	-0.1501843375356889
chr7_mat	35400000	35600000	0.015276395498601573	0.8590847755395102	-0.32836900037186834	-0.13641333404979794
chr7_mat	35600000	35800000	0.013992227846723354	0.23893709296872223	0.221285514487807	-0.45858022087348793
chr7_mat	35800000	36000000	0.012434381814753807	-0.9169437552811318	-0.23329447240692544	-0.055787808749232136
chr7_mat	36000000	36200000	0.01208331456921979	-0.7363252847651721	-0.29701991170502495	0.030186561277638316
chr7_mat	36200000	36400000	0.014530856976845937	0.657867324627088	-0.07853641546154118	-0.36210498008036185
chr7_mat	36400000	36600000	0.01230660223912567	1.0767704096501458	-0.09062394051782272	0.01604167174198307
chr7_mat	36600000	36800000	0.012759848819602817	1.141434318294864	-0.2810343510824422	0.08133992886965603
chr7_mat	36800000	37000000	0.011556136753065745	0.9886382671464553	0.023042552598683274	-0.06702670286550644
chr7_mat	37000000	37200000	0.011638945755174978	0.03363308564547292	0.21164261775873477	-0.5265892222486492
chr7_mat	37200000	37400000	0.009406168093260732	-1.0549963667725495	-0.11505364117086356	0.06162628196969035
chr7_mat	37400000	37600000	0.01060430882221057	-0.16246909196591372	0.05738964356208511	-0.47762382014439186
chr7_mat	37600000	37800000	0.010638271102544236	-0.06981958922466977	0.28385275941003973	-0.3113857278928103
chr7_mat	37800000	38000000	0.009841304936250395	-0.27296709956209614	0.28725065079831963	-0.5713952945453942
chr7_mat	38000000	38200000	0.008963678725181357	-0.920934735523735	0.07014480030377283	-0.06818103242056896
chr7_mat	38200000	38400000	0.009309355997497722	-0.42971369272282894	0.5970504267882587	-0.4239374152876113
chr7_mat	38400000	38600000	0.012954102033157253	0.5343819851259275	0.7403107164353818	-0.38504088113734514
chr7_mat	38600000	38800000	0.013380877323388243	-0.768582848160914	0.35430924995835655	-0.07567399336285252
chr7_mat	38800000	39000000	0.013336657353324156	-0.7581961158030193	0.6494382228004547	-0.09511839985807923
chr7_mat	39000000	39200000	0.02137025020186227	-0.13809664670140948	0.2390099006151102	-0.7773846964631089
chr7_mat	39200000	39400000				
chr7_mat	39400000	39422672				
chr8_mat	0	200000	0.037376431100664534	-0.41849292453677017	-0.4696369329032931	0.10646653216834559
chr8_mat	200000	400000	0.019173825224656167	-0.1429986067058098	-0.6815215333452946	0.0016965638156805568
chr8_mat	400000	600000	0.01583023678692483	0.6679152340817902	-0.3879627605243785	0.5594086835151573
chr8_mat	600000	800000	0.011596305634120938	-0.3520188045855022	-0.43804316870440146	0.43937476989196655
chr8_mat	800000	1000000	0.009989089736415603	-0.6026377665934743	-0.24246904626564092	0.15675166022967738
chr8_mat	1000000	1200000	0.009018179541846126	-0.918969401553038	0.06703188031932047	-0.04315235818109714
chr8_mat	1200000	1400000	0.010251722501384829	-0.22971064149908937	-0.2967681027937904	0.4343619428867843
chr8_mat	1400000	1600000	0.009876887099751772	-0.2224133292608195	-0.6062791747605533	0.22390242183559042
chr8_mat	1600000	1800000	0.009923086170129665	-0.30031487654105177	-0.3052017429642453	0.13110073223139873
chr8_mat	1800000	2000000	0.012003862324578377	0.5549598774565013	-0.6308169167943488	0.14017575666789195
chr8_mat	2000000	2200000	0.013098571688464573	0.18997375341153974	-0.6291280541533399	-0.0015624483958135923
chr8_mat	2200000	2400000	0.011471450674990943	-0.18323702657537805	-0.7957667528203978	-0.16807115026662375
chr8_mat	2400000	2600000	0.013107198389822093	-0.07227571398497654	-0.5169400154839695	-0.09550539803587015
chr8_mat	2600000	2800000	0.01392786830315975	-0.8718633477408287	0.00681027798108001	-0.3219716555053842
chr8_mat	2800000	3000000	0.015230959465812289	-0.029642583095843524	-0.2170578549541165	-0.20198152549120446
chr8_mat	3000000	3200000	0.01564573905385025	0.8397281811457321	-0.2564496233734021	-0.08208839517191006
chr8_mat	3200000	3400000	0.012201550950990585	-0.11430983167572464	-0.7156815182987932	-0.11050357062483762
chr8_mat	3400000	3600000	0.011765728011587403	-0.24969435821606728	-0.738520871270144	-0.28842613564196046
chr8_mat	3600000	3800000	0.013621392032100386	0.8907758414242993	-0.29046398797397543	-0.1270589790420449
chr8_mat	3800000	4000000	0.015110493855896672	1.1187838318560874	0.0920839300684821	-0.0040010717308280805
chr8_mat	4000000	4200000	0.01456230307130247	1.07136081507908	0.15033339621947459	0.28182061233532735
chr8_mat	4200000	4400000	0.015848361933906156	0.8696260272971553	-0.046500197489134205	0.35627849132526423
chr8_mat	4400000	4600000	0.015383212008474683	0.8663398553062691	-0.11904008451746638	0.2576363128730168
chr8_mat	4600000	4800000	0.012579084862686345	-0.46570723521929613	-0.7145459823026374	0.5705633528028452
chr8_mat	4800000	5000000	0.009412215843865748	-1.0489794793691327	0.13520182405502867	0.019875269183804563
chr8_mat	5000000	5200000	0.014469412155471035	0.8127366455648181	-0.32581011029239565	0.08230236465724582
chr8_mat	5200000	5400000	0.013558822006784208	0.833296536733421	-0.31199797549616115	0.12691946683451302
chr8_mat	5400000	5600000	0.009463849619131898	-0.5810757760245977	-0.6020816948093342	-0.16806000406366753
chr8_mat	5600000	5800000	0.009747141726824336	-0.5892718666593643	-0.37740824042512183	-0.3990945631861704
chr8_mat	5800000	6000000	0.008832576079847885	-0.7699295099866763	-0.17769840868821665	-0.27237544285991977
chr8_mat	6000000	6200000	0.009646694637260448	-0.7782677039982077	-0.2123150041996832	-0.23809660389521037
chr8_mat	6200000	6400000	0.01140328689404344	-0.5242246407625878	-0.5179848074886856	-0.09937778918382295
chr8_mat	6400000	6600000	0.016241532419925236	0.965224670832994	-0.19089813869301275	-0.07102099494117739
chr8_mat	6600000	6800000	0.01428572086761527	1.1429556406355192	0.10842468425448973	-0.22498080326403921
chr8_mat	6800000	7000000	0.015046992877965036	1.1839138948085666	0.19273315011930897	-0.13083552368233367
chr8_mat	7000000	7200000	0.013236565375903358	0.43565328838460177	-0.38464704473765143	0.02324690666630181
chr8_mat	7200000	7400000	0.01350550041857131	0.8473737515944055	-0.15400804071067556	0.2047576725856349
chr8_mat	7400000	7600000	0.015181380193851922	0.7375225183416939	-0.2726975657019011	0.1980256556155163
chr8_mat	7600000	7800000	0.012465046647908175	0.284642412755056	-0.5232015186513042	0.14488517065981618
chr8_mat	7800000	8000000	0.014629280567917647	0.7981856952612859	-0.277311464916774	0.24299040105384248
chr8_mat	8000000	8200000	0.015121152283202863	0.6308458956283358	-0.2168012455719598	0.45971043561786473
chr8_mat	8200000	8400000	0.009889146039097206	-0.8010361301783587	0.2424724515157819	-0.006619386834597735
chr8_mat	8400000	8600000	0.012348375289600295	-0.26626652252230176	-0.4354960513337959	0.5099407247210924
chr8_mat	8600000	8800000	0.011220469851253965	-0.3970428828687238	-0.39246934008036677	0.48746972961629065
chr8_mat	8800000	9000000	0.011634358859653611	-0.7435387204893358	0.14371385439751022	0.3031807358239208
chr8_mat	9000000	9200000	0.010786443607863861	-0.7945325046669081	0.7921539630135234	-0.14068132497625188
chr8_mat	9200000	9400000	0.009193237377293493	-0.7540930894106344	0.7523941728420669	0.00951651887264091
chr8_mat	9400000	9600000	0.011264965924076468	-0.7650829787686286	0.552661871789466	0.15308852915578022
chr8_mat	9600000	9800000	0.010611463305335436	-0.8119276064578178	0.5374993843165076	0.016725785621279004
chr8_mat	9800000	10000000	0.013997506195357584	-0.5103275071900637	-0.0012584055686995397	0.5198735408120074
chr8_mat	10000000	10200000	0.01247032187775806	-0.8760826044761928	0.6434973836175623	-0.10938281113526568
chr8_mat	10200000	10400000	0.014420328745551892	-0.543600992637823	0.17792690082770313	0.4813015899391235
chr8_mat	10400000	10600000	0.012568283319626122	-0.4975107147592341	-0.17332516198605885	0.2913015396918867
chr8_mat	10600000	10800000	0.016599055705189075	0.8824404158328985	-0.13057390496705076	0.22699542138907455
chr8_mat	10800000	11000000	0.010899526475762075	-0.4304681978426154	-0.06776686100835663	0.03699202994837894
chr8_mat	11000000	11200000	0.01232942577552376	-0.1414708304632113	-0.5094087346040498	0.15186165747901031
chr8_mat	11200000	11400000	0.01477453189162481	1.0053901354973678	-0.06375858718378545	-0.022370348758722118
chr8_mat	11400000	11600000	0.012211692739715665	0.13597984770128596	-0.6793611645811443	-0.23154203051436348
chr8_mat	11600000	11800000	0.009803107610090456	-0.7485020445452044	-0.25443131552150056	-0.4390417576505068
chr8_mat	11800000	12000000	0.011366208531409865	-0.241713921583023	-0.3169940111004338	-0.23152414379015981
chr8_mat	12000000	12200000	0.01757118225206782	0.9022736891975744	-0.12498233489490547	0.00855240691419153
chr8_mat	12200000	12400000	0.015563182707958291	1.1032709707444208	0.20340870387781848	-0.08424913678081265
chr8_mat	12400000	12600000	0.01401025922659028	1.0836769826984225	0.2865819682977422	-0.23953204735489508
chr8_mat	12600000	12800000	0.01688272511516747	1.0870975467207946	0.2061297662913882	-0.1639056426446814
chr8_mat	12800000	13000000	0.019310006706388955	1.0327084603756171	0.15264738606896613	-0.03295561370125163
chr8_mat	13000000	13200000	0.017761832343676218	0.9602517117671386	0.15664208933898577	-0.1185048112448583
chr8_mat	13200000	13400000	0.017382759451154473	0.5950852358257062	-0.2805582975944117	-0.2279096319430575
chr8_mat	13400000	13600000	0.017465947979759984	0.9592428209087536	0.05577528652891297	-0.18820977813683012
chr8_mat	13600000	13800000	0.016629002125752836	0.8402625710412688	-0.07224525568198613	-0.3331022938441516
chr8_mat	13800000	14000000	0.010206873421123232	-0.65936850239557	-0.05650041893398335	-0.5553869936193102
chr8_mat	14000000	14200000	0.01052339882799419	-0.34468800711214076	-0.5138436932885758	-0.37468807823446365
chr8_mat	14200000	14400000	0.00943321609871934	-0.607300474673898	-0.25350066363516016	-0.43073245975443597
chr8_mat	14400000	14600000	0.013676574365040984	0.3364560819170921	-0.3910783886411275	-0.3349048560620688
chr8_mat	14600000	14800000	0.012731694913656439	-0.5634310041852941	-0.3982074627475497	-0.5828641073584303
chr8_mat	14800000	15000000	0.022068842360118045	0.09647574897305698	-0.4945266126330455	-0.34740525092401064
chr8_mat	15000000	15200000	0.02005769799498103	0.8655450714231617	0.01848229907781835	-0.28832731491890284
chr8_mat	15200000	15400000	0.017426555484568815	0.5819490965149776	-0.33650945074178823	-0.4143617654910017
chr8_mat	15400000	15600000	0.010533352665557915	-0.7052097717750879	-0.4259344295945636	-0.4504040283613314
chr8_mat	15600000	15800000	0.010612336300923918	-0.5219926727837134	-0.06857739604268365	-0.4294982054265415
chr8_mat	15800000	16000000	0.01713899249660803	0.6270109552700069	-0.336785335182611	0.05548808457347041
chr8_mat	16000000	16200000	0.011749430473605188	-0.4143551093235671	-0.3532325820977757	-0.48639201917668706
chr8_mat	16200000	16400000	0.014157121422303255	0.34766189484758386	-0.38673196693878614	-0.3162379473325664
chr8_mat	16400000	16600000	0.011150282635874092	-0.5068776061908771	-0.3886264931815168	-0.4014325607611296
chr8_mat	16600000	16800000	0.010633886636574713	-0.683935711665276	-0.18466932493303984	-0.5071015125732035
chr8_mat	16800000	17000000	0.011555193572720552	-0.29580987586236035	-0.38493517544790745	-0.42135558117182814
chr8_mat	17000000	17200000	0.013518503748636782	-0.005523336555314078	-0.46062487228922544	-0.5090729450593964
chr8_mat	17200000	17400000	0.014822855051404689	-0.15983193309342358	-0.6317994916909913	-0.3931683241412704
chr8_mat	17400000	17600000	0.019032586812515503	0.7970243222157153	-0.2322329104551388	-0.11279820131652843
chr8_mat	17600000	17800000	0.013463871112727586	-0.2223467111487564	-0.3896577341017475	-0.02356086220171372
chr8_mat	17800000	18000000	0.017069799519792088	0.9924798190157301	-0.10696111306298312	-0.09765240756607632
chr8_mat	18000000	18200000	0.01633590681900349	1.189022242797657	0.1882529901457242	-0.07916044572956452
chr8_mat	18200000	18400000	0.016933802418514082	0.9105438283940804	-0.12580077878823048	0.07156535656342193
chr8_mat	18400000	18600000	0.016022301217412212	-0.000786408337202281	-0.47247252787920446	-0.026329653298329467
chr8_mat	18600000	18800000	0.009735392515407934	-0.6810802619384388	-0.13626855544675584	-0.34390899788326873
chr8_mat	18800000	19000000	0.010774855953340242	-0.6806608085300507	-0.14238701307400706	-0.5117760313711556
chr8_mat	19000000	19200000	0.013368024056700418	-0.06190674012822331	-0.5030551182734202	-0.2311594380353715
chr8_mat	19200000	19400000	0.013993455963003389	0.7725112257860351	-0.219319798947426	-0.12145142281649868
chr8_mat	19400000	19600000	0.014692991743522003	0.936622421407198	0.0300758562884678	-0.23767638640582445
chr8_mat	19600000	19800000	0.012832273849989128	0.4100476347715485	-0.32223944698884	-0.1339901419694049
chr8_mat	19800000	20000000	0.016557810629773805	1.0534973391360825	0.20239443598926446	-0.14274310835291598
chr8_mat	20000000	20200000	0.01443461528221582	1.1087663060301067	0.2598110938799145	-0.08153115914695176
chr8_mat	20200000	20400000	0.014936678353965293	1.036742432411262	0.2211614864657677	-0.001964497989000474
chr8_mat	20400000	20600000	0.01861161429582324	0.9964504419682657	-0.01383484508447359	0.0416204206234407
chr8_mat	20600000	20800000	0.014242808615650039	0.5740315288594537	-0.30580693231184225	0.22927092901489907
chr8_mat	20800000	21000000	0.009292495112307463	-0.9954098748137865	-0.021605040917862424	-0.22910503107464555
chr8_mat	21000000	21200000	0.009594791641771242	-0.6182311524995624	-0.5188387739897451	-0.25785715412915855
chr8_mat	21200000	21400000	0.0155295547182392	0.5380458193489907	-0.5079080327033689	0.12402537974054281
chr8_mat	21400000	21600000	0.016360499687314248	0.7783251470390983	-0.0695064567814126	0.0060657897896691255
chr8_mat	21600000	21800000	0.014308746487420962	0.6500687964003754	-0.031484967882009024	-0.0966909272439321
chr8_mat	21800000	22000000	0.013318314324574088	0.3425279474006234	-0.3946619189756153	0.13886395935162144
chr8_mat	22000000	22200000	0.015127660500983558	0.659651807924552	-0.19040929762818398	0.06839959824967104
chr8_mat	22200000	22400000	0.011884710529679472	0.029300453694620334	-0.6382697404409937	-0.02949688582463711
chr8_mat	22400000	22600000	0.01446410275566518	0.8877987294714954	-0.032577273110917786	0.010710605840542543
chr8_mat	22600000	22800000	0.015859024927573392	1.0434391031854713	0.12651361884897266	-0.01359787862160468
chr8_mat	22800000	23000000	0.016497062502502467	0.768606254162301	-0.09049327400096512	-0.0536454866328477
chr8_mat	23000000	23200000	0.011722660254451045	-0.2989111065745148	-0.18493862993320484	0.11868645837799201
chr8_mat	23200000	23400000	0.008714741373612318	-1.045068885170383	0.5548715966565988	-0.32801244668584234
chr8_mat	23400000	23600000	0.010376468373615937	-0.6096166709168087	-0.1834480200148223	0.26697321012717207
chr8_mat	23600000	23800000	0.010755346732992693	-0.42372231069416066	-0.3324222262523933	0.3177487726943493
chr8_mat	23800000	24000000	0.012292221829025559	-0.03827879689261117	-0.43401843752295804	0.3010901162324173
chr8_mat	24000000	24200000	0.010388076837154914	-0.4834630060776093	-0.6991100684264238	0.296385516379721
chr8_mat	24200000	24400000	0.014148997997763486	0.8019473295864353	-0.35191283171484306	0.49651699495726465
chr8_mat	24400000	24600000	0.01107830360692924	-0.19479025725463017	-0.5738071602018084	0.441222856902463
chr8_mat	24600000	24800000	0.01518748197275637	0.6507640829176168	-0.16670515032265407	0.4667008143532858
chr8_mat	24800000	25000000	0.01625252566027228	0.895603225576476	0.1320889619117273	0.302215489365041
chr8_mat	25000000	25200000	0.016498630983887333	0.8949211792072478	0.18372311524557275	0.09123941369572382
chr8_mat	25200000	25400000	0.01757331398713007	0.9920459615257431	0.3051549893742648	-0.012782614142729642
chr8_mat	25400000	25600000	0.02027491491016027	0.9766398301358551	0.2708625817408236	-0.0700493495557011
chr8_mat	25600000	25800000	0.026391689601481506	0.9070804895984609	0.3071008111089962	-0.04376001793795844
chr8_mat	25800000	26000000	0.03402602772202719	1.0101963146155875	0.22110386196762064	0.2089277428580768
chr8_mat	26000000	26200000	0.03718497233982703	1.0765261386296279	0.20427692927207167	-0.11907783678822761
chr8_mat	26200000	26400000	0.04203008183345647	0.566049619285438	-0.23840021811807596	0.1208208551776636
chr8_mat	26400000	26600000				
chr8_mat	26600000	26800000				
chr8_mat	26800000	27000000				
chr8_mat	27000000	27200000				
chr8_mat	27200000	27400000				
chr8_mat	27400000	27600000				
chr8_mat	27600000	27800000				
chr8_mat	27800000	28000000	0.024588719247480156	-0.7012636527177595	0.04883365164138286	0.3255139290529007
chr8_mat	28000000	28200000	0.01744698111707241	-0.39797556043660254	-0.136316529507097	0.60711544065266
chr8_mat	28200000	28400000	0.015871102351596618	-0.5305154325107911	-0.20499931079834247	0.5784077969051403
chr8_mat	28400000	28600000	0.015129712797520376	-0.3910518864076888	-0.11939552253458086	0.44752164356476914
chr8_mat	28600000	28800000	0.013728531764373978	-0.3827919377291915	-0.1135947823619155	0.3585968186979163
chr8_mat	28800000	29000000	0.013785279038317888	-0.37464492376833347	0.09102217671381925	0.20292733604026714
chr8_mat	29000000	29200000	0.011309197399871228	-0.7266798558537689	0.07747423685358791	0.13067689666776625
chr8_mat	29200000	29400000	0.022145387504113306	-0.16913068462067846	-0.2819163371608443	0.7693712003710971
chr8_mat	29400000	29600000				
chr8_mat	29600000	29800000	0.022433364869095303	-0.7107239079530784	0.47972046039416893	0.4118312519301824
chr8_mat	29800000	30000000	0.017275069482890867	-0.34315159419336805	0.1376444446225467	0.6847507346662092
chr8_mat	30000000	30200000	0.012629091270249219	-0.6363901345032439	0.17423769908708864	0.3561738884909161
chr8_mat	30200000	30400000	0.01740841781824514	0.06962420963607026	-0.13017882071139247	1.0122773675802552
chr8_mat	30400000	30600000	0.013891168251035294	-0.7997144700590986	0.2086868706376921	0.4538825106001947
chr8_mat	30600000	30800000	0.011826558308871925	-0.8323181434843372	0.3479190557322866	0.2074592471282193
chr8_mat	30800000	31000000	0.01437961705552218	-0.4182478853143671	0.052217136470814426	0.579886619523354
chr8_mat	31000000	31200000	0.0565986897815644	-0.38015736762099445	-0.34122515426507616	1.12282869780604
chr8_mat	31200000	31400000				
chr8_mat	31400000	31600000				
chr8_mat	31600000	31800000				
chr8_mat	31800000	32000000				
chr8_mat	32000000	32200000				
chr8_mat	32200000	32400000				
chr8_mat	32400000	32600000				
chr8_mat	32600000	32653297				
chr9_mat	0	200000				
chr9_mat	200000	400000				
chr9_mat	400000	600000				
chr9_mat	600000	800000				
chr9_mat	800000	1000000	0.04888945491307256	1.2692086898139878	-0.33823744254187166	-0.05536366665583605
chr9_mat	1000000	1200000	0.02741367165364548	0.11723599004129323	0.30259148020733334	-0.15331874365786186
chr9_mat	1200000	1400000	0.021384976570567087	0.6463462663902776	0.4221834636543608	0.1083480510066407
chr9_mat	1400000	1600000	0.014199864074504754	-0.37098489519383576	0.35643859166448305	-0.01084928448276077
chr9_mat	1600000	1800000	0.014456587585086066	-0.5123344413995504	0.3203351323851439	0.0803122128935965
chr9_mat	1800000	2000000	0.012927051640226062	-0.5364451227942368	0.19930768039307495	0.038330748756205714
chr9_mat	2000000	2200000	0.017045980888017544	0.8791538903358009	0.2541580997443663	0.3244083416963467
chr9_mat	2200000	2400000	0.01933479896363907	1.0104132188317576	0.15285656128124986	0.5913332277846893
chr9_mat	2400000	2600000	0.018510000934206385	0.5721400753618745	0.6237511856428857	0.3797992355517412
chr9_mat	2600000	2800000	0.011893493990616098	-0.703364795354576	0.2148046355860041	0.14517341407194073
chr9_mat	2800000	3000000	0.016663929882553153	0.5306904800452414	0.5448570327796917	0.3549981984589482
chr9_mat	3000000	3200000	0.01425331389517392	-0.11857647408725107	0.2789063694624356	0.2712859834496493
chr9_mat	3200000	3400000				
chr9_mat	3400000	3600000				
chr9_mat	3600000	3800000	0.0167512413414351	1.0278295240982023	-0.12494844653288512	0.34140772991147245
chr9_mat	3800000	4000000	0.017917036966167622	1.2107004597693525	-0.17960370498837663	0.15800534328506555
chr9_mat	4000000	4200000	0.020621479325726493	0.639625759252969	0.7035688703458806	0.4651053820027418
chr9_mat	4200000	4400000	0.011956184135620673	-0.8291360082615579	-0.2900501763392437	-0.07109595391409027
chr9_mat	4400000	4600000	0.013168341168455396	-0.8318844737732942	-0.4504984095199266	0.00314242817279827
chr9_mat	4600000	4800000	0.01461460198978138	-0.7476140091705025	-0.38213189411367277	-0.02164739206100039
chr9_mat	4800000	5000000	0.016905964645588165	-0.5714796152533557	-0.010389697598405368	0.05615351856724062
chr9_mat	5000000	5200000	0.01693324894287493	-0.7704706473239485	-0.19261409752609948	0.06618305912853172
chr9_mat	5200000	5400000	0.016607308500978024	-0.40018004347253633	0.3925898485620292	0.008285079751822836
chr9_mat	5400000	5600000	0.00995201530275214	-0.6552223312416767	-0.05338091082944358	0.015204586179676441
chr9_mat	5600000	5800000	0.015340346208186062	0.38949968968080895	0.4599245512623381	-0.42815922550772206
chr9_mat	5800000	6000000	0.014926450387449415	0.6999121039427412	0.433619284719666	-0.49154176921240034
chr9_mat	6000000	6200000	0.015135542705878252	0.49463627355783696	0.6592185265453189	-0.47272667705328114
chr9_mat	6200000	6400000	0.012222669458301168	-0.4127390142803459	0.45410649704300515	-0.07470717598117081
chr9_mat	6400000	6600000	0.010909503064893218	-0.7067032615647665	0.00960468303431793	-0.1010731480358786
chr9_mat	6600000	6800000	0.010266033985672609	-0.7249384160835602	-0.29270269098337603	-0.12834436592791715
chr9_mat	6800000	7000000	0.011737058560729636	-0.6632644044197651	-0.09130939152186113	-0.11155819111675397
chr9_mat	7000000	7200000	0.012209482510327595	-0.5726466170953407	0.03191349775525443	-0.12813221787576798
chr9_mat	7200000	7400000	0.011190189975932218	-0.5817062423035968	0.23349473664634268	-0.09094388883592591
chr9_mat	7400000	7600000	0.015423528969920003	0.34394801151143206	0.36976802583057927	-0.32122999615164927
chr9_mat	7600000	7800000	0.012990873884470112	-0.12416059376390198	0.3408721238552601	-0.19752080383099027
chr9_mat	7800000	8000000	0.01421778262329255	1.1060361106156396	-0.11651469141126716	-0.7159050101486576
chr9_mat	8000000	8200000	0.014527567051550899	1.1783351704366225	-0.35424978086746217	-0.7030207356239012
chr9_mat	8200000	8400000	0.014348852110786578	1.1645497223139103	-0.47639226758433983	-0.872939816591552
chr9_mat	8400000	8600000	0.016294937730685834	1.0875320006733793	-0.08286918245027164	-0.9429273185321141
chr9_mat	8600000	8800000	0.01636469876109715	0.9448379447192481	0.01710525899730341	-0.5638996640737564
chr9_mat	8800000	9000000	0.013628838266116076	0.260016684244529	0.49409449351566836	-0.3851344433649511
chr9_mat	9000000	9200000	0.011934617075145143	0.2281697592403247	0.514680492795935	-0.40153785385955265
chr9_mat	9200000	9400000	0.012127234865884474	-0.06610301165626833	0.3913379090858992	-0.30100977019100533
chr9_mat	9400000	9600000	0.009831490309511694	-0.596073182912791	0.11448090860638772	-0.13458775560217537
chr9_mat	9600000	9800000	0.010615833115169074	-0.206824471787899	0.25511741890653344	-0.1916494027831935
chr9_mat	9800000	10000000	0.015142768058357835	0.9149614255557281	0.09341859204264494	-0.11924219300462746
chr9_mat	10000000	10200000	0.016080846994638943	0.7471115920178348	0.11894673648145197	-0.23723795700121847
chr9_mat	10200000	10400000	0.010950940153612162	-0.513476956917198	-0.051064668326445836	-0.03301634975550619
chr9_mat	10400000	10600000	0.009490288657662238	-0.6901734184326282	0.00169743022157042	0.027456653819414718
chr9_mat	10600000	10800000	0.014669044919016189	0.4995919847750042	0.2635326370236465	0.18787120740742588
chr9_mat	10800000	11000000	0.014806279727000026	0.9566623326181184	0.09549633478740725	0.05640110935681864
chr9_mat	11000000	11200000	0.013501499978523228	0.23642555048851635	0.1578084776931181	-0.19383681484775428
chr9_mat	11200000	11400000	0.01076465914512942	-0.6637127572222996	-0.04389644456187305	-0.0011172295992445157
chr9_mat	11400000	11600000	0.010257377301658977	-0.7456268616346103	-0.24057759219838717	-0.02330167864289668
chr9_mat	11600000	11800000	0.012116191701740494	-0.39134172301476994	0.18913057179928888	0.035813174111068956
chr9_mat	11800000	12000000	0.014612641220609122	0.4087329122175557	0.16412832292278925	0.23060710969421214
chr9_mat	12000000	12200000	0.012797911684266692	0.43259607500870195	0.3565254730219259	0.2271256353216373
chr9_mat	12200000	12400000	0.01366202700243237	0.9763856442644765	-0.22085541284921942	0.3133808811832217
chr9_mat	12400000	12600000	0.014209225466383956	1.0236249484002118	-0.2775890684953381	0.34634911438728505
chr9_mat	12600000	12800000	0.014225522078266063	0.8695535696083383	-0.17371531729292647	0.2922375114271591
chr9_mat	12800000	13000000	0.017586444346917945	1.034793575872204	-0.4313499637014861	0.46302710530273916
chr9_mat	13000000	13200000	0.023396033336768013	0.9259198543393973	0.03472138171932135	0.17933053564509108
chr9_mat	13200000	13400000	0.019229559886331474	1.1896986217494951	-0.4389689345251272	0.2016089962334204
chr9_mat	13400000	13600000	0.01841501504198028	0.9969267906521794	-0.008980912926792754	0.49311934413169944
chr9_mat	13600000	13800000	0.012459182633925632	-0.015072511029001742	0.5405429663252913	0.0007341232251150489
chr9_mat	13800000	14000000	0.01005169356716833	-0.7099028817984003	-0.0037268114770057864	0.11667263745072895
chr9_mat	14000000	14200000	0.011444825305395477	-0.6936027405182185	-0.06371875845491298	-0.05928143147154314
chr9_mat	14200000	14400000	0.014467845161979924	-0.6149891308346539	0.18842995330944282	0.07825079581334175
chr9_mat	14400000	14600000	0.014778281804068108	-0.3396692341303725	0.3701055069515857	0.12404724953224637
chr9_mat	14600000	14800000	0.014815202295509217	0.4454849950059751	0.5376861794388483	0.21826076740642486
chr9_mat	14800000	15000000	0.016758649581384007	1.0713335983543115	-0.1314203890743171	0.23241151993744655
chr9_mat	15000000	15200000	0.014540370604820921	0.7709759796724746	0.2640484554442736	0.13669070922034562
chr9_mat	15200000	15400000	0.028663164827603442	0.4594452343331127	0.6197911291824345	0.1673902960552075
chr9_mat	15400000	15600000				
chr9_mat	15600000	15800000	0.019081648495399405	0.6285799307879524	0.40277690876103883	-0.10102843075638655
chr9_mat	15800000	16000000	0.017384878354986307	0.1877672591288381	0.6033192588413985	-0.04538581780752022
chr9_mat	16000000	16200000	0.01577168040439346	-0.09541417816195692	0.6500253396491643	-0.22281804096837673
chr9_mat	16200000	16400000	0.012807824063623754	-0.6397055085114783	0.12351111646279118	-0.032688822242923486
chr9_mat	16400000	16600000	0.011523082826522268	-0.896266152703858	-0.721022583884338	-0.11213374390754763
chr9_mat	16600000	16800000	0.009668819922636407	-0.8054815684468093	-0.2557883898960709	-0.06944943952924597
chr9_mat	16800000	17000000	0.013069813690642203	-0.5256264316974533	0.3335020346058096	-0.11086608360619145
chr9_mat	17000000	17200000	0.011223191948777854	-0.6756272223608506	-0.04713790015521599	-0.07958469956696745
chr9_mat	17200000	17400000	0.012275465923925966	-0.42341798787364426	0.3135670191599031	-0.10091464495648446
chr9_mat	17400000	17600000	0.009051436176604297	-0.9284690709544617	-0.6463630202753253	-0.0550902590359469
chr9_mat	17600000	17800000	0.0181417126685646	-0.7737391033767346	-0.09926197984427411	-0.09680322386947816
chr9_mat	17800000	18000000	0.016100391373835236	-0.2011477636778045	0.5279084043636748	-0.29409081773344864
chr9_mat	18000000	18200000	0.010426486298089782	-0.5768909010758662	0.17310611473314297	-0.18673891935679085
chr9_mat	18200000	18400000	0.012665486600191601	-0.12297095467995842	0.5942213796736789	-0.21690279867970388
chr9_mat	18400000	18600000	0.014547834893560015	0.9370524729902046	0.13928988250156618	-0.3749109464874363
chr9_mat	18600000	18800000	0.016450785070470892	1.059730579461419	0.05165665890980169	-0.12852637802978983
chr9_mat	18800000	19000000	0.013592079934250153	0.6474606063589782	0.12329600039871608	-0.2211385077210245
chr9_mat	19000000	19200000	0.009190201026569755	-0.48383170409374565	0.1997683942897507	-0.1167908906838972
chr9_mat	19200000	19400000	0.011982934780640631	0.557321043196041	0.364834733763992	-0.3467239013518491
chr9_mat	19400000	19600000	0.007673863163114779	-0.856085550194425	-0.022694631636991557	-0.05480234847236784
chr9_mat	19600000	19800000	0.01339861609068795	0.6595974907294606	0.47393121704186075	-0.3565941173816697
chr9_mat	19800000	20000000	0.014049522818703685	0.02736785564056881	0.6317407480853582	-0.04836499424212221
chr9_mat	20000000	20200000	0.012101849878050621	-0.18571083088329168	0.5668667232678811	-0.06846954282607105
chr9_mat	20200000	20400000	0.013627782924192665	1.0719477849174097	-0.1668350677981117	-0.3218587014340563
chr9_mat	20400000	20600000	0.0134789605801385	1.107833397810507	-0.4276658186276069	-0.4852013673010749
chr9_mat	20600000	20800000	0.013492325937533316	1.0775192117006867	-0.30795460371291755	-0.5136439659982911
chr9_mat	20800000	21000000	0.014055260562345507	1.1389256389502669	-0.4458446229570281	-0.6417665745706851
chr9_mat	21000000	21200000	0.015198445426903167	1.0943567680219348	-0.23341097788832646	-0.5131107180885225
chr9_mat	21200000	21400000	0.013714593863904478	0.6384308133925658	0.1652380471530891	-0.22004725221750132
chr9_mat	21400000	21600000	0.0125267433410435	-0.11853212159840106	0.7253903547676476	-0.13770282879476983
chr9_mat	21600000	21800000	0.013217765744738442	-0.19649880588291302	0.7016442722178896	-0.05949729197351912
chr9_mat	21800000	22000000	0.008818315030802134	-0.943631880512191	-0.322180002453059	0.050812232036673614
chr9_mat	22000000	22200000	0.010447959479857478	-0.44412140993430843	0.40465743126449694	0.1682038252062299
chr9_mat	22200000	22400000	0.01351656042760351	0.03717148144730526	0.6148779512119209	0.24316873407296866
chr9_mat	22400000	22600000	0.016701862669929034	1.0380500652810922	0.013186038104874696	0.33245371925085804
chr9_mat	22600000	22800000	0.014536946496609275	0.9732321251423578	0.0939280143218915	0.5936479218647149
chr9_mat	22800000	23000000	0.011030619259362003	-0.4620565600752247	0.48875974610793355	0.1397970136682642
chr9_mat	23000000	23200000	0.011838177468801947	0.363140444895411	0.19100371768899035	0.26690497991785617
chr9_mat	23200000	23400000	0.012654267772241828	1.222978914256082	-0.4332771445583308	0.677683887156787
chr9_mat	23400000	23600000	0.013285982236504453	1.170722398239219	-0.26586498007787973	0.5944120002144319
chr9_mat	23600000	23800000	0.041398924878627404	1.149239283005028	-0.1859443808481656	0.7076854893104875
chr9_mat	23800000	24000000				
chr9_mat	24000000	24200000				
chr9_mat	24200000	24400000				
chr9_mat	24400000	24600000				
chr9_mat	24600000	24800000				
chr9_mat	24800000	25000000	0.021471211135767092	0.2266419659796649	0.9677501028701782	0.134581293895923
chr9_mat	25000000	25200000	0.010871103442370428	-0.6509006108415324	0.31201404979003566	0.1611948753810465
chr9_mat	25200000	25400000	0.01160573573570681	-0.4627231267555297	0.3526378556449112	-0.006383683269579054
chr9_mat	25400000	25600000	0.011906835469564298	-0.7573717635734315	-0.13719943331387066	0.007117210354759295
chr9_mat	25600000	25800000	0.014167664219988841	-0.839484134887487	-0.4328650726922188	-0.1224715047586527
chr9_mat	25800000	26000000	0.03415513227340845	-0.5784384014448718	0.015016798160825092	-0.11876123267158058
chr9_mat	26000000	26132161				
chr10_mat	0	200000				
chr10_mat	200000	400000				
chr10_mat	400000	600000				
chr10_mat	600000	800000	0.04125987331429911	-0.4619270843184813	-0.5546255398937336	0.0598676653304278
chr10_mat	800000	1000000	0.018133457852727353	-0.1755473056099359	-0.7879100331711868	0.1072397882671225
chr10_mat	1000000	1200000	0.015528296791345705	-0.1431214152318766	-0.7111829136131071	0.005207662368807924
chr10_mat	1200000	1400000	0.012640641484356988	-0.12007072735869022	-0.4273777676305935	0.13888500415034893
chr10_mat	1400000	1600000	0.014466066647676306	0.11714503526624818	-0.20790320071056778	0.1828234213402075
chr10_mat	1600000	1800000	0.019312151032890412	0.5774559734688569	0.23186978596871177	0.09137523047956227
chr10_mat	1800000	2000000	0.013556419082559612	-0.4860383892406853	0.4143193623479263	-0.12004835719426075
chr10_mat	2000000	2200000	0.01684110086812031	0.11583856563030706	0.39525267871638964	-0.09824231893206953
chr10_mat	2200000	2400000	0.010597919993498317	-0.6964634268967603	0.3690655201026903	-0.13846028315230652
chr10_mat	2400000	2600000	0.008568339725374373	-0.026172418402260606	0.5653058968061412	-0.02029247241605311
chr10_mat	2600000	2800000	0.009054604875959238	-0.08211301614049048	0.2973068787387859	-0.0846268799747566
chr10_mat	2800000	3000000	0.014202294551856684	-0.1637911939470153	-0.050052362238174226	0.06836372969512812
chr10_mat	3000000	3200000	0.017307466707757204	0.6744559871980418	-0.05147888257521999	0.25433274098955183
chr10_mat	3200000	3400000	0.010171129650996943	-0.8397419137300542	0.2584083167623371	-0.22472901560632216
chr10_mat	3400000	3600000	0.01367430352752851	0.32153185492145714	-0.14048214370329196	-0.03607442474463953
chr10_mat	3600000	3800000	0.010711603701552452	-0.477899346554248	0.041091023521572186	-0.25280059532059407
chr10_mat	3800000	4000000	0.012999977880274976	-0.5747416410772543	0.06770426950213852	-0.1840496935087697
chr10_mat	4000000	4200000	0.011189756418706912	-0.5844151743478868	-0.026806543025249676	-0.19982466757593398
chr10_mat	4200000	4400000	0.011249243103867016	-0.6609921258269361	-0.16391265947465242	-0.1403843383371379
chr10_mat	4400000	4600000	0.012670280356193601	-0.5606811365474001	-0.49115962741321517	0.002588362461050366
chr10_mat	4600000	4800000	0.020194810798082625	0.35232196646703	-0.5236048616766974	0.09555627025491954
chr10_mat	4800000	5000000	0.022105112813275	0.9508899679619875	-0.4845272131437254	0.24673797236997227
chr10_mat	5000000	5200000	0.01345681853552503	-0.20769322719811592	-0.596553834096115	-0.05114815816568522
chr10_mat	5200000	5400000	0.014640385686446614	0.5383286655018533	-0.5685639289924174	-0.11135180521141247
chr10_mat	5400000	5600000	0.013377700883162633	0.143878707558822	-0.6002011137101612	-0.08997631615668841
chr10_mat	5600000	5800000	0.012521642923712994	-0.08779053163372667	-0.6394327096198646	-0.21978442709442955
chr10_mat	5800000	6000000	0.010971039240613658	-0.37422247885657745	-0.5371591117891453	-0.35103413246618326
chr10_mat	6000000	6200000	0.012190642862243327	0.010946049083453336	-0.5778024406298783	-0.18852406386683856
chr10_mat	6200000	6400000	0.01103486658296777	-0.17456414937785789	-0.6171488684007754	-0.09964630404667728
chr10_mat	6400000	6600000	0.014803259520947926	1.0142489131603376	-0.22587170505466067	0.3170871847749699
chr10_mat	6600000	6800000	0.01436503961385877	0.7129293111861695	-0.41415696648237416	0.12073317335543796
chr10_mat	6800000	7000000	0.008853795682140552	-0.7676210772179336	-0.2650148039528622	-0.20320889695466057
chr10_mat	7000000	7200000	0.01318327797291363	-0.06491965284909615	-0.5788027655936815	-0.14907521162731788
chr10_mat	7200000	7400000	0.014806812531358831	0.4377144884704721	-0.5827276021242352	-0.1332748100178652
chr10_mat	7400000	7600000	0.012718372454279231	-0.6055142052467835	-0.34891626952879606	-0.25213416442900566
chr10_mat	7600000	7800000	0.01084549397191102	-0.6312471329723198	-0.3900957342880865	-0.29805737045571656
chr10_mat	7800000	8000000	0.013172523109414852	-0.05496914723787554	-0.6594815715487549	-0.16810460546301326
chr10_mat	8000000	8200000	0.01028636099559244	-0.1409552929098596	-0.5367037608740391	-0.14675034309302917
chr10_mat	8200000	8400000	0.013927328489205283	0.8969679777261635	-0.47897874629166187	0.06314915166528204
chr10_mat	8400000	8600000	0.016093423078401968	1.1882130633132668	-0.0751771227637415	0.2517308993222964
chr10_mat	8600000	8800000	0.013177335207114903	-0.3250458834709646	-0.24849619950971968	-0.07735809329366732
chr10_mat	8800000	9000000	0.012221187849244275	-0.008523672220125872	-0.45781362234515016	-0.1301867818981957
chr10_mat	9000000	9200000	0.009650685608968777	-0.6539680669699852	-0.37987804135137443	-0.21847557067716564
chr10_mat	9200000	9400000	0.012341544269115289	0.06767500975644819	-0.6371360212353752	-0.13105933175803686
chr10_mat	9400000	9600000	0.013201479074922643	0.6598536988968728	-0.3721823716284542	0.35224337182974436
chr10_mat	9600000	9800000	0.015599724138120429	1.2623116532209229	0.11773989515995238	0.5614876101583944
chr10_mat	9800000	10000000	0.01825949740269924	1.3178195781735065	0.13716473664812645	0.6448460084322462
chr10_mat	10000000	10200000	0.018244339079581045	0.43318532390996456	-0.383517372520502	0.15040149189051552
chr10_mat	10200000	10400000	0.012104207245544063	0.0586513459319546	-0.6503009291507678	-0.01688283790166857
chr10_mat	10400000	10600000	0.010611474649208159	-0.5710430954320138	-0.417416752289463	-0.2972459831644926
chr10_mat	10600000	10800000	0.011875488777888073	-0.5026222250455779	-0.2367200542578281	-0.28098615648641434
chr10_mat	10800000	11000000	0.009569463484906837	-0.642538575410595	-0.29512634075784544	-0.23703422785424771
chr10_mat	11000000	11200000	0.012041341052947652	-0.013417455249434914	-0.5154258650107802	-0.1396906207505859
chr10_mat	11200000	11400000	0.011816381610122982	-0.42350557788466187	-0.3879894162081933	-0.3089298378850816
chr10_mat	11400000	11600000	0.011088820818930397	-0.5806335327822973	-0.4083669612387441	-0.2333925546462403
chr10_mat	11600000	11800000	0.012740198424775306	0.1281153596863499	-0.6446223371806321	-0.2445797098870506
chr10_mat	11800000	12000000	0.014819021827063331	0.31104884667546506	-0.5760546290933007	-0.14854488974006178
chr10_mat	12000000	12200000	0.014882554563038951	0.8654688941406037	-0.4702736996652427	-0.2733791980736974
chr10_mat	12200000	12400000	0.009727646738434837	-0.3538988808574981	-0.4416960904512794	-0.15178903045568073
chr10_mat	12400000	12600000	0.012908030077984835	0.18220076800780574	-0.6112860669037952	-0.2760318068577331
chr10_mat	12600000	12800000	0.010770886135281366	-0.3338344643437349	-0.23502320843841026	-0.21019956827168926
chr10_mat	12800000	13000000	0.014404549779823804	0.4418401141712757	-0.3435202507830307	-0.16871440902676155
chr10_mat	13000000	13200000	0.014283917619011061	-0.5645261507416461	-0.04810482126817842	-0.09995691690014986
chr10_mat	13200000	13400000	0.01181943704220987	-0.39788415191174353	-0.051662849541453074	-0.1774384351021633
chr10_mat	13400000	13600000	0.014557189035961616	0.3142024102805358	0.3223325418313964	-0.20540081939215857
chr10_mat	13600000	13800000	0.017802690591995674	1.0132294681426337	0.4656857156295186	-0.35154761383355826
chr10_mat	13800000	14000000	0.016157397169565223	1.0897222465081062	0.18595223006328832	-0.2888638541869932
chr10_mat	14000000	14200000	0.014715085295402067	0.6630039908080615	-0.15906088465493906	-0.3342784389484794
chr10_mat	14200000	14400000	0.011144388414668839	-0.13025063950017435	-0.44429231851336154	-0.3592554501095312
chr10_mat	14400000	14600000	0.012954383430233316	0.6585812653317195	-0.10671091711805947	-0.27595789631785117
chr10_mat	14600000	14800000	0.014063943090099373	0.5894957228683653	-0.011305662829877498	-0.42107795422850447
chr10_mat	14800000	15000000	0.01164961805768114	-0.610125428909407	-0.14106270765228823	-0.1601804441852099
chr10_mat	15000000	15200000	0.014161376273325857	0.278640823892133	0.04232675465678726	-0.41709864871260943
chr10_mat	15200000	15400000	0.014243797924182872	0.8998792408598159	0.025387792373994248	-0.6559452991000245
chr10_mat	15400000	15600000	0.017037803457845294	0.9553798634580141	0.22247798941587033	-0.7860211579185562
chr10_mat	15600000	15800000	0.016843811605979298	0.9331596968319001	0.23497300104979235	-0.890607438921853
chr10_mat	15800000	16000000	0.016865453241798625	1.0197360902523833	0.18702221016534668	-0.8687650687904543
chr10_mat	16000000	16200000	0.015990003417832997	0.9550662108189398	-0.0059987363808210944	-0.8588281058687895
chr10_mat	16200000	16400000	0.017085911955655713	0.7930164152571422	-0.012232688975035023	-0.6171619339631056
chr10_mat	16400000	16600000	0.01624799809607501	1.0205618828404635	0.2747427744681998	-0.6893949886128995
chr10_mat	16600000	16800000	0.015913320291793223	1.1781341526268847	0.26193018259375034	-0.6024476663838232
chr10_mat	16800000	17000000	0.012769007238126767	0.3129192499709684	-0.4542364378187787	-0.11448882565732706
chr10_mat	17000000	17200000	0.016486769384899364	0.7338747035195914	-0.2093767310964578	-0.20317735723672145
chr10_mat	17200000	17400000	0.01220994605535043	-0.4251852233526018	-0.17234821362982797	0.007292801966436646
chr10_mat	17400000	17600000	0.011221066990542697	-0.779591878533505	-0.2209778015068825	-0.0856943831269216
chr10_mat	17600000	17800000	0.013583771643163288	0.09292360833885337	-0.33909296988103227	-0.24974671736544163
chr10_mat	17800000	18000000	0.014618702895947818	0.22922398418413434	-0.22397904338866476	-0.23169516854360703
chr10_mat	18000000	18200000	0.01218669713797365	-0.26248176389099387	-0.1682518385028436	-0.13203783190007812
chr10_mat	18200000	18400000	0.011057143192972171	-0.36025861579240975	-0.05487239041678406	-0.17431143683518213
chr10_mat	18400000	18600000	0.013162667919767734	-0.10920453731150977	-0.013947145709344714	-0.15501551434975788
chr10_mat	18600000	18800000	0.012038656591166774	-0.4143423804411322	-0.35000627871347306	-0.1512780127207125
chr10_mat	18800000	19000000	0.013544923451869067	0.45931601800937893	-0.3764042204446837	-0.0074233686097923
chr10_mat	19000000	19200000	0.011183628817525075	-0.41882139490429543	-0.2066219333703323	-0.07983599472549588
chr10_mat	19200000	19400000	0.012513742986176909	-0.5184045929583337	-0.01982181827623762	-0.2098876265851243
chr10_mat	19400000	19600000	0.011473454040496633	-0.2871867170334274	-0.24715001895057626	-0.07086397636217798
chr10_mat	19600000	19800000	0.008898806174025192	-0.7190805557765165	0.2334273887698362	-0.3293022515451699
chr10_mat	19800000	20000000	0.017356923698955657	-0.4613142646850276	0.36905587033065357	-0.3376981680779158
chr10_mat	20000000	20200000	0.011063150263242304	-0.5894956732681411	0.4526190731476807	-0.47991718762923186
chr10_mat	20200000	20400000	0.010642775264732444	-0.677048368982065	0.47206446012411307	-0.5700737506274091
chr10_mat	20400000	20600000	0.012974199242183782	-0.7562278791836425	0.6169654572590089	-0.6066886913111096
chr10_mat	20600000	20800000	0.037194706686694175	-0.5917981445517143	0.5727081591172732	-0.6342558338010298
chr10_mat	20800000	20920522				
chr11_mat	0	200000				
chr11_mat	200000	400000				
chr11_mat	400000	600000				
chr11_mat	600000	800000	0.07589981242273934	-0.9493806632550935	0.09207261729252622	0.6871723301632733
chr11_mat	800000	1000000	0.06713946851868624	-1.1586407912164032	-0.12279358042530818	0.01743389484902446
chr11_mat	1000000	1200000	0.04963609761101794	-0.9547096303352329	-0.13196523101004945	-0.043716702786459095
chr11_mat	1200000	1400000	0.06298080483659706	-0.5738526408500727	-0.576415031171409	0.0582904338166162
chr11_mat	1400000	1600000	0.03891413577017544	0.7501541553315212	-0.7312924705038111	-0.07011067887713215
chr11_mat	1600000	1800000	0.050269194290194615	0.21153312501586863	-0.8689445898553534	-0.019284501041433907
chr11_mat	1800000	2000000	0.05290844638049746	-0.9945267119531295	-0.2847999956335672	-0.6114823274063074
chr11_mat	2000000	2200000				
chr11_mat	2200000	2400000				
chr11_mat	2400000	2600000				
chr11_mat	2600000	2800000				
chr11_mat	2800000	3000000	0.0780695519878368	-0.7300396412994058	-0.8977404165947472	-0.18684276920932238
chr11_mat	3000000	3200000	0.03567190296084885	0.716882275567533	-0.5688380449784696	-0.1694812880214217
chr11_mat	3200000	3400000	0.041861433409932855	-0.03321585903457133	-0.7762201157676748	-0.15305679381730602
chr11_mat	3400000	3600000	0.0411594620620116	0.2030974729435577	-0.8314980853381674	-0.3523364166364993
chr11_mat	3600000	3800000	0.03555696737847114	0.6807519910614361	-0.36589383580183604	-0.21415564288584907
chr11_mat	3800000	4000000	0.042084833641946866	0.33880262103916153	-0.43378126809186524	-0.0041157512163404655
chr11_mat	4000000	4200000	0.03900417706665843	0.013298238338442984	-0.24047172384809282	-0.08125989716425072
chr11_mat	4200000	4400000	0.04267237830105912	0.5084734019224898	-0.16898650877343066	-0.07567154554496121
chr11_mat	4400000	4600000	0.02561292358985183	0.7989906320900027	0.3212285459539549	-0.07897483229824409
chr11_mat	4600000	4800000	0.02294261639050944	0.751322362278341	0.075473012259996	-0.06013954261384701
chr11_mat	4800000	5000000	0.03003341902393485	0.39299072956993364	-0.02297247469549797	-0.1971208554868661
chr11_mat	5000000	5200000	0.02539546495705729	0.39473391156449983	0.11681241521232277	-0.2468055858226831
chr11_mat	5200000	5400000	0.02011983726729835	0.5853478583636785	0.3121176423355476	-0.1569206348347183
chr11_mat	5400000	5600000	0.017997971808415524	0.8010169561115551	0.5051924329548149	-0.07567800664325254
chr11_mat	5600000	5800000	0.019688898118316513	0.8161990923280917	0.6731175207571182	-0.11585362849515608
chr11_mat	5800000	6000000	0.019692607917847754	0.7822580860196618	0.5063374263675735	-0.07378122990539032
chr11_mat	6000000	6200000	0.01338459990667193	0.8223513176888028	0.3130712831204825	-0.06035791485915678
chr11_mat	6200000	6400000	0.01977355348765754	-0.254958210598383	-0.5380279835464877	0.17840135419648448
chr11_mat	6400000	6600000	0.022679736956542323	-0.9827237834083553	-0.06157552336707519	0.2077939321554617
chr11_mat	6600000	6800000	0.027261337260923096	-0.8715238837415914	-0.14939530596805775	0.5632916244078875
chr11_mat	6800000	7000000	0.03321559917758982	-0.691140176037406	-0.006307991460448078	0.36112421066320377
chr11_mat	7000000	7200000	0.026780920636421335	-0.8790099772760486	-0.19827347010310234	0.3162398045021419
chr11_mat	7200000	7400000	0.02409691981847402	-0.6026495633773892	-0.20809814202605947	0.028936899283843704
chr11_mat	7400000	7600000	0.01885125523958006	-0.010808473032756004	-0.6152212498201013	-0.009371741299097378
chr11_mat	7600000	7800000	0.0171456686225689	0.35151461658183886	-0.6047492343862377	-0.019187136754970417
chr11_mat	7800000	8000000	0.02077774759568083	0.2521846971444489	-0.47974871361532145	0.1780704615097426
chr11_mat	8000000	8200000	0.018344903316831297	0.19760555202584634	-0.6354427521828323	0.07158964967610973
chr11_mat	8200000	8400000	0.019694305151591835	-0.9925797959413857	-0.17727097039373094	0.1939301198466802
chr11_mat	8400000	8600000	0.01825158186496739	-1.4029043063193956	0.15254226496355405	0.6085048222363726
chr11_mat	8600000	8800000	0.020017084365708038	-1.15724706203034	0.0678330699295077	0.3945066220333835
chr11_mat	8800000	9000000				
chr11_mat	9000000	9200000				
chr11_mat	9200000	9400000				
chr11_mat	9400000	9600000				
chr11_mat	9600000	9800000				
chr11_mat	9800000	10000000				
chr11_mat	10000000	10200000				
chr11_mat	10200000	10400000				
chr11_mat	10400000	10600000				
chr11_mat	10600000	10800000				
chr11_mat	10800000	11000000	0.04189025837550069	0.6756819764281062	0.5172885676785831	-0.08104692853783685
chr11_mat	11000000	11200000	0.04671834956797497	0.8277796475869498	0.49997891358693736	-0.06689629239572956
chr11_mat	11200000	11400000	0.047800433402652366	0.7448603285474878	0.7950740221267706	-0.20793594824048178
chr11_mat	11400000	11600000	0.06252041296462661	0.757929638470517	0.8337499293974127	-0.17096498496225593
chr11_mat	11600000	11800000	0.05602512347162287	0.5108603174926241	0.16961426662531598	-0.22821414001145668
chr11_mat	11800000	12000000				
chr11_mat	12000000	12200000	0.07367737318378172	0.43599461884884805	-0.2435446230278491	-0.15013366533593792
chr11_mat	12200000	12400000	0.05782902388557887	0.784435004812521	0.09043098092633402	0.05579881022883189
chr11_mat	12400000	12600000	0.02050722445985922	0.5287421769197825	-0.49019855209739116	0.014344710936494564
chr11_mat	12600000	12800000	0.012090064477756684	0.5664697483070407	-0.6248027225579769	0.04981543176755435
chr11_mat	12800000	13000000	0.015785660185570646	-0.004177875617588753	-0.6030434398246921	-0.04789441191619473
chr11_mat	13000000	13200000	0.017248951222884116	-0.9383298824990977	-0.40916901933169947	0.23107952528670164
chr11_mat	13200000	13400000	0.01305585757998088	-0.12496011016695047	-0.6301164321265956	0.03214932681078866
chr11_mat	13400000	13600000	0.011151446603083525	0.41516413023256943	-0.6022713349306926	0.006580547528334836
chr11_mat	13600000	13800000	0.01047290157263615	0.649141299587822	-0.29731459616993466	-0.061887923963060386
chr11_mat	13800000	14000000	0.010286636460639981	0.32389414101125885	-0.648159839532524	-0.1158729841033486
chr11_mat	14000000	14200000	0.012418470746045423	-0.2868300726244711	-0.6889403656428588	0.02753350289280388
chr11_mat	14200000	14400000	0.012566199207296385	0.04142021816476756	-0.6438177022904408	0.08871430611569324
chr11_mat	14400000	14600000	0.014158647347339369	0.25236238308800757	-0.7694832064790695	0.06790440175855761
chr11_mat	14600000	14800000	0.018442318449944237	-0.7458661630773306	-0.3033143433123605	0.09021686539636486
chr11_mat	14800000	15000000	0.019269351432667066	-1.121252916052455	-0.06474965889722585	0.412876175875641
chr11_mat	15000000	15200000	0.016680372010309637	-0.814374350031972	-0.1413669956612277	0.05262416522204709
chr11_mat	15200000	15400000	0.02030409215386082	-1.008572066678393	0.10421233565615916	-0.0069700382865237635
chr11_mat	15400000	15600000	0.016322710629858003	-1.0855267499673542	0.24273715304957458	-0.24070355033645635
chr11_mat	15600000	15800000	0.01601471735115188	-1.1376811779636038	-0.04114205450521522	-0.11649255122302142
chr11_mat	15800000	16000000	0.011579167892090994	0.15860392974335494	-0.8785600008085467	-0.1779964613475195
chr11_mat	16000000	16200000	0.01157005382238311	0.29605624452487816	-0.7423210743287362	-0.05852392531290544
chr11_mat	16200000	16400000	0.0167396121310754	-1.0732385294299398	-0.048947933251587535	-0.6975455746282186
chr11_mat	16400000	16600000	0.01577034049175742	-0.3499161350384261	-0.28502585848844425	-0.43571216874674906
chr11_mat	16600000	16800000	0.01612151964969283	-0.9144166191163486	0.0893415772361798	-0.6798632099115278
chr11_mat	16800000	17000000	0.017923833734748172	-1.0894862378943568	0.2701573534571853	-0.9078011307920693
chr11_mat	17000000	17200000	0.02099152472794884	-0.8334137851228804	0.36824101768372147	-0.9770017045711147
chr11_mat	17200000	17400000	0.019693715942197133	-1.194419970229928	0.22401329457337593	-1.1733511272914958
chr11_mat	17400000	17600000	0.01526562715403174	-1.0623747847484624	0.20312452690734423	-0.9278543915010594
chr11_mat	17600000	17800000	0.01618507746270846	-1.1541439121923254	0.3990085397749256	-1.1679069731525187
chr11_mat	17800000	18000000	0.016861897739155512	-1.1852415726843195	0.2154439816968963	-0.9235574115234018
chr11_mat	18000000	18200000	0.01020485264787314	0.23572289795891715	-0.2791917764861243	-0.17658203757969054
chr11_mat	18200000	18400000	0.014365053491664325	-0.5094806163226108	-0.27999702038530766	-0.4042317169855865
chr11_mat	18400000	18600000	0.013587491539662077	-0.06515944039401432	-0.6050487644775201	-0.21982372587490845
chr11_mat	18600000	18800000	0.014457581871296057	-0.6429911809283859	-0.24510197751176763	-0.16887177087392705
chr11_mat	18800000	19000000	0.014095815811905802	-0.1522745557560425	-0.4048261983157971	0.0021179517736613627
chr11_mat	19000000	19200000	0.010195924732373655	0.8233813682156059	-0.005473269159828632	-0.02105714038488396
chr11_mat	19200000	19400000	0.012992789306717299	0.0012566683195894828	-0.4732414493259058	-0.19677671319605228
chr11_mat	19400000	19600000	0.012035321398067006	0.19888000889525395	-0.5338191722403223	-0.06347626916507237
chr11_mat	19600000	19800000	0.019555265545521568	-0.1249375748780878	-0.36947374293221064	-0.20775520943944473
chr11_mat	19800000	20000000	0.012130410571453941	0.37235378969156124	-0.32359429100252984	-0.010541435768432403
chr11_mat	20000000	20200000	0.023180577224285612	-1.0939163384070343	-0.0043763144865144035	0.7351412571902468
chr11_mat	20200000	20400000	0.01687433991872163	-1.2070500658417627	0.32859170069774774	0.8593537309429952
chr11_mat	20400000	20600000	0.01939070392545138	-1.1088977491949221	0.43710271803803113	0.8176382815642018
chr11_mat	20600000	20800000	0.05325422787777165	-0.9445682913226806	0.39891087391857594	1.020823104949988
chr11_mat	20800000	21000000				
chr11_mat	21000000	21200000				
chr11_mat	21200000	21400000				
chr11_mat	21400000	21600000				
chr11_mat	21600000	21676805				
chr12_mat	0	200000				
chr12_mat	200000	400000				
chr12_mat	400000	600000				
chr12_mat	600000	800000	0.0488373217949613	0.18787326340501062	0.4706252841744437	0.08652398744391084
chr12_mat	800000	1000000	0.01522822413746017	-0.3674323913416518	0.46098467699327145	0.006940051577806112
chr12_mat	1000000	1200000	0.013349955394064646	-0.33023892683069517	0.07094599497077911	-0.23256715266628145
chr12_mat	1200000	1400000	0.013104955234926564	-0.3479688969463752	0.5331039552035325	-0.08033881311901893
chr12_mat	1400000	1600000	0.013410327518044354	0.2548790640102226	0.3579152177938965	-0.22617647632512042
chr12_mat	1600000	1800000	0.012243051489466843	-0.059904909006371125	0.2783171356289157	-0.011958014972431498
chr12_mat	1800000	2000000	0.01481947789505931	0.8301393977033301	-0.15533921446322355	-0.6486519275511271
chr12_mat	2000000	2200000	0.01413662913896177	0.9281231641842229	-0.49403599588183283	-0.7419960450959034
chr12_mat	2200000	2400000	0.013485109713005951	0.9063029439590011	-0.3806932097996858	-0.7958368408150096
chr12_mat	2400000	2600000	0.01362544788616881	0.9431124968845854	-0.40629448029026255	-0.8529589219641518
chr12_mat	2600000	2800000	0.013831849248380304	0.9291022034857377	-0.295371871607736	-0.7800107766194931
chr12_mat	2800000	3000000	0.01465491073523951	0.9011963114474479	-0.3615486528888266	-0.6914286781947064
chr12_mat	3000000	3200000	0.015156908113692033	0.9490140611896352	-0.21683224170799942	-0.4752111920677656
chr12_mat	3200000	3400000	0.010228878076374268	-0.2589623113590351	0.2856004307668866	-0.18878480242741363
chr12_mat	3400000	3600000	0.013894022006402466	-0.04628551987342684	0.5769520655836942	-0.2798088115386227
chr12_mat	3600000	3800000	0.014271601676873644	-0.12243953587002966	0.42031986506803165	-0.26494002994005766
chr12_mat	3800000	4000000	0.016205480860127776	-0.4139783430610442	0.3212609810619388	-0.3277131809966478
chr12_mat	4000000	4200000	0.016984889954080803	0.2026714586022918	0.30952000332924756	-0.15585457445907136
chr12_mat	4200000	4400000	0.01749557163328808	0.8987133443299846	0.25116149627444234	-0.20440608598927584
chr12_mat	4400000	4600000	0.010136500420124305	-0.754274730751721	0.00787417428882963	-0.011421499164620968
chr12_mat	4600000	4800000	0.011705340893252062	-0.3422262161966936	0.41450745005551953	0.007857967010757572
chr12_mat	4800000	5000000	0.01456351271944047	0.9746291137453306	0.08657103366361353	0.08937358180553175
chr12_mat	5000000	5200000	0.015493779976048927	1.1313029547802755	-0.023783087398907356	-0.018402759857800287
chr12_mat	5200000	5400000	0.01340389178495864	0.3249448049685391	0.3865307713010558	-0.24237782939005806
chr12_mat	5400000	5600000	0.012325099625325719	-0.46286742621177823	0.2291115694265737	-0.13122581826926347
chr12_mat	5600000	5800000	0.011937072681866895	-0.3879587990802327	0.48794797821729313	-0.16545593042159915
chr12_mat	5800000	6000000	0.013895963533532958	0.7664974202162633	0.2653947779580811	0.06879478031903442
chr12_mat	6000000	6200000	0.016236582657357466	1.1241361813540258	-0.4240923640845159	0.16930004691720738
chr12_mat	6200000	6400000	0.015224335534162916	1.000672181010536	-0.11553266913751188	0.04923090817920071
chr12_mat	6400000	6600000	0.01584042153451307	0.10022581919057084	0.4969651468513527	-0.31184771709754433
chr12_mat	6600000	6800000	0.010317436075281572	-0.6539287653403295	0.09078639970582247	-0.13875485393333611
chr12_mat	6800000	7000000	0.015326286522037475	0.9178896643119152	-0.14409564101046193	-0.13732535426819178
chr12_mat	7000000	7200000	0.019084041564601258	0.8790631110454167	0.11589501008574883	-0.40714940932664767
chr12_mat	7200000	7400000	0.014722066413553656	0.47951808230535725	0.5207558157650223	-0.2543747097612465
chr12_mat	7400000	7600000	0.014981470351915611	0.4866754190161583	0.5105608041100381	-0.33383234743495227
chr12_mat	7600000	7800000	0.011347501124426368	-0.3719714002446289	0.39956015268064954	-0.3097354458230602
chr12_mat	7800000	8000000	0.01505666064648729	0.4424294242896215	0.41307964386501805	-0.34371814148078095
chr12_mat	8000000	8200000	0.016671546825939323	0.7482166258881047	0.27162560817662845	0.003330761320665177
chr12_mat	8200000	8400000	0.01569321174766392	0.8318340845724853	0.34362156616734524	-0.00290074925321774
chr12_mat	8400000	8600000	0.013365872491522787	0.2700789101209266	0.3901050027383909	0.036541385953156
chr12_mat	8600000	8800000	0.009265144202558362	-0.8066480604045152	-0.23932592392253724	-0.3946331292723844
chr12_mat	8800000	9000000	0.011766263126141638	-0.8409492066803701	-0.360634419263883	-0.5012664546360747
chr12_mat	9000000	9200000	0.011680081544430503	-0.6285639095749767	0.040379172186828134	-0.2860253980955826
chr12_mat	9200000	9400000	0.012689677701732356	0.07152961858839048	0.36853273094882794	-0.2514888184781885
chr12_mat	9400000	9600000	0.011244320877384865	-0.5357048558185072	-0.008628826315200856	-0.18132781933365166
chr12_mat	9600000	9800000	0.010508159456463056	-0.5482049374526917	0.4036224254958953	-0.20257333966522226
chr12_mat	9800000	10000000	0.012671084453543808	-0.04828629513736456	0.5329779422145552	-0.14286810721079088
chr12_mat	10000000	10200000	0.009092222962347024	-0.717360644941342	0.15393533908752333	-0.17270440753347704
chr12_mat	10200000	10400000	0.016078800365830176	0.5693185979410685	0.503901613973482	0.04726277134749676
chr12_mat	10400000	10600000	0.0162741002363829	0.8573964478880522	0.38575362185448425	0.24020292028784848
chr12_mat	10600000	10800000	0.016128137729012653	-0.16544490456230285	0.5548975107499362	-0.002708287951598534
chr12_mat	10800000	11000000	0.010091247247612654	-0.6693199593361796	0.11201909228014353	-0.16160946928027445
chr12_mat	11000000	11200000	0.010506342973995634	-0.3267908224682464	0.25389808470974695	-0.19105665109037834
chr12_mat	11200000	11400000	0.01455054573517697	-0.11108647094139429	0.2556848776702629	-0.1881613178523886
chr12_mat	11400000	11600000	0.012097139584980479	-0.7409281626964186	-0.20898029529185508	-0.38503646197489955
chr12_mat	11600000	11800000	0.013026612747838152	-0.7022092042529685	0.12031209571432357	-0.38017122825368466
chr12_mat	11800000	12000000	0.012050259625373566	-0.6348126695756536	-0.007255405503297195	-0.2996219207186873
chr12_mat	12000000	12200000	0.0105439907573211	-0.5778691572200167	-0.12791123049968942	-0.41933584974793076
chr12_mat	12200000	12400000	0.014368176772517617	0.07957728517555016	0.5153266920984959	-0.10285435121639235
chr12_mat	12400000	12600000	0.016371996545742135	0.7376889891933308	0.13234282762068164	-0.24578142587391835
chr12_mat	12600000	12800000	0.016260967677967173	0.9796844754703599	-0.14546204364071078	0.20810406458561453
chr12_mat	12800000	13000000	0.01645050148561733	1.054898247891291	0.0024193929786049096	0.1810785913818291
chr12_mat	13000000	13200000	0.01428329407256028	1.1988002525548531	-0.2179348153107646	0.07927340366354217
chr12_mat	13200000	13400000	0.014309558468662885	0.9428795335976823	0.15184852018818462	0.0638298868989529
chr12_mat	13400000	13600000	0.01133029588519745	0.1486134694907567	0.5444346303574308	-0.040346398711702425
chr12_mat	13600000	13800000	0.010523739151358005	-0.31477440849855165	0.29412678212068033	-0.16502428769471564
chr12_mat	13800000	14000000	0.010371217619525471	-0.8165387067932849	-0.5313060056359502	-0.6425878079411964
chr12_mat	14000000	14200000	0.01403558146885269	-0.6435631341755077	-0.11407567912265774	-0.4891067851659337
chr12_mat	14200000	14400000	0.013297741283684387	-0.5049054196775697	0.10803680801233678	-0.41147488200498733
chr12_mat	14400000	14600000	0.013998564885627746	-0.4968191519123222	0.027112875544358227	-0.48802778709531214
chr12_mat	14600000	14800000	0.013450504076772889	-0.18845357891455794	0.20389156330982444	-0.31663859506979175
chr12_mat	14800000	15000000	0.010434192672544643	-0.6686927014773969	-0.08041159735349594	-0.3216553662144121
chr12_mat	15000000	15200000	0.014497246601510319	-0.5612808296846177	0.04533431183740114	-0.30134197931963974
chr12_mat	15200000	15400000	0.019587246660817726	0.13038509153260988	0.39133608725897734	-0.16283218604940064
chr12_mat	15400000	15600000	0.016701704080560906	-0.4503676683136094	0.16451071728501526	-0.23074930170779362
chr12_mat	15600000	15800000	0.01787911351273535	-0.8198950849527855	-0.19936257730967752	-0.22256592387224397
chr12_mat	15800000	16000000	0.015080175666149555	-0.6092612779911061	0.006397911580979872	-0.1408791273583072
chr12_mat	16000000	16200000	0.012772448355375958	-0.7120114809112963	-0.15343236261500456	-0.20927881965583933
chr12_mat	16200000	16400000	0.017722288288063395	0.8599581617944637	0.46403724467594915	0.04172279270108173
chr12_mat	16400000	16600000	0.01267406740824337	-0.5931082695033741	0.03273776840659144	-0.2100988296977484
chr12_mat	16600000	16800000	0.019526809361544842	0.6822267812151936	0.4234294698854843	-0.23886797909937874
chr12_mat	16800000	17000000	0.017478506713122528	-0.4296998214900146	0.3631659789083774	-0.14898458100756196
chr12_mat	17000000	17200000	0.019501015611504777	0.5117480135120226	0.5756155248097805	-0.08640830039647342
chr12_mat	17200000	17400000	0.018664677904368744	-0.35950448533299484	0.5242877569347134	-0.07238474132850964
chr12_mat	17400000	17600000	0.01862858342202407	0.9444918494157544	0.06194474342014256	-0.3602005303169152
chr12_mat	17600000	17800000	0.018819295357532684	1.15011017306522	-0.25283945750608594	-0.06189114201159881
chr12_mat	17800000	18000000	0.017404431223436913	1.0189801558000988	-0.2964411261883736	-0.17528976931796725
chr12_mat	18000000	18200000	0.014841310152337289	0.7381946973986218	0.2999333018158878	-0.2779258921811032
chr12_mat	18200000	18400000	0.012299757238971937	-0.42073012607068305	0.5932225702552055	-0.22119889331391782
chr12_mat	18400000	18600000	0.016983922087948217	0.5649590228574352	0.36924024875278577	-0.2620062502437573
chr12_mat	18600000	18800000	0.013646695911198874	-0.25819191197526814	0.2741170247888903	-0.11139344480729957
chr12_mat	18800000	19000000	0.011722570786288139	-0.6560915146335687	0.05920309953322385	-0.2827581757947047
chr12_mat	19000000	19200000	0.016289716809502232	-0.004229414829049969	0.41058905900195247	-0.11393345134913536
chr12_mat	19200000	19400000	0.01756842395260616	-0.002299590804775976	0.4689172617064588	0.14298736236138299
chr12_mat	19400000	19600000	0.018403104411027625	0.4699952914337557	0.5430715359150973	0.05775958479845287
chr12_mat	19600000	19800000	0.01821450981649246	0.027984484937179793	0.3580567767089979	0.35887286179719874
chr12_mat	19800000	20000000	0.034978665091903796	0.3626895661688593	0.832229558002909	0.18022015083398552
chr12_mat	20000000	20200000				
chr12_mat	20200000	20400000				
chr12_mat	20400000	20600000				
chr12_mat	20600000	20800000				
chr12_mat	20800000	20824288				
chr13_mat	0	200000				
chr13_mat	200000	400000	0.029980412961148787	-0.5966655177570825	-0.5617721600548241	-0.7010238408634674
chr13_mat	400000	600000	0.02594902843779398	-0.36449518924661384	-0.034087999788320784	-0.6691616824092692
chr13_mat	600000	800000	0.019201146192857323	-0.7821475153072198	-0.3114173512549637	-0.3269792198509385
chr13_mat	800000	1000000	0.02551294147388201	-0.05033877587608986	0.042565561753778104	0.0007061662645355187
chr13_mat	1000000	1200000	0.027890875269793	1.106034837909622	0.23466555542764866	-0.09838219036631204
chr13_mat	1200000	1400000	0.0236536066461837	0.03321936514149891	0.38480449589205684	-0.11237413802216105
chr13_mat	1400000	1600000	0.01975225360493622	-0.5654393906226898	0.2732010500086706	-0.15987007225998115
chr13_mat	1600000	1800000	0.012073101629508668	-0.8046287206141189	-0.24085232725618913	-0.29274750630929347
chr13_mat	1800000	2000000	0.020770473662650613	0.1275255670805232	0.7161039690695542	0.007812044721234498
chr13_mat	2000000	2200000	0.021096361800100386	0.3331064761523979	0.7044058196457749	0.21756154860083923
chr13_mat	2200000	2400000	0.01689129433728234	0.2409745318442415	0.7898592889386263	0.26848152467412845
chr13_mat	2400000	2600000	0.017364096373384836	0.7657471681759813	0.20794772329475814	0.5379872113674925
chr13_mat	2600000	2800000	0.01642600394053726	1.2838171137555108	0.002560505231667603	0.6342884165143817
chr13_mat	2800000	3000000	0.01940678410104281	1.224196419824235	-0.06750725167787307	0.4751933353276517
chr13_mat	3000000	3200000	0.018646281323581232	-0.11644713015753685	0.4156589893466818	0.008062338530250021
chr13_mat	3200000	3400000	0.01967061454065159	-0.8096902500618683	-0.1659224677630829	-0.13530531234374482
chr13_mat	3400000	3600000				
chr13_mat	3600000	3800000				
chr13_mat	3800000	4000000				
chr13_mat	4000000	4200000				
chr13_mat	4200000	4400000				
chr13_mat	4400000	4600000				
chr13_mat	4600000	4800000				
chr13_mat	4800000	5000000	0.025288500390678342	-0.450658082515461	0.5562160758230495	0.10835836123511743
chr13_mat	5000000	5200000	0.017808135343744008	0.8012672133302378	0.7793744544900217	-0.03893671256813921
chr13_mat	5200000	5400000	0.017830149125168115	1.178851290508541	0.06909233803701796	-0.04508948776351951
chr13_mat	5400000	5600000	0.018129068154021672	0.14533322914220176	0.5685038707445885	-0.168830905233171
chr13_mat	5600000	5800000	0.013886790639340257	-0.7206843953813176	0.3442874666421946	-0.09437850693947274
chr13_mat	5800000	6000000	0.013103050668686375	-0.3065394658228069	0.36582025711478355	-0.3369504598213469
chr13_mat	6000000	6200000	0.018345010195788086	0.9935362582936931	0.21478370199177185	-0.4104953210454827
chr13_mat	6200000	6400000	0.01799352980792253	0.9510716876830899	0.25050200499209285	-0.21630578045304533
chr13_mat	6400000	6600000	0.0156287528593172	-0.16342236540848176	0.5184891892032829	-0.3047955784917315
chr13_mat	6600000	6800000	0.01687750817235199	-0.010333033684493956	0.326417380578375	-0.19442190732035255
chr13_mat	6800000	7000000	0.02386153275879647	1.0118186033864154	0.022123003420893492	-0.26556711909337843
chr13_mat	7000000	7200000	0.023328274022335827	0.9498077362400783	0.342618601527686	-0.47245030263921434
chr13_mat	7200000	7400000	0.013781532612583894	-0.5954394594117077	0.34708686630572594	-0.26154237703692457
chr13_mat	7400000	7600000	0.014725133889383943	-0.584362198607541	0.27260805499662466	-0.26329966011239236
chr13_mat	7600000	7800000	0.016099759227726957	-0.8861374862209795	-0.1735202207096218	-0.359643406200802
chr13_mat	7800000	8000000	0.01898922952001895	-0.2813119648970767	0.3923877854545662	-0.12493594342498694
chr13_mat	8000000	8200000	0.016968697186040316	0.9033706286935214	0.340520054299451	-0.007397347591090259
chr13_mat	8200000	8400000	0.019649564057981808	0.745587584860425	0.7417727058872423	-0.08642982741017666
chr13_mat	8400000	8600000	0.01529646244937969	-0.510560009859789	0.1841005062982756	-0.13515752658981786
chr13_mat	8600000	8800000	0.018035354866832196	-0.4734140635738656	0.4685595763863594	-0.18656291311749504
chr13_mat	8800000	9000000	0.01234429169816807	-0.7904177532623	-0.0375351477569953	-0.19353927976924895
chr13_mat	9000000	9200000	0.01484038345379379	-0.49690113228014815	0.33806610966018	-0.1560526572657241
chr13_mat	9200000	9400000	0.016658445799458944	-0.21138542568387983	0.6542428057608312	-0.1069173110453952
chr13_mat	9400000	9600000	0.01868042132363757	-0.7468942592401374	0.1413816351982922	-0.3904039677473949
chr13_mat	9600000	9800000	0.01556879375497718	-0.6945377084692872	0.12368413505338718	-0.14842989396876527
chr13_mat	9800000	10000000	0.02198472563821195	-0.7311611635924465	-0.09120105794053038	-0.36235240941617886
chr13_mat	10000000	10200000	0.022548079974942417	-0.7041596399892363	-0.1386539157511673	-0.32845313463655423
chr13_mat	10200000	10400000	0.02355157365078804	-0.8609793160107586	-0.03801534354766941	-0.1131705361942287
chr13_mat	10400000	10600000	0.023348510498068048	-0.29786516585186235	0.9438569130008195	0.02584817461466982
chr13_mat	10600000	10800000	0.02204159432575354	-0.68560959568101	0.4175840770123861	0.061983729809251854
chr13_mat	10800000	11000000	0.015930064467564852	-0.2752146423037897	0.4434878121913745	-0.07368796637018112
chr13_mat	11000000	11200000	0.013769781708750008	1.0214524419573718	-0.04159243581250795	-0.00388548073729779
chr13_mat	11200000	11400000	0.015585927016130556	1.1041753713494529	-0.34087919115851584	-0.011952608862561408
chr13_mat	11400000	11600000	0.01496643405955118	0.9074667963286769	-0.18893442311836098	-0.05080990632519921
chr13_mat	11600000	11800000	0.014228701952927462	0.9631706646560233	-0.2836267500939926	-0.2178372387307143
chr13_mat	11800000	12000000	0.010876882206343235	0.1670059061411897	0.30285153686514477	-0.3218351722939221
chr13_mat	12000000	12200000	0.014205534126946463	0.8128113669031428	0.0016480230221661983	-0.34729431288068313
chr13_mat	12200000	12400000	0.017839493265586898	0.952531054860327	-0.30691904367555967	-0.6124819631651993
chr13_mat	12400000	12600000	0.014482139658404744	0.9109177112441836	-0.3399088870150695	-0.640397249681764
chr13_mat	12600000	12800000	0.015249345511414575	0.8971763952106011	-0.28758512991409624	-0.6861985615846921
chr13_mat	12800000	13000000	0.015455096655350891	0.9316736562973965	-0.35175563573294594	-0.7530890723728791
chr13_mat	13000000	13200000	0.016080091232328765	0.9114064267080352	-0.3224430824253651	-0.9761968085536404
chr13_mat	13200000	13400000	0.01622739823794946	0.8924886569242588	-0.3166353322015391	-0.666656884637701
chr13_mat	13400000	13600000	0.015453160591024695	1.032625810726636	-0.17835765308857743	-0.6625635442601796
chr13_mat	13600000	13800000	0.013584764529002251	0.158183242754828	0.3369680942588017	-0.3236216714452874
chr13_mat	13800000	14000000	0.013710898545803601	0.3504392493141359	0.30835033655384	-0.4576687807566766
chr13_mat	14000000	14200000	0.015340713426280473	1.0897657506056597	-0.06884323211232532	-0.39444071377404444
chr13_mat	14200000	14400000	0.013624261810682391	0.6697153327785866	0.1434615013863596	-0.4177597825855117
chr13_mat	14400000	14600000	0.013765922335584872	0.5683054929918291	0.33530180646337404	-0.2898895533571141
chr13_mat	14600000	14800000	0.010695878316535193	-0.5625566563805465	0.12987949439858268	-0.22481767317574067
chr13_mat	14800000	15000000	0.01168380874250862	-0.7793505226645848	0.04585662820716582	-0.279099847368209
chr13_mat	15000000	15200000	0.015089886081819326	0.31009720315671196	0.7238961112335061	-0.4795672773020088
chr13_mat	15200000	15400000	0.01003275327228114	-0.887003817288077	-0.02473282049943951	-0.22778678178558306
chr13_mat	15400000	15600000	0.010928851435797847	-0.45907382054310725	0.13311344036178402	-0.26245609535659414
chr13_mat	15600000	15800000	0.016054611355590942	0.7613487260651105	0.3962636368903778	-0.037880636272040115
chr13_mat	15800000	16000000	0.012499758459743042	-0.5196107584858853	0.3839585335520772	-0.22608917346044297
chr13_mat	16000000	16200000	0.01619459220110538	0.1476914474826967	0.7646983266866803	-0.5001856516703683
chr13_mat	16200000	16400000	0.016335898317514204	0.406419659350001	0.4972441506389972	-0.2420972296065542
chr13_mat	16400000	16600000	0.013038944111767618	-0.5809020591577811	0.2640997556709478	-0.22554322048147238
chr13_mat	16600000	16800000	0.07039441247851129	-0.9238908164423055	-0.5433122426456749	-0.25000401734543043
chr13_mat	16800000	17000000	0.013866154613700466	-0.5519779958230194	0.44421070895434966	-0.05883544855269384
chr13_mat	17000000	17200000	0.01066577309105644	-0.6485286281542855	0.13034974289262516	-0.07446843974353329
chr13_mat	17200000	17400000	0.017115632333365993	0.6299264680055823	0.5733191875187604	0.28442405402278537
chr13_mat	17400000	17600000	0.019973141969285686	0.48196339612573563	0.3455397826617294	0.6456675314605869
chr13_mat	17600000	17800000	0.03668444535345249	1.1967041753432581	-0.32316688694108126	0.9183714230217422
chr13_mat	17800000	18000000				
chr13_mat	18000000	18200000				
chr13_mat	18200000	18400000				
chr13_mat	18400000	18440361				
chr14_mat	0	200000				
chr14_mat	200000	400000	0.04553386822739835	-0.17052052628793057	0.18675320407939283	0.2965773731318562
chr14_mat	400000	600000	0.020976331189988325	0.06052755634930475	0.16341077987063446	0.42328885502678865
chr14_mat	600000	800000	0.016729474272109274	0.07310833205291876	0.2839991445465281	0.3594241612416048
chr14_mat	800000	1000000	0.019918780080381105	-0.02756203487076148	0.10438518583744756	0.23968770792069485
chr14_mat	1000000	1200000	0.017068126533312643	-0.31090336461202495	-0.01952680517750533	0.19613336836357706
chr14_mat	1200000	1400000	0.019812439014006047	-0.11241397758615752	-0.18651842146398495	0.2906858772946349
chr14_mat	1400000	1600000	0.016691003151534555	-0.1883482463039936	-0.09885857488699054	0.3585727918300816
chr14_mat	1600000	1800000	0.021625367169533144	0.3466146071309119	-0.0768800291990128	0.5448383518158294
chr14_mat	1800000	2000000	0.019539728362775104	1.0407041618425508	0.14343117660005453	0.03608158744645543
chr14_mat	2000000	2200000	0.023440590175814943	0.9112108942466746	-0.011173706927590083	-0.06577961246770163
chr14_mat	2200000	2400000	0.026125098301621793	0.9562456532000235	-0.2682739693206747	0.14165628477392148
chr14_mat	2400000	2600000	0.026936849319910458	0.1577910453434177	-0.049091916872087714	0.4913906068481155
chr14_mat	2600000	2800000	0.016161222388490416	-0.817009176629299	-0.31213032789183515	0.2824006766878684
chr14_mat	2800000	3000000	0.016131263211089635	-0.2903441213073451	-0.4457633575892821	0.41766765795179994
chr14_mat	3000000	3200000	0.06056422866854483	0.6891972898803517	-0.4535770361028209	0.38345463850643896
chr14_mat	3200000	3400000	0.034416391907932144	0.1972613174660506	-0.7191548875817506	1.017297748857705
chr14_mat	3400000	3600000	0.020662024164663992	0.24547542419796337	-0.48555032444060353	0.5690574111314561
chr14_mat	3600000	3800000	0.014247121473152468	-0.25708768214437244	-0.6773204493915839	0.6760519856556524
chr14_mat	3800000	4000000	0.024988697639184966	0.5555567688062742	-0.5735351609497779	0.6802284834298159
chr14_mat	4000000	4200000	0.017080827025621758	-0.28951002367266776	-0.6010076248538417	0.7798678741107729
chr14_mat	4200000	4400000	0.01752557041518029	1.1338541018064636	-0.3315506301324898	-0.09737047935955485
chr14_mat	4400000	4600000	0.02075605374651323	1.048564495816667	-0.28862928374383034	-0.06896183450326385
chr14_mat	4600000	4800000	0.018752778021610024	-0.085001449344163	-0.5361416889243303	0.5339175135365303
chr14_mat	4800000	5000000	0.015433927345125283	-0.6837692166424392	-0.29993113277751426	0.32490930497206094
chr14_mat	5000000	5200000	0.01579822689084297	-0.49580968584889706	-0.37511415670158943	0.3908409370048162
chr14_mat	5200000	5400000	0.012711141196822462	-0.7702079827821905	-0.2663278429724838	-0.3198750491552066
chr14_mat	5400000	5600000	0.013575729712474631	-0.8054425920610785	-0.2627411983410744	-0.3524612442000196
chr14_mat	5600000	5800000	0.011945600695094951	-0.7081860860174733	-0.1447598802411491	-0.13609501370304308
chr14_mat	5800000	6000000	0.0159804069761892	-0.5570311776627137	-0.3866595695688629	0.4478184790204655
chr14_mat	6000000	6200000	0.012131656867193181	-0.6425427121791669	-0.23689770709997404	0.07272272322986238
chr14_mat	6200000	6400000	0.014630296212231598	0.4656465876390139	-0.03820507580200531	0.5468723224118422
chr14_mat	6400000	6600000	0.01382151977420247	0.33437949501778463	0.06500886546160047	0.5460648545453926
chr14_mat	6600000	6800000	0.013341443442275547	-0.20382860339633907	-0.02592798863827812	0.41828644760605604
chr14_mat	6800000	7000000	0.013213472841481813	-0.7220267711597426	0.056961249640178256	-0.19917950143306384
chr14_mat	7000000	7200000	0.018688667139713913	-0.7405474392337866	0.20398499965834482	-0.39947298969460376
chr14_mat	7200000	7400000	0.01691792608747019	-0.7058531679195157	0.3221197405044568	0.11564145577726843
chr14_mat	7400000	7600000	0.017926022360406954	-0.55135747326496	0.3889913088392307	0.3205533663426367
chr14_mat	7600000	7800000	0.020529393799400088	-0.8018518881599989	0.4290687547143389	0.1434918026767722
chr14_mat	7800000	8000000	0.025388662189892417	-0.272534718142628	0.2989266932807236	0.7334022628725293
chr14_mat	8000000	8200000	0.02219404001662948	-0.1075577397280652	0.3972418062575511	0.7260221463736751
chr14_mat	8200000	8400000	0.016414749328319385	1.1457765585395074	1.0567733548806633	0.2998243803723091
chr14_mat	8400000	8600000	0.014426494921021233	1.0213536054481478	0.7108739254435943	0.3875801675564032
chr14_mat	8600000	8800000	0.009250219046627253	-0.5154078330277613	0.20454654349641552	0.036773757124190336
chr14_mat	8800000	9000000	0.010037999384403142	-0.2280056700821589	0.2936717555910975	0.44325719141904646
chr14_mat	9000000	9200000	0.010621477828148344	-0.15832253793278286	0.20423276592609915	0.26229340018072084
chr14_mat	9200000	9400000	0.014432873751586807	0.8883631356431948	0.6921476562253965	0.2645084251356668
chr14_mat	9400000	9600000	0.01520489687857845	1.0261847603684304	0.5228585516918254	0.07818410445288741
chr14_mat	9600000	9800000	0.010729045412767153	-0.4432097009480055	-0.020217620317298252	0.09431592348913895
chr14_mat	9800000	10000000	0.010121978094156452	-0.3816124536082377	0.1397689743686443	0.21321076429621744
chr14_mat	10000000	10200000	0.011462331758799288	-0.5407319659514837	0.04332165389032664	-0.005008590465128848
chr14_mat	10200000	10400000	0.011802004548964606	0.4154291694980675	0.020241875745245858	0.2665670575842908
chr14_mat	10400000	10600000	0.013879262478687787	1.2323412566366978	0.7425006463425704	-0.189863419839561
chr14_mat	10600000	10800000	0.013218431081830686	0.9803299234052583	0.5664557823092301	0.022044401330421272
chr14_mat	10800000	11000000	0.010899378914612744	-0.5118880758599264	-0.2649268973456893	-0.20605214592343468
chr14_mat	11000000	11200000	0.009696821333276172	-0.5947433294520197	-0.31182748918364883	0.22229859611434236
chr14_mat	11200000	11400000	0.012998155809813115	0.5450957665500691	-0.41252005940785225	0.28981530560336455
chr14_mat	11400000	11600000	0.015277021373325941	1.056537675505333	-0.4636480784052921	-0.2581587344981188
chr14_mat	11600000	11800000	0.014496464562303893	0.9589490634526792	-0.63141364155477	-0.26878644346793246
chr14_mat	11800000	12000000	0.014229008661569708	1.0411915904682405	-0.7864920772355014	-0.1688027408331363
chr14_mat	12000000	12200000	0.014122319201278637	0.9768766035550718	-0.6598927102287008	-0.27479201790684404
chr14_mat	12200000	12400000	0.014886479966754834	0.9938863672416064	-0.5110239697528574	-0.27330047218140785
chr14_mat	12400000	12600000	0.012804712669023348	1.0637645064612538	-0.5595166549080747	-0.2477727180398465
chr14_mat	12600000	12800000	0.014230692397647331	0.9045682644544986	-0.6109124854943487	-0.15690872123787847
chr14_mat	12800000	13000000	0.01475255260792968	1.0420643306067003	-0.4860948478867451	-0.1428192027086046
chr14_mat	13000000	13200000	0.01632337847725723	1.0047874919472288	-0.5145471843460242	0.4673218381187062
chr14_mat	13200000	13400000	0.012746145033181841	-0.5785574642080521	-0.36664037806249805	0.6853141683213648
chr14_mat	13400000	13600000	0.009823448969381943	-0.84136168307875	-0.42037595346383927	-0.6070648958796387
chr14_mat	13600000	13800000	0.008687243484132984	-0.8060987106839483	-0.4919354047929219	-0.40789911907639415
chr14_mat	13800000	14000000	0.010305175821030995	-0.7542676603685856	-0.24460980012971362	-0.5167115882167465
chr14_mat	14000000	14200000	0.011862747819815448	-0.8051396578993478	-0.3126576894625039	-0.28081685666520945
chr14_mat	14200000	14400000	0.009760886920147137	-0.436226297686767	-0.3297998433115016	0.40284986393163313
chr14_mat	14400000	14600000	0.010293639300250802	-0.6075380921352256	-0.31863037614458345	0.33626517027185265
chr14_mat	14600000	14800000	0.013332982441917796	-0.5409851853642493	-0.06151982355039693	0.35191211629458363
chr14_mat	14800000	15000000	0.010161405712251619	-0.4575293380368445	-0.08495111240037063	0.2805963367417552
chr14_mat	15000000	15200000	0.009884019803828805	-0.7769932550986399	-0.07825136552868205	-0.20852227334904777
chr14_mat	15200000	15400000	0.01159648503155623	-0.553153567997634	0.12810959003042952	0.3971049142883372
chr14_mat	15400000	15600000	0.023363290445402717	0.40000629501604607	0.44076446531709845	0.9796141141528577
chr14_mat	15600000	15800000				
chr14_mat	15800000	16000000	0.03679150840977934	-0.6391834353736973	0.2355675143302958	0.22295724224098687
chr14_mat	16000000	16200000	0.06648353285409284	-0.52757760939052	0.4897376174985414	0.5563797999836141
chr14_mat	16200000	16400000				
chr14_mat	16400000	16411571				
chr15_mat	0	200000				
chr15_mat	200000	400000	0.05125800472890654	-0.3117202918655024	-0.19941246574043095	-0.21804703503359574
chr15_mat	400000	600000				
chr15_mat	600000	800000	0.02587947844534936	0.8157119171497643	-0.3495631652355596	-0.6592092337660103
chr15_mat	800000	1000000	0.01497582001187656	0.938664565664835	-0.49394505025800917	-0.7460681629381029
chr15_mat	1000000	1200000	0.01213594641914984	0.25897062856492997	0.05141506040231614	-0.4366096764358002
chr15_mat	1200000	1400000	0.009787477458840597	-0.719549573767191	-0.0801660164723308	-0.3763123184690634
chr15_mat	1400000	1600000	0.009930887251660983	-0.7241567612477225	-0.30717204719804403	-0.2834101584215755
chr15_mat	1600000	1800000	0.010626665353822564	-0.6533926273511731	-0.14763665031734358	-0.36728253821515205
chr15_mat	1800000	2000000	0.011688665643356685	0.23414604791625365	0.18878979864709647	-0.1282631552811103
chr15_mat	2000000	2200000	0.010060154429305829	-0.4793276654336841	0.2640512417037081	-0.28397955390831664
chr15_mat	2200000	2400000	0.012077136554867605	-0.18047961282765645	0.47866554078878953	-0.22760060451202022
chr15_mat	2400000	2600000	0.010942024923659508	-0.16742016975739088	0.4884967123531499	-0.16037058838570703
chr15_mat	2600000	2800000	0.013264312434109691	0.4515900109156818	0.6572977455015876	0.05646620185859451
chr15_mat	2800000	3000000	0.015316752108177947	0.9957198549361261	0.343525807368686	0.09807431777850058
chr15_mat	3000000	3200000	0.009076434498139926	-0.5730306947895623	0.38510018551003355	-0.22056524477772996
chr15_mat	3200000	3400000	0.010521308140584867	-0.5629700559353656	0.03589801092210068	-0.08684324025405633
chr15_mat	3400000	3600000	0.01075216552955543	-0.5878822236127396	0.11604904208107641	0.008915651273993392
chr15_mat	3600000	3800000	0.01051834858395376	-0.4393667138313672	0.44719176887375717	0.3038543322993895
chr15_mat	3800000	4000000	0.013205162946551009	0.37568865992603756	0.6053490351375053	0.1542794703786146
chr15_mat	4000000	4200000	0.008734579480579381	-0.8023635526598298	0.07712610858301347	0.26083734125020913
chr15_mat	4200000	4400000	0.013272132026302645	-0.09992675773866172	0.4724198524506941	0.11147788341903424
chr15_mat	4400000	4600000	0.015395725492749137	0.8687057773150674	-0.0026320974316422887	0.4908798259303924
chr15_mat	4600000	4800000	0.01888793340157472	1.009491706039323	-0.5067005850579046	0.18051412547887313
chr15_mat	4800000	5000000	0.019677071131500534	1.0954483945487297	-0.2692506087072546	0.21421099951562814
chr15_mat	5000000	5200000	0.012480900175225202	-0.10899036279048288	0.4330448555463459	0.1767777602523221
chr15_mat	5200000	5400000	0.01308476611281803	0.1192446769451824	0.5803317615874637	0.07329314168104356
chr15_mat	5400000	5600000	0.009167594295262435	-0.674785155200559	0.21304704592620177	-0.09522689009396632
chr15_mat	5600000	5800000	0.015622175117497509	-0.433611691533779	0.3054053505982423	-0.1099945260489367
chr15_mat	5800000	6000000	0.012927600353425057	-0.2674942098532629	0.4117930035187304	-0.07616848701271987
chr15_mat	6000000	6200000	0.009732171596770908	-0.7023112042158669	0.04241377040104403	-0.39201549661940827
chr15_mat	6200000	6400000	0.012028034600296772	-0.3823260427487306	0.4132046101122544	-0.23283477970717015
chr15_mat	6400000	6600000	0.015571815125202696	0.33364694350909124	0.706433387095601	-0.34216285751360115
chr15_mat	6600000	6800000	0.018316786826903346	0.6961150067142379	0.36792716297190375	-0.47296469562584265
chr15_mat	6800000	7000000	0.011279222244267806	-0.11559887935530502	0.4830309681943052	-0.3600300251727967
chr15_mat	7000000	7200000	0.010934428253383446	-0.1353276674537151	0.6194888821263325	-0.3715048926431764
chr15_mat	7200000	7400000	0.016140799060308707	0.4392941510014424	0.42640067756587313	-0.49985061628584543
chr15_mat	7400000	7600000	0.016693147626575054	0.7886512987543661	0.12135465353045029	-0.4542429630653576
chr15_mat	7600000	7800000	0.01664677508281631	0.7518226409303332	-0.002679753762926937	-0.5393980843224528
chr15_mat	7800000	8000000	0.016222427728188177	0.883341903007469	-0.13769487948692152	-0.49798163030368897
chr15_mat	8000000	8200000	0.016105301315844936	1.0032059539802491	-0.23865575652405027	-0.8374006503776841
chr15_mat	8200000	8400000	0.012244426457035688	0.34968155941101214	0.4229373375694098	-0.350822606539115
chr15_mat	8400000	8600000	0.010081045221989174	-0.6572012730070915	0.3317583694336206	-0.09864014911023339
chr15_mat	8600000	8800000	0.011193755097061706	-0.4009752924458279	0.4039493514313987	-0.031877340676446
chr15_mat	8800000	9000000	0.019618803292080066	0.5851866255817705	0.31819268699606384	-0.11518196132746325
chr15_mat	9000000	9200000	0.017408720050050182	0.7887085129304306	0.3237545830856831	-0.08461451177241998
chr15_mat	9200000	9400000	0.01297476547470967	-0.1112640839276173	0.35157469552908827	-0.21085224388616947
chr15_mat	9400000	9600000	0.010745492048243472	-0.5429174264084167	0.05733399130516604	-0.1108267434583688
chr15_mat	9600000	9800000	0.011398453006557405	-0.45493655731077465	0.21205166179479032	-0.16984225485583995
chr15_mat	9800000	10000000	0.010632775429648541	-0.4059176883633779	0.16642786815014074	-0.22724674302858416
chr15_mat	10000000	10200000	0.008889670073783397	-0.5806110974188903	-0.0798385016580843	-0.25537069673424995
chr15_mat	10200000	10400000	0.009308515650350485	-0.7445743780012248	-0.24360837697748386	-0.30232751552790715
chr15_mat	10400000	10600000	0.01222802862162717	-0.5609535996659335	-0.20099153241202147	-0.3078987711293807
chr15_mat	10600000	10800000	0.009061921210384374	-0.6556658215290423	-0.11578141723789269	-0.2433875015210765
chr15_mat	10800000	11000000	0.011467592758940798	-0.682560292358245	-0.26283747959087755	-0.32873120622453267
chr15_mat	11000000	11200000	0.014465499539991754	-0.27048502244083433	0.16215015901322322	-0.2332785641096563
chr15_mat	11200000	11400000	0.011648658141951356	-0.40508619237368254	0.0964887019903432	-0.17649935049967871
chr15_mat	11400000	11600000	0.01045621546855157	-0.7766833060198606	-0.2034582773847727	-0.03208767935571588
chr15_mat	11600000	11800000	0.00953400890764622	-0.4999724076252073	0.12587948971495105	0.032810774336174804
chr15_mat	11800000	12000000	0.015945570278990084	0.39667416168244257	0.24483338261029863	0.20047250114800083
chr15_mat	12000000	12200000	0.014552375340252529	0.2875123874826447	0.496102989475535	0.21038699075063322
chr15_mat	12200000	12400000	0.01254328039356138	0.07158858117432788	0.46603042639809544	0.1722839899480687
chr15_mat	12400000	12600000	0.011321593968786918	-0.028766175808527108	0.31440947773710914	0.22789228371471335
chr15_mat	12600000	12800000	0.01427790559933775	1.141227858812474	-0.08921615584182592	0.14026446201181275
chr15_mat	12800000	13000000	0.012076778949407405	0.1640700670405015	0.5381846936787683	0.12350878735250222
chr15_mat	13000000	13200000	0.015578857192321629	0.5995457621690499	0.3560334110123035	0.08174859219393979
chr15_mat	13200000	13400000	0.016619025458597794	0.6527822314606798	0.2909603610368924	0.26767216576446173
chr15_mat	13400000	13600000	0.020942261204780262	0.3136602045454482	0.4696908924112767	-0.050007126423252404
chr15_mat	13600000	13800000				
chr15_mat	13800000	13831355				
chr16_mat	0	200000				
chr16_mat	200000	400000				
chr16_mat	400000	600000	0.07844869343522742	-0.8603782534849829	0.44320813167714396	1.1301780459766047
chr16_mat	600000	800000	0.04447358142059789	0.778744713799909	1.4451021939895907	1.3305877333024136
chr16_mat	800000	1000000	0.030054717475730814	0.7991088690861302	0.8263612211516469	0.3555284291251789
chr16_mat	1000000	1200000	0.035684857199867095	0.8302643859046199	0.7388596387621759	-0.054414337716287224
chr16_mat	1200000	1400000	0.04625645953347046	0.9730188167233444	0.9670349658400118	0.30974188189510254
chr16_mat	1400000	1600000	0.03614160313811821	0.437555321565314	0.365711273650787	-0.42216237787546507
chr16_mat	1600000	1800000	0.028945602347592244	0.7704706410349917	0.1886778046112722	0.03494917588802862
chr16_mat	1800000	2000000	0.03766769500613	0.4481797172165912	0.19643326881455042	-0.2789874417617078
chr16_mat	2000000	2200000	0.033089504396242246	0.5989670418636189	-0.21641964404514902	-0.03980422318204744
chr16_mat	2200000	2400000	0.03093372584301715	0.6424536194902583	-0.31494908926846016	-0.06914109323967672
chr16_mat	2400000	2600000	0.0372536959090852	0.659592240076874	-0.3491487577334259	0.11969915592205325
chr16_mat	2600000	2800000	0.034733223628505144	0.5515348355559766	-0.30752240755435967	-0.0931864341083888
chr16_mat	2800000	3000000	0.038414389135735395	0.57762804486335	-0.37080515105192047	-0.49271724562259334
chr16_mat	3000000	3200000	0.028225435027493095	0.6466629718038479	-0.3328851365063002	-0.2315291324802923
chr16_mat	3200000	3400000	0.03135149094020633	0.7003526583048362	-0.6573086364708038	-0.11274254786491761
chr16_mat	3400000	3600000	0.03414904633546655	0.9240256741340848	-0.9376559737773356	0.13620449925630587
chr16_mat	3600000	3800000	0.03196930662221866	0.8184823983543705	-0.6737750900758429	-0.17646012121519547
chr16_mat	3800000	4000000	0.038436962761715425	1.1222906495577176	-1.6197247562889479	1.3273119151233708
chr16_mat	4000000	4200000	0.019503480081657854	-0.48479246602891357	-0.776837418714901	1.237023248508013
chr16_mat	4200000	4400000	0.012120964636576935	-1.118958885156236	-0.28626929935706225	0.2935778511787782
chr16_mat	4400000	4600000	0.01647581259305227	-1.0437154321274444	-0.2067028789077282	0.20950192000007423
chr16_mat	4600000	4800000	0.013137552114559036	-0.7881539358339048	-0.3561805976042453	0.11337091373395708
chr16_mat	4800000	5000000	0.025467960736522938	-0.9202216154239742	-0.1709105626807854	0.11869116479215698
chr16_mat	5000000	5200000	0.05358243623292184	-1.0511337833511976	0.059342912073756755	0.17383560641470086
chr16_mat	5200000	5400000	0.02704931630874955	-1.0067490092000992	0.045606379105402085	0.20473365337234897
chr16_mat	5400000	5600000	0.13114040527291265	0.8951743323481678	0.2935507576961832	0.5539946067275756
chr16_mat	5600000	5740876				
chr17_mat	0	200000				
chr17_mat	200000	400000				
chr17_mat	400000	600000				
chr17_mat	600000	800000				
chr17_mat	800000	1000000	0.021397858120118053	-0.5083706792928044	0.19380161337047086	0.45368781589524604
chr17_mat	1000000	1200000	0.013664919055747928	-0.5277836078724402	0.2414843998057396	0.33222341119591414
chr17_mat	1200000	1400000	0.015323835556086133	0.1270363745707846	0.9302522477825595	0.056602787968737786
chr17_mat	1400000	1600000	0.008737142384148763	-0.8251384512205	-0.29516752795642576	0.3578926041148542
chr17_mat	1600000	1800000	0.01121539038364009	-0.7336097678057055	0.02293398778791997	0.049049405419697274
chr17_mat	1800000	2000000	0.013304659857709018	-0.3186794661314767	0.6843358249975268	0.2542269751312308
chr17_mat	2000000	2200000	0.01156069105009009	-0.59412853488023	0.19438774955976307	0.4246132390177693
chr17_mat	2200000	2400000	0.01607966245048682	0.7707991785606043	0.47201745637649384	-0.09738852365402602
chr17_mat	2400000	2600000	0.0210631686237349	0.6443852045667819	0.6820043083825887	-0.23537906949815354
chr17_mat	2600000	2800000	0.011238649632404278	-0.4577909730943068	0.521635586382192	0.04114385271190701
chr17_mat	2800000	3000000	0.01290267179005208	0.5557672014658311	0.4224983494079204	0.14324161520963918
chr17_mat	3000000	3200000	0.014712184151875533	0.9553757323466865	-0.21068207992647311	0.14250280233417387
chr17_mat	3200000	3400000	0.016638406344751683	0.9039164096432736	-0.10725198367462828	0.16624720179485747
chr17_mat	3400000	3600000	0.018358231159651087	0.9092600452880164	-0.2693899519753739	0.40365401505685633
chr17_mat	3600000	3800000	0.015775427326572552	0.23470224525647557	0.3975179042483704	0.5067100610742871
chr17_mat	3800000	4000000	0.01667030533443137	0.6876350115585673	0.055975804940422404	0.49519864587189744
chr17_mat	4000000	4200000	0.01588371583706884	0.7573395050866001	-0.008900234958907611	0.6713894558987039
chr17_mat	4200000	4400000	0.014736422544207296	0.9110138450889453	-0.2046595939912622	0.681543620436854
chr17_mat	4400000	4600000	0.01659767286531619	0.9281528232879542	-0.2152324703701466	0.7018701634059424
chr17_mat	4600000	4800000	0.017245184528662697	1.0212428400979996	-0.10432649458034936	0.6918254087023845
chr17_mat	4800000	5000000	0.016209579727179384	1.0106144202604412	0.019788222444478927	0.42601247244257157
chr17_mat	5000000	5200000	0.011512284869733387	-0.24585593916516338	0.4920851953050244	0.23582702126671717
chr17_mat	5200000	5400000	0.015223708468636805	0.2531535930625237	1.356166311740539	0.6412355079109562
chr17_mat	5400000	5600000	0.011259341547186826	-0.7646550137594011	0.2623500424229591	0.34959296856729555
chr17_mat	5600000	5800000	0.010981751467404335	-0.7912912857349057	-0.08634717572466756	0.4702086098880229
chr17_mat	5800000	6000000	0.009619418914518188	-0.7550030200646961	-0.5055930767283656	0.5704560348285488
chr17_mat	6000000	6200000	0.01106845859153936	-0.7303639006773138	-0.17149254937910755	0.353906446928919
chr17_mat	6200000	6400000	0.01173720270813447	-0.6625108769813209	0.0488774078784342	0.19563598878046892
chr17_mat	6400000	6600000	0.013442901111225869	-0.5388651844541281	0.23883827435896432	-0.03381773205478018
chr17_mat	6600000	6800000	0.011576606849967912	-0.7180276151378738	0.1316829971377659	-0.0416852459736226
chr17_mat	6800000	7000000	0.010045272631884043	-0.9098130633107943	-0.3331057307165977	-0.10741841279277432
chr17_mat	7000000	7200000	0.013488521178683835	-0.23937999615784908	0.886722998028535	-0.11455877240980052
chr17_mat	7200000	7400000	0.015379691570336527	-0.3540000212734547	0.7748082978421347	-0.23412548201313302
chr17_mat	7400000	7600000	0.010006585424408724	-0.8480690874901914	-0.33295659444414816	0.012599006970252478
chr17_mat	7600000	7800000	0.011213721332288616	-0.7561544305152396	0.02370681295245257	-0.2578228622084345
chr17_mat	7800000	8000000	0.015456750892819225	0.02178212953485759	0.9392467191474478	-0.3612486460529791
chr17_mat	8000000	8200000	0.01143734577330544	-0.5909364888282006	0.24947700253816082	-0.028667244776091214
chr17_mat	8200000	8400000	0.014651864331478845	0.44557762028776005	0.6000129084123454	-0.2801089549179939
chr17_mat	8400000	8600000	0.015772061028530175	0.4661701832213521	0.8292006784326885	-0.2842382114475392
chr17_mat	8600000	8800000	0.012807157782460696	-0.595943857441093	0.436757994831879	0.026391058218583428
chr17_mat	8800000	9000000	0.011051444293483361	-0.45417211882931324	0.3001176795675316	0.03328313471665749
chr17_mat	9000000	9200000	0.01202819101113473	-0.4364479260329626	0.13922410577455166	0.047962459935792665
chr17_mat	9200000	9400000	0.01139706850530973	-0.4089222701688118	0.311989303649564	0.1365941761759827
chr17_mat	9400000	9600000	0.015779355801635673	0.19972905677499803	0.6313705185830287	0.08204047154245189
chr17_mat	9600000	9800000	0.013795518293670643	-0.6562396025129362	-0.12841734307846225	0.32189831675632935
chr17_mat	9800000	10000000	0.013093935847896141	-0.7566220539114974	-0.19484820389994115	0.4152804537557978
chr17_mat	10000000	10200000	0.018930616031781266	-0.38549542630195	0.27654897552159613	0.42984607609191194
chr17_mat	10200000	10400000	0.015599567565822925	-0.4221521628103058	0.31289052884715124	0.3191397134622985
chr17_mat	10400000	10600000	0.012914034223594537	-0.6610164575434805	-0.010482447967782905	0.39778836845020094
chr17_mat	10600000	10800000	0.018734838055373893	-0.5755301510504566	0.14268364952003962	0.4379197760380365
chr17_mat	10800000	11000000	0.020012557051312666	-0.4962186814354109	0.2056813654407413	0.4185304952634918
chr17_mat	11000000	11200000				
chr17_mat	11200000	11378085				
chr18_mat	0	200000				
chr18_mat	200000	400000				
chr18_mat	400000	600000				
chr18_mat	600000	800000	0.038245737346686605	0.9503511364615816	-0.09381044195667797	-0.7483357985771694
chr18_mat	800000	1000000	0.01894405969493556	0.9916731778652542	0.010650673303988308	-0.9933480841852085
chr18_mat	1000000	1200000	0.015100720963566162	0.560223055974606	0.7884753015005637	-0.9773032207470138
chr18_mat	1200000	1400000	0.011288730093917418	-0.4674285764981204	0.6031649977408808	-0.5377302320950286
chr18_mat	1400000	1600000	0.01213079804545018	-0.7279729778911439	0.02729396409671272	-0.26174640954319417
chr18_mat	1600000	1800000	0.016716831532109087	-0.5617749236191227	0.10369307690479583	-0.12936849730680114
chr18_mat	1800000	2000000	0.020717949892465688	-0.492474109933166	0.20834968052304204	-0.08726009737177022
chr18_mat	2000000	2200000	0.022890941300190874	-0.4340666191239082	0.26115989233986975	-0.1302956664000835
chr18_mat	2200000	2400000	0.016284575551426216	-0.7886513089901587	-0.3570770640075993	-0.09918370127215245
chr18_mat	2400000	2600000	0.01571480062898303	-0.5999018931813072	0.020753117497472037	0.01715057569195431
chr18_mat	2600000	2800000	0.011873129619257735	-0.18520753729520104	0.4838949682950483	-0.09775106745863801
chr18_mat	2800000	3000000	0.011432332566517557	-0.27673395445723725	0.4957901920208949	0.0857786336653582
chr18_mat	3000000	3200000	0.016016831360324883	0.969457550371549	0.3644881093265624	0.3112638713263955
chr18_mat	3200000	3400000	0.015243816079075649	1.2158610864841985	-0.19170178940716537	0.39602239809695255
chr18_mat	3400000	3600000	0.013139169585227957	0.14252128745505824	0.49233737793873167	0.05773500535201208
chr18_mat	3600000	3800000	0.011714623316886809	-0.5795000128708089	-0.08055686529322316	-0.13972627449464586
chr18_mat	3800000	4000000	0.01194433706627341	-0.7087093524836025	-0.3013628128537794	-0.12537493453704404
chr18_mat	4000000	4200000	0.011928924944482932	-0.614271742527037	-0.16183439195315305	-0.21513539088062156
chr18_mat	4200000	4400000	0.010914359313834185	-0.40511875632683786	0.12031197133242817	-0.03983988358810796
chr18_mat	4400000	4600000	0.01568187410154352	0.5689593208801932	0.6128491911605733	0.16568314887598468
chr18_mat	4600000	4800000	0.014734947369797977	-0.15236137425672072	0.7516074947383601	0.11315361098362225
chr18_mat	4800000	5000000	0.016522577813761024	0.17095728622350856	0.6835634651655856	0.2125579254071044
chr18_mat	5000000	5200000	0.013279636213915666	-0.37330832911213896	0.4831041942431193	-0.015129121098396845
chr18_mat	5200000	5400000	0.01528469723538461	0.7446632807587971	0.34297921307984985	0.5155293475938728
chr18_mat	5400000	5600000	0.015518964435039553	0.49717888630081014	0.2010032224296048	0.3143558819300854
chr18_mat	5600000	5800000	0.016835700241146966	0.27690128548894305	0.6528997415409937	0.05491879283552505
chr18_mat	5800000	6000000	0.012481360898426011	0.21944511573187175	0.25343135710164183	0.15694102291649384
chr18_mat	6000000	6200000	0.01485488820090243	1.0392373023612946	-0.11350249432955169	-0.05805418899411506
chr18_mat	6200000	6400000	0.013464639428874462	0.4723266851971337	0.3324820910395061	-0.22962479591696197
chr18_mat	6400000	6600000	0.015079174213031453	1.1130236921538132	-0.06127909609362967	-0.1880039256993706
chr18_mat	6600000	6800000	0.013745290040579295	0.6579845975397524	0.2510722943047182	-0.36099381134709374
chr18_mat	6800000	7000000	0.009325905022220337	-0.6473382423034644	0.06404995915914882	-0.2253849537486471
chr18_mat	7000000	7200000	0.012765611364131199	0.21867135426842566	0.5848251559208699	-0.4907392063872795
chr18_mat	7200000	7400000	0.011902769083752662	-0.3963823214595051	0.43747058341377787	-0.2963585532181103
chr18_mat	7400000	7600000	0.015772912486425743	0.06043203669981948	0.5641321189089501	-0.23045563374555228
chr18_mat	7600000	7800000	0.010784334272280743	-0.7127615003006988	0.20039230032147834	-0.289714444644783
chr18_mat	7800000	8000000	0.011328468092016762	-0.5939961357793628	0.15844680144826015	-0.22828599980462133
chr18_mat	8000000	8200000	0.011700373500660569	-0.7802317267318271	-0.36302736736360003	-0.2413250958545974
chr18_mat	8200000	8400000	0.012072726780380818	-0.6632725700968741	0.12491257384103749	-0.14738051823589993
chr18_mat	8400000	8600000	0.010780600669756432	-0.7041892067163382	-0.19012557976638103	-0.014860247355389268
chr18_mat	8600000	8800000	0.015078330000694331	-0.34660542376408604	0.4883905370948168	0.2759712636886723
chr18_mat	8800000	9000000	0.010249050570780842	-0.7211171024428161	0.06831362932257459	0.1398209877472487
chr18_mat	9000000	9200000	0.014370951285439592	-0.18648150871160254	0.7553363323397898	0.810888440597347
chr18_mat	9200000	9400000	0.015561479042335393	-0.4146898903110574	0.5796287021540255	0.7397900916283782
chr18_mat	9400000	9600000				
chr18_mat	9600000	9800000				
chr18_mat	9800000	10000000	0.015529725722982763	1.1458947502306909	0.007733232118091805	0.7743667638007994
chr18_mat	10000000	10200000	0.01654158342152663	0.943808334154541	-0.4353314711077169	0.11993808002317011
chr18_mat	10200000	10400000	0.015762338527967032	0.866899928139131	-0.1834478160291107	-0.2336162383661759
chr18_mat	10400000	10600000	0.015121593835166354	0.54710893369292	0.0995467710560098	-0.43871968345615725
chr18_mat	10600000	10800000	0.023803069958869688	0.9217046935288007	-0.14000891105208915	-0.3771347859729653
chr18_mat	10800000	11000000	0.041012475247688675	-0.079880124984341	0.4803832845879903	-0.3484489872845374
chr18_mat	11000000	11200000				
chr18_mat	11200000	11233222				
chr19_mat	0	200000				
chr19_mat	200000	400000				
chr19_mat	400000	600000				
chr19_mat	600000	800000				
chr19_mat	800000	1000000				
chr19_mat	1000000	1200000				
chr19_mat	1200000	1400000				
chr19_mat	1400000	1600000				
chr19_mat	1600000	1800000				
chr19_mat	1800000	2000000				
chr19_mat	2000000	2200000				
chr19_mat	2200000	2400000				
chr19_mat	2400000	2600000				
chr19_mat	2600000	2800000				
chr19_mat	2800000	3000000				
chr19_mat	3000000	3200000				
chr19_mat	3200000	3400000				
chr19_mat	3400000	3600000				
chr19_mat	3600000	3800000				
chr19_mat	3800000	4000000				
chr19_mat	4000000	4200000				
chr19_mat	4200000	4400000				
chr19_mat	4400000	4600000				
chr19_mat	4600000	4800000				
chr19_mat	4800000	5000000				
chr19_mat	5000000	5200000				
chr19_mat	5200000	5400000				
chr19_mat	5400000	5600000	0.07212182145905284	0.6354120447227184	0.9753383573431561	0.5558969492874293
chr19_mat	5600000	5800000	0.011904458265389876	-0.563273511601768	0.23342487182543945	0.059167802901539814
chr19_mat	5800000	6000000	0.013561330175186603	-0.8069625663494903	-0.1388260201976677	-0.15809851425564847
chr19_mat	6000000	6200000	0.011737029293164983	-0.7646738353849925	0.1929711875914508	-0.42085392132431443
chr19_mat	6200000	6400000	0.01590966807641715	0.1688447778830052	0.7405479849940235	-0.08725902777334163
chr19_mat	6400000	6600000	0.01642346228293294	0.2086795845250842	0.3658048159220415	0.20563465853989676
chr19_mat	6600000	6800000	0.015822833439801322	0.7751068394762688	0.6768661772029384	0.6122652413200194
chr19_mat	6800000	7000000	0.010827877475160938	-0.6377233822084779	0.04392213534307276	-0.4200102371751756
chr19_mat	7000000	7200000	0.013618281531847869	-0.46022293512162527	0.20116179017471894	-0.26117286544370716
chr19_mat	7200000	7400000	0.010508378807320227	-0.48706958260852445	0.03351731726778055	-0.42633872310436155
chr19_mat	7400000	7600000	0.013104854281944179	-0.1467160692829152	0.3348159346882588	-0.19842949308998456
chr19_mat	7600000	7800000	0.013658452632295736	-0.36538910342625097	0.5163221277975041	-0.29958168031281324
chr19_mat	7800000	8000000	0.011197488064437253	-0.9709688556359191	0.08405417143493779	-0.3418948282271459
chr19_mat	8000000	8200000	0.01483599031308705	-0.1578866824371072	0.8261030981334894	-0.6111959699131256
chr19_mat	8200000	8400000	0.01748305618507123	0.1855204270934472	0.14002185748550053	-0.2594247201057707
chr19_mat	8400000	8600000	0.014374123096677117	0.8805882317424957	-0.035906021923788424	-0.30166929405989007
chr19_mat	8600000	8800000	0.015430340182103638	0.7445045694682197	-0.23132163041719792	-0.24801742408935062
chr19_mat	8800000	9000000	0.017024633894797588	0.6411897671602561	0.0390800882519903	-0.5893181771654118
chr19_mat	9000000	9200000	0.01580267005168333	0.6545791121968996	-0.1568801050025177	-0.5373448664586269
chr19_mat	9200000	9400000	0.016134046842126173	0.7523833409182746	0.1323093935948577	-0.6338418328619511
chr19_mat	9400000	9600000	0.017110302449132857	0.74837739530609	0.17384404246179208	-0.5960495560261846
chr19_mat	9600000	9800000	0.01697458594799264	0.6286863353071865	-0.2803898137600481	-0.33784334691222656
chr19_mat	9800000	10000000	0.01671527839056599	0.5877796826759643	0.0658987331123081	-0.2528914363129454
chr19_mat	10000000	10200000	0.01486074651820565	0.453416142677207	0.1537383265458752	0.011056600788319187
chr19_mat	10200000	10400000	0.016496486668186268	-0.7321441598055556	0.6806335434699585	-0.09864728145703308
chr19_mat	10400000	10600000				
chr19_mat	10600000	10800000				
chr19_mat	10800000	11000000				
chr19_mat	11000000	11169410				
chr20_mat	0	200000				
chr20_mat	200000	400000				
chr20_mat	400000	600000				
chr20_mat	600000	800000				
chr20_mat	800000	1000000				
chr20_mat	1000000	1200000	0.019706252237868965	-0.5760227185583222	0.017558804621427462	0.14434547504714218
chr20_mat	1200000	1400000	0.012581173048018765	-0.7902777509695664	0.10651304060495163	0.2794290985312252
chr20_mat	1400000	1600000	0.01603042045288825	-0.5786096375497146	-0.3885988396120649	0.0548365923345443
chr20_mat	1600000	1800000	0.03324184032547641	-0.7547695591380503	0.4860988126049882	0.2720320647885068
chr20_mat	1800000	2000000				
chr20_mat	2000000	2200000	0.022200744912462475	-0.708214346505345	-0.054446695364479374	0.29353011745272384
chr20_mat	2200000	2400000	0.010768884589651497	-0.5991903194651911	-0.4135342640752596	0.27861282175956925
chr20_mat	2400000	2600000	0.012541780887386679	-0.19329966857048703	-0.6955547304851487	0.1843674770429
chr20_mat	2600000	2800000	0.01620796413816886	0.7296657610390469	-0.4371504496628213	0.10232453825500794
chr20_mat	2800000	3000000	0.01627726324184521	0.4280298027986719	-0.5163469169110593	0.34562961015874655
chr20_mat	3000000	3200000	0.010203495403193348	-0.8582625435284834	0.012041659974094043	0.14213029001902525
chr20_mat	3200000	3400000	0.013123134928395506	-0.10663654956731736	-0.5174437443146732	0.01845994450755192
chr20_mat	3400000	3600000	0.014434197144363043	0.6696746734561673	-0.6416510414674154	0.16530137445965756
chr20_mat	3600000	3800000	0.009273786737867724	-0.7104750010999052	-0.4827733232037854	0.13942672466471528
chr20_mat	3800000	4000000	0.01229371097189511	0.1750034431340862	-0.4606623920219557	0.2188500647927831
chr20_mat	4000000	4200000	0.013400755164809	0.9748356243540774	0.1085624584783106	0.14736407811766447
chr20_mat	4200000	4400000	0.015834350673077376	1.0634995651975823	0.28782078501200803	-0.027869731538406786
chr20_mat	4400000	4600000	0.01648818999681392	0.7529312972050342	0.034907283579206985	0.1505665170502897
chr20_mat	4600000	4800000	0.01275471932531991	-0.058566138198371975	-0.3870331480755408	0.10163465871673279
chr20_mat	4800000	5000000	0.011795608958100215	-0.14619523882983207	-0.27942032632148955	-0.0041393952746526805
chr20_mat	5000000	5200000	0.011956637751807268	0.33823749799313746	-0.3922020604899922	-0.26820273417906704
chr20_mat	5200000	5400000	0.01503520209260335	0.9649418137789694	0.17458121235965415	0.07296845213106132
chr20_mat	5400000	5600000	0.01520481412968091	0.9333187748716378	0.17176696794976148	-0.4371393753451496
chr20_mat	5600000	5800000	0.014778084006306336	1.0501084155699927	0.045770200456121485	-0.5344851669127487
chr20_mat	5800000	6000000	0.018009510341614115	0.7855314239868335	-0.42737606427534286	-0.13254263249001424
chr20_mat	6000000	6200000	0.011481970553272944	-0.6499869129113391	-0.2445057702035586	-0.18508288933930633
chr20_mat	6200000	6400000	0.013142327432775894	-0.37249224141983933	-0.5085728257750075	-0.07849535543183551
chr20_mat	6400000	6600000	0.010255980922257218	-0.6687985962185947	-0.152603298178321	-0.1385405622687229
chr20_mat	6600000	6800000	0.013254584926709743	-0.3324822366428607	-0.3859602686040693	-0.11177073283256649
chr20_mat	6800000	7000000	0.011926492317839744	-0.5812239520969613	-0.3709703881178866	0.00582106095526408
chr20_mat	7000000	7200000	0.01615027049051934	0.4839023700378163	-0.5428456152852815	-0.2841453070128651
chr20_mat	7200000	7400000	0.010195868495317251	-0.6822399780455184	0.07233773463837387	0.10024013112057714
chr20_mat	7400000	7600000	0.025084176561163865	-0.171011800299986	-0.379446984936015	-0.021094106113897348
chr20_mat	7600000	7800000				
chr20_mat	7800000	8000000				
chr20_mat	8000000	8200000	0.012400617644253398	-0.6209641414867217	0.14409882133404098	0.31556619620697585
chr20_mat	8200000	8400000	0.011782274323014793	-0.7491030606283936	0.7488794727452681	0.2542752030195813
chr20_mat	8400000	8600000	0.013951091957345858	-0.4972344164389991	-0.02440606948259036	0.15699694749726142
chr20_mat	8600000	8800000	0.010135367106496188	-0.6567403427969216	0.24536124130398668	0.22388740949879266
chr20_mat	8800000	9000000	0.011661366263475916	-0.6303899236560625	-0.04813616104995604	0.13013760188106138
chr20_mat	9000000	9200000	0.012816818867557178	-0.20223177618395877	-0.4593033342311967	0.16646725855336764
chr20_mat	9200000	9400000	0.014058275502429092	-0.14122844663139425	-0.44403103655500054	0.37904599141588813
chr20_mat	9400000	9600000	0.015271020323283974	0.7450897305214328	-0.21570723526963828	0.4574684131197842
chr20_mat	9600000	9800000	0.013574464186870114	0.340922971257766	-0.5242280218925113	0.45508558489410456
chr20_mat	9800000	10000000	0.015987744377988354	0.5383705859454682	-0.17078681401361542	0.3145538900136129
chr20_mat	10000000	10200000	0.010626784700140269	-0.4451770921292133	-0.2530154192004737	0.24146179504036033
chr20_mat	10200000	10400000	0.012593148192220275	0.28552830229190945	-0.5185151891604087	0.5096405614791839
chr20_mat	10400000	10600000	0.017085561354373842	0.7036785436936356	-0.33952692020829445	0.7124325509276147
chr20_mat	10600000	10800000	0.011384059064937101	-0.5756824474339765	-0.3244526785422671	0.3343490561471203
chr20_mat	10800000	11000000	0.01046682517142566	-0.5685949169609087	-0.29673389023410246	0.27250635646884674
chr20_mat	11000000	11200000	0.015162212002160554	0.9596017380464311	0.07923946995084614	0.5706465363976241
chr20_mat	11200000	11400000	0.017842301578216917	0.9655159780293253	0.2898631053888014	0.6844678588179094
chr20_mat	11400000	11600000	0.01561022943449909	1.0003428266914118	0.29810130316604233	0.8656688344372626
chr20_mat	11600000	11800000	0.01342498696016075	0.9114190642742954	0.09064973425425912	0.6366975034621094
chr20_mat	11800000	12000000	0.015531583433776041	0.4819195641572386	-0.38000267780697816	0.26987405883792426
chr20_mat	12000000	12200000	0.009591094599306627	-0.7325937678543926	0.046934353805791224	0.2124711341039968
chr20_mat	12200000	12400000	0.010862668628914886	-0.4631119461576891	-0.13664682220535102	0.14359492738269602
chr20_mat	12400000	12600000	0.013790247422213542	0.31835869299966646	-0.22563871666873342	0.1553987735536309
chr20_mat	12600000	12800000	0.013351638315099782	-0.16645802308309543	-0.6229598031490053	-0.08575327853055661
chr20_mat	12800000	13000000	0.01073039455676175	-0.20519816566819282	-0.1781271535829264	-0.010572365549244987
chr20_mat	13000000	13200000	0.012361672917063995	0.10467604523955813	-0.1633143241632953	-0.05080539735571721
chr20_mat	13200000	13400000	0.009123514213072968	-0.28693905641938955	-0.18026780567052034	-0.15884351926916623
chr20_mat	13400000	13600000	0.011218913784120214	0.283418559200852	-0.4265782157854906	-0.27031363178314355
chr20_mat	13600000	13800000	0.01594041274995248	0.7825557267361745	-0.24109019814901098	-0.5313685255795251
chr20_mat	13800000	14000000	0.016917748214434973	1.0203565300150006	0.11312019023297493	-0.5779574419509259
chr20_mat	14000000	14200000	0.015666179427480824	0.7990567848037253	-0.24996347303446334	-0.554449172331974
chr20_mat	14200000	14400000	0.016628650831407604	0.6331980167424915	-0.4137056916682016	-0.5073264654468945
chr20_mat	14400000	14600000	0.009855917902188132	-0.7642834116860774	-0.12964052565794937	-0.21839380512971102
chr20_mat	14600000	14800000	0.012466222428139731	-0.3713467060920036	-0.5712047744001382	-0.2372667790070661
chr20_mat	14800000	15000000	0.016075091480443737	-0.13050196559909233	-0.5311471559851476	-0.24985852314023196
chr20_mat	15000000	15200000	0.02224556383685787	-0.4468191997126719	-0.17869722471208968	-0.23609993411065835
chr20_mat	15200000	15400000	0.05601605918348643	0.7145880971025151	-0.008018293431350458	0.43221108696126537
chr20_mat	15400000	15459785				
chr21_mat	0	200000				
chr21_mat	200000	400000	0.01884248005973868	0.10591016103586741	0.18885929717952551	0.2421590130720043
chr21_mat	400000	600000	0.014622019262501632	-0.18396539591447456	-0.08252933355783565	0.008758697964674524
chr21_mat	600000	800000	0.015578139668773767	0.14945053003273004	0.06409334193295137	-0.02119504386577409
chr21_mat	800000	1000000	0.011308466439168633	-0.49403158485783816	0.04932701206510017	-0.2920925460934258
chr21_mat	1000000	1200000	0.011038810467077477	-0.4546838891179097	0.29446827392458924	-0.4284807007842358
chr21_mat	1200000	1400000	0.016971766647794043	0.1892957646157449	0.2770926388846495	-0.22680555612481598
chr21_mat	1400000	1600000	0.011714602913764843	-0.11709207730700733	0.5352438994802203	-0.18890207780727003
chr21_mat	1600000	1800000	0.009127677886135603	-0.5180050274790164	0.3246995019446153	-0.02603497498486895
chr21_mat	1800000	2000000	0.009403617949889325	-0.4664688352988325	0.21801979520223466	-0.22980812998300917
chr21_mat	2000000	2200000	0.011028453090232804	-0.46333708987753985	0.30324266456120813	-0.32228574341791766
chr21_mat	2200000	2400000	0.01262579183329423	-0.19952762796143253	0.4900415766378213	-0.48688900858923134
chr21_mat	2400000	2600000	0.011189150555745073	-0.18903359637463238	0.8611596997583465	-0.5055754722066279
chr21_mat	2600000	2800000	0.013524066674912835	0.6378121353964705	0.584338488711689	-0.81414783521808
chr21_mat	2800000	3000000	0.01443657139522493	0.6558964021166954	0.24369819434890214	-0.5357755705403552
chr21_mat	3000000	3200000	0.012173606327443128	0.3132767314126908	0.3442679344484602	-0.45050426968563956
chr21_mat	3200000	3400000	0.013011908781811453	0.2813175590447602	0.1320484246273932	-0.25784659873159504
chr21_mat	3400000	3600000	0.013978126240621478	-0.11247721768321335	0.07949753257855983	0.0551638314642878
chr21_mat	3600000	3800000	0.013031582960293645	-0.16695566970301792	0.26485056603963325	0.44691406419043095
chr21_mat	3800000	4000000	0.012347191315922776	-0.21416059547330096	0.6800858952087449	0.6334600167415321
chr21_mat	4000000	4200000	0.0136110870868723	0.426532210061386	0.6067533011369678	0.6608541616719535
chr21_mat	4200000	4400000	0.011034134230577258	0.22988936396525286	0.8669319318179323	0.5436816928467629
chr21_mat	4400000	4600000	0.009134345700098393	-0.4664817513772803	0.13393361283015037	0.38614119053191137
chr21_mat	4600000	4800000	0.009446184746571468	-0.34698887779767257	0.40885343237242555	0.3347252267478175
chr21_mat	4800000	5000000	0.02713412392791894	0.21474166765417899	0.653902724782866	0.37852857391760275
chr21_mat	5000000	5200000	0.012271154096292067	-0.38610494008348306	0.19935324267849053	0.3132966005409813
chr21_mat	5200000	5400000	0.011855806022753854	-0.7029630314281432	-0.4200597098499783	0.1790206304051869
chr21_mat	5400000	5600000	0.010649671318227265	-0.6853282200243634	-0.33331749589468807	0.004742600122019478
chr21_mat	5600000	5800000	0.009043818766348872	-0.6957133034388473	-0.44647922053427586	-0.18888958282786278
chr21_mat	5800000	6000000	0.007779293024837824	-0.048798104456225525	-0.09580360989644635	-0.2566685200086184
chr21_mat	6000000	6200000	0.00955914948341714	0.9580866753193985	-0.37442743236907394	-0.13429820476654822
chr21_mat	6200000	6400000	0.011389474946148094	0.528210991757409	-0.3652829382587028	-0.018630168247756908
chr21_mat	6400000	6600000	0.009786124223719724	-0.7226115971113648	-0.3806088757004204	-0.05993068147488573
chr21_mat	6600000	6800000	0.011433484878028921	-0.20039350071614145	-0.02084719431533491	-0.10042216918668359
chr21_mat	6800000	7000000	0.011118704526067306	-0.16494872836931115	0.06182856819959415	-0.23141664057128555
chr21_mat	7000000	7200000	0.018684592000454726	0.8746991382805367	-0.22527468507478873	0.307947814390756
chr21_mat	7200000	7400000	0.04238904759255865	0.9768909060226109	-0.36907960449916	0.18499670141200436
chr21_mat	7400000	7600000				
chr21_mat	7600000	7800000				
chr21_mat	7800000	8000000				
chr21_mat	8000000	8001925				
chr22_mat	0	200000				
chr22_mat	200000	400000				
chr22_mat	400000	600000				
chr22_mat	600000	800000	0.012925038330888709	-0.5543457170348586	0.358286960941856	-0.19217293899943896
chr22_mat	800000	1000000	0.014158061162160255	-0.7914569771601202	0.6759027309449472	0.3521190377185685
chr22_mat	1000000	1200000	0.021328912449530876	0.12261583010084148	0.5938164752393505	0.1938117306416727
chr22_mat	1200000	1400000	0.020550448003876527	0.7100935399088133	0.5748731156336092	-0.5762079280848439
chr22_mat	1400000	1600000	0.012095641164761549	0.06839059997944426	0.18852349887972011	0.0027166806100410302
chr22_mat	1600000	1800000	0.011601886942344068	-0.2274387205012143	-0.055273120522183763	-0.18451847259539358
chr22_mat	1800000	2000000	0.024794286668384225	-0.34450687103016403	-0.021964806921075084	-0.12378235046404247
chr22_mat	2000000	2200000	0.011955625291803289	-0.40530044297707113	-0.027407975519931734	-0.08952021733898383
chr22_mat	2200000	2400000	0.009725412486728738	-0.5162784379721034	0.04868143509265196	-0.05551741521337069
chr22_mat	2400000	2600000	0.008769072884584173	-0.4626058402798737	-0.18034472045192534	-0.016556473537332903
chr22_mat	2600000	2800000	0.010448432135270263	-0.005889124945363918	0.005945648442944277	-0.4350037138043428
chr22_mat	2800000	3000000	0.01262878516169997	0.7190937517873406	0.06948369994958849	-0.5443601123798597
chr22_mat	3000000	3200000	0.010710652661214702	0.13003486694911057	0.1194208311708373	-0.4512268533513982
chr22_mat	3200000	3400000				
chr22_mat	3400000	3600000				
chr22_mat	3600000	3800000				
chr22_mat	3800000	4000000				
chr22_mat	4000000	4200000				
chr22_mat	4200000	4400000	0.011992871965813065	-0.8000550074678919	-0.8862338025545077	-0.5543391339090922
chr22_mat	4400000	4600000	0.011921805335862786	-0.41247682227215887	0.3522610907616176	-0.7786623522799033
chr22_mat	4600000	4800000	0.026624870950573892	-0.6581361027234126	0.7279541986731219	-0.12616071263291714
chr22_mat	4800000	5000000				
chr22_mat	5000000	5052704				
chr23_mat	0	200000				
chr23_mat	200000	400000				
chr23_mat	400000	600000	0.020436647396703866	-0.3920001731504928	0.587289784729081	-0.13142127258049632
chr23_mat	600000	800000	0.012600067341981967	-0.2885562427896762	0.17506194278616405	-0.15143635167893127
chr23_mat	800000	1000000	0.016240558782256907	0.6198857680105329	-0.008046542484010974	-0.08829599386378997
chr23_mat	1000000	1200000	0.013730689636709242	0.1694564226070553	-0.10180018085438404	-0.05711776388631022
chr23_mat	1200000	1400000	0.04417071017404346	-0.11158742865444299	-0.27973557912383207	-0.11086615846212275
chr23_mat	1400000	1600000	0.011838521377603483	-0.35373909328319986	-0.31522736075786495	-0.34672985980690363
chr23_mat	1600000	1800000	0.014357691424275426	0.1757767307824687	-0.5381864591865134	-0.628296704817708
chr23_mat	1800000	2000000	0.015589834539094507	1.1587937011763267	-0.37162345578073985	-0.2176513738835306
chr23_mat	2000000	2200000	0.010382268837034948	-0.01526997617798743	-0.7811380490487894	-0.892377444379763
chr23_mat	2200000	2400000	0.011410571996653653	-0.49266325111600373	-0.9675863144570631	-1.0306464012256886
chr23_mat	2400000	2600000	0.010865937096546449	-0.987081869917923	-0.9209847755726204	-0.3219913524927556
chr23_mat	2600000	2800000	0.011496449968156209	-0.8562352369491232	-0.6291017123792622	0.32779536669525533
chr23_mat	2800000	3000000	0.009847849954810535	-0.8397585284671883	-0.36709495415211385	0.23433557620381598
chr23_mat	3000000	3200000	0.013475739705843842	-0.49868260843449325	-0.3589498784061838	-0.17363490062622144
chr23_mat	3200000	3400000	0.012391124372745586	-0.6725296202247846	-0.1312887395326594	0.23389396175179
chr23_mat	3400000	3600000	0.013079219071478415	-0.6569382682746832	0.07349967103790757	0.14479390178252444
chr23_mat	3600000	3800000	0.013056296639012204	-0.7352107056737575	0.40471401438978366	0.3473794176329608
chr23_mat	3800000	4000000	0.04205060605504747	-0.7849221060225423	0.6838630079912196	0.14243747188133843
chr23_mat	4000000	4200000	0.014444188008062403	-0.913322788876084	0.663357125423526	0.19543823690995143
chr23_mat	4200000	4400000	0.013375009461783355	-0.857136896735404	0.9114685640072727	-0.5246762201420735
chr23_mat	4400000	4600000	0.012627399589101357	-0.4187751436286326	0.9000285734058786	-0.9268609385254754
chr23_mat	4600000	4800000	0.014118274767288254	-0.1962200200299102	0.8050853801308578	-0.9378855696948977
chr23_mat	4800000	5000000	0.018340352023727705	0.675260452178365	0.6860749004856267	-0.7733183932575739
chr23_mat	5000000	5200000	0.01600021162955327	0.9579000383682744	0.44604186814866725	-0.14172463017802633
chr23_mat	5200000	5400000	0.01555516076024739	0.6786227401529823	0.2808414297462837	0.04369632978873275
chr23_mat	5400000	5600000	0.014355220591630238	0.9111225276664101	0.18775682648772155	0.25049133572895466
chr23_mat	5600000	5800000	0.010666866448941048	-0.21487113225904994	0.17887645695531626	-0.4105878041459419
chr23_mat	5800000	6000000	0.011449250362173341	0.22872257328986245	0.07821162504885648	-0.08187105234561079
chr23_mat	6000000	6200000	0.018750803404616795	0.7456304097616586	-0.036611341333048365	0.12738410081418314
chr23_mat	6200000	6400000	0.031168557995061894	0.6843082957037128	-0.33054680905981887	-0.3503048428447934
chr23_mat	6400000	6600000				
chr23_mat	6600000	6800000				
chr23_mat	6800000	6987744				
chr24_mat	0	200000				
chr24_mat	200000	400000				
chr24_mat	400000	600000				
chr24_mat	600000	800000	0.03239840864915744	0.4744754263955622	-0.4707732166549097	0.5270286028425474
chr24_mat	800000	1000000	0.02428514199951665	0.5486034282858071	-0.49404090325025884	0.574421974009472
chr24_mat	1000000	1200000	0.013007404345639805	0.20098141791980043	-0.5869503465543713	0.3969652970783485
chr24_mat	1200000	1400000	0.013502389306661483	0.5700362341182428	-0.32949808174889467	0.5375478802176537
chr24_mat	1400000	1600000	0.014473671667570326	0.7824253052853026	0.25721780129672106	0.3801678806276454
chr24_mat	1600000	1800000	0.016667353470189356	0.8219811654967566	0.2939969840161072	0.3079839229751444
chr24_mat	1800000	2000000	0.011356812657089984	-0.2926437057609715	0.011949807200761687	-0.17064458879331465
chr24_mat	2000000	2200000	0.010381648983372724	-0.7271421214335622	0.09101652158375755	-0.3638808064598673
chr24_mat	2200000	2400000	0.014126833866289903	0.003583459339676731	-0.4931409784847919	-0.11539692128804448
chr24_mat	2400000	2600000	0.012365457335151958	-0.21348650932664723	-0.04001645746640963	-0.27995405655535477
chr24_mat	2600000	2800000	0.011989967031144291	0.04052992558670874	0.14555223157413663	-0.2529997292625071
chr24_mat	2800000	3000000	0.01573645663494898	0.7763640081261739	0.33572994773231696	-0.40251580234178563
chr24_mat	3000000	3200000	0.01972876380845558	0.7578290253707994	0.46075938756134044	-0.692248060105662
chr24_mat	3200000	3400000	0.01834998157369608	0.7292146106748283	0.41926516261807706	-0.6362682952157283
chr24_mat	3400000	3600000	0.01812085425885299	0.7139767349251279	0.22441119493462935	-0.5446677897649903
chr24_mat	3600000	3800000	0.01204776597255086	-0.3332656269240862	-0.015157784740148278	-0.4101375040643987
chr24_mat	3800000	4000000	0.015816478031184352	0.7662030158456106	0.11479310527062095	-0.4050213699439917
chr24_mat	4000000	4200000	0.013612114599042323	0.7823475893132795	-0.3412729948803658	-0.6623323938146061
chr24_mat	4200000	4400000	0.011287789397160656	-0.05317382838540723	-0.5177569585151024	-0.46105219106159556
chr24_mat	4400000	4600000	0.013194373426609497	0.30645759755142277	-0.7087884116049115	-0.574291329070228
chr24_mat	4600000	4800000	0.013686052831168298	0.550757457273817	-0.5651689394426207	-0.47543343103097774
chr24_mat	4800000	5000000	0.012195642398146382	-0.50150312921877	-0.3569064128673331	-0.30056479593023344
chr24_mat	5000000	5200000	0.013592953394093055	0.05832611364383219	-0.6965233067960773	-0.32089813704009346
chr24_mat	5200000	5400000	0.011368091200798422	-0.7111952212105985	-0.14359394383996982	-0.28523961670712794
chr24_mat	5400000	5600000	0.013177739709837953	0.3441916523864775	-0.8945816550389629	-0.10659712185567191
chr24_mat	5600000	5800000	0.013576288006924248	-0.4621176373788527	-0.40220124404427104	-0.10952482280787458
chr24_mat	5800000	6000000	0.012808879334342617	-0.2379066803282312	-0.36054535202410726	-0.09508472917606574
chr24_mat	6000000	6200000	0.010937081260356704	-0.5656455154643216	-0.2597330594642486	-0.1842476828526342
chr24_mat	6200000	6400000	0.013807696310581177	0.23972748260397525	-0.7408362010233797	0.1331352126099816
chr24_mat	6400000	6600000	0.016808513924881672	0.027626375116996976	-0.5233453702349548	-0.0005046166757293717
chr24_mat	6600000	6800000	0.01623444423302454	-0.506975962915502	-0.01863428441953747	-0.17302292759967142
chr24_mat	6800000	7000000	0.012801159015806592	-0.6926760800807534	0.09232756465584048	-0.38494474272792994
chr24_mat	7000000	7200000	0.021896103745846066	0.3488443116632868	-0.4311420475709292	-0.015360668310500977
chr24_mat	7200000	7400000	0.02111986136017072	-0.37222626371514195	-0.15922896212274282	-0.19591458035608933
chr24_mat	7400000	7600000				
chr24_mat	7600000	7800000				
chr24_mat	7800000	7809384				
chr25_mat	0	200000				
chr25_mat	200000	400000				
chr25_mat	400000	600000				
chr25_mat	600000	800000	0.12050364196892496	1.3267515321823515	1.4640027800002957	-0.08058866709514816
chr25_mat	800000	1000000	0.044674089066108806	0.6130882949365357	0.9584962251080791	-1.0628303189665202
chr25_mat	1000000	1200000	0.036874877018432936	0.8945508530535735	1.609350471109156	-1.2726627266235853
chr25_mat	1200000	1400000	0.08827877106423702	0.657234455056069	0.26262493461868175	0.542213612323409
chr25_mat	1400000	1600000	0.0666746660665783	0.5716344354471988	0.12801923137726576	0.39114363760982046
chr25_mat	1600000	1800000	0.08575660205091289	1.2636497857074607	0.7878840031916147	-0.7875210731684785
chr25_mat	1800000	2000000	0.09619961489243818	0.511876813977958	0.2191676953591975	0.30782449096383535
chr25_mat	2000000	2200000	0.06749489607161169	0.5486853022268744	-0.039688301919365336	0.5237457005091618
chr25_mat	2200000	2400000	0.07328203978638201	0.7462755957060931	0.20096224901884707	0.6775889173787901
chr25_mat	2400000	2600000	0.06905351883092076	0.646744518966382	0.08432380840690513	0.4690531362280912
chr25_mat	2600000	2800000	0.05489091380142659	0.893204609398901	-0.17462026937551636	-0.4178553891788213
chr25_mat	2800000	3000000	0.10510279603713468	0.7449373165415798	-0.3799143193682956	0.5427193580713642
chr25_mat	3000000	3200000	0.08680116228577647	0.691846064271111	-0.49424201574119936	0.474928996413174
chr25_mat	3200000	3400000	0.0484334642521147	0.8385830853870466	-0.4734675247632922	-0.0486474773592297
chr25_mat	3400000	3600000	0.08073660699192246	0.12159535240794475	-0.2696940150618437	-1.3244411458936938
chr25_mat	3600000	3800000	0.10803358423760608	0.803458020554184	-0.29469554432455963	0.3229809235306617
chr25_mat	3800000	4000000	0.0681539880191728	0.8524536017448648	-0.8726404258424657	0.5498331742948442
chr25_mat	4000000	4200000	0.09680535011387102	0.3769386424944884	-0.255618887138681	0.7205111840335849
chr25_mat	4200000	4400000	0.09031275572333228	0.999175625931919	-0.853649319447281	0.13753085590680322
chr25_mat	4400000	4600000	0.03823131578903511	1.1884103589072317	-1.8053534824434565	-1.1833155162441615
chr25_mat	4600000	4800000	0.0683268758072131	0.843145665489729	-0.835261259987256	0.0980201911656895
chr25_mat	4800000	5000000	0.04312326277571226	0.8759749898531084	-0.849572216917099	-0.8309526683726105
chr25_mat	5000000	5200000	0.015104731536631706	0.02478596800909734	-0.616943701892114	-0.9983865364752497
chr25_mat	5200000	5400000	0.010253080367313715	-0.6360303848851819	-0.3315866711561772	-0.546679268475474
chr25_mat	5400000	5600000	0.012309964193486688	-0.618553786632465	-0.2865552637515674	-0.4093139336043779
chr25_mat	5600000	5800000	0.02002756293736731	0.14116327842023377	-0.862655892993022	-0.3655958009404467
chr25_mat	5800000	6000000	0.01602704668248755	-0.6455241592641504	-0.27621881655920655	-0.6321013834441974
chr25_mat	6000000	6200000	0.10714138249460686	-0.9974279816738504	-0.09164789369324344	0.0688220764321805
chr25_mat	6200000	6400000	0.009293313947400772	-0.8396824214958535	-0.13788298393216747	0.0743711311074013
chr25_mat	6400000	6600000	0.013472515472372399	-0.8440804503750751	-0.31153091183295734	-0.1657553704959042
chr25_mat	6600000	6800000	0.011639850191543736	-0.8129811491850931	-0.2853730628456382	-0.01820538401986486
chr25_mat	6800000	7000000	0.010984836093308485	-0.8765221413620665	-0.11940364538052906	-0.06056879091036573
chr25_mat	7000000	7200000	0.009386382170485942	-0.8627611157652577	-0.10234812030717266	-0.22648870372370275
chr25_mat	7200000	7400000	0.010057338098903077	-0.08509546792647575	-0.018223527162679137	-0.4393103726643351
chr25_mat	7400000	7600000	0.028651750048645907	1.5684496964377785	-0.05307869907073817	0.1677548123255796
chr25_mat	7600000	7800000	0.008761153942756894	0.08051025031232416	-0.08719279972238915	-0.5065545609736442
chr25_mat	7800000	8000000	0.018605022919439853	-0.3210082108882447	0.02206201387829362	-1.0913277580096181
chr25_mat	8000000	8199455				
chr26_mat	0	200000				
chr26_mat	200000	400000				
chr26_mat	400000	600000				
chr26_mat	600000	800000	0.026431418698437403	0.7028374915798319	0.22846618739278354	0.5918502483877411
chr26_mat	800000	1000000	0.018181855363718018	0.9212870659747175	0.15518800694094204	0.8088445410863621
chr26_mat	1000000	1200000	0.011904324076491845	-0.17372835833330272	0.8685277726530891	0.4883732644324854
chr26_mat	1200000	1400000	0.011863474287230828	-0.6755609262138764	0.10086458764802309	0.10203103415649446
chr26_mat	1400000	1600000	0.013188181054683397	-0.10140431818661597	0.7557911025427781	-0.2290035660198368
chr26_mat	1600000	1800000	0.011183211447631392	-0.4837463682295669	0.29948157208077447	-0.3210620418580046
chr26_mat	1800000	2000000	0.018990613136159105	0.34313489175124484	0.6777423145068773	-0.4223169339410955
chr26_mat	2000000	2200000	0.01668074227074402	0.7000834045177559	0.3830849127110205	-0.42154280015251133
chr26_mat	2200000	2400000	0.009481706453666795	-0.27126466708865227	0.2851348562116131	-0.26163188000175186
chr26_mat	2400000	2600000	0.009831653296907746	-0.15325361473461563	0.23063087719906974	-0.12654493670498107
chr26_mat	2600000	2800000	0.008941353917847073	-0.07850170859201919	0.24922711967308847	-0.18354634569735895
chr26_mat	2800000	3000000	0.009141491159206356	0.5449950755285892	-0.29405518523613094	-0.3940994995740803
chr26_mat	3000000	3200000	0.00892686759694484	0.1372372894435462	-0.05548944503680167	-0.1306950357098145
chr26_mat	3200000	3400000	0.02162566748893617	0.7084822865792817	-0.15064752486985722	-0.5372144157874884
chr26_mat	3400000	3600000	0.0113884043792838	-0.41831628252361736	-0.15957797867264342	-0.0223020545687357
chr26_mat	3600000	3800000	0.011880419131916928	-0.14829154228580663	0.34842408660575136	-0.11384519429888879
chr26_mat	3800000	4000000	0.014385325786643725	0.3521018671042373	0.08677145918127402	-0.2107406127417586
chr26_mat	4000000	4200000	0.011604653690793113	-0.12465327506513732	0.3157209195486128	-0.02189511210423278
chr26_mat	4200000	4400000	0.011041356770112778	-0.12098273255900213	0.08408029266065867	-0.14143679804269366
chr26_mat	4400000	4600000	0.010924928298323274	-0.02008529221614057	-0.1691704994052317	-0.2331428645788717
chr26_mat	4600000	4800000	0.014424753663015447	0.6635714150615222	-0.12750864014977806	-0.2987182280729842
chr26_mat	4800000	5000000	0.014544756261721959	0.33626783853447234	0.24144371568596298	-0.06943819943984439
chr26_mat	5000000	5200000	0.009881300089819146	-0.31106156147102876	0.03879155871674587	0.2120271859315387
chr26_mat	5200000	5400000	0.011303943021409616	-0.033028041691119794	0.2241774805280888	0.1507753845984089
chr26_mat	5400000	5600000	0.01353908463805465	0.09657209314553211	0.28122602400248653	-0.13865547620171403
chr26_mat	5600000	5800000	0.009591471001425595	-0.7330387261105589	-0.06395989558714028	-0.16957637666031533
chr26_mat	5800000	6000000	0.011736148311929094	0.09270978242257276	0.014719825433818596	-0.4167918794838779
chr26_mat	6000000	6200000	0.012087135059944304	-0.2181372239010008	0.03359362211832056	-0.02271415194831317
chr26_mat	6200000	6400000	0.025583157119727515	-0.009035507845300824	0.1758216552918816	-0.15551432427212564
chr26_mat	6400000	6600000				
chr26_mat	6600000	6800000				
chr26_mat	6800000	6902691				
chr27_mat	0	200000				
chr27_mat	200000	400000				
chr27_mat	400000	600000	0.025211043307028305	-0.73761331934677	0.2490682542253796	0.08974296402068288
chr27_mat	600000	800000	0.015215745269057645	-0.6244141308855681	0.40170583999324533	-0.0054006848288856895
chr27_mat	800000	1000000	0.011544464340669226	-0.7189982015552537	-0.41904460576269237	-0.4023260133351057
chr27_mat	1000000	1200000	0.01066986766068743	-0.4604875698041698	-0.5090851388885677	-0.21175061737901696
chr27_mat	1200000	1400000	0.009162360622243265	-0.23452959193877376	-0.5599303025053877	-0.29580259857233354
chr27_mat	1400000	1600000	0.010474814616071243	-0.5985906755844577	-0.42461629152402114	-0.16378246603871044
chr27_mat	1600000	1800000	0.01224752225271332	0.046244094502891124	-0.9524055953213917	-0.6863817863470305
chr27_mat	1800000	2000000	0.012300497598018365	-0.14650314348004534	-0.27406116585080764	-0.23447297351276222
chr27_mat	2000000	2200000	0.011402536926930749	-0.5359607343871592	0.15835535519478192	0.0008565807642939088
chr27_mat	2200000	2400000	0.011126722856640124	-0.5907489407257102	0.6815386213541473	0.42716061179543
chr27_mat	2400000	2600000	0.012868220074005099	-0.646200030773952	0.09934530808750484	0.2615361138406451
chr27_mat	2600000	2800000	0.012948898740657133	0.05659384790393804	-0.3798966594342301	0.30357509828570456
chr27_mat	2800000	3000000	0.01293995710195914	-0.42475967769416795	-0.20094876618444965	0.515940106140521
chr27_mat	3000000	3200000	0.012859470302356282	-0.570219177534623	-0.0917433264474541	0.4847723579853802
chr27_mat	3200000	3400000	0.01104924890023314	-0.546516560800224	0.006719297672345242	0.38919655045236295
chr27_mat	3400000	3600000	0.01022391066287534	-0.7267876895512428	0.3488480644353946	0.36709448271575223
chr27_mat	3600000	3800000	0.012086000048470595	-0.30750745030688176	-0.2730657594598163	0.44927579119394123
chr27_mat	3800000	4000000	0.010575950947048572	-0.5838897451582621	-0.13965710281229438	0.30430693416230875
chr27_mat	4000000	4200000	0.012890936564026827	-0.1729150664799828	-0.3242155020555601	0.4056851155466703
chr27_mat	4200000	4400000	0.015534497901267905	0.35935361456432685	-0.21833915714620358	0.17442232635687083
chr27_mat	4400000	4600000	0.024716269106735734	0.979639670144444	-0.18651360386410665	0.26012589109107437
chr27_mat	4600000	4800000	0.01479683364943459	-0.1280022772888961	-0.2909651170916372	0.38710727544432755
chr27_mat	4800000	5000000	0.01798077041742599	0.8839106745075275	0.010453191759255508	0.555788693085074
chr27_mat	5000000	5200000	0.015028318025620553	0.9256710968326566	0.022175977415533746	0.7047499333670101
chr27_mat	5200000	5400000	0.012672870382502931	0.3589414467926086	-0.7601933280496627	0.664472680326275
chr27_mat	5400000	5600000	0.026267518091706677	-0.6157283903941354	-0.7396307698392989	0.6145334712672318
chr27_mat	5600000	5800000				
chr27_mat	5800000	5843241				
chr28_mat	0	200000				
chr28_mat	200000	400000	0.019183866157821826	0.11852135254328162	0.3723665533678056	-0.3063965494765469
chr28_mat	400000	600000	0.009972746400695736	-0.39009369808089217	0.10255992721373021	-0.341157346370453
chr28_mat	600000	800000	0.014053234376374128	-0.4142839830985436	-0.03965446944341238	0.20033415492715537
chr28_mat	800000	1000000	0.011687022041877942	-0.3896580545422055	0.14611692904380916	0.325831858222123
chr28_mat	1000000	1200000	0.01169949502673493	-0.02754761409734033	0.09730948398036328	0.40654018568659067
chr28_mat	1200000	1400000	0.010917838179393475	-0.4337060416298345	0.2479015024444615	-0.13028824906038092
chr28_mat	1400000	1600000	0.011596934045488469	-0.41315652258036695	0.12225082774447558	0.057468365417249256
chr28_mat	1600000	1800000				
chr28_mat	1800000	2000000	0.010944819349726189	-0.13093987291376022	0.35675732111483205	0.052188060017793934
chr28_mat	2000000	2200000	0.01759155903678202	0.5660697368490033	0.7461590103437925	0.621176409472956
chr28_mat	2200000	2400000	0.015889229818683816	0.7301642243964563	0.7097372467702491	0.18586715658322572
chr28_mat	2400000	2600000	0.009970926673925792	-0.2179439270154611	-0.04416807816363242	-0.18622752908722032
chr28_mat	2600000	2800000	0.011691827233269895	-0.5382745515940859	0.5068705817062715	-0.34200502991494663
chr28_mat	2800000	3000000	0.013708027537397463	-0.4704524424019505	0.34630384198627434	0.027491491858375725
chr28_mat	3000000	3200000	0.011002082720037243	-0.39609022804239713	0.32399974650083085	0.037887931409112396
chr28_mat	3200000	3400000	0.01197846258603968	-0.5231023093956135	0.4205451888786604	0.13046609322423175
chr28_mat	3400000	3600000	0.012774424226305035	-0.4618968366672545	0.28523441791800164	0.01626303144499801
chr28_mat	3600000	3800000	0.015547926198214292	-0.11449534438703456	0.18529982341822315	0.5505685952559731
chr28_mat	3800000	4000000				
chr28_mat	4000000	4200000				
chr28_mat	4200000	4400000	0.009961631747017852	-0.5808611580881051	0.10156529274819108	-0.08068412562300634
chr28_mat	4400000	4600000	0.015116623589531761	-0.17284537442616174	-0.23301296984281636	0.7989938971829141
chr28_mat	4600000	4800000	0.012977666884731617	-0.6037289576629623	-0.019227717676904295	0.13862464570489016
chr28_mat	4800000	5000000	0.011769900129488439	-0.40521713245065416	0.27277542802826515	-0.08329657659366328
chr28_mat	5000000	5200000	0.01276543197962083	-0.5642958132414649	-0.11295578713137097	0.20664778206738404
chr28_mat	5200000	5400000	0.011484199926767148	-0.5869482975903134	0.13582312488564688	-0.07893696039558594
chr28_mat	5400000	5600000	0.013997824671699233	0.09325356717489287	0.21930927533987	-0.3044045849604203
chr28_mat	5600000	5800000	0.021803595448527648	0.5732827957147807	0.5996832861272176	-0.3610551476375155
chr28_mat	5800000	6000000				
chr28_mat	6000000	6200000				
chr28_mat	6200000	6367150				
chr29_mat	0	200000				
chr29_mat	200000	400000				
chr29_mat	400000	600000	0.12426115294568625	0.4065430101021538	0.5109303226304361	-0.45148217144750924
chr29_mat	600000	800000	0.06142563611204141	0.757405145872368	0.17759578071251145	-0.09432628427744302
chr29_mat	800000	1000000	0.095767505430397	0.606127751511352	-0.8732855151337068	0.10916897889691093
chr29_mat	1000000	1200000	0.060158069248233505	0.8652859170084795	-0.036655483734737086	-0.08347097151241031
chr29_mat	1200000	1400000	0.04347455577273562	0.45651763739025436	0.016131677503241452	0.5329048654773471
chr29_mat	1400000	1600000	0.04988339905275208	0.7670004748072584	-0.5841592719270438	-0.05100071517561375
chr29_mat	1600000	1800000	0.05832432318887417	0.4301506333520458	-0.16648858776506334	0.10621442090004377
chr29_mat	1800000	2000000	0.05784744979584248	0.9338403074361848	-0.4892827902301713	0.24162289596770659
chr29_mat	2000000	2200000	0.038306005376544994	0.2288310209164968	-0.8785273298162799	-0.3961117808856303
chr29_mat	2200000	2400000	0.05305205519946188	0.9809361822342545	-0.6742032304301491	0.032463369313937736
chr29_mat	2400000	2600000	0.058674704340696396	1.0047432842779604	-0.8364717582039467	-0.43847715912903734
chr29_mat	2600000	2800000	0.015487438643181903	-0.11345458263754474	-0.9485486753397421	-1.0687134314018598
chr29_mat	2800000	3000000	0.013727021544597437	0.6803406796504465	-0.3760505752620756	-0.15936661236593663
chr29_mat	3000000	3200000	0.012173875059340656	-0.007108570890835475	-0.7792792844800261	-0.8384096900565183
chr29_mat	3200000	3400000	0.018041320873084882	-0.5017529654468837	-0.8331237830230134	-0.7388005605333141
chr29_mat	3400000	3600000	0.013159457297812446	-0.8839644925880655	-0.48640694894284175	-0.11394450381111845
chr29_mat	3600000	3800000	0.01573929945370315	-0.710239851680389	-0.47098144136280257	-0.075798827001689
chr29_mat	3800000	4000000	0.017686723450691787	-0.36800149584529196	-0.5116653059217603	-0.37896806637757596
chr29_mat	4000000	4200000	0.012510124113843037	-0.9084255959048722	-0.2873325996917921	0.15762147637784762
chr29_mat	4200000	4400000	0.010163752204720784	-0.7804935993197412	-0.2587138714065453	-0.011421593983730017
chr29_mat	4400000	4600000	0.013019891795784916	-0.6448867632855276	-0.2724440424233748	-0.14530046484724757
chr29_mat	4600000	4800000	0.020822287671227648	0.09448892860192498	0.4616735608233586	-0.2760273512567926
chr29_mat	4800000	5000000	0.05215567449450293	0.7754445601789322	1.0900781287378705	-0.40487449251009705
chr29_mat	5000000	5200000	0.013133399387303334	-0.42557502660125174	0.5586699770154894	-0.8959849046191639
chr29_mat	5200000	5400000	0.01587698343374146	0.2867401732620249	1.300624088843755	-1.3925055002755513
chr29_mat	5400000	5600000				
chr29_mat	5600000	5689316				
chr30_mat	0	200000	0.027505530529253218	-0.9254749206799491	-0.5922815819453469	-0.16343832438646944
chr30_mat	200000	400000	0.010027524632057892	-0.9125086565061439	-0.5535708246959188	0.054724246336641885
chr30_mat	400000	600000	0.014997723124556992	-0.9900733851057224	-0.7393194183607352	-0.2846480810094846
chr30_mat	600000	800000	0.015744901437719144	-0.9407087007071611	-0.48033495237764956	-0.14207653811570772
chr30_mat	800000	1000000	0.010614416214750644	-1.0109662080451174	-0.46373417866707395	0.14135541477542873
chr30_mat	1000000	1200000				
chr30_mat	1200000	1400000	0.05452365884691548	-0.6891641412067613	-0.5879347993315084	-0.5536206243080709
chr30_mat	1400000	1600000	0.012397097597701773	-0.8302662193232248	-0.5930839477351577	-0.4013364572491192
chr30_mat	1600000	1800000	0.018487551934535745	-0.5470472455204287	-0.6332329274794086	-0.5552885631637194
chr30_mat	1800000	2000000	0.013577640229093621	-0.9209313837668323	-0.376235310957743	-0.19892872186780125
chr30_mat	2000000	2200000	0.018044031882226932	-0.11408359323235429	-0.8490429993173138	-0.8835965804972008
chr30_mat	2200000	2400000	0.022326924892490083	0.07362248763461386	-0.7081141489548853	-0.644127576068858
chr30_mat	2400000	2600000	0.03517197411721504	0.965525850260478	-0.7099687623835164	-0.4031718680547732
chr30_mat	2600000	2800000	0.03180032232530514	0.6863592117006059	-0.6893641992304906	-0.5583801219623994
chr30_mat	2800000	3000000	0.03516471792801788	0.6493028110713194	-0.8393495875338189	-0.834759993780765
chr30_mat	3000000	3200000	0.03158477487930919	0.8800987431362789	-0.5119176343573589	0.0775388633135981
chr30_mat	3200000	3400000	0.028786228773023483	0.7043059875492771	-0.7154234341939162	-0.009899912534290052
chr30_mat	3400000	3600000	0.03170370491863051	0.6560795814255672	-0.631562952616095	0.1125746849376163
chr30_mat	3600000	3800000	0.026492288076254367	0.519485203419731	-0.6019009334307438	0.2390857627206537
chr30_mat	3800000	4000000	0.024929639138675616	0.5920523341373354	-0.6622682334667543	0.288285971361434
chr30_mat	4000000	4200000	0.028920728284347944	0.5680791828010051	-0.612007837840536	0.4710284047026236
chr30_mat	4200000	4400000	0.02818726809363941	0.8498808850871385	-0.4096510565296187	0.013855750109722453
chr30_mat	4400000	4600000	0.03089361020621024	0.46423102750578726	-0.5133224063878188	-0.6638715117701407
chr30_mat	4600000	4800000	0.02427797884241449	0.42298845576525307	-0.24131574013526869	-0.331299005058092
chr30_mat	4800000	5000000	0.031319738165763535	0.7475607237089238	-0.40147608785141214	-0.07205041722329279
chr30_mat	5000000	5200000	0.03448900638702399	0.7141848849073005	-0.2958728925388589	-0.024143833527645604
chr30_mat	5200000	5400000	0.03575003632097993	0.6161666111529356	-0.2971984381603136	-0.13048295579523997
chr30_mat	5400000	5600000	0.02922570292128228	0.20558335049798704	-0.26228447255084036	-0.25361861815841646
chr30_mat	5600000	5800000	0.027967766757428472	0.6368771762317321	-0.16920718566949033	-0.08874351860267513
chr30_mat	5800000	6000000	0.024135132488783677	0.08066997212187134	-0.11151854410293989	-0.5957568816038129
chr30_mat	6000000	6200000	0.022375416551406915	0.30447602241430216	-0.28436423550669276	-0.6020375203299917
chr30_mat	6200000	6400000	0.023840796579817577	0.7503559267896521	-0.4031567719617896	-0.10487138564656429
chr30_mat	6400000	6600000	0.03205426718703801	0.5879800451725605	-0.31755068449763235	0.30127561170391354
chr30_mat	6600000	6800000	0.026916106874543124	0.6289010422397711	-0.333529277715041	0.34181865196318667
chr30_mat	6800000	7000000	0.024092954820447987	0.551550616831892	-0.2746004949459248	0.35294989231670015
chr30_mat	7000000	7200000	0.02959069992934197	0.5027000059444742	-0.18994460962914056	0.30278730039443835
chr30_mat	7200000	7400000	0.037660717282014755	0.3947839511764238	-0.0034099084087986713	0.38254421557585616
chr30_mat	7400000	7600000	0.025189109233386374	0.5368542612985059	0.022569693443512066	0.27219318464850295
chr30_mat	7600000	7800000	0.02847020392965764	0.6360211962173419	0.042316848232882995	0.029824215111579275
chr30_mat	7800000	8000000	0.021913416732249294	0.16613599675424556	0.15550039044674474	-0.3445853329062804
chr30_mat	8000000	8200000	0.02999166876296493	0.6305267442110531	0.09661229046568322	-0.22813485614066326
chr30_mat	8200000	8400000	0.029921098803834322	0.46025287511416135	0.40780451853988586	-0.24289181025173517
chr30_mat	8400000	8600000	0.028541953608273773	0.6904591343492236	0.2928536612163757	0.4161773888780407
chr30_mat	8600000	8800000	0.023552586684650847	0.4767147482073937	0.4395653107584643	-0.1566312657660701
chr30_mat	8800000	9000000	0.023034803448526816	0.4217689610469362	0.44554056494912386	-0.3471389347555769
chr30_mat	9000000	9200000	0.029844941212972122	0.7015373913057662	1.0640732317189605	-0.7589210206090349
chr30_mat	9200000	9400000	0.027109598939679066	0.08458304096372352	1.4876248864068062	-1.6393349284162249
chr30_mat	9400000	9600000	0.07278100028000722	0.9546243497124578	0.6137038143406256	-0.14949455215457677
chr30_mat	9600000	9800000				
chr30_mat	9800000	10000000				
chr30_mat	10000000	10075530				
chr31_mat	0	200000	0.07367765956261	1.976604990654691	-1.728781363536303	1.5348533885227356
chr31_mat	200000	400000	0.013676360252812707	1.0946483666994375	-1.2120438556291029	-0.11224299763212395
chr31_mat	400000	600000	0.015468086527613983	1.025663151074515	-0.701595968635411	-0.40164386824243326
chr31_mat	600000	800000	0.016282640191205653	0.26503331629260773	-0.6098506684330207	-0.9761321781526142
chr31_mat	800000	1000000	0.016017706001203866	0.06672829914883859	-0.22995232210363653	-0.6006468459886056
chr31_mat	1000000	1200000	0.01690230671876819	0.02817555598849816	-0.20033586493783412	-0.587255179880399
chr31_mat	1200000	1400000	0.018594269094528257	-0.22759164662382178	-0.409860182634393	-0.6264903668031689
chr31_mat	1400000	1600000	0.018462189109523134	-0.3578474454673216	-0.21998854538523255	-0.5261236319870016
chr31_mat	1600000	1800000	0.018728307201091567	-0.42705653555588824	-0.47682643665494306	-0.8779950454255605
chr31_mat	1800000	2000000	0.015225475098907792	-0.7371712120008088	-0.8188726533686108	-0.7972007603832575
chr31_mat	2000000	2200000	0.01509858763273464	-0.861160595708059	-0.8661288609794882	-0.6427783572953072
chr31_mat	2200000	2400000	0.011240893433700574	-1.5455526678170572	-1.6532237853556422	0.12312740580857907
chr31_mat	2400000	2600000	0.023695103003928516	-1.439804817690316	-1.1028545100457723	1.2008218840096612
chr31_mat	2600000	2800000	0.04084810275867091	-0.7783685389840223	-0.12163647158579752	1.0900279343416077
chr31_mat	2800000	3000000	0.037245065661894346	-0.2168474264214917	0.5348060048691395	0.2867498984684581
chr31_mat	3000000	3200000	0.0435634707974677	-0.2895105948631391	0.04620804162116804	0.3479103782350816
chr31_mat	3200000	3400000	0.049804153230003194	-0.38632582707911894	0.4211878877465272	0.23565546365742024
chr31_mat	3400000	3600000	0.045991388023321936	-0.32738577526778145	0.3586663182649267	0.25381505631569895
chr31_mat	3600000	3800000	0.03793492536892083	-1.0274264773592139	-0.12630882085372272	1.031836429493889
chr31_mat	3800000	4000000	0.045079848389630105	-0.12848389770188465	0.6899692440736906	0.1049519784048776
chr31_mat	4000000	4200000	0.06284067389593763	-0.12255410425197825	0.5100789043538292	0.21093648450403485
chr31_mat	4200000	4400000	0.04817394438920538	-0.07499100197938269	0.6384892816102634	0.29224088542430465
chr31_mat	4400000	4600000	0.05429981915185421	0.05863512562165446	0.6461506769171523	0.36121872691687845
chr31_mat	4600000	4800000	0.0694225133508897	0.3172212834558594	0.391185940775696	0.5493775460955462
chr31_mat	4800000	5000000				
chr31_mat	5000000	5200000				
chr31_mat	5200000	5400000				
chr31_mat	5400000	5600000				
chr31_mat	5600000	5620948				
chr32_mat	0	200000				
chr32_mat	200000	400000				
chr32_mat	400000	600000	0.014596886229238987	0.3049740595657936	-0.8531626194771215	0.5400493225808535
chr32_mat	600000	800000	0.017793987936844998	0.7960146006950581	-0.09188443963154716	0.04793001080192857
chr32_mat	800000	1000000	0.016767784633581743	-0.10291507845392565	-0.4160631446429261	-0.05576625359431501
chr32_mat	1000000	1200000	0.011553580928469939	-0.2861598753259834	-0.5518023090854483	0.15377685674890412
chr32_mat	1200000	1400000	0.016923857136285195	-0.18946929551340155	-0.5377046082046565	0.05993641118859992
chr32_mat	1400000	1600000	0.012307973046489085	-0.22881295963335577	-0.5859292786643518	0.05017924072660057
chr32_mat	1600000	1800000	0.01871648916320731	0.31470854701873824	-0.7356247000244663	-0.08706053679690687
chr32_mat	1800000	2000000	0.02923672536766866	1.4337999908135384	0.39012872699056567	-1.4539492035895563
chr32_mat	2000000	2200000	0.022999552967536144	0.6126485604918487	-0.6329199017263547	-0.3766347512671278
chr32_mat	2200000	2400000				
chr32_mat	2400000	2600000				
chr32_mat	2600000	2800000				
chr32_mat	2800000	3000000				
chr32_mat	3000000	3200000				
chr32_mat	3200000	3400000	0.10166142265795047	-0.18622935372846466	0.5640967177606699	0.18420872440358
chr32_mat	3400000	3600000	0.03659249609108152	-0.18040757017576983	0.6750207409171383	0.30565376555445056
chr32_mat	3600000	3800000	0.04969791164979724	0.08643082424627686	0.6274412109935852	0.12753623672062722
chr32_mat	3800000	4000000	0.034951327914762055	0.6964689732126518	-0.4123308352684124	0.7779744067368171
chr32_mat	4000000	4200000	0.03741744283090022	0.8221185183490259	0.49248091279416634	0.7926559532731691
chr32_mat	4200000	4400000	0.052290618591610376	0.38706101922396363	0.6515931190498145	0.6650105215529324
chr32_mat	4400000	4600000	0.03475517961332571	0.275489671470245	0.6345821094234102	0.44710198635344955
chr32_mat	4600000	4800000	0.0424276746312189	0.9888640758748091	-0.3268409084469517	0.6441904363508666
chr32_mat	4800000	5000000	0.07138098519684337	0.23637058916970632	-0.39076536493875047	0.289413298291183
chr32_mat	5000000	5200000				
chr32_mat	5200000	5400000				
chr32_mat	5400000	5583733				
chr33_mat	0	200000				
chr33_mat	200000	400000				
chr33_mat	400000	600000	0.01929207969013529	-0.794074279145549	1.1643474510218395	0.809569007810963
chr33_mat	600000	800000	0.014729738713449372	-0.8593420575639723	0.11530635224040921	-0.575787001901604
chr33_mat	800000	1000000	0.02219798247843961	-0.6612360701179328	0.7092454828159467	0.742668325066199
chr33_mat	1000000	1200000	0.015467576513502557	-0.6582568316076028	-0.38765156175105225	-0.6055747579715898
chr33_mat	1200000	1400000	0.02216883102477287	-0.6781613178538854	-0.4204429019856752	0.2520963896599176
chr33_mat	1400000	1600000	0.022091873383460154	-0.6594613067801266	-0.650176228234301	0.2608667280518064
chr33_mat	1600000	1800000	0.011341501187549525	-1.0598483158685483	-0.9472993293573404	-0.03694676371175527
chr33_mat	1800000	2000000	0.02073512166058714	-0.31348601540568244	-0.5731492639059482	0.28828530959255855
chr33_mat	2000000	2200000	0.044447666077492294	0.799830589219066	-0.27034911150122237	0.33129108686217346
chr33_mat	2200000	2400000	0.056496058612788135	0.757176191649757	-0.34384857391011175	-0.08048010675183456
chr33_mat	2400000	2600000	0.027978000187442058	-0.13320164703949852	-0.8043696020822125	0.18354851297686245
chr33_mat	2600000	2800000	0.03974819532684262	0.4047141292849749	-0.32930209325012616	0.23249968498718687
chr33_mat	2800000	3000000	0.04181707107414587	0.26009310209116077	-0.6055564848931597	0.5053722588557733
chr33_mat	3000000	3200000	0.04290120567570673	-0.005391181190099496	-0.6741908207801006	0.9507302534083553
chr33_mat	3200000	3400000	0.05949594668622606	0.3896742622806231	-0.1887194797884892	0.3619887895408275
chr33_mat	3400000	3600000	0.045257443046784335	0.30713788700161876	0.22801196522701986	0.30495170298035273
chr33_mat	3600000	3800000				
chr33_mat	3800000	4000000				
chr33_mat	4000000	4200000				
chr33_mat	4200000	4246341				
chr34_mat	0	200000				
chr34_mat	200000	400000				
chr34_mat	400000	600000	0.03299046915652301	-1.3878870317422707	0.0950753471591025	1.4138913595341698
chr34_mat	600000	800000	0.029502432455481675	-0.3792680312742991	0.4471821091988308	-0.01547057472876627
chr34_mat	800000	1000000	0.03904300879649849	-0.4458834569990351	0.15903731369401283	0.41644588928872767
chr34_mat	1000000	1200000	0.034980322594262044	-0.13767623213887425	0.5940175287398796	0.15869779555347255
chr34_mat	1200000	1400000	0.03586433011630997	0.6473657658711484	0.7299120161044416	-0.4514918791122716
chr34_mat	1400000	1600000	0.04347382286943112	0.4585291435392147	0.8922993395325685	0.01506171952513873
chr34_mat	1600000	1800000	0.040831947371007676	0.7661922775670682	0.5366752388205104	0.6746742036461025
chr34_mat	1800000	2000000	0.04518336170028256	0.3637923814090468	-0.30830337749457437	0.41945139557682626
chr34_mat	2000000	2200000	0.05240725438415698	0.9330377511261514	0.2745522227795451	0.7447092301419028
chr34_mat	2200000	2400000	0.02748000092498809	0.46341142360624227	-0.246243193552539	0.330221422720986
chr34_mat	2400000	2600000	0.024890265347206186	0.4478619881418361	-1.002307986786445	0.09942254315185618
chr34_mat	2600000	2800000	0.023325267557542457	0.4175452004284252	-0.2482409864502065	0.006670923862598006
chr34_mat	2800000	3000000	0.018656280281124343	-0.14548110552103957	-0.7775826845328472	-0.44273111885890987
chr34_mat	3000000	3200000	0.010277840145030612	0.3058314338906734	-0.7911699866289849	-0.07941315612276408
chr34_mat	3200000	3400000	0.01427837081020087	0.9864899093810263	-0.18962706076864652	0.6312784759698574
chr34_mat	3400000	3600000	0.014400714370033079	0.25819424027773213	-0.4088620709574861	-0.08073244860923132
chr34_mat	3600000	3800000	0.011703212334619224	-0.39644193665017546	-0.10084908067759168	-0.5659247386155886
chr34_mat	3800000	4000000	0.010203831860785774	0.15382449994064326	-0.9427950214744623	0.4723302042050456
chr34_mat	4000000	4200000	0.05655651912834405	-0.2686516486610519	-0.7837460187529508	0.20242802019529943
chr34_mat	4200000	4400000				
chr34_mat	4400000	4456870				
chr35_mat	0	200000				
chr35_mat	200000	400000				
chr35_mat	400000	600000				
chr35_mat	600000	800000	0.062683612563696	-0.09385539796936386	-0.07236673656144618	0.3206035885499857
chr35_mat	800000	1000000	0.01257704269476978	-0.3214083346534191	0.06207680312425645	0.573567088501845
chr35_mat	1000000	1200000	0.017538168217603508	0.4572330658278827	0.47759527019103354	-0.133946016911482
chr35_mat	1200000	1400000	0.017817260482579162	0.38432376835498194	0.49288968643323755	-0.1193941055372858
chr35_mat	1400000	1600000	0.01551263851481986	-0.48179252966243963	-0.17975358379915365	-0.6401780391708864
chr35_mat	1600000	1800000	0.010894847202034071	-0.3314827579921789	0.3275426060607214	-0.2650757163686919
chr35_mat	1800000	2000000	0.03187292100220438	-0.5821952464289154	0.6401130685247612	0.12836048778314318
chr35_mat	2000000	2200000				
chr35_mat	2200000	2400000				
chr35_mat	2400000	2600000				
chr35_mat	2600000	2800000				
chr35_mat	2800000	3000000				
chr35_mat	3000000	3200000				
chr35_mat	3200000	3400000				
chr35_mat	3400000	3600000				
chr35_mat	3600000	3800000				
chr35_mat	3800000	4000000				
chr35_mat	4000000	4200000				
chr35_mat	4200000	4400000				
chr35_mat	4400000	4600000				
chr35_mat	4600000	4800000				
chr35_mat	4800000	4884911				
chr36_mat	0	200000	0.013707464163323663	-1.0343613538087775	-0.4044026490971662	-0.917961181030737
chr36_mat	200000	400000	0.013549526366197754	-0.8979692625462483	-0.3887701711146476	-1.0373408686675298
chr36_mat	400000	600000	0.015047959053506237	-1.008514008959666	-0.40908177279335906	-0.2668604599120694
chr36_mat	600000	800000	0.02123442921642829	-0.8095108111703644	-0.35669274083977576	0.8186517760204033
chr36_mat	800000	1000000	0.014103036252372475	-1.3382225695531769	0.16108936133810747	1.2794002119151702
chr36_mat	1000000	1200000	0.015032955150828997	-0.5954015102861222	-0.3601505850361275	0.8110271641582549
chr36_mat	1200000	1400000	0.022561292941030046	0.9735761861229975	-1.136250596894478	0.048271369492292444
chr36_mat	1400000	1600000	0.023921989402216227	0.7546536185522837	-0.6528685224545969	0.06964690410490153
chr36_mat	1600000	1800000	0.024704640396837712	0.6859820511997566	-0.7948400838437224	0.13195069631744108
chr36_mat	1800000	2000000	0.027572951367942782	0.7584422304536378	-0.8564490160640207	0.13046271252008382
chr36_mat	2000000	2200000	0.024594794601977082	0.5791242133999134	-0.6611235969926742	0.1186179970588096
chr36_mat	2200000	2400000	0.02334840106547051	0.6179915123799472	-0.49763676352726616	0.026530701720775984
chr36_mat	2400000	2600000	0.024681420812547133	0.5277719724100189	-0.27595889596050094	-0.0037997428800813204
chr36_mat	2600000	2800000	0.025705347324584477	0.3704102370496366	-0.024728780695782014	-0.05253703492501789
chr36_mat	2800000	3000000	0.021368271389178035	0.2681919682752744	-0.056371260733181904	0.07771354727232888
chr36_mat	3000000	3200000	0.022473308194602932	0.5729387029510528	-0.012149992056176505	0.03465345122121907
chr36_mat	3200000	3400000	0.03039711861664126	0.6589666868012659	0.0368630476047443	0.17193091987945466
chr36_mat	3400000	3600000	0.023692195637363873	0.5099870294347356	0.14986004286249593	0.3085131062420989
chr36_mat	3600000	3800000	0.025071811981036207	0.34281317947760825	0.41782235842962706	0.33665277114697045
chr36_mat	3800000	4000000	0.025381289469033237	0.42460674274722277	0.4268884107290107	0.3979337625150611
chr36_mat	4000000	4200000	0.022676276655271936	0.7494341389920794	0.6109752773661442	0.00026444070061141584
chr36_mat	4200000	4400000	0.023164782836154203	0.47601757841690273	0.9315956355903886	-0.007112017225804888
chr36_mat	4400000	4600000	0.040713500636191204	0.6755399458780507	1.2832566505347218	-0.3516917336949133
chr36_mat	4600000	4800000				
chr36_mat	4800000	4818805				
chr37_mat	0	200000	0.015443810007993504	-0.7113972022646685	0.41098602803102174	-0.2740602559969332
chr37_mat	200000	400000	0.01578985130272469	-0.9245601160532797	0.15996806569504993	-0.47597294479704
chr37_mat	400000	600000	0.015265152433950447	-0.8252413838583783	0.1852806185193785	-0.47810295766390715
chr37_mat	600000	800000	0.01710742506551036	-0.7396196694762542	0.17592222982181963	-0.43327254995463327
chr37_mat	800000	1000000	0.01484386445679433	-0.8480305477734968	0.31247134039411356	-0.6104405163001699
chr37_mat	1000000	1200000	0.0424808789631464	-0.49070771083627085	0.41047165691853166	-0.4931031297445477
chr37_mat	1200000	1400000	0.021532115488107594	-0.43268835302168335	0.44813954937818123	-0.1619496631950769
chr37_mat	1400000	1600000	0.018529506847503027	-0.7827997451218264	0.2597303177393229	-0.11015897547040869
chr37_mat	1600000	1800000	0.0114388770300784	-0.5349155506399736	0.5476439952743631	-0.280650312057138
chr37_mat	1800000	2000000	0.015535492690307143	-0.47361034917433986	0.4089547764590736	-0.04584110888824648
chr37_mat	2000000	2200000	0.028519306011432596	0.09526934135875735	0.6103798713231658	-0.11237393070590242
chr37_mat	2200000	2400000	0.040520120156597776	0.9968252855868887	0.9815142618614803	0.6766426407618953
chr37_mat	2400000	2600000	0.03897285082039514	0.7895141871047361	0.8321438537064644	0.5463168100600102
chr37_mat	2600000	2800000	0.0383726651957589	0.8459727186451702	0.9987747616194584	-0.20117818207582622
chr37_mat	2800000	3000000	0.05134217400371144	0.7470385584855356	0.45082080981561035	0.0682173129452381
chr37_mat	3000000	3200000	0.032423962566417976	0.7949643594747856	0.8057511831801498	0.08722965161451211
chr37_mat	3200000	3400000	0.05148375854391714	0.7605372507364628	0.8044082144553951	-0.02022339636922375
chr37_mat	3400000	3600000	0.04398867975792297	0.6448054922636914	0.6854285278755039	-0.10418211192486469
chr37_mat	3600000	3800000	0.034522299150782164	0.7962289484187819	0.9657807378396454	-0.07517446752566095
chr37_mat	3800000	4000000	0.03441264455994048	0.6314752652623565	0.375959164324529	-0.49230243909165733
chr37_mat	4000000	4200000	0.043430078959225946	0.7222308731917563	0.580503819238581	0.14532456520260856
chr37_mat	4200000	4400000	0.051121643908280744	0.5249710819227764	0.3224514350280207	-0.3553226799810345
chr37_mat	4400000	4600000	0.034369176724066246	0.7182335604498467	-0.04146287811937675	-0.8877138096603059
chr37_mat	4600000	4800000	0.040180480622212425	0.5710360924844371	0.04785011988720773	-0.6846217345580338
chr37_mat	4800000	5000000	0.03699945432083466	0.7334438566450762	-0.036770851398136545	-0.8494419184369931
chr37_mat	5000000	5200000	0.05951378818309709	0.7290592629597917	-0.24642302329529617	-0.2793563608641269
chr37_mat	5200000	5400000	0.12266649743430062	0.16176366862422878	0.2013267745910575	-0.9275438453962609
chr37_mat	5400000	5600000				
chr37_mat	5600000	5800000				
chr37_mat	5800000	6000000	0.03402274576374857	0.026914375758887086	-0.1575415251432359	-0.46650204175416443
chr37_mat	6000000	6200000	0.027297278125993772	1.1243849823615826	-1.0057151375897229	-0.47251431516167364
chr37_mat	6200000	6400000	0.02306481334459351	0.2051040593312757	-0.40841216104440936	-0.4124355662133325
chr37_mat	6400000	6600000	0.030611038219888122	1.1509375486852038	-1.0615308453040149	0.1246384605164204
chr37_mat	6600000	6800000	0.03212361967924979	0.8679735124589234	-1.0554880223014438	-0.025384769893511724
chr37_mat	6800000	7000000	0.033315917292022094	0.7280045475106217	-0.8657288048358963	0.04261647075157412
chr37_mat	7000000	7200000	0.03212587012989225	-0.8539782499650702	-0.08495676396317096	0.546771990392508
chr37_mat	7200000	7400000				
chr37_mat	7400000	7600000				
chr37_mat	7600000	7800000				
chr37_mat	7800000	7863776				
chrW_mat	0	200000				
chrW_mat	200000	400000				
chrW_mat	400000	600000				
chrW_mat	600000	800000				
chrW_mat	800000	1000000				
chrW_mat	1000000	1200000				
chrW_mat	1200000	1400000				
chrW_mat	1400000	1600000				
chrW_mat	1600000	1800000	0.009606497401838155	-0.1675429042838737	-1.1572086785485451	-1.7467473594356642
chrW_mat	1800000	2000000				
chrW_mat	2000000	2200000				
chrW_mat	2200000	2400000				
chrW_mat	2400000	2600000	0.057912405929743074	-0.3034342755439756	0.34934814572379697	-0.3782623738273976
chrW_mat	2600000	2800000	0.014516384039671393	-0.6614877754033919	-0.11722296350894833	-0.6085960807262941
chrW_mat	2800000	3000000	0.012527321794374704	-0.5119921307980491	0.022848356393675506	-0.42794642491655766
chrW_mat	3000000	3200000	0.02110207600903682	0.20015158103693043	0.7091378779698019	0.08877569203477247
chrW_mat	3200000	3400000	0.032725221928391765	0.5246438317186842	0.5102093233240244	0.4360171208256428
chrW_mat	3400000	3600000				
chrW_mat	3600000	3800000				
chrW_mat	3800000	4000000				
chrW_mat	4000000	4200000				
chrW_mat	4200000	4400000				
chrW_mat	4400000	4600000				
chrW_mat	4600000	4800000				
chrW_mat	4800000	5000000				
chrW_mat	5000000	5200000				
chrW_mat	5200000	5400000				
chrW_mat	5400000	5600000				
chrW_mat	5600000	5800000				
chrW_mat	5800000	6000000				
chrW_mat	6000000	6200000				
chrW_mat	6200000	6400000				
chrW_mat	6400000	6600000				
chrW_mat	6600000	6800000				
chrW_mat	6800000	7000000				
chrW_mat	7000000	7200000				
chrW_mat	7200000	7400000				
chrW_mat	7400000	7600000				
chrW_mat	7600000	7800000				
chrW_mat	7800000	8000000				
chrW_mat	8000000	8200000				
chrW_mat	8200000	8400000				
chrW_mat	8400000	8600000	0.03413919715395681	1.1388543302336291	0.47966674973322165	0.056756038969732
chrW_mat	8600000	8800000	0.011521132924010288	-0.06902783731940765	0.5062798498550718	0.03654101305654643
chrW_mat	8800000	9000000	0.01378163836062616	0.799992123217055	0.6585400929349596	0.11066158193357387
chrW_mat	9000000	9200000	0.016057578643865957	0.09018338861190354	0.7019422878965822	0.011742829723252041
chrW_mat	9200000	9400000	0.009208212404754498	-0.6940572994053653	0.29656146722937454	-0.20929357676063326
chrW_mat	9400000	9600000	0.00665958802952482	-0.9250048470935972	-0.2802556208372116	-0.5053651873356173
chrW_mat	9600000	9800000	0.013590659218824604	0.12369272364286517	0.8685014453140686	-0.3617809270808084
chrW_mat	9800000	10000000	0.008050186454484775	-0.8311833800277628	-0.03054890477410557	-0.45767162762531954
chrW_mat	10000000	10200000	0.006690364519105605	-0.8614907963662403	-0.25630751233371035	-0.5150478649159788
chrW_mat	10200000	10400000	0.009908239535151112	-0.643971882881069	0.2867403343988101	-0.34625508347921197
chrW_mat	10400000	10600000	0.008863711401489687	-0.8037146720764661	-0.0657876131076804	-0.41031177684550335
chrW_mat	10600000	10800000	0.01093673348953659	-0.2524822776104308	0.6940328930224006	-0.16754396254414033
chrW_mat	10800000	11000000	0.01528866797937513	0.47533770553667565	0.7954705427551118	-0.2009314199017867
chrW_mat	11000000	11200000	0.008990095644655338	-0.6525040196636732	0.401782734588091	-0.12853594552420652
chrW_mat	11200000	11400000	0.01076481605879401	-0.5111369046645031	0.38099702203736197	-0.2003082662405101
chrW_mat	11400000	11600000	0.014586710156774634	0.8887325012342996	0.3636522779397852	-0.18214436139588186
chrW_mat	11600000	11800000	0.017441131259818974	1.183008316197431	0.01682678391430456	-0.008719119401067019
chrW_mat	11800000	12000000	0.015554211103956566	1.0827584100216237	0.3025915321552457	-0.1360793685019031
chrW_mat	12000000	12200000	0.01500422108257439	0.7021192636112301	0.40578782902553473	-0.06342205416489455
chrW_mat	12200000	12400000	0.015698370448292434	0.535308269542207	0.7056046956542809	-0.24576748793130687
chrW_mat	12400000	12600000	0.006421323019701628	-0.8455346187079036	-0.16736411066189796	-0.4458173175071616
chrW_mat	12600000	12800000	0.008146938485911435	-0.8854338950224717	-0.011999699133360355	-0.3573694344960246
chrW_mat	12800000	13000000	0.010606427342584617	-0.6363108670015291	0.21245708719634143	-0.3381212146102757
chrW_mat	13000000	13200000	0.011347454909372114	-0.2722754808398603	0.4823696596674533	-0.26163813662642144
chrW_mat	13200000	13400000	0.014854438618847887	0.5001613214102552	0.5016701269544177	-0.20821016123955974
chrW_mat	13400000	13600000	0.012429761046555696	0.4893954927780049	0.45574598426155655	-0.23945454362874086
chrW_mat	13600000	13800000	0.014776352740232347	0.38356978845486167	0.1413085417833588	-0.18651766223743546
chrW_mat	13800000	14000000	0.038124815425152635	1.1588036303729423	-0.41255666292679843	-0.39254391209914674
chrW_mat	14000000	14200000	0.03805856501847342	1.1543960322836464	-0.31584385122383674	-0.21329956360408334
chrW_mat	14200000	14400000	0.015577175391546719	0.38697489376216027	0.38857611466579317	-0.3157872100531267
chrW_mat	14400000	14600000	0.013378644421923935	-0.4374947728741263	0.18672277790856348	-0.3814498223033831
chrW_mat	14600000	14800000	0.008436704452257332	-0.5741473730618873	0.18860323235168744	-0.3983995823189568
chrW_mat	14800000	15000000	0.009994941229567842	-0.6516449635190187	0.20515614533481058	-0.41891073544951624
chrW_mat	15000000	15200000	0.00924507819032004	-0.6146005637608035	-0.02583593831515761	-0.383901554711596
chrW_mat	15200000	15400000	0.015083934288409215	1.0600001898340796	0.3569989983982747	-0.13553718566160547
chrW_mat	15400000	15600000	0.013240899011852388	0.016439199968290772	0.4226867858250666	-0.25789737338631835
chrW_mat	15600000	15800000	0.01122635672663695	-0.7059484122974884	-0.011712281885420296	-0.3309289099618793
chrW_mat	15800000	16000000	0.008455748025004473	-0.522356356142305	0.161226785969181	-0.45346402845819256
chrW_mat	16000000	16200000	0.010608828549183503	0.09397952207838088	0.4144699334854789	-0.3193229218329026
chrW_mat	16200000	16400000	0.007813530025254072	-0.5700300630912257	-0.1190634674522132	-0.3827289721449892
chrW_mat	16400000	16600000	0.00946640034585708	-0.3211935125038415	0.24715748054503364	-0.24099878182770249
chrW_mat	16600000	16800000	0.014173860612995498	0.5511354480152404	0.5243243482598929	-0.03263132228020405
chrW_mat	16800000	17000000	0.02207206838064122	-0.8321622692008057	0.2372886955568787	-0.2388984517274676
chrW_mat	17000000	17200000	0.02165498530357725	-0.8805235858181351	-0.1883326674520761	-0.31466524568529514
chrW_mat	17200000	17400000	0.01151574327840039	-0.33624006141892043	0.5254740973131943	-0.29541179481946195
chrW_mat	17400000	17600000	0.011530668793158278	-0.48903825373587734	0.40270195985710194	-0.19038011507332825
chrW_mat	17600000	17800000	0.008423970259669414	0.009882320902349634	0.4951010276303942	-0.1407852839229686
chrW_mat	17800000	18000000	0.012919003599315262	0.3516802003484622	0.6526068961609969	-0.1566667087599692
chrW_mat	18000000	18200000	0.040860309629090194	1.015048588813581	-0.23071165050255582	-0.4251371062983076
chrW_mat	18200000	18400000	0.04071609753568856	1.0274124264496058	-0.46872256442253474	-0.6711241195148827
chrW_mat	18400000	18600000	0.03546101890025622	0.9154156741029131	-0.523977650484319	-0.6986586549802751
chrW_mat	18600000	18800000	0.028770262623165094	0.9115768248907983	-0.6220460396605033	-0.8973721637968624
chrW_mat	18800000	19000000	0.03916908086528555	0.874128995868295	-0.6241860437455937	-0.7607438670214188
chrW_mat	19000000	19200000				
chrW_mat	19200000	19400000				
chrW_mat	19400000	19600000				
chrW_mat	19600000	19800000				
chrW_mat	19800000	20000000				
chrW_mat	20000000	20200000				
chrW_mat	20200000	20400000				
chrW_mat	20400000	20600000				
chrW_mat	20600000	20800000				
chrW_mat	20800000	21000000				
chrW_mat	21000000	21200000				
chrW_mat	21200000	21400000				
chrW_mat	21400000	21600000				
chrW_mat	21600000	21800000				
chrW_mat	21800000	22000000				
chrW_mat	22000000	22200000	0.014049993142588398	1.0142563111843648	-0.5603423844208657	-0.39235707456523605
chrW_mat	22200000	22400000				
chrW_mat	22400000	22600000				
chrW_mat	22600000	22800000	0.013055824823256953	0.10087289479881331	0.3781461811103431	-0.27973419869643
chrW_mat	22800000	23000000	0.014102510889880909	0.7772632341094069	0.18799313489180197	-0.0912222921632445
chrW_mat	23000000	23200000	0.015606962737350285	0.951970936315426	0.17475754838284585	-0.32683589516645883
chrW_mat	23200000	23400000	0.012625454444556341	0.1574332209727498	0.364847493791784	-0.2050690376390032
chrW_mat	23400000	23600000	0.006852352459367984	-0.8402926982328965	0.10786577817211607	-0.17943340163135307
chrW_mat	23600000	23800000	0.03363069127148626	0.6962107900163942	0.40719029806877577	-0.3639062110670762
chrW_mat	23800000	24000000	0.04501503739081615	1.112503301393671	-0.06247563484589678	-0.28508530788279346
chrW_mat	24000000	24200000	0.015412207497517214	0.5864568706809471	0.4406501218047968	-0.24454943585315442
chrW_mat	24200000	24400000	0.00825778077369164	-0.9235608622353565	0.09669311855804419	-0.024189818700956323
chrW_mat	24400000	24600000	0.014508705617308928	0.6578886527036729	0.6042230194419792	-0.18304227806325216
chrW_mat	24600000	24800000	0.01148101988401275	0.057136977568653595	0.47646682299825976	-0.1378055613557085
chrW_mat	24800000	25000000	0.008256860547466969	-0.8396270809139108	0.09619476564921309	-0.19396593761316686
chrW_mat	25000000	25200000	0.011169714646706012	-0.14960507867158993	0.5392751889744491	-0.18811688209107444
chrW_mat	25200000	25400000	0.00930439769817866	-0.4978364789456786	0.2885977993798107	-0.3416316800134002
chrW_mat	25400000	25600000	0.010301441290656124	-0.10617209391965222	0.12496005489813461	-0.36184578662203903
chrW_mat	25600000	25800000	0.009037812499657214	0.24891764627777355	0.47988447461213074	-0.41060505364829225
chrW_mat	25800000	26000000	0.011229645518135305	-0.5236916872112497	0.370632879761084	-0.2789583423279369
chrW_mat	26000000	26200000	0.012560589662981854	0.17702304830358143	0.5389194100748675	-0.38838771685400586
chrW_mat	26200000	26400000	0.006920698705282404	-0.9876358998631396	-0.3396679179321481	-0.3056905945152657
chrW_mat	26400000	26600000	0.0104828620293556	-0.5296524632309917	0.32299885211528423	-0.1427490429380262
chrW_mat	26600000	26800000	0.022050995616681328	1.0365189858621582	0.26998095486733487	0.0018771438111064135
chrW_mat	26800000	27000000	0.014533559355863191	1.1330831646372828	-0.18095609161568693	-0.025158792377334895
chrW_mat	27000000	27200000	0.015289758729105185	1.109535025313862	-0.19440888660093517	-0.10298862402877405
chrW_mat	27200000	27400000	0.013215375913588772	0.8951394657349472	0.05647681533833833	-0.1597344495228828
chrW_mat	27400000	27600000	0.008294630987069125	-0.7040285599907855	-0.03959213345826603	-0.23877321811725435
chrW_mat	27600000	27800000	0.011993762315510132	-0.464937752336478	0.4017117301893607	-0.09287926376708772
chrW_mat	27800000	28000000	0.010266277764009176	-0.3092466401448338	0.30945377191038964	-0.21586192020229067
chrW_mat	28000000	28200000	0.013466957495341627	0.6527668436371921	0.2510217365089931	-0.2218856305491688
chrW_mat	28200000	28400000	0.010539237261798675	-0.05407599938823686	0.5178719816979861	-0.1809500371632944
chrW_mat	28400000	28600000	0.012275001331488657	0.9105381085777381	0.048942868117721985	-0.27317394524213984
chrW_mat	28600000	28800000	0.014921525660251494	1.0668284231891512	-0.06663384383236637	-0.3854033324261264
chrW_mat	28800000	29000000	0.012619855959278376	0.1127676387207065	0.3041794254769912	-0.2979925475814342
chrW_mat	29000000	29200000	0.008517947894691853	-0.8240885879587861	0.16656763840831657	-0.06432972034472798
chrW_mat	29200000	29400000	0.01094838316696894	0.0033651895217072588	0.4359419449577547	-0.15972273758935365
chrW_mat	29400000	29600000	0.009931561792363255	-0.3849236039348625	0.5184777183673235	-0.062079020517872716
chrW_mat	29600000	29800000	0.014245779639029602	0.8600581034425632	0.2473602393377984	-0.3007972119663425
chrW_mat	29800000	30000000	0.015120100906953949	1.0525245761299609	-0.33222236077425166	-0.2051061338831555
chrW_mat	30000000	30200000	0.014250152747548804	1.0779327871184539	-0.5109789263661427	-0.10452219863384735
chrW_mat	30200000	30400000	0.014257817720038122	0.9115767530419303	-0.15401081594684063	-0.21190519000512448
chrW_mat	30400000	30600000	0.016540818781719285	1.0662195017831642	-0.20764923080084233	-0.22248833744602495
chrW_mat	30600000	30800000	0.012554966554093962	0.8282903704103971	0.20338879205078297	-0.010458218484357724
chrW_mat	30800000	31000000	0.009769176410753129	-0.300769108920362	0.519026080314587	-0.08006108049304987
chrW_mat	31000000	31200000	0.012219092181500236	-0.2603714852546109	0.5032738725611638	-0.1978819750948258
chrW_mat	31200000	31400000	0.008940118382722104	-0.49872239413891656	0.22073893843049924	-0.2370886399920512
chrW_mat	31400000	31600000	0.007799965890029297	-0.6877125496372304	0.16331132149429708	-0.21429575351177504
chrW_mat	31600000	31800000	0.009589897910360716	-0.047745222324452684	0.4233484472265498	-0.3210912997347512
chrW_mat	31800000	32000000	0.011659080250870524	-0.060300987069659404	0.4912285499249257	-0.28601985485733045
chrW_mat	32000000	32200000	0.009367535021785861	-0.2961953900388551	0.4965364656127672	-0.21954930044613558
chrW_mat	32200000	32400000	0.00922957085761047	-0.6444262512480432	0.28509174060694625	-0.08788712233922265
chrW_mat	32400000	32600000	0.008296335935912495	-0.35562799282709906	0.15116672769425996	-0.14851966683009693
chrW_mat	32600000	32800000	0.014652151429973061	1.168824271072691	0.26167052849786876	0.038076198998465594
chrW_mat	32800000	33000000	0.01175502936281273	0.3854978455512791	0.6207564042995215	-0.2606234849724871
chrW_mat	33000000	33200000	0.006208457252536589	-1.0088470756320622	-0.016460276637808195	0.08632400624069943
chrW_mat	33200000	33400000	0.009998806325089824	-0.3486413798514987	0.5080887348644186	0.06422977091988162
chrW_mat	33400000	33600000	0.014049967574242681	0.7100978075046592	0.6490452454645034	0.10198315585007939
chrW_mat	33600000	33777440	0.01763769394413307	1.0857773388954826	0.47203037213129084	0.3411170705321979
chrZ_pat	0	200000				
chrZ_pat	200000	400000				
chrZ_pat	400000	600000				
chrZ_pat	600000	800000				
chrZ_pat	800000	1000000				
chrZ_pat	1000000	1200000				
chrZ_pat	1200000	1400000				
chrZ_pat	1400000	1600000				
chrZ_pat	1600000	1800000	0.004494524279460545	-0.05705315929984916	0.32833492370641904	-1.1102471655354182
chrZ_pat	1800000	2000000				
chrZ_pat	2000000	2200000	0.026093358093141797	-0.0003844203792597554	0.3975440462531431	-0.8606505129595963
chrZ_pat	2200000	2400000				
chrZ_pat	2400000	2600000				
chrZ_pat	2600000	2800000	0.029576026455408456	-1.1140590058222506	-0.10544984014898749	0.4839757440558649
chrZ_pat	2800000	3000000	0.010568932122522311	-1.2245088922034046	-0.1645007042670379	0.577569853516464
chrZ_pat	3000000	3200000	0.01533928523724194	-0.5627031303433725	-0.026089299564013197	0.30038233023328814
chrZ_pat	3200000	3400000	0.015266334388307365	-1.0190128397766773	-0.271168334534482	0.5521439185819369
chrZ_pat	3400000	3600000	0.0083529542245491	-1.011363931252847	-0.19761942293400575	0.34191370548926847
chrZ_pat	3600000	3800000	0.010648532429567878	-0.28567148946945514	0.17059469719911952	0.25568678262574723
chrZ_pat	3800000	4000000	0.007807386791480928	-1.015943320118896	-0.21591192228188597	0.4850700074732024
chrZ_pat	4000000	4200000	0.008125379146209633	-1.2277467804392375	-0.3179074330836063	0.5221618922328112
chrZ_pat	4200000	4400000	0.009738218729858554	-0.6418569687665956	-0.042359890825731765	0.33936084109207
chrZ_pat	4400000	4600000	0.012454001275078029	0.027705185278069068	0.3075704894973686	0.2951752330516397
chrZ_pat	4600000	4800000	0.008292651527392104	-0.6593134420157887	-0.02545936111904091	0.6538843370632487
chrZ_pat	4800000	5000000	0.008808644559519253	-0.5475274228584518	0.09497106098700075	0.6372684305100276
chrZ_pat	5000000	5200000	0.0184798543321713	-0.7040885851390497	-0.11367397397289743	0.7534422410627905
chrZ_pat	5200000	5400000	0.03656939707666998	0.8640708661083456	0.5321865177027871	0.6401583132456939
chrZ_pat	5400000	5600000	0.036664913845736745	0.9429337383632167	0.3511147635152891	0.7686298796527283
chrZ_pat	5600000	5800000				
chrZ_pat	5800000	6000000	0.013159194068938083	1.2147201514018782	0.3616213892703637	0.4956173758407955
chrZ_pat	6000000	6200000	0.010377806118923678	1.1723668830126708	0.5021570309754089	0.5226290609585226
chrZ_pat	6200000	6400000	0.009986129021273743	1.0513104418221093	0.45679693540569255	0.4627704533531745
chrZ_pat	6400000	6600000	0.009913492939873342	0.3178943766166145	0.4080322826971601	0.25916187274286606
chrZ_pat	6600000	6800000	0.007900746494220453	-1.128016975597553	-0.3085750759803798	0.5147854388484588
chrZ_pat	6800000	7000000	0.007974740033333236	-1.000290996881645	-0.11010945362009396	0.4858749973084065
chrZ_pat	7000000	7200000	0.011132258956891608	0.32912118732350865	0.33575831183672233	0.13806599522185145
chrZ_pat	7200000	7400000	0.012359785914887372	0.6827666601468472	0.45362917568348976	0.15184843665153067
chrZ_pat	7400000	7600000	0.012155321366863862	0.3819561227345152	0.2750309367393883	0.14535772850047818
chrZ_pat	7600000	7800000	0.008024673462648249	-0.8163698612588288	-0.060070370455886604	0.22867969606138444
chrZ_pat	7800000	8000000	0.006644486231525087	-1.3156330327735333	-0.33899570440955235	0.4786355423036742
chrZ_pat	8000000	8200000	0.007773602976840879	-1.0212435058522706	-0.23474376331254132	0.350361304954591
chrZ_pat	8200000	8400000	0.0078277008126463	-0.9974827634521725	-0.19912029805076917	0.20850519055882322
chrZ_pat	8400000	8600000	0.011107010965968495	0.09214407906616907	0.22686417624852226	0.12423606747974657
chrZ_pat	8600000	8800000	0.009958255803970155	0.07494124989376084	0.06419310864686849	0.19031381766014438
chrZ_pat	8800000	9000000	0.009935874686956215	0.02011404986429066	0.06912090708019875	0.2347726934134267
chrZ_pat	9000000	9200000	0.011577686549764194	0.9642840863403703	0.3000416070808539	0.21410777966885192
chrZ_pat	9200000	9400000	0.010777518959537302	0.5432936856308367	0.2792990202387214	0.21396119698493016
chrZ_pat	9400000	9600000	0.008370020806520707	-0.6024586757377556	-0.21055647570375244	0.4973973406198415
chrZ_pat	9600000	9800000	0.009757864746071888	0.02722960872124866	-0.004120622169043166	0.24315719080138729
chrZ_pat	9800000	10000000				
chrZ_pat	10000000	10200000	0.03392538060756215	0.9198518254517495	0.17771095705898646	0.31373616430962836
chrZ_pat	10200000	10400000				
chrZ_pat	10400000	10600000				
chrZ_pat	10600000	10800000	0.016459396214345803	-0.8957255346817526	-0.053082325296112495	0.27336947098780096
chrZ_pat	10800000	11000000	0.007084069846919203	-1.2122999784302457	-0.27662638226946984	0.3916441514832567
chrZ_pat	11000000	11200000	0.0092999900233833	0.27997323375209254	0.26474435503985544	-0.03190040046745106
chrZ_pat	11200000	11400000	0.006799705309856398	-0.8428150078999548	-0.2450979799275146	0.3014788555731025
chrZ_pat	11400000	11600000	0.010138672874694768	0.4899045154790824	0.3593721632290857	-0.033433285010950026
chrZ_pat	11600000	11800000	0.010106803921393015	0.49588794455606444	0.33616020983935385	-0.013489160829779627
chrZ_pat	11800000	12000000	0.009238556783274844	-0.4115857963975192	-0.09774756932169339	0.07412203343780056
chrZ_pat	12000000	12200000	0.006625420965725996	-1.0248632215402302	-0.3693281470645165	0.13501240357776417
chrZ_pat	12200000	12400000	0.007457342334543309	-0.7056030278478534	-0.23563480550636906	0.10550211540022486
chrZ_pat	12400000	12600000	0.008058621184912235	0.09251640439936698	0.18362905482177566	-0.10711420945417585
chrZ_pat	12600000	12800000	0.009910280907326026	1.0193013198881187	0.28584628707841037	-0.0759074136629039
chrZ_pat	12800000	13000000	0.010388199072122437	0.9879389918221524	0.4212336702247334	-0.013310968183299715
chrZ_pat	13000000	13200000	0.00945393515925756	1.0048703238560035	0.37418447699099044	-0.041317209791304634
chrZ_pat	13200000	13400000	0.009542902412642107	1.0357518564626047	0.27292591339840055	-0.020362083739305627
chrZ_pat	13400000	13600000	0.009387484521175535	1.0317241864022162	0.34263178220892454	-0.05133137638459062
chrZ_pat	13600000	13800000	0.010101242005917083	1.0123384389678998	0.4016191340187228	-0.03906922744386534
chrZ_pat	13800000	14000000	0.00961401610848442	0.8703070855815724	0.46269457738999425	-0.09286516480422845
chrZ_pat	14000000	14200000	0.008424504381244074	-0.2635687666186569	0.05096472225685442	-0.04823538231329111
chrZ_pat	14200000	14400000	0.008028619972885776	-0.5975675436098633	0.0035318505265935197	0.020401096251449955
chrZ_pat	14400000	14600000	0.008450552343327516	-0.4977307728608369	-0.028807854913994353	-0.008527467279061207
chrZ_pat	14600000	14800000	0.00876367118678864	-0.1133837989601689	0.11935791753970271	-0.07326158005083061
chrZ_pat	14800000	15000000	0.008097434229310429	-0.5140183377533277	-0.002850280556520469	-0.04978963932939952
chrZ_pat	15000000	15200000	0.009400876561584844	-0.3352320530456305	0.09917718525619226	-0.11385915674875
chrZ_pat	15200000	15400000	0.011450618447015292	0.15313677634135908	0.3369724879157528	-0.1603085388074259
chrZ_pat	15400000	15600000	0.008276920298200567	-1.0251523558000863	-0.1132275383997205	-0.12006500222957411
chrZ_pat	15600000	15800000	0.016626741079275056	-0.694595899594338	-0.9919242534053917	0.004718642163579651
chrZ_pat	15800000	16000000				
chrZ_pat	16000000	16200000	0.007440717635601786	-0.8944786288014923	-0.028404367166425238	-0.11646416726354379
chrZ_pat	16200000	16400000	0.010437568124028872	0.5901431503300253	0.5048826119283851	-0.31667935731988744
chrZ_pat	16400000	16600000	0.009572048066441841	0.145450199099369	0.3424232607055688	-0.2889316209223846
chrZ_pat	16600000	16800000	0.006069105671209189	-1.3038504287458963	-0.3203816934902256	-0.04516541701784696
chrZ_pat	16800000	17000000	0.009044080999918177	-0.0066925925567313665	0.3456670165535958	-0.27336526949407364
chrZ_pat	17000000	17200000	0.010148269506712939	0.7374316095971823	0.477027237024575	-0.2371668582040851
chrZ_pat	17200000	17400000	0.010268295036601038	0.8398137440339094	0.4096561143612618	-0.19597675101747078
chrZ_pat	17400000	17600000	0.009258776670278277	0.3513239000150651	0.2654959897051353	-0.19540005529208945
chrZ_pat	17600000	17800000	0.008017207801263346	-0.5283093614678979	-0.054193468170759	-0.19490891397731697
chrZ_pat	17800000	18000000	0.007538605730279575	-0.8320104777170039	-0.10383426604775549	-0.12602072877417253
chrZ_pat	18000000	18200000	0.0077961246980106785	-0.7130631221838202	-0.08719378311734256	-0.1075375773399829
chrZ_pat	18200000	18400000	0.010059857193894484	0.6864781056320008	0.5532257916843087	-0.3419647476359117
chrZ_pat	18400000	18600000	0.0077390227169665225	-0.5943442925482197	-0.05024735465227035	-0.16380218479724223
chrZ_pat	18600000	18800000	0.008294835257758268	-0.4595276696202796	-0.10520234499889354	-0.20476223438378832
chrZ_pat	18800000	19000000	0.009271650475116648	-0.39006477480866447	0.07557493544285263	-0.23746151031338797
chrZ_pat	19000000	19200000	0.010539667553397363	0.7694023506629495	0.4224436530196568	-0.32058267187137185
chrZ_pat	19200000	19400000	0.009618082500496785	0.9256679543614158	0.4239032768215078	-0.3730640177058889
chrZ_pat	19400000	19600000	0.009855356436453997	0.9783896322399552	0.29596680005526693	-0.33317494833738054
chrZ_pat	19600000	19800000	0.00982752728891698	0.932577696034967	0.3476433442783854	-0.34372500617488105
chrZ_pat	19800000	20000000	0.008696254612151719	-0.06539544631115535	0.1481765792870056	-0.2401260869290085
chrZ_pat	20000000	20200000	0.009837429162137529	0.36483894034477937	0.2871278892658075	-0.34651090333991563
chrZ_pat	20200000	20400000	0.007336039569441245	-0.7228293108783793	-0.15361219610129292	-0.29383506234325985
chrZ_pat	20400000	20600000	0.009269052784588866	0.4674012933297612	0.2784609777872573	-0.3803133247914209
chrZ_pat	20600000	20800000	0.008685209188456326	0.23895590024664295	0.02877018556456731	-0.3585584530598758
chrZ_pat	20800000	21000000	0.0088059583203333	0.12334040821909818	-0.00877977884609065	-0.2715685259025554
chrZ_pat	21000000	21200000	0.00859718181666384	-0.3344631350806504	-0.04754769904846975	-0.2833399342908003
chrZ_pat	21200000	21400000	0.013120170836014546	0.7447919876456679	0.374151359679099	-0.4538693942861729
chrZ_pat	21400000	21600000	0.012637737963598634	0.9442425531801364	0.29246070605477414	-0.43972650714782835
chrZ_pat	21600000	21800000	0.012821820681998147	0.8186387729939439	0.4033015131463586	-0.5624917648716882
chrZ_pat	21800000	22000000	0.011031093674775309	0.4660530054522553	0.3676091773320164	-0.4917559284430683
chrZ_pat	22000000	22200000	0.007804088262002119	-1.072146424775923	-0.25371137155529555	-0.33206943406331196
chrZ_pat	22200000	22400000	0.012240935349019393	0.23526622562817567	0.16160852979435333	-0.47862020975466557
chrZ_pat	22400000	22600000	0.01848623273297393	0.5986743814986292	0.3448043847412076	-0.6022789859393819
chrZ_pat	22600000	22800000	0.003671318517507418	0.9117314689618682	0.03750284302814368	-0.5655253315016815
chrZ_pat	22800000	23000000	0.009829118063505657	0.8637181719065514	0.3065066596442298	-0.588515442798343
chrZ_pat	23000000	23200000	0.009174753590714981	-0.7071010753800995	-0.12806316694420017	-0.22725042685433705
chrZ_pat	23200000	23400000	0.009927094506388963	0.36580005372613805	0.2370829175450133	-0.3140500358793294
chrZ_pat	23400000	23600000	0.008419998823767084	-0.33728769232294215	-0.06587932992792345	-0.24864579523882843
chrZ_pat	23600000	23800000	0.009623210550035208	0.7180356615042541	0.4019245152570644	-0.4549330693686769
chrZ_pat	23800000	24000000	0.010626254658480687	0.9142680440245186	0.47257840518015015	-0.5171342528813898
chrZ_pat	24000000	24200000	0.010931105127038026	0.8866079516357667	0.4353684489150695	-0.533508063495603
chrZ_pat	24200000	24400000	0.009918901937078997	0.9002278775491747	0.4222311595753505	-0.4756794110260747
chrZ_pat	24400000	24600000	0.009889046731912626	0.920502176284187	0.4936928114416689	-0.46915608487851834
chrZ_pat	24600000	24800000	0.010266334069394619	0.9011682003131964	0.48633750581127727	-0.458475057853305
chrZ_pat	24800000	25000000	0.010335598135384712	0.8274951029037617	0.5836213168768637	-0.43422033354663225
chrZ_pat	25000000	25200000	0.009944375361961818	0.6598676415010304	0.7019417095798667	-0.4310756094629096
chrZ_pat	25200000	25400000	0.008693757516869214	-0.39877456278985013	0.3304082780592506	-0.42511556746889084
chrZ_pat	25400000	25600000	0.007264232660391925	-0.9070112900733232	0.026706204016747052	-0.3621187560726422
chrZ_pat	25600000	25800000	0.007744354636088366	-0.7075778061649095	0.10089233980272334	-0.44387864209909556
chrZ_pat	25800000	26000000	0.007404029426582655	-0.6829027971927079	0.09164416307396539	-0.4091781073569119
chrZ_pat	26000000	26200000	0.009550762813339697	0.32187790170683267	0.719417038735687	-0.41446056784402197
chrZ_pat	26200000	26400000	0.008176097137012468	-0.32940995089885194	0.3698155474098787	-0.4227055097583908
chrZ_pat	26400000	26600000	0.009338217777602142	0.1551343793237224	0.616097254897226	-0.3954850555496765
chrZ_pat	26600000	26800000	0.009630041304593375	0.20475529758892846	0.5823452984718137	-0.37956922182018066
chrZ_pat	26800000	27000000	0.00874852130390828	-0.24203772973735638	0.41601029023570557	-0.4446064329075278
chrZ_pat	27000000	27200000	0.007543328585231833	-0.6835916381362409	0.21676203712505285	-0.4379717398737494
chrZ_pat	27200000	27400000	0.008923785619852532	-0.2058733198314003	0.5815494103091934	-0.4605153724362069
chrZ_pat	27400000	27600000	0.00787183168859394	-0.9053408040142883	0.09493616900649435	-0.5426267695217996
chrZ_pat	27600000	27800000	0.00876238601224597	-0.4344413362213361	0.35274925970953336	-0.557334358882967
chrZ_pat	27800000	28000000	0.010629242875110126	0.42296758982428717	0.7244718696108772	-0.40901166929094945
chrZ_pat	28000000	28200000	0.010358277427784661	0.5604239017880109	0.7674289913961085	-0.41187045669000183
chrZ_pat	28200000	28400000	0.010118585189633848	0.49455709763081823	0.7258295028376228	-0.4217056233694547
chrZ_pat	28400000	28600000	0.01096740156350505	0.7050635539595812	0.8752566632542842	-0.46474993468361436
chrZ_pat	28600000	28800000	0.008917461824884608	0.06769985342609923	0.6953971397388317	-0.4110463616554369
chrZ_pat	28800000	29000000	0.007373737053513742	-0.543735554377393	0.28331025404060145	-0.47806722527474
chrZ_pat	29000000	29200000	0.007481742002216914	-0.5162988919222068	0.3079856387609793	-0.4328305574221267
chrZ_pat	29200000	29400000	0.009537330771445175	0.34432203408302275	0.7823602018138532	-0.37133288710988926
chrZ_pat	29400000	29600000	0.007868727902813087	-0.3100990083639666	0.3871335492976716	-0.4727745432087866
chrZ_pat	29600000	29800000	0.009476919292853487	0.7254373362297978	0.7986271896243805	-0.37803293151923284
chrZ_pat	29800000	30000000	0.010160028257643856	0.7851172962151256	0.8325908559465917	-0.3567542672540492
chrZ_pat	30000000	30200000	0.009812743542951105	0.6144191072090432	0.7921203720124911	-0.34592266728406507
chrZ_pat	30200000	30400000	0.007136406171541444	-0.728683944734321	0.19901335095325665	-0.5064295624084392
chrZ_pat	30400000	30600000	0.0063470213494050435	-0.8518476868121084	0.08707361579274517	-0.5542801523817975
chrZ_pat	30600000	30800000	0.009792270448935981	0.48681088302744924	0.784041893522031	-0.2745396632096714
chrZ_pat	30800000	31000000	0.010246293682944331	0.7248800890458816	0.811779519160514	-0.26340336331783
chrZ_pat	31000000	31200000	0.010243360825517854	0.7496802723486043	0.7575458319698014	-0.3335425419256711
chrZ_pat	31200000	31400000	0.01069819398021225	0.30561758187395865	0.7430339512856676	-0.39471865338738404
chrZ_pat	31400000	31600000	0.008981885948124308	-0.349545790173401	0.4568971102563349	-0.44982810608502777
chrZ_pat	31600000	31800000	0.007784740686682985	-0.6813642235458763	0.22887041737437672	-0.6064475529755707
chrZ_pat	31800000	32000000	0.008812615689533789	-0.7247894133092849	0.18314376417642034	-0.5598955403663599
chrZ_pat	32000000	32200000	0.0072535195498098755	-0.8990387383299315	0.08512865216888423	-0.6584745798787563
chrZ_pat	32200000	32400000	0.011024352614901072	-0.23901647911298818	0.264707879545965	-0.5517264521135925
chrZ_pat	32400000	32600000	0.012329802307413346	0.5312283997257714	0.7404418547448949	-0.44557130380413856
chrZ_pat	32600000	32800000	0.011194151872175748	0.38493488127889197	0.7624482144156678	-0.3405059920107849
chrZ_pat	32800000	33000000	0.00886927540105443	-0.4258052208673893	0.4208985667789361	-0.48617318321452396
chrZ_pat	33000000	33200000	0.008371001860949787	-0.6143393657801103	0.34063033226744277	-0.6310706479855877
chrZ_pat	33200000	33400000	0.00851171949110721	-0.6298403302804919	0.2949172552575294	-0.5959174070319112
chrZ_pat	33400000	33600000	0.006835759676274919	-0.873190410616133	0.1431973200528429	-0.7531847691596603
chrZ_pat	33600000	33800000	0.00956242628478317	-0.177230289797739	0.5627542316218458	-0.49677793229284783
chrZ_pat	33800000	34000000	0.011409032593312211	0.4293016579402068	0.7701701460297752	-0.3596074841207088
chrZ_pat	34000000	34200000	0.010363773653763207	-0.013516944594421992	0.6158739204693547	-0.36125506228098503
chrZ_pat	34200000	34400000	0.010597899518157101	-0.5164529811547145	0.3277780485018421	-0.41541255733370824
chrZ_pat	34400000	34600000	0.01138698800764133	-0.8190198013712843	0.17110906770636172	-0.697499905292787
chrZ_pat	34600000	34800000	0.009034208707984149	-0.31073295129946493	0.46657544527255046	-0.42310840303501573
chrZ_pat	34800000	35000000	0.010544192736542399	0.6525876745856967	0.7937347595433208	-0.2009339589287415
chrZ_pat	35000000	35200000	0.01063530922078614	0.3456463888200799	0.5860433234441005	-0.2610270677989666
chrZ_pat	35200000	35400000	0.023590113465851298	-0.3837695372013154	0.3871911148690982	-0.38784204922404386
chrZ_pat	35400000	35600000				
chrZ_pat	35600000	35800000				
chrZ_pat	35800000	36000000	0.012664445238846982	0.8503734608031644	0.17353207217194966	-0.2724777737959765
chrZ_pat	36000000	36200000	0.011315521563838523	0.8601591070384343	0.07506051196158929	-0.17513335155144552
chrZ_pat	36200000	36400000	0.01010790693556013	0.6989974101677385	0.024635853918115694	-0.24869202279252042
chrZ_pat	36400000	36600000	0.00767929342541329	-0.6667662475379043	-0.05218725927366226	-0.2795844360278734
chrZ_pat	36600000	36800000	0.009610778875179804	0.029307153984636066	0.10868012619208008	-0.23229169119367132
chrZ_pat	36800000	37000000	0.011114287135333962	-0.49890953194928683	-0.08765094046699304	-0.32478658115536396
chrZ_pat	37000000	37200000	0.008146572077180773	-0.7374281790580823	-0.06956646259000115	-0.22839669207698804
chrZ_pat	37200000	37400000	0.01042288074930075	0.37946377906205386	0.0698156448479062	-0.20954051179400482
chrZ_pat	37400000	37600000	0.01012613758862444	0.783373533572878	-0.23604852768914839	-0.22181387045675816
chrZ_pat	37600000	37800000	0.010232253755474778	0.8641875968154875	-0.15804006752813085	-0.29922253836255014
chrZ_pat	37800000	38000000	0.010096489258663988	0.7827434522778262	-0.22400422244208276	-0.19877878597592483
chrZ_pat	38000000	38200000	0.010126655321923679	0.8901539204769191	-0.16766443481424417	-0.2398546239156933
chrZ_pat	38200000	38400000	0.010516271447387874	0.9750324202404101	-0.313364161683306	-0.277781329593095
chrZ_pat	38400000	38600000	0.010698449834138582	0.9550684920147897	-0.1812085592374294	-0.2848760794217757
chrZ_pat	38600000	38800000	0.011148565954249158	0.7964925822168412	-0.23372702152088523	-0.303648511654993
chrZ_pat	38800000	39000000	0.010405387015634749	0.21946971849506472	-0.021226919260635194	-0.309714514927482
chrZ_pat	39000000	39200000	0.0069182916477943885	-0.9819894527551037	-0.16875013011175724	-0.45288616569384715
chrZ_pat	39200000	39400000	0.0069809871362112325	-0.990770484203374	-0.18926677217837215	-0.53771912499387
chrZ_pat	39400000	39600000	0.008131065538991632	-0.6955932657857704	-0.0991140306558693	-0.29846139208765987
chrZ_pat	39600000	39800000	0.008975101528423087	-0.3890613885543721	-0.06290427169337894	-0.25489180153270014
chrZ_pat	39800000	40000000	0.007231470645310514	-0.7536893597513566	-0.20282665110154935	-0.38817049528693887
chrZ_pat	40000000	40200000	0.00990339026063946	-0.06563252680760025	-0.09775552311063669	-0.28605140829529624
chrZ_pat	40200000	40400000	0.009680421022328634	-0.4573979250669781	-0.10622949037874782	-0.29524402242824715
chrZ_pat	40400000	40600000	0.006460611713946448	-1.1218308361380793	-0.280419096770915	-0.4019527040994652
chrZ_pat	40600000	40800000	0.010181910167500316	0.41156031661688186	-0.11938052318067462	-0.31402947679801785
chrZ_pat	40800000	41000000	0.009933132246122458	0.5511614993650811	-0.16718015300743463	-0.28641411756431534
chrZ_pat	41000000	41200000	0.009713383330209185	0.39651962569369875	-0.34056296635354144	-0.25913105806749864
chrZ_pat	41200000	41400000	0.009443242666549239	0.5854144217588455	-0.2793351316986686	-0.29630385877190507
chrZ_pat	41400000	41600000	0.00968293911273433	0.7588410156745421	-0.20395196205084107	-0.36778730797972164
chrZ_pat	41600000	41800000	0.00719176714544855	-0.6739225955749927	-0.2706243084965574	-0.327194926958682
chrZ_pat	41800000	42000000	0.01011090115648491	0.48365379993863705	-0.1517932733971382	-0.2818264414519757
chrZ_pat	42000000	42200000	0.010786892911344326	0.7045608839788654	-0.2565016123096858	-0.26263512376739595
chrZ_pat	42200000	42400000	0.010494979534085448	0.34674921151079907	-0.1838682040116394	-0.395042913783056
chrZ_pat	42400000	42600000	0.007521426931657043	-0.6120869825873926	-0.3217812019512395	-0.41882624328784035
chrZ_pat	42600000	42800000	0.010054201748289825	0.8575055060559704	-0.35351854730230964	-0.3150338155330771
chrZ_pat	42800000	43000000	0.010187796545298285	0.9768717568797513	-0.462598211306331	-0.3581207755461666
chrZ_pat	43000000	43200000	0.010286848285735267	0.9573178752746164	-0.5111043191978177	-0.3052016662980622
chrZ_pat	43200000	43400000	0.009781284981141789	1.020077043350682	-0.6139610113770386	-0.3190292171163083
chrZ_pat	43400000	43600000	0.011253347413777417	1.0651706482612435	-0.5307849353948446	-0.3380278980356537
chrZ_pat	43600000	43800000	0.009846340177793872	1.0882046949471902	-0.5920785267699272	-0.2936802373554794
chrZ_pat	43800000	44000000	0.01005937747742224	1.0191004077019539	-0.6584669432326938	-0.31001528152857794
chrZ_pat	44000000	44200000	0.009792643794915058	1.0929293080626215	-0.6158964532272554	-0.3227434295436448
chrZ_pat	44200000	44400000	0.009997396017247856	1.09682905168998	-0.6467698905499394	-0.24580465756496378
chrZ_pat	44400000	44600000	0.010741300716277134	0.9286040138726653	-0.5799894483040906	-0.3153117820409347
chrZ_pat	44600000	44800000	0.011714659617931502	0.9649228044006931	-0.5760827305435482	-0.3728362226865293
chrZ_pat	44800000	45000000	0.011876430404492194	0.8141202223152	-0.48733909093550043	-0.4381798455624616
chrZ_pat	45000000	45200000	0.011816005594288255	0.5255973163044322	-0.3729347015897244	-0.286822678399387
chrZ_pat	45200000	45400000	0.009103589243845843	-0.5857667767560999	-0.24172466746190982	-0.4696992499100059
chrZ_pat	45400000	45600000	0.007026071423388929	-1.1139221853466366	-0.27426530690641865	-0.9501347114529165
chrZ_pat	45600000	45800000	0.0075034641091948715	-1.1094217165923308	-0.30225942244561543	-0.9715457874664117
chrZ_pat	45800000	46000000	0.006641570894808142	-1.0480087370308986	-0.26735099746482466	-0.8330143723141752
chrZ_pat	46000000	46200000	0.00838639594188348	-0.7605601403663158	-0.22380309955318067	-0.7564029836124513
chrZ_pat	46200000	46400000	0.00996052331502685	-0.5961310531812751	-0.26332845703032026	-0.7103283636144881
chrZ_pat	46400000	46600000	0.013473578829380805	0.06688740884321091	-0.12105771230712135	-0.5197373827209267
chrZ_pat	46600000	46800000	0.01250058104985537	-0.4126745778611953	-0.11555489157397408	-0.5909361194566729
chrZ_pat	46800000	47000000	0.006533189523581137	-1.0096362223286792	-0.2811117925292481	-0.8748563929741077
chrZ_pat	47000000	47200000	0.011127075568471834	0.14734013916025293	-0.26828356642353374	-0.5358115816782669
chrZ_pat	47200000	47400000	0.012133910920020271	-0.10999761662432432	-0.17130546193755108	-0.6439200255799075
chrZ_pat	47400000	47600000	0.008774707933033114	-1.0324113968075173	-0.2855791588020765	-0.7645485004248108
chrZ_pat	47600000	47800000	0.009492927615355033	-0.5300463690786773	-0.19381661661849348	-0.6003803564173766
chrZ_pat	47800000	48000000	0.010451035008987817	-0.22489145132013239	-0.22101833103674873	-0.38872301506053697
chrZ_pat	48000000	48200000	0.007061416233867273	-0.8535846467244244	-0.2702231967986927	-0.6504004772114279
chrZ_pat	48200000	48400000	0.008736018278383287	-0.49247517471594865	-0.20450800429664293	-0.5547843365384547
chrZ_pat	48400000	48600000	0.008696421140342813	-0.46479603614083	-0.2935507632070064	-0.5988598401275007
chrZ_pat	48600000	48800000	0.00975329984557777	0.36600410427430363	-0.3804967479240246	-0.43555697798880527
chrZ_pat	48800000	49000000	0.008042803541689994	-0.3637682160803716	-0.31396890659059334	-0.46482114473882435
chrZ_pat	49000000	49200000	0.010129691108581506	0.31785195576179903	-0.4305199236512028	-0.3534636943154549
chrZ_pat	49200000	49400000	0.0074385939752122186	-0.6754163632041963	-0.25680069314999326	-0.530358507960922
chrZ_pat	49400000	49600000	0.008932565361161958	-0.2023013588098552	-0.22580603964060864	-0.4908115108291594
chrZ_pat	49600000	49800000	0.005615622420477413	-1.0935446572221155	-0.24476965192015576	-0.7575103779987472
chrZ_pat	49800000	50000000	0.007048489482771242	-0.8075520526268164	-0.2904992211543118	-0.5335178610203826
chrZ_pat	50000000	50200000	0.01075551555396	0.29802735018411514	-0.3428559852741936	-0.3124768050214602
chrZ_pat	50200000	50400000	0.010883745006282409	0.44809256460021507	-0.360027636275958	-0.28474495909906616
chrZ_pat	50400000	50600000	0.006907718110281317	-0.8188133186853177	-0.36445175142020925	-0.6186459579579205
chrZ_pat	50600000	50800000	0.009853585591975102	0.5029814610574895	-0.40720274298677345	-0.2247463993010461
chrZ_pat	50800000	51000000	0.010584120015384064	0.8456319711324484	-0.6039741797084663	-0.24630438822655001
chrZ_pat	51000000	51200000	0.00819063294797918	-0.34947443279164	-0.3806273792932623	-0.42303197067546877
chrZ_pat	51200000	51400000	0.010543442788875906	0.16646934114452863	-0.30262013939440713	-0.2993512933814498
chrZ_pat	51400000	51600000	0.008417293727686846	-0.6294691671897916	-0.23579960522878005	-0.49233736606247364
chrZ_pat	51600000	51800000	0.010268353367168432	-0.08483049513774792	-0.25244724521087625	-0.3704139549452188
chrZ_pat	51800000	52000000	0.006637788552548267	-0.8593595167138173	-0.3168808624735584	-0.5819657635314274
chrZ_pat	52000000	52200000	0.008394211641903068	-0.2171104062627287	-0.2690793278285671	-0.3440596347800995
chrZ_pat	52200000	52400000	0.009899715236857523	0.7919847928934911	-0.41746523496413546	-0.21308599121944907
chrZ_pat	52400000	52600000	0.008635740225243448	0.12680727199585243	-0.38980880597828277	-0.167830004228498
chrZ_pat	52600000	52800000	0.01023552047075345	1.0771971230383584	-0.5229208484265322	-0.10949374008029558
chrZ_pat	52800000	53000000	0.009262619157671997	0.3734924490673797	-0.29578936395034666	-0.21659248177277593
chrZ_pat	53000000	53200000	0.008544835897638284	0.03350906345148821	-0.23541162940928773	-0.2837231096173179
chrZ_pat	53200000	53400000	0.010341193203577265	0.8805756820817685	-0.5043124831107719	-0.05527969925391638
chrZ_pat	53400000	53600000	0.010171135893571957	1.0767774905890404	-0.6938029462967277	-0.05219566801090357
chrZ_pat	53600000	53800000	0.01000302268691543	0.8690544601266279	-0.5540226291332617	-0.158565356364843
chrZ_pat	53800000	54000000	0.008373410669276214	-0.3028482509751795	-0.20931065613561414	-0.32463135152608685
chrZ_pat	54000000	54200000	0.006870049541710028	-1.0240656159590347	-0.17468193814537994	-0.5728406547449073
chrZ_pat	54200000	54400000	0.008185759882757764	-0.6370163212601285	-0.06957058485925349	-0.447515766224235
chrZ_pat	54400000	54600000	0.008019582521283939	-0.7077000753340492	-0.17575297085439712	-0.4320936887921316
chrZ_pat	54600000	54800000	0.01018617322691912	0.1707746865761967	-0.3058017311268087	-0.308321059829584
chrZ_pat	54800000	55000000	0.007843245151778522	-0.6270818838327326	-0.31739005670964204	-0.4290051218444385
chrZ_pat	55000000	55200000	0.0089528083272294	-0.6081247843574721	-0.311085093696693	-0.45625518794721964
chrZ_pat	55200000	55400000	0.010333358106953988	0.2851769247107595	-0.2769231010030614	-0.33584722486211344
chrZ_pat	55400000	55600000	0.009361605762190178	-0.2569562002682908	-0.2291860963060444	-0.398354169781602
chrZ_pat	55600000	55800000	0.007155144969661829	-0.9544011034225225	-0.2597725649837576	-0.42617547076844137
chrZ_pat	55800000	56000000	0.010756399832852032	0.6385015814919771	-0.1631102830405218	-0.16814905226113988
chrZ_pat	56000000	56200000	0.01090919617580821	0.9209909181097042	-0.44688094876019085	-0.11550544309435488
chrZ_pat	56200000	56400000	0.010144833451669458	0.889214443062062	-0.3382552654494924	-0.08304892057020745
chrZ_pat	56400000	56600000	0.01010341246218252	0.90897750400076	-0.4875821219577612	-0.09417710390238472
chrZ_pat	56600000	56800000	0.009921735479410004	0.8993145347441505	-0.5046474811753684	-0.13562211596724405
chrZ_pat	56800000	57000000	0.009015511825815527	0.25685895096867356	-0.2962051457225265	-0.2513530209859953
chrZ_pat	57000000	57200000	0.007499219061606983	-0.8164118641896052	-0.23239720962780722	-0.5146855692683358
chrZ_pat	57200000	57400000	0.007630244350242776	-0.9571445909935917	-0.21456563375315865	-0.42474742544246874
chrZ_pat	57400000	57600000	0.007839736532378998	-0.6185578771639227	-0.15553660659566096	-0.39151544661371207
chrZ_pat	57600000	57800000	0.007667715207864347	-0.5599211609620076	-0.22260110496879382	-0.4096915559217961
chrZ_pat	57800000	58000000	0.010509521720809515	0.8248442774292482	-0.40023942646327837	-0.08550752148192772
chrZ_pat	58000000	58200000	0.010439171612709148	0.8029590484295396	-0.37913300827980906	-0.03473522035691776
chrZ_pat	58200000	58400000	0.00826992635997756	-0.0990659711670625	-0.18173361434951682	-0.1952192785507331
chrZ_pat	58400000	58600000	0.00910440076167099	0.032593058086625486	-0.059255291238574107	-0.14845333637611483
chrZ_pat	58600000	58800000	0.006599884118481873	-0.9070268473493572	-0.15031844953148157	-0.4527737580092763
chrZ_pat	58800000	59000000	0.007058464077895777	-0.9237295274759156	-0.1164332748552933	-0.4157224193610249
chrZ_pat	59000000	59200000	0.008262700181311452	-0.44016708925308146	-0.04791818401445989	-0.27983371288793646
chrZ_pat	59200000	59400000	0.008772903460279407	-0.6026514569251621	-0.1215465861865709	-0.32683969496602455
chrZ_pat	59400000	59600000	0.00997438744186027	0.07922042454197664	-0.0735719426830685	-0.2496600212348784
chrZ_pat	59600000	59800000	0.006493067503578624	-1.090513469523902	-0.17949383322217657	-0.4252344922928901
chrZ_pat	59800000	60000000	0.008247811586375754	-0.49484373601419224	-0.18188136246748046	-0.2862845389998522
chrZ_pat	60000000	60200000	0.011040082255182002	0.7751069588152862	-0.3425512533621465	-0.08912183272917819
chrZ_pat	60200000	60400000	0.010712917593828562	0.9134060567125338	-0.3372352787723001	-0.16184149952391755
chrZ_pat	60400000	60600000	0.0069922852710557456	-0.766624605853043	-0.2297423222265126	-0.2672559307846348
chrZ_pat	60600000	60800000	0.009349307496705447	0.0062769100504137375	-0.18470004371558316	-0.14839088845506296
chrZ_pat	60800000	61000000	0.010182844671182058	0.8932187867410473	-0.40517786673801753	-0.1191862310760453
chrZ_pat	61000000	61200000	0.01022628975470837	0.8368939229266638	-0.31140627815781535	-0.04688473328474905
chrZ_pat	61200000	61400000	0.009336948415005004	0.5103160283308864	-0.21140053503377268	-0.029471623758755467
chrZ_pat	61400000	61600000	0.010306375095143558	1.1316917043305805	-0.4709777524827243	0.014197981558498567
chrZ_pat	61600000	61800000	0.01015750461536296	0.8891232274730473	-0.3322920061869672	-0.14611369195880505
chrZ_pat	61800000	62000000	0.007956601861100926	-0.5830427670547916	-0.15020810327802395	-0.1269398958604375
chrZ_pat	62000000	62200000	0.01079324783717434	0.9274651890916584	-0.2717234094900944	-0.036022122715131735
chrZ_pat	62200000	62400000	0.011040105689059079	0.8129173064445936	-0.17230632266800347	-0.03990639283403995
chrZ_pat	62400000	62600000	0.007623428370402483	-0.7651023495415304	-0.04153411632825393	-0.1979149602256433
chrZ_pat	62600000	62800000	0.00792373108753439	-0.8997338620278339	-0.11722359159586787	-0.022031212186370254
chrZ_pat	62800000	63000000	0.01026447114081591	-0.2237604580021233	-0.052331116261154186	-0.018067656870717867
chrZ_pat	63000000	63200000	0.011243505704451371	-0.08411546420990508	-0.1671399967632481	-0.18507954891752842
chrZ_pat	63200000	63400000				
chrZ_pat	63400000	63600000				
chrZ_pat	63600000	63800000	0.02303633291603922	0.9495519164525666	-0.3035068119705635	-0.3038289877579684
chrZ_pat	63800000	64000000	0.01515577856029822	0.5202525411814882	-0.3381597120070124	-0.10762181520381936
chrZ_pat	64000000	64200000	0.009801659948936633	-0.2984792440159339	-0.18749159328687437	-0.1496617479175673
chrZ_pat	64200000	64400000	0.007520070626938162	-0.7073235001991862	-0.219723220365641	-0.09939568338091066
chrZ_pat	64400000	64600000	0.00971262039417887	0.39677273378025524	-0.25982925497753323	-0.01645300988731301
chrZ_pat	64600000	64800000	0.01030104617425274	-0.5853275164177337	-0.16352900630903108	-0.2169885649267247
chrZ_pat	64800000	65000000	0.02592652128584622	-0.928569896187331	-0.17621815458857457	-0.31144813954185363
chrZ_pat	65000000	65200000	0.007916853854017867	-0.9260093134395714	-0.18869886141034864	-0.23134980242927985
chrZ_pat	65200000	65400000	0.007991919379354881	-0.7613097965141172	-0.11570132271934037	-0.15880471602770801
chrZ_pat	65400000	65600000	0.008847841420833311	-0.47569101834063504	-0.1302056187748381	-0.20776150196491053
chrZ_pat	65600000	65800000	0.009310948860643292	-0.1611748035789332	-0.1654372843602768	-0.15113007742232476
chrZ_pat	65800000	66000000	0.011114107175837759	0.5942823994772599	-0.4223944749603886	0.0028641630991255752
chrZ_pat	66000000	66200000	0.005973020306409951	-1.0177980463219383	-0.20634123240051996	-0.3641820382836997
chrZ_pat	66200000	66400000	0.0075320995829548255	-0.8402953138951781	-0.10559298985614296	-0.22595515235783722
chrZ_pat	66400000	66600000	0.008525559842516016	-0.2368970951166896	-0.20003339936414427	-0.11646445245389407
chrZ_pat	66600000	66800000	0.010693619047486672	0.5527370155882523	-0.284756247738991	-0.1035696807939965
chrZ_pat	66800000	67000000	0.008036438986756166	-0.5488839137448619	-0.23320646702056017	-0.08887236617074991
chrZ_pat	67000000	67200000	0.008108005481780175	-0.6010762977726921	-0.2078667303805695	-0.08576146778546002
chrZ_pat	67200000	67400000	0.007539630873557334	-0.7106467930044841	-0.17884267609789367	-0.10131329629125288
chrZ_pat	67400000	67600000	0.00844737276488522	-0.5556122866209708	-0.24459157896625544	-0.1943651698334468
chrZ_pat	67600000	67800000	0.010770818370697917	0.01913129003524293	-0.24509532248073343	-0.0232250538908749
chrZ_pat	67800000	68000000	0.007217406277344621	-0.9564229143214927	-0.22140306862559458	-0.0539486942766795
chrZ_pat	68000000	68200000	0.012528576449832157	0.4611559601111794	-0.46338485032517424	0.009381510161816186
chrZ_pat	68200000	68400000	0.011968358242201303	0.6764924724500802	-0.50704281415226	0.053781341944443804
chrZ_pat	68400000	68600000	0.006968445472548863	-0.923205609137251	-0.3064574423548614	-0.0701455517186628
chrZ_pat	68600000	68800000	0.009587159302325161	-0.18332362128824053	-0.28878044891087434	-0.025383737732943112
chrZ_pat	68800000	69000000	0.00777087251303733	-0.6344793195252167	-0.3115782761045729	-0.11235772172146141
chrZ_pat	69000000	69200000	0.009782164017829739	0.31994877732255783	-0.3077276279055622	-0.16243982352463396
chrZ_pat	69200000	69400000	0.006512844689413107	-1.0017110839838421	-0.23996443868053072	-0.3083426951523492
chrZ_pat	69400000	69600000	0.005883114115788727	-1.1583486910317833	-0.17396296118282695	-0.22366660484963236
chrZ_pat	69600000	69800000	0.006838360823286688	-0.9045584356051265	-0.15797394514800087	-0.22329485609748875
chrZ_pat	69800000	70000000	0.007349878025114887	-0.6842018834789336	-0.23024810229217083	-0.16482005120881765
chrZ_pat	70000000	70200000	0.00813806560403769	-0.6801145713738352	-0.25557599692121463	-0.10395158112319033
chrZ_pat	70200000	70400000	0.00971650711892297	0.4594545653716061	-0.5819927636808644	-0.027433935896351326
chrZ_pat	70400000	70600000	0.010877470739508238	0.9587281722541178	-0.7869723259827515	0.1001143362352666
chrZ_pat	70600000	70800000	0.009968666071549361	1.146767787105488	-0.6528781586699879	0.06951140302725124
chrZ_pat	70800000	71000000	0.009929351195562262	1.0762244462962938	-0.7455431898961717	-0.013131591484742798
chrZ_pat	71000000	71200000	0.009962336097494674	1.0350082952067432	-0.6369148195006479	-0.11988074067788779
chrZ_pat	71200000	71400000	0.009734214473554418	1.0053698361420833	-0.6780009459457539	-0.010146168858014077
chrZ_pat	71400000	71600000	0.009612918971438912	1.0142191374608711	-0.6562813394737007	-0.0053388591780410425
chrZ_pat	71600000	71800000	0.009632450836740322	0.9804623789242318	-0.6544174912767704	-0.12104552010324032
chrZ_pat	71800000	72000000	0.010038786802357303	1.0401878384430432	-0.7379446924055386	-0.010465545879381468
chrZ_pat	72000000	72200000	0.010269441305154338	1.055633708681969	-0.6626496795599924	0.04483929005141295
chrZ_pat	72200000	72400000	0.01023303374347332	1.1014983305649961	-0.6548195144972518	-0.052989785288443225
chrZ_pat	72400000	72600000	0.010511471701965253	1.0540167309576136	-0.6625952963942797	0.10354486042287994
chrZ_pat	72600000	72800000	0.010166373809814855	0.9714999014964443	-0.6209807026080313	-0.08535505833500126
chrZ_pat	72800000	73000000	0.00974208694110848	0.6042024510099352	-0.4101569796119094	0.018132839813043904
chrZ_pat	73000000	73200000	0.00843461715439314	-0.41288013534581575	-0.2559653644666607	0.0064277392547780225
chrZ_pat	73200000	73400000	0.008830840491420014	0.2089082734959255	-0.27672442553101195	-0.13281754318538624
chrZ_pat	73400000	73600000	0.007099273785608551	-0.7883521660618775	-0.41448661616904325	0.11874321911969171
chrZ_pat	73600000	73800000	0.008762100446670298	0.13432697164202967	-0.5147421003560114	0.04124059804164849
chrZ_pat	73800000	74000000	0.01049351738893586	0.969742488284922	-0.7494482869532714	-0.068848435700192
chrZ_pat	74000000	74200000	0.010548385980692587	1.097564938120209	-0.7759076741825358	-0.062058954388480546
chrZ_pat	74200000	74400000	0.00985835524666988	0.9095727596067721	-0.5896287017682438	-0.01974974517156031
chrZ_pat	74400000	74600000	0.01018801064157283	1.05992191488193	-0.7289790767987485	-0.0680754641790268
chrZ_pat	74600000	74800000	0.010102619889661999	1.0961797694114934	-0.7712847830898452	-0.004960888942557229
chrZ_pat	74800000	75000000	0.010157461440594337	0.820894218146732	-0.632514358518953	0.038394178359373296
chrZ_pat	75000000	75200000	0.007187772730663632	-0.7634533677723518	-0.45942096130434845	0.2616826918423528
chrZ_pat	75200000	75400000	0.008883917457937273	0.04306001462798458	-0.36945800615786734	0.07166839183813624
chrZ_pat	75400000	75600000	0.010481045793563818	0.46259397983255895	-0.5835800994841036	0.09690752112065101
chrZ_pat	75600000	75800000	0.008063592169847275	-0.7902621129989463	-0.29396461682968367	0.37491992119426876
chrZ_pat	75800000	76000000	0.00773846862658351	-1.2182319227550422	-0.4645155885296025	0.45168725084142053
chrZ_pat	76000000	76200000	0.012597663287449472	0.48523859836071165	-0.492401846450797	0.22727541966194875
chrZ_pat	76200000	76400000	0.017608329505114612	1.1248923593494438	-0.5707910073738867	0.09598660692532535
chrZ_pat	76400000	76600000	0.02337870928763063	0.992375632233873	-0.6265787478420242	0.0031474615523870396
chrZ_pat	76600000	76800000	0.005603610896412617	0.8632302964653781	-0.5985265459023186	0.1295925343039312
chrZ_pat	76800000	77000000	0.003950189532361628	0.9856344399463657	-0.6415070175329708	0.15834988899827593
chrZ_pat	77000000	77200000	0.013614819152953813	0.3787382882395166	-0.43646441175972117	-0.018332058269430542
chrZ_pat	77200000	77400000	0.007368622350846636	-1.0244855974159883	-0.4218334614785831	-0.012655423201340532
chrZ_pat	77400000	77600000	0.010759894703076504	0.1295890626690093	-0.42245971836484164	-0.27970893254423607
chrZ_pat	77600000	77800000	0.008678409829963677	-0.38380842057987724	-0.2846437374962941	-0.2888549460498372
chrZ_pat	77800000	78000000	0.008848904038426468	-0.5685341553346946	-0.42872752855390617	-0.21032373163809948
chrZ_pat	78000000	78200000	0.010788638199938775	0.6364626110163607	-0.618783062142534	-0.3485686233058018
chrZ_pat	78200000	78400000	0.011133936914283982	0.5375653554139418	-0.6574276885947504	-0.48195007528929945
chrZ_pat	78400000	78600000	0.008231913234961535	-0.32294397131591474	-0.4536892196089793	-0.3459627996358291
chrZ_pat	78600000	78800000	0.008646051943385821	-0.11900246075075929	-0.32631369283440625	-0.5233647874169295
chrZ_pat	78800000	79000000	0.007963688807968708	-0.4928790125929321	-0.2498347921474389	-0.4363628937175437
chrZ_pat	79000000	79200000	0.00820726522334029	-0.5778068745973143	-0.3118493996325677	-0.43831329083843795
chrZ_pat	79200000	79400000	0.009341616596856403	0.5095231825242053	-0.6965567215790015	-0.5151730020099647
chrZ_pat	79400000	79600000	0.010283710414437168	0.9450886567045743	-0.9622806389257348	-0.47573612658630116
chrZ_pat	79600000	79800000	0.01050437744304898	1.047946165562208	-0.9380752334917033	-0.48962819576430167
chrZ_pat	79800000	80000000	0.011489312868516835	1.0778809476318678	-1.0170642748127006	-0.3979455239810806
chrZ_pat	80000000	80200000	0.011063891850051414	1.0768261929820913	-1.078973913371541	-0.457830298316381
chrZ_pat	80200000	80400000	0.011618968759178293	0.9626053436080187	-1.0409466892062282	-0.30225425078039286
chrZ_pat	80400000	80600000	0.010261495625808302	-0.12623010342200358	-0.6329837321515643	0.04352869152204541
chrZ_pat	80600000	80800000	0.009201230097738447	-0.4274822377500438	-0.5943935815868227	0.06741527066610539
chrZ_pat	80800000	81000000	0.011543920261430139	0.15231648091775565	-0.6634459370117995	-0.019892843074886698
chrZ_pat	81000000	81200000	0.007247305314587227	-1.345101611488695	-0.48943531728370554	0.5114891111039108
chrZ_pat	81200000	81400000	0.010064111029203704	-0.7882312160163094	-0.5458947796824505	0.3870387620887376
chrZ_pat	81400000	81600000	0.01013926943304813	-0.4044370850160081	-0.5246796879049663	0.17685959188500555
chrZ_pat	81600000	81800000	0.007537086067163286	-1.282940955928962	-0.4685179423101288	0.22766640887576353
chrZ_pat	81800000	82000000	0.010454784651739598	-0.7248263494852738	-0.538871418255112	0.3311839421874594
chrZ_pat	82000000	82200000	0.009589973101954601	-0.2766973864866148	-0.5530049392300526	0.2933978979840293
chrZ_pat	82200000	82218670				
