chrom	start	end	weight	E1	E2	E3
chr1_mat	0	200000				
chr1_mat	200000	400000				
chr1_mat	400000	600000	0.0058707059559145	-1.3718890327830007	1.6528923479342676	-0.8871493424901258
chr1_mat	600000	800000	0.0045883909820423644	-1.9227620619069663	1.8941943956479783	-0.648418615494232
chr1_mat	800000	1000000	0.0062978662925168875	-0.14840124634119797	0.9584788082454702	-0.8073013972027737
chr1_mat	1000000	1200000	0.004585882779990035	-1.8499976967681215	1.6486292679806693	-0.24138044661697974
chr1_mat	1200000	1400000	0.007218816777076778	0.35438984789568456	0.6941045081252473	-0.3828762989612375
chr1_mat	1400000	1600000	0.007032256459017736	0.7575683766860948	0.6435400777553831	-0.2275969533893982
chr1_mat	1600000	1800000	0.006748909997590745	0.8404715881094575	0.5875883972774913	-0.19328223569459876
chr1_mat	1800000	2000000	0.006859780319089148	0.8394095312698421	0.6430920795669127	-0.07942270757847547
chr1_mat	2000000	2200000	0.006763702096419053	0.7116047675110743	0.6006437944433155	-0.3225475585843512
chr1_mat	2200000	2400000	0.006669647571488069	0.40956085839298156	0.733348645489591	-0.4433834744095988
chr1_mat	2400000	2600000	0.006513212329642114	0.35379089649203543	0.6947915582530765	-0.5632017633217868
chr1_mat	2600000	2800000	0.0064158420771867775	0.19590381214253977	0.6094100986540941	-0.6206489211450138
chr1_mat	2800000	3000000	0.004868837443935945	-1.7036605412766432	1.7451650639690393	-0.6595256257317764
chr1_mat	3000000	3200000	0.0054247668351910475	-1.2218435894964224	1.5193202517977014	-0.7797948944436256
chr1_mat	3200000	3400000	0.006305614691590206	0.03929519289665969	0.7890260046399598	-0.5603336357382056
chr1_mat	3400000	3600000	0.007148111643602021	0.7731305483859577	0.415544038916179	-0.2122605344787984
chr1_mat	3600000	3800000	0.006824499188718521	0.5950596091978408	0.3850241211448067	-0.1784411134428828
chr1_mat	3800000	4000000	0.007147473498110823	-0.10837179041101593	0.5513097632884556	-0.44027311504582795
chr1_mat	4000000	4200000	0.006098931207361022	-0.7585088537773133	0.9281396590926588	-0.6144004079414404
chr1_mat	4200000	4400000	0.0045058664969134625	-1.843221159415822	1.2470511832010827	-0.10202355546239628
chr1_mat	4400000	4600000	0.004829869965386038	-1.8859173898167316	1.2064100427313182	-0.09970522306414521
chr1_mat	4600000	4800000	0.005869482542619977	-1.1178337378978742	0.716675207782324	-0.3481365407013995
chr1_mat	4800000	5000000	0.005536765464079509	-0.8676961556488002	0.8250444057602702	-0.44921755473686215
chr1_mat	5000000	5200000	0.00519167333937341	-1.1961148032155178	0.8931516316904669	-0.45829284776903373
chr1_mat	5200000	5400000	0.005952015655987924	-0.7594497739183	0.7762655219325779	-0.6995633138492521
chr1_mat	5400000	5600000	0.005117084755767593	-0.8679420447983245	0.8637361718005563	-0.5484011181964149
chr1_mat	5600000	5800000	0.006348093055594366	0.6800290760820051	0.14330750492731348	-0.08502615849484275
chr1_mat	5800000	6000000	0.006371433346067804	0.7205857438952644	0.1854239659135364	-0.133208948125792
chr1_mat	6000000	6200000	0.006329774690800074	0.756994426189059	0.2618245356009396	-0.18979962743950562
chr1_mat	6200000	6400000	0.006251400440747295	0.693343714354806	0.29719571050079774	-0.19629244735197743
chr1_mat	6400000	6600000	0.006106334037905323	0.7568415653086384	0.12133376583308898	-0.14672135168623543
chr1_mat	6600000	6800000	0.0062342657291317915	0.680601865841096	0.12080747826325004	-0.09981776896260564
chr1_mat	6800000	7000000	0.006069128005694008	0.687292937698292	0.12765316694591103	-0.1143455849059925
chr1_mat	7000000	7200000	0.006041664226128022	0.7204051136168276	0.22093697428643547	-0.18186408089850695
chr1_mat	7200000	7400000	0.006188325424359351	0.6921182763929336	0.1267992763005413	-0.012534718475884127
chr1_mat	7400000	7600000	0.00605627459539017	0.7018995963562213	0.12080443204657934	-0.168806226155569
chr1_mat	7600000	7800000	0.006319743619121271	0.25447069931475724	0.1564801294058906	-0.25989994746871237
chr1_mat	7800000	8000000	0.0068700539474007985	0.41780269838051526	0.07036067528895285	-0.1891948726657433
chr1_mat	8000000	8200000	0.006401848498876398	0.5912082478935725	0.1143378108490987	-0.06129694257627527
chr1_mat	8200000	8400000	0.006319928551266346	0.5680423470456597	0.0715936987451176	-0.08699555746216786
chr1_mat	8400000	8600000	0.006065450074539459	0.12202690391318374	0.18026872988746193	-0.3675652557265512
chr1_mat	8600000	8800000	0.006545153972105744	0.09544267122879606	0.14757598476803954	-0.2444611388371761
chr1_mat	8800000	9000000	0.006229176977019487	-0.00732157586127194	0.16034852286214216	-0.4770680009154775
chr1_mat	9000000	9200000	0.005801626104548631	-0.2637760020082097	0.13120203127476476	-0.17899607629783423
chr1_mat	9200000	9400000	0.006408071846965415	0.5952125572137115	-0.12307971147647495	0.20798323082361908
chr1_mat	9400000	9600000	0.0062587646833210464	0.6144907562388329	-0.03390184222174077	0.07864102353528789
chr1_mat	9600000	9800000	0.006104126177350563	0.550221281832149	-0.08346161936579619	-0.07574093878681748
chr1_mat	9800000	10000000	0.00600739823207653	0.059324911815473676	0.22717275447564536	-0.39888284183286316
chr1_mat	10000000	10200000	0.006577693466191557	0.4490822046107131	0.034425744772850264	-0.12714354479745502
chr1_mat	10200000	10400000	0.006399001809711974	0.6224681971524172	-0.027301330481887476	-0.05056377552645375
chr1_mat	10400000	10600000	0.006551527313836875	0.5652117040917989	-0.04071564239251054	0.19616102835179086
chr1_mat	10600000	10800000	0.006463213236734408	0.582512735675426	-0.08993923212423337	0.17120975942128572
chr1_mat	10800000	11000000	0.0063466528217554045	0.66117907470014	-0.12187334145334433	0.1019691435628369
chr1_mat	11000000	11200000	0.0062564716237395205	0.6114302320395434	-0.07699599098076601	0.1101783671895187
chr1_mat	11200000	11400000	0.006281718844301917	0.5980595291182147	-0.09564133603689172	-0.03284085981267398
chr1_mat	11400000	11600000	0.005965404721125358	0.6187906942704332	-0.1840556517163597	0.1834001192945243
chr1_mat	11600000	11800000	0.006382130129027245	0.44831437059883494	-0.11094781576986232	-0.007096020601778058
chr1_mat	11800000	12000000	0.006107203872597954	0.37238084732151117	-0.07618827489477316	0.10224543741426242
chr1_mat	12000000	12200000	0.006346180551687214	0.600476311934174	-0.12597141495909703	0.10264697093865177
chr1_mat	12200000	12400000	0.0062259076000563155	0.6656656012525276	-0.17450667619203442	0.1347367052373916
chr1_mat	12400000	12600000	0.0064802787001362544	0.6288060161870812	-0.18102209368765465	0.19146041639008912
chr1_mat	12600000	12800000	0.006617664675434335	0.5769524005949943	-0.11447725904877121	0.13990685805263772
chr1_mat	12800000	13000000	0.006345965751223189	0.4867793499310896	-0.18875829584990836	0.2761067058109092
chr1_mat	13000000	13200000	0.006400337779939903	0.6084290605876562	-0.20259014746513412	0.26045339571449727
chr1_mat	13200000	13400000	0.006434802215570767	0.589684653814135	-0.21271636869032878	0.328860967089043
chr1_mat	13400000	13600000	0.006703675036385267	0.542295360588343	-0.19334125313115977	0.37797541022785397
chr1_mat	13600000	13800000	0.0069121643232350136	0.3093009785630811	-0.18454188519013195	0.11415734980565216
chr1_mat	13800000	14000000	0.006443955461485849	0.0641816434526917	-0.16848637105656541	0.09330297464680458
chr1_mat	14000000	14200000	0.005986930569564557	-0.45119473666581195	-0.18453075967128146	0.19188533573270264
chr1_mat	14200000	14400000	0.005941173553043142	-1.0395361542505088	0.115944867659484	-0.02010244820394657
chr1_mat	14400000	14600000	0.008244792053881718	-0.2633169851687335	-0.2929289556436215	0.07610225017708083
chr1_mat	14600000	14800000	0.00797765610103931	-0.2509514996341292	-0.3453819684107609	0.23826114155421493
chr1_mat	14800000	15000000	0.005051909350295459	-1.2936122777169483	0.0017032578862710914	0.40227268699285845
chr1_mat	15000000	15200000	0.0048127325077601925	-1.390359493620021	-0.09700699034755607	0.34018185620698416
chr1_mat	15200000	15400000	0.004661156317161851	-1.121882819659346	-0.039314485126383254	0.16041378055955693
chr1_mat	15400000	15600000	0.006344204136990923	-0.22300016174187703	-0.26657058599864336	0.11709824269315332
chr1_mat	15600000	15800000	0.007067614324742864	0.469499118783516	-0.34079942133510277	0.43180807771457164
chr1_mat	15800000	16000000	0.006901330795564872	0.5309503493645578	-0.3161687352333507	0.48718074992272725
chr1_mat	16000000	16200000	0.006667674794560965	0.5645383380131725	-0.3654440449777201	0.5933938287638014
chr1_mat	16200000	16400000	0.006810489787844623	0.4830751782065068	-0.3577957611487854	0.5355973079693931
chr1_mat	16400000	16600000	0.005665253156261931	-0.3363166191010777	-0.19159071777021242	0.13021194727669416
chr1_mat	16600000	16800000	0.006888639134467094	0.21367627437093	-0.3520059659852911	0.340746925143452
chr1_mat	16800000	17000000	0.007056959046374537	0.5197036303952396	-0.36178310759213195	0.48866860593939976
chr1_mat	17000000	17200000	0.007110103856667858	0.42393030338408855	-0.3767165773995416	0.46729871915628746
chr1_mat	17200000	17400000	0.00496497617628199	-0.7580201566578325	-0.09735909810016657	0.20713023308490333
chr1_mat	17400000	17600000	0.0069461600124395674	0.3611807161821579	-0.35541772563220864	0.28904460503273605
chr1_mat	17600000	17800000	0.0070225405422371535	0.3745504843206458	-0.6244104430915902	0.3185731585318651
chr1_mat	17800000	18000000	0.007130207011788814	0.05610425503139137	-0.4363906452235529	0.4006824627106183
chr1_mat	18000000	18200000	0.005241599055302299	-0.7778793645995792	-0.3588756938479199	0.25378181456216
chr1_mat	18200000	18400000	0.005323293649361425	-1.0000592381440052	-0.254314877663152	0.3422883580179176
chr1_mat	18400000	18600000	0.0043621323503950215	-1.1734747164894386	-0.2587594231043155	0.3885756348302718
chr1_mat	18600000	18800000	0.005952795977372407	-0.8565381004156669	-0.41549587166537433	0.46098511625470073
chr1_mat	18800000	19000000	0.008379654319379468	-0.23148140296679587	-0.4348268563804887	0.2990410122476017
chr1_mat	19000000	19200000	0.006656869864907168	-0.8382417897892486	-0.4621777266836295	0.46423285011472787
chr1_mat	19200000	19400000	0.005031597292730102	-1.0620716218762967	-0.30251895220045466	0.44259646420577803
chr1_mat	19400000	19600000	0.005151414899227341	-1.0243306957449612	-0.28905276807297364	0.4213423118298688
chr1_mat	19600000	19800000	0.011475735759338768	-0.0012697480931786302	-0.569261969322928	0.6144414696053458
chr1_mat	19800000	20000000				
chr1_mat	20000000	20200000				
chr1_mat	20200000	20400000				
chr1_mat	20400000	20600000				
chr1_mat	20600000	20800000				
chr1_mat	20800000	21000000	0.007685871958788714	0.37633634957439693	-0.150734770739053	0.6912236826500978
chr1_mat	21000000	21200000	0.007217974991386322	-0.2268219804265516	0.04679919033723775	0.33568709776943506
chr1_mat	21200000	21400000	0.005570352671794072	-0.8374103465014316	0.1573496797389851	0.42250694685539086
chr1_mat	21400000	21600000	0.00711780406639237	0.06108557780383246	-0.0730226795373857	0.23662750277869346
chr1_mat	21600000	21800000	0.005804358052526159	-0.7413953719516415	0.04251536135761271	0.2881577527118521
chr1_mat	21800000	22000000	0.0055326642804284076	-0.837983101687593	0.14863848354757078	0.1820730022421978
chr1_mat	22000000	22200000	0.0058093998504751354	-0.7788650499619211	0.06655900430205522	0.18889106073467202
chr1_mat	22200000	22400000	0.006051977609110562	-0.6007920868094028	0.04174908657560022	0.12792119438323168
chr1_mat	22400000	22600000	0.007015535157805192	-0.24347648455009954	0.11419558617457781	0.2879808581347677
chr1_mat	22600000	22800000	0.007045861536655888	-0.2404172268268482	0.08188403194209477	0.34074692924068184
chr1_mat	22800000	23000000	0.005888865933587266	-0.7622473518439095	0.20255746035740624	0.20001784009031298
chr1_mat	23000000	23200000	0.00793949909854497	0.3008067972947401	0.00890399831844721	0.5001516402623497
chr1_mat	23200000	23400000	0.00804430634520279	0.4699996833024698	0.009914113158190865	0.537901030434688
chr1_mat	23400000	23600000	0.008362467168174832	0.5610905817241775	0.0016515715582336714	0.5610079396487699
chr1_mat	23600000	23800000	0.007402893523549375	0.6580745176349552	0.0362819645822771	0.5732827656665215
chr1_mat	23800000	24000000	0.007775239026414695	0.6633067243827324	0.02205784711044853	0.5227501931494644
chr1_mat	24000000	24200000	0.007940638578165902	0.60516533517695	0.046107154122910235	0.4871864640661204
chr1_mat	24200000	24400000	0.00782544416191752	0.5139497315545998	0.020463306808717146	0.4004182056040353
chr1_mat	24400000	24600000	0.008502484596234757	0.438684449520487	0.06678223810230395	0.41119899843906316
chr1_mat	24600000	24800000	0.007885380201181064	0.025800134319674813	-0.08046756045782635	0.22480173924601524
chr1_mat	24800000	25000000	0.005742713355413757	-1.0253222755600986	0.16538567043682045	0.1288855939675401
chr1_mat	25000000	25200000	0.007168053606477262	-0.49241161572339315	-0.026250491166435512	0.19220589115604847
chr1_mat	25200000	25400000	0.006660300639178081	-0.9334609592701777	0.13366485253178526	0.1599498144247714
chr1_mat	25400000	25600000	0.004766457562784301	-1.572621959275031	0.18894177264073395	0.39195335417793864
chr1_mat	25600000	25800000	0.006176650026412134	-0.8780815941682103	0.08375494636910376	0.30185963222304885
chr1_mat	25800000	26000000	0.006428396367199431	-0.2915187109337857	-0.03930278135831014	0.3487240323195375
chr1_mat	26000000	26200000	0.006162293007995419	-0.7052682336645095	-0.015013955676012434	0.3064832356788494
chr1_mat	26200000	26400000	0.005164987340828546	-1.1567497796498598	0.02831520330380791	0.3529748446275785
chr1_mat	26400000	26600000				
chr1_mat	26600000	26800000				
chr1_mat	26800000	27000000	0.007782058004557544	-0.6627622450412626	0.11951113901327015	0.32165039716508054
chr1_mat	27000000	27200000	0.0072903869469278	0.5574876569429199	-0.09205237454885515	0.6837689708927228
chr1_mat	27200000	27400000	0.006691871591675857	-0.05508363743537794	0.0027265523460162293	0.3419702608461827
chr1_mat	27400000	27600000	0.006189067618283513	-0.6198260426364058	-0.039838115617260875	0.12326996495090507
chr1_mat	27600000	27800000	0.005305054420958125	-0.8631487721806299	0.12764756444654662	0.12302941437082032
chr1_mat	27800000	28000000	0.004904561188649334	-1.3545309807889476	-0.0030940488118136027	0.24646541076905648
chr1_mat	28000000	28200000	0.0050684964949807175	-1.2833202640147288	-0.052727707446626707	0.34495717104767265
chr1_mat	28200000	28400000	0.005311086462909012	-1.189082267322749	-0.05149844147624607	0.20930683170000977
chr1_mat	28400000	28600000	0.0069327476694114026	-0.2493500552108584	-0.12941345610949254	0.09476618469408925
chr1_mat	28600000	28800000	0.006147885703651175	-0.5094831220492679	-0.0691503775431846	0.04272161680677316
chr1_mat	28800000	29000000	0.004932539903773964	-0.8353467437807928	0.138283360812718	0.24457117079308163
chr1_mat	29000000	29200000	0.007233821781110445	0.19616280170297165	-0.049732462385867635	0.38965238595869983
chr1_mat	29200000	29400000	0.0059872121394377855	-0.3408889387846537	-0.026169612601291397	0.04529862800812681
chr1_mat	29400000	29600000	0.006372125560197303	-0.36106602443696045	0.044578011072933146	0.09950140060932099
chr1_mat	29600000	29800000	0.004917093530210642	-1.2823065083491065	0.044599229538182024	0.15585072352685542
chr1_mat	29800000	30000000	0.007220115617148794	-0.258502610594296	-0.061724248468333166	0.14269359387781608
chr1_mat	30000000	30200000	0.0068107514348644295	-0.30132841285573725	0.012704073371294861	0.17878276546998553
chr1_mat	30200000	30400000	0.007320462292061364	0.3537369152798949	-0.08599122259441623	0.3042141622630842
chr1_mat	30400000	30600000	0.007353974249153871	0.027658760832244677	-0.14704203358758455	0.1439990262474721
chr1_mat	30600000	30800000	0.006432836197847405	-0.4026713979018178	-0.010114496484306188	0.053002567574563286
chr1_mat	30800000	31000000	0.0054196033563658945	-1.2608545292446378	0.12288384052270131	0.24663305570133554
chr1_mat	31000000	31200000	0.0057699407416193895	-1.3296350534274752	0.09668695565395964	0.17520302169184904
chr1_mat	31200000	31400000	0.007109932398003936	-0.446284125925337	-0.05129031808832933	0.15196098086873172
chr1_mat	31400000	31600000	0.007267467636983219	0.5460728242022411	-0.08041604670229646	0.5187667696349997
chr1_mat	31600000	31800000	0.007019348201315492	0.6643353179274797	-0.05501302465933673	0.48365619586466413
chr1_mat	31800000	32000000	0.006669360945316206	0.6592425664614295	-0.07198572884559472	0.4378254617326935
chr1_mat	32000000	32200000	0.006451124874593253	0.6640191538917272	-0.06322062134804818	0.5009805650954433
chr1_mat	32200000	32400000	0.006171259187896831	0.6957150515244162	-0.09543783653998922	0.5301333228374617
chr1_mat	32400000	32600000	0.006430500768617607	0.6686931465350004	-0.1245613053625054	0.5872241093592626
chr1_mat	32600000	32800000	0.00633685222048129	0.7213064490563762	-0.0752900251236516	0.4499665981232726
chr1_mat	32800000	33000000	0.006338900979569501	0.7139598046917518	-0.1003819871701444	0.48421359463322877
chr1_mat	33000000	33200000	0.006296276276844843	0.6372175495584584	-0.15444549498520121	0.45219816478182184
chr1_mat	33200000	33400000	0.005446376930100651	-0.49951386517419827	0.012547327777334577	-0.01902451691155314
chr1_mat	33400000	33600000	0.004554526967114414	-1.3036723475985232	0.18187498118796144	-0.031100694743250775
chr1_mat	33600000	33800000	0.006655204288994665	0.4073152981658195	-0.1260705862310215	0.30777882103834253
chr1_mat	33800000	34000000	0.006842139511960745	0.6274041180024137	-0.132007898257736	0.44730810664796333
chr1_mat	34000000	34200000	0.006419236776785107	0.5778905172281354	-0.11009632404875219	0.3393680341012115
chr1_mat	34200000	34400000	0.00650496923138443	0.5999098041474036	-0.08697663347500437	0.4135312903336545
chr1_mat	34400000	34600000	0.006821110626033037	0.43248042181315294	-0.10440102924413376	0.3090824712499928
chr1_mat	34600000	34800000	0.004561305940418889	-1.4794312682765935	0.00040191599844482137	0.016979191107788307
chr1_mat	34800000	35000000	0.0071376907917456356	-0.01776216805035121	-0.1009899100619666	0.07239724216237656
chr1_mat	35000000	35200000	0.006634929344875103	-0.10859789720177869	-0.021301212910273905	-0.10637271525614124
chr1_mat	35200000	35400000	0.006438959970861709	0.33164288542138975	-0.07607903041518932	0.17123210376943518
chr1_mat	35400000	35600000	0.006544990983074355	0.4609116469012267	-0.07433821570552639	0.26508925386070425
chr1_mat	35600000	35800000	0.006445176370903097	0.6414917237482424	-0.12035534620129301	0.4842982012448785
chr1_mat	35800000	36000000	0.006446892636238968	0.6221490058283421	-0.15399929918481048	0.42029599747314866
chr1_mat	36000000	36200000	0.0058609171867432695	-0.09253880386758086	0.03147593233319569	0.10352495055493496
chr1_mat	36200000	36400000	0.006360524200845911	0.5099449492198808	-0.17226782256724155	0.21985058844528316
chr1_mat	36400000	36600000	0.006712700249030894	0.6738149644317833	-0.13010896057060017	0.3619098627612187
chr1_mat	36600000	36800000	0.006796366938786369	0.633292421991945	-0.13934861408198124	0.4091504477351467
chr1_mat	36800000	37000000	0.007222286340700983	0.6191475772782685	-0.1124024759332231	0.2996394197704842
chr1_mat	37000000	37200000	0.007355851699760551	0.6229658648000187	-0.1107846171875465	0.34068654154171724
chr1_mat	37200000	37400000	0.006781464916361601	0.5622315728158618	-0.0714819638839318	0.35847762252544335
chr1_mat	37400000	37600000	0.006505682382391345	0.14017887125227885	-0.06355089758884169	-0.001651042011594779
chr1_mat	37600000	37800000	0.0049242231322781695	-1.1809832727718932	-0.08753309241577124	-0.25892186875876305
chr1_mat	37800000	38000000	0.006320353100739643	-0.6282503614799256	-0.07168663562685096	-0.2648676121405199
chr1_mat	38000000	38200000	0.006874312703828312	-0.6145547433391808	-0.1524026859347287	-0.28392297946034245
chr1_mat	38200000	38400000	0.006016538391222682	-0.9105995293491664	-0.15183607626099235	-0.19527324868394416
chr1_mat	38400000	38600000	0.007129588100325258	-0.003213325086286652	-0.17574067323051415	-0.11708382695262996
chr1_mat	38600000	38800000	0.006405198612973926	-0.2544228082766006	-0.12262948026199019	-0.0708824568518302
chr1_mat	38800000	39000000	0.006402958874707939	0.6268112213552405	-0.20680315760934884	0.37400057464795294
chr1_mat	39000000	39200000	0.006140663261182551	0.676979928753609	-0.19021024918286897	0.5077754262740334
chr1_mat	39200000	39400000	0.005936233047494561	0.651122118608744	-0.27309072303201803	0.4270021307943809
chr1_mat	39400000	39600000	0.006195506924525771	0.6706443916840612	-0.225464119930101	0.39960102823688254
chr1_mat	39600000	39800000	0.006077369890266194	0.6822494620152104	-0.1999755155286189	0.3487663305364423
chr1_mat	39800000	40000000	0.006371737228474511	0.7009988099676298	-0.2071011930498329	0.448410643614892
chr1_mat	40000000	40200000	0.006029253129885237	0.3529465989908743	-0.1448941114392782	0.10089418337848721
chr1_mat	40200000	40400000	0.006220580555880368	0.2221466441816774	-0.14968158468539325	0.03749360920322924
chr1_mat	40400000	40600000	0.006812423894893923	0.5436288435834629	-0.18880684917009205	0.29549172531250656
chr1_mat	40600000	40800000	0.006220435682725062	-0.10295588139000354	-0.07497603557400524	-0.08319542595012473
chr1_mat	40800000	41000000	0.00556425108268362	-0.868953734332894	-0.1999364124222914	-0.19515791934291182
chr1_mat	41000000	41200000	0.0054430104965037494	-0.31522093032133874	-0.1595549396488374	-0.07121633047718103
chr1_mat	41200000	41400000	0.006595703138774111	0.5692726446915073	-0.15419695982655224	0.4063451364969518
chr1_mat	41400000	41600000	0.006814845479723866	0.637006549871553	-0.17903015779483675	0.3505904589987522
chr1_mat	41600000	41800000	0.00656571448488763	0.7090094090243277	-0.14733186702064333	0.41230713006130226
chr1_mat	41800000	42000000	0.006690614383448629	0.6809816752034206	-0.15418182017251048	0.3528337077232923
chr1_mat	42000000	42200000	0.006571526210819246	0.33314114854872445	-0.12496116423140785	0.12111791180218678
chr1_mat	42200000	42400000	0.0066515834247358446	0.07445495883811824	-0.14531195921310477	0.021216084978403785
chr1_mat	42400000	42600000	0.007201002385617432	0.4838835320430178	-0.13236166757272422	0.17384683570542306
chr1_mat	42600000	42800000	0.0059109165591042755	-0.8648962923273402	-0.13603413634440037	-0.11572594833580634
chr1_mat	42800000	43000000	0.005234667747098433	-0.9999354217941135	-0.20785568004911484	-0.1386682454426775
chr1_mat	43000000	43200000	0.006153862529183351	-0.42719684294080595	-0.05545711794593158	-0.3290334391829603
chr1_mat	43200000	43400000	0.0067012971175251	0.09914495965683705	-0.2080378742001094	-0.04324139565986656
chr1_mat	43400000	43600000	0.007294794299480525	0.5157077892432934	-0.22129981254694653	0.17300049831116462
chr1_mat	43600000	43800000	0.00618241613835995	0.7059202221245355	-0.19537003014545878	0.3685887527483149
chr1_mat	43800000	44000000	0.006349141579264924	0.7035660075484749	-0.1937865591975163	0.3148026913148495
chr1_mat	44000000	44200000	0.0061890672446249925	0.6840460406127463	-0.22202527569054528	0.37913980925068846
chr1_mat	44200000	44400000	0.00606012098508119	0.6730472292641152	-0.17867180279878997	0.3252141110411529
chr1_mat	44400000	44600000	0.006262962747273524	0.7009000517125921	-0.21640399715319872	0.3424132960106357
chr1_mat	44600000	44800000	0.005904917294276369	0.7036246098420311	-0.2097708650452004	0.3382512640856562
chr1_mat	44800000	45000000	0.006093057619936057	0.7025544897113106	-0.24654400927719128	0.2429341532112551
chr1_mat	45000000	45200000	0.006028188068592969	0.7017947460302597	-0.17884534390141804	0.26697403322065927
chr1_mat	45200000	45400000	0.006264140831150772	0.69161230156921	-0.181700934287074	0.3545932147432797
chr1_mat	45400000	45600000	0.006064730682392101	0.7017843265029551	-0.17073709726251737	0.27869886905912855
chr1_mat	45600000	45800000	0.0062407640904943665	0.6886690672253825	-0.18284891075246468	0.2971158897337914
chr1_mat	45800000	46000000	0.006531857033690124	0.6350838396794679	-0.20254388811310384	0.16785631117177452
chr1_mat	46000000	46200000	0.0061152717394106	0.5449668165378218	-0.16428941667590713	0.1281715892854848
chr1_mat	46200000	46400000	0.00480527420096957	-0.9294361850885816	-0.20963640411823325	-0.21411349503726823
chr1_mat	46400000	46600000	0.0061407334867846775	-0.04762768421245781	-0.24732496852363603	-0.01289876684187405
chr1_mat	46600000	46800000	0.006576340992578154	0.14288735850469256	-0.10323753675938627	-0.0701915749464729
chr1_mat	46800000	47000000	0.006602498111288698	0.6274037709387693	-0.14642514468224607	0.25321551663058167
chr1_mat	47000000	47200000	0.006884802014253813	0.47456959354279904	-0.17257478811476804	0.17321424653928927
chr1_mat	47200000	47400000	0.005875330731088387	-0.9731885244903922	-0.3786717730491446	-0.0174879472132055
chr1_mat	47400000	47600000	0.004312084186878539	-1.7696760370095956	-0.5898291747326304	0.17249380763186856
chr1_mat	47600000	47800000	0.007211602494292627	-0.2777189976105127	-0.21270980979915188	-0.2880918834630006
chr1_mat	47800000	48000000	0.006140011975893338	-0.6086122587989369	-0.2553840581120497	-0.237676606335715
chr1_mat	48000000	48200000	0.004797600384257197	-1.120791514191981	-0.4135608758228691	-0.30926759113965546
chr1_mat	48200000	48400000	0.006578166083282298	0.13409351409315698	-0.21596106444630797	-0.12685431728616403
chr1_mat	48400000	48600000	0.006872079099564983	0.2809193977506508	-0.24896256798988364	-0.0064738049170690115
chr1_mat	48600000	48800000	0.0069447638921027125	0.41932509941548596	-0.201996227607277	0.12083469496692605
chr1_mat	48800000	49000000	0.006694361240330572	0.49294266425432237	-0.20639111667812482	0.13854446181958543
chr1_mat	49000000	49200000	0.005206320951181912	-0.6682832068943744	-0.30235769242182586	-0.2625710931472655
chr1_mat	49200000	49400000	0.0061914837098199105	0.5746992843624023	-0.16291666408508032	0.1154190148733154
chr1_mat	49400000	49600000	0.006091579497596648	0.40397611018491686	-0.22260682782353602	-0.05901282885011814
chr1_mat	49600000	49800000	0.006078660796166391	0.485267474802292	-0.2608858899144023	-0.06981613355945539
chr1_mat	49800000	50000000	0.006124268086322409	0.5044285090808606	-0.23892851824493433	0.04894596312935645
chr1_mat	50000000	50200000	0.006024644236172119	0.6845211863467346	-0.22000745078203224	0.21552936615460222
chr1_mat	50200000	50400000	0.006350760090534609	0.7067885079351222	-0.22108400904842332	0.19184700767118354
chr1_mat	50400000	50600000	0.00635754341900252	0.7163211282056834	-0.2250465386225874	0.2319807575911543
chr1_mat	50600000	50800000	0.006039390771021514	0.7056969198997488	-0.2371505722189577	0.22420273292195433
chr1_mat	50800000	51000000	0.0060677714170683395	0.6965075282090506	-0.25344770818394863	0.24345766437342084
chr1_mat	51000000	51200000	0.006002590720763815	0.7251154955572433	-0.2553786166774523	0.1603377329470425
chr1_mat	51200000	51400000	0.006237886606778602	0.7154234753010066	-0.2638091650849415	0.15086211179183742
chr1_mat	51400000	51600000	0.006319509267043197	0.6809036523900241	-0.24249340546733764	0.2314194493967595
chr1_mat	51600000	51800000	0.006351849738147962	0.6950440119291925	-0.25664712881728996	0.15044970427128698
chr1_mat	51800000	52000000	0.006351733493180769	0.7118260995708654	-0.26518370359904125	0.1850853858539703
chr1_mat	52000000	52200000	0.006149554760955203	0.6972173230594164	-0.26040602547839997	0.17683409827462473
chr1_mat	52200000	52400000	0.006093526872222787	0.6929733620723002	-0.27124448578638044	0.14213680024074823
chr1_mat	52400000	52600000	0.006268951984285962	0.6916729155033902	-0.25839696633401604	0.1989205073432195
chr1_mat	52600000	52800000	0.006097962092134298	0.6780157736769514	-0.2576619292514012	0.20881633944660632
chr1_mat	52800000	53000000	0.006514303594639966	0.7068186149137605	-0.27292470412598563	0.13263664198591696
chr1_mat	53000000	53200000	0.005973203733521564	0.7176879121564097	-0.2817682903627961	0.13016771277891165
chr1_mat	53200000	53400000	0.006216883591456409	0.7118477606052847	-0.23833310237936736	0.18539221420539606
chr1_mat	53400000	53600000	0.0059338055358618075	0.7211886622847992	-0.29626185527266446	0.1743809297214475
chr1_mat	53600000	53800000	0.0065582866496691795	0.7099222359049459	-0.19789455403680017	0.19702921393885073
chr1_mat	53800000	54000000	0.006152924312175318	0.7103829018845236	-0.22586163935103	0.2428197061591934
chr1_mat	54000000	54200000	0.006520283985654765	0.7250274317434561	-0.23850527540728178	0.13446362633312128
chr1_mat	54200000	54400000	0.006463212580513695	0.464199402753323	-0.2374532090945116	0.07019994317912748
chr1_mat	54400000	54600000	0.00574465270335309	-0.885994523049783	-0.3940145494673661	-0.3478581275920867
chr1_mat	54600000	54800000	0.0061128503750910645	-0.06158340235009538	-0.23350854483799607	-0.3310398355256067
chr1_mat	54800000	55000000	0.006453515026274334	0.6509539563715145	-0.23033218712798942	0.13650580557152553
chr1_mat	55000000	55200000	0.00623920601430708	0.707946535788724	-0.1715961544209049	0.22395082494537608
chr1_mat	55200000	55400000	0.006291264200048033	0.7087793439405896	-0.2102741936557387	0.12789408730730398
chr1_mat	55400000	55600000	0.0061012721837232	0.6972765545520674	-0.22589469223279393	0.1428859596267668
chr1_mat	55600000	55800000	0.006162542307933296	0.7208528360128729	-0.19017214303649208	0.13568932732268746
chr1_mat	55800000	56000000	0.006405595888648136	0.713537460934006	-0.21209638495257158	0.07996183385469466
chr1_mat	56000000	56200000	0.005853311596138873	0.7469432082716427	-0.18338379729864876	0.0710871376808349
chr1_mat	56200000	56400000	0.006062700764253853	0.7378994661206093	-0.16746261361378592	0.11883437138631335
chr1_mat	56400000	56600000	0.006142790047209619	0.7352871021757927	-0.23556521809369574	0.02896328298266184
chr1_mat	56600000	56800000	0.0060100014011018445	0.7578966649207294	-0.16377865773424455	0.11743118887845132
chr1_mat	56800000	57000000	0.0063627313875336995	0.7501181451747683	-0.1136567665388087	0.09161022698066057
chr1_mat	57000000	57200000	0.006336411997950305	0.7322304337197856	-0.18878911467775425	0.06188688186336073
chr1_mat	57200000	57400000	0.0068912945257581714	0.644114994242174	-0.12882893486319213	-0.05150843402335169
chr1_mat	57400000	57600000	0.006918369800666184	-0.1083624553161227	-0.3173594249802231	-0.37756770048949334
chr1_mat	57600000	57800000	0.004252520963187936	-1.8073364266342007	-0.9476373947604078	0.33600733432698504
chr1_mat	57800000	58000000	0.005585608879840801	-1.1551972683640215	-0.7810540454631457	-0.14766299036453237
chr1_mat	58000000	58200000	0.006162014722872424	-0.5997132171698533	-0.44886745944862255	-0.4740420298329569
chr1_mat	58200000	58400000	0.005958827217993318	-0.44361192623993895	-0.3605514874331776	-0.371141485365533
chr1_mat	58400000	58600000	0.007108144580628959	0.20712119005219276	-0.22940584732041455	-0.33602399622450996
chr1_mat	58600000	58800000	0.006713917221523473	0.15058935786714336	-0.25690430331300207	-0.25660355846144695
chr1_mat	58800000	59000000	0.007181477873443737	0.49075325338690146	-0.21455771087468134	-0.25826211337546523
chr1_mat	59000000	59200000	0.006740696200074774	-0.5441764823766522	-0.6543842634905149	-0.44036840729223703
chr1_mat	59200000	59400000	0.0047712292414115905	-1.6911210191263735	-1.2091348849910053	0.2014251398676389
chr1_mat	59400000	59600000	0.005615415820392217	-1.1319205724909853	-0.8972037283610961	-0.1874173065116729
chr1_mat	59600000	59800000	0.005484369557086786	-1.0411636067869143	-0.9352403068506815	-0.20777823162492237
chr1_mat	59800000	60000000	0.005476973767620175	-0.8685296497762702	-0.6675004532359745	-0.20712950125724863
chr1_mat	60000000	60200000	0.005681807813800831	-0.8800275173308666	-0.6897746652322556	-0.4077692652069451
chr1_mat	60200000	60400000	0.006272780968064229	-0.23403137669557644	-0.527340846058339	-0.5115625170965903
chr1_mat	60400000	60600000	0.004852251890828403	-1.2652779910707292	-1.0279921909160705	0.05502437220704995
chr1_mat	60600000	60800000	0.005669431833040965	-1.0191213208705663	-0.8920406223439215	-0.11111703028254129
chr1_mat	60800000	61000000	0.004934671005603911	-1.4062956844213819	-1.1495809107945107	0.013758771358821564
chr1_mat	61000000	61200000	0.004822986670395499	-1.5922709393602499	-1.2802806215942193	0.11393303821106972
chr1_mat	61200000	61400000	0.004543852731452719	-1.5473260618164053	-1.0938015489625081	0.12053752545535239
chr1_mat	61400000	61600000	0.006717980435223127	-0.12166286917735773	-0.5014006025715833	-0.49800294928540334
chr1_mat	61600000	61800000	0.006028451546880207	-0.740516052611297	-0.6484755682490619	-0.25342421103280516
chr1_mat	61800000	62000000	0.006086728815351071	-0.5598881322595618	-0.5758962319954042	-0.4047732084200466
chr1_mat	62000000	62200000	0.006830051328673016	-0.42091000892799935	-0.5222108325305229	-0.4570382836245146
chr1_mat	62200000	62400000	0.00551146404981347	-1.095183304997272	-0.8102310835005745	-0.28059012918628856
chr1_mat	62400000	62600000	0.006492802962118001	-0.4085487318717589	-0.5655929598337419	-0.40910387817821925
chr1_mat	62600000	62800000	0.00556357133396143	-0.7561260910280857	-0.6201475956520155	-0.21477623765186274
chr1_mat	62800000	63000000	0.006832150472174515	0.34891077968311274	-0.21656223045678155	-0.21382176606863956
chr1_mat	63000000	63200000	0.006806273220128212	0.10370824314726529	-0.2870265759488363	-0.23892883820934305
chr1_mat	63200000	63400000	0.006641335819767873	0.45992604263378994	-0.20017564079475494	-0.2135640799858718
chr1_mat	63400000	63600000	0.006187489333912799	0.4430384479436661	-0.23711778752195578	-0.21340632590737335
chr1_mat	63600000	63800000	0.006141273673320178	0.7381737190480873	-0.1831360996855041	0.03664524075208168
chr1_mat	63800000	64000000	0.006385859192650794	0.5031961090076382	-0.20934952717601438	-0.16368082045299828
chr1_mat	64000000	64200000	0.005111424695322709	-1.0338252821660938	-0.647440104470467	-0.22317828748999743
chr1_mat	64200000	64400000	0.0063207920049175295	0.19758565575046683	-0.29579386687030934	-0.3055153138631262
chr1_mat	64400000	64600000	0.0064388745296090665	0.7220284780831634	-0.17715773614967853	-0.1484192746975639
chr1_mat	64600000	64800000	0.006398444531560144	0.761976425579198	-0.1859313175075829	-0.15773133028657188
chr1_mat	64800000	65000000	0.0060229210117120225	0.7707309124244326	-0.20938999380622908	-0.23211051388946016
chr1_mat	65000000	65200000	0.006038900685839922	0.7349607769384737	-0.1462072145839798	-0.16989660523196015
chr1_mat	65200000	65400000	0.006413227704428134	0.6870555427874352	-0.21563127210174052	-0.2023623455636224
chr1_mat	65400000	65600000	0.00636495259372963	-0.17199933376407123	-0.2712353175661478	-0.38683550691220203
chr1_mat	65600000	65800000	0.006312478663549531	-0.45138095551272933	-0.5417506746324484	-0.44859152181682055
chr1_mat	65800000	66000000	0.006709906545325541	-0.17615102092835744	-0.5286306562581192	-0.5099992051084744
chr1_mat	66000000	66200000	0.004825762618598737	-1.222678636325598	-0.9264429000746517	-0.20100755936494696
chr1_mat	66200000	66400000	0.006371854739259724	0.036803601429024876	-0.482973367027055	-0.5871184625405175
chr1_mat	66400000	66600000	0.006300518122010972	-0.09723913850887632	-0.474590716491343	-0.4836980742545051
chr1_mat	66600000	66800000	0.005817661736526557	-0.9380177945579886	-0.890593184872439	-0.4046231794624888
chr1_mat	66800000	67000000	0.006548101532083413	-0.6598932681138487	-0.754994481867486	-0.4315892741831575
chr1_mat	67000000	67200000	0.005920479425428681	-0.8084272656062111	-0.8777444183983062	-0.21295084171987988
chr1_mat	67200000	67400000	0.005585775775684416	-0.8552589083251374	-0.8835726767024602	-0.1540503521974134
chr1_mat	67400000	67600000	0.005283801085288455	-1.2605619148597218	-1.0020940416831146	0.0034282418221394627
chr1_mat	67600000	67800000	0.006655005615578521	-0.9481971317485668	-0.9518317664584497	-0.23860544360992617
chr1_mat	67800000	68000000	0.005574401175509818	-1.1529180533073404	-0.8511669593009406	-0.13041207810761948
chr1_mat	68000000	68200000	0.007833660835729304	0.23346789469917	-0.36566001604202353	-0.38411048637054157
chr1_mat	68200000	68400000	0.005081733075726506	-1.1595963491713845	-0.8551850539774821	-0.0758120042859051
chr1_mat	68400000	68600000	0.006910770243373057	0.3643514912289804	-0.2440645319467481	-0.2830520186915208
chr1_mat	68600000	68800000	0.005487116746853515	-0.7640283913023485	-0.7393118712360186	-0.23000702164197742
chr1_mat	68800000	69000000	0.0067774409875302555	0.332360948972577	-0.20288651578840086	-0.37173822440372367
chr1_mat	69000000	69200000	0.005828438150267486	-0.2651126482608693	-0.426010632508537	-0.48444376753671914
chr1_mat	69200000	69400000	0.006002752860773803	0.230640282996595	-0.32030178651288327	-0.4176950735423039
chr1_mat	69400000	69600000	0.0066049456796792635	0.68152035176683	-0.18901706063205387	-0.19969256806632293
chr1_mat	69600000	69800000	0.006621139490034138	0.5743188426000144	-0.1844675976096156	-0.25565289646488526
chr1_mat	69800000	70000000	0.006161330763492159	-0.5405239944763107	-0.601455311054606	-0.32025198275301064
chr1_mat	70000000	70200000	0.0048250733190908415	-1.4676151848886458	-0.9942207069158329	-0.05718142764771959
chr1_mat	70200000	70400000	0.005455921310863359	-0.840613069280818	-0.8383363966012841	-0.5059735760726037
chr1_mat	70400000	70600000	0.006141516462393772	-0.3355788888199337	-0.4348809164175393	-0.4105461219474694
chr1_mat	70600000	70800000	0.005147523354721317	-1.1395763363893012	-0.9299590782376954	-0.2778527996154943
chr1_mat	70800000	71000000	0.005834431380769946	-0.4372691668506277	-0.6176130699190344	-0.3971615630041653
chr1_mat	71000000	71200000	0.0053942664062504855	-1.1223246509864604	-0.9213651100331152	-0.1124337808690232
chr1_mat	71200000	71400000	0.006659212554597859	-0.09316674904312221	-0.3542478161106674	-0.3533866479249833
chr1_mat	71400000	71600000	0.006135170165244379	0.7322543789034317	-0.2211939983506466	-0.25264680238321996
chr1_mat	71600000	71800000	0.006086794269962691	0.7862743569727039	-0.16422941513597733	-0.193362109134306
chr1_mat	71800000	72000000	0.005870564134292168	0.7554239610277967	-0.18009617630500083	-0.27590679115453715
chr1_mat	72000000	72200000	0.005951769882500777	0.7031403567521853	-0.2136123360113269	-0.25622379182849386
chr1_mat	72200000	72400000	0.005772280413952614	0.7463943114241367	-0.256908750177392	-0.29943738815403004
chr1_mat	72400000	72600000	0.005942421165153513	0.7128459655908058	-0.21268938347019625	-0.3201178441052666
chr1_mat	72600000	72800000	0.0059440575791146495	0.7314505214843127	-0.16649574114940638	-0.24370601013651286
chr1_mat	72800000	73000000	0.005726036964992756	0.6998271776154216	-0.2504360431115863	-0.3171643320056461
chr1_mat	73000000	73200000	0.00581920997300595	0.708164527779071	-0.18322287911947402	-0.28558069245492523
chr1_mat	73200000	73400000	0.00557391545884353	0.5139960864015156	-0.269522724762537	-0.4263229041633421
chr1_mat	73400000	73600000	0.005493331825493268	0.04391260759158574	-0.32636178419805806	-0.4701387301081382
chr1_mat	73600000	73800000	0.005921921667209784	0.6877328901994474	-0.19757946303905008	-0.3247428173892993
chr1_mat	73800000	74000000	0.005852238382424425	0.7392423890001558	-0.21154507420414334	-0.27160029744186837
chr1_mat	74000000	74200000	0.005961635766503755	0.7233241255599132	-0.1793062089548717	-0.29125977737907477
chr1_mat	74200000	74400000	0.006135481576069912	0.7475128641650439	-0.2095244973637424	-0.28874584332553455
chr1_mat	74400000	74600000	0.006243843880795085	0.6788218715803613	-0.23999457016734696	-0.35312655700375967
chr1_mat	74600000	74800000	0.006397883965631628	0.5386406986434571	-0.3181423547663284	-0.453164138107718
chr1_mat	74800000	75000000	0.005242292870122897	-0.7857539560570199	-0.6558072627988192	-0.3159177505791739
chr1_mat	75000000	75200000	0.006263988046859157	-0.6762425901873413	-0.6334108463518492	-0.35816052055631475
chr1_mat	75200000	75400000	0.005606133258446796	-1.036146663673011	-0.7979906532821499	-0.29580499696060003
chr1_mat	75400000	75600000	0.0056411140098363505	-0.4917760167379798	-0.5168505904585841	-0.4492279809754643
chr1_mat	75600000	75800000	0.006617908589575061	0.5201162835722555	-0.23131950539110785	-0.3737040966974697
chr1_mat	75800000	76000000	0.006326176970383935	-0.3315847824484902	-0.4613294125435353	-0.4520996035001649
chr1_mat	76000000	76200000	0.006466791420315017	-0.3995670984841263	-0.4945088592895783	-0.5119088830230187
chr1_mat	76200000	76400000	0.00598787948442824	-0.286805015439779	-0.42923339020258294	-0.33218240400812865
chr1_mat	76400000	76600000	0.006477495684952123	0.20739155616479013	-0.3757747145145371	-0.5145681011516235
chr1_mat	76600000	76800000	0.0054559039284096285	-0.5557951236439791	-0.4833258552456461	-0.4825151593504619
chr1_mat	76800000	77000000	0.005766935650141987	-0.736344577851355	-0.5791413353023631	-0.3810513172880054
chr1_mat	77000000	77200000	0.007246513341442915	0.3773311445129817	-0.3360425841900696	-0.472896172141409
chr1_mat	77200000	77400000	0.00621724201332002	0.567725681207758	-0.241023365792172	-0.4305789566135372
chr1_mat	77400000	77600000	0.006354310250747796	0.16376553239255745	-0.29738699173995536	-0.5262654459628632
chr1_mat	77600000	77800000	0.006180500556993793	0.6872217248102228	-0.22155244453895667	-0.30958837565111397
chr1_mat	77800000	78000000	0.006181649671451818	0.7545436818651519	-0.23342397795252326	-0.349971051482873
chr1_mat	78000000	78200000	0.0064434635926979116	0.7332350819810443	-0.15670479745497415	-0.261513279961861
chr1_mat	78200000	78400000	0.006347997377475053	0.5621446256121393	-0.25635278649774257	-0.38323228081302524
chr1_mat	78400000	78600000	0.005010946580452534	-0.9391536764157377	-0.5280848994464109	-0.4009543948611323
chr1_mat	78600000	78800000	0.005828449308672715	0.42355196428748526	-0.2884698723239368	-0.49798206740785794
chr1_mat	78800000	79000000	0.005906568039970981	0.7003864041821375	-0.18752120703930483	-0.31869215462012623
chr1_mat	79000000	79200000	0.005907523280074349	0.7240464904005574	-0.250627182312424	-0.36524208209112985
chr1_mat	79200000	79400000	0.005715690113231906	0.6655629813841395	-0.2533178531032303	-0.40584226219258135
chr1_mat	79400000	79600000	0.005701894917850661	0.6429171060474037	-0.28160394481911266	-0.37937777769026904
chr1_mat	79600000	79800000	0.005782541400989858	0.6055022477192505	-0.2515469574463297	-0.4054554083135203
chr1_mat	79800000	80000000	0.00596402174294148	0.5408251976374748	-0.2914301944394977	-0.4499040045706139
chr1_mat	80000000	80200000	0.005825316127161225	-0.006230665450432227	-0.3000007960040784	-0.5091182511980423
chr1_mat	80200000	80400000	0.005530256330888257	0.2402822640042368	-0.21278335191705078	-0.41474529256666226
chr1_mat	80400000	80600000	0.005762938477480135	0.699661066151793	-0.2839106683641879	-0.49211859180881884
chr1_mat	80600000	80800000	0.006074331507167315	0.7266756561915214	-0.2288319732157462	-0.4535261837260841
chr1_mat	80800000	81000000	0.005855915490363071	0.5415480959803688	-0.29715740024614795	-0.4534305586388625
chr1_mat	81000000	81200000	0.005584249081702321	-0.37976335038623366	-0.42875065690741504	-0.46739239919437503
chr1_mat	81200000	81400000	0.0061201472603322656	-0.23661243897999712	-0.3281628395727189	-0.4768621715596218
chr1_mat	81400000	81600000	0.006108608855130479	0.41629571134599236	-0.2739072266343216	-0.5114223141072953
chr1_mat	81600000	81800000	0.004933565724016248	-0.7355884670829315	-0.4843679588607874	-0.4175829016539982
chr1_mat	81800000	82000000	0.005932456771333612	0.46215238426274574	-0.20150604547902604	-0.4775221988469599
chr1_mat	82000000	82200000	0.006088260584057469	0.7254990901514669	-0.17089906807793578	-0.4343916845379515
chr1_mat	82200000	82400000	0.006604855016473288	0.6296228832062754	-0.1686314914146601	-0.4181204406185034
chr1_mat	82400000	82600000	0.006100725696365688	-0.08124440105560395	-0.35035373403592374	-0.47528059679417906
chr1_mat	82600000	82800000	0.005692801354422514	-0.7209384562561264	-0.6975740276518156	-0.4927071850028916
chr1_mat	82800000	83000000	0.004652654028096803	-1.6223917034331026	-0.9472519541027924	0.2539314398301948
chr1_mat	83000000	83200000	0.004548388056364572	-1.6922063403144603	-0.9814433371445372	0.19382478970216968
chr1_mat	83200000	83400000	0.0058779698627944126	-0.21096267284711062	-0.412029855376116	-0.27723259739206957
chr1_mat	83400000	83600000	0.006599609577501447	0.7112818468825874	-0.2023878053190234	-0.39345344794792275
chr1_mat	83600000	83800000	0.006404494698704023	0.8046441379527195	-0.1978005660114235	-0.4099447361672925
chr1_mat	83800000	84000000	0.006547789625745458	0.7220275694939056	-0.21478097004764704	-0.46681326383351773
chr1_mat	84000000	84200000	0.006585949504523517	0.6712535646661917	-0.17395607817055284	-0.4617696144172999
chr1_mat	84200000	84400000	0.006618480161234458	0.2922110416374319	-0.21959838057998712	-0.5475170271224865
chr1_mat	84400000	84600000	0.0055073751781216825	-0.9727728105075557	-0.6743328047624333	-0.24558433247759187
chr1_mat	84600000	84800000	0.004935623441612323	-1.5638776212882826	-1.0277337841229395	0.10613552937699065
chr1_mat	84800000	85000000	0.0047768966748401465	-1.4463560200229675	-0.9945876224021201	0.05997799875419251
chr1_mat	85000000	85200000	0.004590661112544158	-1.325730139285494	-0.7605351005456272	0.06088638390745407
chr1_mat	85200000	85400000	0.005640664617804888	-0.48077467589694056	-0.4823162985534195	-0.2873505787595525
chr1_mat	85400000	85600000	0.00693279556077438	0.5318703353165799	-0.3110191913204029	-0.5777286934089055
chr1_mat	85600000	85800000	0.005965213986019783	-0.4957710182003213	-0.44113718442541666	-0.49928411368704045
chr1_mat	85800000	86000000	0.00618182283938315	-0.2617172358244043	-0.3442700351108526	-0.47912767661423894
chr1_mat	86000000	86200000	0.005708753035465452	-0.509203130006157	-0.3655579364804662	-0.38573674039904754
chr1_mat	86200000	86400000	0.006240897737992137	0.025927689043037206	-0.3640892187665071	-0.5547979505231916
chr1_mat	86400000	86600000	0.0062028481093542795	0.3129883219067238	-0.20570149980149458	-0.5021857209133435
chr1_mat	86600000	86800000	0.005704086313914302	0.19891449503928768	-0.2855173230419965	-0.5575977683111424
chr1_mat	86800000	87000000	0.005890469964871889	0.6950643987967227	-0.19677879156183256	-0.4369699589424938
chr1_mat	87000000	87200000	0.0058206139971987685	0.7414619636024318	-0.16580301703932743	-0.48204192501489607
chr1_mat	87200000	87400000	0.005911955944296751	0.7388950158962205	-0.11475227810330745	-0.45735678719289014
chr1_mat	87400000	87600000	0.0063414192473401675	0.4764250344208965	-0.2527679554858116	-0.5391696295880029
chr1_mat	87600000	87800000	0.0051556636571679585	-0.9373856645225095	-0.5664752330782429	-0.34536520713510466
chr1_mat	87800000	88000000	0.005857090257122263	-0.7357950773269195	-0.41744345167683894	-0.33974697204533033
chr1_mat	88000000	88200000	0.008206255047581809	-0.6949336659723956	-0.5003832406918136	-0.36238092246679054
chr1_mat	88200000	88400000	0.006439489867711571	0.39271746514009015	-0.24931360584927148	-0.49436761274255225
chr1_mat	88400000	88600000	0.006314567787787157	0.6571967043241387	-0.1590752950146429	-0.43915420086270657
chr1_mat	88600000	88800000	0.006011295575991268	0.3081461029120407	-0.18792189862416883	-0.4593890817749805
chr1_mat	88800000	89000000	0.004411796523623232	-1.2424693308193386	-0.5477680470523479	-0.22898633763656537
chr1_mat	89000000	89200000	0.00679412159172107	0.39002941481404846	-0.27051893047631065	-0.5329953661142629
chr1_mat	89200000	89400000	0.00679362879009032	0.3302189192503684	-0.183930413923159	-0.49051140854543884
chr1_mat	89400000	89600000	0.005401876725077984	-0.7271026900065171	-0.340668473969395	-0.3167576327772357
chr1_mat	89600000	89800000	0.00643275309323607	-0.10414846938226482	-0.3890559881042981	-0.48260809292090845
chr1_mat	89800000	90000000	0.004642477744281498	-1.7253190394828286	-0.6696839887613761	0.40889477728822365
chr1_mat	90000000	90200000	0.004406737095927426	-1.6610389216911867	-0.6387696664794884	0.2751033782106806
chr1_mat	90200000	90400000	0.006370654933749866	0.2936487168292445	-0.2638753855979004	-0.48301881747973646
chr1_mat	90400000	90600000	0.005798872104774128	-0.4429891962041598	-0.31478418135974334	-0.3988947946312983
chr1_mat	90600000	90800000	0.006566019793673982	0.1429031257705207	-0.25550403975660213	-0.5554447701386579
chr1_mat	90800000	91000000	0.006071550063339359	0.64267888475191	-0.1395252283259558	-0.49337664354847005
chr1_mat	91000000	91200000	0.006094518505698215	0.12474670418312472	-0.2609700470894883	-0.5061263398229653
chr1_mat	91200000	91400000	0.0047708621618261495	-1.2119295989910073	-0.481562617805721	-0.14249608438706457
chr1_mat	91400000	91600000	0.005654517489269177	-0.5550217575889078	-0.3494359663654059	-0.40977653313340967
chr1_mat	91600000	91800000	0.006283100284797248	0.4803424853078569	-0.21349974084940623	-0.41839812839986745
chr1_mat	91800000	92000000	0.006186994698194971	0.5216669145522352	-0.16860740280618053	-0.47339374849633536
chr1_mat	92000000	92200000	0.006045176256413111	0.6716300397962928	-0.19108747930305223	-0.43846823454154116
chr1_mat	92200000	92400000	0.005599008809743679	0.7011430417753332	-0.16372695809190702	-0.4532844291055383
chr1_mat	92400000	92600000	0.005713037231504259	0.521816730997657	-0.25290565695360806	-0.49940876247337607
chr1_mat	92600000	92800000	0.005611223240190938	0.15695745717538204	-0.21507187742638792	-0.5146448987787717
chr1_mat	92800000	93000000	0.005573181888579549	-0.17993891108141974	-0.28222104805001536	-0.46179222835926326
chr1_mat	93000000	93200000	0.00586216443296797	0.5363833828194213	-0.18008262764753974	-0.4182514616145892
chr1_mat	93200000	93400000	0.005699374781458454	0.630699310128983	-0.24947263420058852	-0.5199626625681445
chr1_mat	93400000	93600000	0.005503349832731245	0.6349528076174591	-0.2907923177412875	-0.49719310295421965
chr1_mat	93600000	93800000	0.005561587190219387	0.594549609860177	-0.28190677970696504	-0.5188415438713104
chr1_mat	93800000	94000000	0.005593759395909614	0.5971146017335803	-0.35025391898071606	-0.5608223424084657
chr1_mat	94000000	94200000	0.005565949264623739	0.6000664544104489	-0.2965695822961192	-0.5093674645533972
chr1_mat	94200000	94400000	0.005722555045392153	0.5306928019813936	-0.39355053215403984	-0.6026074884847782
chr1_mat	94400000	94600000	0.005549803747518856	0.5542073473689251	-0.2932420099279443	-0.5640421712844872
chr1_mat	94600000	94800000	0.005641382263590803	0.41390786068754826	-0.28753929082319674	-0.539881033671757
chr1_mat	94800000	95000000	0.005144384901754456	0.018753053829984698	-0.27464952605636916	-0.5422943824763444
chr1_mat	95000000	95200000	0.005568755797503241	0.4855341094184273	-0.26050608613740983	-0.5263915506166433
chr1_mat	95200000	95400000	0.005725447428891073	0.26449853997278544	-0.27557822941554694	-0.5353291962235608
chr1_mat	95400000	95600000	0.005258495363281177	-0.8073978851159642	-0.3001638984777008	-0.22794090762934718
chr1_mat	95600000	95800000	0.00463664684305317	-1.3042878882333724	-0.40899502314973774	-0.007710011251190795
chr1_mat	95800000	96000000	0.005678379711355289	-0.07022127365705791	-0.1997040396158974	-0.49871600441212166
chr1_mat	96000000	96200000	0.005710037980704383	0.3677831037028003	-0.22135053430724622	-0.600299912423972
chr1_mat	96200000	96400000	0.005734735622228498	0.5883609826576244	-0.16774063794926183	-0.5519449101397341
chr1_mat	96400000	96600000	0.005964114784768684	0.2424335272932273	-0.22585184817394435	-0.4978214010104486
chr1_mat	96600000	96800000	0.0058176758425457584	-0.18084599491459452	-0.23101400680558742	-0.41190450456351213
chr1_mat	96800000	97000000	0.005014098939778848	-0.8101973417032261	-0.19254531513010312	-0.1569116468073946
chr1_mat	97000000	97200000	0.005958728561996642	0.4816859905569639	-0.29080839003746317	-0.5999865960632571
chr1_mat	97200000	97400000	0.005330985320474056	-0.17671560079471546	-0.2533518240311007	-0.4444981208808792
chr1_mat	97400000	97600000	0.00590232139828059	-0.21984684319915876	-0.3301958052925002	-0.49196373220398876
chr1_mat	97600000	97800000	0.005897491369713292	-0.4918341063806182	-0.10236058133756427	-0.3640287694007289
chr1_mat	97800000	98000000	0.004817288420299468	-0.9338309863933099	-0.24517768455581668	-0.14934658241218468
chr1_mat	98000000	98200000	0.006024005399571488	0.27179108185433487	-0.20002704523096224	-0.6014585864960568
chr1_mat	98200000	98400000	0.0058979144865663686	0.17559988001523122	-0.14256133602637014	-0.5211377795440433
chr1_mat	98400000	98600000	0.005617413146575994	-0.4436235193464484	-0.14318548669673017	-0.3572311174122327
chr1_mat	98600000	98800000	0.00576948658882377	-0.38035777957315015	-0.13265813489236367	-0.3455072989921087
chr1_mat	98800000	99000000	0.005054430559331312	-0.7297625653297345	-0.26281097531883013	-0.2830188380147727
chr1_mat	99000000	99200000	0.0059916927614297524	0.0007106693366607493	-0.13626343029428686	-0.46701442669009696
chr1_mat	99200000	99400000	0.004578071717874709	-1.0974325945428256	-0.10971231994938274	-0.08219892751175528
chr1_mat	99400000	99600000	0.006144991415629348	0.1850294544838747	-0.0033195164339953134	-0.47203673206532654
chr1_mat	99600000	99800000	0.006417642337516859	-0.04263345826305219	-0.07974102217500668	-0.5430227938095408
chr1_mat	99800000	100000000	0.005818961467941161	-0.42212797982329414	-0.1248266791755664	-0.3865549495831319
chr1_mat	100000000	100200000	0.005598140864632565	-0.11905939634379857	-0.14789566308148558	-0.5013696203651268
chr1_mat	100200000	100400000	0.005405742684644181	-0.20304724211969805	-0.03945018556785445	-0.454402649799375
chr1_mat	100400000	100600000	0.0051380985875232885	-0.002481313198497318	-0.06354223058228164	-0.5072466653691723
chr1_mat	100600000	100800000	0.005830701204779822	0.11825050822621806	-0.09056137196480914	-0.6097848869915578
chr1_mat	100800000	101000000	0.00481585461294116	-0.8155672420124123	-0.12870567048855114	-0.3447399242151042
chr1_mat	101000000	101200000	0.005635781994900266	0.10307493599820372	-0.21086481714062708	-0.557100407477095
chr1_mat	101200000	101400000	0.00548938543520388	-0.2537787047657268	-0.11039397885393004	-0.34426167543128267
chr1_mat	101400000	101600000	0.005321840472763617	-0.3661490431436134	-0.13169936064642226	-0.4077619153782037
chr1_mat	101600000	101800000	0.005619715139225445	-0.3423555342010027	-0.01699742029604305	-0.4681068468740356
chr1_mat	101800000	102000000	0.0060862333938313746	0.4453579713767566	0.00709201507100345	-0.666190712739999
chr1_mat	102000000	102200000	0.006458785332277976	0.3384996851344557	-0.004068695686550631	-0.586902561916723
chr1_mat	102200000	102400000	0.005204569414127774	-1.3298671489749943	-0.024877448128570148	0.016816730442090262
chr1_mat	102400000	102600000	0.004460516701209168	-1.8232792918444862	0.010190350770233494	0.2341502122576707
chr1_mat	102600000	102800000	0.004922916153995218	-1.114303633960016	-0.07771612601304284	-0.28293617581570946
chr1_mat	102800000	103000000	0.006330457715479589	-0.05682351048965736	-0.07895759120395233	-0.6781595357206175
chr1_mat	103000000	103200000	0.005966514364574331	0.5196572635460716	0.08793966572555666	-0.5977451566387305
chr1_mat	103200000	103400000	0.005964487613332012	0.6690968018972122	0.03949074460475218	-0.6237933369829003
chr1_mat	103400000	103600000	0.005623248291204142	0.7105208817277768	0.049897147973845354	-0.5770612402387697
chr1_mat	103600000	103800000	0.005640768941436402	0.6815537178006965	-0.04870455494762821	-0.6309736557132453
chr1_mat	103800000	104000000	0.005483103392996416	0.6298969727093217	-0.005699361209759301	-0.6582359177688011
chr1_mat	104000000	104200000	0.005711929227696286	0.6811862548373208	-0.04261926545737624	-0.6136607020344103
chr1_mat	104200000	104400000	0.005726193100557898	0.6303109285610748	-0.01652659617102104	-0.6274210575693289
chr1_mat	104400000	104600000	0.005670480895723859	0.6035751712879753	-0.10612519747590597	-0.6938415275130798
chr1_mat	104600000	104800000	0.005780103624987816	0.2557646470873023	-0.11954138156420964	-0.7016941072234936
chr1_mat	104800000	105000000	0.0047463844707290965	-1.1141077483694	0.12468861689268082	-0.2891354544218255
chr1_mat	105000000	105200000	0.005675667250833787	0.48471056646616945	-0.08614522054811698	-0.6125534418542047
chr1_mat	105200000	105400000	0.005569293813740475	0.6414307352712713	-0.07562250367814372	-0.6874464561994945
chr1_mat	105400000	105600000	0.005780232545650698	0.6552325850224919	0.08317572968529874	-0.6425981157857963
chr1_mat	105600000	105800000	0.005508435847339917	0.6735192943959932	-0.0678244994416646	-0.6785484621736136
chr1_mat	105800000	106000000	0.005769852635634704	0.6043345691244685	-0.09969462181723723	-0.6957832075432655
chr1_mat	106000000	106200000	0.005696756286262119	0.624536743120703	-0.011694593085847185	-0.7152679082328747
chr1_mat	106200000	106400000	0.005818232246464538	0.6269227150972526	-0.053382407520359464	-0.6737622305015698
chr1_mat	106400000	106600000	0.005851879208023616	0.5464893375429323	-0.009391912870010451	-0.7187638943687283
chr1_mat	106600000	106800000	0.005536725235225541	0.6204060348294679	-0.030659839103013897	-0.7564704160153479
chr1_mat	106800000	107000000	0.0055593677089075194	0.618277979357387	-0.009625256756763133	-0.7068385198220157
chr1_mat	107000000	107200000	0.005910539964029158	0.1480325463635414	-0.003210328083089048	-0.7634244125366453
chr1_mat	107200000	107400000	0.0058938798389216954	0.018825679720811367	-0.00023145932935000798	-0.664895345145621
chr1_mat	107400000	107600000	0.006404947105635747	-0.4903884917984756	0.00745835430944815	-0.475830701343915
chr1_mat	107600000	107800000	0.00684151316673858	-0.3950059817287525	-0.09819222443594638	-0.4971053862736895
chr1_mat	107800000	108000000	0.0056909038320631855	-1.1877243359206717	0.02152914973487088	-0.03424317342887576
chr1_mat	108000000	108200000	0.005059698602699444	-1.0844126805147096	-0.0860182025449086	-0.3745752757221936
chr1_mat	108200000	108400000	0.0038244042127891357	-1.8331879120065118	0.1070278905934776	0.2815859113185356
chr1_mat	108400000	108600000	0.005732306716195844	0.10377935806491298	0.0484537712643413	-0.7554244274995056
chr1_mat	108600000	108800000	0.006444066375189347	0.4060392659860591	0.13324343904860797	-0.8194149559435479
chr1_mat	108800000	109000000	0.006367952921727088	0.26652207343078677	0.168495624123009	-0.7489997108904709
chr1_mat	109000000	109200000	0.006288892875584383	0.001995002374658333	0.003681587881324649	-0.8252135125015775
chr1_mat	109200000	109400000	0.004294027775634812	-1.6366234762352996	0.37179512750246285	0.11957625616202716
chr1_mat	109400000	109600000	0.005080395831588673	-1.441327459479723	0.4210378831289447	-0.00784985492657697
chr1_mat	109600000	109800000	0.006329578163555427	0.112929755805239	0.061654688223151864	-0.8605429681796758
chr1_mat	109800000	110000000	0.006012706920856477	-0.34840528085422573	0.15850150970985669	-0.5935557283453128
chr1_mat	110000000	110200000	0.005692844715488528	-0.5202166530020151	0.16895409128596958	-0.6039257810869885
chr1_mat	110200000	110400000	0.005451861361932909	-0.7585223709220528	0.3493920292738362	-0.47937476015731545
chr1_mat	110400000	110600000	0.005515288030715143	-0.7920050095390679	0.3262258476482824	-0.38594375077998166
chr1_mat	110600000	110800000	0.005083521081648409	-1.294520527266661	0.5556604260542948	-0.1942392255841297
chr1_mat	110800000	111000000	0.006527892937355642	-0.02853357599880642	0.26704507583140574	-0.8210759443395464
chr1_mat	111000000	111200000	0.00566470492882662	-0.8938535874937091	0.5896837136859122	-0.37894511407309694
chr1_mat	111200000	111400000	0.005726656838980083	-0.6674239092811551	0.5198045879438736	-0.4947165935871795
chr1_mat	111400000	111600000	0.006594517028990694	0.5190563395139512	0.39970226715463186	-0.9327840888749946
chr1_mat	111600000	111800000	0.006436321648904539	0.7805768152579844	0.4024516034233628	-1.0079929491979385
chr1_mat	111800000	112000000	0.0065094380900051025	0.7853647781275527	0.38856792529992334	-0.9701807827192732
chr1_mat	112000000	112200000	0.00625416189742507	0.4496099257826077	0.42220344357252315	-0.8582530258152575
chr1_mat	112200000	112400000	0.0051879838920966875	-1.0578334879446125	0.7433538299744229	-0.39788411176435323
chr1_mat	112400000	112600000	0.006323803317156418	-0.4966632093261265	0.6524754888735959	-0.7072085717817972
chr1_mat	112600000	112800000	0.006723151923681343	0.23029585369598365	0.47532354606677635	-1.0491485261301092
chr1_mat	112800000	113000000	0.006678297988130746	0.4808504946683588	0.47455464570068345	-0.9373276386885585
chr1_mat	113000000	113200000	0.006156599911027756	0.21217372271412732	0.37880628535863176	-0.9331395607271981
chr1_mat	113200000	113400000	0.004082270816000869	-1.7713185920726924	0.9419432164619594	0.0019664095918164363
chr1_mat	113400000	113600000	0.0056210561242200615	-0.26203222274833415	0.5026348754033252	-0.8398142800923657
chr1_mat	113600000	113800000	0.004944401377867352	-0.7357162123400626	0.6333190359225636	-0.5462960056478781
chr1_mat	113800000	114000000	0.0055737199883014316	-0.09909991084611873	0.43672887999272086	-0.8972985404588619
chr1_mat	114000000	114200000	0.0054590659844574035	-0.44597516995040093	0.49110275514547097	-0.7045372047100713
chr1_mat	114200000	114400000	0.006026808226743307	-0.7345585565183276	0.5302328651594684	-0.4897558724729356
chr1_mat	114400000	114600000	0.00542844484624987	-1.2316805066406769	0.6791725993668583	-0.0732609333470683
chr1_mat	114600000	114800000	0.006011585621979454	-0.9739329690428018	0.7715306350391236	-0.14256543711763828
chr1_mat	114800000	115000000	0.004619971658368464	-1.771944146663877	0.7888055720668892	0.39486658697092164
chr1_mat	115000000	115200000	0.005279661145300197	-1.7151081416146876	0.9553241170957217	0.5281410467847085
chr1_mat	115200000	115400000	0.0071400511521765835	-1.4582734025175708	0.661102258074396	0.3520700455058494
chr1_mat	115400000	115600000	0.005976954480704588	-1.8131209437503775	0.6596915202387799	0.6768372765512323
chr1_mat	115600000	115800000	0.006600013125535862	-1.6029952931634155	0.7406506297632743	0.22803398985222015
chr1_mat	115800000	115909749				
chr1A_mat	0	200000	0.009932960477991356	-1.2712137812514657	1.3984900775798854	-0.9234842910560618
chr1A_mat	200000	400000	0.007032480031420863	-1.558378020034742	1.4131836742866597	-0.796791822800617
chr1A_mat	400000	600000	0.005179553620063279	-0.2922488124947808	0.6809889155303275	-0.7211540397888331
chr1A_mat	600000	800000	0.006999603840270924	-1.1255844295359063	1.2370576978461105	-0.48725077349020657
chr1A_mat	800000	1000000	0.0050502036601890446	-1.698317807083123	1.599318650392569	-0.1843912007553953
chr1A_mat	1000000	1200000	0.005433497850164106	-1.6510858902850214	1.6523449783082287	-0.20377650970021133
chr1A_mat	1200000	1400000	0.004164863544989047	-1.5996225588036643	1.5381161700646901	-0.2482806415389112
chr1A_mat	1400000	1600000	0.003604306697501224	-1.1332756597530218	0.981447734228382	-0.35570705416725684
chr1A_mat	1600000	1800000	0.004910230627791219	0.0709657389507466	0.5579819173804038	-0.7885911522653515
chr1A_mat	1800000	2000000	0.005684492327110231	-0.6481042479938655	0.6604465231856582	-0.7114588432618674
chr1A_mat	2000000	2200000	0.005458369080580919	-1.079519678574833	0.9732379399080906	-0.7829343961560313
chr1A_mat	2200000	2400000	0.005938398012456615	-0.20016393719356443	0.570193897940309	-0.8223111773013854
chr1A_mat	2400000	2600000	0.006719069946987421	0.8374331336250187	0.5011481727652084	-0.8601067284881653
chr1A_mat	2600000	2800000	0.006690811566819009	0.8217144861063216	0.4972107945534118	-0.9070915185429348
chr1A_mat	2800000	3000000	0.006798472120247653	0.670603949705869	0.43812494769621774	-0.7495427170991191
chr1A_mat	3000000	3200000	0.006319632427288868	-0.40525369448516574	0.5067184744281001	-0.5612534602255238
chr1A_mat	3200000	3400000	0.004233350031827735	-1.8178595835662401	1.5630946500597245	-0.4174647171806625
chr1A_mat	3400000	3600000	0.004637472860266064	-1.5932342745863923	1.354185705559901	-0.48266287283007153
chr1A_mat	3600000	3800000	0.004780858364816187	-1.2140471420067696	0.9531540876346493	-0.5239439768328281
chr1A_mat	3800000	4000000	0.005988324307062281	0.4809538520097293	0.2771699318307221	-0.6007019568504992
chr1A_mat	4000000	4200000	0.006301768546323651	0.6908756865518456	0.2945823116248077	-0.7524087302036611
chr1A_mat	4200000	4400000	0.0047703989941179905	-1.272471337130451	1.0090711181877063	-0.7959126518070836
chr1A_mat	4400000	4600000	0.005614951609272999	-0.584973389320763	0.6716468615504534	-0.7153818829957639
chr1A_mat	4600000	4800000	0.006499516376660539	0.7881488905832215	0.17561082465772526	-0.7156465290150813
chr1A_mat	4800000	5000000	0.005837097510671588	1.0215242473054624	0.12126770132427064	-0.7068806986658522
chr1A_mat	5000000	5200000	0.006040029679808082	1.0598363807551432	0.08048234180125591	-0.6773819381536421
chr1A_mat	5200000	5400000	0.005912689739424621	1.0340075249268008	0.07764768236352965	-0.7177763314142432
chr1A_mat	5400000	5600000	0.00610623023356367	0.855045186865305	0.05963952653556086	-0.6229833744443002
chr1A_mat	5600000	5800000	0.005954801895151524	0.26245363510588116	0.1611714476423417	-0.5138935150386745
chr1A_mat	5800000	6000000	0.006071039346599556	-0.25932931553306904	0.2357485783737234	-0.4068999880381335
chr1A_mat	6000000	6200000	0.004450489762315284	-1.4709580206107886	0.9146315117190802	-0.32205365063976454
chr1A_mat	6200000	6400000	0.004856004310121365	-1.125389598510295	0.6769054624223709	-0.4290844861329743
chr1A_mat	6400000	6600000	0.0065869285229330195	0.2039724469897206	0.14252055499133418	-0.4817440415464423
chr1A_mat	6600000	6800000	0.004224860341810447	-1.3270825273074593	0.81091645734519	-0.5699655269701078
chr1A_mat	6800000	7000000	0.006552336025721173	0.2802496619452645	0.23756673222900987	-0.6010264606262807
chr1A_mat	7000000	7200000	0.006402431152631336	0.5526412274360857	0.23606537075764658	-0.5559202182306316
chr1A_mat	7200000	7400000	0.005273295381025664	-0.6164020943736126	0.6404787692131757	-0.6918949584840273
chr1A_mat	7400000	7600000	0.005516749872055513	-0.23664158486355857	0.422672347610411	-0.6872592349205728
chr1A_mat	7600000	7800000	0.006134541425125397	0.8905376770547319	0.06744978000712219	-0.6456937401284241
chr1A_mat	7800000	8000000	0.005744261070402152	0.836634439576015	-0.021324635460398506	-0.5090743799020069
chr1A_mat	8000000	8200000	0.006048100053812269	0.2701876158870153	-0.05340524553880541	-0.41388172530767436
chr1A_mat	8200000	8400000	0.004543235784181474	-1.2916699076224383	0.6422645602662275	-0.4196080031323
chr1A_mat	8400000	8600000	0.005572104084642067	0.7292003716247998	-0.09928935642669177	-0.38359056630717636
chr1A_mat	8600000	8800000	0.005978347493531858	0.9228692100965594	-0.07920956407486615	-0.43379543932014053
chr1A_mat	8800000	9000000	0.005842825013089185	0.9614560933904196	-0.08044831253837362	-0.47643469597295884
chr1A_mat	9000000	9200000	0.005876072423472092	0.9626717546913119	-0.07777625751262839	-0.41839813238184215
chr1A_mat	9200000	9400000	0.005748692940656555	0.9555515866013404	-0.057350531162255344	-0.42137522218715334
chr1A_mat	9400000	9600000	0.005695618111768262	0.954932142635038	-0.07376163128572645	-0.35768793175469277
chr1A_mat	9600000	9800000	0.006070338900982545	0.8889716461333536	-0.06259786855722344	-0.46905612985011336
chr1A_mat	9800000	10000000	0.006033479444587127	0.940335516623291	-0.08407931032275874	-0.3610696031565245
chr1A_mat	10000000	10200000	0.00583561023974319	0.9061439234739265	-0.08804737963007024	-0.4214790107741522
chr1A_mat	10200000	10400000	0.005663728256603588	0.9361740911780945	-0.06890116693015996	-0.4457163156860932
chr1A_mat	10400000	10600000	0.005972325418107558	0.8809276835850447	-0.044327495761014114	-0.4027188848358165
chr1A_mat	10600000	10800000	0.006065978248061936	0.761794345635837	0.015754365681588174	-0.40440870925942546
chr1A_mat	10800000	11000000	0.006049901603154215	0.8585090928594749	-0.04721018711927598	-0.48320918753231523
chr1A_mat	11000000	11200000	0.00599985378958971	0.8802411544470226	-0.011133245865889499	-0.4754293096799977
chr1A_mat	11200000	11400000	0.005815492867629628	0.9118504026724216	-0.06548476188130095	-0.4282911278092605
chr1A_mat	11400000	11600000	0.005857965052915032	0.7659696458907309	-0.0774615657435497	-0.43329600997041073
chr1A_mat	11600000	11800000	0.005550885404007392	0.11482894750689518	-0.04984131233117783	-0.2586555724212972
chr1A_mat	11800000	12000000	0.004109176157369455	-1.1157026152901164	0.35067517507427953	-0.19403763259308235
chr1A_mat	12000000	12200000	0.005070671731182071	-0.5020250468106775	0.10125395712095113	-0.15290600589034678
chr1A_mat	12200000	12400000	0.00397329217058355	-1.0875707666959595	0.36633843543334565	-0.17760547704527996
chr1A_mat	12400000	12600000	0.006337426384085727	0.3508035813223055	-0.10903489789948326	-0.2821949632680111
chr1A_mat	12600000	12800000	0.006157081820297157	-0.014294317145088551	0.049790077892871216	-0.47590505261720334
chr1A_mat	12800000	13000000	0.006764909337570679	0.4190391213310836	-0.012901475112720523	-0.45075470126221284
chr1A_mat	13000000	13200000	0.004355521518480482	-1.353360321136714	0.687552615616644	-0.29080887479693923
chr1A_mat	13200000	13400000	0.00530439486706693	-0.6675066496724285	0.1871772128466761	-0.31281509419628994
chr1A_mat	13400000	13600000	0.005314721752315529	-0.47014854405589473	0.11233264933922489	-0.29390947929094274
chr1A_mat	13600000	13800000	0.005332335675754897	-0.4978715023307684	0.04500537946711138	-0.12744697175289482
chr1A_mat	13800000	14000000	0.004663237341768443	-0.8793683764401207	0.2865972278018704	-0.11325515601620674
chr1A_mat	14000000	14200000	0.004578880927170878	-0.885787877626591	0.20806940420764375	-0.20970367523191627
chr1A_mat	14200000	14400000	0.005765300417659683	-0.13336242883805002	0.020866981980848062	-0.32093493347095664
chr1A_mat	14400000	14600000	0.006106255610261811	0.09558392648833004	-0.023846945738983088	-0.43175764305071324
chr1A_mat	14600000	14800000	0.007059311785242424	0.4503590515877407	-0.05786038350917117	-0.4804116224824425
chr1A_mat	14800000	15000000	0.006862780923032293	0.6927577478008676	-0.03356634861220533	-0.41280476594834764
chr1A_mat	15000000	15200000	0.005552206734949919	-0.32346531616110846	0.0693736850406744	-0.4483135275343755
chr1A_mat	15200000	15400000	0.005662126137264974	-0.8241235249426241	0.1610432882505743	-0.4223390811029133
chr1A_mat	15400000	15600000	0.006371206134010734	-0.3767881592356061	0.019872037719979464	-0.3577966193850454
chr1A_mat	15600000	15800000	0.005727400262730968	-0.37560452970121033	-0.0028216574519561314	-0.4222040564838719
chr1A_mat	15800000	16000000	0.006097425313401797	0.7982940409357632	-0.15842311933233555	-0.40359046518620234
chr1A_mat	16000000	16200000	0.006136053192110641	0.905742798829572	-0.15904133649971638	-0.3514275273230751
chr1A_mat	16200000	16400000	0.005862272684330607	0.8791083878850748	-0.16464012723005278	-0.3137353633003834
chr1A_mat	16400000	16600000	0.005966324960084674	0.868767637295949	-0.17810962847684383	-0.3046304530936886
chr1A_mat	16600000	16800000	0.005850052419626632	0.8732161833061631	-0.18726255959905821	-0.3034564382301889
chr1A_mat	16800000	17000000	0.005726388492977024	0.8333049151757368	-0.2064227415539388	-0.29237751792615757
chr1A_mat	17000000	17200000	0.00565563702793123	0.8298590570367309	-0.19541938295677685	-0.284136723039436
chr1A_mat	17200000	17400000	0.005696333054238795	0.8361512396374002	-0.21451649152200328	-0.2706646523688344
chr1A_mat	17400000	17600000	0.005740287009683138	0.8637379792137737	-0.2060725877964656	-0.25919320614179625
chr1A_mat	17600000	17800000	0.005799846102300174	0.7906646027381431	-0.2020408678824109	-0.2655785081419562
chr1A_mat	17800000	18000000	0.0056484415726421894	0.505565136842322	-0.19572774859728556	-0.27826540029533453
chr1A_mat	18000000	18200000	0.00459538865417391	-0.820988905476515	-0.023865408105190312	-0.4017218416661413
chr1A_mat	18200000	18400000	0.005815219820295951	0.5235640427731348	-0.2131411644588448	-0.27524379907119856
chr1A_mat	18400000	18600000	0.00616455634550292	0.23844939064065931	-0.14157267522676206	-0.27078425628135055
chr1A_mat	18600000	18800000	0.005817949633187096	0.7345440064149924	-0.22958010336218843	-0.2185116552763938
chr1A_mat	18800000	19000000	0.005997287311469428	0.8170611690656028	-0.2437768206997512	-0.2450475280337134
chr1A_mat	19000000	19200000	0.005949483400448216	0.7671720001599466	-0.23894290203293322	-0.2670427435765099
chr1A_mat	19200000	19400000	0.006043980604391538	0.3451936335757942	-0.18768165172968923	-0.2996742047748907
chr1A_mat	19400000	19600000	0.004674359042757757	-0.877283590547382	-0.02675998584775007	-0.3562101186629762
chr1A_mat	19600000	19800000	0.006136192560178638	0.23281034990217409	-0.19379462856311738	-0.22585313925853734
chr1A_mat	19800000	20000000	0.006084368054813103	0.44081925859342974	-0.17532603660433152	-0.28307102916724725
chr1A_mat	20000000	20200000	0.005904246139094334	0.49744612005260913	-0.2596342075520079	-0.36968578154413995
chr1A_mat	20200000	20400000	0.005835931635048023	0.8638969803811339	-0.24264849672983407	-0.2606812419656955
chr1A_mat	20400000	20600000	0.005954306591384238	0.882656505726364	-0.2615212489345428	-0.2430639620495103
chr1A_mat	20600000	20800000	0.005705510757258235	0.81299328259548	-0.24519268056369034	-0.2606218399808406
chr1A_mat	20800000	21000000	0.0052095544192148	-0.140042567630144	-0.1720446265844113	-0.3636330495959617
chr1A_mat	21000000	21200000	0.006227501825579456	0.6604016171548293	-0.24552333454199446	-0.252114773203831
chr1A_mat	21200000	21400000	0.005899026248443637	-0.42062730633663015	-0.13936718185317468	-0.31209000961335165
chr1A_mat	21400000	21600000	0.00496424703742936	-0.2979464748064639	-0.15589712267856976	-0.3122119553512287
chr1A_mat	21600000	21800000	0.006169916045967943	0.6903601954382893	-0.2436263052074322	-0.24310388523990417
chr1A_mat	21800000	22000000	0.006165823705716787	0.8453802663232008	-0.25084778854872164	-0.3176689912293854
chr1A_mat	22000000	22200000	0.00619984291023158	0.8022039952753062	-0.2410644690597183	-0.29766014706758
chr1A_mat	22200000	22400000	0.006279983373184637	0.6618097913219957	-0.25153335787753167	-0.2438910616659951
chr1A_mat	22400000	22600000	0.00533768965267667	-0.28489086039691763	-0.14238083072171676	-0.3679018603987366
chr1A_mat	22600000	22800000	0.006212849257586718	0.7655607864651491	-0.2646388945267774	-0.26349669133021875
chr1A_mat	22800000	23000000	0.00615636082976661	0.834204047870372	-0.24228200254451884	-0.20195379473271605
chr1A_mat	23000000	23200000	0.00587092980258251	0.8648143431762507	-0.24658133137320962	-0.2411457568563787
chr1A_mat	23200000	23400000	0.006019822716673491	0.7832164192306731	-0.27693199759279485	-0.3327297892774551
chr1A_mat	23400000	23600000	0.005592324876610515	-0.3704423032035258	-0.3235228689687359	-0.5169511375655049
chr1A_mat	23600000	23800000	0.006042131292748972	0.6853414878076709	-0.2642372329863687	-0.3112920219603465
chr1A_mat	23800000	24000000	0.005258780844029668	-0.8827057910014608	-0.28704678458276844	-0.443441140576186
chr1A_mat	24000000	24200000	0.005534799961728068	-0.7859813516103096	-0.31486398314989195	-0.46932500441782893
chr1A_mat	24200000	24400000	0.006649942149507562	0.47522066050973977	-0.28231214351247236	-0.3827924599357122
chr1A_mat	24400000	24600000	0.0062550462000302825	0.7767698237887333	-0.2886921862219585	-0.41138479285257173
chr1A_mat	24600000	24800000	0.005985525820079965	0.6994986422496761	-0.2759020972436899	-0.2851110304738698
chr1A_mat	24800000	25000000	0.004448895159138523	-1.074781959526093	-0.24674448282519132	-0.2272904461811437
chr1A_mat	25000000	25200000	0.005736646033527761	-0.17377876219947086	-0.33691283171903563	-0.26049877154138384
chr1A_mat	25200000	25400000	0.006217985002155585	0.7802470461360181	-0.27996443665331944	-0.29547447231975243
chr1A_mat	25400000	25600000	0.0062794537823327775	0.7753386392898504	-0.2626881598675772	-0.3723794117578175
chr1A_mat	25600000	25800000	0.005966979341989275	0.6548873082134952	-0.2936199918472499	-0.3645274044165012
chr1A_mat	25800000	26000000	0.0057210585457864475	-0.11261936806443283	-0.3122971200409385	-0.3738912697070907
chr1A_mat	26000000	26200000	0.005016428841849055	-0.5360827632614138	-0.3342410542545947	-0.35351994231789485
chr1A_mat	26200000	26400000	0.0061847363987425465	0.534865734600896	-0.28294347422004357	-0.29310128498783966
chr1A_mat	26400000	26600000	0.005972897845923373	0.7466755773309092	-0.24965018191542707	-0.29979202071140154
chr1A_mat	26600000	26800000	0.006119169836889382	0.8839969499973304	-0.25505323325298124	-0.291878466708118
chr1A_mat	26800000	27000000	0.006119488924283994	0.8681347129631805	-0.2522572397207431	-0.28581776317742086
chr1A_mat	27000000	27200000	0.005795655145967483	0.8409911830533932	-0.25363330340349954	-0.2825221188273663
chr1A_mat	27200000	27400000	0.005590367190588992	0.1606118645568809	-0.2991590547702617	-0.350986390708865
chr1A_mat	27400000	27600000	0.0048546452863654594	-0.6192902153742968	-0.3015965410193601	-0.38672481712775475
chr1A_mat	27600000	27800000	0.00628104991901076	0.743968290462625	-0.2986524106733512	-0.32223473245389794
chr1A_mat	27800000	28000000	0.006587221585347436	0.7996766568343856	-0.2637813515071216	-0.3855628168074035
chr1A_mat	28000000	28200000	0.006667822532467613	0.7468711296952086	-0.27519524561908365	-0.44425401906629164
chr1A_mat	28200000	28400000	0.005927959068780107	-0.1986401743007305	-0.3911612561999919	-0.501922642028333
chr1A_mat	28400000	28600000	0.004927847866883152	-0.9625719909527981	-0.4907600028023977	-0.49246728022899666
chr1A_mat	28600000	28800000	0.006384164739058497	0.6964023612609446	-0.29570262320567714	-0.44384097760525737
chr1A_mat	28800000	29000000	0.0052231389124027215	-0.11620510221589062	-0.28895558894162476	-0.43658357456612973
chr1A_mat	29000000	29200000	0.006746800795296369	0.4922411276835096	-0.2842576836750983	-0.42332522594699584
chr1A_mat	29200000	29400000	0.006973469350964572	0.508111573191293	-0.2920937254018472	-0.3630986927894591
chr1A_mat	29400000	29600000	0.006189439078748591	-0.4787692449332502	-0.3909989797724534	-0.28332707076016866
chr1A_mat	29600000	29800000	0.004444994923399996	-1.3124100065601805	-0.5109720914992629	-0.19777024567036938
chr1A_mat	29800000	30000000	0.004842729379434176	-0.909935016734341	-0.4207118339527167	-0.23118811727471708
chr1A_mat	30000000	30200000	0.0064127347417586925	0.5533207446987917	-0.285778738492019	-0.35719568495927395
chr1A_mat	30200000	30400000	0.0059218110271142205	0.09680951522184471	-0.29059188922305695	-0.44836143277307755
chr1A_mat	30400000	30600000	0.006271650748866555	0.7525566158067878	-0.2627677905528211	-0.43383539005996113
chr1A_mat	30600000	30800000	0.006547645373254842	0.876494817739	-0.2343327240193026	-0.37742679888398645
chr1A_mat	30800000	31000000	0.006385020298196295	0.912038004719449	-0.2061283729495625	-0.3203700682696471
chr1A_mat	31000000	31200000	0.005896145257710771	0.8965863196424861	-0.20408946681417656	-0.3206775342463123
chr1A_mat	31200000	31400000	0.006210480844383961	0.8967220685746752	-0.19272384528710565	-0.36116567644291
chr1A_mat	31400000	31600000	0.0063592991520122	0.7495176446867253	-0.24382456716149456	-0.3932628929085844
chr1A_mat	31600000	31800000	0.0044145348979340296	-1.0181838738748914	-0.5002082298678453	-0.3202043627125043
chr1A_mat	31800000	32000000	0.005341684352963976	-0.8522908563108418	-0.519004205314101	-0.3761660756378367
chr1A_mat	32000000	32200000	0.006373373324225209	-0.12595495450421576	-0.3374512195981021	-0.3630724336523058
chr1A_mat	32200000	32400000	0.004835473033862271	-0.7225971658705042	-0.49644613913358027	-0.28506465533992253
chr1A_mat	32400000	32600000	0.005139551091149693	-0.7603250997736966	-0.45912577207255795	-0.3474991766989788
chr1A_mat	32600000	32800000	0.005725516168029779	-0.4160661474718503	-0.417711109304044	-0.41521298945295404
chr1A_mat	32800000	33000000	0.006690918197922571	0.6167914561921832	-0.2504186752222882	-0.4812983806708906
chr1A_mat	33000000	33200000	0.005927423549122348	-0.090519883347253	-0.3906571567323031	-0.5080380636554326
chr1A_mat	33200000	33400000	0.006929220750453267	0.5945471156695632	-0.25879519996849315	-0.4474441699717012
chr1A_mat	33400000	33600000	0.005712441699009591	-0.10691289273882235	-0.3533938495623304	-0.4328506640455951
chr1A_mat	33600000	33800000	0.006984199280412732	0.13942914553496752	-0.3458328346284969	-0.43461437235206185
chr1A_mat	33800000	34000000	0.005773567550359339	-0.4364071956509871	-0.4804504294469082	-0.35063738072398415
chr1A_mat	34000000	34200000	0.00448056213299985	-1.0080931409474752	-0.6152816355495717	-0.2971788917739284
chr1A_mat	34200000	34400000	0.005205872806747938	-0.6827460884816782	-0.5753551377775445	-0.3616451798462456
chr1A_mat	34400000	34600000	0.005272226625073423	-0.9152277281837419	-0.6793859554705223	-0.4402359046875224
chr1A_mat	34600000	34800000	0.006430941846819128	0.31362438405442294	-0.35017520234582133	-0.4549865317819169
chr1A_mat	34800000	35000000	0.0065639385699245625	0.7509066939619106	-0.23707579975322518	-0.41429781774792257
chr1A_mat	35000000	35200000	0.004230348576438628	-0.8834713243214483	-0.5438617841844181	-0.41345361218777343
chr1A_mat	35200000	35400000	0.005827322955012509	0.12544951682028035	-0.4212245070050818	-0.470686294885789
chr1A_mat	35400000	35600000	0.006648231029471938	0.7691675468075495	-0.21490564281855162	-0.36373636426909856
chr1A_mat	35600000	35800000	0.006339778248102263	0.9198455660669836	-0.2457395824373716	-0.37870481446098525
chr1A_mat	35800000	36000000	0.006343936673676564	0.9719919951513127	-0.2109562463239653	-0.39576199160629577
chr1A_mat	36000000	36200000	0.006746923386157253	0.9237234859553652	-0.20861243979327498	-0.3868632154283643
chr1A_mat	36200000	36400000	0.0066461430948824025	0.678951769523094	-0.2941273938028557	-0.39507039232626096
chr1A_mat	36400000	36600000	0.006481125848754488	-0.33934709319543105	-0.4125614599680459	-0.4472372944730933
chr1A_mat	36600000	36800000	0.005282436234135091	-1.277138155999988	-0.8201022391821762	-0.4896033179562544
chr1A_mat	36800000	37000000	0.005216129122012045	-1.0974079386443512	-0.7409244662731256	-0.4801247200395455
chr1A_mat	37000000	37200000	0.006859519805838856	0.5793135669420101	-0.31535133761331424	-0.4401425817545795
chr1A_mat	37200000	37400000	0.006473244602929872	0.8724845144579535	-0.21677715862024804	-0.338826718823129
chr1A_mat	37400000	37600000	0.00656536078457023	0.8416270146090297	-0.2061118117642523	-0.3166324126833936
chr1A_mat	37600000	37800000	0.00660709126051033	0.773625075041613	-0.2545942773146006	-0.3168241254522453
chr1A_mat	37800000	38000000	0.006583200716104038	0.9344723361422616	-0.21585997518112346	-0.30328327339747646
chr1A_mat	38000000	38200000	0.006385629326735058	0.6105685230175795	-0.2727016978088678	-0.3251601527140628
chr1A_mat	38200000	38400000	0.004417082548739242	-1.0384888156107803	-0.6708826728293081	-0.5026344155429078
chr1A_mat	38400000	38600000	0.006162511012838861	0.5900659259392198	-0.23938782939299236	-0.2734227072164676
chr1A_mat	38600000	38800000	0.006611151947343431	0.8402508807848678	-0.20449771872775058	-0.2928733489048515
chr1A_mat	38800000	39000000	0.00645706794082672	0.9237438851906129	-0.1987620608278118	-0.25360930907152296
chr1A_mat	39000000	39200000	0.006433280737827532	0.762281740038761	-0.23839506238489833	-0.212495778577424
chr1A_mat	39200000	39400000	0.005240283386229473	-0.32825035652080525	-0.4186954713856211	-0.3794626581648303
chr1A_mat	39400000	39600000	0.006304723484628623	0.7080341331261676	-0.22488632680574083	-0.18208023742373244
chr1A_mat	39600000	39800000	0.0061709361608559546	0.8864891681940259	-0.19918669450231907	-0.18667972489168896
chr1A_mat	39800000	40000000	0.006041694570829474	0.8643258738752051	-0.20499294335524884	-0.14179014658445718
chr1A_mat	40000000	40200000	0.0050313386196191474	0.6493559937488437	-0.31078568043058713	0.050031363269335744
chr1A_mat	40200000	40400000	0.0057600165895143746	0.6245056419815388	-0.2250883348861269	-0.21639615148918162
chr1A_mat	40400000	40600000	0.006012609393971161	0.848726102729451	-0.23171439371381367	-0.17464754988122108
chr1A_mat	40600000	40800000	0.006211568700084528	0.8622262365421172	-0.21001306305089165	-0.14799431761615187
chr1A_mat	40800000	41000000	0.006193168285064269	0.8964390292068564	-0.19332520651450588	-0.12763258008090012
chr1A_mat	41000000	41200000	0.006205706527285386	0.8539010885467991	-0.20506132766637278	-0.18896118332746895
chr1A_mat	41200000	41400000	0.004565841535806161	-0.499063368891367	-0.4887592347130083	-0.4347182708604439
chr1A_mat	41400000	41600000	0.006251345069224833	0.7444491740873947	-0.21146911554308612	-0.30067226460167185
chr1A_mat	41600000	41800000	0.006304427138260775	0.5946415512640045	-0.2287949135491757	-0.2641156528742175
chr1A_mat	41800000	42000000	0.005432483345686677	-0.4223071159333261	-0.45953799033647375	-0.3874149254292472
chr1A_mat	42000000	42200000	0.0063131104975530684	0.6162028899396876	-0.2266578683072141	-0.25140831375439554
chr1A_mat	42200000	42400000	0.006266939222449744	0.8644147483614305	-0.189910850129061	-0.31405818237725047
chr1A_mat	42400000	42600000	0.00635031305618097	0.7091760212205813	-0.16915912695117014	-0.2612549070017948
chr1A_mat	42600000	42800000	0.005522989023121595	-0.2171968263848131	-0.499538014816318	-0.31235550275641843
chr1A_mat	42800000	43000000	0.005648237109594667	-0.2182217835399244	-0.5182602697164126	-0.3846381728928073
chr1A_mat	43000000	43200000	0.006041543530344918	-0.3008494424056455	-0.5324288913128316	-0.44843555415022635
chr1A_mat	43200000	43400000	0.0055745926284700474	-0.6454002507344888	-0.5829927718516732	-0.46233869058258986
chr1A_mat	43400000	43600000	0.006156984779152148	0.08291354696444855	-0.41974540052424686	-0.4282647095528736
chr1A_mat	43600000	43800000	0.005008451173058527	-0.7307013369728608	-0.6610520759500151	-0.4327470702748366
chr1A_mat	43800000	44000000	0.004791813499864121	-0.9408013743155398	-0.7075768546718332	-0.4197227705094083
chr1A_mat	44000000	44200000	0.006545850974162095	-0.26272912220234357	-0.41463684284304986	-0.32946083715460756
chr1A_mat	44200000	44400000	0.0043375524472782775	-1.072698683944115	-0.8290092883472456	-0.30676058881865115
chr1A_mat	44400000	44600000	0.005889835539758772	0.052286172495874125	-0.35472094609008026	-0.3542993711124319
chr1A_mat	44600000	44800000	0.006443552287847043	0.2878534985540009	-0.23873188210449853	-0.32408308231601624
chr1A_mat	44800000	45000000	0.006896865981053017	0.32576752689784233	-0.30850636807264403	-0.424755231131176
chr1A_mat	45000000	45200000	0.00445965951326174	-0.9032367795818101	-0.6958252930655872	-0.46928457764679016
chr1A_mat	45200000	45400000	0.0064349407230454925	0.8195090619353602	-0.11117863886575806	-0.4184089238869281
chr1A_mat	45400000	45600000	0.006252466100736676	0.5047963627219403	-0.16520300316048828	-0.4209832746845904
chr1A_mat	45600000	45800000	0.0056029055556275015	-0.2391599003079439	-0.3998371011789514	-0.49448271550851214
chr1A_mat	45800000	46000000	0.006751200446214676	0.5968848075136729	-0.170144854711608	-0.40646659773831256
chr1A_mat	46000000	46200000	0.004287081517044408	-1.0879554029257288	-0.8998096199816863	-0.46014762281133864
chr1A_mat	46200000	46400000	0.005569966946399838	-0.9370823820897514	-0.8243817775121056	-0.3851040985384793
chr1A_mat	46400000	46600000	0.004876323110357419	-1.1877511614325982	-0.9325234811722131	-0.2813741321032546
chr1A_mat	46600000	46800000	0.006364003786618007	-0.502931648116019	-0.5477192081521008	-0.3646071772816158
chr1A_mat	46800000	47000000	0.007857606352251509	0.4044964774451419	-0.33454277675393873	-0.5047050788323423
chr1A_mat	47000000	47200000	0.005097088134078784	-0.8734006336109386	-0.9049506241578874	-0.40870518158724584
chr1A_mat	47200000	47400000	0.006154287412599525	-0.6175809077526805	-0.7295173165789349	-0.4709790530929266
chr1A_mat	47400000	47600000	0.004437581228141571	-1.0738327383480304	-0.9800670380290001	-0.3071333478711907
chr1A_mat	47600000	47800000	0.004924270701914038	-1.0678402098085031	-1.1520860279029035	-0.20239540846192278
chr1A_mat	47800000	48000000	0.005416484648198693	-0.9814133736097439	-1.115154083704155	-0.16081529934869437
chr1A_mat	48000000	48200000	0.004280636515098857	-1.1269720400105097	-1.228405044850737	-0.08265508972026508
chr1A_mat	48200000	48400000	0.005346570486949928	-1.0856016644982338	-1.1803341626216624	-0.12836874188695846
chr1A_mat	48400000	48600000	0.0049203955681484755	-1.0445263357559027	-1.071291051058452	-0.1646991243361621
chr1A_mat	48600000	48800000	0.004151251964278454	-1.1753325786228093	-1.1430649871505991	-0.08277442777847646
chr1A_mat	48800000	49000000	0.007555350243788375	-0.2305804267146108	-0.4628794471713203	-0.169021359620857
chr1A_mat	49000000	49200000	0.0058317389917561715	-0.8950551274744543	-0.9907348631555635	-0.11789202326705177
chr1A_mat	49200000	49400000	0.005843364586161659	-0.9570103414152661	-1.024163089025899	-0.14091798055384128
chr1A_mat	49400000	49600000	0.004821865480409789	-1.0780071361103893	-1.1356286628474213	-0.14698248976638553
chr1A_mat	49600000	49800000	0.004863786737163872	-1.142400243254727	-1.1799849345778937	-0.11488594813898599
chr1A_mat	49800000	50000000	0.006592706388065358	-0.8477579810632764	-0.8842930467833519	-0.1520714821228472
chr1A_mat	50000000	50200000	0.006447751285921207	-0.6136029878945762	-0.7555255402737773	-0.3241231945713055
chr1A_mat	50200000	50400000	0.005849251799970337	-0.754315074925894	-0.750053199731452	-0.43245482134675606
chr1A_mat	50400000	50600000	0.006099492895216835	-0.6148747798684263	-0.6251910934343735	-0.5558871755127981
chr1A_mat	50600000	50800000	0.006737900276189008	-0.11381084286757699	-0.44830541938019264	-0.6335507374171495
chr1A_mat	50800000	51000000	0.006021690035663867	-0.19169516477308016	-0.4666230950784289	-0.709062596356195
chr1A_mat	51000000	51200000	0.007460785465239224	0.9492017841154209	-0.08615504382581274	-0.5984799009796354
chr1A_mat	51200000	51400000	0.007581081465944705	0.9475754504285885	-0.0948310526004778	-0.5460235808951726
chr1A_mat	51400000	51600000	0.00704998311716094	0.8565090061424228	-0.1129872624214852	-0.43108248310314085
chr1A_mat	51600000	51800000	0.00623682573198604	-0.5090877693412088	-0.505569698625262	-0.343083966561574
chr1A_mat	51800000	52000000	0.005354716426605003	-0.9664404189902148	-0.6720589702091606	-0.4472175584754584
chr1A_mat	52000000	52200000	0.0068793914748972815	-0.16382211818069506	-0.35360440054260117	-0.27804026756212213
chr1A_mat	52200000	52400000	0.005853388044000003	-0.6576725853352786	-0.4910555116704155	-0.3834355781942243
chr1A_mat	52400000	52600000	0.004985182092374518	-0.9717041815644735	-0.6886535674947486	-0.3445544305277247
chr1A_mat	52600000	52800000	0.006917721291676461	0.24790168177652128	-0.18974627139406808	-0.0651951044016318
chr1A_mat	52800000	53000000	0.006279325174425743	-0.09757184209114426	-0.28237157012124126	-0.21965714350002222
chr1A_mat	53000000	53200000	0.006926179502080542	0.44958894292527307	-0.2283507013738315	-0.1979970831306976
chr1A_mat	53200000	53400000	0.005069418348868595	-0.7965608404317823	-0.5042415560233942	-0.319743281826563
chr1A_mat	53400000	53600000	0.007169752663057025	0.3956666878586337	-0.15464937257141642	-0.038190215224319486
chr1A_mat	53600000	53800000	0.006965847539251721	0.35730633118323424	-0.19562917343022568	-0.04831666869436452
chr1A_mat	53800000	54000000	0.006294221022002527	0.29303341306187736	-0.203132318120318	-0.0844366539499461
chr1A_mat	54000000	54200000	0.005077136176793139	-0.6757404074552504	-0.517915192150268	-0.2625752418495266
chr1A_mat	54200000	54400000	0.005135076915976407	-0.7858833404916168	-0.6051600855084167	-0.2586480637232977
chr1A_mat	54400000	54600000	0.0067430057728684505	0.10973685736595992	-0.2716051179423203	0.0026513546049854236
chr1A_mat	54600000	54800000	0.006968482159858696	0.32183074180900684	-0.2539115523901664	-0.07980374500126006
chr1A_mat	54800000	55000000	0.00736383292392557	0.5389184689129951	-0.19179289665079838	-0.05288792145767197
chr1A_mat	55000000	55200000	0.0067391294325409926	0.015845277399319457	-0.21334783993113995	0.08745545303449216
chr1A_mat	55200000	55400000	0.006149670686089264	-0.4371789726254011	-0.40305193182652627	0.04253490571113592
chr1A_mat	55400000	55600000	0.004035770804465311	-1.3041832537476898	-0.7389466565787077	-0.1769609336794778
chr1A_mat	55600000	55800000	0.007091434840090272	-0.1513245365540523	-0.32061907652054733	0.21956414843131875
chr1A_mat	55800000	56000000	0.005565395935946081	-0.5332083961206031	-0.48664648343540834	-0.018796579643991274
chr1A_mat	56000000	56200000	0.0068800334122521185	0.4782766468869208	-0.1368699770938685	0.239192391412049
chr1A_mat	56200000	56400000	0.005767902889681644	-0.5348570903573024	-0.36647323636026247	-0.09653359035007028
chr1A_mat	56400000	56600000	0.006132580008539594	0.023083367519451864	-0.2221489452746823	0.1052222495734574
chr1A_mat	56600000	56800000	0.007128321739427919	0.7776398237869684	-0.08704388072071506	0.16551008740516646
chr1A_mat	56800000	57000000	0.00790335013941121	0.783631433234741	-0.09425393997445033	0.09055123840811448
chr1A_mat	57000000	57200000	0.00696025266894542	0.5298375513157302	-0.14336406039065275	0.13552909711618488
chr1A_mat	57200000	57400000	0.006111652929524079	-0.5114103045178053	-0.34061261647460617	-0.11752050634271505
chr1A_mat	57400000	57600000	0.006721539633211126	-0.0959235566330747	-0.263870523193971	0.06443121071362458
chr1A_mat	57600000	57800000	0.004414481407741312	-1.246694574400059	-0.742687704955433	-0.27562453823365357
chr1A_mat	57800000	58000000	0.004644605023801337	-1.2663142219756782	-0.8081236235069279	-0.30804448574330034
chr1A_mat	58000000	58200000	0.005371765910587509	-0.610134510023277	-0.49953867452835327	-0.08293721783601303
chr1A_mat	58200000	58400000	0.007719753243604401	0.6131775641191174	-0.13280252704291184	0.1345558503757077
chr1A_mat	58400000	58600000	0.007497078229352496	0.7803309391125411	-0.09009452746837708	0.11210091927687696
chr1A_mat	58600000	58800000	0.007594778529698924	0.6946433638695952	-0.1187741213976945	0.25448174819052544
chr1A_mat	58800000	59000000	0.007291409217934539	0.5668392225863944	-0.15814773536449642	0.2767509163136704
chr1A_mat	59000000	59200000	0.006477247803814695	-0.1419798185693123	-0.31961074200287726	0.23075238812035703
chr1A_mat	59200000	59400000				
chr1A_mat	59400000	59600000				
chr1A_mat	59600000	59800000	0.011669666247378746	0.12739814435845156	-0.23743093049945688	0.6817364442555112
chr1A_mat	59800000	60000000	0.005907647184423956	-0.5839509551339628	-0.40812908287265093	0.4569424185924389
chr1A_mat	60000000	60200000	0.004688519172595889	-1.1293581783997138	-0.6776661345985902	0.0744217289896452
chr1A_mat	60200000	60400000	0.005590359160570272	-0.5419158619089461	-0.4046968064723732	0.5104732864913493
chr1A_mat	60400000	60600000	0.006960016417064022	0.06895642899977814	-0.2655407112016712	0.7835418947160219
chr1A_mat	60600000	60800000	0.006970214181785728	0.31257502813224947	-0.28269976531300933	0.8248471511450123
chr1A_mat	60800000	61000000	0.00642745670026946	-0.17689687207158525	-0.3458030589438588	0.68431252740537
chr1A_mat	61000000	61200000	0.005019800964067858	-0.75542098928084	-0.606710731060603	0.23289194506569552
chr1A_mat	61200000	61400000	0.006842814015330593	0.23455616468185322	-0.28510558812806674	0.8915418885220789
chr1A_mat	61400000	61600000	0.006969485718206852	-0.006279600010385309	-0.3263843577282235	0.747394162453469
chr1A_mat	61600000	61800000	0.007213100243757392	0.52573817568884	-0.2903917331961297	0.7484135615984339
chr1A_mat	61800000	62000000	0.006921593824684701	0.5697187301176224	-0.2827148515478107	0.7185395648178484
chr1A_mat	62000000	62200000	0.006939451963211941	0.35370133059928277	-0.3490829751027153	0.6561556901901919
chr1A_mat	62200000	62400000	0.005803790556828314	-0.3391488681540203	-0.4396315222092424	0.531082821777419
chr1A_mat	62400000	62600000	0.007253099875525124	0.24229948491926886	-0.2926650868467089	0.8082643238567087
chr1A_mat	62600000	62800000	0.005564147768805946	-0.5316391256493794	-0.47858162495911855	0.4544915501711497
chr1A_mat	62800000	63000000	0.007008330352350611	0.30632615750703024	-0.29685060741960045	0.9353912402560751
chr1A_mat	63000000	63200000	0.0064097583342761525	0.0014163165791026841	-0.30280454013112035	0.7848475192859832
chr1A_mat	63200000	63400000	0.004578507762197643	-0.9349799527867777	-0.713969529102738	0.18851435717487128
chr1A_mat	63400000	63600000	0.005807934590076377	-0.2953833198305199	-0.3546403697916914	0.685776769143632
chr1A_mat	63600000	63800000	0.006576268533767935	-0.14184886998210944	-0.3463011262474338	0.7685697757552294
chr1A_mat	63800000	64000000	0.005547667598495327	-0.857708847687005	-0.6062886929518866	0.2518228335754019
chr1A_mat	64000000	64200000	0.004030639400980978	-1.059803698188754	-0.7139640738965478	0.17952888533617126
chr1A_mat	64200000	64400000	0.006768359942749073	0.06273368029018545	-0.3421613313218599	0.8098433474937121
chr1A_mat	64400000	64600000	0.0069371504401198976	-0.0518674696677613	-0.39496074122787544	0.5955972140564655
chr1A_mat	64600000	64800000	0.007407270560142188	0.21579143186012223	-0.3016813468183918	0.7495977635867589
chr1A_mat	64800000	65000000	0.00519924903971965	-0.7486069288460669	-0.5376076329882721	0.282947285877734
chr1A_mat	65000000	65200000	0.00562390846932495	-0.6182127550605975	-0.4651708189147794	0.3750914276022724
chr1A_mat	65200000	65400000	0.0051832557313849555	-0.7121099682520423	-0.5265727261562901	0.32672334528279867
chr1A_mat	65400000	65600000	0.006706662823600076	-0.01713603173290267	-0.3207769319560672	0.665263402063358
chr1A_mat	65600000	65800000	0.007323335164272193	0.4456283384063968	-0.2920792159443083	0.7322637980739772
chr1A_mat	65800000	66000000	0.007333913057701771	0.5243300580515613	-0.22092738081903399	0.7732888652270905
chr1A_mat	66000000	66200000	0.006133021769679732	-0.19883371911866313	-0.40868514145145274	0.4899852364200443
chr1A_mat	66200000	66400000	0.005738271667070865	-0.4567197063533592	-0.5126405103468282	0.2801007936751503
chr1A_mat	66400000	66600000	0.006726371956848418	0.49777603577301344	-0.20445208840040827	0.7190886453497494
chr1A_mat	66600000	66800000	0.006847062871601904	0.6200843792900437	-0.18852119102401518	0.6178543315340255
chr1A_mat	66800000	67000000	0.0068431158804486605	0.6199844444767738	-0.1800355712046735	0.6595735112552298
chr1A_mat	67000000	67200000	0.006685932238820257	0.6485438855552732	-0.21648800574756238	0.627259911496169
chr1A_mat	67200000	67400000	0.0065270611506827135	0.35834383938171344	-0.2735736557429126	0.571885306541335
chr1A_mat	67400000	67600000	0.006139818592207765	-0.15203629953780534	-0.34390502858797883	0.35668557015396296
chr1A_mat	67600000	67800000	0.006959243941243713	0.5333776941648111	-0.18661715519335403	0.6291560129231062
chr1A_mat	67800000	68000000	0.00727106012488376	0.5436444980187273	-0.1646082735733031	0.6952840766242016
chr1A_mat	68000000	68200000	0.007168121915292622	0.5206515906663537	-0.18624143367229812	0.6755627031478646
chr1A_mat	68200000	68400000	0.006403092829184614	-0.08997730549999118	-0.23142124648799917	0.6123506405791893
chr1A_mat	68400000	68600000	0.004800292975323077	-1.026608859406667	-0.46846828305687355	0.06735609394619968
chr1A_mat	68600000	68800000	0.004959649647550997	-1.0793506129452517	-0.5316038697883616	0.043048748536993996
chr1A_mat	68800000	69000000	0.006197492857596533	-0.5583064379718687	-0.3058690708547606	0.29770629897376644
chr1A_mat	69000000	69200000	0.006824189568941445	0.4566053684501152	-0.13790544317236225	0.8142069151712004
chr1A_mat	69200000	69400000	0.006629998483010275	0.23317973261267605	-0.09974866818805739	0.700496425166976
chr1A_mat	69400000	69600000	0.00545101489899337	-0.7670967203203997	-0.37259765487793245	0.3105422571284499
chr1A_mat	69600000	69800000	0.006592555281649037	-0.36547687438322435	-0.20621760619454138	0.5507077212698053
chr1A_mat	69800000	70000000	0.005311224991270006	-0.7083097582776778	-0.22898507919520486	0.29640766320896483
chr1A_mat	70000000	70200000	0.005186288552510716	-0.9081530396717706	-0.31237773612428005	0.18914218637915883
chr1A_mat	70200000	70400000	0.00486428351483145	-0.9013916112194346	-0.2542033022561787	0.21479971644729956
chr1A_mat	70400000	70600000	0.006155209765546063	-0.23225493170833827	-0.06358431518409145	0.5575912449537148
chr1A_mat	70600000	70800000	0.007024746491385882	0.5721881411787785	0.03467898923981758	0.8070417306084019
chr1A_mat	70800000	71000000	0.006879677903419006	0.5139638161163338	-0.021376127486532212	0.750366356677114
chr1A_mat	71000000	71200000	0.006719554903898926	0.3567432206900235	-0.006301034878143339	0.7123898458598507
chr1A_mat	71200000	71400000	0.006816582411323284	0.25891971577820305	-0.056643258139166174	0.7441849676138277
chr1A_mat	71400000	71600000	0.005005602258741988	-0.8318797117989359	-0.06798328020658642	0.24429177113765513
chr1A_mat	71600000	71800000	0.005488180375011796	-0.8300444292421658	-0.08206143926487382	0.19894643905426257
chr1A_mat	71800000	72000000	0.012579219430606584	-0.8824972324865288	-0.1824758766261753	0.2382011882939089
chr1A_mat	72000000	72089520				
chr2_mat	0	200000				
chr2_mat	200000	400000	0.006169588346268808	-1.0264263290210696	-0.6652639961552497	-0.21662822026215767
chr2_mat	400000	600000	0.009606801886332027	-1.2170648070953856	-0.4913314465513604	0.02416814141478469
chr2_mat	600000	800000	0.00578687682959085	-1.473452319681831	-0.5219057274436595	0.21890827725172274
chr2_mat	800000	1000000	0.005319871502646418	-0.9750614675205832	-0.46512761008056447	0.024521073716086774
chr2_mat	1000000	1200000	0.004470900380268647	-1.3160154119577994	-0.5926588088933324	0.005660708602197057
chr2_mat	1200000	1400000	0.005013463702903865	-0.7149212263150452	-0.5420610681291277	-0.17705795679623632
chr2_mat	1400000	1600000	0.0051472288224403894	0.3847070264920666	-0.44998086822400946	-0.6083967458354465
chr2_mat	1600000	1800000	0.004790780060064576	-0.039254487579821834	-0.5638021968425523	-0.5688241276031998
chr2_mat	1800000	2000000	0.005603216713322018	0.6041729037434949	-0.44451786578016494	-0.8465661306148025
chr2_mat	2000000	2200000	0.0063931598023983655	0.5032263706883008	-0.4341669510738821	-0.7148414125647833
chr2_mat	2200000	2400000	0.006522296479986786	0.11341219101348332	-0.4422919256955503	-0.44663705665725095
chr2_mat	2400000	2600000	0.004602215478597879	-1.4438481334278894	-0.4818472169161403	-0.06345298683546235
chr2_mat	2600000	2800000	0.0051314174452011	-0.8429115706086324	-0.5030770943088706	-0.20823242356638164
chr2_mat	2800000	3000000	0.006009494134246171	-0.3068045040859339	-0.44025694986358077	-0.4374792302380992
chr2_mat	3000000	3200000	0.006106152585364774	0.4859835388277538	-0.41988349759723165	-0.7201221871705392
chr2_mat	3200000	3400000	0.005744416419727323	0.7253143207302607	-0.3887131597107704	-0.928098272592582
chr2_mat	3400000	3600000	0.005723890603582105	0.6879856945982138	-0.3932210286437199	-0.8938723246643787
chr2_mat	3600000	3800000	0.005807493569355655	0.7207454350467666	-0.4115935121592203	-0.9529721498435294
chr2_mat	3800000	4000000	0.005955559888230189	0.6752500206482961	-0.47344123352004597	-0.8588991635382763
chr2_mat	4000000	4200000	0.006213843075235566	0.5402840568966766	-0.44723409559147104	-0.7971159277681
chr2_mat	4200000	4400000	0.005924498593175627	-0.31773143048080743	-0.5432029586657621	-0.42131476876530244
chr2_mat	4400000	4600000	0.00646532415735484	0.2558631370319479	-0.4330565382632488	-0.6090199610139804
chr2_mat	4600000	4800000	0.006338345075792021	-0.2608174900212716	-0.42692251868661246	-0.3693832275969829
chr2_mat	4800000	5000000	0.004998867861095814	-1.0853231215344874	-0.4003883736043192	-0.06225238740225265
chr2_mat	5000000	5200000	0.005761997862063794	-0.8370742826174589	-0.3823514252441571	-0.15368292386634164
chr2_mat	5200000	5400000	0.004555697997739518	-1.1170278840255012	-0.32078485637509	-0.07893185422686931
chr2_mat	5400000	5600000	0.006114855900692223	0.3712090503644848	-0.2727059088269449	-0.5190211510683953
chr2_mat	5600000	5800000	0.0065765610381321	0.11041040076716067	-0.33210610580259886	-0.5237713875315197
chr2_mat	5800000	6000000	0.006403802687050014	-0.14286817810368743	-0.3323534993817305	-0.38658621856599024
chr2_mat	6000000	6200000	0.006404276437920474	0.34671954814690636	-0.2819598525965122	-0.49211767246060417
chr2_mat	6200000	6400000	0.005427853072151427	-0.6966273274837332	-0.4029932323847689	-0.16634244267581585
chr2_mat	6400000	6600000	0.005120814112515234	-1.1032068965213142	-0.3422590800993022	-0.06651703756784264
chr2_mat	6600000	6800000	0.004465243154248425	-1.4537001209843396	-0.33944929395900175	0.12771956486418365
chr2_mat	6800000	7000000	0.004554699548048841	-1.5925910585486969	-0.29643057418894986	0.1967879208622136
chr2_mat	7000000	7200000	0.006730865758229717	0.1019902985326998	-0.31903260454663546	-0.2827998597981771
chr2_mat	7200000	7400000	0.006893004085243916	0.6035784724990249	-0.33532780792805106	-0.6196243598998639
chr2_mat	7400000	7600000	0.006454556109651504	0.6812380302995983	-0.2895648194376941	-0.7170721322683485
chr2_mat	7600000	7800000	0.006676738403629909	0.6759037075506205	-0.3355030126181638	-0.7491469891865926
chr2_mat	7800000	8000000	0.005970811775053956	-0.18493503969431602	-0.3029092018433247	-0.4031888781626461
chr2_mat	8000000	8200000	0.006924416573828783	-0.3090062281743049	-0.25133734619507947	-0.3717065922466117
chr2_mat	8200000	8400000	0.004371192191531091	-1.3171137567945048	-0.22879235565026682	-0.059443961392197764
chr2_mat	8400000	8600000	0.00592783222548614	0.38701225062508376	-0.23679994116741826	-0.533076912958223
chr2_mat	8600000	8800000	0.005838145476916397	0.08549812812976396	-0.21570327687293536	-0.47281595760923345
chr2_mat	8800000	9000000	0.00480765488330023	-1.1268833531027194	-0.12087853818777718	-0.26149285805434236
chr2_mat	9000000	9200000	0.004312422739685614	-1.431165460544621	-0.019464452667543892	0.027050801943224453
chr2_mat	9200000	9400000	0.006216204843024624	0.3426492285211149	-0.10304202114696956	-0.5232592540457963
chr2_mat	9400000	9600000	0.0060789106553112635	0.6076430713008806	-0.14732744118171193	-0.6586503145151247
chr2_mat	9600000	9800000	0.006019969188857604	0.43179851498010885	-0.11622288979859069	-0.216257122980565
chr2_mat	9800000	10000000	0.005037275521551869	-0.23862985406499618	-0.15438981639742638	-0.44299951872001964
chr2_mat	10000000	10200000	0.0060546319487505655	0.2292550215217788	-0.10674915467344205	-0.4912198476731109
chr2_mat	10200000	10400000	0.005096942560823514	-0.7642725086746784	-0.03659399590196692	-0.307684093820069
chr2_mat	10400000	10600000	0.006158953505694657	-0.09790189508777379	0.016634284367090756	-0.44358300092596975
chr2_mat	10600000	10800000	0.004821722416310738	-1.0969879592090626	-0.027046530368164397	-0.1900611860462805
chr2_mat	10800000	11000000	0.005307066872938061	-0.5360555138821428	-0.19695178672104668	-0.2801048961039693
chr2_mat	11000000	11200000	0.006276156468375173	0.6003830514222366	-0.17539135337747316	-0.5917482268448007
chr2_mat	11200000	11400000	0.006040510406265373	0.7020376384301584	-0.2039050045821802	-0.6772160032437492
chr2_mat	11400000	11600000	0.005737449072303213	0.6754713370306884	-0.16326888872258918	-0.630840193035873
chr2_mat	11600000	11800000	0.005886560587655204	0.5716445004742878	-0.1196553937488387	-0.6234879467194371
chr2_mat	11800000	12000000	0.004824781207121357	-0.4084620954625091	-0.009790120743376422	-0.4333884749694568
chr2_mat	12000000	12200000	0.0055487930923051945	0.3779479405983977	-0.04694472446261854	-0.5460673319232051
chr2_mat	12200000	12400000	0.005472490599632047	-0.3577638114237667	0.022861256155747068	-0.47379975212232317
chr2_mat	12400000	12600000	0.0057422317821693766	0.39347949706026125	-0.03084429376471509	-0.5841135309340092
chr2_mat	12600000	12800000	0.005471653380832152	0.5070553374406794	-0.0674314465613179	-0.6188277304088479
chr2_mat	12800000	13000000	0.005745716239674602	0.5492448766614731	-0.12971396117916378	-0.5787218628502675
chr2_mat	13000000	13200000	0.006011708832360036	0.5420228733939434	-0.09882732994205809	-0.5742233951691624
chr2_mat	13200000	13400000	0.00572852436412271	-0.142036579615325	-0.010854412723182797	-0.3741676851953698
chr2_mat	13400000	13600000	0.004234979856843466	-1.5006763304514115	0.2705292182658454	-0.14465999499377732
chr2_mat	13600000	13800000	0.006007210911426939	0.16571691610593767	-0.06485518206853126	-0.3969517409136863
chr2_mat	13800000	14000000	0.005934331064841371	0.5185150966551814	-0.1444418713873032	-0.5470842949566307
chr2_mat	14000000	14200000	0.006212978585910575	0.5321808640949627	-0.12012373010018483	-0.5816339997453244
chr2_mat	14200000	14400000	0.005529573646953226	-0.010917081815152814	0.003208247778569331	-0.413611286769917
chr2_mat	14400000	14600000	0.005656076130878003	-0.6412719463434785	0.1457068026087683	-0.24033201505462928
chr2_mat	14600000	14800000	0.004000684908424993	-1.6137094659139883	0.25647116910901746	-0.006297802444373319
chr2_mat	14800000	15000000	0.006331529271233911	-0.3133211146203689	0.052872718256533405	-0.19060332769100394
chr2_mat	15000000	15200000	0.0057162459994102	-0.6471112502803322	0.11767765579123958	-0.24589895947110413
chr2_mat	15200000	15400000	0.005983906430031965	-0.11307650373332355	-0.009504493112063592	-0.3244906912430754
chr2_mat	15400000	15600000	0.006673950146969843	-0.36463745674987735	0.027865024694219722	-0.2373298488729327
chr2_mat	15600000	15800000	0.005906574037611917	-0.30582872468971517	-0.0221513569358942	-0.2155079786081455
chr2_mat	15800000	16000000	0.00542225655768334	-0.7940735159505439	0.08873491217974959	-0.04326356115389235
chr2_mat	16000000	16200000	0.004914037449269609	-1.041252124443801	0.2290733858145382	-0.030271363969522236
chr2_mat	16200000	16400000	0.006440285361068854	0.11499840984997296	0.06996022314302074	-0.34768306466207166
chr2_mat	16400000	16600000	0.005391019917120367	-1.007038861081336	0.18743843244667935	-0.08031421140397141
chr2_mat	16600000	16800000	0.004743530086741218	-1.1669395649490968	0.3449947279544412	-0.12007247815274076
chr2_mat	16800000	17000000	0.005908918423665464	-0.37142954990968247	0.1464886766092667	-0.31499448870579516
chr2_mat	17000000	17200000	0.006307084624831125	0.3691476673847298	0.015586528598070856	-0.47947064143587603
chr2_mat	17200000	17400000	0.006512796580934642	0.21417315005605805	0.07335283556220311	-0.4044387616725028
chr2_mat	17400000	17600000	0.004821106477791106	-0.8960643859263521	0.2732710046117475	-0.2382940507331256
chr2_mat	17600000	17800000	0.006261693646394852	0.24874018833083159	0.028460068867236055	-0.4381520541755566
chr2_mat	17800000	18000000	0.006316380344831168	0.4381145485757772	0.04892108696436545	-0.5340416773259675
chr2_mat	18000000	18200000	0.005403088404667367	-0.5879266437034546	0.2083589008287989	-0.21447643933577676
chr2_mat	18200000	18400000	0.00543788867630415	-0.5541429109319772	0.23411230462455188	-0.24638109129564992
chr2_mat	18400000	18600000	0.006384789646296824	-0.3629257774657065	0.13615121552405382	-0.21643606860578174
chr2_mat	18600000	18800000	0.005123053762464878	-1.2364969595843012	0.39322939693734177	-0.03259872187877786
chr2_mat	18800000	19000000	0.0049822185423902664	-0.9725281615355077	0.3607218530197839	-0.08039940616148296
chr2_mat	19000000	19200000	0.006226028480813874	0.551986766498876	0.0018308148675469863	-0.5336416816027764
chr2_mat	19200000	19400000	0.0061095935333410475	0.6338649074318584	0.055351222487874725	-0.5997338220136786
chr2_mat	19400000	19600000	0.005883644604008567	0.2972269141000982	0.16951091879424934	-0.5692524857486686
chr2_mat	19600000	19800000	0.005876623873467983	0.4364434218078535	0.09940214077153374	-0.5984286302556167
chr2_mat	19800000	20000000	0.004982333611794242	-0.3850990258396456	0.31577874285297636	-0.41599364626574575
chr2_mat	20000000	20200000	0.0058148265326328314	0.0949579517418993	0.11069884615116884	-0.43634665748493767
chr2_mat	20200000	20400000	0.006201077295878804	0.4504239963205197	0.09571603950741592	-0.5289398030512836
chr2_mat	20400000	20600000	0.005308015517698294	-0.35376545356920774	0.3747644505221295	-0.36576245824214115
chr2_mat	20600000	20800000	0.004401964374461231	-1.495517031326285	0.9319128750855781	-0.21538728050647934
chr2_mat	20800000	21000000	0.005272318974377256	-0.7143564916413434	0.5631328086989138	-0.2845889359893073
chr2_mat	21000000	21200000	0.005300216396444459	-0.8813757880929911	0.6690354504375379	-0.30154947970379337
chr2_mat	21200000	21400000	0.004674285566711902	-1.018361662331991	0.6852202395185958	-0.19056797730206454
chr2_mat	21400000	21600000	0.005987444364615375	-0.31633714789865247	0.41059342319132663	-0.3915156253453711
chr2_mat	21600000	21800000	0.005803010010778896	0.01898866008150803	0.26002665917934464	-0.462111820737835
chr2_mat	21800000	22000000	0.00574222226992386	-0.3034077110919529	0.2920877065707854	-0.3828306167717087
chr2_mat	22000000	22200000	0.006013487654776973	0.5058773803811396	0.12109175947573904	-0.5563978902326178
chr2_mat	22200000	22400000	0.006386831141496898	0.6717114019997075	0.08714190068482294	-0.5973782879323799
chr2_mat	22400000	22600000	0.006236741875743652	0.4968678456925656	0.12919137883833923	-0.5426129420643498
chr2_mat	22600000	22800000	0.005023083439128207	-0.8192302459349698	0.48461830206767964	-0.3190226328079894
chr2_mat	22800000	23000000	0.006246643196821315	0.4238760766860736	0.12173777514840145	-0.48965043387933943
chr2_mat	23000000	23200000	0.006178573033849502	0.5205529731330069	0.11085867806987407	-0.4756596581907439
chr2_mat	23200000	23400000	0.00587336283484718	-0.12132735390312624	0.24569334433700743	-0.2842892891510753
chr2_mat	23400000	23600000	0.004723858278616107	-1.2272981621258874	0.5683325044343274	-0.09019683909310108
chr2_mat	23600000	23800000	0.004652101199024571	-1.4485881750042158	0.9409206003077807	-0.24377807440769134
chr2_mat	23800000	24000000	0.0050161444965987215	-0.9916627598245459	0.6241660721919743	-0.2183651846398271
chr2_mat	24000000	24200000	0.006316987166839864	0.33401810315618463	0.1559319853887306	-0.4146039445382389
chr2_mat	24200000	24400000	0.0062042467079216545	0.3742253152015027	0.15005245411648968	-0.44099179236945407
chr2_mat	24400000	24600000	0.006220056837161997	0.3533656588568626	0.2122526893655369	-0.5064542940215356
chr2_mat	24600000	24800000	0.005921616728013018	-0.020405185034699826	0.26054593699265166	-0.43000245843518226
chr2_mat	24800000	25000000	0.005390726922304778	-0.6184240883741751	0.5050492011238285	-0.4171121649238703
chr2_mat	25000000	25200000	0.006406583384627365	0.30873794127128157	0.20313522978106033	-0.4354814881904075
chr2_mat	25200000	25400000	0.005923065565832996	-0.27722546434683115	0.33143530007763183	-0.363969213112987
chr2_mat	25400000	25600000	0.006429325484034182	0.2605557703758922	0.18498947211378874	-0.4020250201930224
chr2_mat	25600000	25800000	0.005169550542279748	-0.705024530385167	0.556379277261404	-0.34604939175533916
chr2_mat	25800000	26000000	0.004678875321757047	-1.3588715361566777	0.9208896490726842	-0.3512241997431672
chr2_mat	26000000	26200000	0.0062430045529498004	0.13120064569306675	0.16198824827973432	-0.34212286486251864
chr2_mat	26200000	26400000	0.005949030321688237	0.7099804505700824	0.158557718002818	-0.624586004426595
chr2_mat	26400000	26600000	0.006096426666992438	0.7455703768654626	0.1857618379967105	-0.6437152630907645
chr2_mat	26600000	26800000	0.006110769405180399	0.7160816663688266	0.17509034765250273	-0.5912025361022719
chr2_mat	26800000	27000000	0.006018186724224196	0.602227803343865	0.19582906386668741	-0.567008450287602
chr2_mat	27000000	27200000	0.005246911288638489	-0.45502384544190794	0.5784702427686979	-0.5683437242963313
chr2_mat	27200000	27400000	0.00615163470220782	0.38567750501929565	0.21538167206456973	-0.5452154418950195
chr2_mat	27400000	27600000	0.006532381234384449	0.2600780612470973	0.3141660553448914	-0.5419282769123106
chr2_mat	27600000	27800000	0.005524060547718112	-0.7009002085406375	0.5742529151239292	-0.3893048788356045
chr2_mat	27800000	28000000	0.004741627810818666	-1.5903689883006498	1.0626361873953163	-0.37692514118373227
chr2_mat	28000000	28200000	0.006185272730472112	0.1941159240769395	0.28208868383011854	-0.4409530757406708
chr2_mat	28200000	28400000	0.006098006401080094	0.47432964426703905	0.23079851753397576	-0.5655500565885705
chr2_mat	28400000	28600000	0.006098638122880603	0.6544393608074609	0.1643323152753672	-0.5875713807520465
chr2_mat	28600000	28800000	0.0060190247019620054	0.6954486377072677	0.16883633036278667	-0.5888536654909694
chr2_mat	28800000	29000000	0.0058853475471432985	0.6600963511486506	0.1760186619827423	-0.5909818096678416
chr2_mat	29000000	29200000	0.005879720383284931	0.3844674056016002	0.304671794854496	-0.6211651170797776
chr2_mat	29200000	29400000	0.005948203830529649	0.34699175776605673	0.34999056409564316	-0.5584725558584687
chr2_mat	29400000	29600000	0.0047383063829854665	-1.1064110155681122	0.9967398632913432	-0.5688283379857444
chr2_mat	29600000	29800000	0.006017514695760553	0.1700154599327479	0.35325681141388027	-0.5226481359256095
chr2_mat	29800000	30000000	0.006165413937631597	0.22668209561308275	0.35669673355820075	-0.5077252398495543
chr2_mat	30000000	30200000	0.004791514057107591	-1.0811932442445957	0.8426742489772793	-0.39562852238531065
chr2_mat	30200000	30400000	0.006222203018759605	0.3549290307227027	0.29038572249956907	-0.528253560071955
chr2_mat	30400000	30600000	0.006336199738601211	0.6279517424926448	0.20119021495470532	-0.5754314268004208
chr2_mat	30600000	30800000	0.006248972674327629	0.5479387379445424	0.3286153630687887	-0.6434101709862323
chr2_mat	30800000	31000000	0.006176928740560701	0.5257820506719273	0.3064485481648062	-0.5983492522699431
chr2_mat	31000000	31200000	0.00637953750904655	0.6827773838970619	0.23043818454893905	-0.5511379877582977
chr2_mat	31200000	31400000	0.0063643581983406335	0.6176605540050041	0.2337490221065027	-0.5196262953931571
chr2_mat	31400000	31600000	0.005912252644376964	-0.2513072230995726	0.5292222413841977	-0.4975488060526965
chr2_mat	31600000	31800000	0.0066253909418024165	0.24116029575395473	0.43758071879120924	-0.5746974691059543
chr2_mat	31800000	32000000	0.0055736890157686994	-0.5838134549703513	0.714214383119716	-0.45116285701458375
chr2_mat	32000000	32200000	0.005190485745242737	-1.2402917692051045	1.0933492143992942	-0.4274147966239945
chr2_mat	32200000	32400000	0.005400633440790723	-0.9346467840491931	0.8428994433504372	-0.42866731608100306
chr2_mat	32400000	32600000	0.006256473772351371	-0.14899341309695438	0.6085133370933269	-0.5484663859649371
chr2_mat	32600000	32800000	0.0062368139027629155	-0.05696101383675334	0.4675871545133382	-0.4624035786820936
chr2_mat	32800000	33000000	0.006618966040051704	0.3127198744839889	0.3037862135660651	-0.4195695507629864
chr2_mat	33000000	33200000	0.006265674384117898	-0.3527884758004413	0.5170926819640305	-0.2384864998944284
chr2_mat	33200000	33400000	0.004855935620632251	-1.4375467921402083	0.9443529527936241	-0.1021799734798421
chr2_mat	33400000	33600000	0.006730381980307622	0.1692178339211289	0.32947119874766434	-0.3664056170316108
chr2_mat	33600000	33800000	0.006469174256340314	-0.6294778014739307	0.5764243960014585	-0.2445023590800715
chr2_mat	33800000	34000000	0.006438264035114856	-0.10551233673078035	0.3560485740478647	-0.20612143023639834
chr2_mat	34000000	34200000	0.005156663803561535	-1.3940993530019863	0.9952368516951189	-0.17065125278016913
chr2_mat	34200000	34400000	0.006309012486944895	-0.7720518394203586	0.6867105705215248	-0.25899078232864076
chr2_mat	34400000	34600000	0.006680621104133527	-0.08271551769912502	0.5218455275000874	-0.40330223895836925
chr2_mat	34600000	34800000	0.007179632824164169	0.24699400369085894	0.3821155087900355	-0.4047174153990394
chr2_mat	34800000	35000000	0.006539946037992618	0.14174204181990538	0.4440795529276236	-0.42414706858486684
chr2_mat	35000000	35200000	0.005731728835939024	-0.8905547038487225	0.863558594864882	-0.40418421302831037
chr2_mat	35200000	35400000	0.005688335963131298	-0.9266965684137676	0.9963433214208501	-0.48336142631385426
chr2_mat	35400000	35600000	0.005933003037536419	-0.3116711385572069	0.7030624786424947	-0.508707186819035
chr2_mat	35600000	35800000	0.006407114770031522	0.41550111398620226	0.3783628878447583	-0.5179626207628675
chr2_mat	35800000	36000000	0.006333948194075447	-0.1973173307622114	0.6091846276903163	-0.5104598663248169
chr2_mat	36000000	36200000	0.0053825540395907616	-0.9280931430766014	0.9642602028531632	-0.5277434048814225
chr2_mat	36200000	36400000	0.006712574735176578	0.18695592894118965	0.5443694908079559	-0.5685796988563182
chr2_mat	36400000	36600000	0.0058011928725377965	-0.36474669090842404	0.6918664997810517	-0.5326556260476663
chr2_mat	36600000	36800000	0.006416590613074008	0.6049709389900407	0.3209631576245493	-0.5746208182576
chr2_mat	36800000	37000000	0.006069754420144655	-0.16028473046707667	0.691089182425193	-0.5534723994418054
chr2_mat	37000000	37200000	0.0045398105623762775	-1.4814104353422046	1.2904299650381994	-0.5237134915950217
chr2_mat	37200000	37400000	0.006230199308790996	0.2643946387286698	0.5440978465902678	-0.5846151137937897
chr2_mat	37400000	37600000	0.006661800697539234	0.7167593788171781	0.35273863998957555	-0.5715401014543596
chr2_mat	37600000	37800000	0.006736625164935803	0.7873614977531909	0.2758243603754208	-0.5104112747068676
chr2_mat	37800000	38000000	0.006736687125213171	0.7824911114812405	0.332883724573033	-0.5512260673746059
chr2_mat	38000000	38200000	0.006589626061571715	0.6936412292240309	0.38084054401412204	-0.5094645644928221
chr2_mat	38200000	38400000	0.006044291308402738	-0.35005110412275	0.6611728424068845	-0.5721842682421427
chr2_mat	38400000	38600000	0.0059803140862472225	-0.48071070160792767	0.7940221269727692	-0.5223393367688919
chr2_mat	38600000	38800000	0.006739913675036144	0.6567257481458627	0.3098879980395435	-0.472988088614215
chr2_mat	38800000	39000000	0.007096397398001269	0.5594023323165703	0.38525366633053276	-0.460891229844616
chr2_mat	39000000	39200000	0.004598679451305698	-1.4026353424819402	1.163854095489279	-0.42444816671202895
chr2_mat	39200000	39400000	0.006719997845221987	0.547686734935938	0.3502512387906334	-0.45027466006203737
chr2_mat	39400000	39600000	0.006555399963888967	0.6671077620955683	0.3663997286856246	-0.46844657986855676
chr2_mat	39600000	39800000	0.006466001172957247	0.38325115665507714	0.3934151075282812	-0.49208443163765037
chr2_mat	39800000	40000000	0.00673676328156871	-0.20362144669671628	0.8371888595019003	-0.7522883050882107
chr2_mat	40000000	40200000	0.004690154208988835	-1.113041661268692	1.2608163037170153	-0.6446695081404015
chr2_mat	40200000	40400000	0.006561565437867725	0.6806105216203471	0.3481257349227842	-0.49919180469571706
chr2_mat	40400000	40600000	0.00705092483421534	0.75537041003507	0.4020818470417827	-0.5249221050751127
chr2_mat	40600000	40800000	0.006808669629863247	0.7870977697130277	0.3736676205367367	-0.5602506714771935
chr2_mat	40800000	41000000	0.00667495903319378	0.7225174556276892	0.4237901524150898	-0.5523634557952118
chr2_mat	41000000	41200000	0.006579985377642096	0.5894200899470882	0.4072578293563879	-0.5482617734945335
chr2_mat	41200000	41400000	0.00601853971779062	-0.23074128273564373	0.6768808310786492	-0.48645175721396255
chr2_mat	41400000	41600000	0.005884563275785055	-0.9091242239072288	1.1312919122758978	-0.6080817048571172
chr2_mat	41600000	41800000	0.005309940458199724	-1.3341637471424022	1.1985525047985508	-0.4551982473606765
chr2_mat	41800000	42000000	0.007304039732368803	-0.0399994585694509	0.5583128277333578	-0.4281964569902999
chr2_mat	42000000	42200000	0.006108368419438008	-1.0213884444850252	1.0930518274856353	-0.4576642799742713
chr2_mat	42200000	42400000	0.006132594345628993	-0.8149101102963066	0.9809798266832321	-0.4352803875183881
chr2_mat	42400000	42600000	0.005813030475705418	-1.1185824438486185	1.1950493406968667	-0.48069045100073154
chr2_mat	42600000	42800000	0.004871096220615683	-1.5340673591927398	1.2293886220618604	-0.24405548884428938
chr2_mat	42800000	43000000	0.0051290016798402486	-1.1565874124334885	1.0576349931857167	-0.33813202465953085
chr2_mat	43000000	43200000	0.006447186148240824	-0.3115728133676584	0.6881670411197385	-0.48663216009778476
chr2_mat	43200000	43400000	0.00668886838541731	0.22029055360481173	0.5361703774583153	-0.5386493551660253
chr2_mat	43400000	43600000	0.005543978647998344	-0.7041204696670622	0.8984440075676423	-0.4528004218584932
chr2_mat	43600000	43800000	0.005365274687500841	-1.0104826164648069	1.187504282190115	-0.5328322183528967
chr2_mat	43800000	44000000	0.005766587731076643	-0.7462910086324582	0.880750829576133	-0.35505522003354784
chr2_mat	44000000	44200000	0.00541143770364452	-1.3332924043026138	1.199360873992065	-0.3625429615424606
chr2_mat	44200000	44400000	0.005892085677914102	-0.9022023719649207	0.9452719326144743	-0.3205616254801198
chr2_mat	44400000	44600000	0.007033751963700717	0.1918252010161915	0.5111339382378061	-0.4862623311243849
chr2_mat	44600000	44800000	0.005576414996638571	-0.8544659308513651	0.9109381902695026	-0.40374314988621407
chr2_mat	44800000	45000000	0.006408087509210003	-0.4761818428551329	0.8888119989989074	-0.5837433799722197
chr2_mat	45000000	45200000	0.006453198442069705	-0.25114611140428644	0.7061850452350841	-0.5249320077389117
chr2_mat	45200000	45400000	0.006029455777545466	-0.7322552309350092	0.8866927148936307	-0.4288633735036484
chr2_mat	45400000	45600000	0.006263569882810172	-0.7155292820686817	0.8059987603127752	-0.3477717959159859
chr2_mat	45600000	45800000	0.005722554947095525	-1.0281645730446634	1.0530422312648164	-0.45043368881385415
chr2_mat	45800000	46000000	0.004539319578000804	-1.737533439823125	1.1818708641769227	-0.1992377524326639
chr2_mat	46000000	46200000	0.006494734868172866	-0.7054131569553285	0.7011367016170469	-0.2764285380243714
chr2_mat	46200000	46400000	0.0071088574100713975	0.360929383166861	0.4287368246767939	-0.44703812045868846
chr2_mat	46400000	46600000	0.007444539959166236	0.2845258266895459	0.46326516160427345	-0.4543345816832796
chr2_mat	46600000	46800000	0.006806701983962641	-0.08389958173736492	0.5586918452490981	-0.42688050896624247
chr2_mat	46800000	47000000	0.005659878479048562	-1.0625795126980422	1.0096503335768225	-0.46345456591210626
chr2_mat	47000000	47200000	0.006212475607494219	-0.9409693947395708	0.8751724714941079	-0.45330054480004356
chr2_mat	47200000	47400000	0.006778013054175053	0.011473918990282356	0.5284031224610564	-0.4048015396108936
chr2_mat	47400000	47600000	0.006967514524075361	0.6700129837873567	0.41990953941228504	-0.5031959138368267
chr2_mat	47600000	47800000	0.007085460929738565	0.5088822802406784	0.4466711515815109	-0.42266859917722294
chr2_mat	47800000	48000000	0.005685310687696343	-0.6849082203044511	0.8236965643024166	-0.5130244726242592
chr2_mat	48000000	48200000	0.00692378307704969	0.5464736316424217	0.3937656804227799	-0.4279708057797526
chr2_mat	48200000	48400000	0.00726073597358487	0.8204249931318032	0.39553778564609693	-0.4556662126292936
chr2_mat	48400000	48600000	0.00704859287162344	0.8306091504323783	0.41051402056163594	-0.4621794413496905
chr2_mat	48600000	48800000	0.006788931326075319	0.8025189398314655	0.4171227278448129	-0.41775803710595627
chr2_mat	48800000	49000000	0.0069545181511841804	0.5761883359747977	0.28207810913613346	-0.3003102005629055
chr2_mat	49000000	49200000	0.004860611084252545	-1.4642519096444309	1.1812763805901358	-0.3997997255616757
chr2_mat	49200000	49400000	0.005220498105906958	-1.3453078626884953	1.160717995899428	-0.4118918629386142
chr2_mat	49400000	49600000	0.00537508897467212	-1.2217789748862469	1.1069388090223737	-0.5305935048431764
chr2_mat	49600000	49800000	0.005941422158397809	-0.46692420154290865	0.6961373394440193	-0.37839266731940413
chr2_mat	49800000	50000000	0.006631958015593394	0.77770621738	0.272469890976763	-0.373626660835711
chr2_mat	50000000	50200000	0.006726636149023917	0.8286478934872684	0.3502497845710619	-0.4487827025229817
chr2_mat	50200000	50400000	0.006717048064544902	0.7966886561830147	0.31309213341575604	-0.3215426015751606
chr2_mat	50400000	50600000	0.006386560673683186	0.7838828127790949	0.28047589990212907	-0.34275078789913604
chr2_mat	50600000	50800000	0.006694006215604724	0.7781615167522334	0.27854023274372924	-0.29885222214749463
chr2_mat	50800000	51000000	0.006635222695860282	0.8140879581909699	0.30380904435288214	-0.31757970295252513
chr2_mat	51000000	51200000	0.0069280904619966905	0.44742263211837735	0.3058811782465546	-0.2133355807740403
chr2_mat	51200000	51400000	0.007143259242122071	0.5501877284696585	0.24247872090014938	-0.1984890430578617
chr2_mat	51400000	51600000	0.007626289266470387	0.06004396125059766	0.4103693869851654	-0.182050462336573
chr2_mat	51600000	51800000	0.007619915420617841	-0.2259672734462227	0.4561832608026965	-0.10315322347436455
chr2_mat	51800000	52000000	0.005792411451395535	-1.7779954328846879	1.1148829889284435	-0.15080229082961655
chr2_mat	52000000	52200000	0.00634550569278959	-0.8821304967037283	0.7203684723535568	-0.09950814315849808
chr2_mat	52200000	52400000	0.007529726867561733	0.12874454997169604	0.3811596779103307	-0.1470100410604367
chr2_mat	52400000	52600000	0.0059279126347748885	-0.5633054148794507	0.6568936949707045	-0.29381955757988804
chr2_mat	52600000	52800000	0.007518116640374626	0.6049208223419602	0.2881144781674928	-0.19300629598151384
chr2_mat	52800000	53000000	0.0070483525925027785	0.6399251770166623	0.3012109343385768	-0.27451509847600936
chr2_mat	53000000	53200000	0.006919947957913581	0.7442231204732423	0.2918486129604136	-0.2329325880870021
chr2_mat	53200000	53400000	0.007086587577336871	0.674533442356653	0.35332741647246624	-0.29480187970596783
chr2_mat	53400000	53600000	0.0063996513935125334	-0.10171586354466212	0.5698198295027905	-0.36893084346151434
chr2_mat	53600000	53800000	0.0072535574003020535	-1.704501038727196	1.1840046516152558	-0.4528050021836283
chr2_mat	53800000	54000000	0.006297820940415156	0.13391145070046764	0.48530628078853694	-0.39082637665497133
chr2_mat	54000000	54200000	0.007294869330377581	0.5767510108971031	0.33008710449107725	-0.2327592547033541
chr2_mat	54200000	54400000	0.0054071849364693385	-1.3036062018231018	0.857786759236147	-0.32624845213218534
chr2_mat	54400000	54600000	0.006462142678367802	-0.32227080666027164	0.49208757569855865	-0.2963130221574256
chr2_mat	54600000	54800000	0.005481186732217467	-1.0034938442858299	0.7362397833368465	-0.32484897355178916
chr2_mat	54800000	55000000	0.007199844367239275	0.6331533237630206	0.25627385863277935	-0.18249967360241648
chr2_mat	55000000	55200000	0.007332828851140669	0.7160560956416552	0.24247016724271944	-0.21990435326917807
chr2_mat	55200000	55400000	0.006615360293985464	0.7947259655468741	0.24798500061366366	-0.29083364537825546
chr2_mat	55400000	55600000	0.0064165761951360265	0.7923623208442615	0.23066260831417154	-0.2626722023464831
chr2_mat	55600000	55800000	0.006678918305714298	0.7526838190916592	0.2631312061838064	-0.2755314337363109
chr2_mat	55800000	56000000	0.006467979618752314	0.7631007334797033	0.2813066887042677	-0.2654737546336965
chr2_mat	56000000	56200000	0.0070749256960406385	0.7116730590232432	0.2640766321348572	-0.22907501572272204
chr2_mat	56200000	56400000	0.006357004904293485	0.7247760061144134	0.2546674391155363	-0.2570435674245727
chr2_mat	56400000	56600000	0.00660672989854716	0.7594953300262436	0.23780032667461215	-0.25375645131799784
chr2_mat	56600000	56800000	0.0064363113668254365	0.7411407513317663	0.2546460341241057	-0.305115984905776
chr2_mat	56800000	57000000	0.006426147195477406	0.7625933717211761	0.2770274246547977	-0.3197200475319178
chr2_mat	57000000	57200000	0.00637618060942647	0.7177729730458738	0.18900891263287314	-0.21393633762353637
chr2_mat	57200000	57400000	0.0068089116989934655	0.7209255526257793	0.22724878452558	-0.24971259314107094
chr2_mat	57400000	57600000	0.006341663194502791	0.7720061909963025	0.23702992797450406	-0.2966086220868176
chr2_mat	57600000	57800000	0.006224086388614157	0.7191909336391734	0.23580581389361815	-0.25285423300675985
chr2_mat	57800000	58000000	0.006411099660155016	0.7105663638072159	0.22610786660427923	-0.24707224782756923
chr2_mat	58000000	58200000	0.006231140700163574	0.704927894627488	0.25516621128315975	-0.2374846117606053
chr2_mat	58200000	58400000	0.006441928366876068	0.7195636283772486	0.22145874778209515	-0.2235763477933347
chr2_mat	58400000	58600000	0.006662590291157855	0.7394257809520877	0.21004543937366218	-0.17003688297793482
chr2_mat	58600000	58800000	0.006622933206780767	0.7291523469004658	0.2169691877540805	-0.19993319682180122
chr2_mat	58800000	59000000	0.006329148843745739	0.7569946736048687	0.21959083020801082	-0.17667395788882215
chr2_mat	59000000	59200000	0.006693417015463661	0.6903723269997268	0.22453905211442915	-0.1912822963655066
chr2_mat	59200000	59400000	0.0065450310670162925	-0.016874193279581777	0.35047342019155187	-0.284504567163602
chr2_mat	59400000	59600000	0.006784980279461095	0.07698553325826867	0.351353941257181	-0.27211069906710933
chr2_mat	59600000	59800000	0.007287015475593407	0.6846202348468079	0.21903012296338814	-0.107821971426994
chr2_mat	59800000	60000000	0.00746939896046733	0.5738241974583583	0.17285664022927028	-0.1065616524331619
chr2_mat	60000000	60200000	0.005765624269124062	-0.8252133093420954	0.5712151374610976	-0.07904703103958945
chr2_mat	60200000	60400000	0.004549332329785161	-1.6802184776198914	0.8555103171586883	-0.18228223249188552
chr2_mat	60400000	60600000	0.006240885391845739	-0.9962237408941297	0.6390085057252386	-0.2524910281703855
chr2_mat	60600000	60800000	0.005607137582052674	-1.0806134193158	0.558201444274769	-0.22667075099634115
chr2_mat	60800000	61000000	0.00645338991843632	-0.39656128001918733	0.3366663752020708	-0.18164584588759372
chr2_mat	61000000	61200000	0.00687634550825469	0.10267917333955517	0.26597056740822766	-0.18305860776814276
chr2_mat	61200000	61400000	0.007102962881125554	0.5170314921934719	0.16967865762554565	-0.160129285930476
chr2_mat	61400000	61600000	0.007376398717264637	0.5497766834504471	0.20629112285129209	-0.12518628825552094
chr2_mat	61600000	61800000	0.007528400895539083	0.38245685217334036	0.09221081564590279	0.026392583820655915
chr2_mat	61800000	62000000	0.007059030964878094	0.09443447901400037	0.19256130899277707	-0.05432459252942707
chr2_mat	62000000	62200000	0.005700336905919734	-1.105563749644704	0.5279631233517263	-0.0809449039818088
chr2_mat	62200000	62400000	0.005107517203392265	-1.202855428389376	0.5788008240779563	-0.06924175461099331
chr2_mat	62400000	62600000	0.006943403146324615	-0.10588482573113737	0.20767403725457997	-0.014491170441963444
chr2_mat	62600000	62800000	0.00601256247399544	-0.48046809897370346	0.28164529432645724	0.0015546224267358986
chr2_mat	62800000	63000000	0.005702661277540987	-0.7640866852349343	0.3272491914715056	0.1974870065271028
chr2_mat	63000000	63200000	0.0048263873253021235	-1.5459628218422568	0.553401968458019	0.1553109995729573
chr2_mat	63200000	63400000	0.00650647068659519	-0.9227351653014108	0.3356193826920527	0.21322742302472558
chr2_mat	63400000	63600000	0.007240625553879954	-0.16784308829535347	0.10943994430723072	0.16424986159140698
chr2_mat	63600000	63800000	0.005609544548655507	-1.0252557388563333	0.28455535348743227	0.19452177960576936
chr2_mat	63800000	64000000	0.004944626670984083	-1.6118595026096187	0.4530755236972269	0.09585139445254193
chr2_mat	64000000	64200000	0.007310472173625561	-0.213342983451995	0.0729736934308933	0.17649164339515402
chr2_mat	64200000	64400000	0.005821492257262019	-0.7005810285455432	0.1684579823938961	-0.013367822309012546
chr2_mat	64400000	64600000	0.0068058744917368725	0.1031194530872229	0.0472400541417206	0.021576002093903066
chr2_mat	64600000	64800000	0.007207623067161447	0.5967902584398883	0.014931371519121406	0.04619202740638827
chr2_mat	64800000	65000000	0.006927294359704205	0.6167403840080886	0.02109540392338768	0.03319283141962882
chr2_mat	65000000	65200000	0.007175676363166809	0.6131741391465994	0.046888655857618255	0.0129138002810047
chr2_mat	65200000	65400000	0.007583269738487251	0.016249727165168336	0.049907846583223725	-0.07108811976028281
chr2_mat	65400000	65600000	0.007378093060481165	0.1862111943366494	9.443338427121852e-05	0.09410056390102293
chr2_mat	65600000	65800000	0.00744480942050639	-0.07937760138429867	0.05440970246918224	0.1831844923105546
chr2_mat	65800000	66000000	0.005047839583102691	-1.181202782463068	0.25879758845942175	0.13010420905828785
chr2_mat	66000000	66200000	0.007964869537712926	0.32233318474455486	-0.028844022405869373	0.29053776711951146
chr2_mat	66200000	66400000	0.0076938359009550965	0.1698381773848157	0.014377797372585738	0.30434953976082474
chr2_mat	66400000	66600000	0.004435087191262883	-1.3844307021004663	0.2940719983771327	0.24388413093653835
chr2_mat	66600000	66800000	0.005176744741240724	-1.2022547718564636	0.2564268974189255	0.20208027647418403
chr2_mat	66800000	67000000	0.006713332986255275	-0.6603580332152151	0.04021259904318807	0.2715520038541845
chr2_mat	67000000	67200000	0.006206008821538639	-0.6198738024773608	0.03705441693035999	0.2699448258572019
chr2_mat	67200000	67400000	0.006571647891102944	-0.2702800688156757	-0.016816573707795324	0.3751883103447469
chr2_mat	67400000	67600000	0.00510935179439684	-1.3213423744567958	0.16876174230736582	0.31199350827580336
chr2_mat	67600000	67800000	0.005635992981970191	-1.0068763931816993	0.061456245649583616	0.31290512912245355
chr2_mat	67800000	68000000	0.007311708967220516	-0.28580051056237576	-0.02050686154948458	0.3245634961479341
chr2_mat	68000000	68200000	0.005406175888531898	-0.6641983875605931	0.03590169230489187	0.33516056074478284
chr2_mat	68200000	68400000	0.004799903957217366	-0.9336515504878597	0.07178068362864232	0.23268245588121197
chr2_mat	68400000	68600000	0.007216125091915137	-0.16929359216946904	-0.08106270018877017	0.37877373748738036
chr2_mat	68600000	68800000	0.0076734187219398235	0.3398449035618339	-0.09472054563876163	0.4205745759787059
chr2_mat	68800000	69000000	0.007488089404810896	0.3466539019370265	-0.06481067949551703	0.3898025456067845
chr2_mat	69000000	69200000	0.006072780344034963	-0.6122637125901476	0.014008962211148515	0.45286859416429764
chr2_mat	69200000	69400000	0.005281295639360429	-1.1163110611129425	0.049591961207828744	0.3292704310406433
chr2_mat	69400000	69600000	0.006393426251873552	-0.622214897950203	0.024458211405144134	0.3140381871006648
chr2_mat	69600000	69800000	0.007267456531872676	-0.08653760914886743	-0.051274103620582226	0.3853278447451394
chr2_mat	69800000	70000000	0.007298951179638007	0.2609997831249608	-0.06613234266690209	0.3770880121862369
chr2_mat	70000000	70200000	0.0065174917006862645	0.18223415370715856	-0.13596453318592935	0.24254077037361807
chr2_mat	70200000	70400000	0.0065964941275290555	0.34742737394929873	-0.1083953711756589	0.3205411820768877
chr2_mat	70400000	70600000	0.006642350499161578	0.48027149551563225	-0.11421417374860438	0.3458580042263924
chr2_mat	70600000	70800000	0.006402611811519526	0.013242682108182862	-0.08217955605952385	0.21333660418356126
chr2_mat	70800000	71000000	0.006770472111507447	0.5070979074032759	-0.10766960857446256	0.3645501691690669
chr2_mat	71000000	71200000	0.006807123772725989	0.5893663729237958	-0.08409641874178198	0.39050081225747335
chr2_mat	71200000	71400000	0.007058274472270834	0.5619698715850543	-0.13725846106255782	0.512657215247018
chr2_mat	71400000	71600000	0.0068796634316683905	0.2872146044514398	-0.08140543474647013	0.5001031708981182
chr2_mat	71600000	71800000	0.005653193001361308	-0.44250705065452245	0.0015096975045483108	0.3810243239626484
chr2_mat	71800000	72000000	0.005630583850358223	-0.752697967373627	-0.007708742668038595	0.36319474914308325
chr2_mat	72000000	72200000	0.00619578121398018	-0.4714713620434149	-0.057249176100528994	0.4188560399220708
chr2_mat	72200000	72400000	0.005097670574583906	-0.7277627740931518	-0.03629657891368966	0.3385780171689942
chr2_mat	72400000	72600000	0.005953379220888157	-0.18233168640376843	-0.04361579174152165	0.3559399982935034
chr2_mat	72600000	72800000	0.00560648061611279	-0.23117651119205967	-0.08341056082762524	0.4041431012813681
chr2_mat	72800000	73000000	0.006711654207573934	0.42101764476843795	-0.06844240573076601	0.5388055070540672
chr2_mat	73000000	73200000	0.006518565387229316	0.27938891794510073	-0.07442320623695667	0.5647705836930843
chr2_mat	73200000	73400000	0.004810438431589812	-0.7663107867977859	-0.07074547229332948	0.3632550910312792
chr2_mat	73400000	73600000	0.006159642269789521	-0.2866250281001116	-0.07610211643386772	0.3945931817730082
chr2_mat	73600000	73800000	0.006730619417716335	0.2755097628037518	-0.10136774382744468	0.579564207325089
chr2_mat	73800000	74000000	0.006614002226421156	0.45953167906379644	-0.09684856411977551	0.5740643919293577
chr2_mat	74000000	74200000	0.006937309893469367	0.44326524247253457	-0.09352646914790544	0.5376620566636559
chr2_mat	74200000	74400000	0.006876904721426223	0.41529980238618514	-0.09290665122079711	0.5710965935989797
chr2_mat	74400000	74600000	0.0065173134420076	0.28090505882607614	-0.07946928426556835	0.5892404414926251
chr2_mat	74600000	74800000	0.007049479491429639	0.48853699807725826	-0.07529545691342382	0.6178174231418984
chr2_mat	74800000	75000000	0.007104049019700328	0.5321125086694308	-0.12293541106275535	0.6466467317720164
chr2_mat	75000000	75200000	0.006707688660243505	0.5304098123530778	-0.08036178117057807	0.6476407715093607
chr2_mat	75200000	75400000	0.006854914150217365	0.5293473839217564	-0.0836499877475082	0.6649179951927998
chr2_mat	75400000	75600000	0.00671693865190882	0.5265703611937613	-0.09325063016844386	0.6685898179262638
chr2_mat	75600000	75800000	0.006389578354046184	0.41712705904195774	-0.09962821421516625	0.6510399111150774
chr2_mat	75800000	76000000	0.006673468172673389	0.26810679166003826	-0.1268098365542495	0.5897756756458516
chr2_mat	76000000	76200000	0.005996636118647593	0.20694677086333169	-0.09876424263599838	0.6070645544826833
chr2_mat	76200000	76400000	0.00676378617489936	0.4740466880715986	-0.11249106565420418	0.7014092665930034
chr2_mat	76400000	76600000	0.007193165239188204	0.3664691732480684	-0.11799945453789785	0.6721494342462213
chr2_mat	76600000	76800000	0.006758752846487226	-0.09298285026718915	-0.08939482493856198	0.6362134798501103
chr2_mat	76800000	77000000	0.006482240691551903	-0.3873620409054363	-0.10031292466664984	0.6777756244722706
chr2_mat	77000000	77200000	0.00534644334378859	-0.97829062728928	-0.11904050692226362	0.5949650289230429
chr2_mat	77200000	77400000	0.005441975972994702	-0.8486193015093704	-0.04462060894525595	0.6111174946656178
chr2_mat	77400000	77600000	0.005616225309050922	-0.49597021808217545	-0.02944819932367161	0.6585709873302177
chr2_mat	77600000	77800000	0.0065487432609243786	-0.12027767904647862	-0.013405388778685532	0.8347400266142847
chr2_mat	77800000	78000000	0.009054447067155606	0.3961802198716174	-0.023196582361365018	1.0784261911526927
chr2_mat	78000000	78200000				
chr2_mat	78200000	78400000				
chr2_mat	78400000	78600000				
chr2_mat	78600000	78800000	0.007084286319462591	0.5137742059743786	0.07853296197355933	1.04369678182336
chr2_mat	78800000	79000000	0.006973465353770844	0.3801033621794039	0.07382231434266479	0.9366111663594298
chr2_mat	79000000	79200000	0.007005201359678765	0.4753656150599558	0.07136997644878744	0.874802140819887
chr2_mat	79200000	79400000	0.006530327650688046	0.5164578825883303	0.08612396467921625	0.8692685995866138
chr2_mat	79400000	79600000	0.00726242665020892	0.5161818935794085	0.10629165565321393	0.8228358416803495
chr2_mat	79600000	79800000	0.007169281598758176	0.5212549412683312	0.11987483160674658	0.6863789055824063
chr2_mat	79800000	80000000	0.007159397608291928	0.5148342658857363	0.12431655555644273	0.7524906250376796
chr2_mat	80000000	80200000	0.007133087476569143	0.34655710331216205	0.17191451515533604	0.722356360663531
chr2_mat	80200000	80400000	0.004576830922620947	-0.8455787693997856	0.25842454202621323	0.36423570768211777
chr2_mat	80400000	80600000	0.007067756281877994	0.1495805661338497	0.15888219687706845	0.6507298029193966
chr2_mat	80600000	80800000	0.007162603139598719	0.5218506114012383	0.12574071914860513	0.7654029642669481
chr2_mat	80800000	81000000	0.006863032256653896	0.556097629495016	0.107452473928862	0.7674470758873402
chr2_mat	81000000	81200000	0.006605797452563696	0.40589962639481236	0.1445961740383254	0.7889589224594984
chr2_mat	81200000	81400000	0.0062848057387130405	0.0923246431361639	0.13877974354048425	0.6428919636522865
chr2_mat	81400000	81600000	0.006951915444204542	0.3858669608801027	0.09282707990852532	0.7616928184621101
chr2_mat	81600000	81800000	0.004863945336324501	-0.6211674834077799	0.14577653688917802	0.3923959527351085
chr2_mat	81800000	82000000	0.0059620754475486135	-0.1125556837732974	0.14089507165387286	0.5352774983703094
chr2_mat	82000000	82200000	0.006770600740687144	0.49591609733531294	0.11494847659919041	0.825824363259063
chr2_mat	82200000	82400000	0.0069072153480219806	0.5190434070960578	0.13988579351923427	0.8142348444841753
chr2_mat	82400000	82600000	0.006965478749004755	0.27847792776635133	0.13561882603857373	0.8410011882847169
chr2_mat	82600000	82800000	0.004624115280874867	-1.1307258214033615	0.1611586356562024	0.358782161055101
chr2_mat	82800000	83000000	0.006741420874622356	-0.2755390847492694	0.10282745407431013	0.5275349115426459
chr2_mat	83000000	83200000	0.007252735932851479	0.30409885696715055	0.10225758245580913	0.6786814798940531
chr2_mat	83200000	83400000	0.006744421809279768	0.43871121621768766	0.0922942010342582	0.7448519979354746
chr2_mat	83400000	83600000	0.007233565579452475	0.556377217326231	0.09943657385615784	0.7280794383209611
chr2_mat	83600000	83800000	0.006326623165443008	0.5654165376605994	0.10853953379234217	0.7123550841164086
chr2_mat	83800000	84000000	0.006582662792449811	0.5717417813620449	0.09268615256652617	0.6325306603272786
chr2_mat	84000000	84200000	0.006383365124947015	0.5654292285950661	0.06699644760950928	0.6468965282376337
chr2_mat	84200000	84400000	0.006633915913947762	0.55484896336339	0.09144259487690182	0.6267198076144475
chr2_mat	84400000	84600000	0.0062080923438031935	0.48266521436516724	0.054496434916992256	0.5925370221936178
chr2_mat	84600000	84800000	0.006331853072331906	0.2819295458935171	0.04586272012076111	0.4199513982953968
chr2_mat	84800000	85000000	0.0067382534263017305	0.4330225571028821	0.033682526180801094	0.5010525359250209
chr2_mat	85000000	85200000	0.0065035230003028	0.3831936501222402	0.06316273107096808	0.55305687402908
chr2_mat	85200000	85400000	0.00690411461811296	0.46016436295589686	0.07898591056476777	0.5926573356597935
chr2_mat	85400000	85600000	0.006917911970877428	0.4820600019850219	0.1023673600920848	0.5332917792039912
chr2_mat	85600000	85800000	0.005827328460170609	-0.5127892664312959	0.02725400988642695	0.21220001210117267
chr2_mat	85800000	86000000	0.007008034574426612	0.09515023292147183	0.08082436441979195	0.35839604769532946
chr2_mat	86000000	86200000	0.0062463228991906875	-0.2999429940535435	0.009498378079184067	0.17243576953011017
chr2_mat	86200000	86400000	0.006787197942874112	0.26630677332899894	0.05726701943088065	0.334807730321218
chr2_mat	86400000	86600000	0.006560389438387893	-0.04054381785061512	0.07817948505312584	0.27627752610272027
chr2_mat	86600000	86800000	0.007376380530004059	0.4836496673048781	0.08910179313411405	0.4604321198028157
chr2_mat	86800000	87000000	0.006925259040965859	0.5858304766651512	0.056431402945734434	0.4413945027049722
chr2_mat	87000000	87200000	0.007110300265710547	0.5660316462877529	0.06101880210524643	0.4298558400438407
chr2_mat	87200000	87400000	0.006701442200138857	0.5717969532434126	0.034002293159924396	0.39211128332610856
chr2_mat	87400000	87600000	0.00701815844459965	0.5520941231425541	0.04973737648718514	0.43327708636271584
chr2_mat	87600000	87800000	0.006982699249013641	0.334585590136804	0.062358608740949124	0.3567298883844314
chr2_mat	87800000	88000000	0.004836907220932141	-1.0222386903238467	-0.09130739655864643	-0.04630424863412697
chr2_mat	88000000	88200000	0.005313030500280392	-0.7144268214796211	-0.0341865988290953	0.05277967245382373
chr2_mat	88200000	88400000	0.0065911404249140385	0.1797584543554049	0.038049455398329046	0.33198019061641915
chr2_mat	88400000	88600000	0.006628503905174671	0.5714625484547344	0.07270286103832171	0.412380396001901
chr2_mat	88600000	88800000	0.006612209638365266	0.6066728897427861	0.03832582969119423	0.3464174616064125
chr2_mat	88800000	89000000	0.006261836885916702	0.6039143689270666	0.010281036279607256	0.29258582690874
chr2_mat	89000000	89200000	0.006552525134564772	0.6205643228270338	0.013387148229135929	0.3138178092631647
chr2_mat	89200000	89400000	0.006385094091997265	0.6015923244491479	0.0146618460085597	0.29171366933075343
chr2_mat	89400000	89600000	0.0064845342066271695	0.6239342670619171	0.030049536217721804	0.31293357847306236
chr2_mat	89600000	89800000	0.006423524166560019	0.6222373436616335	-0.05630332553950677	0.24068302258492108
chr2_mat	89800000	90000000	0.006599647862115213	0.551513171548819	-0.03729915600232099	0.19888132985827647
chr2_mat	90000000	90200000	0.006293303284930183	0.4866251609637694	0.006459067799450197	0.25601248459307635
chr2_mat	90200000	90400000	0.006458912707997619	0.6092637631039789	-0.027251950182131883	0.16093530133816203
chr2_mat	90400000	90600000	0.006391549645400693	0.08511239814868611	-0.047314310454890415	0.0926225724761231
chr2_mat	90600000	90800000	0.0056229062883076456	-0.4849219900355316	-0.13572803798137584	-0.0830800787667307
chr2_mat	90800000	91000000	0.0069271056839407185	0.3906774474596454	-0.02789984628107235	0.07802760424774612
chr2_mat	91000000	91200000	0.005001039657364989	-0.7276828453731841	-0.17241280721435365	-0.05355547242873215
chr2_mat	91200000	91400000	0.004793258597564569	-1.111443053048961	-0.30177721192353807	-0.08155373185079508
chr2_mat	91400000	91600000	0.005462158967547718	-1.0467835591405203	-0.24870935453835843	-0.04188663275739012
chr2_mat	91600000	91800000	0.007047291690454843	0.11167764703810236	-0.11997898435669908	0.10775360347441784
chr2_mat	91800000	92000000	0.005172351532182955	-0.8921396485871818	-0.2510510733187577	-0.011552432042124987
chr2_mat	92000000	92200000	0.006864867307644367	-0.1998670924303428	-0.10235108055801634	0.07671001458301498
chr2_mat	92200000	92400000	0.00730396137793937	0.09134564403358103	-0.0924076817622288	0.13602925904973687
chr2_mat	92400000	92600000	0.005195795981255475	-1.0251114961952361	-0.3510497055812554	-0.1180118861608237
chr2_mat	92600000	92800000	0.006925570994780992	0.220741432457155	-0.10911227172821315	0.016644187556543837
chr2_mat	92800000	93000000	0.006045478716698418	-0.39089384237354297	-0.2528243635327306	-0.11930177999898538
chr2_mat	93000000	93200000	0.007292848463683373	0.18893168218234196	-0.14193926078221555	0.07791937246374807
chr2_mat	93200000	93400000	0.006952769716514151	0.5120024498895598	-0.039504529828401067	0.1579038346590333
chr2_mat	93400000	93600000	0.00691964945216059	0.22579716610606254	-0.13434964101452662	0.008265369681423015
chr2_mat	93600000	93800000	0.005747422472159197	-0.910344264212392	-0.4569387524697885	-0.20891561099306177
chr2_mat	93800000	94000000	0.0067345932118680115	-0.6739596611292203	-0.4628976437816074	-0.2659044096743309
chr2_mat	94000000	94200000	0.004895618393549172	-1.2178761652491708	-0.528276811199438	-0.23313881274379913
chr2_mat	94200000	94400000	0.005795900309007653	-0.36970477462090556	-0.3466418312417545	-0.07725527079690307
chr2_mat	94400000	94600000	0.006637649853884547	0.6555198586729089	-0.08714114334249937	0.16657750374138283
chr2_mat	94600000	94800000	0.006077306726683061	0.7116096894777986	-0.12570073719627572	0.08378352064018134
chr2_mat	94800000	95000000	0.006273560230756518	0.6884053861953796	-0.11887762644030225	0.028372345109857266
chr2_mat	95000000	95200000	0.006295788099664553	0.6968304609150463	-0.2014004569674158	-0.03873058530524798
chr2_mat	95200000	95400000	0.006303844214965047	0.7081155552660421	-0.17787913469290587	-0.06984405646048283
chr2_mat	95400000	95600000	0.006488448096436348	0.6622629361935687	-0.14950304039844414	-0.026106612560101904
chr2_mat	95600000	95800000	0.005596731898580819	-0.22249765611291944	-0.42436849334308746	-0.33157094048877667
chr2_mat	95800000	96000000	0.005617037965361936	-0.3009510972296976	-0.3680183981305995	-0.3897898098051129
chr2_mat	96000000	96200000	0.006968262575233122	0.7127239052489922	-0.12000701646462436	-0.007108038683359362
chr2_mat	96200000	96400000	0.006446282475146336	0.7383277628662508	-0.1311585776428189	0.007214425110496712
chr2_mat	96400000	96600000	0.0113346503705283	0.6872861747400597	-0.1828353072503155	-0.10906759267497104
chr2_mat	96600000	96800000	0.006565156400686708	0.7287500832140071	-0.17528586951686867	-0.08273561071627618
chr2_mat	96800000	97000000	0.0066038606257704455	0.6979968244507765	-0.18352216977420785	-0.04460562106844452
chr2_mat	97000000	97200000	0.006713232421065547	-0.08406145688574501	-0.40088383139982164	-0.25124010697888843
chr2_mat	97200000	97400000				
chr2_mat	97400000	97600000	0.007055616038617002	0.7322976507703278	-0.199835750599879	-0.1256654406178897
chr2_mat	97600000	97800000	0.006465590640513023	0.7593618576090744	-0.22285113744781632	-0.14806773341002163
chr2_mat	97800000	98000000	0.006335732063422543	0.7560847807571367	-0.24938607739914379	-0.1672167871652106
chr2_mat	98000000	98200000	0.006400532766746267	0.7164530322242296	-0.1991047873348299	-0.12839698629692597
chr2_mat	98200000	98400000	0.006548453237552182	0.7540054307496817	-0.19582245803143536	-0.1630775543586241
chr2_mat	98400000	98600000	0.006737156555121964	0.7631265151137272	-0.21498110994634678	-0.1533651661499697
chr2_mat	98600000	98800000	0.006889644362691865	0.7451377127856371	-0.1744385906162687	-0.12765810125366442
chr2_mat	98800000	99000000	0.006730863248852239	0.08648053146141318	-0.2729764789746995	-0.16262998984673913
chr2_mat	99000000	99200000	0.005270449215904554	-1.158331716030552	-0.7806690856860604	-0.4727613453298217
chr2_mat	99200000	99400000	0.006253756773184265	-0.4433815552911607	-0.5536173404474728	-0.324116612844083
chr2_mat	99400000	99600000	0.004985523861521697	-1.2459237731140804	-0.789833277667514	-0.3605175646038848
chr2_mat	99600000	99800000	0.004704513859282385	-1.4806314101192115	-0.9728354479066098	-0.3996082563458271
chr2_mat	99800000	100000000	0.006688713604582841	0.32817735478295984	-0.2484643854454426	-0.16757088309133245
chr2_mat	100000000	100200000	0.007136240039567107	0.6755676794615773	-0.18243755689555663	-0.13609659633189602
chr2_mat	100200000	100400000	0.007414772693069092	0.5820924712055885	-0.16573861999561224	-0.08522209822084588
chr2_mat	100400000	100600000	0.006115375474585193	-0.39416898100876013	-0.5228819297024733	-0.34352761743084564
chr2_mat	100600000	100800000	0.005718058198418771	-0.7860232010396073	-0.7178989897949599	-0.26110539905271757
chr2_mat	100800000	101000000	0.005457792962577539	-1.2453080965921144	-0.9594070543683425	-0.32840104790197255
chr2_mat	101000000	101200000	0.004967612562520486	-1.5761567899118352	-1.1317061655839036	-0.3437326545920186
chr2_mat	101200000	101400000	0.005709552879452114	-0.8791662640107266	-0.6977107045518822	-0.2512056912101861
chr2_mat	101400000	101600000	0.0069058632609760315	0.47848893957117267	-0.2858989862238617	-0.14936952080921503
chr2_mat	101600000	101800000	0.007027822189423352	0.6623254202745293	-0.2739665191668081	-0.17104974208374032
chr2_mat	101800000	102000000	0.0072433764370055335	0.674700706516113	-0.2947062015799906	-0.18096702175188845
chr2_mat	102000000	102200000	0.006812612081398431	0.7822688675217578	-0.3548164554987273	-0.29574957867865925
chr2_mat	102200000	102400000	0.007045875652494404	0.7727855091749014	-0.2979991191161309	-0.24580365753459107
chr2_mat	102400000	102600000	0.007269176457344024	0.602456264353142	-0.34465145093847416	-0.2712542726232875
chr2_mat	102600000	102800000	0.006898436072289608	0.3930187039212911	-0.33076261409758234	-0.3153163207132448
chr2_mat	102800000	103000000	0.006900777825118115	0.7129038510494841	-0.26331117527339687	-0.21499015291848195
chr2_mat	103000000	103200000	0.0071171359523747165	0.38476604171650336	-0.3577239838804722	-0.36801676188783655
chr2_mat	103200000	103400000	0.005448465285362217	-1.067736845589988	-1.0371951778278685	-0.621798971892635
chr2_mat	103400000	103600000	0.00445221160367933	-1.7370525535081742	-1.0507258278342197	-0.3690773365565445
chr2_mat	103600000	103800000	0.006038980227087576	-0.12973372674802908	-0.4463019620974359	-0.3459085985823235
chr2_mat	103800000	104000000	0.0066822633991160015	0.74650058042025	-0.29768864657757915	-0.2829707708635814
chr2_mat	104000000	104200000	0.006888938896567761	0.6648135855002688	-0.28436264947047285	-0.2833558361737726
chr2_mat	104200000	104400000	0.007382564441318857	0.017788224297146098	-0.3387599213050726	-0.2756655814523156
chr2_mat	104400000	104600000	0.005398541778605408	-1.0376668237833122	-0.7932213329938208	-0.27554765814580795
chr2_mat	104600000	104800000	0.005597142214028986	-1.079177419174456	-0.9044084125098796	-0.3510463218602867
chr2_mat	104800000	105000000	0.004720468260275806	-1.5096554183043969	-1.0240974741585422	-0.20909752512441104
chr2_mat	105000000	105200000	0.007643709306362808	-0.2776348914256215	-0.5900783252181065	-0.246984939276617
chr2_mat	105200000	105400000	0.006172666280598263	-1.0521167458024487	-0.8910179383667983	-0.19698706040059533
chr2_mat	105400000	105600000	0.004684313311261444	-1.5149467862268762	-1.0959711780029122	-0.15562092484660212
chr2_mat	105600000	105800000	0.005513719704678141	-1.2304515544846308	-1.0014255420454612	-0.22478214532581806
chr2_mat	105800000	106000000	0.005820617535779931	-0.9371121823828515	-0.856129309618195	-0.2719328650532994
chr2_mat	106000000	106200000	0.007471872683347132	0.2142866824153185	-0.40425735464055557	-0.2372694487316673
chr2_mat	106200000	106400000	0.007574313013394739	0.10652221729757613	-0.4306273512235449	-0.31339842407715685
chr2_mat	106400000	106600000	0.006304650417431406	-0.5151866284042811	-0.7743258790078202	-0.4272891901040415
chr2_mat	106600000	106800000	0.0073837780330580595	0.1449577927991115	-0.5965613359406773	-0.4383127205428709
chr2_mat	106800000	107000000	0.0072757504200171045	0.7548663635787782	-0.3327183385860949	-0.22336566070481595
chr2_mat	107000000	107200000	0.006925435775186246	0.8254024449667566	-0.37258250486685646	-0.28802976063675917
chr2_mat	107200000	107400000	0.007069977344877122	0.7821119893574837	-0.3872982208583097	-0.3021190822129002
chr2_mat	107400000	107600000	0.006676245658247832	0.827844702132859	-0.41452526014102825	-0.3982467740386947
chr2_mat	107600000	107800000	0.0063324404293839094	0.8537492667774462	-0.3759480383335193	-0.3861245230471476
chr2_mat	107800000	108000000	0.00626800447731661	0.8299549412663979	-0.37579383799699384	-0.33261399277611053
chr2_mat	108000000	108200000	0.0065307132659568334	0.8524734476024406	-0.31625376030399827	-0.31355082144424234
chr2_mat	108200000	108400000	0.0065976289049767675	0.7692947546146943	-0.30806680247979834	-0.28518502928085954
chr2_mat	108400000	108600000	0.006031912652605717	-0.4559989160952573	-0.7606702736914883	-0.43202414000811634
chr2_mat	108600000	108800000	0.004683562268166534	-1.6439940658052181	-1.2642660678260842	-0.5274176351312767
chr2_mat	108800000	109000000	0.007231353893371802	-0.06322172636105915	-0.6944588743012389	-0.4774988038829126
chr2_mat	109000000	109200000	0.006939931686629267	0.6552604603572773	-0.2877088440570131	-0.29956931699211353
chr2_mat	109200000	109400000	0.0062830298984005205	0.5113383309977091	-0.4650813092789757	-0.46587341870200855
chr2_mat	109400000	109600000	0.00678591843900008	0.6860284698684513	-0.35544385861582856	-0.3480315020014325
chr2_mat	109600000	109800000	0.006955235336596013	0.4644618974559092	-0.4554618194160617	-0.42410348953509525
chr2_mat	109800000	110000000	0.0066855975274678105	-0.025816239042981592	-0.6864165959819473	-0.5557825886392417
chr2_mat	110000000	110200000	0.0061067345301265875	-0.9806396318644924	-1.1465691130383657	-0.6785239095788921
chr2_mat	110200000	110400000	0.006309803838310833	-0.5393169401746183	-0.9098580449170309	-0.6500070563054865
chr2_mat	110400000	110600000	0.00546858914349359	-1.0332108865695044	-1.0136754619918864	-0.5097971762923832
chr2_mat	110600000	110800000	0.007181122914925889	0.6253162365445384	-0.4279974434896044	-0.36083735771160413
chr2_mat	110800000	111000000	0.006688657669919346	0.8227324320183411	-0.3482723708649151	-0.3418202960885238
chr2_mat	111000000	111200000	0.006530230831920447	0.8608805709995939	-0.37383143293769616	-0.44580815509773675
chr2_mat	111200000	111400000	0.00641328840113096	0.84705373420107	-0.3937914733775775	-0.4723954791069687
chr2_mat	111400000	111600000	0.00618177067101593	0.8466610038969928	-0.3966676453054675	-0.5566342093542533
chr2_mat	111600000	111800000	0.006172924237311472	0.7386642021248702	-0.33148656294972656	-0.4579212051267014
chr2_mat	111800000	112000000	0.005186498233950444	-1.0603806097750976	-1.1379023176280603	-0.5871162440928975
chr2_mat	112000000	112200000	0.006278362663630897	0.48465700917936394	-0.43783555922484074	-0.4806788011979858
chr2_mat	112200000	112400000	0.0051182990533543745	-0.7309302811561327	-0.9450116407195922	-0.5348353576419536
chr2_mat	112400000	112600000	0.006265091613992801	-0.036368208761368544	-0.6555031914613638	-0.6030201832175999
chr2_mat	112600000	112800000	0.00474222609668154	-1.3663876492775753	-1.1628385457183172	-0.5706062946079496
chr2_mat	112800000	113000000	0.006282892680639444	0.16370227830504314	-0.5447927322330722	-0.527818145238018
chr2_mat	113000000	113200000	0.006759491548222497	0.7138686952750203	-0.39434578504107026	-0.478660427966003
chr2_mat	113200000	113400000	0.006533899646310802	0.16597823819032353	-0.46263545309122994	-0.3534863087954097
chr2_mat	113400000	113600000	0.0058244842561430065	-0.85344118157392	-0.9123503950372098	-0.4456881382188993
chr2_mat	113600000	113800000	0.005247839718490962	-1.524908897362673	-1.2887324855082871	-0.37315796872771206
chr2_mat	113800000	114000000	0.006305147617135122	-0.3911359096226062	-0.7970126530318411	-0.4761219948030756
chr2_mat	114000000	114200000	0.007135575978912036	-0.07964737411771196	-0.6281096314652679	-0.5004627433295741
chr2_mat	114200000	114400000	0.007050683056093017	0.019948305048135124	-0.6039679507944583	-0.6040566555360559
chr2_mat	114400000	114600000	0.005368582116672775	-0.7964324397429635	-0.8970539134414529	-0.5785562260734898
chr2_mat	114600000	114800000	0.006318589574821992	0.642039126764838	-0.37736852320036013	-0.4524105869890351
chr2_mat	114800000	115000000	0.006400503201614863	0.7780512405901369	-0.35982302146795503	-0.5078705758319937
chr2_mat	115000000	115200000	0.006221370205883554	0.4815975818830822	-0.40655466835124077	-0.5008566868564228
chr2_mat	115200000	115400000	0.005376595442870696	-0.8312196239536592	-0.925484381369032	-0.5261318864658133
chr2_mat	115400000	115600000	0.006804137736760628	0.4478565750787497	-0.38578432235661686	-0.4064620291978508
chr2_mat	115600000	115800000	0.006405282164380416	0.25212208104016226	-0.48656176270302254	-0.4386062622488321
chr2_mat	115800000	116000000	0.006751118348477394	0.2716709308350821	-0.5353740814680279	-0.5717899159208972
chr2_mat	116000000	116200000	0.0065477202030800544	-0.24862620672317143	-0.8005431093591113	-0.5833698048158485
chr2_mat	116200000	116400000	0.0043247043144438195	-1.4612086640755733	-1.3027115175784496	-0.3773545900530951
chr2_mat	116400000	116600000	0.006723379638368424	0.7032015441624875	-0.32865545770864446	-0.4039311779111585
chr2_mat	116600000	116800000	0.006734214908200543	0.7360045598984194	-0.4079111093319065	-0.4436906343986719
chr2_mat	116800000	117000000	0.006756117595154475	0.7026263502740927	-0.2870483936554577	-0.36763924228117345
chr2_mat	117000000	117200000	0.006457017550922404	0.013496016569204405	-0.5246052584282761	-0.4084522919684277
chr2_mat	117200000	117400000	0.00513991185656668	-1.2970815156286457	-1.104934706234882	-0.4232805363891472
chr2_mat	117400000	117600000	0.0061019354311168325	-0.8851683420138763	-0.9654532573463153	-0.4884599925599776
chr2_mat	117600000	117800000	0.004661520099627917	-1.681235430762941	-1.5212638944028916	-0.546468854458728
chr2_mat	117800000	118000000	0.005674529675393224	-0.9521241817197091	-1.0940736137785956	-0.5877396916021291
chr2_mat	118000000	118200000	0.006740851211012694	0.5053516341973584	-0.4236895087070884	-0.4786718115185174
chr2_mat	118200000	118400000	0.0065388541632031135	0.7621029716001712	-0.2255831190411574	-0.3707168560603362
chr2_mat	118400000	118600000	0.006778267101273747	0.7597623578807426	-0.28543053302366034	-0.4048783215160243
chr2_mat	118600000	118800000	0.006642053716751195	0.6828925058107855	-0.31451538361290776	-0.33837798968868626
chr2_mat	118800000	119000000	0.0065246121345836185	-0.03161076798875525	-0.4931036650755618	-0.43596013741992773
chr2_mat	119000000	119200000	0.005352591487879796	-1.2129781044297527	-1.146030866712145	-0.5667387295218499
chr2_mat	119200000	119400000	0.006404811896882115	0.0742718673266482	-0.45972717834980387	-0.4166052851447704
chr2_mat	119400000	119600000	0.006961588951467532	0.744642646837981	-0.2525400341806504	-0.40989994290828846
chr2_mat	119600000	119800000	0.006426656624312591	0.6935613518854725	-0.29338903408950184	-0.41244141894545805
chr2_mat	119800000	120000000	0.006586573294351426	0.6059306797326048	-0.28038398620313354	-0.40717574203867063
chr2_mat	120000000	120200000	0.005313600946534355	-0.7926878119686941	-0.7773120916542701	-0.49484415634624823
chr2_mat	120200000	120400000	0.005603489205172103	-0.9868420833931332	-1.1285584285310901	-0.6373214465682875
chr2_mat	120400000	120600000	0.0047992062850255495	-1.8038845949547697	-1.474026200187138	-0.5115075901805592
chr2_mat	120600000	120800000	0.00564897828544011	-0.9264297303962487	-1.0731994100735764	-0.6151272540456258
chr2_mat	120800000	121000000	0.006309337778143353	0.4126655488868711	-0.4163630671212521	-0.4642455022082704
chr2_mat	121000000	121200000	0.006281540947285268	0.6584499298382099	-0.2789374804067833	-0.4586170192402275
chr2_mat	121200000	121400000	0.0060403038283093	0.7521149461988834	-0.2606767794160887	-0.513081641132046
chr2_mat	121400000	121600000	0.005754287513478368	0.7757311382265634	-0.26663459125464256	-0.5205334678801461
chr2_mat	121600000	121800000	0.006256832774531669	0.683522898202886	-0.2728740190768916	-0.4848742933691919
chr2_mat	121800000	122000000	0.005820541370646319	0.04006608473585415	-0.5271581257687069	-0.6366150583252977
chr2_mat	122000000	122200000	0.005988643559720944	0.6862048841352412	-0.2605499280696071	-0.48530691817318594
chr2_mat	122200000	122400000	0.006062163890498808	0.7299596636964323	-0.29835634591008253	-0.5443375697643125
chr2_mat	122400000	122600000	0.006242094300512675	0.3697994762882134	-0.4845925105927957	-0.6003700087990093
chr2_mat	122600000	122800000	0.005572713806243956	-0.3315736134897044	-0.6437362334772917	-0.5612659052341723
chr2_mat	122800000	123000000	0.006470564623999327	0.4953635228040263	-0.3754694139417841	-0.45019120511017036
chr2_mat	123000000	123200000	0.0059663530172040435	-0.7229927322714546	-0.660433021471894	-0.45515215341271203
chr2_mat	123200000	123400000	0.0070469263551438815	0.30093778432611296	-0.320770987025802	-0.38994296920247307
chr2_mat	123400000	123600000	0.006653516630243612	0.2249720945524299	-0.3353635859454277	-0.40718929363317996
chr2_mat	123600000	123800000	0.0058278404757194525	-0.5593552201830932	-0.726627772180915	-0.6600716031199771
chr2_mat	123800000	124000000	0.005611594117680165	-0.04770099621233827	-0.5440903630728842	-0.5798724562256588
chr2_mat	124000000	124200000	0.0056879543473982224	0.7557554402768707	-0.22991407101437975	-0.5281753332807264
chr2_mat	124200000	124400000	0.005817688626992576	0.7604293782344971	-0.20446961063461747	-0.5142510464013146
chr2_mat	124400000	124600000	0.006024591122347014	0.7005546037109947	-0.19769479937317486	-0.49300811013612766
chr2_mat	124600000	124800000	0.005999910793732483	0.5989391751104782	-0.2285443182263737	-0.4616363548207072
chr2_mat	124800000	125000000	0.006522009691215442	0.27415649847300283	-0.37768684632729466	-0.5343483558475096
chr2_mat	125000000	125200000	0.005601514291925296	-1.0965400173281736	-1.0257685143205493	-0.5971527181237323
chr2_mat	125200000	125400000	0.0044736724560641	-1.853951952859523	-1.334981593395513	-0.3292956389009726
chr2_mat	125400000	125600000	0.0043586586535856245	-1.5729461891186098	-1.3182564313957497	-0.4562869200225405
chr2_mat	125600000	125800000	0.005828730437303126	0.3173485913990304	-0.3401103386285192	-0.549984809294135
chr2_mat	125800000	126000000	0.005810530603154158	0.6846734175031096	-0.19946008536711496	-0.45379530629771364
chr2_mat	126000000	126200000	0.005862413071261628	0.7118554916121695	-0.16810600481249818	-0.4821181885206746
chr2_mat	126200000	126400000	0.005949219836247937	0.7174212081102949	-0.1888502233103998	-0.5182301100391301
chr2_mat	126400000	126600000	0.0064727534932080355	0.43209311203369866	-0.25940146505832484	-0.5074703829894609
chr2_mat	126600000	126800000	0.005177758741149764	-0.5325935877229366	-0.545707598146901	-0.4603350099962025
chr2_mat	126800000	127000000	0.006384105093057424	0.45316965188046815	-0.2258830927110179	-0.44879496306365974
chr2_mat	127000000	127200000	0.00599472614849239	0.26127009190179545	-0.30933062021366703	-0.5263081977178303
chr2_mat	127200000	127400000	0.006020649788753081	0.4918340590157586	-0.24032685994420291	-0.46336574998981306
chr2_mat	127400000	127600000	0.005995416776883543	0.2601574804916023	-0.3037076138090349	-0.3920617245133442
chr2_mat	127600000	127800000	0.006591206290356835	0.5947274687442103	-0.20051790778121806	-0.47076871007124965
chr2_mat	127800000	128000000	0.006783889307018293	0.3530591060554957	-0.2093521432426422	-0.36059645694035913
chr2_mat	128000000	128200000	0.005431664784885319	-0.5870180501346861	-0.5298191491240588	-0.3406329264205168
chr2_mat	128200000	128400000	0.0063306872742798625	-0.4099895306220888	-0.533658259783794	-0.3646737399493912
chr2_mat	128400000	128600000	0.004445822015582985	-1.5987338906861723	-1.004259535169153	-0.19088167483307403
chr2_mat	128600000	128800000	0.004762777185016959	-1.3111035361991517	-0.8181137504656786	-0.1552193454602682
chr2_mat	128800000	129000000	0.006421045147637893	-0.4451107341817724	-0.49811289290155114	-0.2486393508373491
chr2_mat	129000000	129200000	0.006569336299332921	-0.1990496224091713	-0.3083731132443888	-0.2927561544421693
chr2_mat	129200000	129400000	0.0055196186812080834	-0.43842555569292535	-0.34907642528515304	-0.2611142594556335
chr2_mat	129400000	129600000	0.006537530026364808	0.5276108560949272	-0.14057503695172494	-0.40097933969315025
chr2_mat	129600000	129800000	0.005859663638371537	-0.6075699807151947	-0.38579309657043803	-0.3447258834538699
chr2_mat	129800000	130000000	0.005588541297654164	-0.590282576091233	-0.35083357634706963	-0.27623812330803893
chr2_mat	130000000	130200000	0.004990717742464539	-1.0708901403659823	-0.6046904496742106	-0.09229540785319272
chr2_mat	130200000	130400000	0.005268335370838802	-1.3964548244140254	-0.8933220187078875	-0.1827695465705742
chr2_mat	130400000	130600000	0.005870470922278256	-1.1123931344068132	-0.7813201150866158	-0.24677691405431781
chr2_mat	130600000	130800000	0.005591287477091345	-0.6248176506606793	-0.4883757828672038	-0.23801277731189918
chr2_mat	130800000	131000000	0.005875926338237157	-0.817900047672415	-0.5136435819950991	-0.2161488482875037
chr2_mat	131000000	131200000	0.00439183303275258	-1.6977337629849993	-0.7608317524018514	0.15237192635109692
chr2_mat	131200000	131400000	0.006880711862894551	-0.08004537076834742	-0.21403802325377191	-0.26536149442780227
chr2_mat	131400000	131600000	0.006687078592693402	-0.2905255656772274	-0.3116303266361367	-0.235672674838994
chr2_mat	131600000	131800000	0.004499909664784109	-1.5090451945136265	-0.7757201121356927	-0.19062679286391548
chr2_mat	131800000	132000000	0.004636532044961255	-1.3845665832399976	-0.7208058328403456	-0.21337745453166387
chr2_mat	132000000	132200000	0.0060392394534379695	0.47337661581018536	-0.1047853188866979	-0.4737852153078422
chr2_mat	132200000	132400000	0.006081414926366017	0.7210050460364317	-0.07487790231500638	-0.5337998217575762
chr2_mat	132400000	132600000	0.0054431582669325716	-0.40669809613818164	-0.21573634797987853	-0.3989471608522831
chr2_mat	132600000	132800000	0.005972547689545874	0.4179554136985366	-0.1501318469728017	-0.501251328844967
chr2_mat	132800000	133000000	0.005796849958498205	0.5772775407861798	-0.07559719798996142	-0.48426190106201344
chr2_mat	133000000	133200000	0.005766235910070162	0.4322791804424065	-0.10799428694060642	-0.4799588675713083
chr2_mat	133200000	133400000	0.005989495323381485	0.3097389648120681	-0.16493423728524723	-0.47914060291345906
chr2_mat	133400000	133600000	0.004660127186566956	-1.300431579414322	-0.6914725139469998	-0.483832559984422
chr2_mat	133600000	133800000	0.005877331694054274	0.4037485796030811	-0.13886988166890613	-0.5058220229961601
chr2_mat	133800000	134000000	0.005958074433507833	0.5895917287083264	-0.03748964379374295	-0.4334408499915824
chr2_mat	134000000	134200000	0.005035873746962512	-0.5238066839989987	-0.3056525910114202	-0.48175014321733506
chr2_mat	134200000	134400000	0.006080774574683969	-0.06274039381206527	-0.191757702264344	-0.5325443328302162
chr2_mat	134400000	134600000	0.005110186853685102	-0.5819716172653008	-0.21852508228349607	-0.39475117788277503
chr2_mat	134600000	134800000	0.005569539984912722	0.6435232688106574	-0.0014745306449628027	-0.434981969442669
chr2_mat	134800000	135000000	0.0056837091349596	0.6918597321411714	-0.025158332083794522	-0.5207261637890744
chr2_mat	135000000	135200000	0.00574017744927924	0.7014151204948325	-0.03777354321108166	-0.5643441122525519
chr2_mat	135200000	135400000	0.005363967385082922	0.6731973171542894	-0.024305656608588997	-0.5392267720323993
chr2_mat	135400000	135600000	0.005401861726425457	0.6340256144840362	-0.052023520168911666	-0.5372530640310873
chr2_mat	135600000	135800000	0.005619196073056273	0.663241042727054	-0.06177875618666329	-0.5937299971394443
chr2_mat	135800000	136000000	0.005593858050704139	0.6678743320291914	0.012398191944038258	-0.5829882833874005
chr2_mat	136000000	136200000	0.0056067749420226545	0.6362342010661785	-0.02691275990257487	-0.5633840552303869
chr2_mat	136200000	136400000	0.005544611220355799	0.6703633738024725	-0.024465610702112436	-0.5437436943157252
chr2_mat	136400000	136600000	0.005602938025045593	0.5071375141488599	-0.1173370348789664	-0.5808473992791047
chr2_mat	136600000	136800000	0.00538844828334803	0.11928142006085214	-0.3157772036260862	-0.6933388654200675
chr2_mat	136800000	137000000	0.005897505393376841	0.4091978379965454	-0.03729418482019965	-0.5131654352541962
chr2_mat	137000000	137200000	0.005930972684747086	0.42781975810396783	-0.03094377796795332	-0.4677613018140405
chr2_mat	137200000	137400000	0.0052130630442756305	-0.9821813910744039	-0.327679896011262	-0.32780547127735565
chr2_mat	137400000	137600000	0.004721456156415135	-1.0120550307340714	-0.2541649835888291	-0.323669825125118
chr2_mat	137600000	137800000	0.006111534465459451	0.2785695430991908	0.069767981765392	-0.367261560477428
chr2_mat	137800000	138000000	0.006320081398655306	0.05287122175384622	0.12752175095720084	-0.3902980720491234
chr2_mat	138000000	138200000	0.006459830752886206	0.5060216440211711	0.13044072866260328	-0.4582750125487958
chr2_mat	138200000	138400000	0.006277724073081979	0.6470718338475206	0.13537101044960811	-0.38830703320795074
chr2_mat	138400000	138600000	0.005767432302298514	-0.22497336884082011	0.013179437232565764	-0.3908199456007873
chr2_mat	138600000	138800000	0.005180924653231973	-0.8367970993282102	-0.12837498169647804	-0.3832023497554563
chr2_mat	138800000	139000000	0.00544990651349769	-0.5133195278045986	0.0074985476134767715	-0.38447914794992816
chr2_mat	139000000	139200000	0.006178033247784232	0.48395352033590944	0.12645287385335757	-0.4495290640252596
chr2_mat	139200000	139400000	0.006312199251510692	0.5139713001521087	0.14896220575545643	-0.4357405812076744
chr2_mat	139400000	139600000	0.006126594102205976	0.6192969916641589	0.15257406786771	-0.356405213947626
chr2_mat	139600000	139800000	0.006747654434557033	0.16541936234263432	0.05256897072389131	-0.30231457578989207
chr2_mat	139800000	140000000	0.004354010970995678	-1.5161239915043776	-0.20778353811958442	-0.07384334729648591
chr2_mat	140000000	140200000	0.005044132951059141	-1.071131209840331	-0.1756878884073718	-0.14879767944029867
chr2_mat	140200000	140400000	0.005530899059427683	-0.838856678682984	-0.15413853692946777	-0.19245060427576677
chr2_mat	140400000	140600000	0.005556912340025147	-0.9180745123110907	-0.19341497441363434	-0.23727501750942445
chr2_mat	140600000	140800000	0.004851468127681442	-1.1401115247306135	-0.05605923118303617	-0.19464154092940664
chr2_mat	140800000	141000000	0.006289729301676062	0.2372811322878315	0.13989330959924687	-0.35355001421604243
chr2_mat	141000000	141200000	0.006030171006878564	0.6630799946741938	0.20110206988509535	-0.48658012402516393
chr2_mat	141200000	141400000	0.005977091012191712	0.5875991803181934	0.20831147092869234	-0.4574122261122001
chr2_mat	141400000	141600000	0.005983772448976771	0.526938194280901	0.19526740192466926	-0.40183245135132334
chr2_mat	141600000	141800000	0.0055967431937346155	-0.7176462286550891	0.04836622737107154	-0.3236783968628187
chr2_mat	141800000	142000000	0.005664337601753678	-0.5357050154900398	0.11578297322767549	-0.37780708229122706
chr2_mat	142000000	142200000	0.0057518539236296445	0.3077678224490037	0.17818622151463268	-0.4026398718455464
chr2_mat	142200000	142400000	0.005601640547629946	-0.036034184712856604	0.15071119703623848	-0.3119677442031446
chr2_mat	142400000	142600000	0.004468004652791137	-1.427756498921961	-0.1263568210168091	-0.3070343107131321
chr2_mat	142600000	142800000	0.005658738950296157	-0.41224746778401605	0.06964645088039965	-0.3334461570337353
chr2_mat	142800000	143000000	0.005980065469121748	0.5371271821431948	0.200907042002904	-0.48096399922282157
chr2_mat	143000000	143200000	0.006068534996760095	0.5507173956664839	0.26277286191756893	-0.43757201691187253
chr2_mat	143200000	143400000	0.005341729295378064	-0.4358420353902746	0.2789097133509489	-0.3255897647469527
chr2_mat	143400000	143600000	0.005909525883906253	0.34980872320107176	0.22424040424204728	-0.4055543785429279
chr2_mat	143600000	143800000	0.005088417033850378	-1.0950863656716288	0.19303188860615292	-0.28247188200063345
chr2_mat	143800000	144000000	0.005561600943301482	-0.49432828960586034	0.20125788750896642	-0.38861976866078474
chr2_mat	144000000	144200000	0.005749112887971001	-0.38819391737076003	0.18256156427889175	-0.3426382555446565
chr2_mat	144200000	144400000	0.005990295430722642	0.36925022118954093	0.2466473187715185	-0.44421520865580344
chr2_mat	144400000	144600000	0.005396936369543989	-0.6639720562966142	0.2161180221836875	-0.3032314162357948
chr2_mat	144600000	144800000	0.004922608687334004	-0.7164042081559383	0.16718606473227282	-0.34139857708968
chr2_mat	144800000	145000000	0.00590507401450488	0.250516274304664	0.24553887823495163	-0.49561678752531274
chr2_mat	145000000	145200000	0.005593308772943339	0.3460368640578826	0.20135610579019178	-0.5488987360498853
chr2_mat	145200000	145400000	0.005464217567795636	0.7074218403673543	0.29781126486220766	-0.6040467736705224
chr2_mat	145400000	145600000	0.005444413292049165	0.7059714609182246	0.2604558900155086	-0.5997390085273301
chr2_mat	145600000	145800000	0.0055331565625306904	0.6484617574814481	0.2804582573050861	-0.5728811820851838
chr2_mat	145800000	146000000	0.00536155069538556	0.5695408486421991	0.23786099003103436	-0.6339252524636885
chr2_mat	146000000	146200000	0.0053889254147323025	0.3454110539600591	0.20221183782901095	-0.5799176064445911
chr2_mat	146200000	146400000	0.005867480815845142	0.6104218824636994	0.28946489275925047	-0.5050402893178242
chr2_mat	146400000	146600000	0.006130329571138188	0.6866527001847164	0.34268634443117224	-0.5059195779108482
chr2_mat	146600000	146800000	0.006065683216814642	0.6717644853818022	0.38216520640611173	-0.5517186267198936
chr2_mat	146800000	147000000	0.006202575546455572	0.39200844739904156	0.2997595775548291	-0.43277239913574533
chr2_mat	147000000	147200000	0.006432546307324874	-0.08603266527862792	0.3199853701317086	-0.3838837205813113
chr2_mat	147200000	147400000	0.00590479838703185	-0.8962371586365029	0.3127296052537549	-0.2937218009947587
chr2_mat	147400000	147600000	0.00435706778062346	-1.4425599789970927	0.23202732010735677	-0.08813670757074257
chr2_mat	147600000	147800000	0.006029936968060255	-0.2086964885882464	0.33933841706919077	-0.38166832665489864
chr2_mat	147800000	148000000	0.0046899832409016	-1.2252924631758548	0.39166559882068036	-0.21002787351259591
chr2_mat	148000000	148200000	0.0059617813542522284	-0.021989125636945276	0.4476046032795775	-0.47302482526209727
chr2_mat	148200000	148400000	0.005878138773013988	0.7701780821291283	0.445308563661331	-0.622451545088112
chr2_mat	148400000	148600000	0.005802536011310089	0.8245809780293613	0.4300882721744951	-0.6651204726689797
chr2_mat	148600000	148800000	0.005514034864022424	0.7872303593092943	0.48911804534557995	-0.7053782877838011
chr2_mat	148800000	149000000	0.005836609061928086	0.7143968834555084	0.512017030133364	-0.6672380485919803
chr2_mat	149000000	149200000	0.005963456364925806	0.4949890450042363	0.5307925275825165	-0.5975577942633962
chr2_mat	149200000	149400000	0.005968127234798747	0.6952101505003602	0.553314801485155	-0.6209440353180532
chr2_mat	149400000	149600000	0.006271110645898478	0.7019804395616214	0.6097055300133077	-0.6413306456096693
chr2_mat	149600000	149800000	0.00589258285278221	0.7732585293063093	0.5924031507786396	-0.6606772341063313
chr2_mat	149800000	150000000	0.005609439872628021	0.7275392259797747	0.5588760989105941	-0.6483497082270909
chr2_mat	150000000	150200000	0.00550958913551534	0.31041426294963537	0.6135128564029487	-0.5494406512310596
chr2_mat	150200000	150400000	0.00507065872435111	0.08173065452029692	0.6198462090526974	-0.44296856014833663
chr2_mat	150400000	150600000	0.004377127668729674	-1.222296888174052	0.7324734451722185	-0.2632611590031279
chr2_mat	150600000	150800000	0.007636204356865565	-0.3809639690662976	0.57271033005999	-0.3473612261078595
chr2_mat	150800000	151000000	0.007132159632221108	-0.36663161472865907	0.5417853024615829	-0.12061131186623233
chr2_mat	151000000	151200000	0.006119547659882665	-0.5759854818058101	0.3930228234417215	0.09594303805637748
chr2_mat	151200000	151400000	0.011547294522021865	-1.16814922493959	0.42065058831072655	0.15128418423462672
chr2_mat	151400000	151600000	0.013369805433993739	-0.7126361783879225	0.4440043181581608	0.09845176107084554
chr2_mat	151600000	151800000	0.004986438807155994	-0.5259935446687496	0.4045634758601042	0.143619748661955
chr2_mat	151800000	152000000	0.008892499671331456	-1.2773472481381665	0.30363973928074495	0.2806556080265148
chr2_mat	152000000	152200000	0.006629388104768855	-1.6169614800553633	0.27344652358544425	0.23346076227144708
chr2_mat	152200000	152400000	0.004622517534753397	-1.5698621540436026	0.357850846966678	0.20860096965712885
chr2_mat	152400000	152518735				
chr3_mat	0	200000				
chr3_mat	200000	400000	0.004688111401893577	-1.6587999618744746	-0.12732034161760636	-0.512575892506741
chr3_mat	400000	600000	0.008877417840217552	-1.3012789737003423	-0.2514368070693673	-0.6739356011323057
chr3_mat	600000	800000	0.005973603148990832	-1.6366875720651077	-0.07734856851791735	-0.47379808975717713
chr3_mat	800000	1000000	0.005660264075576584	-1.1909306815160108	-0.38183369960470515	-0.8115247118801553
chr3_mat	1000000	1200000	0.003844506177883586	0.1358061851066751	-0.5262718545395333	-0.5574949025996901
chr3_mat	1200000	1400000	0.0056127111432894665	0.1436991561320533	-0.5290139621783355	-0.5754751913240483
chr3_mat	1400000	1600000	0.005799800626883823	0.22800161493569907	-0.5113418804187914	-0.5634438709907578
chr3_mat	1600000	1800000	0.008144978749477035	0.22775252535053878	-0.39357540988320205	-0.5120604672285433
chr3_mat	1800000	2000000	0.011215613458833719	-0.26320921032517663	-0.41757535638910576	-0.6577897390421266
chr3_mat	2000000	2200000	0.006596604551907894	-0.5071700713314414	-0.5079239461080337	-0.7155575506567526
chr3_mat	2200000	2400000	0.0058443166257849625	-0.8871243721760678	-0.5090168812382057	-0.6141471756033783
chr3_mat	2400000	2600000	0.004956322762520987	-0.8580287792035631	-0.6413556828045733	-0.6555772594581779
chr3_mat	2600000	2800000	0.005372931153260896	-0.8237744850259834	-0.653686485939543	-0.73826665800157
chr3_mat	2800000	3000000	0.005588850882510297	0.38811631789161255	-0.778990663340815	-0.48126836233528447
chr3_mat	3000000	3200000	0.005506105565749535	-0.039740027351468664	-0.7176851957915339	-0.5058459092415045
chr3_mat	3200000	3400000	0.0059811695965921235	-0.14258361575269626	-0.6548094319377913	-0.4955665033202586
chr3_mat	3400000	3600000	0.004818938965931799	-1.306752251501409	-0.5043501931755637	-0.5592384935814316
chr3_mat	3600000	3800000	0.005465952802012317	-0.913728791285329	-0.5368064962559267	-0.5325009998814545
chr3_mat	3800000	4000000	0.006516894401544846	-0.7027483625010303	-0.6027477300961602	-0.49814748807285414
chr3_mat	4000000	4200000	0.005619725530205575	-0.026147481834462458	-0.6258882342413079	-0.45872882048495356
chr3_mat	4200000	4400000	0.005615511313735167	0.7960840090925486	-0.6668713644476928	-0.41803432693818376
chr3_mat	4400000	4600000	0.005614015251652667	0.9290248896163754	-0.6300738374027229	-0.40731138365993086
chr3_mat	4600000	4800000	0.006040787104936667	0.9349614558312198	-0.6356415168151316	-0.38582781080001416
chr3_mat	4800000	5000000	0.005659965970758773	0.9292945795676782	-0.60498837717238	-0.4026842971869942
chr3_mat	5000000	5200000	0.005239896258992466	-0.29397530111507486	-0.5331357206289407	-0.4056519420172496
chr3_mat	5200000	5400000	0.0042720815202828225	-1.0813485997884236	-0.5306898356118082	-0.4816377960669988
chr3_mat	5400000	5600000	0.0059505376361593575	0.23840842842639864	-0.454644735895034	-0.30982354193383177
chr3_mat	5600000	5800000	0.005443651207896514	-0.5074447384313212	-0.549928048782448	-0.25797439032490543
chr3_mat	5800000	6000000	0.005376480300266688	-0.2092362149706682	-0.5197370343054448	-0.2404470887798656
chr3_mat	6000000	6200000	0.00580694613403609	-0.002935314965502006	-0.5760729767170385	-0.3368421342273265
chr3_mat	6200000	6400000	0.004600014180853494	-1.2431149921707252	-0.5273971348989569	-0.4258959305836683
chr3_mat	6400000	6600000	0.00640917296733091	0.08823935372774855	-0.5985889013731728	-0.34475911334934206
chr3_mat	6600000	6800000	0.006213796743171978	0.767073128741038	-0.5288235092315879	-0.33777250024027106
chr3_mat	6800000	7000000	0.006017348008723151	0.40397750476507843	-0.6410578664394205	-0.4342162494391481
chr3_mat	7000000	7200000	0.006501355126428004	0.5552473037142049	-0.6408082880896975	-0.38045653877914687
chr3_mat	7200000	7400000	0.005397720723020807	-0.6645571238106259	-0.5435209164436484	-0.41299382216681196
chr3_mat	7400000	7600000	0.004871483664197296	-1.1785269933069782	-0.5935225706495837	-0.3380216941354882
chr3_mat	7600000	7800000	0.004559893550492349	-1.4298111412211922	-0.48843256417567915	-0.27402076148974114
chr3_mat	7800000	8000000	0.005865939067112306	-0.15992893919008194	-0.6358013091470346	-0.23970085318533702
chr3_mat	8000000	8200000	0.005992029934801284	0.18058930650120716	-0.667196140456827	-0.3242917092512988
chr3_mat	8200000	8400000	0.005842704645951913	0.8867514501054836	-0.5205189072414446	-0.29092613262930217
chr3_mat	8400000	8600000	0.005732198212286099	0.9543707772606032	-0.4754568398886775	-0.28834202247820806
chr3_mat	8600000	8800000	0.005636541905588589	0.970283025755808	-0.5106415625875861	-0.3196426468682742
chr3_mat	8800000	9000000	0.006265043256054519	0.932133354844679	-0.4745706899141821	-0.2679941815399152
chr3_mat	9000000	9200000	0.0060036356460563736	0.9183660048284668	-0.46118309982608313	-0.30488697526019165
chr3_mat	9200000	9400000	0.005958462870854148	0.9170764629005739	-0.4198044999926588	-0.3121740823849097
chr3_mat	9400000	9600000	0.005857429365366918	0.7768021545056987	-0.5059667350950037	-0.34103591352580953
chr3_mat	9600000	9800000	0.00599471747192928	0.06259982705130825	-0.6304216116342662	-0.23009163126811089
chr3_mat	9800000	10000000	0.006688435729137518	-0.5111696452183991	-0.6923360851736643	-0.18488529161474868
chr3_mat	10000000	10200000	0.005384423496151911	-1.3709259431470189	-0.6156960287539169	-0.06939919914452143
chr3_mat	10200000	10400000	0.005149092406605026	-1.179481776298208	-0.5857516412221807	-0.1932564047854363
chr3_mat	10400000	10600000	0.0064359241175804	0.6598229638377994	-0.5484531124156246	-0.27525474496191665
chr3_mat	10600000	10800000	0.00643529115895093	0.8646175677831067	-0.5301830148176986	-0.2688403466634802
chr3_mat	10800000	11000000	0.006270774743587357	0.9330579275762867	-0.4875625246649266	-0.2823492587230155
chr3_mat	11000000	11200000	0.006048914564840029	0.3568469550675062	-0.6351982231481138	-0.30885151213712264
chr3_mat	11200000	11400000				
chr3_mat	11400000	11600000				
chr3_mat	11600000	11800000				
chr3_mat	11800000	12000000				
chr3_mat	12000000	12200000				
chr3_mat	12200000	12400000				
chr3_mat	12400000	12600000				
chr3_mat	12600000	12800000				
chr3_mat	12800000	13000000	0.006388362594989704	0.7090848623670001	-0.527082163702548	-0.2461926032773955
chr3_mat	13000000	13200000	0.005513520489909528	-0.1739231463416762	-0.7468977673283606	-0.24726817340722354
chr3_mat	13200000	13400000	0.005715466249568214	0.856116898726287	-0.41164912446383733	-0.23079451377535068
chr3_mat	13400000	13600000	0.005620344929260855	0.740052321441004	-0.4294622952494049	-0.1995688631937845
chr3_mat	13600000	13800000	0.005700394937511922	0.43411196004960667	-0.3936067547649501	-0.08942303691606913
chr3_mat	13800000	14000000	0.006053412930962836	0.1740566037110538	-0.48359090159854407	-0.07949776555189875
chr3_mat	14000000	14200000	0.005596274500941047	0.3532831918156294	-0.43100991741199157	-0.10955952133526797
chr3_mat	14200000	14400000	0.00466254719693843	-0.9731671467841736	-0.6370149256103593	0.08464912357795998
chr3_mat	14400000	14600000	0.0054760878487395415	0.48607025691118705	-0.42343900081681507	-0.11512441809393228
chr3_mat	14600000	14800000	0.0056923603257195005	0.8405356889043281	-0.3796785162370491	-0.19656791826119344
chr3_mat	14800000	15000000	0.005508821972938919	0.9002233616769779	-0.3578419212275808	-0.1992677867414207
chr3_mat	15000000	15200000	0.006002415883452878	0.8965444248636367	-0.39126772104868074	-0.204652651692953
chr3_mat	15200000	15400000	0.006082452441391652	0.7956439895348171	-0.4070870721356343	-0.1966886111417374
chr3_mat	15400000	15600000	0.005963067408753664	0.826226746847379	-0.38547025919911476	-0.19061878822625483
chr3_mat	15600000	15800000	0.006318463741209793	0.6671403888834633	-0.36390292457467716	-0.19035091232419452
chr3_mat	15800000	16000000	0.005104142050789548	-0.5498083164993663	-0.4573726476115462	-0.006656179232989319
chr3_mat	16000000	16200000	0.005392170232235262	-0.6913850240685716	-0.46686283573138776	0.23684762372575424
chr3_mat	16200000	16400000	0.005171332129003362	-0.7189716515967013	-0.4587351657046338	0.22787819721551572
chr3_mat	16400000	16600000	0.005648760149182345	-0.7287056913247209	-0.4269939249528182	0.21980540205550908
chr3_mat	16600000	16800000	0.006359521625438509	-0.18633350910560478	-0.4355394126638996	0.14065779882660573
chr3_mat	16800000	17000000	0.0056595017348218275	-0.6972015531178557	-0.39855206657510545	0.23621059318206183
chr3_mat	17000000	17200000	0.004707625336578724	-1.1121167246450443	-0.40050281056207404	0.3545481084993007
chr3_mat	17200000	17400000	0.005974934934379816	0.09180462568969185	-0.3901840519524425	-0.009682209059026017
chr3_mat	17400000	17600000	0.005720989881358619	-0.38944518667083233	-0.40893068564392787	0.04301571366080971
chr3_mat	17600000	17800000	0.006101801247851532	0.30536021097694943	-0.4119178637313298	0.0407654493113198
chr3_mat	17800000	18000000	0.005928019672016872	0.4874215374660772	-0.3326660899256097	-0.023239390313287894
chr3_mat	18000000	18200000	0.005871602682980598	0.43780263533686153	-0.28737839342247073	-0.04536453731435295
chr3_mat	18200000	18400000	0.004482014438411036	-1.2326414734276812	-0.391423056254594	0.3451354673654137
chr3_mat	18400000	18600000	0.006215824336778812	0.29599027260091837	-0.3571175780696229	-0.06340213996377568
chr3_mat	18600000	18800000	0.0061641902639937565	0.6412171510837926	-0.29709979313879226	-0.03732140051491224
chr3_mat	18800000	19000000	0.006205797153060731	0.6056276394420999	-0.3588951671390169	-0.06862701236259923
chr3_mat	19000000	19200000	0.006082939934301016	0.7749814426829406	-0.3193408933285474	-0.09780584051846053
chr3_mat	19200000	19400000	0.005821919794055316	0.7908433038369549	-0.24648375998274732	-0.09516963218366822
chr3_mat	19400000	19600000	0.005948626548174491	0.49395396054731733	-0.2911172622214588	-0.04776994344787735
chr3_mat	19600000	19800000	0.004566589059230377	-1.3843564357589226	-0.4993729514784671	0.4398856753664181
chr3_mat	19800000	20000000	0.006114214988776393	0.24706276322349063	-0.42299809504108254	0.0776807142236851
chr3_mat	20000000	20200000	0.0062417865285535465	0.822043941549171	-0.28538217167705526	-0.044094848605992304
chr3_mat	20200000	20400000	0.006061955755781088	0.8549080367433043	-0.29874993259199817	-0.05485362445924661
chr3_mat	20400000	20600000	0.005935551212586785	0.8189299456596347	-0.23013171463886362	-0.07370442013659165
chr3_mat	20600000	20800000	0.006311440405603538	0.8477241123577814	-0.19089683666724086	-0.07719549391472365
chr3_mat	20800000	21000000	0.005926100240285708	0.8356985193950291	-0.2953160689154267	-0.023404039483034975
chr3_mat	21000000	21200000	0.005863898132260309	0.7682943245394865	-0.26943088326295617	-0.040371694004389225
chr3_mat	21200000	21400000	0.006003299347920393	0.38081973500404437	-0.391242100949287	0.014405491751812062
chr3_mat	21400000	21600000	0.005135791426045218	-0.5484104374748932	-0.5308559469529823	0.38338770560078345
chr3_mat	21600000	21800000	0.005073086589944941	-0.8886919964412947	-0.6696825950311671	0.7063493276234943
chr3_mat	21800000	22000000	0.005815135957854292	-0.17566684017994413	-0.46893228441328405	0.25329795100895836
chr3_mat	22000000	22200000	0.0055529797584730894	0.7197596251744752	-0.29625786824631944	0.030875468466376805
chr3_mat	22200000	22400000	0.005859756694658364	0.530816465858375	-0.34510245994086947	0.12284609893971632
chr3_mat	22400000	22600000	0.006148978923439615	0.525060717165898	-0.39286777045202304	0.11594551753579851
chr3_mat	22600000	22800000	0.005987906348006664	0.7727450785132365	-0.19841975110645732	0.030036427480864086
chr3_mat	22800000	23000000	0.005653977705332671	0.8030802834139642	-0.23106559459929513	0.025700393911526332
chr3_mat	23000000	23200000	0.005908266624778857	0.7958021644361297	-0.2844908571514083	0.08125171527011242
chr3_mat	23200000	23400000	0.005701126187042311	0.80408317171991	-0.27421928479986374	0.07950340731851593
chr3_mat	23400000	23600000	0.005845110386651374	0.7882115107336262	-0.23898049061806156	0.057432011571853306
chr3_mat	23600000	23800000	0.0058176269407270885	0.7888576431988088	-0.21547153250167092	0.02338626586706636
chr3_mat	23800000	24000000	0.005824141434389363	0.8005873676281682	-0.23675708755116054	0.04939102117880924
chr3_mat	24000000	24200000	0.005924854388360099	0.8566574709199807	-0.23786847100260278	0.03433757260043276
chr3_mat	24200000	24400000	0.00618957329030813	0.8218345426099033	-0.2895610740358016	0.045091510308417286
chr3_mat	24400000	24600000	0.006023254679754053	0.8314603162022901	-0.21193617568180156	0.022946129889959647
chr3_mat	24600000	24800000	0.00616057226598346	0.6638412029013245	-0.28528370162914574	0.07291941816561744
chr3_mat	24800000	25000000	0.005534336659153954	-0.49079958914792143	-0.6849669360559868	0.5229410613743832
chr3_mat	25000000	25200000	0.004669375801064762	-1.3839390775162044	-0.5569955695665711	1.0269596150618105
chr3_mat	25200000	25400000	0.004666705769876321	-1.4982425911757074	-0.4918267304727795	1.042657864456716
chr3_mat	25400000	25600000	0.00629094693317641	0.3017821068291939	-0.44067835584404325	0.23332702226151877
chr3_mat	25600000	25800000	0.0064867128008044145	0.7877452360807115	-0.27850531953982965	0.038539091313619926
chr3_mat	25800000	26000000	0.006401634552329613	0.8530795979140525	-0.25299044391043424	0.04009681847553408
chr3_mat	26000000	26200000	0.005947355454168105	0.8563532705677411	-0.1887440017880656	0.04334664942498331
chr3_mat	26200000	26400000	0.006162294185368072	0.8376466933556715	-0.2325028589466836	0.03790706403693001
chr3_mat	26400000	26600000	0.006111119102259083	0.675161498595024	-0.2946162310154701	0.07706511903179929
chr3_mat	26600000	26800000	0.005527647917875355	-0.630948384774264	-0.6695984151640593	0.4749427353264589
chr3_mat	26800000	27000000	0.0062579116024311585	0.5309402058407234	-0.3736492432163422	0.14657299259194229
chr3_mat	27000000	27200000	0.0063929248384451175	0.808298931352626	-0.2837088021136564	0.07420053277521314
chr3_mat	27200000	27400000	0.006340262435934928	0.6979028001139247	-0.2705865910951829	0.09761191715196485
chr3_mat	27400000	27600000	0.006259901332479284	0.7255184321771808	-0.2925646696228687	0.09404533842071058
chr3_mat	27600000	27800000	0.006146186772427219	0.39079362336636697	-0.4157125004879658	0.2338996681587568
chr3_mat	27800000	28000000	0.0045186245639419155	-1.2900979812702118	-0.549432100381734	0.9960473252280205
chr3_mat	28000000	28200000	0.0060470438671416495	0.7277568488665228	-0.2913722239370575	0.08626525825117104
chr3_mat	28200000	28400000	0.005849224864108289	0.8396246703439912	-0.1975079935691944	0.06263150065632225
chr3_mat	28400000	28600000	0.00580241266486085	0.8313302806060058	-0.24741183752728405	0.12539486249052612
chr3_mat	28600000	28800000	0.005870840235094063	0.8360434041571724	-0.3094798595673873	0.13025877233259747
chr3_mat	28800000	29000000	0.005685545908175101	0.8199118582600323	-0.3122277863509442	0.16426231867497612
chr3_mat	29000000	29200000	0.0057111038249879845	0.8512348973370364	-0.28690671278678365	0.12773120432002508
chr3_mat	29200000	29400000	0.005971250821474491	0.8536399069945927	-0.3090433920017253	0.14984501087331675
chr3_mat	29400000	29600000	0.005813265436486408	0.8633353381705532	-0.3024532287444225	0.098212094278253
chr3_mat	29600000	29800000	0.005943435782082501	0.8461304839202551	-0.3250981293764876	0.1524582233389972
chr3_mat	29800000	30000000	0.006251791384584575	0.8226805556323862	-0.2991461910185887	0.13891324928853901
chr3_mat	30000000	30200000	0.00607432951156244	0.6909860240721687	-0.3577124721615194	0.1676748866377782
chr3_mat	30200000	30400000	0.005358148248095173	-0.5686940129296588	-0.689590053585669	0.5884408218328929
chr3_mat	30400000	30600000	0.0063538936048733	0.4412219498960372	-0.43653989493959644	0.26692253482077544
chr3_mat	30600000	30800000	0.0056393515854249576	-0.4166176067789741	-0.6108377883002348	0.6275270373807305
chr3_mat	30800000	31000000	0.006044586688074172	-0.4012477590753196	-0.5938872024504449	0.6162219011478312
chr3_mat	31000000	31200000	0.006256309922258023	-0.028463160886669874	-0.4755879280618298	0.3088285731712774
chr3_mat	31200000	31400000	0.006301113542350953	0.7322618235241711	-0.3557361320169664	0.14052775470131726
chr3_mat	31400000	31600000	0.006345603513928549	0.8003411243054781	-0.27518439967513697	0.1147130898344014
chr3_mat	31600000	31800000	0.006402173597163799	0.6038187077526477	-0.32823134407890703	0.1611101000276373
chr3_mat	31800000	32000000	0.005220664454861529	-0.9687572761494041	-0.5566268153027445	0.7422392519496592
chr3_mat	32000000	32200000	0.00654790095990905	0.2936957595193358	-0.3959770729788176	0.27741040960902974
chr3_mat	32200000	32400000	0.006424931157848284	0.7529612729000105	-0.3375496962246198	0.1469457125927671
chr3_mat	32400000	32600000	0.006578972636200453	0.5987811000588935	-0.3216845789942805	0.2050857106303704
chr3_mat	32600000	32800000	0.005429457147622524	-0.7568053231858074	-0.6266228028703862	0.6950698130272118
chr3_mat	32800000	33000000	0.005516323749287123	-0.42432860458686655	-0.5540191026077665	0.5358480975753519
chr3_mat	33000000	33200000	0.006243022026740096	0.7449073075577786	-0.31173389001044005	0.12817270624311974
chr3_mat	33200000	33400000	0.006177833874355861	0.6708996775523663	-0.3130126763617467	0.20759777466447385
chr3_mat	33400000	33600000	0.006850507969920666	0.7191544968698872	-0.33573771245470335	0.20657963631306198
chr3_mat	33600000	33800000	0.006869499278839275	0.5299706166684445	-0.42581217268950716	0.2649526510769107
chr3_mat	33800000	34000000	0.0050699017678352285	-1.227169338969145	-0.6922720187920407	1.1277049531090262
chr3_mat	34000000	34200000	0.005281832572132027	-1.3504276618219533	-0.5514741177788935	1.1761824970613326
chr3_mat	34200000	34400000	0.005722437668772897	-0.43445055745485434	-0.526468201468716	0.43774847832139907
chr3_mat	34400000	34600000	0.006651880081826164	0.7152782780936385	-0.3403214534515469	0.09218387288792193
chr3_mat	34600000	34800000	0.0064312520508511065	0.8555145938856995	-0.3071759218990745	0.13229972299190013
chr3_mat	34800000	35000000	0.006537639826393141	0.7345836280980503	-0.3468040035650621	0.1799935188111159
chr3_mat	35000000	35200000	0.005560058417247232	-0.4119607914415115	-0.4886562955198564	0.5822836506025432
chr3_mat	35200000	35400000	0.006702262292813238	-0.32883844662800593	-0.5189784178300983	0.5577037308853813
chr3_mat	35400000	35600000	0.00434020032934074	-1.4566831174645098	-0.4144450040254401	1.1116837472115013
chr3_mat	35600000	35800000	0.00658737366096325	0.4042025182237194	-0.40598728055206473	0.24972942390294436
chr3_mat	35800000	36000000	0.0052986505906692785	-0.8005659389938895	-0.5925786217067782	0.720324094242585
chr3_mat	36000000	36200000	0.006988828967550089	0.5683901234749351	-0.41395425344687437	0.2347606871732436
chr3_mat	36200000	36400000	0.006848009352968284	0.7350300477341183	-0.3914556162292445	0.21509750821918874
chr3_mat	36400000	36600000	0.004937058213864175	-1.026921540398622	-0.4526637598483741	0.8353322509106266
chr3_mat	36600000	36800000	0.0069488654236566395	0.24294212492308115	-0.41082815874522044	0.3642122807798648
chr3_mat	36800000	37000000	0.005984682409991553	-0.6521506338150322	-0.45860645827611035	0.7188209069960771
chr3_mat	37000000	37200000	0.004802269440746509	-1.4563674796120203	-0.38468401750504133	1.3224871028551934
chr3_mat	37200000	37400000	0.007146974259666119	-0.09518823432228077	-0.457910980114892	0.6371225280783823
chr3_mat	37400000	37600000	0.0057841612865072445	-1.1852711665840658	-0.579842068775746	1.350611154494882
chr3_mat	37600000	37800000	0.005255905753730564	-1.386861004840264	-0.401503060958784	1.3306049735150736
chr3_mat	37800000	38000000	0.0056157202438451	-0.9598710282184577	-0.5977942642269967	0.9796243007900411
chr3_mat	38000000	38200000	0.006461331449118166	-0.5614641791196505	-0.5400074633344997	0.7755230061881316
chr3_mat	38200000	38400000	0.005500867063556083	-0.9231950455577795	-0.6235770113302396	0.8207010649332677
chr3_mat	38400000	38600000	0.006562453001829583	0.6618168960690571	-0.5216116935836467	0.3573944636535309
chr3_mat	38600000	38800000	0.0061048118371941195	0.8912330252700313	-0.375662456919159	0.18019418173146978
chr3_mat	38800000	39000000	0.005962467373262725	0.910436722385021	-0.3967510929075314	0.20015586743657876
chr3_mat	39000000	39200000	0.005920685658752575	0.913495883149744	-0.33880333756101544	0.22683120993271252
chr3_mat	39200000	39400000	0.006313031690546602	0.8963283577497873	-0.35156433429761874	0.2561151917292167
chr3_mat	39400000	39600000	0.006020462506455795	0.7679363386716618	-0.4321527812807265	0.3081109588707641
chr3_mat	39600000	39800000	0.006016208746464492	0.6807289651251607	-0.5100233098673332	0.3655923584773104
chr3_mat	39800000	40000000	0.006075947120078854	0.9158317706476569	-0.37424780864021867	0.24692080783575435
chr3_mat	40000000	40200000	0.00592645153742312	0.8933929034813014	-0.33910609560456384	0.18595344223106744
chr3_mat	40200000	40400000	0.005904870345641667	0.4527622827615004	-0.5219408783807796	0.3698138212093158
chr3_mat	40400000	40600000	0.006269413490178099	0.6743656310914748	-0.47251300606965146	0.3090790465121801
chr3_mat	40600000	40800000	0.005368077867894875	-0.8170944363527554	-0.7140711129144988	0.8380011235543856
chr3_mat	40800000	41000000	0.006036590358646918	-0.20548776026641144	-0.5736785007042576	0.5045214876658645
chr3_mat	41000000	41200000	0.005891311460125428	0.16072889964386083	-0.5320122323136292	0.38040264917782934
chr3_mat	41200000	41400000	0.006360493033418493	0.8603751243932235	-0.3494532628083954	0.17480242430881845
chr3_mat	41400000	41600000	0.006679453755690921	0.7619959029293909	-0.30032096077156023	0.15626969966664714
chr3_mat	41600000	41800000	0.0068407793586000055	-0.32813680637985276	-0.5646240557388379	0.581455854214857
chr3_mat	41800000	42000000	0.006529645061389228	-0.5182876758640939	-0.5400045445743152	0.622891097159711
chr3_mat	42000000	42200000	0.004896229656599192	-1.4864558392106977	-0.46229515683450556	1.1741637455475884
chr3_mat	42200000	42400000	0.006890249048686938	0.5217367579893073	-0.39973836681468256	0.19837037047309355
chr3_mat	42400000	42600000	0.006306260705365896	0.09820079213770226	-0.5335007193197688	0.4077864623414093
chr3_mat	42600000	42800000	0.005137407170527228	-1.3235149132844886	-0.7857277650402559	1.3416715995158242
chr3_mat	42800000	43000000	0.005793617851258501	-0.25344286355108653	-0.7050939720982372	0.7108886992102572
chr3_mat	43000000	43200000	0.006211926462955918	0.7996087070600119	-0.3990478521510353	0.19317251217767656
chr3_mat	43200000	43400000	0.006519859397881066	0.9047765200461032	-0.394577051063272	0.20222870772101084
chr3_mat	43400000	43600000	0.00592148154472366	0.9295116311881585	-0.36107325504419674	0.2110599350050672
chr3_mat	43600000	43800000	0.00631111612158565	0.921160540477743	-0.38308299203134644	0.2580704825611703
chr3_mat	43800000	44000000	0.005907840647533911	0.8951897594589402	-0.34087236554117223	0.1877834611783294
chr3_mat	44000000	44200000	0.006508669687338582	0.924661259336693	-0.38446403503576276	0.21807622968993093
chr3_mat	44200000	44400000	0.00676462432357726	0.661904442024637	-0.4365726569798958	0.2484010204879912
chr3_mat	44400000	44600000	0.005759392359124284	-0.5460394698997892	-0.501569550217112	0.5653381945412941
chr3_mat	44600000	44800000	0.006106232102707835	-0.29266794821725867	-0.5223948247078264	0.5012316770711936
chr3_mat	44800000	45000000	0.007287398147275605	0.4113027138625221	-0.46984880295886255	0.30627169293868545
chr3_mat	45000000	45200000	0.006842410611004981	0.09607170636249585	-0.4597322429456096	0.36245768479862034
chr3_mat	45200000	45400000	0.005551134890695514	-0.7711010049520316	-0.516183721364141	0.5638208490921071
chr3_mat	45400000	45600000	0.006682727406435338	-0.2632021043235012	-0.5890123286149387	0.5006393805749612
chr3_mat	45600000	45800000	0.007460512152451043	0.2487444476039475	-0.4427987440519703	0.2528945867325918
chr3_mat	45800000	46000000	0.005974836650414947	-0.7956209996784883	-0.3931218652357636	0.6440566208190193
chr3_mat	46000000	46200000	0.005290970174429125	-1.3608478840476173	-0.2673906472776802	1.1367094041878643
chr3_mat	46200000	46400000	0.00489473414724229	-1.4490613659140286	-0.11089910778792542	1.227848047764344
chr3_mat	46400000	46600000	0.006201830272107142	-0.7571864730689036	-0.520650235442759	0.8730834962186415
chr3_mat	46600000	46800000	0.004932192598718444	-1.1743265155141722	-0.3656457137830514	0.9266366595012979
chr3_mat	46800000	47000000	0.0054737892405136625	-0.8271947862417304	-0.4201307822697068	0.7625053915023096
chr3_mat	47000000	47200000	0.005311143099412933	-1.3286379250473033	-0.5207244478850793	1.1861145851307042
chr3_mat	47200000	47400000	0.005365833344486359	-0.9944536496930059	-0.5618012954268718	0.9388946739026901
chr3_mat	47400000	47600000	0.00637990047872612	-0.4213025856019005	-0.5911197600517933	0.5181405271110828
chr3_mat	47600000	47800000	0.006267833047646431	-0.22479504929749522	-0.5190761641493978	0.3714816684323416
chr3_mat	47800000	48000000	0.00708452797758326	0.6372611709694213	-0.3920634310932518	0.10126125684223121
chr3_mat	48000000	48200000	0.006745761597259379	0.8852941892307744	-0.36388359051570746	0.1442398045356854
chr3_mat	48200000	48400000	0.006595837747944504	0.9144090838417631	-0.39223668853222876	0.14780292655468763
chr3_mat	48400000	48600000	0.006937703087538195	0.7421972893802541	-0.35817600288191853	0.16432471172038454
chr3_mat	48600000	48800000	0.005630051547464163	-0.3654966238076911	-0.5978320467883624	0.41175851618608644
chr3_mat	48800000	49000000	0.006470439644134383	0.7008590890217282	-0.36032155087719336	0.15010745551947402
chr3_mat	49000000	49200000	0.006382394418388131	0.9267147061431328	-0.3380197769405923	0.15691250697531026
chr3_mat	49200000	49400000	0.006294578845078922	0.9170605936058641	-0.34258448866865676	0.16006127971171505
chr3_mat	49400000	49600000	0.005827257734605451	0.16411602782511617	-0.46789482686378253	0.3002462940288109
chr3_mat	49600000	49800000	0.005408626809035601	-0.6225268599243183	-0.524356072578077	0.5764437455625552
chr3_mat	49800000	50000000	0.006872647607759459	0.1659496879483852	-0.38866663321282124	0.2980478995827682
chr3_mat	50000000	50200000	0.005569170364627277	-0.538216315063835	-0.40854603091186004	0.42493152543055396
chr3_mat	50200000	50400000	0.007012790854942878	0.34183206247838566	-0.3245474640119928	0.1671809366022876
chr3_mat	50400000	50600000	0.006657319180425549	0.5632248358895788	-0.3507827009734735	0.21674500399524005
chr3_mat	50600000	50800000	0.005581195148029205	-0.32179242926117424	-0.5792043396716785	0.4729019110473707
chr3_mat	50800000	51000000	0.006534570253944948	0.5697393395511063	-0.36465003949106833	0.19438629461572682
chr3_mat	51000000	51200000	0.006598271620468537	0.7145319410256169	-0.34202114979894577	0.1963874066517165
chr3_mat	51200000	51400000	0.006336720884785996	0.8987356564042849	-0.36300061646499915	0.1646749911148247
chr3_mat	51400000	51600000	0.006421218916591786	0.9237017046339292	-0.314523027206783	0.14034449909110072
chr3_mat	51600000	51800000	0.006236411913288813	0.8914169873824533	-0.30751233996071614	0.1509462293286037
chr3_mat	51800000	52000000	0.006226773703129994	0.7789331218341093	-0.3034355063996234	0.16383686058813404
chr3_mat	52000000	52200000	0.005393143559181622	-0.5304161791194172	-0.49733746621740177	0.4284302942415151
chr3_mat	52200000	52400000	0.006687953575114566	0.7233867284466214	-0.2873203057053157	0.13061418730847962
chr3_mat	52400000	52600000	0.006380126106537157	0.9129740812823153	-0.2430263218058881	0.07137638961964433
chr3_mat	52600000	52800000	0.006424423339861437	0.9146625563716048	-0.32794407813440224	0.163668233052518
chr3_mat	52800000	53000000	0.006609762318395779	0.9560529800675683	-0.3204984845133977	0.10756139799388068
chr3_mat	53000000	53200000	0.0065696614053837145	0.7947045370941211	-0.26923902514751485	0.09410847674147262
chr3_mat	53200000	53400000	0.006449940521311961	-0.04752322380587849	-0.43565019233768704	0.23773124791164726
chr3_mat	53400000	53600000	0.006763250434904976	-0.18467727594693442	-0.5136676364318574	0.3631537824219305
chr3_mat	53600000	53800000	0.005394616010435905	-0.956999887441754	-0.5529889389172216	0.5578203655890961
chr3_mat	53800000	54000000	0.0063887653659348235	0.2253602916948966	-0.38117259483211924	0.14984241708061025
chr3_mat	54000000	54200000	0.007279902608100319	0.27734421808025134	-0.34916156796000697	0.10213418988044266
chr3_mat	54200000	54400000	0.005903959998084367	-0.24584052950639723	-0.35750531062694746	0.19893504049237873
chr3_mat	54400000	54600000	0.0068905982462350605	0.8134056915314091	-0.28434368545946387	0.09375567005260509
chr3_mat	54600000	54800000	0.007064106752419075	0.8463137876823089	-0.32227771044558245	0.08853920813565716
chr3_mat	54800000	55000000	0.006425985319264922	0.8020720956619982	-0.2980001294033967	0.10884158695885644
chr3_mat	55000000	55200000	0.0064725589845540995	0.960206156176079	-0.3015856953673929	0.09383063202881814
chr3_mat	55200000	55400000	0.006660088196776721	0.8557251295291993	-0.3015849801106269	0.09011521176382156
chr3_mat	55400000	55600000	0.006999811387676252	0.6722478503228662	-0.2802472556140418	0.08869445105099795
chr3_mat	55600000	55800000	0.006738737230565279	0.7729632073873263	-0.22200333059342675	0.030055747153888337
chr3_mat	55800000	56000000	0.006165783426503401	-0.15713074927486723	-0.38002893396613746	0.1462882551616718
chr3_mat	56000000	56200000	0.005285613597162989	-0.8168094126658896	-0.3244635060976131	0.4058651886989613
chr3_mat	56200000	56400000	0.006654330340504305	-0.1084954008941043	-0.19150896928169994	0.14999444459302055
chr3_mat	56400000	56600000	0.007026590258231671	0.2005758850015625	-0.30933106818984896	0.11010260275626849
chr3_mat	56600000	56800000	0.00651929038097402	-0.24025973353268032	-0.381556581495904	0.1394214717167733
chr3_mat	56800000	57000000	0.007142868344434199	0.6999146207557245	-0.13107074511771236	-0.04853518062361346
chr3_mat	57000000	57200000	0.00609898563647074	-0.21758260906663182	-0.10896346824471015	0.13797843692478043
chr3_mat	57200000	57400000	0.005888726972207566	-0.9678568857643101	-0.21727951010384436	0.4172915246795822
chr3_mat	57400000	57600000	0.006627837881901393	-0.287592722216465	-0.17234711168330397	0.15086765141259872
chr3_mat	57600000	57800000	0.0044955635718129374	-1.2223979780178298	-0.16764023229842578	0.46587017954199184
chr3_mat	57800000	58000000	0.005680262302862025	-0.6681026756934747	-0.06609486758846704	0.16018656326230613
chr3_mat	58000000	58200000	0.004951554213761111	-1.2227982739849266	-0.06798851057978933	0.4348277524860173
chr3_mat	58200000	58400000	0.006164725796482823	-0.7772680693360211	-0.1396516959526623	0.2885692791602992
chr3_mat	58400000	58600000	0.005490659815987285	-0.954034914881505	-0.10659744457791956	0.19835466792491976
chr3_mat	58600000	58800000	0.00651275379525673	-0.1970131041500858	-0.24279968437292457	0.0410185906885063
chr3_mat	58800000	59000000	0.006370593421707359	-0.16729310662581273	-0.15973394446265293	-0.013279538519949377
chr3_mat	59000000	59200000	0.005234842341605327	-0.9052366941598161	-0.36670656241119015	0.22417397847769688
chr3_mat	59200000	59400000	0.005887301709022603	-0.06464129600468785	-0.2344192198706896	0.09869237600251128
chr3_mat	59400000	59600000	0.006276560220057918	0.1810341730010365	-0.26200619833561095	0.06162766396782807
chr3_mat	59600000	59800000	0.006454322645877982	0.01188465858916842	-0.2594927090682247	-0.004256928518344333
chr3_mat	59800000	60000000	0.0059579529678517006	-0.12655125886208965	-0.2328601331474954	-0.057861489174927776
chr3_mat	60000000	60200000	0.006541706199870271	0.7664620156031465	-0.22088862660592687	-0.08454717157362995
chr3_mat	60200000	60400000	0.0067605419735715135	0.5139780118078606	-0.13625669983802352	-0.10103215178904021
chr3_mat	60400000	60600000	0.005216267917497625	-0.8788586826471391	-0.22524238121617524	0.05214166137977713
chr3_mat	60600000	60800000	0.0058032403464976885	-0.7343627816636257	-0.36845503059872653	0.12225897691556137
chr3_mat	60800000	61000000	0.006372310685882888	0.20146467762154002	-0.12943657531565497	-0.15281171271676378
chr3_mat	61000000	61200000	0.007299362516425272	0.50182140042606	-0.14095492416101482	-0.1271977602564874
chr3_mat	61200000	61400000	0.006182033810553351	-0.5301874845296249	-0.06809715215949536	0.004616563341550302
chr3_mat	61400000	61600000	0.005507515477785083	-1.029701777921477	-0.18862654316827246	0.17884509977733337
chr3_mat	61600000	61800000	0.0056968799798785275	-0.6117409960604444	-0.12686876123943303	0.06114981157452712
chr3_mat	61800000	62000000	0.006586323418342686	0.07530154731796472	-0.0655904036336687	-0.025577629898900042
chr3_mat	62000000	62200000	0.005249091426068215	-0.7839212768024071	-0.11275057250433533	0.07519193869241306
chr3_mat	62200000	62400000	0.0054323399438781115	-0.8912964835680469	-0.1367153770128143	0.07482330163643357
chr3_mat	62400000	62600000	0.006195111402860588	-0.6904362771401534	-0.13655570106551138	0.03776894521263744
chr3_mat	62600000	62800000	0.005825903215937339	-0.5515824959807794	-0.11614477859034335	-0.039604207230536294
chr3_mat	62800000	63000000	0.004689526509908163	-1.2101209732085112	-0.07686102455118568	0.32061579150217306
chr3_mat	63000000	63200000	0.006026745378812713	-0.4462636673583886	-0.02953484622104092	0.018255056456654838
chr3_mat	63200000	63400000	0.005457124411536081	-0.2970752545942912	-0.2607486147411714	-0.17980220899162888
chr3_mat	63400000	63600000	0.006672577520274756	0.8409029130339386	-0.11766003025903467	-0.13553520482474757
chr3_mat	63600000	63800000	0.006729175502503402	0.9152656487390484	-0.1704699087949243	-0.11829599335727149
chr3_mat	63800000	64000000	0.006366581202377253	0.7864927047660618	-0.20348194459153382	-0.07250190848301571
chr3_mat	64000000	64200000	0.006620240265335486	0.6246247311418023	-0.11786054166929619	-0.1095532093899511
chr3_mat	64200000	64400000	0.005593102182800621	-0.5436695154371877	-0.2024262239082693	-0.08366117232798939
chr3_mat	64400000	64600000	0.006314980382934006	-0.3677065418416721	-0.19550092900250426	-0.08216195867319888
chr3_mat	64600000	64800000	0.006929190366459421	0.2770986861286209	0.00880530472447686	-0.15936647504251267
chr3_mat	64800000	65000000	0.006600183836844326	-0.46243418938063297	-0.12836136259564504	-0.08116540947015474
chr3_mat	65000000	65200000	0.006533812133368427	-0.5379635318359487	-0.11566776606759968	-0.18206165819120781
chr3_mat	65200000	65400000	0.006355855525702223	-0.20304190987575516	-0.02186693071777319	-0.1800202918034138
chr3_mat	65400000	65600000	0.005115785125671435	-0.6601786376104142	-0.11238751043749742	-0.21282778575053757
chr3_mat	65600000	65800000	0.00673178327596789	0.3499251002103685	0.1600862108654036	-0.18900981486970825
chr3_mat	65800000	66000000	0.0056369436923211615	-0.7299732420530939	-0.09895721755470277	-0.030379212765347816
chr3_mat	66000000	66200000	0.006732919617040098	-0.07088371662971178	0.011814412788131053	-0.1007834628129861
chr3_mat	66200000	66400000	0.006860688615389302	0.39411213153172947	0.03443605439188177	-0.11285211164482824
chr3_mat	66400000	66600000	0.00503772919686716	-0.648654926825919	-0.14754180522350666	-0.17592981710344605
chr3_mat	66600000	66800000	0.0057979966680738616	-0.07500794735777308	-0.027646595312537842	-0.17376847755551308
chr3_mat	66800000	67000000	0.006668671264999016	0.5014433624921107	0.08007308215938702	-0.17039726809504055
chr3_mat	67000000	67200000	0.0063903093013529325	0.24035752070752814	-0.0341891677410233	-0.13223824223536562
chr3_mat	67200000	67400000	0.0067711310120791655	0.6184840151220327	0.03345746014801261	-0.1432387268103988
chr3_mat	67400000	67600000	0.007306988816939796	0.7796299584835358	0.014765393710247496	-0.1987352949303936
chr3_mat	67600000	67800000	0.007125071903114941	0.5519232663902199	0.10817825981831575	-0.1976235573578428
chr3_mat	67800000	68000000	0.006828575950003252	0.2545884551239706	0.10448882201101031	-0.14514318686914032
chr3_mat	68000000	68200000	0.004758496365634035	-0.942879653248494	-0.11476149377669828	-0.2726128244648393
chr3_mat	68200000	68400000	0.006214061316171272	-0.17209301504524577	-0.041609157130777834	-0.2154450005464401
chr3_mat	68400000	68600000	0.00675944169091299	0.6362290697879254	0.1670330232865249	-0.22521496101882962
chr3_mat	68600000	68800000	0.00661613120766591	0.7559949170137602	0.16176007534774475	-0.20609816131976122
chr3_mat	68800000	69000000	0.0069348627476096564	0.8053830144024731	0.1452014478298727	-0.18831999610396735
chr3_mat	69000000	69200000	0.006882064697666794	0.7967953987224875	0.14364473735286812	-0.15103643162927619
chr3_mat	69200000	69400000	0.00658303656612676	0.8005686133184843	0.15273041619904404	-0.19707585532715335
chr3_mat	69400000	69600000	0.006669605963147273	0.7561106865447592	0.22094509715869962	-0.13994897746740345
chr3_mat	69600000	69800000	0.006755444292792626	0.8082903240389576	0.2608790851524969	-0.1881329616725743
chr3_mat	69800000	70000000	0.006814075828855117	0.6532450491527009	0.3155306409919619	-0.18615614869168168
chr3_mat	70000000	70200000	0.0057433034022366	-0.2718842538345374	0.25251644477719304	-0.2605617915015153
chr3_mat	70200000	70400000	0.004962258919759027	-0.6630866965792548	0.2536837374217423	-0.23565921029403264
chr3_mat	70400000	70600000	0.004864089206069729	-0.8611800030987481	0.19676533530082865	-0.20068736363936374
chr3_mat	70600000	70800000	0.004630892942898417	-1.1090214549510127	0.15019703608960724	-0.1608607982524136
chr3_mat	70800000	71000000	0.005698963446114905	-0.8354681120532573	0.22929628329920262	-0.2400102066964567
chr3_mat	71000000	71200000	0.006975140135344569	0.060633481162326246	0.395027290884277	-0.24337691717914953
chr3_mat	71200000	71400000	0.0072142263469138325	0.4385067110583294	0.3360133040142668	-0.22940016293901044
chr3_mat	71400000	71600000	0.006699942242657302	0.27349337174669835	0.24938441091751096	-0.25564439464510225
chr3_mat	71600000	71800000	0.007253577513961307	0.46410202116582944	0.2967189929280936	-0.27067989692771494
chr3_mat	71800000	72000000	0.007390353778186171	0.4858728849633109	0.3725542693456743	-0.2477590316527841
chr3_mat	72000000	72200000	0.007411964561834587	0.31648081579379955	0.4853636820908949	-0.23693111167380967
chr3_mat	72200000	72400000	0.004859568636066	-0.9082857742089216	0.30411064662074483	-0.3941971524520056
chr3_mat	72400000	72600000	0.007122453223103091	-0.21961996048108173	0.4844345941045465	-0.3084402242197389
chr3_mat	72600000	72800000	0.0049822113139809795	-0.9395562108638724	0.32603774905427235	-0.40489893701452967
chr3_mat	72800000	73000000	0.007190915189331429	0.09768490415475954	0.5057180574242754	-0.29173236270915
chr3_mat	73000000	73200000	0.0060733593992928405	-0.45359824785437775	0.33713481470354867	-0.359912378260813
chr3_mat	73200000	73400000	0.005552845223885495	-0.7122399935543218	0.26120308509388146	-0.3670628240820474
chr3_mat	73400000	73600000	0.0066588321458707165	-0.11671204163043856	0.44975306548400606	-0.2586808971363839
chr3_mat	73600000	73800000	0.006444399489830829	0.02894705291565983	0.4887455773666811	-0.3310396286041214
chr3_mat	73800000	74000000	0.006696946679792849	0.1465643465588786	0.38604072350269786	-0.2737011985726459
chr3_mat	74000000	74200000	0.007031319636335053	0.5958392220045994	0.4813979447781049	-0.24376466473484634
chr3_mat	74200000	74400000	0.006863849138278589	0.6704997526661227	0.43932567379981197	-0.22160877006626223
chr3_mat	74400000	74600000	0.007307907343345075	0.5902911298670185	0.426857263316307	-0.23609439917143232
chr3_mat	74600000	74800000	0.0074736999495638385	0.5566850822573761	0.4652830370065286	-0.24098448936650216
chr3_mat	74800000	75000000	0.00737949091424618	0.5702071465745184	0.4946320837889477	-0.27099873326982415
chr3_mat	75000000	75200000	0.0064116948831854335	-0.06773113053551244	0.4562942823627063	-0.3495609742385352
chr3_mat	75200000	75400000	0.0074379026573676565	0.11006488856417346	0.586976159700751	-0.29533814058193214
chr3_mat	75400000	75600000	0.005543888986255844	-0.5879270158422732	0.3418598303647699	-0.3972506987681608
chr3_mat	75600000	75800000	0.007385395983589307	0.3037059242312306	0.5542961214650836	-0.2700134751923437
chr3_mat	75800000	76000000	0.00728219445911815	0.6484606629361731	0.5170138052152042	-0.25388813436150365
chr3_mat	76000000	76200000	0.007658059703062975	0.6482192466879259	0.5106605380023648	-0.2362505987393704
chr3_mat	76200000	76400000	0.007294232854539873	0.6450548411340654	0.5579461614474199	-0.20566853114497516
chr3_mat	76400000	76600000	0.007208231749423147	0.43476231956217287	0.7125790764826283	-0.198740905344956
chr3_mat	76600000	76800000	0.006123397662250679	-0.22753694631313384	0.6508876358510989	-0.25333639392905366
chr3_mat	76800000	77000000	0.004831928262010237	-0.9624928978699162	0.3582616497866495	-0.3994541772090996
chr3_mat	77000000	77200000	0.006777868778047833	0.21593395038825527	0.80988526645758	-0.20299653702607884
chr3_mat	77200000	77400000	0.006058218078478109	-0.2740586193443585	0.687264274550018	-0.265108075565985
chr3_mat	77400000	77600000	0.007058199297982932	0.26507481950825457	0.8851626896391949	-0.16849021796342054
chr3_mat	77600000	77800000	0.007750995554811616	0.3168155629901318	0.851062986564683	-0.14123061852811009
chr3_mat	77800000	78000000	0.006617276344602631	-0.1815569373810257	0.7528563490301883	-0.2117014318163101
chr3_mat	78000000	78200000	0.005959765712910924	-0.5302612629848026	0.7109426018233567	-0.29870942868876604
chr3_mat	78200000	78400000				
chr3_mat	78400000	78600000				
chr3_mat	78600000	78800000				
chr3_mat	78800000	79000000				
chr3_mat	79000000	79200000				
chr3_mat	79200000	79400000				
chr3_mat	79400000	79600000	0.005079025416661621	-0.8779512711384105	0.4872345338304162	-0.09199061813165056
chr3_mat	79600000	79800000	0.005342706923766946	-0.6997069680611927	0.47282598482647287	-0.062426260927437145
chr3_mat	79800000	80000000	0.008882367057106638	0.3112789848762557	0.5535628982274692	0.020502111457342022
chr3_mat	80000000	80200000	0.007594713725203265	0.3535499210932635	0.4009660185674173	0.04727886336280551
chr3_mat	80200000	80400000	0.008051867627230978	0.5797376121110863	0.414692493641354	0.03221817252571429
chr3_mat	80400000	80600000	0.007970585243466893	0.6337582662923789	0.3317941530237849	0.04396327143047665
chr3_mat	80600000	80800000	0.00750237214885838	0.577382591137845	0.3663963434589714	0.030151660609741997
chr3_mat	80800000	81000000	0.007193538793770086	0.3447793813310785	0.3751661835584551	0.03579758618393947
chr3_mat	81000000	81200000	0.005490244933857479	-0.4060458322174504	0.4102512111408335	0.03139972018017445
chr3_mat	81200000	81400000	0.004335573625281174	-0.9211548899758332	0.3483442105859866	0.008467701120724997
chr3_mat	81400000	81600000	0.0064712812460810615	-0.1780583639143061	0.4299982333477678	0.0726008692391304
chr3_mat	81600000	81800000	0.005024206759481846	-0.5811120281881338	0.3904021644811329	0.05189976845710386
chr3_mat	81800000	82000000	0.004720698564478295	-0.6803465436022371	0.44191761149905673	0.06798542200280693
chr3_mat	82000000	82200000	0.006875922615587645	0.1670033517763109	0.545995077941408	0.08149697202920443
chr3_mat	82200000	82400000	0.005805610164998099	-0.3360243326238128	0.5354248368083881	0.0737247814175981
chr3_mat	82400000	82600000	0.004088957955328945	-0.9734986851220043	0.4157840243433893	0.01613084408591637
chr3_mat	82600000	82800000	0.008519940904024645	-0.4700980000572664	0.5280383165634807	-0.006631218861911779
chr3_mat	82800000	83000000	0.0057889448082882764	-0.4189051046810107	0.4692935059000808	0.025482732240968316
chr3_mat	83000000	83200000	0.007194827619747991	0.25741831526382575	0.3754676993383762	0.08241970098419489
chr3_mat	83200000	83400000	0.007662037108585654	0.35561739016578214	0.44461808383185614	0.0380663648663403
chr3_mat	83400000	83600000	0.006130445131811219	-0.27651191569626604	0.4592345140776157	0.037849802098138575
chr3_mat	83600000	83800000	0.005577829411077816	-0.6356638137989545	0.4063425113687206	0.02001347941703018
chr3_mat	83800000	84000000	0.00622757039284654	0.05275192179266426	0.3599590805572453	0.04138921613154117
chr3_mat	84000000	84200000	0.005864227365479613	-0.14708497382366467	0.35348269940702637	0.043175191162705684
chr3_mat	84200000	84400000	0.006915849903450503	0.30228030532750666	0.36080956995227215	0.11308310257256729
chr3_mat	84400000	84600000	0.006913100443733625	0.2768687432049965	0.43790959124676454	0.12683034292083406
chr3_mat	84600000	84800000	0.005391282550424294	-0.6370244967008757	0.4911096203677806	0.027120548214062415
chr3_mat	84800000	85000000	0.0059691065732006485	-0.6317283066766085	0.48482807204069367	0.03943440592146829
chr3_mat	85000000	85200000	0.006007119665432727	-0.8708243995111246	0.43330076418163554	-0.036399365316006356
chr3_mat	85200000	85400000	0.0046202503428888365	-1.0621377153780227	0.4170717181276251	-0.0834006414253541
chr3_mat	85400000	85600000	0.007332701456069706	-0.17484326386342466	0.46009063820396195	0.0627886288031668
chr3_mat	85600000	85800000	0.007336632000948754	0.05003801803806338	0.39213816330508977	0.06464389798093796
chr3_mat	85800000	86000000	0.005447858280958721	-0.7320947016533937	0.33804971312740234	0.00459863688451379
chr3_mat	86000000	86200000	0.0052123656485311325	-0.489190996875379	0.3061246746382973	-0.08041788322280498
chr3_mat	86200000	86400000	0.006950617323097877	0.0832682441157642	0.3095512925136316	0.05354768854625311
chr3_mat	86400000	86600000	0.005636705092470657	-0.5317764463254954	0.3815748845551756	-0.061801729259094745
chr3_mat	86600000	86800000	0.005553133043023763	-0.765275996889754	0.34105020855385965	-0.04578232187554012
chr3_mat	86800000	87000000	0.005878630882065378	-0.6466868830073543	0.4654152046480299	0.047810138882464506
chr3_mat	87000000	87200000	0.0052730908811553946	-0.9043527050964915	0.3635324153916357	-0.040336355238569016
chr3_mat	87200000	87400000	0.0053858780923406605	-0.47750168069289756	0.39362653489536287	0.043711374737735294
chr3_mat	87400000	87600000	0.004029217965704645	-0.9441038206736286	0.34398482661682345	-0.10292573291860838
chr3_mat	87600000	87800000	0.005483273876824084	-0.5920437244571968	0.3344098763762938	-0.05870783419502638
chr3_mat	87800000	88000000	0.005427008584317758	-0.738697229821475	0.23554964527363265	-0.1764334297943203
chr3_mat	88000000	88200000	0.005026102407285988	-0.8336600122747316	0.15254718902204417	-0.20218699809006166
chr3_mat	88200000	88400000	0.006926084315581893	0.032470136762959546	0.10036258168136548	0.0013880646929044585
chr3_mat	88400000	88600000	0.007443415142629781	0.4851994561425585	-0.041748898852950425	0.012617246288713036
chr3_mat	88600000	88800000	0.006316330919775449	0.08412377441079592	-0.05779651800789821	-0.09058771210070747
chr3_mat	88800000	89000000	0.006219911798043562	0.09098217096466575	-0.14454221819503393	-0.15734341799988183
chr3_mat	89000000	89200000	0.007121655557193781	0.5695674700981981	-0.08622375495688511	-0.021023013010761916
chr3_mat	89200000	89400000	0.008064055243437857	0.3022645857710246	0.0035643876282614177	-0.03205763727482982
chr3_mat	89400000	89600000	0.007731629125675548	-0.05168946438968822	0.07010762844325513	-0.12113153700236946
chr3_mat	89600000	89800000	0.005567657082390735	-1.0168988892555209	0.03605997447346607	-0.271041559500418
chr3_mat	89800000	90000000	0.005452866912466902	-0.6621149398623679	0.10962066106244173	-0.16795452257418678
chr3_mat	90000000	90200000	0.004582658359918961	-0.9954734034775803	-0.04840487135166247	-0.31460840106727617
chr3_mat	90200000	90400000	0.00613951328563553	-0.15292867135752253	0.028551424611803176	-0.09395069135157978
chr3_mat	90400000	90600000	0.007912103328809813	0.36728747257073596	-0.07423876441386151	-0.08570728202655017
chr3_mat	90600000	90800000	0.007113822470902978	0.13572400931604706	-0.08674735828597158	-0.1403315293040013
chr3_mat	90800000	91000000	0.005202410259069407	-0.8989957091914718	-0.18369440026013598	-0.385905236541703
chr3_mat	91000000	91200000	0.0069486123935940175	0.17671929387441396	-0.09457875838210995	-0.11264826778095165
chr3_mat	91200000	91400000	0.006546951752083411	0.2967849291519948	-0.1343081278128778	-0.08850720416539275
chr3_mat	91400000	91600000	0.007065341683316026	0.3270561144985017	-0.19204795635662728	-0.1305277240733674
chr3_mat	91600000	91800000	0.006947868958150654	0.1517848793751046	-0.20396912279101592	-0.16884103732183264
chr3_mat	91800000	92000000	0.005460564405231274	-0.6505876724269487	-0.32500975924394826	-0.39352540751559234
chr3_mat	92000000	92200000	0.007067814169677658	0.3655276677012028	-0.21127383607127104	-0.15504028610950304
chr3_mat	92200000	92400000	0.006395057858796513	-0.14670016983770934	-0.17183594107565286	-0.22130904777807342
chr3_mat	92400000	92600000	0.005951861469057544	-0.6717549214706785	-0.3117664802748018	-0.4033147535092836
chr3_mat	92600000	92800000	0.0049222084182915975	-0.9490272064557043	-0.33964918063564925	-0.5177434371952154
chr3_mat	92800000	93000000	0.006864896938338909	0.627254937614247	-0.33496822878552174	-0.1753532090279977
chr3_mat	93000000	93200000	0.0067650820967914745	0.8120388843728613	-0.3707543241492178	-0.1444614625120791
chr3_mat	93200000	93400000	0.006874497665613296	0.8480834684339997	-0.3135846562806422	-0.07964514779953244
chr3_mat	93400000	93600000	0.0064751106853349555	0.8255799490642649	-0.3640046046689658	-0.13479818342201438
chr3_mat	93600000	93800000	0.006752275515286994	0.87641315977064	-0.41337892640776686	-0.165545202860407
chr3_mat	93800000	94000000	0.006685334354437057	0.9002083644233859	-0.432721839933375	-0.08996267429649503
chr3_mat	94000000	94200000	0.007033339971404568	0.8538325398603854	-0.4708150803472849	-0.16323652932274152
chr3_mat	94200000	94400000	0.007381549757031634	0.8013300888127349	-0.4099076779387208	-0.183117145682996
chr3_mat	94400000	94600000	0.0069776283267048095	0.6074188592202432	-0.40674185730908513	-0.11676079576111612
chr3_mat	94600000	94800000	0.005529597628934075	-0.7536555336197086	-0.23789136666282484	-0.5049643870537404
chr3_mat	94800000	95000000	0.005302878313129973	-1.125912048881731	-0.2467046374811407	-0.5520066483021138
chr3_mat	95000000	95200000	0.006816423952755131	-0.31384169632884873	-0.35074802644972075	-0.3334230871059783
chr3_mat	95200000	95400000	0.00559216000898843	-0.49045114184042327	-0.32603466796696995	-0.4679807463994532
chr3_mat	95400000	95600000	0.007337748293897949	0.4459616965854591	-0.30052030201867813	-0.16279201444291325
chr3_mat	95600000	95800000	0.005669751579987296	-0.9512259553024616	-0.16856828312550184	-0.5650024676871733
chr3_mat	95800000	96000000	0.00595397012402739	-0.8785846560034457	-0.11427875444228348	-0.4456084012058416
chr3_mat	96000000	96200000	0.0057788706490040824	-0.7238045827238966	-0.049544750542488164	-0.4776632356949605
chr3_mat	96200000	96400000	0.005185251693487771	-1.1701768645300805	-0.003970178281412106	-0.6786015536615735
chr3_mat	96400000	96600000	0.005988637666475452	-1.0960076912174688	0.015718865420082412	-0.5328012058318348
chr3_mat	96600000	96800000	0.007770981228835473	-0.05814242952760626	-0.12313813092947799	-0.18498698213178505
chr3_mat	96800000	97000000	0.006256088352638589	-0.34538725730040637	-0.28959488366812636	-0.3968425549304923
chr3_mat	97000000	97200000	0.0065585703567060845	-0.10957293579033964	-0.3102680510139283	-0.2733716552407525
chr3_mat	97200000	97400000	0.0069477028765087285	-0.5301078661103836	-0.2540577667947613	-0.3836581437966698
chr3_mat	97400000	97600000	0.00528833570589843	-0.8890200256095927	-0.0068840279443172225	-0.45281016523174455
chr3_mat	97600000	97800000	0.004958245230500896	-1.2200237120072708	-0.11210624508244496	-0.8270466290974013
chr3_mat	97800000	98000000	0.005442319113568432	-1.0380323159376657	-0.06655981637724384	-0.7157836206232869
chr3_mat	98000000	98200000	0.004355103618712399	-1.1383476309981857	-0.15612129108328748	-0.8633612755275123
chr3_mat	98200000	98400000	0.005300873586688699	-1.0229472339607615	-0.15366791210022213	-0.7605711835030328
chr3_mat	98400000	98600000	0.005244171089668907	-0.715815481722043	-0.1665287032447101	-0.6637956819084004
chr3_mat	98600000	98800000	0.00634482555978598	0.016280238254577053	-0.2947317898191989	-0.35301855948966376
chr3_mat	98800000	99000000	0.006327540915834762	0.2863829426717163	-0.32227563432848827	-0.2684084839978362
chr3_mat	99000000	99200000	0.007014539836916923	0.4816399272460181	-0.3108383046061061	-0.17478046102555764
chr3_mat	99200000	99400000	0.006793791248468215	0.6749869154275909	-0.36323745757312714	-0.18178206105019326
chr3_mat	99400000	99600000	0.005219260501542783	-0.46016930462780237	-0.3624184459346014	-0.6067131654155697
chr3_mat	99600000	99800000	0.005180743496176995	-0.7343920607222483	-0.38471754787452994	-0.637263697291433
chr3_mat	99800000	100000000	0.005668693109322592	-0.2987660515869733	-0.2557048595225179	-0.42253437948611056
chr3_mat	100000000	100200000	0.00496268491167358	-1.1168083595919849	-0.38635896307036655	-0.9363313257104623
chr3_mat	100200000	100400000	0.005806618770015	-0.3716965106571398	-0.3394765652004291	-0.5493993441941691
chr3_mat	100400000	100600000	0.006779599268253317	0.4368432779955638	-0.33881709275985944	-0.27633630727351655
chr3_mat	100600000	100800000	0.006583716399060109	0.6922978705295537	-0.38546156819286237	-0.25013105423255083
chr3_mat	100800000	101000000	0.006237608856074292	0.13380426081630303	-0.3627187483790599	-0.3187980896659671
chr3_mat	101000000	101200000	0.005960729159808606	0.13715781943283592	-0.3686737294875061	-0.3523739771370225
chr3_mat	101200000	101400000	0.006559736001262093	0.4393530645041254	-0.3005021421031771	-0.24841718543194394
chr3_mat	101400000	101600000	0.006621917117156771	0.49126393889040587	-0.34558617052378665	-0.2312722637983572
chr3_mat	101600000	101800000	0.006727299779244704	0.6274088856625265	-0.42241335855327733	-0.21702679644008813
chr3_mat	101800000	102000000	0.005968450262628105	-0.33257170333300423	-0.32273718031730897	-0.492253449985187
chr3_mat	102000000	102200000	0.0044923697669270665	-1.1861910865797745	-0.2257091557473753	-0.7562886156011847
chr3_mat	102200000	102400000	0.006057498570923185	-0.08183445155400558	-0.32633102325608604	-0.4024189126874425
chr3_mat	102400000	102600000	0.006887619318846738	0.1538442903202326	-0.3852818927602975	-0.2959066795806318
chr3_mat	102600000	102800000	0.006667564415673414	-0.013519557485222648	-0.3786107312387926	-0.42205548675608223
chr3_mat	102800000	103000000	0.004914351768697666	-1.2130104366400645	-0.4554160400172031	-0.9318075460343423
chr3_mat	103000000	103200000	0.005311105406717957	-0.8780178249599255	-0.40264274173943004	-0.8264205186249063
chr3_mat	103200000	103400000	0.005521674523503456	-0.702714523449642	-0.41612196949272384	-0.6921252308315557
chr3_mat	103400000	103600000	0.006055277630985165	-0.10463322739167817	-0.4013534059948295	-0.4559255055714781
chr3_mat	103600000	103800000	0.006873574593066815	0.7709949621116801	-0.5103281161145167	-0.30595920399077287
chr3_mat	103800000	104000000	0.006830269427439922	0.6060573330216512	-0.33204550559511503	-0.20384961756146963
chr3_mat	104000000	104200000	0.005713302612381336	-0.22406715578165282	-0.4556453037167674	-0.5135350971669562
chr3_mat	104200000	104400000	0.006103835550204517	0.1558509854559252	-0.5176725193821082	-0.48778684161675023
chr3_mat	104400000	104600000	0.005744739507026682	-0.1780589994674148	-0.540985438567575	-0.6132095256898694
chr3_mat	104600000	104800000	0.006338766970012614	0.7766027324860951	-0.33407031818341376	-0.2307619747603854
chr3_mat	104800000	105000000	0.006463794555388862	0.69662708891406	-0.4419861767457777	-0.23483565626711345
chr3_mat	105000000	105200000	0.006470295301561902	0.38579186873143617	-0.431492208013416	-0.3235687573792409
chr3_mat	105200000	105400000	0.00666113212974458	0.2906564134909555	-0.4590757718411682	-0.2965164585241485
chr3_mat	105400000	105600000	0.005989613005743508	0.41608519397739313	-0.46817300656474264	-0.28342324257231255
chr3_mat	105600000	105800000	0.006144296711101795	0.2648789867714763	-0.4623836927739461	-0.3624232556712999
chr3_mat	105800000	106000000	0.006013589487160545	-0.5681762021785267	-0.7076266019169056	-0.9031840032451264
chr3_mat	106000000	106200000	0.006228964792671519	0.29983531546572684	-0.5119586478203066	-0.39585641191039134
chr3_mat	106200000	106400000	0.005408699553353722	-0.6255131163289065	-0.4138753288644274	-0.6561269240472317
chr3_mat	106400000	106600000	0.005038352749843686	-1.133171950623192	-0.3835459871213096	-0.6724406633928576
chr3_mat	106600000	106800000	0.005760986760670067	-0.7723749392327165	-0.4442069433424926	-0.6503007521399011
chr3_mat	106800000	107000000	0.006844537100585319	0.16334948426074153	-0.47013972456060615	-0.3467243575765887
chr3_mat	107000000	107200000	0.0065208509773440945	-0.0085842900469329	-0.3751551174866739	-0.2946288010282269
chr3_mat	107200000	107400000	0.00453130270318748	-1.240656829762979	-0.3138923475346771	-0.7062259635194257
chr3_mat	107400000	107600000	0.006158287649819714	-0.1237513366408325	-0.43935184781174225	-0.45492067381513374
chr3_mat	107600000	107800000	0.006379048541545588	-0.281609823056073	-0.5108774803269698	-0.46997179892685087
chr3_mat	107800000	108000000	0.006068385018195643	-0.5306652559592373	-0.5040111536647159	-0.5742364134404524
chr3_mat	108000000	108200000	0.004502858380325785	-1.4255903143000248	-0.23627316548808194	-0.7969805276540997
chr3_mat	108200000	108400000	0.006606400803633511	-0.2944409082224217	-0.394461194022872	-0.46131388682428176
chr3_mat	108400000	108600000	0.005858659441170059	-0.6643596969929233	-0.5538302909070665	-0.6905115134189775
chr3_mat	108600000	108800000	0.004912295525347354	-1.243155822686942	-0.44681164618814406	-0.8942726837448272
chr3_mat	108800000	109000000	0.006842104254013472	0.6202884279594522	-0.5423067860936202	-0.18530685343396083
chr3_mat	109000000	109200000	0.0067878730449961715	0.8718117954404709	-0.6209134890987513	-0.2510235031303408
chr3_mat	109200000	109400000	0.007014420847093323	0.7563501346045578	-0.6036200118288428	-0.308562123156737
chr3_mat	109400000	109600000	0.006576295568052437	0.1035230616879105	-0.6401815277240442	-0.5169342049160401
chr3_mat	109600000	109800000	0.00486749515624668	-1.2178015583050137	-0.6049166290498711	-1.0125634412020241
chr3_mat	109800000	110000000	0.006247571394617939	0.5981675259233903	-0.4793319308450153	-0.3166016591985503
chr3_mat	110000000	110200000	0.006755465681914514	0.597069404114087	-0.6041128978461042	-0.22360086113444608
chr3_mat	110200000	110400000	0.006625813384979048	0.7691883820190644	-0.6568332511174337	-0.2529036707710197
chr3_mat	110400000	110600000	0.006257340016138517	0.2709750312238141	-0.5853503166436778	-0.3518018309877688
chr3_mat	110600000	110800000	0.005309661879633241	-0.6832892264327461	-0.7507255597302019	-0.6791303596728318
chr3_mat	110800000	111000000	0.006474142128080774	0.4612427678206459	-0.7130677855356988	-0.3933432916335856
chr3_mat	111000000	111200000	0.006542507413444417	0.6835585196369374	-0.5758116017847169	-0.25836501917077664
chr3_mat	111200000	111400000	0.006536467671249671	0.7611289258301914	-0.655535812507832	-0.28731119305270686
chr3_mat	111400000	111600000	0.006278139719403824	0.5355655372467407	-0.655664052880024	-0.338011466996074
chr3_mat	111600000	111800000	0.006237662343852271	-0.05434376904658716	-0.6902938019035656	-0.5064270397050428
chr3_mat	111800000	112000000	0.006546342446862468	0.39734811161759537	-0.7230663603646783	-0.3701645744378676
chr3_mat	112000000	112200000	0.0042257183409177244	-1.484366470746202	-0.6813443188696443	-1.106554939185982
chr3_mat	112200000	112400000	0.00644457757029386	0.2643178386756728	-0.6056500878123573	-0.3196728716401387
chr3_mat	112400000	112600000	0.0061667071108902315	0.1130415538448243	-0.6654484978481893	-0.33867778847819596
chr3_mat	112600000	112800000	0.007031668063509948	0.7491018753630185	-0.7037420506440737	-0.22078920922101541
chr3_mat	112800000	113000000	0.0061162163594980865	-0.6776417341304123	-0.6100012705389511	-0.6374415308627442
chr3_mat	113000000	113200000	0.006775203377759361	0.6570101137489888	-0.8685274339279049	-0.27353468316779317
chr3_mat	113200000	113400000	0.006411484636682488	0.2316321733624482	-0.7745568836422781	-0.3152929732201247
chr3_mat	113400000	113600000	0.004753912907011628	-1.2855000861924926	-0.602386814585353	-0.9920834872176633
chr3_mat	113600000	113800000	0.005668748238907575	-1.0260043509448966	-0.6756480947268899	-0.810229018808568
chr3_mat	113800000	114000000	0.004953651066103956	-1.3132043990175681	-0.6452742123050491	-1.0241819019965592
chr3_mat	114000000	114200000	0.006667854335870624	-0.07621527299967236	-0.8046068790605528	-0.5021310190243106
chr3_mat	114200000	114400000	0.00635711937116747	-0.6076887310983149	-0.767053479808672	-0.7055471977917432
chr3_mat	114400000	114600000	0.00509176458743689	-1.4076537717907296	-0.5168719833348777	-1.0816408222427247
chr3_mat	114600000	114800000	0.004893982601362142	-1.4563359395697568	-0.3545254115157679	-0.9495748120362153
chr3_mat	114800000	115000000	0.007170788335241137	-0.46215785673001497	-0.5607350873692204	-0.44495785604115545
chr3_mat	115000000	115200000	0.00478117368082513	-1.546457676253609	-0.2737082569448147	-1.1375563389529173
chr3_mat	115200000	115400000	0.005759190561511826	-1.5349225363870724	-0.15604494084022225	-1.0988216073173354
chr3_mat	115400000	115600000				
chr3_mat	115600000	115612305				
chr4_mat	0	200000	0.009007771355976855	-0.6232439831317653	0.5837127072816783	-0.9285452408230767
chr4_mat	200000	400000	0.007327712082540711	-0.28854702702477175	0.5267663981666679	-0.9401047275040978
chr4_mat	400000	600000	0.007331644771577926	-0.6594087378857649	0.05859384597816482	-0.7215983880737125
chr4_mat	600000	800000	0.005228257256693112	-1.4356648302839163	0.2767720775197782	0.34385581004197974
chr4_mat	800000	1000000	0.006385276799362138	-0.845631253380058	0.10994013553265047	-0.5213135608743688
chr4_mat	1000000	1200000	0.005762687268514904	-0.476468630903695	0.12282858414853227	-0.6754439400963174
chr4_mat	1200000	1400000	0.005251124864351592	0.5635097970012434	0.24151189478937035	-0.7030857707168658
chr4_mat	1400000	1600000	0.005309066104215583	0.35656345776684806	0.23757111517486454	-0.7139218551224139
chr4_mat	1600000	1800000	0.005906201910710375	-0.5937421919669469	0.1936019372093124	-0.5083374252684261
chr4_mat	1800000	2000000	0.005462522927242945	-1.3643368157342002	0.36625746438704215	0.3744965484402706
chr4_mat	2000000	2200000	0.006456484720722914	-1.3002381426949845	0.22391363844863663	0.1254488747491988
chr4_mat	2200000	2400000	0.006723397950273758	0.02410726651367684	0.25293042185799935	-0.8371448996428766
chr4_mat	2400000	2600000	0.006458390630588988	0.01624169391486197	0.21788236042983658	-0.9057964830587486
chr4_mat	2600000	2800000	0.0049711678434826625	-1.1373207666095548	0.25799460549953496	-0.2683241421761479
chr4_mat	2800000	3000000	0.0045094981732128865	-1.3344024519285893	0.3475035513327033	-0.04759315952725802
chr4_mat	3000000	3200000	0.004792822867953791	-1.1122366557120917	0.36781310465204436	-0.1541933992146844
chr4_mat	3200000	3400000	0.006143255293881406	0.8122863081967315	0.5345194258535368	-0.7136379202220807
chr4_mat	3400000	3600000	0.006286295448575483	0.9797226470812772	0.7438514988694729	-0.5435971896519449
chr4_mat	3600000	3800000	0.006422441642029905	0.9784933268636156	0.714718380992713	-0.486347646934954
chr4_mat	3800000	4000000	0.006101867049526054	0.977709304579045	0.6899630539662727	-0.41506325312871345
chr4_mat	4000000	4200000	0.005982970301396935	0.9552844907681884	0.6678974523096439	-0.4295420349270032
chr4_mat	4200000	4400000	0.0058581190695548065	0.9648960597806968	0.621846043780669	-0.4265890660727134
chr4_mat	4400000	4600000	0.006026542145826519	0.9538133919792133	0.6009402859930733	-0.43975345404533916
chr4_mat	4600000	4800000	0.00599571510605642	1.0014679837309814	0.7137014819542575	-0.3671756036757569
chr4_mat	4800000	5000000	0.0061993939634632286	1.0008581178201876	0.7271564227276898	-0.46823375887361907
chr4_mat	5000000	5200000	0.006241581716286002	0.9205757389161437	0.6243660335725221	-0.546829789498636
chr4_mat	5200000	5400000	0.005588896960066655	-0.5981317063680095	0.37456887578855497	-0.42433472479078543
chr4_mat	5400000	5600000	0.0061437244000177894	-0.722964728758397	0.37018279839258034	-0.5965674168757147
chr4_mat	5600000	5800000	0.004868223483397024	-1.2865037087025253	0.5329510732024603	0.010034013588106854
chr4_mat	5800000	6000000	0.004195374928620685	-1.292123946555938	0.3844024279588596	-0.03609416234699015
chr4_mat	6000000	6200000	0.0071891986295947174	0.29031571513248733	0.2968232967059053	-0.8054520989427378
chr4_mat	6200000	6400000	0.006959312556987791	0.6879928039224913	0.3939495259945822	-0.7228077464061005
chr4_mat	6400000	6600000	0.008806980928587841	0.5239622252041256	0.26753888069094767	-0.650469794452338
chr4_mat	6600000	6800000	0.005072012434853078	-1.0839896814557235	0.18344988705985307	-0.025839751316449916
chr4_mat	6800000	7000000	0.004639146225740091	-1.3187885891117161	0.13676807035126667	0.43305686140825905
chr4_mat	7000000	7200000	0.0060450628254290414	-0.2794056925032648	0.0030139841284353907	-0.5044445638872809
chr4_mat	7200000	7400000	0.005511737370202987	-0.780010232816467	0.0224912858040959	-0.2810589299363413
chr4_mat	7400000	7600000	0.004217138639064943	-1.3424261551033445	0.10148930107774655	0.5141985124421938
chr4_mat	7600000	7800000	0.006625911702914163	-0.05512064173471771	-0.121389880583912	-0.6002905007561974
chr4_mat	7800000	8000000	0.00675018400997661	0.24299382553944798	-0.13630652879380753	-0.6678748017405334
chr4_mat	8000000	8200000	0.005357789352994321	-0.7299678174132987	-0.03417480018090803	-0.3759971892179615
chr4_mat	8200000	8400000	0.005044019893176796	-0.7945309956495813	-0.059519027081440995	-0.43413195784592545
chr4_mat	8400000	8600000	0.006050943023147923	-0.008466445120689899	-0.0466545111938518	-0.715910828878527
chr4_mat	8600000	8800000	0.005095781823444271	-0.8152916271324349	-0.029851002152003387	-0.22111297338347263
chr4_mat	8800000	9000000	0.004430412135768919	-1.0631134577567294	-0.006484693065166585	0.06887185448746075
chr4_mat	9000000	9200000	0.004812057731579033	-0.9396351526227775	-0.01720565678964543	0.02104341397627056
chr4_mat	9200000	9400000	0.0040355555764282035	-1.1893288834846074	0.054496669896181266	0.13392572111107426
chr4_mat	9400000	9600000	0.005828990240216549	0.07596972698240888	0.023182827323839705	-0.6183311366163716
chr4_mat	9600000	9800000	0.006226243688425204	0.14515401754936227	0.21188121488597422	-0.6955865104692912
chr4_mat	9800000	10000000	0.005925538429693673	0.8933279624006393	0.30044808042903043	-0.37710493985224064
chr4_mat	10000000	10200000	0.006340111004398417	0.8331610220468118	0.3393065352096616	-0.4681248455813349
chr4_mat	10200000	10400000	0.00636301902051401	0.9278894757145857	0.3259368922421377	-0.21823647895580406
chr4_mat	10400000	10600000	0.006121059221158146	0.3485292972255183	0.3202157082427913	-0.5175042389918192
chr4_mat	10600000	10800000	0.006073268623856537	0.48249096713013484	0.2747591002704763	-0.43677316261124616
chr4_mat	10800000	11000000	0.006234353069083534	0.7551914249311471	0.248057157263151	-0.26925983081762545
chr4_mat	11000000	11200000	0.006180230107196326	0.9271680798068874	0.29446107732084936	-0.2448362120581869
chr4_mat	11200000	11400000	0.0061581469101144185	0.8826198047450048	0.25159839518612453	-0.28906174268745016
chr4_mat	11400000	11600000	0.005946935905666637	0.3217333204719412	0.03533042476790754	-0.6201950116063955
chr4_mat	11600000	11800000	0.00389812017336504	-1.264539942518778	0.052918420440095315	0.3851545581923704
chr4_mat	11800000	12000000	0.005675293607866905	-0.5238446510760122	-0.07662168624274736	-0.253089653250644
chr4_mat	12000000	12200000	0.004490624163969968	-0.9546320885218206	-0.05428283464901541	0.16090439933505735
chr4_mat	12200000	12400000	0.005390362663006572	-0.5195322688640379	-0.10507582789021042	-0.0016547687878928831
chr4_mat	12400000	12600000	0.005988052485234325	0.6082697530283114	-0.07387558008648211	-0.37593147784089187
chr4_mat	12600000	12800000	0.006027001060184518	0.2196022914677889	-0.08512883596825542	-0.48258152480801764
chr4_mat	12800000	13000000	0.005961371116084674	-0.21674433882048486	-0.08541682938183968	-0.5670026983539956
chr4_mat	13000000	13200000	0.005608804732410278	-0.26120470022160186	-0.03891145914721814	-0.5279816502758898
chr4_mat	13200000	13400000	0.005777987744524418	-0.21002779225923263	-0.013343585203279513	-0.6002652075093645
chr4_mat	13400000	13600000	0.006279663051317449	0.7109566349230435	-0.03924993382317092	-0.2685926145049255
chr4_mat	13600000	13800000	0.006163067751597397	0.8062485818639916	-0.07128700943048845	-0.2758591724693033
chr4_mat	13800000	14000000	0.006367029951562799	0.8614461777434687	-0.027645745635014537	-0.11508943194575388
chr4_mat	14000000	14200000	0.0060057041918345445	0.5224103798614771	-0.1306989009660904	-0.37470640964092333
chr4_mat	14200000	14400000	0.0053914444541052885	-0.47133618949190526	0.05015438908570672	-0.42923412125641613
chr4_mat	14400000	14600000	0.006387852029544714	0.7967768540015719	-0.04770368617485357	-0.21839282533233526
chr4_mat	14600000	14800000	0.005943609553374264	-0.003591071990435884	-0.0546126349179065	-0.4814192130684459
chr4_mat	14800000	15000000	0.005043818506980777	-0.7371753845259207	0.055463380988732255	-0.2424474872323943
chr4_mat	15000000	15200000	0.0062717366950970025	-0.3202605527789093	-0.03789017252278904	-0.4002284718915554
chr4_mat	15200000	15400000	0.00558640552148917	-0.20354117585142664	-0.12844233694311885	-0.384648305841385
chr4_mat	15400000	15600000	0.006266328300380666	0.5577460313352185	-0.17182045202048743	-0.2688717520701198
chr4_mat	15600000	15800000	0.005245908104377147	-0.40775619247814604	-0.08253376606656604	-0.4335766015485615
chr4_mat	15800000	16000000	0.005534670594878192	0.12015225078802864	-0.19785552550069063	-0.43043502484708157
chr4_mat	16000000	16200000	0.005949710885490901	0.7496077228574756	-0.2671808719889914	-0.1088174902872523
chr4_mat	16200000	16400000	0.005928000847590104	0.8564573305515443	-0.313642465008696	-0.06563471247600017
chr4_mat	16400000	16600000	0.006003050292680217	0.8438560750760125	-0.32775692958115993	-0.06684209588354545
chr4_mat	16600000	16800000	0.006035486532126647	0.7694692704095566	-0.2554195404302745	-0.09260665601743535
chr4_mat	16800000	17000000	0.006078416416171903	0.756195826379955	-0.22439859821577474	-0.06250667644253845
chr4_mat	17000000	17200000	0.006254128071011699	0.639402758895699	-0.2368295601335479	-0.22886181506250855
chr4_mat	17200000	17400000	0.005669288387189157	0.05395611862018213	-0.1790376576130614	-0.5214414858303715
chr4_mat	17400000	17600000	0.006087717422322081	0.7903485257947078	-0.22648727862115725	-0.11968889752255367
chr4_mat	17600000	17800000	0.006690710038612773	0.7302662772655272	-0.24928566332276964	-0.30516883552951585
chr4_mat	17800000	18000000	0.006215432560379553	0.022103314493310083	-0.09914824471861079	-0.3550610043241337
chr4_mat	18000000	18200000	0.0049080729537440285	-0.9090071942998575	-0.035993850756524656	-0.11415515888388597
chr4_mat	18200000	18400000	0.0049604428807698	-0.884600186786829	-0.0938842766042972	-0.09551710259218235
chr4_mat	18400000	18600000	0.005198713283431036	-0.7280207581519991	-0.2134666545535806	-0.22531387527854796
chr4_mat	18600000	18800000	0.0051459042890348704	-0.3134850258361973	-0.28091414419925587	-0.3519689503041612
chr4_mat	18800000	19000000	0.0058979032223461115	0.7149766807236114	-0.4006493403536032	-0.15344182924440236
chr4_mat	19000000	19200000	0.006021275854355157	0.834007195916469	-0.49155713123429917	-0.055309131138498675
chr4_mat	19200000	19400000	0.0057178924876791	0.782837263362287	-0.5097219957072942	-0.02573870745323138
chr4_mat	19400000	19600000	0.006187438061917001	0.7629435076516268	-0.5557443301542512	-0.06627745593134066
chr4_mat	19600000	19800000	0.005824648415777008	0.7676769897124658	-0.5577008595100424	-0.08342933770319509
chr4_mat	19800000	20000000	0.005860704513723229	0.7381693121586517	-0.5617217842360797	-0.07706667358530309
chr4_mat	20000000	20200000	0.005984684309091639	0.7610210107375984	-0.5598400393365757	-0.03582355369160468
chr4_mat	20200000	20400000	0.00591128298621469	0.7574492230129687	-0.5900403343746381	-0.04876246471420291
chr4_mat	20400000	20600000	0.005887114674000475	0.7314366349316529	-0.5830512071014263	-0.09236898111885997
chr4_mat	20600000	20800000	0.005853888949947072	0.758961518047612	-0.6091288754444457	-0.04499559464218429
chr4_mat	20800000	21000000	0.0058814668922779825	0.74846909348186	-0.5617591492126455	-0.06803019574478823
chr4_mat	21000000	21200000	0.005794317229072958	0.7862599976877277	-0.5624800367414755	-0.05866762817541728
chr4_mat	21200000	21400000	0.0060012005435959425	0.826362985308902	-0.5813883242781045	-0.03630190483008558
chr4_mat	21400000	21600000	0.006178208203464245	0.8193100433955507	-0.4991038685785625	-0.08438755528627562
chr4_mat	21600000	21800000	0.005839475149529572	0.765300740625731	-0.38185230524358194	-0.10392915449365382
chr4_mat	21800000	22000000	0.006220071218518738	0.5601010798920271	-0.3963182914858977	-0.32689067035398744
chr4_mat	22000000	22200000	0.005877071117474726	-0.2601143238269833	-0.31841679398329326	-0.46330260143804947
chr4_mat	22200000	22400000	0.006360636689695138	-0.5091300050262716	-0.3201727566653881	-0.3365241698622031
chr4_mat	22400000	22600000	0.005164859257310104	-0.6956808439851014	-0.34971043232336674	0.007792452892006075
chr4_mat	22600000	22800000	0.004615818620240764	-1.0058660769291043	-0.31195532051144437	0.09075806093807749
chr4_mat	22800000	23000000	0.004963824771543623	-1.0292928137975734	-0.2716371058180495	-0.06391661345350037
chr4_mat	23000000	23200000	0.0067851530658219255	0.26300293557960175	-0.4305188038910597	-0.4651823836786764
chr4_mat	23200000	23400000	0.006996290548693202	0.5303265295439756	-0.41468428055751205	-0.4822892221512646
chr4_mat	23400000	23600000	0.006811767401387058	0.43878037477788834	-0.4428203652421199	-0.465263421479727
chr4_mat	23600000	23800000	0.00555390135465225	-0.8054482650535244	-0.33221721468050586	-0.3735486586551687
chr4_mat	23800000	24000000	0.005409843937513102	-0.7180451412919268	-0.38241302485014644	-0.3935800224796951
chr4_mat	24000000	24200000	0.006697537789766917	0.7076689636229017	-0.5067739863894726	-0.24042445497640538
chr4_mat	24200000	24400000	0.0062146762565393	0.757380670890085	-0.5230564427706863	-0.2240974647613297
chr4_mat	24400000	24600000	0.005639291839066211	0.01648925055398522	-0.32378533181523156	-0.49034995321891967
chr4_mat	24600000	24800000	0.00591728029011584	0.7601436928829358	-0.47836921583819825	-0.22051015572521251
chr4_mat	24800000	25000000	0.006127293150861691	0.8753912581712853	-0.45965773909006047	-0.10472492079239352
chr4_mat	25000000	25200000	0.00662534893862218	0.8469656561714431	-0.4006610151364627	-0.1663695439444016
chr4_mat	25200000	25400000	0.006764557216426836	0.2604579220373572	-0.3557976963388842	-0.5803144693460732
chr4_mat	25400000	25600000	0.0059726782532846375	-0.2183254525863787	-0.36534364469170744	-0.48921710794096873
chr4_mat	25600000	25800000	0.004718568369256087	-1.1980006886094532	-0.35302766213232817	0.29553481306006135
chr4_mat	25800000	26000000	0.004679848801304974	-1.1549045212782214	-0.36885199590037543	0.34357385708609667
chr4_mat	26000000	26200000	0.006703435217190776	-0.10530754911199561	-0.4044808587239067	-0.5602388558257183
chr4_mat	26200000	26400000	0.0062729340886056775	-0.37706917741157864	-0.34686639518160367	-0.4674530133129126
chr4_mat	26400000	26600000	0.005993229820735935	-0.7017780688823907	-0.3858228681395618	-0.2386349094672152
chr4_mat	26600000	26800000	0.006077944380947256	-0.44839355319075463	-0.41366417932040705	-0.3495534764480578
chr4_mat	26800000	27000000	0.006007138486442554	-0.7009507283729258	-0.40706232250956415	-0.27419390707189223
chr4_mat	27000000	27200000	0.005568749895909285	-0.7031787624857211	-0.45657107165142047	-0.20730016793981856
chr4_mat	27200000	27400000	0.004938652068477189	-0.8176987513275581	-0.36731084407971365	-0.200395277769037
chr4_mat	27400000	27600000	0.0051431798486317295	-0.6757120848330886	-0.3706628298936012	-0.319239489844269
chr4_mat	27600000	27800000	0.006202734140517687	0.1126526468334572	-0.440305430133211	-0.505842176357001
chr4_mat	27800000	28000000	0.006651308806980539	0.8568218326496156	-0.5706639121895081	-0.20187072371429926
chr4_mat	28000000	28200000	0.006070580175948961	0.8546711973428676	-0.5075197877589702	-0.11227572122587534
chr4_mat	28200000	28400000	0.006061692099182482	0.862246988998912	-0.5288342196227529	-0.04299664896122115
chr4_mat	28400000	28600000	0.00618131009150877	0.804844219505755	-0.520414491330141	-0.10262064581450273
chr4_mat	28600000	28800000	0.006083156463980623	0.788119814407501	-0.5359218910040311	-0.012003567712316485
chr4_mat	28800000	29000000	0.006142868292053667	0.8211532408882652	-0.48522112196333506	-0.028994683623876364
chr4_mat	29000000	29200000	0.00619816736297858	0.33797398082655533	-0.4212951203735282	-0.4583758882936184
chr4_mat	29200000	29400000	0.00523315818319685	-0.4381437352696675	-0.3903886683978866	-0.3104907059991199
chr4_mat	29400000	29600000	0.005813651463419151	-0.22050895359140077	-0.43039089055581464	-0.496104215326502
chr4_mat	29600000	29800000	0.005546073349807895	-0.06394783883381354	-0.3644757252040408	-0.4506325215112665
chr4_mat	29800000	30000000	0.006207670371381508	0.7975774893829699	-0.4903894529144354	-0.09424197528178217
chr4_mat	30000000	30200000	0.006174995780277936	0.8046599346420902	-0.404048200844008	-0.01211942942809753
chr4_mat	30200000	30400000	0.006185939516962404	0.858991814625994	-0.4849497729713767	0.09188500621529536
chr4_mat	30400000	30600000	0.006309771223640266	0.8466942001876908	-0.45249909225970963	0.03184266281628678
chr4_mat	30600000	30800000	0.006205188805965215	0.8709126383185208	-0.49199803600465614	-0.007733270181903662
chr4_mat	30800000	31000000	0.0060369394198592895	0.8821922523367134	-0.4431765647468824	-0.018770180263621254
chr4_mat	31000000	31200000	0.006169549118037652	0.5141447863402248	-0.4085408939845811	-0.3536827247003721
chr4_mat	31200000	31400000	0.00688054201439886	0.567631611007994	-0.3581661026634781	-0.2673629369321813
chr4_mat	31400000	31600000	0.0060202824934365495	-0.3150691006502375	-0.32953176754192126	-0.5516659527946102
chr4_mat	31600000	31800000	0.005728822425480327	-0.6060340857724806	-0.395142644614689	-0.42597839030233153
chr4_mat	31800000	32000000	0.004788226608280989	-1.198159588061478	-0.4549846173506883	0.1709843446937034
chr4_mat	32000000	32200000	0.005386190112170514	-0.8277566606195303	-0.3635570372404623	-0.4285666556314199
chr4_mat	32200000	32400000	0.006604072477431766	0.3370429977642102	-0.4576038463861007	-0.57717361031937
chr4_mat	32400000	32600000	0.006365048115496534	0.5859325743995552	-0.5138611125509407	-0.42722619209570506
chr4_mat	32600000	32800000	0.0065407447971981255	0.8007995502234542	-0.47916446895254333	-0.0756509954192949
chr4_mat	32800000	33000000	0.006201513064219453	0.8681184972059406	-0.4950098337882013	0.0409090915732993
chr4_mat	33000000	33200000	0.006087726980470161	0.9011310727328624	-0.6110307792624593	0.0034920300478504117
chr4_mat	33200000	33400000	0.006239275547945945	0.8850122988147779	-0.5202160472781217	0.10337230661988821
chr4_mat	33400000	33600000	0.0060908383611617605	0.8911883702094864	-0.5461233890612792	0.13255248458928984
chr4_mat	33600000	33800000	0.006220028294405665	0.8276898198324713	-0.476018292676344	0.05788576960762864
chr4_mat	33800000	34000000	0.006352649392162306	0.8032213148207998	-0.4782178032477864	0.024158903579215386
chr4_mat	34000000	34200000	0.006318000993462544	0.773525201955787	-0.4452946743931731	0.04602395278520691
chr4_mat	34200000	34400000	0.006223689504370677	0.32492341824585214	-0.3921208167298984	-0.15568849187010853
chr4_mat	34400000	34600000	0.005810068019096498	-0.21999398878215773	-0.3380131809140541	-0.42059771122321327
chr4_mat	34600000	34800000	0.004606201239122278	-0.9609376429839003	-0.39412120053832844	-0.12562449460360023
chr4_mat	34800000	35000000	0.005684728597510457	-0.07267382495411331	-0.2782109444569575	-0.3866226856824861
chr4_mat	35000000	35200000	0.006297310366257872	0.781460668178105	-0.3085244038724261	-0.024524280544103244
chr4_mat	35200000	35400000	0.0061572786157051895	0.7785239671150015	-0.29699004248258076	-0.029763015281941294
chr4_mat	35400000	35600000	0.005030166646419885	-0.21070101997667218	-0.2868675431728392	-0.18390076906857408
chr4_mat	35600000	35800000	0.005147788086691242	-0.5158038155835196	-0.38908066408316905	-0.17126269667659266
chr4_mat	35800000	36000000	0.006030648622731985	-0.3607264261235341	-0.33963130545738257	-0.47096312142920743
chr4_mat	36000000	36200000	0.006560670097366171	0.292769996067698	-0.3160492104748813	-0.42033887630512584
chr4_mat	36200000	36400000	0.006392303224053033	0.8161286704443239	-0.289095767353474	-0.03300899297926874
chr4_mat	36400000	36600000	0.0065930475179417185	0.8624066299647907	-0.3269327952636287	0.029608867101272526
chr4_mat	36600000	36800000	0.006313909448332643	0.8909311535333387	-0.3520288557886928	0.03814952129787796
chr4_mat	36800000	37000000	0.006426104472350627	0.6516248549716114	-0.3432169930342041	-0.163374174470585
chr4_mat	37000000	37200000	0.005075736381905644	-0.6152596576708654	-0.3293501929569624	-0.3118501800888342
chr4_mat	37200000	37400000	0.005145792658089831	-0.7679729470776395	-0.3902031650681806	-0.19324657942994064
chr4_mat	37400000	37600000	0.005359987582855888	-0.6831055760943746	-0.3999874321803907	-0.13071669690310736
chr4_mat	37600000	37800000	0.005453110383860021	-0.3786785320506558	-0.44549181439593416	-0.1571730676229834
chr4_mat	37800000	38000000	0.006586940189281163	0.6341460270850914	-0.365020540872028	-0.1380114669911262
chr4_mat	38000000	38200000	0.00658442034491691	0.8461250241413633	-0.32821296635524755	0.007059355937851189
chr4_mat	38200000	38400000	0.006611937336409688	0.7627323122120823	-0.33849014284702983	-0.12880209077728108
chr4_mat	38400000	38600000	0.005840299277472387	0.06375387935062683	-0.3386408403166669	-0.33695697192127577
chr4_mat	38600000	38800000	0.004954939079881214	-0.7713376322841304	-0.3404525534460384	-0.33433895686103937
chr4_mat	38800000	39000000	0.006569421879715444	0.5366950581294959	-0.33801893281961926	-0.2926954890617519
chr4_mat	39000000	39200000	0.006041295257106004	-0.2997898107905554	-0.2189547447089563	-0.6431393581880488
chr4_mat	39200000	39400000	0.006304366171590436	0.7345445915682188	-0.36717047226132077	-0.08472172395262345
chr4_mat	39400000	39600000	0.006245576786881453	0.904679749905103	-0.3807233878504366	0.1345516157309556
chr4_mat	39600000	39800000	0.0060589083843034805	0.9107759367369735	-0.41548673778346373	0.19858638905591922
chr4_mat	39800000	40000000	0.006326373450045046	0.8992131962064754	-0.46406400825035526	0.21215515485130879
chr4_mat	40000000	40200000	0.006319925527563303	0.8291817963296874	-0.3974323073946064	0.0395913861902488
chr4_mat	40200000	40400000	0.0060104771249758215	0.49491400124381685	-0.3166940827337225	-0.2586833703113386
chr4_mat	40400000	40600000	0.005823092698253496	-0.34082693393142394	-0.2955942760554071	-0.5444965103274251
chr4_mat	40600000	40800000	0.005976032311702665	0.3120499025970811	-0.2401685012407945	-0.36664442842151895
chr4_mat	40800000	41000000	0.0063286197115762985	0.8251831496773626	-0.3544019130989217	0.00718927305732773
chr4_mat	41000000	41200000	0.006506955686432741	0.8428192569906242	-0.3300950242210488	0.03314318261748589
chr4_mat	41200000	41400000	0.006580117383272671	0.8405643880701346	-0.2859523347161997	0.08869004640280119
chr4_mat	41400000	41600000	0.006179968245644876	0.3614357332475238	-0.21904415012308465	-0.19910026144611703
chr4_mat	41600000	41800000	0.006740572029192139	0.45918949529935643	-0.32915812287806845	-0.3322494563872624
chr4_mat	41800000	42000000	0.007290496109342405	0.4899877958181117	-0.29659423064243473	-0.3641842201963111
chr4_mat	42000000	42200000	0.005843344148609163	-0.5378067599221913	-0.34334142008280916	-0.5268484886326915
chr4_mat	42200000	42400000	0.007749472837901678	0.3511481502097595	-0.35646971801616134	-0.4729022032872052
chr4_mat	42400000	42600000	0.004696129331686952	-1.26645041873733	-0.6113251110976478	0.46671452075456443
chr4_mat	42600000	42800000	0.006431662473672339	-0.9253357756524911	-0.5050632384890834	-0.23900946194432882
chr4_mat	42800000	43000000	0.00573952576861963	-1.0367726718897932	-0.4554819053881535	-0.20291070338688813
chr4_mat	43000000	43200000	0.006840546486857898	-0.3844806635800006	-0.3948341602077664	-0.4539311633065563
chr4_mat	43200000	43400000	0.006296347971258071	-0.2527061157052745	-0.3572549297536735	-0.47356906341198185
chr4_mat	43400000	43600000	0.006330269703399611	-0.3001813503148144	-0.3731560165906145	-0.4681347363384313
chr4_mat	43600000	43800000	0.0051682586271888315	-1.1183108764068805	-0.6560837405241723	-0.14088370832016084
chr4_mat	43800000	44000000	0.005617768874021432	-0.9473911230843576	-0.61669652443724	-0.2547893153057191
chr4_mat	44000000	44200000	0.005949405440344665	-0.5257468827361698	-0.503883696748923	-0.35088376582948105
chr4_mat	44200000	44400000	0.007541046260240055	0.5067356512191599	-0.24942966670937594	-0.48914156907688294
chr4_mat	44400000	44600000	0.007727847648626446	0.47682845765487786	-0.23028994390107213	-0.49265053685457033
chr4_mat	44600000	44800000	0.005201045492310726	-0.7595774889835526	-0.3778605699968327	-0.448774249120771
chr4_mat	44800000	45000000	0.005304447836047093	-0.8879982641432975	-0.3176383987861047	-0.42331879786846377
chr4_mat	45000000	45200000	0.006106902120754406	-0.047871809076932274	-0.2253897965652651	-0.35443948488551125
chr4_mat	45200000	45400000	0.006684571210599857	0.8477108782373085	-0.09941896397484229	-0.015231210222229579
chr4_mat	45400000	45600000	0.006991858247840318	0.872672550816301	-0.07743833305998898	0.0018208927590803326
chr4_mat	45600000	45800000	0.007211281328424466	0.5357486063473768	-0.20322530005428457	-0.4013079161618474
chr4_mat	45800000	46000000	0.006682958356897937	-0.00597954794309658	-0.24235358314047564	-0.5143128416529642
chr4_mat	46000000	46200000	0.004566178063612305	-1.1985192256226922	-0.44810036165653283	-0.15377315926906868
chr4_mat	46200000	46400000	0.00733890186604378	0.2509285559353774	-0.17514651726227373	-0.3954652948412335
chr4_mat	46400000	46600000	0.00621705975213335	-0.3345317153097049	-0.2817023989745586	-0.506840391986439
chr4_mat	46600000	46800000	0.0067505859703770885	-0.10917948377925563	-0.2604613939978581	-0.49490455109879233
chr4_mat	46800000	47000000	0.005965390533850402	-0.31408662113110886	-0.19464670093263942	-0.46755483235884504
chr4_mat	47000000	47200000	0.007168102032339344	0.5618899637720303	-0.13546692585382727	-0.2930027676119671
chr4_mat	47200000	47400000	0.005740379205943356	-0.5731048792789954	-0.3450360169416917	-0.467504236229089
chr4_mat	47400000	47600000				
chr4_mat	47600000	47800000	0.012366458342525383	-1.0928063738672673	-0.42089684521100856	-0.14565335952201855
chr4_mat	47800000	48000000	0.005264138373427064	-1.1456556289335964	-0.4679898009601966	-0.08307204612169111
chr4_mat	48000000	48200000	0.007990588627421693	-0.27759459442887857	-0.27620874684895047	-0.4846501555889692
chr4_mat	48200000	48400000	0.007460501553662015	0.25916127617858287	-0.13256297790790394	-0.17330429216481477
chr4_mat	48400000	48600000	0.004575542421994233	-1.1278712977485936	-0.41787884876278536	0.05952506507246161
chr4_mat	48600000	48800000	0.006329194367351245	-0.28472177239831303	-0.1855159404960608	-0.317016222665819
chr4_mat	48800000	49000000	0.006833442099272928	0.41912756247971095	-0.09874856258104517	-0.12338079769316138
chr4_mat	49000000	49200000	0.006586134794625959	0.40670988630039134	-0.17557047526306932	-0.12671471216406333
chr4_mat	49200000	49400000	0.011713629899647568	0.1995333779367688	-0.23891932076294903	-0.242978022999553
chr4_mat	49400000	49600000	0.005219258542099781	-1.0090203623325698	-0.3387622187874227	-0.1856057165199345
chr4_mat	49600000	49800000	0.004235247227556972	-1.3139132395463855	-0.577887072313812	0.31493147388236964
chr4_mat	49800000	50000000	0.006399957074693442	0.15001433338476333	-0.090821313070926	-0.13814578546273487
chr4_mat	50000000	50200000	0.007061649552591123	0.7854220897916162	-0.10378391033540382	0.18334687608575154
chr4_mat	50200000	50400000	0.007002151955180302	0.7817689889494878	-0.14958687416406505	0.16031038319586613
chr4_mat	50400000	50600000	0.006614171493144701	0.8537991871624572	-0.13675751880537246	0.2122249931342025
chr4_mat	50600000	50800000	0.007310207490605426	0.7548909323908817	-0.2533190813209066	-0.0033407615079522703
chr4_mat	50800000	51000000	0.0076410710479047714	0.7483508791824786	-0.16240761431337775	0.08511039643253226
chr4_mat	51000000	51200000	0.007100789054712828	0.6754306346627673	-0.09204450620037492	0.09157543143569453
chr4_mat	51200000	51400000	0.0068362250442150965	0.2174123501281316	-0.22647718179443885	-0.13969940153989208
chr4_mat	51400000	51600000	0.0065402973226270185	-0.2758762930384341	-0.24431525210802066	-0.4367017153500402
chr4_mat	51600000	51800000	0.006962277685305045	0.6908150369341199	-0.17333040759814586	0.18791542508194242
chr4_mat	51800000	52000000	0.006530627786996616	0.84806618108209	-0.2105353421463596	0.3658377666874186
chr4_mat	52000000	52200000	0.006367601668451406	0.8344177518966738	-0.186360613870382	0.3373372435479659
chr4_mat	52200000	52400000	0.006761468051437756	0.8041725263323369	-0.18928590252419675	0.37461377302803817
chr4_mat	52400000	52600000	0.006827109045182263	0.7731116215321702	-0.14584893844024943	0.4408301454015901
chr4_mat	52600000	52800000	0.006384278708680464	0.5395995167243813	-0.03139710971682336	0.20602185615437904
chr4_mat	52800000	53000000	0.006917444709561648	0.7892161734600406	-0.09689016196684615	0.39137377623013414
chr4_mat	53000000	53200000	0.007005219269657697	0.7022427713333135	-0.18161399358368335	0.13780006870865952
chr4_mat	53200000	53400000	0.007394782197915158	0.37633728199066346	-0.16368453872733268	-0.03208895128065196
chr4_mat	53400000	53600000	0.005325659664200104	-0.9371281729724706	-0.18617698025807167	-0.09735660386342716
chr4_mat	53600000	53800000	0.00678397350614576	-0.3499466829366087	-0.21000543678757272	-0.31122057205353537
chr4_mat	53800000	54000000	0.00809715749234486	0.4457859750003868	-0.18807224734497632	-0.1420106103621641
chr4_mat	54000000	54200000	0.0074548941266075605	0.6197838233785378	-0.24503392819732037	-0.05299848093218075
chr4_mat	54200000	54400000	0.007689331463639101	0.6622469346401604	-0.20423754391855486	0.00027580493971594215
chr4_mat	54400000	54600000	0.008440956015578052	0.6936667044151386	-0.17426400457877644	0.01091608492764757
chr4_mat	54600000	54800000	0.007814717809215499	0.7219895091440436	-0.20121910178438146	0.04691165045511295
chr4_mat	54800000	55000000	0.007855168490011557	0.7661637907568465	-0.20995551513496424	0.04565943546321557
chr4_mat	55000000	55200000	0.008262625789032328	0.7383393540061212	-0.24967294815025054	0.1391642915349965
chr4_mat	55200000	55400000	0.007694932944712682	0.7642298685545592	-0.18108181521001096	0.32420965512252736
chr4_mat	55400000	55600000	0.007040382565853403	0.7534527693064169	-0.2530815592751787	0.41929535462845574
chr4_mat	55600000	55800000	0.008724432237288282	0.774763913014661	-0.2867080666913637	0.4092245726485925
chr4_mat	55800000	56000000				
chr4_mat	56000000	56200000				
chr4_mat	56200000	56400000				
chr4_mat	56400000	56600000	0.005613906003838281	-0.8865168742931783	-0.5065538495665355	0.6156024411658793
chr4_mat	56600000	56800000	0.005701637843244694	-0.9654737627498571	-0.4491078992137322	0.4348628915050407
chr4_mat	56800000	57000000	0.007705699572506483	0.08148769169058157	-0.36738238337705675	0.5721021975898161
chr4_mat	57000000	57200000	0.007838951217054274	0.3621754624863203	-0.47397184219439065	0.7531166846954861
chr4_mat	57200000	57400000	0.005682024012199047	-0.7504432219753365	-0.5308403966543453	0.607633864876093
chr4_mat	57400000	57600000	0.006139090683653041	-0.6262586640307354	-0.4291744471056878	0.5523050757877443
chr4_mat	57600000	57800000	0.004989448410050513	-0.8613169386389954	-0.43914362655577766	0.5371365367216847
chr4_mat	57800000	58000000	0.00666172480132744	-0.24292477651061242	-0.42032318751155034	0.3800425212037297
chr4_mat	58000000	58200000	0.006812268352348008	-0.07685711086685801	-0.445379285081044	0.324329413661767
chr4_mat	58200000	58400000	0.006681015710801648	0.11477427472323867	-0.4404298085617607	0.41850644538768184
chr4_mat	58400000	58600000	0.006677083897513398	0.4421432279638699	-0.4755726051105669	0.6770134710060949
chr4_mat	58600000	58800000	0.005656582372140768	-0.39527384034777935	-0.3965417474197371	0.16052854277144288
chr4_mat	58800000	59000000	0.006920620287876587	0.47580393641889435	-0.4793067143729152	0.5790324693663389
chr4_mat	59000000	59200000	0.007024343959655444	0.6259581460765741	-0.4117175176727323	0.6199907139986841
chr4_mat	59200000	59400000	0.006703174307217998	0.7652106260713801	-0.38653455353170035	0.7016574459189198
chr4_mat	59400000	59600000	0.006368059867938777	0.4404547308449569	-0.39583843572352734	0.4764940075494089
chr4_mat	59600000	59800000	0.006589317302266604	0.0886025316736246	-0.3724092035254145	0.19745399372994227
chr4_mat	59800000	60000000	0.005954396248565044	-0.3839111515595486	-0.30512283714272953	0.008930539227952488
chr4_mat	60000000	60200000	0.009521856569186232	-0.10517455646164127	-0.3728577087360905	0.08681461000591195
chr4_mat	60200000	60400000				
chr4_mat	60400000	60600000				
chr4_mat	60600000	60800000				
chr4_mat	60800000	61000000				
chr4_mat	61000000	61200000				
chr4_mat	61200000	61400000	0.006308903328780568	-1.201803020121195	-0.40294892403364857	0.4663187829529019
chr4_mat	61400000	61600000	0.005230677422309609	-0.7894571041020173	-0.35270735001408104	0.24332935504412395
chr4_mat	61600000	61800000	0.005516817985834212	-0.5028569198590722	-0.4089333466602074	0.23003121992668374
chr4_mat	61800000	62000000	0.006520834453655755	0.5404695672225751	-0.42683029133098577	0.5334756245129061
chr4_mat	62000000	62200000	0.005975157448217275	-0.11531602968365054	-0.3698830103511645	0.2528531203980218
chr4_mat	62200000	62400000	0.006903944637764954	0.1176941778100755	-0.34976154532490245	0.2989410967286943
chr4_mat	62400000	62600000	0.00568517276673227	-0.45799843148997804	-0.24820592236503747	0.07017359314220036
chr4_mat	62600000	62800000	0.006966420922017877	0.08860006006024411	-0.37752863270236797	0.27429298295958787
chr4_mat	62800000	63000000	0.006774355116393351	-0.5616664450364718	-0.3411598477849712	0.15806980216574795
chr4_mat	63000000	63200000	0.005817835735944157	-0.7878049372608178	-0.32940023746487324	0.19447121706992995
chr4_mat	63200000	63400000	0.007456185600836193	0.39737264459210225	-0.3568207345953694	0.3469098720354595
chr4_mat	63400000	63600000	0.010616086568249507	0.39025385416958686	-0.314291544932736	0.20529031618187873
chr4_mat	63600000	63800000				
chr4_mat	63800000	64000000	0.012327844111966673	-1.1709899280717837	-0.42596921943893906	0.5135844045095326
chr4_mat	64000000	64200000	0.004278779334006345	-1.2870123645739526	-0.3991611791920797	0.5083173736003048
chr4_mat	64200000	64400000	0.0054519836447557155	-0.5719123698835326	-0.20475571057680786	0.14635691097683676
chr4_mat	64400000	64600000	0.007262945183335072	0.6675670552884767	-0.19866645034254057	0.4522221484145986
chr4_mat	64600000	64800000	0.007057441527197696	0.8246360109668726	-0.24718646486570925	0.4719296118743581
chr4_mat	64800000	65000000	0.007311059329201242	0.8472579499091535	-0.11521707377329068	0.43035484073298713
chr4_mat	65000000	65200000	0.007421797459698172	0.7505208233651356	-0.17973100892475954	0.18915498934634795
chr4_mat	65200000	65400000	0.007330446965858315	0.709619824045092	-0.15034319769081875	0.30636413523618716
chr4_mat	65400000	65600000	0.006727688193997894	0.6742593283824255	-0.1282214899873085	0.39321631057960715
chr4_mat	65600000	65800000	0.006809218704828097	0.1169665425410804	-0.2603725417421844	0.14610516305834317
chr4_mat	65800000	66000000	0.005310909272606814	-0.8411653665468553	-0.1913108930689469	0.1817074827561637
chr4_mat	66000000	66200000	0.004728165539421639	-0.9926722949178238	-0.23723421018247995	0.23424769084419558
chr4_mat	66200000	66400000	0.007147455257345982	0.3520903838673665	-0.25304862139006334	0.24484578121108694
chr4_mat	66400000	66600000	0.006609881496802763	0.38658528467094205	-0.29202255870789723	0.3277755407233152
chr4_mat	66600000	66800000	0.005444751934967538	-0.5029185828987239	-0.16926882304509713	-0.10919213495195632
chr4_mat	66800000	67000000	0.0056126775638432585	-0.48486923376405633	-0.10703093669869174	-0.07964947070324407
chr4_mat	67000000	67200000	0.006201209594083944	-0.23830943766622192	-0.07908145707133371	0.11921815342113105
chr4_mat	67200000	67400000	0.007013478989048711	0.6791116055001747	-0.09340771496292806	0.4517215066322649
chr4_mat	67400000	67600000	0.005749075291256223	0.2822722350748502	-0.4725799542574705	0.0793014301626942
chr4_mat	67600000	67800000	0.007346660970371708	0.4395227377624896	-0.057374813299787705	-0.05368723304062473
chr4_mat	67800000	68000000	0.007447044941624451	0.6524375248195973	-0.11097369242550097	0.1348597690210219
chr4_mat	68000000	68200000	0.006963501152885416	0.41316123922020365	0.006306589397356583	0.11421704812997341
chr4_mat	68200000	68400000	0.007359150553745904	0.5849140002113562	-0.012298833024875408	0.06906981322566594
chr4_mat	68400000	68600000	0.006371717220588096	-0.3299372132730869	-0.08835047617342927	0.03604457035173755
chr4_mat	68600000	68800000	0.004202057668357136	-1.2870217945381541	-0.2075241294688208	0.21773990480793534
chr4_mat	68800000	69000000	0.005669091202303921	-1.0612572100615585	-0.3119505115297129	0.0833491564894109
chr4_mat	69000000	69200000	0.007418910696980086	-0.443142393836866	-0.15931718761817687	-0.12852532708687622
chr4_mat	69200000	69400000	0.005176438000814279	-1.072118966774506	-0.12970652732345586	0.045530855190627904
chr4_mat	69400000	69600000	0.003781185249253296	-1.1579469009003598	-0.43735676125617695	0.3523512698370025
chr4_mat	69600000	69800000	0.004570127504099692	-1.2555974692314131	-0.21455130290693178	0.3701949480118945
chr4_mat	69800000	70000000	0.005934325289539767	-0.8452406022458857	-0.03279658958220531	-0.10403043930808016
chr4_mat	70000000	70200000	0.007213949906400185	-0.7027752407242301	-0.01678651554855526	-0.39181542518345397
chr4_mat	70200000	70400000	0.008138446289810709	0.062038392660323835	-0.025344191550833197	-0.24833504748933852
chr4_mat	70400000	70600000	0.005677408271312603	-0.8953735354840863	0.19301305647793823	-0.2522840349550359
chr4_mat	70600000	70800000	0.006608534834193277	0.6581809417749238	0.2112834241532785	0.1566194251040722
chr4_mat	70800000	71000000	0.006232351246498396	0.7497874558232558	0.3164358792677659	0.26628175684641825
chr4_mat	71000000	71200000	0.006841099581762789	0.8786229149941447	0.4698800961610619	0.4105186183620018
chr4_mat	71200000	71400000	0.006178977357493314	0.8493768416476943	0.409979116602522	0.41858003262555565
chr4_mat	71400000	71600000	0.006958935182297777	0.855630003236761	0.4973059306216647	0.396860427946307
chr4_mat	71600000	71800000	0.006397110740785237	0.8447736620186982	0.3553439499898297	0.4281656480061349
chr4_mat	71800000	72000000	0.006566926251634288	0.8696816875793951	0.49912451251095113	0.26170952775163514
chr4_mat	72000000	72200000	0.006812521637793185	0.8300519633257497	0.5636977369426677	0.30567150723437997
chr4_mat	72200000	72400000	0.0065676388913110785	0.8365204271838192	0.5175667577364138	0.3412808217276461
chr4_mat	72400000	72600000	0.006894583495005473	0.834521192386904	0.6494826520397958	0.2372658211003741
chr4_mat	72600000	72800000	0.006772900945149036	0.887044618015784	0.5795638066203309	0.232184746108745
chr4_mat	72800000	73000000	0.006557924261501268	0.9661464664493549	0.7190132539707728	0.24561568075519088
chr4_mat	73000000	73200000	0.006750362798990878	0.9496250335546375	0.6562567314617648	0.40623474599713943
chr4_mat	73200000	73400000	0.006583701128045581	0.9240154006019176	0.5486873847203977	0.22027636978205428
chr4_mat	73400000	73600000	0.008400503226077539	0.6271439703689343	0.22819492105795158	0.012718923601175266
chr4_mat	73600000	73776267				
chr4A_mat	0	200000	0.005456826817566303	-0.6958299847605829	0.010810876815586611	-0.18947499009331106
chr4A_mat	200000	400000	0.007690060317958659	0.34703939554670643	0.4671258506181146	-0.08674248057157284
chr4A_mat	400000	600000	0.008459073775952338	0.338562880959081	0.6823959833538928	0.042246389509835315
chr4A_mat	600000	800000	0.008563917046192089	0.04991101271856443	0.8680330670145948	0.006838148706191381
chr4A_mat	800000	1000000	0.007461694762463382	-0.6028203808014914	0.48881019403732434	0.03709173685331103
chr4A_mat	1000000	1200000	0.008185714943925558	0.6411349226386563	0.7273730407600406	-0.27206591726327395
chr4A_mat	1200000	1400000	0.007975190488957028	1.0706286798685345	-0.02174233563927661	-0.27429513919187193
chr4A_mat	1400000	1600000	0.007105175273514141	0.530676271030388	0.2642921375742673	-0.2807188783452587
chr4A_mat	1600000	1800000	0.006135558808314236	-0.04897952865502918	0.3979867709687429	-0.2105845365346804
chr4A_mat	1800000	2000000	0.007268429493637519	0.9811700329929232	-0.211938524347467	-0.46761065434882915
chr4A_mat	2000000	2200000	0.007163538339073298	0.9615547646225436	-0.2488444572151143	-0.6835384034266375
chr4A_mat	2200000	2400000	0.0073397665667855674	0.9405147496486731	-0.29034658395917595	-0.741401530552768
chr4A_mat	2400000	2600000	0.0068431008052020695	0.9413125376055613	-0.26048073921805354	-0.7625922063323418
chr4A_mat	2600000	2800000	0.006803591293687743	0.9044384514129036	-0.1810283624213061	-0.724465910684632
chr4A_mat	2800000	3000000	0.006900494767107923	0.9551621403472565	-0.2691554540912266	-0.6902852264243976
chr4A_mat	3000000	3200000	0.006634943274065564	0.9042690271290775	-0.20641318232024672	-0.7020334090746027
chr4A_mat	3200000	3400000	0.006504768450798608	1.0239233054255745	-0.2886753713619349	-0.5570606244727294
chr4A_mat	3400000	3600000	0.006594290387217091	0.9554083559914522	-0.1988777180614109	-0.49060700054109774
chr4A_mat	3600000	3800000	0.00611327929351698	0.40172773763064384	-0.09567837231775209	-0.416816994630418
chr4A_mat	3800000	4000000	0.005992041769772054	0.28906333896890685	0.20724305202509052	-0.33305541925923093
chr4A_mat	4000000	4200000	0.005803856636542479	0.11046613186336517	0.1280909958502781	-0.2335956066097043
chr4A_mat	4200000	4400000	0.0056513430862401345	-0.06667983797499824	0.3302750936336186	-0.09354430219205757
chr4A_mat	4400000	4600000	0.0069906207445613	0.7206750775779406	0.3199107747922746	-0.1298781351166891
chr4A_mat	4600000	4800000	0.004529826694226946	-0.5871728121970178	0.10838708174434467	-0.15108085816910857
chr4A_mat	4800000	5000000	0.00488552433421591	-0.7272221957179376	-0.06205533071700341	-0.18304406140754167
chr4A_mat	5000000	5200000	0.005281854860641372	-0.5625885383652113	0.31371639617467906	-0.10098832507360131
chr4A_mat	5200000	5400000	0.00599067875656496	-0.413217847600392	0.6965536078616601	-0.1396469334353582
chr4A_mat	5400000	5600000	0.007553365331864952	0.15168882137217377	0.7590959125081752	-0.33674935003332385
chr4A_mat	5600000	5800000	0.008726667514781532	0.42424677928204846	0.8297526688708107	-0.33784531733765333
chr4A_mat	5800000	6000000	0.006616574853719964	-0.6222979599640515	0.46322943220777046	-0.10094087678776595
chr4A_mat	6000000	6200000	0.006048902504143139	-0.3924814659953638	0.3948427653957034	-0.10946844117103825
chr4A_mat	6200000	6400000	0.00581844268266393	-0.47727796920559995	0.2310528394466594	-0.1652031717508857
chr4A_mat	6400000	6600000	0.00515603537607352	-0.5668126376098122	-0.03269759283411425	-0.1947676924632914
chr4A_mat	6600000	6800000	0.005020105622542429	-0.7608124642453071	-0.12317807252361215	-0.20894093581176776
chr4A_mat	6800000	7000000	0.007010657517525802	0.14814725508430868	0.6890051949510885	-0.21539724222670464
chr4A_mat	7000000	7200000	0.006384559232326407	-0.23954558239167623	0.30986257518143406	-0.22662757048624715
chr4A_mat	7200000	7400000	0.005653417443600996	-0.5382495954829027	0.1281734260640189	-0.24114377211424362
chr4A_mat	7400000	7600000	0.005241440175215544	-0.5215621560565175	0.12798709571231615	-0.25617395330941395
chr4A_mat	7600000	7800000	0.007098318757666588	0.5871268381612039	0.4212510677559777	0.06041804380436529
chr4A_mat	7800000	8000000	0.005564630216607681	-0.3512795458209913	0.2666076625252781	-0.17703871687156075
chr4A_mat	8000000	8200000	0.006615680415128912	0.4100925099189899	0.2883687100569169	-0.08769246286931949
chr4A_mat	8200000	8400000	0.007236388628610263	1.1396717875543312	-0.21249715488098378	0.2271384319964476
chr4A_mat	8400000	8600000	0.0059831106216522555	0.3121876665316799	0.24387273434660875	-0.07526667330639528
chr4A_mat	8600000	8800000	0.004674226761991953	-0.6309225599944144	0.06349732762103462	-0.21610326354895765
chr4A_mat	8800000	9000000	0.004196329155045166	-0.7740097967660315	-0.17401865844876246	-0.2833317870125726
chr4A_mat	9000000	9200000	0.007199188125559221	0.9027266753538541	0.021436636644348885	0.20776098089327333
chr4A_mat	9200000	9400000	0.007119556801952708	1.1753073294667313	-0.15698910926397294	0.4685965563945577
chr4A_mat	9400000	9600000	0.005389742462216581	-0.10156385660770086	0.08279628257543327	0.036516417495497305
chr4A_mat	9600000	9800000	0.004385434215499847	-0.7081324177341544	-0.12597780342737	-0.12714146337175264
chr4A_mat	9800000	10000000	0.0064832618846159245	0.8793424783359115	0.10259755175465157	0.22826594713010628
chr4A_mat	10000000	10200000	0.006998224122573936	1.0546714898030045	-0.15609194579482658	0.4797616906909624
chr4A_mat	10200000	10400000	0.006694112361584562	0.8749808835162148	-0.13738499427640377	0.47412076111208046
chr4A_mat	10400000	10600000	0.00684417849366071	0.9676015916683443	-0.12545561321023324	0.4831272597864423
chr4A_mat	10600000	10800000	0.006250186255434655	0.18795322605815926	0.1185956224353782	0.08169513753214437
chr4A_mat	10800000	11000000	0.00464059734418475	-0.6490106193291247	-0.3284714476944552	-0.2634418637770108
chr4A_mat	11000000	11200000	0.00473312945622573	-0.5849426890656773	-0.10768264655462802	-0.2775944132376577
chr4A_mat	11200000	11400000	0.004882768039074932	-0.47770458959902495	-0.24093204142059413	-0.3878671152502729
chr4A_mat	11400000	11600000	0.00434873861288074	-0.762357288759237	-0.3527106496401204	-0.31690971307365545
chr4A_mat	11600000	11800000	0.006372699507263127	0.1870636598921097	0.3741274279449501	-0.23716171844939613
chr4A_mat	11800000	12000000	0.0060259503610604545	-0.18268709628113208	0.35438525534461274	-0.20242458882911013
chr4A_mat	12000000	12200000	0.006166075034136358	-0.125983432642478	0.2472301688960848	-0.26097471014157636
chr4A_mat	12200000	12400000	0.004601713492187324	-0.7020272162322997	-0.22020154856567004	-0.2497650174218824
chr4A_mat	12400000	12600000	0.0058155810970579366	0.10339026740681563	0.12496484662710519	-0.37790115427396265
chr4A_mat	12600000	12800000	0.0065018626769715974	0.44870175097554266	0.16980505415308614	-0.37805421762971697
chr4A_mat	12800000	13000000	0.006809135169952307	0.952766422682183	-0.016243465156895565	-0.3162369745394649
chr4A_mat	13000000	13200000	0.005725294288605651	0.2617779188225045	0.10526922731873904	-0.3081896196302042
chr4A_mat	13200000	13400000	0.006220089029589246	0.594923904960002	0.0258215103294188	-0.3735587415200173
chr4A_mat	13400000	13600000	0.0066252897181781605	0.9986122134794952	-0.24601344147812634	-0.3646927455069972
chr4A_mat	13600000	13800000	0.007056909043303262	1.0277539991226656	-0.20522386296170297	-0.2651865053473602
chr4A_mat	13800000	14000000	0.006758366410082556	1.043750843891474	-0.2661043209488807	-0.20818334079889095
chr4A_mat	14000000	14200000	0.006965205871024956	1.0113727979160736	-0.14061406825346676	-0.1332299337994783
chr4A_mat	14200000	14400000	0.007071163112476923	1.0884697559725578	0.03917324379597365	-0.1107391125052168
chr4A_mat	14400000	14600000	0.005397208520528555	-0.1266910393160567	0.32965340517018293	-0.13688898189621757
chr4A_mat	14600000	14800000	0.00647295626766477	-0.8828965636611336	-0.09496891595100594	-0.2897586779654098
chr4A_mat	14800000	15000000	0.006408471937770921	-0.6971176980163871	0.34162517976739254	-0.31033632892860885
chr4A_mat	15000000	15200000	0.0049545284691089615	-0.8987398470970583	-0.2890056378122283	-0.40003413782275454
chr4A_mat	15200000	15400000	0.006283039581558622	-0.4520868338468285	0.5716518843846768	-0.24572758950948925
chr4A_mat	15400000	15600000	0.006571084640062925	-0.18622329575111896	0.8309516048930012	-0.1814704592778021
chr4A_mat	15600000	15800000	0.005343684033067363	-0.5447858324132688	0.2632620308318303	-0.14043879613145674
chr4A_mat	15800000	16000000	0.00762318152182552	0.4380146201704833	0.789299305814235	-0.008983784174094116
chr4A_mat	16000000	16200000	0.006686678685923609	0.3050972092557947	0.5427198548908515	-0.037186981775681284
chr4A_mat	16200000	16400000	0.004706728276609653	-0.6797635256285992	-0.015463604743909957	-0.08743331141794278
chr4A_mat	16400000	16600000	0.006759566878416901	-0.1647017440677983	0.46683610362015066	-0.05065222821256793
chr4A_mat	16600000	16800000	0.0056368299966626885	-0.4205239717482871	0.16526700877763728	0.03697792862650593
chr4A_mat	16800000	17000000	0.005765879855494885	0.042555746345978564	0.043995598603876675	-0.03578348623545347
chr4A_mat	17000000	17200000	0.004829809682995015	-0.5894638846309539	-0.10973049631514381	-0.15269853595438626
chr4A_mat	17200000	17400000	0.00780241385646246	0.5819740095726312	0.5033298232704141	0.07944325464592153
chr4A_mat	17400000	17600000	0.007788168901398906	0.7601504744832938	0.4125555460938527	0.29906823172251934
chr4A_mat	17600000	17800000	0.008463760028404549	0.9794553042393087	0.2581525741567081	0.35344006330979005
chr4A_mat	17800000	18000000	0.009481229081359264	0.6722641615518574	0.619897786437498	0.1327416021690961
chr4A_mat	18000000	18200000	0.00810201899746661	-0.18896295990563777	0.7795767309011419	-0.02597093846399583
chr4A_mat	18200000	18400000	0.006161687569824817	-0.7331951959896247	0.2597778532858452	-0.19669623889167584
chr4A_mat	18400000	18600000	0.004998439453339805	-0.8372168801840613	-0.11979650272210897	-0.36917017289811493
chr4A_mat	18600000	18800000	0.004841841559882399	-0.8459195488597149	-0.1865744164065085	-0.40121568087165904
chr4A_mat	18800000	19000000	0.004776381878883318	-0.8003627820312641	-0.14387978748032357	-0.3652364785574172
chr4A_mat	19000000	19200000	0.008110496771725761	0.932181784521392	0.46051813980523715	0.23058362984505992
chr4A_mat	19200000	19400000	0.006731140057629404	0.3406027407262237	0.19597834246367427	-0.02548044578649195
chr4A_mat	19400000	19545315	0.01207448909073928	-0.5513600550558335	-0.05530289066469823	-0.37366266893650074
chr5_mat	0	200000				
chr5_mat	200000	400000	0.0054076049624291024	-0.31314787397612065	0.07815501289803767	0.4570132321881511
chr5_mat	400000	600000	0.005939595434344583	-0.08808500125749934	0.1437666868931697	0.6069849457183335
chr5_mat	600000	800000	0.007218760760254688	0.6227747856668094	0.1247394521634703	0.9729738666464114
chr5_mat	800000	1000000	0.00734490251945564	0.80917712370046	0.14071425646153543	0.9050589107762206
chr5_mat	1000000	1200000				
chr5_mat	1200000	1400000	0.0074408502354191535	1.1086406273533074	0.8824332066239605	-0.31737237994637646
chr5_mat	1400000	1600000	0.005717799652191558	-0.87363724508424	0.9842993493141104	-0.9369259705208872
chr5_mat	1600000	1800000	0.006574400551264434	0.20990279426630476	1.045370827790335	-0.7108391517131523
chr5_mat	1800000	2000000	0.006258490147585771	-0.15944038520628923	0.9259179621832211	-0.8784873782922386
chr5_mat	2000000	2200000				
chr5_mat	2200000	2400000	0.009062546457092726	0.5040393438524967	0.3845509514854049	0.7542365812444469
chr5_mat	2400000	2600000	0.0068341155788879	0.2979961118280753	0.3942831741850069	0.41146907027331986
chr5_mat	2600000	2800000	0.0074305909018785735	0.7430679379560479	0.27597293246500915	0.6666488610927478
chr5_mat	2800000	3000000	0.006794795954033557	0.5580756802993204	0.20063681837399966	0.5848737684124284
chr5_mat	3000000	3200000	0.005094399802661517	-0.8755600402277421	0.36874323218728094	-0.058772002183863026
chr5_mat	3200000	3400000	0.007723988236061965	0.41519635773192876	0.10142141256747175	0.5255807751316944
chr5_mat	3400000	3600000	0.0067272278765370935	0.2601645974387929	0.05929287422915629	0.48132593402516394
chr5_mat	3600000	3800000	0.005237666233441633	-0.4944493029023427	0.18242302468798224	0.1739328633985631
chr5_mat	3800000	4000000	0.005094927381553221	-0.7647119699862367	0.19594515295971845	0.07158713232654014
chr5_mat	4000000	4200000	0.007422535662207046	0.7034917801541987	-0.03449128460157696	0.6790152858330504
chr5_mat	4200000	4400000	0.0074237481082305235	0.9306670185942728	0.020592899385479837	0.6782421721045216
chr5_mat	4400000	4600000	0.007333898210417873	0.7652486984765178	-0.01881445545028998	0.5392639564986536
chr5_mat	4600000	4800000	0.00737614174409257	0.8102505000615542	-0.08456494403272778	0.6923020035391916
chr5_mat	4800000	5000000	0.005849010718595878	-0.194174495340987	-0.005992137358201132	0.28976042554759124
chr5_mat	5000000	5200000	0.0066248073368677714	0.12305286349309799	-0.0724157860619022	0.4258328983685628
chr5_mat	5200000	5400000	0.0075725397853432085	0.7126139869017207	-0.09301579194026813	0.7521632906567336
chr5_mat	5400000	5600000	0.00693386133659451	0.17550920667436506	-0.06879556112713546	0.5277150210743818
chr5_mat	5600000	5800000	0.005316164416509589	-0.5291854014368569	-0.025743742423378062	0.15887136555175194
chr5_mat	5800000	6000000	0.0065796096298673	0.2617148125029345	-0.055924399511354736	0.5251986781369777
chr5_mat	6000000	6200000	0.006403789942216524	-0.06878168605964562	-0.08581460994220741	0.4142007992959601
chr5_mat	6200000	6400000	0.007394362182947702	0.8648263629738207	-0.12819427553705195	0.7163772652491042
chr5_mat	6400000	6600000	0.0069191486458872	0.6112943747172436	-0.04640206935916905	0.6128051151008709
chr5_mat	6600000	6800000	0.00954758192820124	-0.22258605740881643	-0.14611513705130874	0.4182294345194206
chr5_mat	6800000	7000000				
chr5_mat	7000000	7200000				
chr5_mat	7200000	7400000				
chr5_mat	7400000	7600000				
chr5_mat	7600000	7800000				
chr5_mat	7800000	8000000				
chr5_mat	8000000	8200000				
chr5_mat	8200000	8400000				
chr5_mat	8400000	8600000				
chr5_mat	8600000	8800000				
chr5_mat	8800000	9000000				
chr5_mat	9000000	9200000				
chr5_mat	9200000	9400000				
chr5_mat	9400000	9600000				
chr5_mat	9600000	9800000	0.006997149392293628	-0.40835832394510196	-0.275348609423437	0.33982085311295307
chr5_mat	9800000	10000000	0.00687725804802062	0.44440667695896374	-0.22852133938383606	0.6050307604972905
chr5_mat	10000000	10200000	0.006014279311357341	-0.3219566092314658	-0.25164499575989785	0.28784200556950074
chr5_mat	10200000	10400000	0.0065280122151762775	0.23723059589588566	-0.21287668588440073	0.5176934351916831
chr5_mat	10400000	10600000	0.006868718792484384	0.3752825663614966	-0.19760332858380028	0.6174810983216545
chr5_mat	10600000	10800000	0.0069639342182294915	0.18804844793434772	-0.18851635981947	0.5646701828840308
chr5_mat	10800000	11000000	0.0038490881797436567	-1.1227627601152648	-0.421969578309096	-0.0626287024310311
chr5_mat	11000000	11200000	0.005610350234576461	-0.6813469686618203	-0.4760785624677119	0.2022667071994506
chr5_mat	11200000	11400000	0.00431854986306005	-0.9795503279917113	-0.718639875882651	-0.003062318475342537
chr5_mat	11400000	11600000	0.0043333793206308665	-0.7947711368144906	-0.7292075959233778	0.16553538872805273
chr5_mat	11600000	11800000	0.005003852026124576	-0.6394134760248021	-0.7494761031601629	0.24160122070812454
chr5_mat	11800000	12000000	0.005630157555863151	-0.674539577070881	-0.7638158141076857	0.22782785662293084
chr5_mat	12000000	12200000	0.005364482493778758	-0.8390638487172761	-0.7431044642375533	0.13080842971946494
chr5_mat	12200000	12400000	0.006081484137884284	-0.5831394645915322	-0.654888818216026	0.3213802471932442
chr5_mat	12400000	12600000	0.005684899326592853	-0.5891977049424469	-0.6570684280911985	0.3292698428688376
chr5_mat	12600000	12800000	0.004765704034106672	-0.7465201658468584	-0.7786958941556321	0.27022166414156884
chr5_mat	12800000	13000000	0.008851394718212623	-0.741938463240585	-0.7812077028858762	0.24252628063678416
chr5_mat	13000000	13200000	0.004672559030002899	-0.6620513801911627	-0.5090850736676096	0.332614393278673
chr5_mat	13200000	13400000	0.005420963823901457	-0.4536483146877795	-0.39890530952489395	0.4139933183580282
chr5_mat	13400000	13600000	0.006654181555737609	0.24810958084562743	-0.3741910441480106	0.7958886978361388
chr5_mat	13600000	13800000	0.004665634679281947	-0.7397820549335582	-0.43846594908706404	0.22438190066050565
chr5_mat	13800000	14000000	0.0050510289990034	-0.7422394619031137	-0.43648596170017384	0.19411461096685395
chr5_mat	14000000	14200000	0.006121160751398644	-0.13504829207259805	-0.39868776767812686	0.5013007649840503
chr5_mat	14200000	14400000	0.007449267284100134	0.7033395244790656	-0.3626730130459469	0.898662155979197
chr5_mat	14400000	14600000	0.0078000880186488986	0.7390454951710761	-0.34758254780698067	0.7488524526527114
chr5_mat	14600000	14800000	0.007112251684440045	0.39143584381689617	-0.37300464188622534	0.6979044144126983
chr5_mat	14800000	15000000	0.004971932390525656	-0.7467128313655657	-0.38364342454855344	0.1861919376382156
chr5_mat	15000000	15200000	0.005429957172413886	-0.4011425211033004	-0.448443434520855	0.38911934345069765
chr5_mat	15200000	15400000	0.007334889408499731	0.7608661635590118	-0.3369774685072052	0.9190205811441854
chr5_mat	15400000	15600000	0.00693427906803575	0.5254789691114838	-0.34975767411036024	0.7503515828448821
chr5_mat	15600000	15800000	0.004866346896624559	-0.9846640470636759	-0.6131996720922208	-0.0299267556780069
chr5_mat	15800000	16000000	0.004802986317454668	-1.1183615042080213	-0.6109709124247351	-0.10112631293959783
chr5_mat	16000000	16200000	0.006275012668088226	-0.206116629107264	-0.4596863824227817	0.4895783448851614
chr5_mat	16200000	16400000	0.0058619485038899	-0.23303780273180716	-0.3843622347636912	0.4318907427826109
chr5_mat	16400000	16600000	0.007064282491148065	0.8629586697586171	-0.37901346900167987	0.7959329037061192
chr5_mat	16600000	16800000	0.00739085463343557	0.7296363182938508	-0.40167705742345766	0.6675566225136694
chr5_mat	16800000	17000000	0.006237283747126658	-0.008818194877780008	-0.4336414170816396	0.5215383505477174
chr5_mat	17000000	17200000	0.004449488769395632	-0.9170285372265362	-0.4243173539806861	-0.05916259680135758
chr5_mat	17200000	17400000	0.007882997858002288	0.3770415527795383	-0.31243519444894313	0.3197586518033345
chr5_mat	17400000	17600000	0.0072892523703151765	0.2826733195520906	-0.29073425685841114	0.32298736754250695
chr5_mat	17600000	17800000	0.005028233699588865	-0.7505476106663699	-0.40455276619223635	0.010593633621942877
chr5_mat	17800000	18000000	0.007167547976756101	0.4543129006902365	-0.32267734262891007	0.48744595238406596
chr5_mat	18000000	18200000	0.007049721977539911	0.20021210926334707	-0.3999077424192204	0.5083656131254902
chr5_mat	18200000	18400000	0.005319355530990514	-0.7773144910526107	-0.4777108069477622	0.04840557079885348
chr5_mat	18400000	18600000	0.0079916415293264	0.11967799432732061	-0.45903482648473126	0.47888002948574715
chr5_mat	18600000	18800000	0.006314223341506861	-0.48853848200611716	-0.4310920090402742	0.2091472645504466
chr5_mat	18800000	19000000	0.00555247073014606	-0.9147313718643022	-0.45756741780715254	0.03181909437395633
chr5_mat	19000000	19200000	0.006287367517162499	-0.2930629470273769	-0.4486106037498818	0.35253510230675034
chr5_mat	19200000	19400000	0.0051795290892004036	-0.3812809493089547	-0.4272141574018081	0.2910611185785838
chr5_mat	19400000	19600000	0.007417961402773345	0.3769547334570089	-0.3893453402917634	0.6124308032363494
chr5_mat	19600000	19800000	0.005789173767960901	-0.32991285046267327	-0.4595984699460749	0.3458965595366897
chr5_mat	19800000	20000000	0.006250150404797787	-0.10103112968918468	-0.42180612156056657	0.4590189875351377
chr5_mat	20000000	20200000	0.0072121087754106914	0.4541676366678995	-0.44316556452425554	0.7331022998254348
chr5_mat	20200000	20400000	0.006514140499778263	-0.0723299134362811	-0.4762639114784517	0.5334759648992795
chr5_mat	20400000	20600000	0.005146173860340321	-0.7291804875915538	-0.45004968019577174	0.2230459396571267
chr5_mat	20600000	20800000	0.005754472078677391	-0.5820316669596697	-0.46129485304243195	0.41813431149106073
chr5_mat	20800000	21000000	0.005326466200844529	-0.7604082694481477	-0.4974616393231624	0.28127247291282953
chr5_mat	21000000	21200000	0.0066658705245305075	-0.17079988218444184	-0.4961288797786198	0.6611216540304504
chr5_mat	21200000	21400000	0.004278478204878618	-0.8103847449422227	-0.5474104941772622	0.34477089784244797
chr5_mat	21400000	21600000	0.004910596416708759	-0.5414884688651223	-0.6331754477158373	-0.09413559778724874
chr5_mat	21600000	21800000	0.006562609791700223	0.09782321294284571	-0.5153107239717247	-0.09447591396507822
chr5_mat	21800000	22000000	0.00746511186166883	0.5955485294382141	-0.42580091413738713	-0.03249324502827033
chr5_mat	22000000	22200000	0.006429150005118758	0.2001265646700686	-0.41061788018633466	-0.23085985827962816
chr5_mat	22200000	22400000	0.0060011727570231	0.2751707146792344	-0.4399977364645562	-0.23049682060761315
chr5_mat	22400000	22600000	0.006683142471300122	1.0171371112130367	-0.35445636090123767	0.14439429204598134
chr5_mat	22600000	22800000	0.007020935515042163	1.023887131128467	-0.4038422400049014	0.2004616991599518
chr5_mat	22800000	23000000	0.006818915346442343	0.9735956766004853	-0.39247296934899195	0.1610292935910426
chr5_mat	23000000	23200000	0.0067990764417144136	0.9802302264716589	-0.38440915949681337	0.17580045815906153
chr5_mat	23200000	23400000	0.006690799851222322	1.0043375979664326	-0.3964666355880652	0.10311528442334213
chr5_mat	23400000	23600000	0.006668042431018668	1.016081117108045	-0.35258840458031077	0.13250598780191822
chr5_mat	23600000	23800000	0.006832990618610091	1.034121313796057	-0.33088126116308103	0.04574028082258932
chr5_mat	23800000	24000000	0.006810619046042607	1.0407741144095137	-0.32298781730465925	0.04568687855433326
chr5_mat	24000000	24200000	0.007066687279561517	0.8820042779619961	-0.33455026390445486	-0.10608199264704211
chr5_mat	24200000	24400000	0.004770779017910282	-0.6887821715131963	-0.4292134849907235	-0.42601404660551107
chr5_mat	24400000	24600000	0.006039070773759266	-0.3258916917211912	-0.39466189621811304	-0.38712650255917525
chr5_mat	24600000	24800000	0.006558821350641069	-0.08202483373502496	-0.4175348592772858	-0.37691184421270124
chr5_mat	24800000	25000000	0.007155311364950418	0.4836767603806708	-0.39715123095710614	-0.37387029184176684
chr5_mat	25000000	25200000	0.00692542602601072	0.10119822776616509	-0.4887738040025329	-0.46589189244905216
chr5_mat	25200000	25400000	0.006213029124655326	0.07645553782282685	-0.4541572158809432	-0.41861951050145774
chr5_mat	25400000	25600000	0.006898944270550704	0.9729387529753004	-0.2581637892324476	-0.15466399844273454
chr5_mat	25600000	25800000	0.006581501213421802	0.6366439888297861	-0.29222829952649915	-0.22930789292989998
chr5_mat	25800000	26000000	0.004257686392446205	-0.8284052173065282	-0.5553428158292475	-0.37820204625172105
chr5_mat	26000000	26200000	0.0050747951790828414	-0.48471432049715407	-0.47817167723056064	-0.2298008039833206
chr5_mat	26200000	26400000	0.004664281626435855	-0.87767785501615	-0.589040978087198	-0.2013969736885336
chr5_mat	26400000	26600000	0.004533362326180221	-1.0375213358527338	-0.6034396456694722	-0.1861404064477855
chr5_mat	26600000	26800000	0.0053611561835882554	-0.8907290104435047	-0.6244084990030173	-0.20754512171427136
chr5_mat	26800000	27000000	0.005762798696958362	-0.5119876415018697	-0.5808792844303751	-0.260405031110127
chr5_mat	27000000	27200000	0.005883804399369102	-0.5793445887381878	-0.5830227842847948	-0.3276913644389866
chr5_mat	27200000	27400000	0.007004379045084219	0.3204194478142964	-0.39432365500347005	-0.2685286500040092
chr5_mat	27400000	27600000	0.005991894354981133	-0.38093359486491896	-0.550094269783935	-0.3787945314844673
chr5_mat	27600000	27800000	0.004791675695497056	-0.8292607395594139	-0.6034310902470035	-0.30039147431298596
chr5_mat	27800000	28000000	0.004421696727028288	-0.8814837900224463	-0.5789230943806278	-0.2713963927253473
chr5_mat	28000000	28200000	0.005785691258277072	-0.32076371734719666	-0.47350680787278465	-0.33189113141041926
chr5_mat	28200000	28400000	0.006113436420158379	-0.3189612007098482	-0.5194631431878258	-0.3595690065775649
chr5_mat	28400000	28600000	0.0055380340636858785	-0.351533811417572	-0.5333211230209084	-0.32608501235336673
chr5_mat	28600000	28800000	0.006095424351106016	0.14409699950800134	-0.44603790576145225	-0.2289855780834361
chr5_mat	28800000	29000000	0.004932130438313587	-0.47983170987803947	-0.461567295644724	-0.26501621901720296
chr5_mat	29000000	29200000	0.005185595838186681	-0.35575747316301787	-0.4641365948662029	-0.3124459443051693
chr5_mat	29200000	29400000	0.0049187756936296635	-0.5224961444504947	-0.4430128246223517	-0.1990733134366839
chr5_mat	29400000	29600000	0.005716047229469963	-0.42939654705028485	-0.5537908328089046	-0.2264080607839852
chr5_mat	29600000	29800000	0.00424864088685684	-0.7988997592883004	-0.5664175891665134	-0.1715646717285938
chr5_mat	29800000	30000000	0.0055308069122041205	-0.6332825860825338	-0.5390715907268758	-0.24584211310940957
chr5_mat	30000000	30200000	0.005891863087230714	-0.30406296363443264	-0.4937816630359228	-0.19697758979399835
chr5_mat	30200000	30400000	0.007220951731172319	0.7974957236837844	-0.2685614518814994	-0.26227164672364006
chr5_mat	30400000	30600000	0.0067056087676856035	0.34138496241069577	-0.3056442519298167	-0.31294947574813875
chr5_mat	30600000	30800000	0.005057979642713736	-0.4260764469306505	-0.48644486631053274	-0.4612727617565419
chr5_mat	30800000	31000000	0.005988086084876079	-0.10735036838431328	-0.4752386002927613	-0.5010433805120724
chr5_mat	31000000	31200000	0.0069452900526178534	0.49727411196364596	-0.5200134193847235	-0.40698298211505357
chr5_mat	31200000	31400000	0.004672675016393909	-0.7778613500132635	-0.6350216254708554	-0.26939038419768
chr5_mat	31400000	31600000	0.006150941334732295	-0.5947174578797039	-0.6193116047176493	-0.35032376846873486
chr5_mat	31600000	31800000	0.004561944171176333	-0.9050051173036858	-0.6060146717497669	-0.16910751209589575
chr5_mat	31800000	32000000	0.00569626104927499	-0.4441989328919597	-0.5250107047224886	-0.21821930599532385
chr5_mat	32000000	32200000	0.006165786664438213	-0.14579088832499817	-0.49466671911236826	-0.15153209000618575
chr5_mat	32200000	32400000	0.0060450432192066415	-0.11181151096164159	-0.4463753319025356	-0.22440810604549008
chr5_mat	32400000	32600000	0.004006699703094825	-0.8797031583425354	-0.5128318393583698	-0.26357132556608176
chr5_mat	32600000	32800000	0.005904090773039069	-0.09901735503562152	-0.45388472203261415	-0.2622840538896685
chr5_mat	32800000	33000000	0.00568477240759359	-0.42011267903592225	-0.5111535696168776	-0.3307348713053284
chr5_mat	33000000	33200000	0.005312996694924745	-0.2703810396700078	-0.43738028344797036	-0.3499682920226246
chr5_mat	33200000	33400000	0.00658743880104109	0.9318309292949511	-0.3050136128365072	-0.22119140576369214
chr5_mat	33400000	33600000	0.005863888338887204	0.2843526296298351	-0.4352111848325097	-0.30346729074017986
chr5_mat	33600000	33800000	0.005307279526395085	-0.3038032259241621	-0.47552615973714113	-0.3148345361810806
chr5_mat	33800000	34000000	0.006589673030317952	0.6919243731184173	-0.326173339426719	-0.13387422750171402
chr5_mat	34000000	34200000	0.006072184245643195	0.4862910181756958	-0.33418180014094007	-0.2576203092623107
chr5_mat	34200000	34400000	0.005697438025576415	0.14927657789493742	-0.38855268978996743	-0.345251078135794
chr5_mat	34400000	34600000	0.006392019656953105	0.8440555021177748	-0.30184645912875496	-0.27319108726468033
chr5_mat	34600000	34800000	0.006593650611799487	0.9646066342967793	-0.3352888201995457	-0.2552128099798183
chr5_mat	34800000	35000000	0.0064773471227185355	0.6242287726474234	-0.43353802333343544	-0.36302018617792803
chr5_mat	35000000	35200000	0.006242652481026558	0.49838168777869385	-0.3867534231181186	-0.27393163328821657
chr5_mat	35200000	35400000	0.006844845833089079	0.7238124105764983	-0.3794432061652048	-0.15029345956028725
chr5_mat	35400000	35600000	0.006629310394110352	0.3316800451663222	-0.4732776562077042	-0.2181062536091376
chr5_mat	35600000	35800000	0.005783618670287584	-0.09395713446751974	-0.4724877237432479	-0.28870923752035194
chr5_mat	35800000	36000000	0.004678618679470918	-0.2813222015333582	-0.4325672185367669	-0.5005627157746843
chr5_mat	36000000	36200000	0.006468041734684919	1.0221641983760088	-0.41413645590111114	-0.3286902514864041
chr5_mat	36200000	36400000	0.0062942650339946095	1.0960743578466363	-0.4065185272861861	-0.2826595674141059
chr5_mat	36400000	36600000	0.0061813956706635	1.0613721802587952	-0.46219097173164597	-0.20412368936117745
chr5_mat	36600000	36800000	0.0063611721287797	1.0313148025473435	-0.4117831009907414	-0.2513005554710379
chr5_mat	36800000	37000000	0.006263293094149363	1.0578295108700861	-0.43405009851344084	-0.2550455353835885
chr5_mat	37000000	37200000	0.006167437132225466	1.008451654457489	-0.4594024255007487	-0.31183490714995826
chr5_mat	37200000	37400000	0.006428015170201534	0.670410612739786	-0.427986202343441	-0.45015969047970095
chr5_mat	37400000	37600000	0.006286188164433488	0.9013103605533562	-0.4051720436736983	-0.30100633827663315
chr5_mat	37600000	37800000	0.005921287795140791	0.4351855030566531	-0.42815311341253376	-0.3288661864072168
chr5_mat	37800000	38000000	0.005123786748891807	0.009369980017474763	-0.4337357259998418	-0.4552950822968614
chr5_mat	38000000	38200000	0.004448490096556281	-0.8748430768703371	-0.5017572307895082	-0.3051980952085113
chr5_mat	38200000	38400000	0.004569944058537532	-0.7292157325477581	-0.4809226982161396	-0.28435778267723916
chr5_mat	38400000	38600000	0.0052658262178338746	-0.32106468448867953	-0.5511599015210208	-0.5049707606366051
chr5_mat	38600000	38800000	0.006353624127559576	0.8699526560396204	-0.38717626581502224	-0.3740897372337463
chr5_mat	38800000	39000000	0.006524540928783496	1.0409118101722634	-0.39853169524336035	-0.3525990113441947
chr5_mat	39000000	39200000	0.006656502013111586	1.090671229596902	-0.3881333680207338	-0.39425047514996087
chr5_mat	39200000	39400000	0.0065896101883608955	1.0690299179888085	-0.3839942472332868	-0.4752877954597776
chr5_mat	39400000	39600000	0.006351450269169417	0.6127953056439038	-0.4356333011915497	-0.49136293799688596
chr5_mat	39600000	39800000	0.005287176275032086	-0.48548590385807494	-0.5043610649885242	-0.47161574197382083
chr5_mat	39800000	40000000	0.004071337679497477	-1.0124539367671737	-0.446044935538649	-0.24842552922618605
chr5_mat	40000000	40200000	0.0059528762097137205	-0.11163042553195644	-0.5100350238802152	-0.44970985481550285
chr5_mat	40200000	40400000	0.005667928881442426	-0.0970516005774011	-0.4430966362065341	-0.42849036559734294
chr5_mat	40400000	40600000	0.006180212132516894	0.15136785401774208	-0.5058861789166388	-0.4564622154912317
chr5_mat	40600000	40800000	0.006098369058495454	-0.19722005076591437	-0.5702018549116443	-0.3946802132345678
chr5_mat	40800000	41000000	0.005444306345546122	-0.12344707911698294	-0.48179678838948875	-0.44109894016244544
chr5_mat	41000000	41200000	0.00667111941573293	0.931609502439484	-0.35352254165962416	-0.47430231808902024
chr5_mat	41200000	41400000	0.006889624168508324	0.8391360391558699	-0.4247037767025241	-0.38762644433442367
chr5_mat	41400000	41600000	0.004551663139195647	-0.7548906579783002	-0.45512073633897865	-0.22087004186013542
chr5_mat	41600000	41800000	0.005024809644069595	-0.8271859225768469	-0.46464845122414167	-0.07161996969867673
chr5_mat	41800000	42000000	0.005095875391967975	-0.948682485645801	-0.36429581436624814	0.009051346600130964
chr5_mat	42000000	42200000	0.004441054270955167	-0.9724007137676723	-0.43782163046233974	-0.0630248642133888
chr5_mat	42200000	42400000	0.0054667809483161765	-0.5553323344343838	-0.5024662833192247	-0.2442313412556112
chr5_mat	42400000	42600000	0.005659672102267061	-0.311995518225894	-0.47192953628881157	-0.2840341762559534
chr5_mat	42600000	42800000	0.0065653665632430195	0.0842956321559415	-0.41929428699164323	-0.26216114870462853
chr5_mat	42800000	43000000	0.004753789848549166	-0.8070198514435558	-0.39547718304787366	-0.15901334185624716
chr5_mat	43000000	43200000	0.006607865782831538	-0.28908157675834	-0.44437483456236937	-0.20244821716208602
chr5_mat	43200000	43400000	0.0047957858664748896	-0.8017545546932457	-0.3914115289589601	-0.20122006699879427
chr5_mat	43400000	43600000	0.004914555976068899	-0.5829421240280357	-0.3406807671300606	-0.2264465122982871
chr5_mat	43600000	43800000	0.00664506563914593	0.7194495331049071	-0.3229573863383966	-0.27907229143488943
chr5_mat	43800000	44000000	0.007026120728171471	0.987340137398571	-0.35936388665056695	-0.2784164500840678
chr5_mat	44000000	44200000	0.006574999116540459	0.9625931734797032	-0.3465709004594888	-0.2620069478275429
chr5_mat	44200000	44400000	0.006709670727187433	0.9717309489697379	-0.3494473225043886	-0.25342527693869
chr5_mat	44400000	44600000	0.006269609057154304	1.0362567374988951	-0.33813986101567656	-0.21856595517161112
chr5_mat	44600000	44800000	0.005999102981165301	0.5588943480540209	-0.3457389576447047	-0.28237094531946244
chr5_mat	44800000	45000000	0.0045702802107257115	-0.5916430825024499	-0.27717406921917587	-0.3071616113988114
chr5_mat	45000000	45200000	0.005248981070403489	0.012936917403315873	-0.3513876857646142	-0.345704663359833
chr5_mat	45200000	45400000	0.006145377696632231	0.9744021317498522	-0.36258648569023455	-0.28852536457377076
chr5_mat	45400000	45600000	0.006580658414071533	1.0250012552343581	-0.356716094126369	-0.29378793253752433
chr5_mat	45600000	45800000	0.006213902206303195	1.014330140339201	-0.3386952090243141	-0.22260080167455268
chr5_mat	45800000	46000000	0.005946951162014199	0.9910350826962833	-0.35665285841674416	-0.17868869657708328
chr5_mat	46000000	46200000	0.006191140777362737	0.9791809745916241	-0.39357910817998343	-0.2822817804038003
chr5_mat	46200000	46400000	0.005873699816341206	0.9629389610421001	-0.385780824842131	-0.27052964263521656
chr5_mat	46400000	46600000	0.006028226706038467	0.9931432847239402	-0.3852813848661941	-0.22567668421127193
chr5_mat	46600000	46800000	0.005892257430646309	1.0224980581714733	-0.35545016840359617	-0.22618583173465662
chr5_mat	46800000	47000000	0.006117443600866772	1.0232383833304766	-0.3555212398428916	-0.3075039317863366
chr5_mat	47000000	47200000	0.006121368468692382	0.8803244136168491	-0.33177809749494735	-0.3046767164048887
chr5_mat	47200000	47400000	0.006180501257683834	0.5273841540682687	-0.3250851369255216	-0.3359455120535945
chr5_mat	47400000	47600000	0.005201063105430033	0.006777690800953514	-0.3100003114831457	-0.34337896174039745
chr5_mat	47600000	47800000	0.006380848882901878	0.10314729236459307	-0.367995285642611	-0.19738835000577104
chr5_mat	47800000	48000000	0.005804403483437378	-0.1267236605391681	-0.32986893589564925	-0.19034185528987826
chr5_mat	48000000	48200000	0.004864240820023012	-0.37199320565666194	-0.22104110412404246	-0.17627819119404453
chr5_mat	48200000	48400000	0.005987489261225694	-0.09983235256080328	-0.3050020082047579	-0.16273303585680227
chr5_mat	48400000	48600000	0.004962789099770081	-0.503095726838848	-0.23849175716270946	-0.14539229294429976
chr5_mat	48600000	48800000	0.005034639148605317	-0.43574638818332645	-0.19796628340864492	-0.2218444039002713
chr5_mat	48800000	49000000	0.0046559218181119475	-0.5404146544750803	-0.19140094433918822	-0.31250218766326715
chr5_mat	49000000	49200000	0.006102220506315064	0.2745696131103117	-0.2905519325911397	-0.28999393551085756
chr5_mat	49200000	49400000	0.004737267077831166	-0.95571433320172	-0.17121204718159594	-0.26332939677386213
chr5_mat	49400000	49600000	0.0045043068335215465	-0.9282523939035714	-0.09686804871890282	-0.19869313910391923
chr5_mat	49600000	49800000	0.00666252095826101	0.7202405980243645	-0.2633138844616726	-0.28510960255712703
chr5_mat	49800000	50000000	0.006184572367624089	0.5767476254597915	-0.19380458097880782	-0.4723266066945807
chr5_mat	50000000	50200000	0.006232515781249017	0.9475566259662225	-0.16529508355531272	-0.3649816095831152
chr5_mat	50200000	50400000	0.005720352127751607	-0.052827281241250815	-0.3021474476550991	-0.31818829137442833
chr5_mat	50400000	50600000	0.004727264131687574	-0.8539269463166863	-0.05885726334277479	-0.22238082280060353
chr5_mat	50600000	50800000	0.006826582982861019	0.24938048813992908	-0.2986802090199163	-0.2025089784519994
chr5_mat	50800000	51000000	0.004611820715084591	-0.5829002753630077	-0.0807145350540845	-0.2624142380250605
chr5_mat	51000000	51200000	0.004836582622226336	-0.47751116325811344	-0.14223695101606643	-0.33291255721322044
chr5_mat	51200000	51400000	0.006210263577934616	0.8276411263214373	-0.15258863035138992	-0.32232688638937795
chr5_mat	51400000	51600000	0.006079104263263318	0.9477492092675402	-0.09215911458665887	-0.36417405012321086
chr5_mat	51600000	51800000	0.006284251406304903	1.0242529032647862	-0.1664121909695684	-0.436670907124526
chr5_mat	51800000	52000000	0.0062645800326315984	1.0818173012908694	-0.06504070398277345	-0.394774153957313
chr5_mat	52000000	52200000	0.006193546772475979	1.0367047768630828	-0.08366698566736769	-0.4226921347616464
chr5_mat	52200000	52400000	0.0067230686688939875	0.8249643766002812	-0.14646200238214813	-0.3322665597946655
chr5_mat	52400000	52600000	0.005296745680752892	-0.39917569910795875	-0.12625790352273553	-0.5284227506504241
chr5_mat	52600000	52800000	0.006467364223544095	0.06147428140814954	-0.1759183993204465	-0.4609322628004381
chr5_mat	52800000	53000000	0.0064383645611118595	0.05615217531449152	-0.13829461583362532	-0.4301624699999977
chr5_mat	53000000	53200000	0.004499113724849205	-0.8446476276368727	0.011851608211454341	-0.4392404882509216
chr5_mat	53200000	53400000	0.006053581097605855	0.6450664637370896	-0.158945895041074	-0.4248176590107807
chr5_mat	53400000	53600000	0.006354737412478364	1.0182563832330997	-0.04524536062088956	-0.47848506515773037
chr5_mat	53600000	53800000	0.006265954550055518	0.8782263606464145	-0.07605607386479268	-0.3576797671469761
chr5_mat	53800000	54000000	0.0049043166969942615	-0.4670161960744737	0.019567572726896514	-0.26266668858701536
chr5_mat	54000000	54200000	0.004021795074660746	-1.1620088979971823	0.33754518505685116	-0.13986648895019854
chr5_mat	54200000	54400000	0.004983463789964806	-0.885282765126503	0.1086230216537873	-0.1690723157925332
chr5_mat	54400000	54600000	0.006312728541366051	-0.45213247851364435	-0.031222305964875467	-0.20764409926384436
chr5_mat	54600000	54800000	0.006230979844591455	-0.4388335625022581	-0.08730976488459018	-0.25163858186775795
chr5_mat	54800000	55000000	0.00479605042965673	-1.1534056869384017	0.2209484986390398	-0.1465962973260375
chr5_mat	55000000	55200000	0.0048624020308528125	-0.8512087535265584	0.09343038973299997	-0.18791147152558643
chr5_mat	55200000	55400000	0.005315581982800411	-0.19979311413347914	0.026715245663980407	-0.40117678286776554
chr5_mat	55400000	55600000	0.006684556523385051	0.9941812641718255	-0.082552109858751	-0.5371689873711142
chr5_mat	55600000	55800000	0.006518294819079428	1.2661340901607554	0.08998635849267655	-0.44699076614392486
chr5_mat	55800000	56000000	0.006435732988180775	1.1738739084225898	0.03220165035500885	-0.5109737476000027
chr5_mat	56000000	56200000	0.006771073666238818	0.8772272707483184	0.015067028846823075	-0.49966809597527084
chr5_mat	56200000	56400000	0.005771808517072356	-0.07752973010964885	0.007103987542213785	-0.46905477466095324
chr5_mat	56400000	56600000	0.006154676264324608	0.0407388898311627	0.01152309757507555	-0.42360878671739666
chr5_mat	56600000	56800000	0.0057207461347080005	-0.3967350349873066	0.11994090868885932	-0.5148871752771972
chr5_mat	56800000	57000000	0.007026217436830996	0.6116280400765951	-0.020188315753915137	-0.4231880716011572
chr5_mat	57000000	57200000	0.006115346920077682	0.18949822016526044	0.05234540852231876	-0.4781476968330258
chr5_mat	57200000	57400000	0.007011357555528657	0.6448323372953492	0.06620638046961826	-0.4162446618195619
chr5_mat	57400000	57600000	0.006104768810513388	0.015930070703715535	0.051610467838792286	-0.32030124936656557
chr5_mat	57600000	57800000	0.00461366115649503	-1.0081156565941602	0.3503279292706289	-0.2776056997365846
chr5_mat	57800000	58000000	0.005875350334594176	0.1314438103589502	0.04172045867784893	-0.39989616076490103
chr5_mat	58000000	58200000	0.005821165202363388	0.18121998626632907	0.13584158674318256	-0.4790927637859189
chr5_mat	58200000	58400000	0.005198638700862283	-0.4220849414915019	0.28931062890211034	-0.477867446877325
chr5_mat	58400000	58600000	0.006708573713653848	1.2061775616601982	0.16438664392310964	-0.577543257813648
chr5_mat	58600000	58800000	0.006764324547009073	1.1463883324761692	0.18494297011263375	-0.5419101623081345
chr5_mat	58800000	59000000	0.006289082515467894	0.1296632699109765	0.15285761818281557	-0.472304472204399
chr5_mat	59000000	59200000	0.006373745265455958	0.471236215827511	0.11655799554292294	-0.5037606309115036
chr5_mat	59200000	59400000	0.004951090448440271	-0.9339090387696879	0.3626797002305859	-0.4001454288232345
chr5_mat	59400000	59600000	0.005217666748803852	-0.6528794194407319	0.4127544795219398	-0.3507508269132419
chr5_mat	59600000	59800000	0.007001760504510918	0.41757782146722516	0.02000770938970485	-0.3664323845418215
chr5_mat	59800000	60000000	0.00684493773426467	-0.22539357028918144	0.23001836670570963	-0.5301306747114695
chr5_mat	60000000	60200000	0.010857919280969313	0.9281230618953032	0.1798461928980714	-0.5943659679208038
chr5_mat	60200000	60400000	0.005941323616868391	-0.36985460737803094	0.3849831659165025	-0.4139081263657471
chr5_mat	60400000	60600000	0.004579283224883254	-0.9893212853376984	0.6653281661729252	-0.38633464980161686
chr5_mat	60600000	60800000	0.005648273225338931	-0.06399431832587262	0.2857608116285309	-0.46082384636878204
chr5_mat	60800000	61000000	0.006190381950400241	0.2669158327792468	0.24010720722756376	-0.5073228534674258
chr5_mat	61000000	61200000	0.006950751423717923	0.45482563959358957	0.1921931635398051	-0.4574187727885158
chr5_mat	61200000	61400000	0.006347761161397481	-0.1848972295179954	0.2876076697311332	-0.4696233243896768
chr5_mat	61400000	61600000	0.005011823987696243	-1.01805323150457	0.5368432635250612	-0.387932378791111
chr5_mat	61600000	61800000	0.005731983995928684	-0.4453672910041898	0.3090839323353755	-0.4550140913993449
chr5_mat	61800000	62000000	0.005152535565895754	-0.3082327465320328	0.2834301126638178	-0.5412488695657167
chr5_mat	62000000	62200000	0.006837442686557017	0.7198670097969125	0.14069745997660452	-0.4539522566675978
chr5_mat	62200000	62400000	0.005453856120111824	-0.7800056055185218	0.5067822477789482	-0.3229098622751914
chr5_mat	62400000	62600000	0.005210100245770206	-1.0921654161773164	0.7560216994701247	-0.23991789367988964
chr5_mat	62600000	62800000	0.0064152487106171625	-0.537517464806223	0.3250792311200488	-0.383616457773045
chr5_mat	62800000	63000000	0.005220989280832102	-1.0608228331394658	0.7144483238818935	-0.29582065596346463
chr5_mat	63000000	63200000	0.004394682659613326	-1.3051081015364356	0.9298704402909961	-0.2347286876676674
chr5_mat	63200000	63400000	0.005260041998477516	-0.3379375381741081	0.47706531705825395	-0.4866179339068815
chr5_mat	63400000	63600000	0.005677775550774558	1.1117271938378466	0.31897177425145384	-0.5543494999929467
chr5_mat	63600000	63800000	0.00591608172103988	1.073527946007702	0.2985061352434981	-0.49172382521631675
chr5_mat	63800000	64000000	0.0058737642651801435	0.011903880178171941	0.44230737790228397	-0.5120680910439834
chr5_mat	64000000	64200000	0.005200471265135581	-1.0898553946587735	0.9618642677453367	-0.5145338729097207
chr5_mat	64200000	64400000	0.008245728233925744	0.7969802461672066	0.3474152031707283	-0.5165277406221054
chr5_mat	64400000	64600000	0.009441660852922622	0.971477851193127	0.34569105459180693	-0.5607811494946157
chr5_mat	64600000	64800000	0.008570520216101263	0.7445352659150308	0.36900979367018405	-0.585978149231308
chr5_mat	64800000	65000000				
chr5_mat	65000000	65033001				
chr6_mat	0	200000				
chr6_mat	200000	400000				
chr6_mat	400000	600000				
chr6_mat	600000	800000	0.010269653205110479	0.9735417476634762	0.45927824892253866	0.4020052564028245
chr6_mat	800000	1000000	0.007653279333903303	1.0449505809462487	0.3777397115595994	0.5631901993489
chr6_mat	1000000	1200000	0.007634901291288673	0.932179357673894	0.3774813013560732	0.4633034874803238
chr6_mat	1200000	1400000	0.007854486694790873	0.9309977555570238	0.3415347363975416	0.5847044926297214
chr6_mat	1400000	1600000	0.008090211571899934	1.0380846230042535	0.40857293702302744	0.6495584829442669
chr6_mat	1600000	1800000	0.007702223415700862	0.535600296408762	-0.06571478902270085	0.4891914918509169
chr6_mat	1800000	2000000	0.004608178134130993	-0.6080902581058301	-0.2320714957480796	0.12785195586647072
chr6_mat	2000000	2200000	0.00472667894909485	-0.7600507888163534	-0.1436926888642613	0.045246038646552834
chr6_mat	2200000	2400000	0.005231936927895211	-0.6849265559516037	0.05588221798432009	-0.004651306029216449
chr6_mat	2400000	2600000	0.006432815209152753	-0.47337892918378005	-0.0013371079103407704	0.03323719065561514
chr6_mat	2600000	2800000	0.008058387949684232	-0.22147934407587663	-0.08583377541648575	-0.0655696306976398
chr6_mat	2800000	3000000	0.008059155221181892	0.011423559194167533	-0.24124116426278033	-0.08433153482978885
chr6_mat	3000000	3200000	0.007265958820736468	-0.3000646373208557	-0.06735195051838519	-0.149371765985912
chr6_mat	3200000	3400000	0.005357890079252329	-0.8311173044402401	0.5137262306726664	-0.37495524777293815
chr6_mat	3400000	3600000	0.005335170600114761	-0.861602091660456	0.5377100445432634	-0.4081905621354313
chr6_mat	3600000	3800000	0.004975939168485714	-0.8746977927966467	0.38686673383505876	-0.3817117715060613
chr6_mat	3800000	4000000	0.005930990502822837	-0.6930332993364328	0.1321802478981829	-0.3888269368798016
chr6_mat	4000000	4200000	0.004633065556907878	-0.9777341939013435	0.6936868321730347	-0.33714811326001376
chr6_mat	4200000	4400000	0.008383177216954819	0.03457365178003152	-0.13902696739384363	-0.4512342163632068
chr6_mat	4400000	4600000	0.007971485512690066	0.7146482565671696	0.10172818038601512	-0.7760033091246026
chr6_mat	4600000	4800000	0.007522701886923327	0.7484440938883297	0.2111188196676256	-0.7629961530608691
chr6_mat	4800000	5000000	0.007624535757681418	0.8655981929515005	0.3159164110662439	-0.6733817706003867
chr6_mat	5000000	5200000	0.007732249543632383	0.9050446349741424	0.3544260050454796	-0.6557142587641616
chr6_mat	5200000	5400000	0.008163981567154126	0.9559760960188778	0.4009115983461871	-0.6101017750614217
chr6_mat	5400000	5600000	0.007857772712209913	0.9424607251794613	0.4207408407110705	-0.5592472292703705
chr6_mat	5600000	5800000				
chr6_mat	5800000	6000000				
chr6_mat	6000000	6200000				
chr6_mat	6200000	6400000				
chr6_mat	6400000	6600000				
chr6_mat	6600000	6800000				
chr6_mat	6800000	7000000				
chr6_mat	7000000	7200000	0.005840419969523758	-0.5369098265007907	0.38803395400623225	-0.22800921559748452
chr6_mat	7200000	7400000	0.005071898646072272	-0.7629008606471466	0.030665231168995635	-0.17115280312871278
chr6_mat	7400000	7600000	0.005044925240674471	-0.5881362148388711	-0.2179734704631759	-0.24765093506967098
chr6_mat	7600000	7800000	0.006120114526569502	-0.25535850248745157	-0.4289109631649001	-0.24863208289139993
chr6_mat	7800000	8000000	0.00587160783007055	-0.28613041682652307	-0.535492431507069	-0.3052715060979513
chr6_mat	8000000	8200000	0.0059066139650888975	0.05282799576710907	-0.5824216157449573	-0.4128122191466424
chr6_mat	8200000	8400000	0.006507004701139332	0.35276833672682495	-0.3804876356098767	-0.3607460108296971
chr6_mat	8400000	8600000	0.006843912648725563	0.6491206971723869	-0.23475251550670326	-0.572222593091614
chr6_mat	8600000	8800000	0.007037919063355496	0.7505872053482454	-0.16221026454511997	-0.5655602716725059
chr6_mat	8800000	9000000	0.007229537471295509	0.9919829801783405	0.219168696762204	-0.6082498862158158
chr6_mat	9000000	9200000	0.006960172634918322	0.9251747756705285	0.15943967993616837	-0.5810432330710169
chr6_mat	9200000	9400000	0.007245902645580126	0.9874042388159439	0.27771199258662455	-0.6540036041924375
chr6_mat	9400000	9600000	0.007096892155301362	1.0288631410268418	0.3343059082182378	-0.5016112781413338
chr6_mat	9600000	9800000	0.007141746526384891	0.999594567457905	0.28038104847214185	-0.5898857784822302
chr6_mat	9800000	10000000	0.006818371767726327	1.0613309058718976	0.2999912816554165	-0.39105985674159577
chr6_mat	10000000	10200000	0.006839656152509511	0.8892083392396885	0.008690627133328728	-0.35546436828176725
chr6_mat	10200000	10400000	0.004744896673746655	-0.5927736802322262	-0.2041126460290924	-0.07432430466207962
chr6_mat	10400000	10600000	0.006561231295245265	0.6521105124855697	-0.3240985364615903	-0.08128517665630845
chr6_mat	10600000	10800000	0.005895645547322123	-0.32934833117367224	-0.6398922691308004	-0.07392561829533298
chr6_mat	10800000	11000000	0.004439476459775813	-0.694001079171554	0.28587259914772306	-0.0699080981503978
chr6_mat	11000000	11200000	0.006167087620348697	-0.12997943635501352	-0.42707174460927505	-0.06971309592843869
chr6_mat	11200000	11400000	0.006967481862618002	0.7957363704419059	-0.08741834134340871	-0.18723145418835338
chr6_mat	11400000	11600000	0.006983088484484341	1.092496852179925	0.21938860107614605	-0.14998410425986275
chr6_mat	11600000	11800000	0.006857725094326822	1.102580764870604	0.28982280313160397	-0.22297622956890537
chr6_mat	11800000	12000000	0.006685910392364533	1.003301293980159	0.11704313747626759	-0.27704170847439263
chr6_mat	12000000	12200000	0.00658592955432918	0.7669223839837911	-0.13500090235716206	-0.32392312536388596
chr6_mat	12200000	12400000	0.005579228203461682	-0.06077657830703157	-0.51070023797345	-0.22628971535174572
chr6_mat	12400000	12600000	0.006419659453980596	0.5522049501855448	-0.35953695079749703	-0.23115705718173782
chr6_mat	12600000	12800000	0.005510040279794177	-0.19939514160198588	-0.5391645411051338	-0.311526132335803
chr6_mat	12800000	13000000	0.005665101857899912	0.07493272810290875	-0.3670146528301927	-0.33604074858369215
chr6_mat	13000000	13200000	0.005446059406897722	-0.4489156042484731	-0.40399837108525	-0.2590985984885751
chr6_mat	13200000	13400000	0.0068428370802493714	0.43326516357367995	-0.3846890921401963	-0.4068656483092764
chr6_mat	13400000	13600000	0.006879320677742299	0.7715287060343766	-0.12084499671464231	-0.2904287610978741
chr6_mat	13600000	13800000	0.006765951274279153	0.7539782229824478	-0.153590977714275	-0.2553465536143142
chr6_mat	13800000	14000000	0.006414269036049474	0.8935567209126578	0.06627572638786389	-0.2681567625112351
chr6_mat	14000000	14200000	0.005315414573161648	0.06259246847389234	-0.2737798177419625	-0.2081173844423115
chr6_mat	14200000	14400000	0.00551387424715511	-0.09913493766211044	-0.6090424660770263	-0.25027250084535063
chr6_mat	14400000	14600000	0.00640092948384209	0.974973841031035	0.15894113313901015	-0.19447007355897578
chr6_mat	14600000	14800000	0.006364268571206882	1.0310156540803774	0.2771532415741206	-0.12959895095606697
chr6_mat	14800000	15000000	0.0064743870660456644	0.9965193771272486	0.19640639014606795	-0.21325006497750737
chr6_mat	15000000	15200000	0.006191223089775401	0.9660079687938568	0.13337189657476278	-0.1941330787356066
chr6_mat	15200000	15400000	0.006516455667985452	0.9634448083424608	0.11237701111184008	-0.18352845289545022
chr6_mat	15400000	15600000	0.006248617537963032	0.8475071991008086	-0.11387265452446954	-0.15293606253553338
chr6_mat	15600000	15800000	0.006266358331356715	0.5198705861084034	-0.39192963844667794	-0.1736328965632585
chr6_mat	15800000	16000000	0.005028258605542264	-0.7311525898920925	-0.20973552246977692	-0.14055909928453875
chr6_mat	16000000	16200000	0.005047291113414719	-0.4183058604327379	-0.0714705385995506	-0.21462818260951577
chr6_mat	16200000	16400000	0.0060202316172282486	0.08272958903569003	-0.409143768270718	-0.19859855471167506
chr6_mat	16400000	16600000	0.005275999212179139	-0.5883937523885822	-0.04369499758005445	-0.25815328975215623
chr6_mat	16600000	16800000	0.005295938668441128	-0.7401910860374605	0.2809921162647125	-0.20615387085025194
chr6_mat	16800000	17000000	0.004282266819485626	-0.8543649572066525	0.17159419814770008	-0.271249463903508
chr6_mat	17000000	17200000	0.00533959907538416	-0.44783397338075775	-0.34532254497888454	-0.2663605322186382
chr6_mat	17200000	17400000	0.005213689537435756	-0.2703578654346775	-0.3622141506407497	-0.25109696497087575
chr6_mat	17400000	17600000	0.005967111095700634	-0.18714623475204625	-0.45905734739309073	-0.2400829957591534
chr6_mat	17600000	17800000	0.00563947222150958	-0.5506597133297882	-0.27642643275997153	-0.21597643395063204
chr6_mat	17800000	18000000	0.005079650045889837	-0.8911469930622863	0.2549333115330056	-0.14061057059966217
chr6_mat	18000000	18200000	0.006887452875206683	0.4464819890765966	-0.24530671914285604	-0.21493173161911233
chr6_mat	18200000	18400000	0.007601044187365199	0.4904387982616523	-0.21589575430949584	-0.2862214988937487
chr6_mat	18400000	18600000	0.005128835194798954	-0.8181636243985736	0.08742816868550676	-0.21734407679922918
chr6_mat	18600000	18800000	0.005242121311372243	-0.7510993810031036	0.036525998356891055	-0.19421670353010087
chr6_mat	18800000	19000000	0.005683608164105045	0.03589869593082069	-0.24586437151628568	-0.1688725552943863
chr6_mat	19000000	19200000	0.006671701449860426	0.9328599450169379	-0.012954660072481673	-0.10599093544022997
chr6_mat	19200000	19400000	0.005781146183730471	0.1591944489444358	-0.4412450608119339	-0.13799580294953048
chr6_mat	19400000	19600000	0.006377038311901921	0.8219219144582782	-0.172490965956573	-0.20091304230223617
chr6_mat	19600000	19800000	0.0056852354319145565	-0.17820861205007352	-0.49706232459700095	-0.20183761220460064
chr6_mat	19800000	20000000	0.007058562581151793	0.7741465348976446	-0.19533812093806208	-0.0800359271691679
chr6_mat	20000000	20200000	0.006859037743613242	0.6260650828837387	-0.3390280237881469	-0.09364526902181022
chr6_mat	20200000	20400000	0.0054189169871620545	-0.2623690617199611	-0.6169185790793753	-0.19569072019140518
chr6_mat	20400000	20600000	0.005653499383945706	-0.13586926888460693	-0.529245622301225	-0.17355976275961166
chr6_mat	20600000	20800000	0.00638683338362051	0.18282858803832305	-0.5361718965644068	-0.1297248403293056
chr6_mat	20800000	21000000	0.0046403735733375594	-0.5975430660095682	-0.3833616123346574	-0.22008745798385296
chr6_mat	21000000	21200000	0.0060348454148072455	0.19959743279694714	-0.5041242474897553	-0.0787353955129109
chr6_mat	21200000	21400000	0.005751521913841382	-0.11902300117449462	-0.6135143161119343	-0.22829820460357508
chr6_mat	21400000	21600000	0.00489199997334304	-0.6564823347072318	-0.20486355027759673	-0.2533341954572399
chr6_mat	21600000	21800000	0.004380554486416109	-0.9256093824343917	0.5505211750782945	-0.326508536787675
chr6_mat	21800000	22000000	0.004544602791670561	-0.5257049155678478	-0.3215535932545619	-0.2451867281088451
chr6_mat	22000000	22200000	0.00635793331657003	0.6836752955688064	-0.40968478461822805	0.0174819620150986
chr6_mat	22200000	22400000	0.006517721873292604	0.9512530559356963	-0.323223086852302	0.10884644141088409
chr6_mat	22400000	22600000	0.006748186586132722	1.0341372631933494	-0.1226551472291378	0.06745278052233084
chr6_mat	22600000	22800000	0.006741022617601104	0.4031792166048222	-0.5916455237910031	-0.11412670428577892
chr6_mat	22800000	23000000	0.00474683836273869	-0.9397478475604528	0.16279537560472995	-0.21166937871392094
chr6_mat	23000000	23200000	0.007369356121399926	-0.4791362421224735	-0.23534202142120703	-0.28859462459779833
chr6_mat	23200000	23400000	0.005966483429058169	-0.7958023847761894	0.4132105925151448	-0.3369697800450962
chr6_mat	23400000	23600000	0.004833458791697998	-0.914573037216959	0.7224681127654828	-0.3632550445316008
chr6_mat	23600000	23800000	0.005321027926854095	-0.7798735236638017	0.3317027831335229	-0.382001484481465
chr6_mat	23800000	24000000	0.005051893556471142	-0.7854715820165195	0.3978621669043904	-0.3746673849869087
chr6_mat	24000000	24200000	0.006999450040877889	-0.4466919585540252	-0.02445363170617657	-0.44797460423160135
chr6_mat	24200000	24400000	0.004770733463474902	-0.8668377947066408	0.5488418156179781	-0.4439139668540262
chr6_mat	24400000	24600000	0.005056575423132805	-0.8470994131643693	0.38959140693266875	-0.39142793503304474
chr6_mat	24600000	24800000	0.004767873027033478	-0.8967702960004903	0.4499234835529695	-0.2975535650100613
chr6_mat	24800000	25000000	0.005442559157511282	-0.4594750024391673	-0.039950944057696	-0.19624657490548342
chr6_mat	25000000	25200000	0.007456120508823502	0.5761893293970005	-0.3024533308309512	-0.2556701284471572
chr6_mat	25200000	25400000	0.006158585418894729	-0.16611525146228043	-0.6936356994301129	-0.13079085471845242
chr6_mat	25400000	25600000	0.006181211690514633	0.41244627725938954	-0.5276365650749741	-0.02727021194406124
chr6_mat	25600000	25800000	0.006687423238230205	0.8950663418091084	-0.0361617265348622	-0.17467013435478848
chr6_mat	25800000	26000000	0.006657949988670151	1.0223993338559938	0.13043017088711972	-0.1899115041184858
chr6_mat	26000000	26200000	0.006528228223535963	1.0550319212647117	0.1532641880157534	-0.18987243030702694
chr6_mat	26200000	26400000	0.006411938593594869	1.0708154603512687	0.16189158583759625	-0.07019647877846336
chr6_mat	26400000	26600000	0.006703854625300741	1.088189801434947	0.15497323555075912	-0.10949172702556383
chr6_mat	26600000	26800000	0.006956187785153577	1.0264665086395448	0.01355521872753277	0.010809352344004375
chr6_mat	26800000	27000000	0.006210992902659988	0.09011677560691425	-0.5767275861999015	-0.07054489455950229
chr6_mat	27000000	27200000	0.003937047988175118	-0.9598902915476156	0.5211916750638765	-0.1538473442943148
chr6_mat	27200000	27400000	0.005739102493664444	-0.2730455121596273	-0.5449872118780176	-0.169647238885673
chr6_mat	27400000	27600000	0.005077417662070399	-0.5174797006918407	-0.34234453873967213	-0.12257627984334626
chr6_mat	27600000	27800000	0.006556793096709155	1.000207675433648	-0.06040554124141385	-0.007052459611474274
chr6_mat	27800000	28000000	0.006155035876902749	0.48644842815063466	-0.4136603251141027	-0.03848501743553731
chr6_mat	28000000	28200000	0.005073795488983355	-0.6795495273387642	-0.18456503088826914	-0.13377738933323033
chr6_mat	28200000	28400000	0.00604483221031385	-0.23119442900445641	-0.43151701120590336	-0.20193397062357635
chr6_mat	28400000	28600000	0.005954537159364131	-0.17811382330502945	-0.2800770215598747	-0.15970771206550724
chr6_mat	28600000	28800000	0.006289649904752433	0.7117933231217195	-0.3438075042176096	-0.21142806243856765
chr6_mat	28800000	29000000	0.004524579120057658	-0.7840487068149626	-0.14652738990963265	-0.11484766345925974
chr6_mat	29000000	29200000	0.005995307924916704	-0.12241025628758383	-0.33899097927696825	-0.21361940202642574
chr6_mat	29200000	29400000	0.005648174916550916	0.020209614062391894	-0.5567167533530727	-0.13436634106677425
chr6_mat	29400000	29600000	0.0060243707215962925	0.7558165275693232	-0.27165945208403874	-0.18691007371626728
chr6_mat	29600000	29800000	0.0063223963214379805	1.136502806959866	0.24322078158409668	-0.2714024311499684
chr6_mat	29800000	30000000	0.006235518664699747	1.0743150509161432	0.1924726720859821	-0.3596221190254495
chr6_mat	30000000	30200000	0.006463762892390059	1.0415004733117772	0.07299664030180673	-0.28032404789232374
chr6_mat	30200000	30400000	0.006441232196957257	0.6913997251116757	-0.2931391784828152	-0.2158431868099548
chr6_mat	30400000	30600000	0.005319586750214969	-0.5068086740025548	-0.4671999422088045	0.04016570056009713
chr6_mat	30600000	30800000	0.006602183054826589	0.6556290475378836	-0.3792116726219289	-0.08322980318995485
chr6_mat	30800000	31000000	0.0064999784190212856	0.8243249750343067	-0.2610722425742664	-0.00775330392902634
chr6_mat	31000000	31200000	0.006046929137141654	0.05325240993650514	-0.6169246663434894	-0.03929987385630566
chr6_mat	31200000	31400000	0.005527552263592993	-0.5163805007829994	-0.2862479494336507	0.10023060921971585
chr6_mat	31400000	31600000	0.004789811523889725	-0.6282544620256654	-0.09129206598919028	0.008654088448965805
chr6_mat	31600000	31800000	0.004779028060304698	-0.7703412094685079	-0.16006878823215864	0.026999101147879376
chr6_mat	31800000	32000000	0.006319171328104085	0.28509584509821617	-0.4311899482467488	-0.010562898933633104
chr6_mat	32000000	32200000	0.006239663760015132	0.34901077148107856	-0.5027421039606335	0.10547867649845492
chr6_mat	32200000	32400000	0.007300260504458503	0.8349501461500732	-0.19741042895256203	0.06693378720057089
chr6_mat	32400000	32600000	0.0051155294323693675	-0.4662172568514243	-0.25562673501377936	-0.025219739786546094
chr6_mat	32600000	32800000	0.0062671053901512345	0.12862128926647118	-0.6056018924594052	-0.029592995641133966
chr6_mat	32800000	33000000	0.0048833125032761715	-0.5663631836157266	-0.335498242667757	-0.046816496217877444
chr6_mat	33000000	33200000	0.006677862028187638	1.0163442347899314	0.06498091338688662	-0.0011665913762059848
chr6_mat	33200000	33400000	0.006828190628872171	1.0323280653453537	0.06992561747823817	-0.007276053742410095
chr6_mat	33400000	33600000	0.006695109273332646	0.203794561282139	-0.515503888401907	-0.07123768477920218
chr6_mat	33600000	33800000	0.005016913098038901	-0.7998542152206889	-0.08767163988564664	0.010559139499212172
chr6_mat	33800000	34000000	0.006881510959530333	0.31332211318920905	-0.537647646317213	-0.05078020918408456
chr6_mat	34000000	34200000	0.00503535077852692	-0.20688476983753903	-0.4003719842951218	0.03571830103698302
chr6_mat	34200000	34400000	0.006706132353789704	0.9040129897271527	-0.13311845340072542	0.13118240854549845
chr6_mat	34400000	34600000	0.006260483753835554	0.6063259923237948	-0.30688742741600067	0.2990854718839524
chr6_mat	34600000	34800000	0.006166111720645453	0.6444000162464595	-0.34593820219037413	0.3003496119309395
chr6_mat	34800000	35000000	0.005796584468184397	-0.05906829373016684	-0.7432230216912177	0.31116875510993386
chr6_mat	35000000	35200000	0.006992912077686678	1.0753681036844573	0.11901446217729482	0.6041775276040003
chr6_mat	35200000	35400000	0.007253114262439419	1.1199564734899228	0.19430211662543576	0.7592744547924583
chr6_mat	35400000	35600000	0.006916478413552915	0.9832089397107743	0.04716609015102191	0.6624125204002176
chr6_mat	35600000	35800000	0.0071692446034207075	0.9984072980349525	-0.013453813022454613	0.7056913518163893
chr6_mat	35800000	36000000	0.006337477848522942	-0.2258719100550705	-0.26371623228720903	0.43361456500082857
chr6_mat	36000000	36200000	0.008054971554608716	0.5128369259239471	-0.2751360194060721	0.5987828329873678
chr6_mat	36200000	36400000	0.007348499017788817	-0.5243623051919586	-0.28805070617795786	0.4310485907838745
chr6_mat	36400000	36600000	0.006722672076368214	-0.6763890132973567	-0.21548754946899726	0.2712934700516748
chr6_mat	36600000	36800000	0.005997049349728066	-0.35769116991526706	-0.415701097284166	0.13942312540137633
chr6_mat	36800000	36968704	0.0059942419855585315	-0.6277067851653986	-0.1801684067470866	-0.17475294513561965
chr7_mat	0	200000				
chr7_mat	200000	400000				
chr7_mat	400000	600000				
chr7_mat	600000	800000				
chr7_mat	800000	1000000	0.007247089137351189	0.311869022161427	0.8809888139470553	-0.1005801260908142
chr7_mat	1000000	1200000	0.006431156555109296	-0.09744187158443698	0.7790037516484616	-0.1662818495387037
chr7_mat	1200000	1400000	0.007263652880731723	0.8281759722785095	0.6525298144664458	-0.12497218480579836
chr7_mat	1400000	1600000	0.007418046421325656	0.7498856308747507	0.5331576728235242	0.013771577995051782
chr7_mat	1600000	1800000	0.006962898126427182	-0.01121224762283677	0.7398403160005288	-0.2886226074969091
chr7_mat	1800000	2000000	0.00583940928132272	-0.7253252465251875	0.3046330425579362	-0.33410923835343975
chr7_mat	2000000	2200000	0.007542068549423102	0.0680137078392315	1.0122174152869752	-0.37207500581022646
chr7_mat	2200000	2400000	0.0055713407199070464	-0.7740996950417011	0.24119362498125968	-0.4060048027954949
chr7_mat	2400000	2600000	0.006215336035901173	-0.4916425742435684	0.5465796599322074	-0.4249742368659916
chr7_mat	2600000	2800000	0.007120189096306222	0.2947823358716117	0.8904132144606004	-0.3308902358781657
chr7_mat	2800000	3000000	0.006943226072506885	-0.0004068475336576513	0.7175828670541682	-0.27960224524465954
chr7_mat	3000000	3200000	0.006866091302782127	-0.293891388150062	0.690661926393837	-0.42196147527328054
chr7_mat	3200000	3400000	0.006503348327008826	-0.6608233707214132	0.5032016554494011	-0.5986048552519911
chr7_mat	3400000	3600000	0.006045134132812641	-0.702448261873621	0.4067113396448455	-0.5030454446447746
chr7_mat	3600000	3800000	0.007264984767335867	0.046189917113557286	0.9197472422364834	-0.5101452336746773
chr7_mat	3800000	4000000	0.005965936549713053	-0.522054855723803	0.5221437956370789	-0.49112158995815736
chr7_mat	4000000	4200000	0.006895356915887169	-0.2525237602179213	0.6905467063858232	-0.5118410326903972
chr7_mat	4200000	4400000				
chr7_mat	4400000	4600000				
chr7_mat	4600000	4800000				
chr7_mat	4800000	5000000	0.005170039278302188	-0.735318789778465	0.20460891290287883	-0.31424693065788956
chr7_mat	5000000	5200000	0.007062424204244388	-0.38327398165103094	0.5903480969600187	-0.2642385987095402
chr7_mat	5200000	5400000	0.005336475469729806	-0.8613458451623787	0.026863645104783826	-0.41605910605969204
chr7_mat	5400000	5600000	0.005851086620945044	-0.4040452106547196	0.3007882696952119	-0.21109387561427972
chr7_mat	5600000	5800000	0.007680949472484245	0.7786556707343222	0.5612208250351597	0.038331746523549204
chr7_mat	5800000	6000000	0.006828390174949786	0.3803871332862585	0.3690319941040774	-0.015766119865592017
chr7_mat	6000000	6200000	0.0069867480827036305	0.15514532949838986	0.40527040806687037	-0.07342014430018666
chr7_mat	6200000	6400000	0.006677646831070316	0.02486734188035847	0.3985291986757121	-0.1721500629144166
chr7_mat	6400000	6600000	0.007716873425465158	0.6491896886586597	0.6649346762427484	-0.14215911305921125
chr7_mat	6600000	6800000	0.006799009263713346	-0.2495216728731844	0.5220518504877099	-0.34930576443537187
chr7_mat	6800000	7000000	0.005755241293992429	-0.7725184896270606	0.1881907656999781	-0.4646666012507413
chr7_mat	7000000	7200000	0.004311550604556837	-0.9976784401834387	-0.061624346369634604	-0.4924374651398835
chr7_mat	7200000	7400000	0.006002512378526006	-0.2867403476484511	0.49146264404940176	-0.2567927322808062
chr7_mat	7400000	7600000	0.007874325984835426	0.858265418813096	0.6040739149787565	-0.08628371583087312
chr7_mat	7600000	7800000	0.007041473569332664	0.6510547973580701	0.402281138251945	-0.05813216885922589
chr7_mat	7800000	8000000	0.005125310200150624	-0.7678402268731997	0.05029295824616679	-0.25816659866029096
chr7_mat	8000000	8200000	0.004801170497459264	-0.7195000593896497	-0.022721955020000625	-0.31970774754165326
chr7_mat	8200000	8400000	0.006843399517603584	0.8112384484314691	0.3633391349640965	-0.15750143830739033
chr7_mat	8400000	8600000	0.006803126437208214	1.0833051056473222	0.09058904527337626	-0.10606509883245129
chr7_mat	8600000	8800000	0.006617269546810966	1.0471175110059445	0.10894961820142617	-0.10248978739602191
chr7_mat	8800000	9000000	0.007142991886778101	1.0116659517828086	0.1821955026968575	-0.14073457727159103
chr7_mat	9000000	9200000	0.006801658867310815	0.9852849561113729	0.14651544941031122	-0.1347257806394334
chr7_mat	9200000	9400000	0.0065048057998086705	0.754502001074106	0.12538958786592685	-0.1695616474214161
chr7_mat	9400000	9600000	0.005882876452500956	-0.028286691291621296	0.15039564525595445	-0.28441867088660416
chr7_mat	9600000	9800000	0.0066125916195917305	0.3648571576188499	0.4597864890658774	-0.2152818510744346
chr7_mat	9800000	10000000	0.005323121101013684	-0.610846392173184	0.1478460857190564	-0.18398652383946468
chr7_mat	10000000	10200000	0.005418703289564645	-0.38885981075654535	0.408386387956566	-0.24037786288947322
chr7_mat	10200000	10400000	0.00620616092995369	-0.2816549988593333	0.5384818807596047	-0.27298003738876997
chr7_mat	10400000	10600000	0.007550105647086038	0.8618511504879258	0.5177266254902733	-0.07934841474146498
chr7_mat	10600000	10800000	0.007365833782518804	0.6590058900642988	0.5842121313142015	-0.1337993117669837
chr7_mat	10800000	11000000	0.006091765795758381	-0.634620833523377	0.44913495701245676	-0.47990340721530206
chr7_mat	11000000	11200000	0.004887043966894273	-0.9874368979250832	0.05777655154700714	-0.6232642223941013
chr7_mat	11200000	11400000	0.009633476427833696	-0.5732597187546675	0.9878972792745456	-0.5056600589184483
chr7_mat	11400000	11600000	0.0062219959448202135	-0.9360574925588853	0.04301340528690296	-0.7445567666463805
chr7_mat	11600000	11800000	0.008009143580648803	-0.8550127554814155	0.49070401167532857	-0.48711888472902054
chr7_mat	11800000	12000000				
chr7_mat	12000000	12200000	0.004803467527391925	-0.6841555448066007	0.04008606164898636	-0.2714992818083705
chr7_mat	12200000	12400000	0.0061879960553821965	0.05221785348188206	0.1595016210090815	-0.10006430730595557
chr7_mat	12400000	12600000	0.005539587981885724	-0.09988708608402655	0.024139310218779728	-0.16181877759825625
chr7_mat	12600000	12800000	0.006254543464979148	0.7633494163937313	0.007416474606286662	-0.15060637530347476
chr7_mat	12800000	13000000	0.0054721879431465035	0.03791422155033211	-0.07957207526553754	-0.21749072127707517
chr7_mat	13000000	13200000	0.006394254048390997	0.9863584220150762	-0.06558358998573278	-0.23038176694364876
chr7_mat	13200000	13400000	0.006637608108895837	0.8806778538300366	0.056713327531113154	-0.30078467176070833
chr7_mat	13400000	13600000	0.006386822391528039	0.9072402680196906	-0.005981748693714442	-0.31481662710288233
chr7_mat	13600000	13800000	0.006576449719469575	1.0258280840479708	-0.06855553943867189	-0.30821967417932067
chr7_mat	13800000	14000000	0.006682956609936706	1.0088691248041808	-0.061882168928228266	-0.2976833575930234
chr7_mat	14000000	14200000	0.006693070391969854	0.9919173758717613	-0.10665831900756065	-0.28346505003426936
chr7_mat	14200000	14400000	0.006098604345003156	0.7110092690963886	-0.0711675680093667	-0.27986110407885983
chr7_mat	14400000	14600000	0.006566246706452137	0.9439601203857714	-0.15012032776717282	-0.30817717458346905
chr7_mat	14600000	14800000	0.006679622440435946	1.0415942055871799	-0.14767900235079368	-0.2860869857171499
chr7_mat	14800000	15000000	0.0066500373187599405	0.6452760753992303	-0.04451417166699449	-0.26059631953354645
chr7_mat	15000000	15200000	0.00655831047456933	0.6144796617061692	-0.1367871514684498	-0.20478282585587554
chr7_mat	15200000	15400000	0.004085604156725666	-0.7631995785009343	-0.3177025217631196	-0.43051253770044906
chr7_mat	15400000	15600000	0.005594196852845627	0.03992912670913196	-0.23411663814465525	-0.3018199165036551
chr7_mat	15600000	15800000	0.005634369473161075	0.026099837289598738	-0.17962271387212872	-0.36360861903903574
chr7_mat	15800000	16000000	0.004165578491422724	-0.8222201133768969	-0.37197898804641555	-0.5245914165882253
chr7_mat	16000000	16200000	0.005406852902699131	-0.42610102553340357	-0.3130660185898865	-0.4436063811186757
chr7_mat	16200000	16400000	0.004985831455752524	-0.34399398272042064	-0.32591238664683836	-0.4075669934731967
chr7_mat	16400000	16600000	0.005975805219461574	0.012126842154999139	-0.2763192513634622	-0.3283245568977857
chr7_mat	16600000	16800000	0.0065805606738032554	0.0627739258141024	-0.2280038745945586	-0.3610904365787194
chr7_mat	16800000	17000000	0.00509543419757045	-0.6965519552445926	-0.3465649819865236	-0.5585010525582739
chr7_mat	17000000	17200000	0.004943800993536637	-0.6858100142217108	-0.3509767652859127	-0.4875257368762602
chr7_mat	17200000	17400000	0.004830343331595347	-0.485051068559349	-0.3369118900744392	-0.39987101444052053
chr7_mat	17400000	17600000	0.006723972011254123	0.4771537461430765	-0.20087392327497697	-0.23303682267148607
chr7_mat	17600000	17800000	0.00597139350660623	-0.4762573325073288	-0.16378613367296666	-0.3934881029122782
chr7_mat	17800000	18000000	0.006637291865221364	0.37984338491803976	-0.08842852059664537	-0.30253587253449005
chr7_mat	18000000	18200000	0.00561618079106542	0.0952247058152938	-0.36748720014692443	-0.3871896716295376
chr7_mat	18200000	18400000	0.004489455134554843	-0.8143951546297776	-0.4344309729336555	-0.5519059267892005
chr7_mat	18400000	18600000	0.0056787015964404105	-0.2270561610368819	-0.30677065800895914	-0.41908453672082974
chr7_mat	18600000	18800000	0.006003414766410223	0.5705382302880079	-0.1909414643797356	-0.3154009496789742
chr7_mat	18800000	19000000	0.006453119582247489	1.0082510132391855	-0.3805356463571243	-0.24682860420096464
chr7_mat	19000000	19200000	0.005986193993652296	0.5194824190891433	-0.3195302976837504	-0.3023075262963471
chr7_mat	19200000	19400000	0.00565347019186322	0.21004718113994067	-0.31139507639773845	-0.3059547046304355
chr7_mat	19400000	19600000	0.0059555885683316165	0.04132586237296111	-0.30814585843239845	-0.35110343992748133
chr7_mat	19600000	19800000	0.006017298957737539	-0.12189571748937192	-0.28889561648815687	-0.4466959320637037
chr7_mat	19800000	20000000	0.005899393414828132	0.1832690903919479	-0.3655497743666583	-0.38940615025017405
chr7_mat	20000000	20200000	0.004732160479482176	-0.33690496704077855	-0.39195413444956184	-0.4329566852235714
chr7_mat	20200000	20400000	0.0046394993352284015	-0.8064432904154252	-0.3351679589085036	-0.4816233305054734
chr7_mat	20400000	20600000	0.006214174269927087	0.17674750521362062	-0.11180806305164305	-0.32287334365105774
chr7_mat	20600000	20800000	0.0067705545556012575	0.675872614727655	-0.0645523128799485	-0.274592445277463
chr7_mat	20800000	21000000	0.0067046597926864165	0.7018808805372138	-0.13343309260305194	-0.3256460435807632
chr7_mat	21000000	21200000	0.006360307551079919	0.7506479025293121	-0.17112358871718977	-0.3290340476362731
chr7_mat	21200000	21400000	0.0072192173743901725	0.40175174022779464	0.07382044586794867	-0.3659396820567921
chr7_mat	21400000	21600000	0.0046798438630964116	-0.6786650045201522	-0.34185083117163306	-0.4237408293434311
chr7_mat	21600000	21800000	0.0060866558181718695	0.1614688067779009	-0.22397301769249706	-0.3375578500592301
chr7_mat	21800000	22000000	0.005349447827847615	-0.672212705003696	-0.25950636718862957	-0.5554265403137112
chr7_mat	22000000	22200000	0.00548618857602674	-0.5674456988913414	-0.25427760538989447	-0.5373892442066928
chr7_mat	22200000	22400000	0.004920518539664414	-0.8260401800230078	-0.31417222517936	-0.6133565930575727
chr7_mat	22400000	22600000	0.005886579482746234	-0.3539819960128748	-0.15487783331406355	-0.49176976272092193
chr7_mat	22600000	22800000	0.003934675240599086	-0.8760300707852656	-0.4825940907746587	-0.5755872871186447
chr7_mat	22800000	23000000	0.005461582269105284	-0.3151320774399919	-0.2888337531458813	-0.4593569993044834
chr7_mat	23000000	23200000	0.005483629048018493	-0.3312316920728651	-0.2581965466653757	-0.3603367050884097
chr7_mat	23200000	23400000	0.006761072724758786	0.30630561290920094	0.07486620809828802	-0.2887140411675667
chr7_mat	23400000	23600000	0.007077633005262774	0.5055089117496254	0.05665853999670546	-0.257896085337418
chr7_mat	23600000	23800000	0.006482531654295658	0.3097258446778529	-0.13408291948243664	-0.19110819930317025
chr7_mat	23800000	24000000	0.004461179023419785	-0.8099958952231782	-0.4006795522745667	-0.3215135603989994
chr7_mat	24000000	24200000	0.005736851217813869	-0.20239285635704762	-0.20359679797410968	-0.1841487976214013
chr7_mat	24200000	24400000	0.005423158956115782	-0.26028100120787967	-0.2702005284859852	-0.21127948286696602
chr7_mat	24400000	24600000	0.006738346506037436	0.5444369076853924	-0.20550643086690323	-0.2509271342738001
chr7_mat	24600000	24800000	0.006824408824873999	0.5679712489226887	-0.08496872143148214	-0.2772752484395603
chr7_mat	24800000	25000000	0.006647762625796598	0.9398689279512862	-0.15116090688834521	-0.3033342953805089
chr7_mat	25000000	25200000	0.006680564501906294	1.0380769918739507	-0.1781347673135752	-0.29527379253055397
chr7_mat	25200000	25400000	0.006798827582808499	1.0531645587455398	-0.18520940387651028	-0.26385717877009307
chr7_mat	25400000	25600000	0.006627272437176862	0.7843723669000714	0.03863030069628474	-0.21853697505447803
chr7_mat	25600000	25800000	0.006778516871087195	-0.07894432791797806	0.16651776013098196	-0.17579950677957457
chr7_mat	25800000	26000000	0.006984853776571516	0.2302463940012036	0.07642338413938266	-0.23189966073751675
chr7_mat	26000000	26200000	0.004746521884585273	-0.8972158891879574	-0.26543387580256816	-0.3423184751941315
chr7_mat	26200000	26400000	0.005318822501250588	-0.711369705357047	-0.22708169897550895	-0.26829641565783935
chr7_mat	26400000	26600000	0.004524672425742119	-0.7623282361832551	-0.3075388209443771	-0.2703770402546042
chr7_mat	26600000	26800000	0.006411927588167157	0.7987422397493615	-0.08780445181177314	-0.1958471364463732
chr7_mat	26800000	27000000	0.006707487367276415	0.9306789541382336	-0.09808596667027329	-0.20933759460880197
chr7_mat	27000000	27200000	0.006611728528395848	1.0154498817399837	-0.16057959184322848	-0.22764696973365922
chr7_mat	27200000	27400000	0.006371725128900548	0.7407248812246157	-0.2906108554607592	-0.19637452057863222
chr7_mat	27400000	27600000	0.00584246521340218	0.31070129255649703	-0.2122887418067317	-0.1373260635896242
chr7_mat	27600000	27800000	0.006285187217971145	0.36807308243267167	-0.22697671647502485	-0.23756985483045778
chr7_mat	27800000	28000000	0.006494143553765475	0.7839997724982156	-0.2121636566192859	-0.25756773819703643
chr7_mat	28000000	28200000	0.006657704687207484	0.9528784739096561	-0.13331315127062582	-0.2662068380282411
chr7_mat	28200000	28400000	0.006250262492877893	1.0347533968022444	-0.1776916085441985	-0.21987654341913118
chr7_mat	28400000	28600000	0.0060105955997652874	-0.05809225240625158	0.07648423011564981	-0.171868627601163
chr7_mat	28600000	28800000	0.005245260836108037	-0.6235048409014563	-0.08479127708154724	-0.09765170887815701
chr7_mat	28800000	29000000	0.005663087962890605	-0.46515274999525635	0.08340472807350448	-0.050533353369274024
chr7_mat	29000000	29200000	0.007166721489579457	0.8532502659094962	0.2129297288357063	-0.2576040166272409
chr7_mat	29200000	29400000	0.005756536130148995	-0.15184986960827954	0.08269339774558408	-0.15452192359182082
chr7_mat	29400000	29600000	0.005462288532819191	-0.5006468208734931	0.06994669431261429	-0.10146950843759908
chr7_mat	29600000	29800000	0.007499577506703051	0.7138200503267481	0.3292228898734589	-0.254171560712444
chr7_mat	29800000	30000000	0.007506232172008413	0.9210131589984037	0.23670818145523606	-0.270795844199309
chr7_mat	30000000	30200000	0.007633867080968637	0.8679675128443733	0.24301025428468775	-0.2355498592956154
chr7_mat	30200000	30400000	0.00757043597571818	0.4462305658363102	0.2437537873039943	-0.22393995638162445
chr7_mat	30400000	30600000	0.005739329483426408	-0.7038786259468416	0.11804823218826191	0.06626094785616153
chr7_mat	30600000	30800000	0.006826178451373843	0.2187345379074164	0.34899789800665454	-0.19017031046663657
chr7_mat	30800000	31000000	0.00666738160341281	0.8928831348775358	0.012827200693565346	-0.13717173468852534
chr7_mat	31000000	31200000	0.005576740868343959	-0.13722088039294758	-0.041110390197902365	0.0387681426237489
chr7_mat	31200000	31400000	0.006109723166303577	0.9479988114561994	-0.16166483913010402	-0.119214250900148
chr7_mat	31400000	31600000	0.006410183345139104	0.9350169370522033	-0.13606034320684998	-0.16050913640208392
chr7_mat	31600000	31800000	0.006525352811530021	0.8092172365981979	-0.15346847379137696	-0.11911741211006577
chr7_mat	31800000	32000000	0.006246164439115491	0.4064768522401962	-0.2241357681126856	-0.09613554663985263
chr7_mat	32000000	32200000	0.005662279298245039	-0.3740687752106156	-0.03303777179792911	0.0849140041211923
chr7_mat	32200000	32400000	0.006493164625410712	0.9547653159508149	-0.13162786779664307	-0.12301497605988763
chr7_mat	32400000	32600000	0.006751982028213427	0.8912087100948153	-0.14959530106712385	-0.09415440952514102
chr7_mat	32600000	32800000	0.006107399240469956	-0.025134854239577516	-0.212810043487027	-0.0284100846138041
chr7_mat	32800000	33000000	0.005718814775789034	-0.198438221464126	-0.2862017623244776	-0.0039366925472457005
chr7_mat	33000000	33200000	0.00434567052679065	-0.9217680546508288	-0.4258727024384246	0.06903477731605713
chr7_mat	33200000	33400000	0.005583680054448727	0.09783426494851394	-0.26370582147225574	0.010938043351703959
chr7_mat	33400000	33600000	0.006419872133865043	0.8251116912418415	-0.2247213220414427	-0.03825976072842733
chr7_mat	33600000	33800000	0.007159856501013634	0.6964701048987881	-0.04196708145084348	-0.045393149921713276
chr7_mat	33800000	34000000	0.005436123400804856	-0.38826265764946094	-0.12986207279081033	0.15013762520740534
chr7_mat	34000000	34200000	0.006248550269829927	0.8876405894108158	-0.11364649912229909	-0.08317774525783612
chr7_mat	34200000	34400000	0.00663501487442638	1.0494189434445196	-0.1144695740668935	-0.019311836232342217
chr7_mat	34400000	34600000	0.006164434932976799	1.123798544034855	-0.3440064702686771	-0.006715992167452967
chr7_mat	34600000	34800000	0.006705868254023666	1.0451737090445832	-0.26860461334514013	-0.03718520662940138
chr7_mat	34800000	35000000	0.0062048646852881795	1.044311498032612	-0.08745056494043728	0.028644689892320305
chr7_mat	35000000	35200000	0.00652332030253275	1.0365266629712815	-0.11837303587853269	0.019426978834503027
chr7_mat	35200000	35400000	0.006237900760372637	0.9227045020036864	-0.21705834497722692	0.025848061053499856
chr7_mat	35400000	35600000	0.006077948739851396	0.9270905260034285	-0.36571073106578317	-0.03634843779154481
chr7_mat	35600000	35800000	0.005983533406383149	0.28986750490195234	-0.09257599936013267	-0.028578311024415676
chr7_mat	35800000	36000000	0.004871091535996845	-0.9524335368755137	-0.27505189941476366	0.30919630232807355
chr7_mat	36000000	36200000	0.0049899372995248015	-0.6624385034516408	-0.2608941780041348	0.20743549969860378
chr7_mat	36200000	36400000	0.006217927087295571	0.7558610661028436	-0.09564519834669488	0.02095921885629221
chr7_mat	36400000	36600000	0.0061919131487183955	1.098904444838252	-0.13498248249060465	0.1697593180930181
chr7_mat	36600000	36800000	0.006547688965319338	1.1987018584029678	-0.3175837081728803	0.18190931797429644
chr7_mat	36800000	37000000	0.006302593273913726	0.9737009210046284	-0.033949343863881216	0.1006927950568559
chr7_mat	37000000	37200000	0.006071715624549258	0.0014851580640942484	0.12661390325247657	0.20347049705034825
chr7_mat	37200000	37400000	0.004635568194511573	-1.0396235114737382	-0.05619666656965504	0.5255515817244575
chr7_mat	37400000	37600000	0.006277272955610349	-0.1889212259858411	0.038128691887961384	0.365013659235871
chr7_mat	37600000	37800000	0.006003309065016331	-0.04189481705014711	0.21458354567376145	0.30599203363258054
chr7_mat	37800000	38000000	0.005898372434593542	-0.2782969315542749	0.08056481615829149	0.43508174569798275
chr7_mat	38000000	38200000	0.005160219421921727	-0.840495059903873	-0.041019028821828944	0.6212485664646799
chr7_mat	38200000	38400000	0.005729941570665791	-0.35552545145428477	0.46926633107414406	0.5476675908060471
chr7_mat	38400000	38600000	0.007805509299834653	0.5595778204885056	0.6738292040022706	0.30145021253903614
chr7_mat	38600000	38800000	0.007440503721063565	-0.6728523324879245	0.45923599132355963	0.674076223888621
chr7_mat	38800000	39000000	0.00701957237491642	-0.7499795648814626	0.3596167923838025	0.6514870953301642
chr7_mat	39000000	39200000	0.006076684124316782	-0.2336716353570833	0.16091909357514597	0.42091850279154724
chr7_mat	39200000	39400000	0.005335638009389351	-0.716410229395258	-0.01506278831290349	0.27406086542358815
chr7_mat	39400000	39422672				
chr8_mat	0	200000	0.006489897066495462	-0.4554544948192105	-0.4786335396971145	-0.1448321581359296
chr8_mat	200000	400000	0.007122692191082932	-0.06431018491815427	-0.7377946312545437	0.08224045861142357
chr8_mat	400000	600000	0.008674442277537367	0.5926849575715317	-0.40766403192922274	0.5653801613772145
chr8_mat	600000	800000	0.006773041203535361	-0.30407427355061833	-0.4196704542826541	0.42224064064717814
chr8_mat	800000	1000000	0.00520834816954727	-0.6089200170263726	-0.23997652883006848	0.2011604229815976
chr8_mat	1000000	1200000	0.005017462832513924	-0.9361753281603171	0.013132756273497472	-0.020144813710019145
chr8_mat	1200000	1400000	0.006248300458631344	-0.19016167918886925	-0.3137573397709631	0.5017307273806604
chr8_mat	1400000	1600000	0.005559394554340149	-0.21265458847946112	-0.627261799616853	0.3125333850183757
chr8_mat	1600000	1800000	0.0053001506904693	-0.3088105844786981	-0.35785079078901383	0.1483253203828046
chr8_mat	1800000	2000000	0.006408844009146579	0.564326595908573	-0.559417892991392	0.22261884304480353
chr8_mat	2000000	2200000	0.0059974217296588925	0.24904740443633286	-0.6661439708840634	-0.07839683597841787
chr8_mat	2200000	2400000	0.005360990755494302	-0.21857667150437382	-0.7556857600040366	-0.15253924670674307
chr8_mat	2400000	2600000	0.006083380287657018	0.00392412966949242	-0.6070720954688529	-0.0351902938935308
chr8_mat	2600000	2800000	0.004761045198472047	-0.8752900313243634	-0.05722884171925732	-0.32133449820922466
chr8_mat	2800000	3000000	0.006305666638986859	-0.05937198864102282	-0.2763043138481419	-0.1735488796103233
chr8_mat	3000000	3200000	0.00696548075164266	0.9057337360495058	-0.29278152269789354	-0.11962159035639246
chr8_mat	3200000	3400000	0.005780611906872296	-0.010965690788631518	-0.7451917524755836	-0.1474251639025445
chr8_mat	3400000	3600000	0.005559450976953379	-0.18162825094059454	-0.7560096327149444	-0.17942886976781813
chr8_mat	3600000	3800000	0.0067747296254146005	0.8888595319023899	-0.24197107040680813	-0.0052777550770247055
chr8_mat	3800000	4000000	0.007387323118252385	1.1325506210176932	0.1750563412595187	-0.015623484090323558
chr8_mat	4000000	4200000	0.007529830549068494	1.067309218910817	0.18833593291875766	0.14183536095868474
chr8_mat	4200000	4400000	0.008000784318686954	0.9175011105992762	-0.0055349871799537645	0.38066477065494514
chr8_mat	4400000	4600000	0.007427539941972598	0.8799861763480349	-0.15913428624620643	0.29491546211354897
chr8_mat	4600000	4800000	0.006372039339212845	-0.3941217589676688	-0.7841713364218446	0.43959055872411856
chr8_mat	4800000	5000000	0.004345517191398756	-1.0192082373994518	0.10838999070359832	-0.03896241430957947
chr8_mat	5000000	5200000	0.006564429099130273	0.8092990950309015	-0.31138424102878026	0.11576535989437996
chr8_mat	5200000	5400000	0.006900335330867703	0.8580457738295271	-0.32788804639874025	-0.024939313916073444
chr8_mat	5400000	5600000	0.004701801434260523	-0.5238066763129295	-0.598189748916123	-0.2388526696900297
chr8_mat	5600000	5800000	0.004330195988009983	-0.5886438793009199	-0.41522941773133926	-0.3102586194997902
chr8_mat	5800000	6000000	0.0044159106463089294	-0.7629550570951582	-0.15161079201085637	-0.2864297470117334
chr8_mat	6000000	6200000	0.004596774204843642	-0.7881881096323696	-0.179449516834633	-0.33696142345345464
chr8_mat	6200000	6400000	0.005383733893578975	-0.544247809794361	-0.48905800759913204	0.009625807975625598
chr8_mat	6400000	6600000	0.006696882877763291	1.005973226995796	-0.14183830463912706	-0.0606507825424883
chr8_mat	6600000	6800000	0.006476486751227083	1.1381954624089132	0.12322679327192818	-0.2898256826181813
chr8_mat	6800000	7000000	0.00646593951305129	1.1754135214533563	0.15641154393978052	-0.2334044639577853
chr8_mat	7000000	7200000	0.005737740856827866	0.4025830292137609	-0.45493553944848353	-0.038425495149810425
chr8_mat	7200000	7400000	0.0066825944456827225	0.8357781621103375	-0.2135127936114264	0.16453858476415004
chr8_mat	7400000	7600000	0.007165434851042041	0.7399363834586234	-0.3040793744639986	0.30133793697535044
chr8_mat	7600000	7800000	0.005889051956344669	0.21105059025680517	-0.4219704620295528	0.19820195599397272
chr8_mat	7800000	8000000	0.0066941939716260255	0.4728248076100265	-0.2894399949737185	0.28676940248813965
chr8_mat	8000000	8200000	0.006970807695286439	0.5973556693475953	-0.2540499472891598	0.5068133483505877
chr8_mat	8200000	8400000	0.004817932828951484	-0.7957726431803355	0.24255082568029793	0.10281577271322224
chr8_mat	8400000	8600000	0.006450034630534761	-0.2115658517664169	-0.38634027619685835	0.5709817084697919
chr8_mat	8600000	8800000	0.005830352317931258	-0.3897120466642436	-0.32458898162530764	0.4796098214839162
chr8_mat	8800000	9000000	0.005501807742387323	-0.7504663515112738	0.2647056214991625	0.2152851040078166
chr8_mat	9000000	9200000	0.004859560217881924	-0.7984674149517671	0.8181303595427328	-0.20560257778032576
chr8_mat	9200000	9400000	0.0045984014531044925	-0.7615988030132981	0.6862673897757776	-0.1535178279346409
chr8_mat	9400000	9600000	0.0049585780678496685	-0.7292224531869328	0.5656815968536912	0.08821162249410801
chr8_mat	9600000	9800000	0.004566871483879759	-0.8186911918837969	0.539036959923638	0.03414973025406403
chr8_mat	9800000	10000000	0.0060553187739611075	-0.4833461625978458	-0.0490474054918502	0.5079280334633153
chr8_mat	10000000	10200000	0.00515190146240732	-0.8706580506122147	0.5807879223906112	-0.01800538253925466
chr8_mat	10200000	10400000	0.0059887014756708976	-0.5716373797821153	0.2554698356612622	0.32156847833188235
chr8_mat	10400000	10600000	0.005334621797385168	-0.4641854465282447	-0.15590519648291734	0.23616862256896373
chr8_mat	10600000	10800000	0.0072159695615259855	0.8976751338080904	-0.20633245701192585	0.3141751848199655
chr8_mat	10800000	11000000	0.005377441682668999	-0.37675188544783916	-0.2699367530798931	0.11171724010614538
chr8_mat	11000000	11200000	0.005840817400710178	-0.14752028432315342	-0.42071407031930474	0.11631387596129963
chr8_mat	11200000	11400000	0.0066230755953349514	0.9525237418046202	-0.09970971985173219	-0.07463247959034114
chr8_mat	11400000	11600000	0.005942570981748905	0.029387903446436985	-0.6315915545661945	-0.14668825890249362
chr8_mat	11600000	11800000	0.004200655331008645	-0.7175509942582847	-0.32543065530868187	-0.3516919381097367
chr8_mat	11800000	12000000	0.00493389679416978	-0.2716347303187288	-0.2785656512231028	-0.302870071377773
chr8_mat	12000000	12200000	0.006793064760924896	0.9326214451878656	-0.09784823600571461	-0.04015091278214709
chr8_mat	12200000	12400000	0.0065204942654924075	1.086370743180501	0.1732036852597645	-0.15420122126433292
chr8_mat	12400000	12600000	0.006063808897752202	1.0429304934212003	0.21328181387347556	-0.20478380050315045
chr8_mat	12600000	12800000	0.006593545265172984	1.0744613465803037	0.21198967267657806	-0.17930823779146476
chr8_mat	12800000	13000000	0.006437365959244991	1.0122634411623384	0.19371765563673507	-0.1525886412324965
chr8_mat	13000000	13200000	0.006522631245398746	0.9903716662656047	0.11641368566790786	-0.1726174896395548
chr8_mat	13200000	13400000	0.006299651198281657	0.7281879930307043	-0.139435801969501	-0.31391037352452544
chr8_mat	13400000	13600000	0.006791018548924484	0.98607680271611	0.08479953230969547	-0.27532900428831597
chr8_mat	13600000	13800000	0.00630970438217311	0.8638197966422064	-0.048360344036701045	-0.35293288756061236
chr8_mat	13800000	14000000	0.004411771737146568	-0.6065643874078446	-0.09729259694344236	-0.5111351603206788
chr8_mat	14000000	14200000	0.005393146296915142	-0.3186812851109665	-0.5145797477392907	-0.35557611457087906
chr8_mat	14200000	14400000	0.004611499978657101	-0.5564039987298356	-0.3248042545962468	-0.4054058426042515
chr8_mat	14400000	14600000	0.006407344738423688	0.39420844845698383	-0.43450781995598436	-0.287213210178444
chr8_mat	14600000	14800000	0.005289697280291434	-0.48905246615338943	-0.48132028913310027	-0.4100304221816111
chr8_mat	14800000	15000000	0.005984577470627944	0.12054506298084573	-0.5330719334326496	-0.20532868387627043
chr8_mat	15000000	15200000	0.0065579545758099374	0.9146917569730665	-0.012298417169720261	-0.24152236481053052
chr8_mat	15200000	15400000	0.005995126161134022	0.6074543024751448	-0.30976497835280203	-0.35307938084503515
chr8_mat	15400000	15600000	0.00474891182665122	-0.6377405985067154	-0.4333490021700817	-0.3244859743821646
chr8_mat	15600000	15800000	0.004550302066083065	-0.5100372399949927	-0.10971013823121309	-0.3776201405561348
chr8_mat	15800000	16000000	0.006715945498313084	0.544826883903987	-0.4523093878221557	0.03373419542211314
chr8_mat	16000000	16200000	0.004864772712040128	-0.41704848056924804	-0.42829021986692234	-0.3332768733446771
chr8_mat	16200000	16400000	0.00642407023137394	0.3216292160510122	-0.39662063422711324	-0.39504004910475443
chr8_mat	16400000	16600000	0.00471275361660255	-0.49850418882100545	-0.4507520010755526	-0.3718063451608443
chr8_mat	16600000	16800000	0.004519769240974597	-0.6706735276782655	-0.26929043281635817	-0.491172294283324
chr8_mat	16800000	17000000	0.005110594713434699	-0.22343748536601038	-0.45078245376547194	-0.3997779016433906
chr8_mat	17000000	17200000	0.005831500571495746	0.1185991861494905	-0.5855861953517328	-0.3265258123516723
chr8_mat	17200000	17400000	0.00576124272666285	-0.13061255041760603	-0.6727477265866579	-0.31563636004226764
chr8_mat	17400000	17600000	0.006892972388145225	0.8113349335308	-0.1884920546743362	-0.1746726324435485
chr8_mat	17600000	17800000	0.005281559424298863	-0.23781127348952608	-0.41338971163422467	-0.001906768471935698
chr8_mat	17800000	18000000	0.006737556467817732	0.9399047376197396	-0.06548968224702698	-0.07231616138368792
chr8_mat	18000000	18200000	0.006997868789797601	1.159417250394416	0.13229714687580255	-0.09795330526899387
chr8_mat	18200000	18400000	0.0071259425744150265	0.9068547346168181	-0.22629295021074858	0.064642449839352
chr8_mat	18400000	18600000	0.006103043820424189	0.3429565840259272	-0.44814740824707433	-0.09161573466007406
chr8_mat	18600000	18800000	0.004588038457611584	-0.6230214782167514	-0.2946527960726642	-0.4054394666147545
chr8_mat	18800000	19000000	0.004319941225670994	-0.627284484965493	-0.2657404649164979	-0.45171508944163913
chr8_mat	19000000	19200000	0.005697567641288715	-0.078838102179598	-0.5812572643298672	-0.33988038456411873
chr8_mat	19200000	19400000	0.006419819627180141	0.6629311125556727	-0.27648190556984287	-0.19770896462541218
chr8_mat	19400000	19600000	0.0065027845112676655	0.9399396955725514	-0.0280685077148049	-0.1606295070466926
chr8_mat	19600000	19800000	0.00604698949759124	0.2960897052119767	-0.49406343015725135	-0.044931948816721946
chr8_mat	19800000	20000000	0.006820784732268715	1.081769184552296	0.18201367013580813	-0.06563836511560964
chr8_mat	20000000	20200000	0.006873787312478501	1.1209533434255716	0.26814631050567916	-0.09767967599585328
chr8_mat	20200000	20400000	0.006894583829784694	1.1168897005680665	0.2504223631374518	0.0028870677828886355
chr8_mat	20400000	20600000	0.007296005062922538	1.0101838157795686	-0.020055273089084644	0.15343595326600826
chr8_mat	20600000	20800000	0.006520613629293312	0.5596053376906678	-0.31898116243517866	0.09275729546677028
chr8_mat	20800000	21000000	0.004051929089329306	-0.998413501915652	0.024137209525093146	-0.26877912420834005
chr8_mat	21000000	21200000	0.004507598148269793	-0.6166945330336373	-0.5117325967873321	-0.26273454507199673
chr8_mat	21200000	21400000	0.006754118084738656	0.5589037392947855	-0.453975809008842	-0.011019641565434928
chr8_mat	21400000	21600000	0.006747444194346773	0.8247871102981621	-0.07366995084254085	-0.03630795826497093
chr8_mat	21600000	21800000	0.006192591499944043	0.694432574067192	-0.08174300894381806	-0.07073800766685674
chr8_mat	21800000	22000000	0.006143515371106683	0.2748504438192705	-0.3866756258240652	0.07886766645781391
chr8_mat	22000000	22200000	0.006570747549741729	0.4784094692183687	-0.32364860209577123	0.10148222939576929
chr8_mat	22200000	22400000	0.005507447901400369	-0.04569762545227295	-0.6320945030843793	0.006366761299009412
chr8_mat	22400000	22600000	0.006858409456992005	0.9136528999856589	-0.092594992164368	-0.018239681608779163
chr8_mat	22600000	22800000	0.007286652041928147	1.0859607655874637	0.12511030632591708	-0.009617155744773112
chr8_mat	22800000	23000000	0.007326720769935932	0.8305418927935508	-0.0889246487264244	-0.04057169886244605
chr8_mat	23000000	23200000	0.005742541020199545	-0.3149387741304712	-0.2797655827176117	0.03957419349322766
chr8_mat	23200000	23400000	0.003940921039983606	-1.0267017386224255	0.467823248443931	-0.3478751347223402
chr8_mat	23400000	23600000	0.005409443890532338	-0.557813494956006	-0.2738529016496125	0.26898391761629004
chr8_mat	23600000	23800000	0.0053536598356728245	-0.4474491847089133	-0.30526728855182994	0.3561672676059033
chr8_mat	23800000	24000000	0.006281099613537891	-0.06909997972137664	-0.45789743797005433	0.4464856538583367
chr8_mat	24000000	24200000	0.005346592237649338	-0.4391692984590447	-0.624168208318747	0.34752302249205613
chr8_mat	24200000	24400000	0.007226482567857056	0.7764937808378133	-0.3067270237751042	0.49292954047077236
chr8_mat	24400000	24600000	0.005611820704080479	-0.1410178050049076	-0.5116889347821915	0.5169309763413155
chr8_mat	24600000	24800000	0.0071133431735912744	0.7475287617768747	-0.03255083699138743	0.4442612426569696
chr8_mat	24800000	25000000	0.00758654962009264	0.9398396618347011	0.1463530276737373	0.31441486527289836
chr8_mat	25000000	25200000	0.007379995820575122	0.9431157050337072	0.23332219159761164	0.15416001043126185
chr8_mat	25200000	25400000	0.006894569868892345	0.99511914316873	0.33123427279237005	0.00489316193772527
chr8_mat	25400000	25600000	0.007220688339006973	1.042944517606763	0.32820547098411984	-0.08305419328123112
chr8_mat	25600000	25800000	0.007028414160447437	1.0133952710319516	0.2874323641714474	-0.013285707101802055
chr8_mat	25800000	26000000	0.007604436396952166	1.0358582957859959	0.3228779209748745	0.0502078932829073
chr8_mat	26000000	26200000	0.008556474088310846	1.0138506808701175	0.3501739581151486	-0.040988988502898026
chr8_mat	26200000	26400000	0.007209544918559103	0.6553653230221328	-0.23757136410701238	0.266978747238882
chr8_mat	26400000	26600000	0.011855855627609328	-0.6791881187339588	-0.49586327850847567	0.2730231096413346
chr8_mat	26600000	26800000				
chr8_mat	26800000	27000000				
chr8_mat	27000000	27200000				
chr8_mat	27200000	27400000	0.008570424850133049	-0.8734724870159204	0.43196189294392245	-0.05467277900980776
chr8_mat	27400000	27600000				
chr8_mat	27600000	27800000	0.008381218369128082	0.6219391505750277	-0.012197127556055742	0.74551328445744
chr8_mat	27800000	28000000	0.006512430016622859	-0.6490551689758834	-0.09549402425586576	0.4986218121280775
chr8_mat	28000000	28200000	0.007204022424320043	-0.43691128984161937	-0.017693899364818976	0.642309043618719
chr8_mat	28200000	28400000	0.006510725316730204	-0.5251567246707385	-0.11180318423722302	0.4883903430007599
chr8_mat	28400000	28600000	0.006546960201391038	-0.3764209337438499	-0.10339110489167311	0.5054503875935287
chr8_mat	28600000	28800000	0.005979250500289782	-0.43896574631695073	0.023092446715708363	0.3110110360757185
chr8_mat	28800000	29000000	0.005565832829663574	-0.3381360444054338	0.07203782933233212	0.16282533123569937
chr8_mat	29000000	29200000	0.0048529229402079375	-0.7036670764783192	0.16306104081886533	0.0377324061223727
chr8_mat	29200000	29400000	0.006482832068159824	-0.1591441779072954	-0.1760552468678684	0.536506773778402
chr8_mat	29400000	29600000	0.005636424938649132	-0.48351983255198294	0.029899570750382347	0.3145374541968963
chr8_mat	29600000	29800000	0.005561421277108438	-0.8075214825465743	0.588132626286818	0.06905178368960503
chr8_mat	29800000	30000000	0.007274865851650325	-0.3149050264852717	0.0664856085225255	0.6425098902182659
chr8_mat	30000000	30200000	0.005585342455257357	-0.6143073104665983	0.1781780887507624	0.3326836819878629
chr8_mat	30200000	30400000	0.00894513689741855	0.14361140284248072	-0.08042711503953068	1.0147704311239027
chr8_mat	30400000	30600000	0.0063077684611796084	-0.6807148767294178	0.19870586854929273	0.4108058076419174
chr8_mat	30600000	30800000	0.0053936221229529385	-0.7827546600852024	0.22052101394993653	0.21120687761818493
chr8_mat	30800000	31000000	0.005894509218157216	-0.4198312506547251	-0.005036626496003167	0.43267393447143765
chr8_mat	31000000	31200000	0.005236700311259408	-0.6922660135317852	0.05249588024084839	0.1850963187688439
chr8_mat	31200000	31400000	0.0065615152526558185	-0.0649098340686571	-0.04874168596296388	0.48419062313722055
chr8_mat	31400000	31600000	0.007981203967448692	0.30811847882223026	-0.1596456207584821	0.8429419927619387
chr8_mat	31600000	31800000	0.007204062744118658	-0.06191348366637118	0.044152519866782286	0.740028278873768
chr8_mat	31800000	32000000	0.00641153814576991	-0.6410940888252966	0.14711890306228292	0.6461664998697526
chr8_mat	32000000	32200000				
chr8_mat	32200000	32400000				
chr8_mat	32400000	32600000				
chr8_mat	32600000	32653297				
chr9_mat	0	200000				
chr9_mat	200000	400000				
chr9_mat	400000	600000				
chr9_mat	600000	800000	0.007428623697308248	1.1829380244569514	-0.36440819502517485	0.08159136387323329
chr9_mat	800000	1000000	0.007473996228029382	1.1798091801399107	-0.1002990501528864	0.16867606896704535
chr9_mat	1000000	1200000	0.0060189066598162234	0.13789458973317492	0.529166793536641	-0.052014646879325395
chr9_mat	1200000	1400000	0.007974721298829729	0.49762072015227427	0.6303633743555338	0.004153569424002078
chr9_mat	1400000	1600000	0.00558125536932538	-0.6107017083549046	0.14160529299561514	-0.049329915064268655
chr9_mat	1600000	1800000	0.00611895603107429	-0.5845674360995611	0.20765407770821762	-0.10750552751083957
chr9_mat	1800000	2000000	0.005818771591463163	-0.5549314245522887	0.211665180773182	-0.09864681555023819
chr9_mat	2000000	2200000	0.007991729675167208	0.9359501128849111	0.3011221754562729	-0.1984554613029243
chr9_mat	2200000	2400000	0.008050973124615625	1.0552337241179104	0.133069993925323	-0.37784443919181226
chr9_mat	2400000	2600000	0.007879889939834989	0.6467652833651363	0.5308886363163159	-0.30341927242854083
chr9_mat	2600000	2800000	0.0051884787819539225	-0.6623786948698159	0.23638302313990325	-0.09122385219947315
chr9_mat	2800000	3000000	0.007143923728660757	0.5307676217166833	0.5145346317097297	-0.07187277215802712
chr9_mat	3000000	3200000	0.005603030077095005	-0.19969589097340532	0.3334043612226221	-0.10218580328072821
chr9_mat	3200000	3400000				
chr9_mat	3400000	3600000	0.008709514282093612	1.0253897613026244	-0.05692492704972521	-0.39432824099560043
chr9_mat	3600000	3800000	0.0077953861479598645	1.0492636929351025	-0.0784457758379506	-0.6203832537542359
chr9_mat	3800000	4000000	0.008310753467130555	1.1469372627447336	-0.15722004503673428	-0.49804262839323343
chr9_mat	4000000	4200000	0.007739056875416871	0.6667373250103248	0.50653068974443	-0.4739319845456965
chr9_mat	4200000	4400000	0.004078176950121573	-0.8564752960340568	-0.36992958924969677	-0.01869789194804529
chr9_mat	4400000	4600000	0.0051180141289614844	-0.8280240464653214	-0.5088503813850073	-0.027582763055154495
chr9_mat	4600000	4800000	0.005413013581407878	-0.7498985860583888	-0.40949243637356336	-0.01597956125456271
chr9_mat	4800000	5000000	0.005604569716273359	-0.5666623901789704	0.0877322477280856	-0.0033747096726529408
chr9_mat	5000000	5200000	0.005196768444290764	-0.7890331585721286	-0.2985528530284927	0.04293465348291118
chr9_mat	5200000	5400000	0.006374270186775592	-0.4060977641629773	0.45154077098689804	-0.017715594272556767
chr9_mat	5400000	5600000	0.005014149905597767	-0.696005813196151	-0.06187651549155713	0.030218995935271855
chr9_mat	5600000	5800000	0.007929485199406758	0.36294068280268177	0.46937257043858727	0.49008851870604825
chr9_mat	5800000	6000000	0.007903188964207448	0.7333794372133199	0.342985655705091	0.5810656993465732
chr9_mat	6000000	6200000	0.007523379370604435	0.49739022840892233	0.6279805322839935	0.43643533592807954
chr9_mat	6200000	6400000	0.00636258912787291	-0.40441029913334514	0.4771657373792405	0.12469934674015772
chr9_mat	6400000	6600000	0.005337972418309143	-0.6911607395855727	0.008650535210655862	0.09922343708998867
chr9_mat	6600000	6800000	0.004813848753756567	-0.7676738064879798	-0.2912322557835894	0.09290701579202706
chr9_mat	6800000	7000000	0.005536885286779368	-0.6641088949548279	-0.11819397056901851	0.08276505674763969
chr9_mat	7000000	7200000	0.004903154991070894	-0.5590267240556765	-0.024373936553715638	0.04444094376508111
chr9_mat	7200000	7400000	0.004991280998619603	-0.5416223966025053	0.2689599947408903	0.0817843675184349
chr9_mat	7400000	7600000	0.007946709561760846	0.41799035579601135	0.46741672689543146	0.21012265206910344
chr9_mat	7600000	7800000	0.005337842069668741	-0.19902368948930407	0.34434041638834234	0.1237880920237343
chr9_mat	7800000	8000000	0.006583976904745179	1.1272430500041664	-0.13989423490723712	0.5267650425215812
chr9_mat	8000000	8200000	0.006861761296261517	1.2189411921487054	-0.4134158044975851	0.7560218706083962
chr9_mat	8200000	8400000	0.006789007141449536	1.1717269179569434	-0.45631359937825516	0.6730964469144003
chr9_mat	8400000	8600000	0.007325052123118376	1.0326368914893695	-0.14867831068316226	0.5865287671710285
chr9_mat	8600000	8800000	0.007441669453764779	0.9829103660888566	-0.021116657117459966	0.4292640563677446
chr9_mat	8800000	9000000	0.006478104388333499	0.3065147895311397	0.4721860298038583	0.25433197839097416
chr9_mat	9000000	9200000	0.006268126291169928	0.23921361909062303	0.5781455675613708	0.22621488310772805
chr9_mat	9200000	9400000	0.006108969608975872	-0.08870144023822178	0.41497755405028186	0.13944784043657027
chr9_mat	9400000	9600000	0.004955675814095075	-0.5958548769683323	0.1770369038917471	0.08947162865130777
chr9_mat	9600000	9800000	0.005427903845959414	-0.22094350439281615	0.3904877067664433	0.1410894151676506
chr9_mat	9800000	10000000	0.007009464156704813	0.9150516384366361	0.08196369660181503	0.19811681688423063
chr9_mat	10000000	10200000	0.006703509595487903	0.7589470305368671	0.15875593165666227	0.14761174205414593
chr9_mat	10200000	10400000	0.005002801613894302	-0.5451344608324646	0.06776986769763903	0.06221070690550943
chr9_mat	10400000	10600000	0.00445830310546922	-0.6876661775237808	0.03633137594305435	0.015194784630707293
chr9_mat	10600000	10800000	0.0065189920119439115	0.4631535416698794	0.3718751179107825	-0.01053614506848626
chr9_mat	10800000	11000000	0.006833758208283625	0.8135087846313239	0.15666101751910044	0.009276435633965331
chr9_mat	11000000	11200000	0.005496519136679618	0.11100633743179733	0.07303351997396192	0.03052949506606201
chr9_mat	11200000	11400000	0.004434853851998333	-0.7134913777933972	-0.07476664824488997	0.004549917687314866
chr9_mat	11400000	11600000	0.004247259684439419	-0.7747494905553373	-0.2425145281829462	-0.0050539805077454885
chr9_mat	11600000	11800000	0.004658292290999285	-0.5076796171069446	0.180627729540266	-0.04002063348629675
chr9_mat	11800000	12000000	0.00586630102555207	0.2487051635539757	0.21572245146441862	-0.15789090814757864
chr9_mat	12000000	12200000	0.006280875723023591	0.39307944366997705	0.40219169548475536	-0.09923256138220439
chr9_mat	12200000	12400000	0.006440978752534091	0.9551059249741678	-0.11195380883503814	-0.317965265451443
chr9_mat	12400000	12600000	0.006753213191784327	1.0226637407829398	-0.3771152889927339	-0.39765448710795115
chr9_mat	12600000	12800000	0.006452240392956807	0.7424881953764826	0.03701341041855843	-0.25025709221568043
chr9_mat	12800000	13000000	0.006571571155848522	1.0276500805811588	-0.2522618999409085	-0.2939276871984103
chr9_mat	13000000	13200000	0.007077620269472102	0.9656291967966708	-0.05781675847680583	-0.1275641595010351
chr9_mat	13200000	13400000	0.0066498213551457915	1.1283417686640664	-0.38480179177915635	-0.18220140027245663
chr9_mat	13400000	13600000	0.006737140145252795	1.002203858654644	-0.05637583014590203	-0.2843697637314237
chr9_mat	13600000	13800000	0.0056100766641594725	-0.049686737134618734	0.55372416712404	-0.12577835437657858
chr9_mat	13800000	14000000	0.004781660218907461	-0.7159821082672144	-0.014874783594188676	-0.014169778176665593
chr9_mat	14000000	14200000	0.00565955527801192	-0.6750826465023471	0.024940770438753666	-0.003326073676408515
chr9_mat	14200000	14400000	0.005854161977946162	-0.6545054213479233	0.08219396895465914	-0.017361285655596276
chr9_mat	14400000	14600000	0.006062090299006883	-0.4205923560519803	0.3456830669851695	-0.07311776565503414
chr9_mat	14600000	14800000	0.00731633888731364	0.4913180591275752	0.501385048525052	-0.005041852887436909
chr9_mat	14800000	15000000	0.007794028039078943	1.0408689726499003	-0.06348035452385468	-0.07212334833762626
chr9_mat	15000000	15200000	0.0074314640356767095	0.7237721561679098	0.23542954600248986	0.02864378249623206
chr9_mat	15200000	15400000	0.007330653153060932	0.3008021497657222	0.5904891409766814	-0.05663644269132399
chr9_mat	15400000	15600000	0.00795935805942662	0.5959010842850695	0.514280344509605	0.04952243139892768
chr9_mat	15600000	15800000	0.0072583302914581635	0.5967013146875733	0.41699890738985784	0.11133107855421226
chr9_mat	15800000	16000000	0.00680108089727244	0.21863340506061668	0.4878379974284834	0.08814326952958423
chr9_mat	16000000	16200000	0.007202940059907625	-0.12292710189205239	0.5545102635475363	0.04274809923638182
chr9_mat	16200000	16400000	0.005720864095275065	-0.6354959608928756	0.07883472233711708	-0.013614037069900602
chr9_mat	16400000	16600000	0.004907989395352828	-0.9035946620803487	-0.722522350816966	0.058278511429473705
chr9_mat	16600000	16800000	0.004795368730144327	-0.7967360299338125	-0.25013221001125374	0.026363733944123093
chr9_mat	16800000	17000000	0.005883091127698479	-0.535318904752911	0.23756820092709835	0.02850918258849951
chr9_mat	17000000	17200000	0.005171739827180554	-0.6500336018150837	-0.04068490579123215	0.007921874177782453
chr9_mat	17200000	17400000	0.006135983704204944	-0.43392231443869067	0.2715235337187812	-0.010849749257843632
chr9_mat	17400000	17600000	0.004044003365129744	-0.927540745887738	-0.6608824862067455	0.07904836583374651
chr9_mat	17600000	17800000	0.0071935399419957614	-0.7922241681654606	-0.13074882285652345	0.13955318985064102
chr9_mat	17800000	18000000	0.006503194832424333	-0.20383901887691797	0.5911622028278443	0.14326976302269462
chr9_mat	18000000	18200000	0.004846705379162299	-0.5968411227752709	0.18784936512845596	0.15242751988251754
chr9_mat	18200000	18400000	0.005919857758382118	-0.20562625798493203	0.5653845497073441	0.17934346715337612
chr9_mat	18400000	18600000	0.006583298450554834	0.9679225287977921	0.09694554741714227	0.35257698198188514
chr9_mat	18600000	18800000	0.006959505146195384	1.0453581173441215	-0.021628829047573243	0.2604524174431942
chr9_mat	18800000	19000000	0.006168139587343774	0.6413054849400898	0.17607557107922928	0.12886072956510067
chr9_mat	19000000	19200000	0.004305526788261653	-0.5765324726500037	0.13118307241930108	0.08401259686102196
chr9_mat	19200000	19400000	0.006110451323363631	0.5276963313323157	0.37221655285693167	0.1537572462618241
chr9_mat	19400000	19600000	0.003749966455122644	-0.8589932949458601	-0.05650019409853238	0.036811878920842395
chr9_mat	19600000	19800000	0.006921186692638799	0.5908445096401823	0.5653127428676148	0.1595545594040438
chr9_mat	19800000	20000000	0.006489384928379314	0.019188326698480095	0.6422462701486392	0.08552945586948317
chr9_mat	20000000	20200000	0.005836844556174715	-0.22293388086619567	0.45906213655947303	0.07093851204013459
chr9_mat	20200000	20400000	0.006689815638186624	1.1061595167913665	-0.22564999689140666	0.5153225858421568
chr9_mat	20400000	20600000	0.006643072233801221	1.1580245105783495	-0.46692419634669996	0.7537324935389673
chr9_mat	20600000	20800000	0.006805772907004472	1.1044624462409682	-0.3167411352641011	0.8067083458019785
chr9_mat	20800000	21000000	0.006755431418847401	1.1029254626848017	-0.3479989342720577	0.6268821762314
chr9_mat	21000000	21200000	0.006771699999433994	1.1336283685114912	-0.31146030355383986	0.6507502048790786
chr9_mat	21200000	21400000	0.006370734984898256	0.6051009821724662	0.24901604029842858	0.2897029522694132
chr9_mat	21400000	21600000	0.006124597060924564	-0.14126369019672969	0.6882188551272266	0.11122933625404018
chr9_mat	21600000	21800000	0.006471952748068661	-0.25858146206398963	0.5871039152563452	0.018927173242513688
chr9_mat	21800000	22000000	0.004258614781357906	-0.9424078623846925	-0.4023996614100734	-0.018348267057198917
chr9_mat	22000000	22200000	0.005315568497009802	-0.46635596244995703	0.40017577648147906	-0.12526850168683498
chr9_mat	22200000	22400000	0.006315629029613879	0.07419353079588539	0.5577040887212308	-0.1572068938341455
chr9_mat	22400000	22600000	0.007145590993681626	0.9890186702001882	0.048154232365386	-0.34288835042691473
chr9_mat	22600000	22800000	0.007182340754711527	0.9402121708313432	0.08874416124435963	-0.3361509571136769
chr9_mat	22800000	23000000	0.005231021676449335	-0.41235990227374125	0.42322841868597544	-0.12494885064713031
chr9_mat	23000000	23200000	0.0060089698431683705	0.3211053819424513	0.24126545990652312	-0.2273632294621302
chr9_mat	23200000	23400000	0.006582812279432667	1.1456025535866707	-0.41122884670223564	-0.6253683365134652
chr9_mat	23400000	23600000	0.006787595247324369	1.068115418220208	-0.22429891845209018	-0.6364547430145933
chr9_mat	23600000	23800000	0.007020143572561089	1.0797423788159952	-0.2505987600320855	-0.776498150126595
chr9_mat	23800000	24000000	0.007019664617259395	1.0717529310041327	-0.221900474796473	-0.7912810495897817
chr9_mat	24000000	24200000	0.006467183816921761	1.1149745477452428	-0.23055011023815428	-0.8099083906509287
chr9_mat	24200000	24400000	0.006600846749061588	0.2179711079964433	0.656329705960643	-0.3396149861010692
chr9_mat	24400000	24600000	0.004617937188293574	-0.7332550536544246	0.06937793439412601	-0.13654160309302835
chr9_mat	24600000	24800000	0.004231667779213019	-0.7005397628304223	-0.072037819116772	-0.08345048557600512
chr9_mat	24800000	25000000	0.006490710921589653	-0.11338221684833719	0.6424085176332838	-0.11210088104253078
chr9_mat	25000000	25200000	0.005982353885572453	-0.6326356912005495	0.27402648925054574	-0.11634928402538555
chr9_mat	25200000	25400000	0.006512138366874907	-0.3931824621171651	0.3564546606113762	-0.05412877372602396
chr9_mat	25400000	25600000	0.0062270166812128805	-0.7389604440218379	-0.14962325275109625	-0.04528858553520137
chr9_mat	25600000	25800000	0.005554264466154139	-0.8608167732891591	-0.47312796044908245	0.04615691486220243
chr9_mat	25800000	26000000	0.005419740026885164	-0.5136198476688785	0.026818735806301144	0.0847928279761018
chr9_mat	26000000	26132161	0.013075900149276775	0.006108564829930582	0.41556905817110407	0.11802435262581518
chr10_mat	0	200000				
chr10_mat	200000	400000	0.004126873732019211	-0.8474168911983369	0.0005242799303084468	0.30126318313380485
chr10_mat	400000	600000	0.0053353416608118934	-0.3670878545093691	-0.7189768714625336	0.03660459048644809
chr10_mat	600000	800000	0.0049123633426618185	-0.4530309701763589	-0.4908064406516915	0.020269797750438898
chr10_mat	800000	1000000	0.005229800008784131	-0.20738000449447683	-0.5955024699804524	-0.05895240155991996
chr10_mat	1000000	1200000	0.005864240802264395	-0.039221326425314916	-0.7024391908845831	-0.14194381825732427
chr10_mat	1200000	1400000	0.005583672343248239	-0.13176228278218946	-0.5333962947682529	-0.17089670928547052
chr10_mat	1400000	1600000	0.006024526492710188	0.06587574333389146	-0.25424450245530994	-0.16351535892513064
chr10_mat	1600000	1800000	0.009460764473836153	0.6830407414508262	0.20533909659302763	-0.2764745984546808
chr10_mat	1800000	2000000	0.006772405431598744	-0.573190791438047	0.3914351126102629	0.08379382621835244
chr10_mat	2000000	2200000				
chr10_mat	2200000	2400000	0.005720420798278939	-0.7095270059794186	0.30540475244301024	0.1878534617478095
chr10_mat	2400000	2600000	0.006161471841597176	-0.09600432150636606	0.4452445391813352	0.03947423344550166
chr10_mat	2600000	2800000	0.0060159449792621875	-0.011549581353054781	0.23641784601298918	0.025392052053931892
chr10_mat	2800000	3000000	0.007082989393670803	-0.02174781335430053	-0.15389034416471767	-0.11970331319374723
chr10_mat	3000000	3200000	0.007476220036640401	0.6517156612013034	-0.20083841875689346	-0.26619796292237957
chr10_mat	3200000	3400000	0.004296255099106571	-0.8543477045405126	0.19648620386309676	0.220507701108136
chr10_mat	3400000	3600000	0.006323584231787184	0.41322087384651945	-0.2374571596485602	-0.054118942287915445
chr10_mat	3600000	3800000	0.005191765093436462	-0.5190558599739601	0.00735248993670287	0.13150232980077795
chr10_mat	3800000	4000000	0.005628419568270557	-0.5817013362176424	0.06684906642658042	0.09923662579043725
chr10_mat	4000000	4200000	0.00534114013180398	-0.6368669309804326	-0.04613759835772245	0.11881976732513108
chr10_mat	4200000	4400000	0.004910324716361794	-0.5927787039630127	-0.23843849915194085	0.04012297944782716
chr10_mat	4400000	4600000	0.005074816161112829	-0.6131926660165705	-0.5240093382912384	-0.009566509012849523
chr10_mat	4600000	4800000	0.006495490076455992	0.3695783351270656	-0.6466516580171222	-0.16507560624425435
chr10_mat	4800000	5000000	0.007435180943685046	0.9994191868156398	-0.4483888902032782	-0.2570581897050668
chr10_mat	5000000	5200000	0.005478949051656984	0.002168628588495709	-0.5522571372734852	0.06554275947678387
chr10_mat	5200000	5400000	0.006471873947738008	0.5824106839425411	-0.5112954569490148	-0.04100257908374184
chr10_mat	5400000	5600000	0.005462531184964521	0.07609664158583453	-0.6024592008413981	0.09253596128877146
chr10_mat	5600000	5800000	0.005494543736403848	-0.2473504957046877	-0.5627529853244574	0.1641753832117403
chr10_mat	5800000	6000000	0.0053531066094145595	-0.22781512630540127	-0.5053312368935186	0.2099829777823079
chr10_mat	6000000	6200000	0.005938998767245895	0.06478782659235086	-0.5971774957350716	0.13280261461373555
chr10_mat	6200000	6400000	0.005179073046588547	-0.09709070508826464	-0.6077249721796396	0.11549703380414618
chr10_mat	6400000	6600000	0.006905117941654419	1.0122552303791639	-0.26718125671355414	-0.16680100849848709
chr10_mat	6600000	6800000	0.0067661084924692015	0.8249442427297924	-0.3887792259258517	-0.1689152642600575
chr10_mat	6800000	7000000	0.00392186948128904	-0.7424985417950176	-0.2507401785221352	0.20350996365666363
chr10_mat	7000000	7200000	0.005532221547050799	0.07655581233247018	-0.5798782788394266	0.1397784528235255
chr10_mat	7200000	7400000	0.006422460125197912	0.4402533277924389	-0.6532399919416108	0.20100225262229407
chr10_mat	7400000	7600000	0.004317407408260091	-0.6341977945875543	-0.30313582862268235	0.2591752683678541
chr10_mat	7600000	7800000	0.0045359477859322405	-0.620641276012624	-0.34449697149151454	0.27313317446838115
chr10_mat	7800000	8000000	0.0055041609056159495	-0.0980934753192246	-0.653114084632049	0.20104283254715943
chr10_mat	8000000	8200000	0.005098674185063573	-0.1313699356455912	-0.47896179678938977	0.14561966463633458
chr10_mat	8200000	8400000	0.006531281760891183	0.8891392107113215	-0.4055670990585698	-0.1505770364772644
chr10_mat	8400000	8600000	0.007029162537947148	1.1958577441939442	-0.05138721588889128	-0.25430456446648436
chr10_mat	8600000	8800000	0.005786812541585412	-0.2953934485597259	-0.2608544944672652	0.08314210557365567
chr10_mat	8800000	9000000	0.00590673901765849	-0.0695720995169476	-0.5395176499235522	0.15666497116238903
chr10_mat	9000000	9200000	0.004725022758150291	-0.6742974681521816	-0.3184854820916818	0.2130353894597368
chr10_mat	9200000	9400000	0.005886998271923527	0.09817662220703427	-0.6550961167779749	0.1416636970812657
chr10_mat	9400000	9600000	0.006261780796092918	0.7341846185255695	-0.41096730875199855	-0.049584091756920926
chr10_mat	9600000	9800000	0.006837454643753859	1.213270750494118	0.20190711566787664	-0.349920036627943
chr10_mat	9800000	10000000	0.007205595736150935	1.220823319437296	0.20178175469324586	-0.3896555879112195
chr10_mat	10000000	10200000	0.005930312954326832	0.4220830175353581	-0.37685912332009797	-0.04618994727583851
chr10_mat	10200000	10400000	0.005231123461044811	-0.040462725669840036	-0.6300782118340442	0.19264493013952702
chr10_mat	10400000	10600000	0.004447105294854453	-0.5642100908274507	-0.3930137653570734	0.30649809079146145
chr10_mat	10600000	10800000	0.004938259632720581	-0.4647506199510452	-0.28612966927745265	0.3474924093576955
chr10_mat	10800000	11000000	0.004309682707997135	-0.6773221117098863	-0.2737097707277975	0.281213570763995
chr10_mat	11000000	11200000	0.005875039978126853	0.06389692173657664	-0.48325789810516717	0.2079503392758753
chr10_mat	11200000	11400000	0.005092180483875061	-0.3538226641695741	-0.43264120250914356	0.28270570177139037
chr10_mat	11400000	11600000	0.00478431164270186	-0.4460442389563086	-0.41851623431675355	0.27647137311835346
chr10_mat	11600000	11800000	0.006138243808687928	0.2931538595950238	-0.6379948002289698	0.23967726950263193
chr10_mat	11800000	12000000	0.0064966325590892415	0.3059485409457549	-0.5838010069499585	0.19888305008424992
chr10_mat	12000000	12200000	0.007284255015887677	0.920014106495753	-0.33890639046555304	0.1290379918032019
chr10_mat	12200000	12400000	0.004956153190093843	-0.371418204207518	-0.4415490305756251	0.2239633641418249
chr10_mat	12400000	12600000	0.006573091009534775	0.21640560392637093	-0.590122129666666	0.27760308391022176
chr10_mat	12600000	12800000	0.005324515328069599	-0.3121434866546823	-0.27068985964767706	0.18181316718151586
chr10_mat	12800000	13000000	0.006983963717176706	0.4152033569875542	-0.3785141476008965	0.23863124145486647
chr10_mat	13000000	13200000	0.006236755088484363	-0.48370118510789645	-0.16965581331568494	0.1210310183688905
chr10_mat	13200000	13400000	0.005630652222414978	-0.4251638258339231	-0.08741550092363333	0.22115749445613037
chr10_mat	13400000	13600000	0.007307060614505784	0.31418782839472725	0.20184882235595444	0.27839592338103164
chr10_mat	13600000	13800000	0.007885214099274795	0.9355602552911846	0.5424044450331325	0.3686131951253605
chr10_mat	13800000	14000000	0.007376601139319003	1.013674645281133	0.25528056310063274	0.4121548264648827
chr10_mat	14000000	14200000	0.007138113703154402	0.6307731320698424	-0.17954982917804996	0.42628325787885846
chr10_mat	14200000	14400000	0.005586636705243926	-0.14068409083524894	-0.39184873032181944	0.3071856889291961
chr10_mat	14400000	14600000	0.006909314425921868	0.7101420120317378	-0.08017739716647668	0.41951969469561706
chr10_mat	14600000	14800000	0.007375886388817396	0.6585294992239954	-0.04428342088849627	0.49175926798793934
chr10_mat	14800000	15000000	0.005564892175973161	-0.5226914487085242	-0.1380211206798969	0.2647097569793346
chr10_mat	15000000	15200000	0.006589921735731893	0.28414139649019193	-0.0794111746124654	0.47858198440309235
chr10_mat	15200000	15400000	0.007186723323758824	0.8910407012711301	0.1069505634716084	0.6047039671246975
chr10_mat	15400000	15600000	0.007124816660331792	0.9206490790561556	0.19705361062769206	0.7357994839506711
chr10_mat	15600000	15800000	0.006856602229381808	0.9421542243282057	0.2267697728404861	0.8339303357223117
chr10_mat	15800000	16000000	0.006990785185218605	0.9963373656414026	0.24173453802175515	0.8543388655467091
chr10_mat	16000000	16200000	0.006907306609952332	0.963393794064254	0.17321465737241723	0.7977292468583274
chr10_mat	16200000	16400000	0.007109763973931033	0.7832403206053555	-0.015875996087117324	0.6221864398568683
chr10_mat	16400000	16600000	0.006731582245830451	1.0653493752414207	0.22079261342938813	0.7054563291983577
chr10_mat	16600000	16800000	0.006953359701260738	1.1426665252217294	0.26030145894435136	0.5413483074580939
chr10_mat	16800000	17000000	0.006103871560152075	0.33062767104888635	-0.39142271729801537	0.2083459330634834
chr10_mat	17000000	17200000	0.006896075848102461	0.7373857977590029	-0.29379769279638007	0.22804196716466013
chr10_mat	17200000	17400000	0.004908584344476319	-0.4273677458333754	-0.21221788877097414	0.22416754084756357
chr10_mat	17400000	17600000	0.004466309033831133	-0.7487060566013894	-0.2155406994152059	0.2292368420143315
chr10_mat	17600000	17800000	0.006078898183652519	0.06872661579387844	-0.35311218402895106	0.2382465312293094
chr10_mat	17800000	18000000	0.006199222227427741	0.1937750346983562	-0.29657056321871395	0.2118871861459834
chr10_mat	18000000	18200000	0.00582142854393874	-0.18545025075858385	-0.15128233992974935	0.21717488816331912
chr10_mat	18200000	18400000	0.005236967952071077	-0.31928265632089764	-0.058876627313340604	0.20547026992876047
chr10_mat	18400000	18600000	0.005961415396997523	-0.0694354895174248	-0.11070664460413668	0.12570307849738419
chr10_mat	18600000	18800000	0.005326076378128053	-0.3776421849133375	-0.3710898090980374	0.18560513361223951
chr10_mat	18800000	19000000	0.006094261411495169	0.49301056672768195	-0.35948287968299264	0.04115758231182363
chr10_mat	19000000	19200000	0.005435135472464663	-0.37282215382311706	-0.28427498184571304	0.15207094510183192
chr10_mat	19200000	19400000	0.006081639418125536	-0.47453672939612257	0.011680140525143953	0.25115028248609034
chr10_mat	19400000	19600000	0.006059149241067082	-0.253886177105142	-0.2718082359281595	0.14674085654871466
chr10_mat	19600000	19800000	0.005012430555582248	-0.7368961172796912	0.2409009742083231	0.2993207154431541
chr10_mat	19800000	20000000	0.004236681401895991	-0.5000813928033953	0.20506872577329824	0.30353100127532234
chr10_mat	20000000	20200000	0.006418664243111146	-0.6003206443129049	0.41585098952382593	0.4878212205008793
chr10_mat	20200000	20400000	0.0057882979560497086	-0.6745197770959209	0.4854075390675014	0.6134479915135356
chr10_mat	20400000	20600000	0.006459715433069735	-0.6979568426306345	0.6046696051943693	0.6608609211757382
chr10_mat	20600000	20800000	0.00577130608233583	-0.537133628489046	0.45917781197086666	0.6620086848440042
chr10_mat	20800000	20920522	0.010792685406557617	-0.49610108756025045	0.4651331309249731	0.7256532369179821
chr11_mat	0	200000	0.006499147177546041	0.9466198773209178	0.04232994263823408	-0.5716752214328771
chr11_mat	200000	400000	0.0061146766818637776	0.34992403951316214	-0.6489643154217306	-0.30959821081793426
chr11_mat	400000	600000	0.006653234797611295	0.8984022023338593	-0.14701398691525017	-0.452346792316605
chr11_mat	600000	800000	0.006224685770405151	0.9848929133055656	0.1032583674776783	-0.49074492222811134
chr11_mat	800000	1000000	0.006423583707061132	0.9661760990860003	0.04212993341825069	-0.3885712729625319
chr11_mat	1000000	1200000	0.006443841083005213	0.873013861464739	-0.06014093070219266	-0.19875047013573685
chr11_mat	1200000	1400000	0.006053561589527489	0.45906988232803964	-0.5381030775321504	-0.09145039544313441
chr11_mat	1400000	1600000	0.004071837043599372	-0.6655624261608021	-0.6611596433359502	0.026480779967438035
chr11_mat	1600000	1800000	0.005594062356596408	-0.014165346415872073	-0.7262001848424342	0.08141705880827221
chr11_mat	1800000	2000000	0.006897337876774662	0.7854576137177006	-0.17771511364701706	0.1421726119986503
chr11_mat	2000000	2200000	0.006814652975828528	0.9072131114821944	-0.015946222331697887	0.10501221100561989
chr11_mat	2200000	2400000	0.007063568472083977	0.9682370967576768	0.05447290673295775	0.21674736935474426
chr11_mat	2400000	2600000	0.006821106875372016	1.0646815620410417	0.10305009157032663	0.22704347889513138
chr11_mat	2600000	2800000	0.007479331762494486	1.0041808766397464	-0.09037099780481701	0.24210290839729345
chr11_mat	2800000	3000000	0.006485853865315721	0.6497561005752244	-0.5691081976045728	0.23930760280269775
chr11_mat	3000000	3200000	0.004153259164601014	-0.7099931354946023	-0.5099246248791155	0.08813274353962836
chr11_mat	3200000	3400000	0.005661044131608201	0.04493148053315587	-0.859875452566751	0.16234335601529792
chr11_mat	3400000	3600000	0.0058548562730522495	-0.027046871906138442	-0.788829257704742	0.1536193066134774
chr11_mat	3600000	3800000	0.004532785899967845	-0.7119070917324894	-0.21394556028700754	0.05319260460389162
chr11_mat	3800000	4000000	0.005677573595229098	-0.4576201082758387	-0.5759364012551401	0.04960911027844585
chr11_mat	4000000	4200000	0.005444871501190518	-0.21444733941132754	-0.27058186402984435	0.02630965935225144
chr11_mat	4200000	4400000	0.005312868444591189	-0.5358959439967732	-0.23267220214673476	0.035073037491987195
chr11_mat	4400000	4600000	0.00475047890580104	-0.7554347997289806	0.11881593144968455	-0.017045300144316808
chr11_mat	4600000	4800000	0.0047314439267337124	-0.7923028016345972	0.20770902343238798	-0.011523568946348216
chr11_mat	4800000	5000000	0.005270477062029528	-0.5123280382404284	-0.0842480860657252	-0.05118855457698478
chr11_mat	5000000	5200000	0.005823765177983725	-0.5078745738422384	0.09784074248788271	-0.02670636449144574
chr11_mat	5200000	5400000	0.005568490909736214	-0.6903140282749406	0.2766294881194703	-0.022836269597123243
chr11_mat	5400000	5600000	0.0047458187805974284	-0.8517726639620028	0.6149917829980119	-0.03025685822611068
chr11_mat	5600000	5800000	0.004427965894618503	-0.8775571132812189	0.7413324239339483	-0.054771259978868454
chr11_mat	5800000	6000000	0.0056874897338519	-0.8085768018308596	0.4152534731608909	-0.08827505224067578
chr11_mat	6000000	6200000	0.004704443114532307	-0.8522012212251006	0.1750578049454868	-0.06660773254627765
chr11_mat	6200000	6400000	0.006441759176889757	0.3745386451612798	-0.5081656691415888	-0.23253441761246096
chr11_mat	6400000	6600000	0.0070820720504906195	1.0365129790905732	-0.11452162595258272	-0.42539083077918494
chr11_mat	6600000	6800000	0.006863130985787705	0.8189512628456912	-0.15252388405200257	-0.29705058469258555
chr11_mat	6800000	7000000	0.006821911887935286	0.6821757964639639	-0.15179931701128413	-0.269736008377365
chr11_mat	7000000	7200000	0.006406449027144727	1.045475587808864	0.04386965513188557	-0.34205356483412813
chr11_mat	7200000	7400000	0.005954099010814591	0.7006232788426193	-0.2289125388032564	-0.21610311397281814
chr11_mat	7400000	7600000	0.0055069543949998745	0.17096063145936127	-0.591906641971672	-0.06913726886269592
chr11_mat	7600000	7800000	0.004868802748204983	-0.38317112077873505	-0.5785935983107149	-0.08284012631606269
chr11_mat	7800000	8000000	0.00581700173209348	-0.09965149474961893	-0.49037134719276837	-0.07386217927841446
chr11_mat	8000000	8200000	0.005634726731225386	-0.20423735002674864	-0.6078438220007838	-0.051456989950418766
chr11_mat	8200000	8400000	0.00681533326630885	0.9576322346169442	-0.08417670468328431	-0.028716041388289773
chr11_mat	8400000	8600000	0.006520678374042087	1.2577559051354812	0.15779112818805394	-0.08015828134608796
chr11_mat	8600000	8800000	0.007073929263190561	1.1288723925436355	0.08925532153241637	0.034924628303976316
chr11_mat	8800000	9000000	0.0060518074359781565	0.08809861010072316	-0.6305800813221395	0.05693210698061965
chr11_mat	9000000	9200000	0.006104252216393583	-0.017886742934754396	-0.5841345035538252	0.10256082280178139
chr11_mat	9200000	9400000	0.005775817833084097	-0.20382732562220834	-0.46808799903745807	0.18442366818900355
chr11_mat	9400000	9600000	0.0064624808252255125	0.43340488681152717	-0.2929560807782274	0.3630474944039146
chr11_mat	9600000	9800000	0.007575696139809954	0.804497737301216	-0.09393933599708977	0.45351702215351175
chr11_mat	9800000	10000000	0.0062745149066587794	0.03836624059634266	-0.1891405916897495	0.2786574973175575
chr11_mat	10000000	10200000	0.005624045672447997	-0.7215061618592125	0.24231186052076054	0.13480404240497795
chr11_mat	10200000	10400000	0.006256427619195005	-0.7339118631076612	0.16041753187664298	0.1023409332595022
chr11_mat	10400000	10600000	0.0049795984221136244	-0.8243071400843494	0.41565157214487386	0.045017875626114846
chr11_mat	10600000	10800000	0.005234587517130832	-0.6806287638359916	0.3852153072666912	0.031702848106453935
chr11_mat	10800000	11000000	0.005329105723693936	-0.7504552373651132	0.49016077415058795	0.04981948455302551
chr11_mat	11000000	11200000	0.006244890810230955	-0.8498312852868423	0.6925842965033883	0.019586552496066313
chr11_mat	11200000	11400000	0.0045986741383766405	-0.8078504461053575	0.8516832378522674	-0.023932129734854445
chr11_mat	11400000	11600000	0.005848690623521084	-0.871732327295809	0.6650749361275358	0.0004026846138082215
chr11_mat	11600000	11800000	0.005191933232334875	-0.6611571849366406	0.15135470211445745	-0.019383074117071762
chr11_mat	11800000	12000000	0.007819019323571747	0.27065648112636875	-0.4363197578140187	0.0547103032676163
chr11_mat	12000000	12200000	0.00694659307403858	-0.3135639433712104	-0.3188378139322166	-0.032859976404687186
chr11_mat	12200000	12400000	0.004287844186533522	-0.7945381348773901	0.07607461047123489	-0.06621659179424882
chr11_mat	12400000	12600000	0.004221263366890603	-0.6979055736377617	-0.30244870978825694	-0.08734610042398862
chr11_mat	12600000	12800000	0.005226454130881132	-0.5408542558098581	-0.5910637036594832	-0.05580858976145523
chr11_mat	12800000	13000000	0.006026085464264621	-0.020572407169034846	-0.6354464045210412	-0.10968053026103158
chr11_mat	13000000	13200000	0.007002820063352911	0.907887304187974	-0.5549009180670949	-0.16929518758220594
chr11_mat	13200000	13400000	0.0052297178456346466	0.085251746869185	-0.5868015613944433	-0.14285081309897793
chr11_mat	13400000	13600000	0.004561461154093225	-0.45472991636679877	-0.555472696978375	-0.10090429643922895
chr11_mat	13600000	13800000	0.004579098128054212	-0.672370398835544	-0.2988970803647242	-0.08618453660187207
chr11_mat	13800000	14000000	0.005033374506588095	-0.426730575976637	-0.6151581511407485	-0.0824065716140684
chr11_mat	14000000	14200000	0.006168650014110941	0.3513095887397608	-0.6205751336411481	-0.11902525379978333
chr11_mat	14200000	14400000	0.0062205426891660965	-0.04177697727982749	-0.568933525970459	-0.11995572866133125
chr11_mat	14400000	14600000	0.006293048211668236	-0.24174417353540817	-0.7658117770491437	-0.08769264059310385
chr11_mat	14600000	14800000	0.006704832263352694	0.8132212683405468	-0.24476368918761154	-0.10609894812335018
chr11_mat	14800000	15000000	0.0068360639790009375	1.0822959930686447	0.09533958343639481	-0.08081392303688854
chr11_mat	15000000	15200000	0.007109652991854927	0.8805455094729404	0.03900146885827473	0.021880670443048547
chr11_mat	15200000	15400000	0.007413849440723189	0.9929679304413397	0.15895303278685732	0.14553017838934157
chr11_mat	15400000	15600000	0.006592451811457815	1.0693292128043044	0.1969003284989657	0.23503580244434144
chr11_mat	15600000	15800000	0.0067084614677431365	1.0380267326804207	0.014160645545859607	0.2568721712011445
chr11_mat	15800000	16000000	0.005420242155251906	-0.13980955023768712	-0.7857053721549533	0.15557319013883683
chr11_mat	16000000	16200000	0.0052045131157572	-0.288416931980544	-0.6078081183180284	0.18643912177887637
chr11_mat	16200000	16400000	0.008149554609748528	0.9501525867791607	0.04448853550499569	0.5866105333169774
chr11_mat	16400000	16600000	0.006880756428656047	0.2817602243932902	-0.41860284938739234	0.39612404541665613
chr11_mat	16600000	16800000	0.00697945135938351	0.9687927441519921	0.021258924162535074	0.7049636802532526
chr11_mat	16800000	17000000	0.007383191029171817	1.02945401344558	0.23981776469954857	0.8947826679601781
chr11_mat	17000000	17200000	0.009270328332514902	1.0727642287653913	0.3672911726677354	0.9850439967570633
chr11_mat	17200000	17400000	0.008644362605158976	1.1227697269991268	0.34976928779206307	1.024778630872654
chr11_mat	17400000	17600000	0.007137347801716212	1.124045906894763	0.35236356962283977	1.028928896284407
chr11_mat	17600000	17800000	0.0074493866994721014	1.129140110369366	0.37948660848276283	0.9111934060035315
chr11_mat	17800000	18000000	0.0074650375501433795	1.115334978734859	0.2694865220192416	0.7938385024787656
chr11_mat	18000000	18200000	0.005407086538283602	-0.1260840408000906	-0.3798502375960769	0.09658860472402561
chr11_mat	18200000	18400000	0.0070981222030350975	0.5229624997755529	-0.41810250507313557	0.20586346828166574
chr11_mat	18400000	18600000	0.006696018605776016	0.10240562580283043	-0.5789115649221597	0.05270782497587248
chr11_mat	18600000	18800000	0.006873462367423484	0.7098897355874824	-0.2839505975341954	0.022001280684522877
chr11_mat	18800000	19000000	0.006595984358973129	0.20522379781537947	-0.4250808558722649	-0.04466202792052392
chr11_mat	19000000	19200000	0.004647647652434678	-0.8033616439120715	-0.04819085707273193	-0.07335087041803388
chr11_mat	19200000	19400000	0.006534128219253896	-0.0692843265677229	-0.4521552830124715	-0.11292789287667594
chr11_mat	19400000	19600000	0.005888844265725774	-0.23656663490801427	-0.5511849111044522	-0.16923414582850035
chr11_mat	19600000	19800000	0.00875818077057935	0.04848076695175475	-0.3743281844739224	-0.25289605794007897
chr11_mat	19800000	20000000	0.005697931817304658	-0.37959594818331716	-0.4363610639467053	-0.16117993630671984
chr11_mat	20000000	20200000	0.008282076403855747	0.911702014459427	-0.07145331275689924	-0.7093160439403761
chr11_mat	20200000	20400000	0.008196120157611805	1.1180375304650283	0.3011077254179546	-0.9165647169008811
chr11_mat	20400000	20600000	0.008391456587377676	1.0435209720565277	0.37885062545924353	-1.0316084204934188
chr11_mat	20600000	20800000	0.00757099789723538	0.9607411347839608	0.36594864619562034	-1.068274123957716
chr11_mat	20800000	21000000	0.007825030358885382	1.0569542312210753	0.46871765203041466	-1.2085133159909587
chr11_mat	21000000	21200000	0.009216771063303484	1.0429221486996296	0.474813467302645	-1.0517023277835067
chr11_mat	21200000	21400000				
chr11_mat	21400000	21600000				
chr11_mat	21600000	21676805				
chr12_mat	0	200000	0.006754600274840161	-0.359983111363966	0.10508958492583707	-0.4768444529834091
chr12_mat	200000	400000	0.004804399813570087	-0.6628170201972299	-0.2154199610507952	-0.4121480234201209
chr12_mat	400000	600000	0.004877986516118901	-0.8547489270121716	-0.37925973090064835	-0.32566612298574965
chr12_mat	600000	800000	0.007779255263842531	-0.21541310556456944	0.4062575873958584	-0.17791386902114542
chr12_mat	800000	1000000	0.007503328939436308	-0.37798602104927026	0.33927091881136284	-0.10336586013754631
chr12_mat	1000000	1200000	0.006455443878351374	-0.30176549889446225	0.2018018551281406	-0.15673245326523882
chr12_mat	1200000	1400000	0.006709854654831471	-0.23894979542108827	0.49262421696273495	-0.17983077532372338
chr12_mat	1400000	1600000	0.006998409691077379	0.2432261197171339	0.3215380601398076	-0.18843339724891922
chr12_mat	1600000	1800000	0.0064141209958869265	0.014003462492999524	0.41696490754539156	-0.22032002253552369
chr12_mat	1800000	2000000	0.007845328893920483	0.9250276045751978	-0.1797721725686435	-0.6186405568672468
chr12_mat	2000000	2200000	0.00749298726495258	0.911285061492345	-0.4174272188218057	-0.7743398616555275
chr12_mat	2200000	2400000	0.007232502465488506	0.9490737272870942	-0.33046174107858783	-0.8510978469437498
chr12_mat	2400000	2600000	0.007414339545343298	0.9358605636062824	-0.36635452744327696	-0.8810687249421006
chr12_mat	2600000	2800000	0.007450879566008737	0.9688517401912694	-0.42607844585729254	-0.9064124320878606
chr12_mat	2800000	3000000	0.008082496956354204	0.9823178600814197	-0.37583970207681716	-0.7405675209196424
chr12_mat	3000000	3200000	0.007974528104554412	0.9875254992360968	-0.14115187633851564	-0.5973385710280331
chr12_mat	3200000	3400000	0.005060506185984885	-0.21349344807321882	0.10756803799909816	-0.23209980822942172
chr12_mat	3400000	3600000	0.006697600957011507	-0.05993201297637203	0.5441761274988623	-0.2944567806697776
chr12_mat	3600000	3800000	0.006344217134074791	-0.12022120932614522	0.3625366829260497	-0.22676178077894601
chr12_mat	3800000	4000000	0.006013635721932111	-0.3035714489604205	0.46937888747779916	-0.2100464162412771
chr12_mat	4000000	4200000	0.006306225835745444	0.2214371995276895	0.38814924869071166	-0.18008559790915266
chr12_mat	4200000	4400000	0.007114513289699377	0.9683820839641505	0.2227676838165057	-0.09823365174140063
chr12_mat	4400000	4600000	0.00462818377242511	-0.7142580412314206	0.02337308940385508	-0.10515843323535766
chr12_mat	4600000	4800000	0.006021734933014924	-0.25122761204696	0.5058637319762312	-0.05090938741045808
chr12_mat	4800000	5000000	0.0073299272715018	1.0150857447417077	0.06200429193306592	0.035397716961566704
chr12_mat	5000000	5200000	0.007616271259451949	1.1496464383805425	-0.1731394967964157	0.04802987394772626
chr12_mat	5200000	5400000	0.006692570173001299	0.42380330599280874	0.4436790754751085	-0.24777241862741836
chr12_mat	5400000	5600000	0.006116692184286704	-0.3856164001083254	0.24078502990015238	-0.22998088374774625
chr12_mat	5600000	5800000	0.005687300600816613	-0.3648210418167456	0.441547838288326	-0.27971676591140826
chr12_mat	5800000	6000000	0.006998348362777305	0.7358829072788382	0.25032147519854814	-0.09187366681887048
chr12_mat	6000000	6200000	0.007629836635222139	1.1651705005271158	-0.34876143169684526	0.1395892263247869
chr12_mat	6200000	6400000	0.007765593229261846	1.0551815924455905	-0.0970586901648719	-0.0356235632675861
chr12_mat	6400000	6600000	0.007009536643925027	0.13008915932561183	0.5277400432989188	-0.23043313910445648
chr12_mat	6600000	6800000	0.0048070765429608035	-0.672309262638813	0.0057152905561283895	-0.12051787480810038
chr12_mat	6800000	7000000	0.007981352531997813	0.9648035084297876	-0.10420858170171773	-0.10492819886691965
chr12_mat	7000000	7200000	0.008110078293042871	0.8707301105406381	0.0922924541786552	-0.16194070163771265
chr12_mat	7200000	7400000	0.006378424233220023	0.33245762318160355	0.5430169528560901	-0.2234749143552097
chr12_mat	7400000	7600000	0.00676472382110539	0.39102003378722183	0.409668648715997	-0.40233808093361323
chr12_mat	7600000	7800000	0.005373482076640987	-0.4069521633804945	0.39623553220510965	-0.2155596656132407
chr12_mat	7800000	8000000	0.007228188492946921	0.5133208772594802	0.38901026586824644	-0.28302639992879586
chr12_mat	8000000	8200000	0.007412813249044162	0.8671035418830844	0.2450786120375689	0.0253946450471102
chr12_mat	8200000	8400000	0.0073727720402690725	0.9645582837728428	0.16537322071322566	0.13738961047164952
chr12_mat	8400000	8600000	0.006052742867480561	0.23034505584534876	0.3549845650972436	0.04443186585142664
chr12_mat	8600000	8800000	0.004319221041883736	-0.7888121250096095	-0.16884664578862524	-0.2586231385653139
chr12_mat	8800000	9000000	0.004911839443600871	-0.8322660139047157	-0.38084197240753387	-0.35631597104658014
chr12_mat	9000000	9200000	0.004982712474770438	-0.6437254398353136	-0.06161172501460543	-0.29331564625573225
chr12_mat	9200000	9400000	0.005798863756145382	-0.27036267347394943	0.24523092772087837	-0.14677044710541848
chr12_mat	9400000	9600000	0.005237226458124158	-0.5922434795974517	-0.06648861623284817	-0.24290456867841004
chr12_mat	9600000	9800000	0.005361681533204045	-0.4656695214817647	0.3496770904704307	-0.13957460928537663
chr12_mat	9800000	10000000	0.006123867965349581	0.03861713270514591	0.5586094684438623	-0.1086004305956426
chr12_mat	10000000	10200000	0.0045143991972135976	-0.7069087329211876	0.025091375491261145	-0.2699360134157108
chr12_mat	10200000	10400000	0.007234257683923216	0.5549220575409131	0.4480520070627644	-0.08381034340044612
chr12_mat	10400000	10600000	0.007476576108146744	0.6614919148076109	0.37210596409767593	0.05422327416793569
chr12_mat	10600000	10800000	0.006622830827797555	-0.12490306862996449	0.5139240718814132	-0.19785799004494953
chr12_mat	10800000	11000000	0.00468755202911487	-0.662610135615367	0.06431303591764007	-0.2282300772009906
chr12_mat	11000000	11200000	0.005316453001107842	-0.22817553392620343	0.3834915696367925	-0.22131596662552325
chr12_mat	11200000	11400000	0.006618268162937358	0.13961150834711492	0.4688224727195068	-0.1294202124646174
chr12_mat	11400000	11600000	0.005296656350440229	-0.6953748297583219	-0.11455263355064531	-0.3043173406501777
chr12_mat	11600000	11800000	0.005583150238326861	-0.7041936142528473	-0.10149720063144778	-0.3767684892308513
chr12_mat	11800000	12000000	0.00512379847453868	-0.6077186876255134	0.0009503819442076728	-0.33060568902493653
chr12_mat	12000000	12200000	0.0042030777423975796	-0.5862048497843179	-0.08059897945374307	-0.3343377514445379
chr12_mat	12200000	12400000	0.0052922105823539145	-0.08690658611173846	0.5667625746685475	-0.2186843644793979
chr12_mat	12400000	12600000	0.006721887570358519	0.823946131830274	0.24484200003892378	-0.24224606555281974
chr12_mat	12600000	12800000	0.006624792171827971	1.1350020590246934	-0.21134965458940622	-0.047332599082507
chr12_mat	12800000	13000000	0.00720877200223301	1.0630607490105386	-0.0674529186257832	-0.09337398883536022
chr12_mat	13000000	13200000	0.006686732393628535	1.0968921093595612	-0.10701643937547899	-0.04311751412562108
chr12_mat	13200000	13400000	0.006855411958018453	1.002286452165252	0.0695537700363334	-0.13908085503850257
chr12_mat	13400000	13600000	0.0056117294144890075	0.18925234656814435	0.604341249547298	-0.12218210160539035
chr12_mat	13600000	13800000	0.004944013365858493	-0.3543600798722339	0.30538589178152936	-0.20398593563891856
chr12_mat	13800000	14000000	0.004583449167289457	-0.8370439053364407	-0.44703540968619465	-0.42805204034645183
chr12_mat	14000000	14200000	0.005960405092910244	-0.5963244941091578	-0.16863056319005418	-0.37221417257051176
chr12_mat	14200000	14400000	0.005659438146053028	-0.4496312826433813	0.07276578825565472	-0.2810401147463388
chr12_mat	14400000	14600000	0.005589430373602033	-0.4893247358455951	0.010380034128935242	-0.37713339464318446
chr12_mat	14600000	14800000	0.006031237611391345	-0.13911324353009946	0.13187166149302118	-0.22767256142807094
chr12_mat	14800000	15000000	0.004629520006840378	-0.6175880962969588	-0.06967801179227358	-0.31452545055607867
chr12_mat	15000000	15200000	0.005296859613827418	-0.530144118255482	0.09055858426907094	-0.2915724489167872
chr12_mat	15200000	15400000	0.00695669765132077	0.1448739005829812	0.5048667313461874	-0.19435110532229746
chr12_mat	15400000	15600000	0.004937284244676556	-0.41380072913744	0.31100697984133785	-0.23011144546135615
chr12_mat	15600000	15800000	0.0047268432751408395	-0.7792958377252261	-0.26562837012842455	-0.29154412774456984
chr12_mat	15800000	16000000	0.0054325333835694625	-0.5401292629242088	0.12442814262311658	-0.20455228044273804
chr12_mat	16000000	16200000	0.004482036292000698	-0.6592046482183167	-0.021430102523029335	-0.23090543739872457
chr12_mat	16200000	16400000	0.007259671596833127	0.8580846106799959	0.505078344595087	0.0457956736733359
chr12_mat	16400000	16600000	0.00453101428051623	-0.5609926279965155	0.08072346391496177	-0.19122468872509019
chr12_mat	16600000	16800000	0.007203438124143448	0.7352294748235452	0.35027581753433307	-0.09672278145806729
chr12_mat	16800000	17000000	0.0061502815633889965	-0.43566354221919157	0.32409841487503527	-0.12981321734470272
chr12_mat	17000000	17200000	0.008078909723977967	0.347205797778929	0.6813474775701354	-0.12097603985465004
chr12_mat	17200000	17400000	0.007781386088693303	-0.4935410183247838	0.5377742667191	4.091604626425717e-05
chr12_mat	17400000	17600000	0.007323804501028277	0.9439897686433094	0.14161666878664078	-0.02059510543513096
chr12_mat	17600000	17800000	0.007701648156445543	1.2077554513401005	-0.29423607584050476	0.17570947781051802
chr12_mat	17800000	18000000	0.00779738509777534	1.1330488179622806	-0.19105356338680776	0.029114499214179572
chr12_mat	18000000	18200000	0.007171063283856544	0.7671596801741766	0.35436222730277644	-0.016976981155018354
chr12_mat	18200000	18400000	0.005312493719682579	-0.37765713400022927	0.5814439411233173	-0.029854274161651134
chr12_mat	18400000	18600000	0.007570831490157449	0.6100181935878587	0.49759140407449753	-0.05343013461410876
chr12_mat	18600000	18800000	0.0055412499964005825	-0.20441293769046798	0.3475011974292744	-0.04399120043039761
chr12_mat	18800000	19000000	0.005221119064432034	-0.6413580379497911	0.10995919783710845	-0.10962593986793613
chr12_mat	19000000	19200000	0.00651195037435935	0.07383345567681318	0.5018009090026126	0.02667678458200682
chr12_mat	19200000	19400000	0.008306381970605686	0.18838119095404082	0.5033547043405358	0.16262354439760732
chr12_mat	19400000	19600000	0.007657754253607517	0.6547408803311029	0.43581230580929947	0.34463086046552693
chr12_mat	19600000	19800000	0.0062024254663580955	0.09839613057983591	0.47958092151595816	0.32646762953229896
chr12_mat	19800000	20000000	0.005519657324716882	-0.15898834934391556	0.34391466868104625	0.17723656187932627
chr12_mat	20000000	20200000	0.005968155513384401	-0.23985901289710426	0.36766189048446646	0.1182356490941379
chr12_mat	20200000	20400000	0.004872816782602222	-0.6849312355597845	-0.08647007479240565	-0.0740216107601026
chr12_mat	20400000	20600000	0.006374577257050279	-0.25992164218408875	0.2805476574372737	-0.13510068893395516
chr12_mat	20600000	20800000				
chr12_mat	20800000	20824288				
chr13_mat	0	200000	0.004651667745132588	-0.5591332341873652	-0.5748597910514899	-0.8320272058716353
chr13_mat	200000	400000	0.005579095225269276	-0.5368767959619855	-0.4061505812122479	-0.67933720157834
chr13_mat	400000	600000	0.005836607506876016	-0.4779231490892698	-0.1874639390278181	-0.5113062527465084
chr13_mat	600000	800000	0.0043781548490266714	-0.8023154720192514	-0.45217761010629826	-0.3647844601390656
chr13_mat	800000	1000000	0.0060763716137204535	-0.07193057396793126	0.27482461791920215	-0.11564303041874562
chr13_mat	1000000	1200000	0.0073662205298024065	1.0235195778200765	0.27553119581204455	0.07195137752861086
chr13_mat	1200000	1400000	0.005818849270486617	0.027845149127289054	0.42442132935350674	-0.08548997602283148
chr13_mat	1400000	1600000	0.005098623048604694	-0.6019935698439244	0.15926785974331822	-0.1964126498619834
chr13_mat	1600000	1800000	0.004266768807307077	-0.8563765211816102	-0.056327951914438304	-0.20602573938112623
chr13_mat	1800000	2000000	0.006831686750869617	0.1977691365364171	0.6341899500319154	-0.0006624610669050941
chr13_mat	2000000	2200000	0.00672694114220717	0.3013220949493169	0.6566347697003888	0.0031649248980346214
chr13_mat	2200000	2400000	0.006706649128389451	0.20943215132103968	0.6555544108731864	0.05077226623544808
chr13_mat	2400000	2600000	0.006484989999149136	0.5985661980688154	0.2947389101855328	0.23921369501922313
chr13_mat	2600000	2800000	0.006969880811413842	1.2788299993638506	-0.1257284849829388	0.5206662722538145
chr13_mat	2800000	3000000	0.007482280728000531	1.175216511867309	0.012228770578164534	0.37598346098597024
chr13_mat	3000000	3200000	0.0061627471439719235	-0.11768832435009384	0.44172404811722515	-0.13486527211840654
chr13_mat	3200000	3400000	0.005044490783398397	-0.6332558330639293	-0.09521712277096583	-0.32797332887769653
chr13_mat	3400000	3600000	0.006361451568062759	0.06501554742660887	0.3464629489690441	-0.24745170125401786
chr13_mat	3600000	3800000	0.005274114084066766	-0.3251620502305179	0.2841658493234652	-0.20133633232522116
chr13_mat	3800000	4000000	0.00697088412529541	0.6115805698638613	0.4015852335152811	-0.14335593973024402
chr13_mat	4000000	4200000	0.004516556373318889	-0.6862825563762572	-0.044741031730906204	-0.26681326496928254
chr13_mat	4200000	4400000	0.004607545651950705	-0.7316036427153142	0.019898524854415338	-0.21957331410352024
chr13_mat	4400000	4600000	0.006607279469522128	-0.3088441985969967	0.7394997054540426	-0.14607265425841276
chr13_mat	4600000	4800000	0.005322566416909574	-0.8590474958038709	0.036175334807571034	-0.1652493907447397
chr13_mat	4800000	5000000	0.005703651607245576	-0.2884470836798655	0.6321930134054133	-0.17011213155790866
chr13_mat	5000000	5200000	0.007659833180554377	0.8370925400083378	0.4507218385116902	-0.09639495528821747
chr13_mat	5200000	5400000	0.007772251249704474	1.1267688249332342	0.1206855459288984	-0.13465142765051902
chr13_mat	5400000	5600000	0.006859709765780527	0.18770469906517812	0.5056134891097387	-0.2350455540928745
chr13_mat	5600000	5800000	0.005856656477223681	-0.6329450578586531	0.2804581276865285	-0.19749801314481955
chr13_mat	5800000	6000000	0.005551498468462926	-0.3169681248828634	0.2530963165891809	-0.2355711327732694
chr13_mat	6000000	6200000	0.007532342788662707	1.0273304740455684	0.18640057023186896	-0.14452276013367607
chr13_mat	6200000	6400000	0.007472395852086144	1.0373493848511957	0.2004782752784238	-0.10196312710369533
chr13_mat	6400000	6600000	0.006564328767140484	0.005920492191492864	0.5821286889319917	-0.22351126527885298
chr13_mat	6600000	6800000	0.005456766732914906	-0.09417615842084792	0.3610290158288589	-0.19920524102848128
chr13_mat	6800000	7000000	0.007357125054178101	1.0420024427535055	0.05433430849575225	0.09623423923377256
chr13_mat	7000000	7200000	0.007400913510362152	0.877740379953076	0.26766608370395667	0.018114209501825462
chr13_mat	7200000	7400000	0.005105543898014983	-0.5654893715104119	0.31461479839439316	-0.17449267261357665
chr13_mat	7400000	7600000	0.005799216431630621	-0.6397352118454116	0.18674220539019182	-0.2127105333991325
chr13_mat	7600000	7800000	0.004871732146627445	-0.8899400474169059	-0.27783663378840556	-0.29733377634418573
chr13_mat	7800000	8000000	0.005828111473264497	-0.42284024416598076	0.382949483444017	-0.1033021542380518
chr13_mat	8000000	8200000	0.0076687454250413695	0.9134515289462828	0.3864754078199177	0.1906681523444084
chr13_mat	8200000	8400000	0.007506136200680772	0.7529486164218929	0.5772303575468107	0.04951647325387601
chr13_mat	8400000	8600000	0.005362037238490482	-0.5387305162994229	0.31874591480122627	-0.1468762436637306
chr13_mat	8600000	8800000	0.006239826337365678	-0.3853974954148912	0.575757785798314	-0.16829020900583735
chr13_mat	8800000	9000000	0.00501023548622769	-0.7194429250558912	0.026333163071941116	-0.21430911674001324
chr13_mat	9000000	9200000	0.006629437739549882	-0.5488939658479408	0.24918596491123943	-0.23313946804662963
chr13_mat	9200000	9400000	0.008657389062526402	-0.1825876057939859	0.7780371659077994	-0.17721191262198438
chr13_mat	9400000	9600000	0.007172288181764667	-0.7777195645736674	-0.02463728462789836	-0.3319728980475504
chr13_mat	9600000	9800000	0.00582504067749768	-0.6921586637411478	0.0707643112783324	-0.302516362339044
chr13_mat	9800000	10000000	0.004669590702026821	-0.7328255556047524	-0.14797401387394626	-0.3787148809244691
chr13_mat	10000000	10200000	0.00554688703327244	-0.6848889442064825	-0.013175498637245781	-0.35196173976365286
chr13_mat	10200000	10400000	0.0055870332273881655	-0.8357521377058905	-0.18816565295516893	-0.2705644049455979
chr13_mat	10400000	10600000	0.007890685312438916	-0.2663239198845925	0.8166096890322819	-0.16579428216244402
chr13_mat	10600000	10800000	0.005878185845149873	-0.6657549877397808	0.4488451848615578	-0.0759341228313654
chr13_mat	10800000	11000000	0.005828225033814294	-0.18698412029430628	0.6201929973121376	-0.18865346593794238
chr13_mat	11000000	11200000	0.006750534813004786	1.0937526588596338	-0.07107075093911121	-0.3034777620748535
chr13_mat	11200000	11400000	0.006968798916255135	1.1341775529708091	-0.26456609121942937	-0.36176945583727604
chr13_mat	11400000	11600000	0.006921662180575806	1.0239177146084357	-0.2689602305802284	-0.4174608278329884
chr13_mat	11600000	11800000	0.006581005718199603	1.0246117142810522	-0.2714990638621709	-0.5158383371011811
chr13_mat	11800000	12000000	0.005241893767057808	0.20275628312944213	0.2591200666049344	-0.34648835070764744
chr13_mat	12000000	12200000	0.006709482824655633	0.8843571340935548	-0.03629086307020982	-0.5785768558717826
chr13_mat	12200000	12400000	0.007046732591958417	0.9475434703100591	-0.2731403174727699	-0.7121381211353149
chr13_mat	12400000	12600000	0.006944826705331382	0.9468261076238541	-0.32146368848675894	-0.7505392455814577
chr13_mat	12600000	12800000	0.006857431321718281	0.9290014252489589	-0.3365477302175774	-0.7632480623979139
chr13_mat	12800000	13000000	0.00696297900559289	0.921012863902085	-0.2841601911867074	-0.7225922394947887
chr13_mat	13000000	13200000	0.007242217942671766	0.9528562695494073	-0.22011924126219265	-0.7580151689920838
chr13_mat	13200000	13400000	0.00711295722644445	0.984229833597113	-0.30923561055036625	-0.6375239910689671
chr13_mat	13400000	13600000	0.0070612989590672845	1.0482833754151886	-0.23216578127531584	-0.5258044589738016
chr13_mat	13600000	13800000	0.006039291174793329	0.19943958625519492	0.3610405094814878	-0.31427679023527905
chr13_mat	13800000	14000000	0.0064653907190538595	0.3238447947478587	0.34781781180710325	-0.3293766421253392
chr13_mat	14000000	14200000	0.0074116926505470105	1.1521801871200739	-0.16213529536394897	-0.29627666493565563
chr13_mat	14200000	14400000	0.00667517240957906	0.7869819123074071	0.15449208058926403	-0.2826699730902429
chr13_mat	14400000	14600000	0.006652662777635594	0.5720750286765316	0.3131068900321954	-0.2978985676034517
chr13_mat	14600000	14800000	0.005162587648673959	-0.48815454459932045	0.12044659641889778	-0.20648126242437428
chr13_mat	14800000	15000000	0.005959640261717697	-0.6758979700341947	0.13343819853066435	-0.2339177227510689
chr13_mat	15000000	15200000	0.007620240980049812	0.4020061532940322	0.8455939854872934	-0.3087031685631526
chr13_mat	15200000	15400000	0.004663824817963786	-0.8639621025503735	-0.011569447710958681	-0.24475893065411847
chr13_mat	15400000	15600000	0.005246039933467857	-0.5054901368493697	0.12802976177363928	-0.21716579195292798
chr13_mat	15600000	15800000	0.009119479216871217	0.8945042941377841	0.40820795460447235	-0.22070726647474945
chr13_mat	15800000	16000000	0.0069167515299309625	-0.42204222237440214	0.2932580218921582	-0.2223609935397487
chr13_mat	16000000	16200000	0.00970008054943353	0.2525599112614471	0.7028989988073833	-0.4632155206681592
chr13_mat	16200000	16400000	0.0081476930976218	0.4533531114271816	0.5538985820807782	-0.41446764376201795
chr13_mat	16400000	16600000	0.0056295742172721135	-0.4367180858466853	0.39178663985817486	-0.21712408035952616
chr13_mat	16600000	16800000	0.005832962858591891	-0.7033453412206049	0.1179007835410656	-0.15124009079261874
chr13_mat	16800000	17000000	0.006779744155313866	-0.4932418889809217	0.45092275880312754	-0.05322583806855618
chr13_mat	17000000	17200000	0.00541455567635955	-0.673147373395179	0.08681248730467772	0.05206512115077456
chr13_mat	17200000	17400000	0.0075894781842408545	0.265408147654771	0.6411580535406589	0.17566842906504096
chr13_mat	17400000	17600000	0.007093765698909505	0.4705865591740784	0.3973105507482062	0.4590605534814655
chr13_mat	17600000	17800000	0.007471675664990148	0.4783130678088289	0.09275491418076066	0.6048609385754278
chr13_mat	17800000	18000000	0.008270499253332623	1.2967860440809906	-0.10829116760247304	0.7142484998794365
chr13_mat	18000000	18200000				
chr13_mat	18200000	18400000				
chr13_mat	18400000	18440361				
chr14_mat	0	200000	0.004695856772708439	-0.6368829169107754	-0.40779440366350406	0.08314557448785735
chr14_mat	200000	400000	0.006024251228215194	-0.18858095783078907	0.1159579162699886	-0.004529329146698356
chr14_mat	400000	600000	0.005643320283425454	0.028321950019712314	0.20800169136090435	-0.1616590135161364
chr14_mat	600000	800000	0.005436061864124103	0.05621115197950039	0.09229738406530355	-0.19678088698016694
chr14_mat	800000	1000000	0.005253599786983565	-0.06574106038253409	0.1740176616813104	-0.06640675892161985
chr14_mat	1000000	1200000	0.0049760989128085666	-0.27265823254216376	-0.06303627295953909	0.03141769554894762
chr14_mat	1200000	1400000	0.004974249966938141	-0.11949445078974683	-0.024685679990026025	0.10051531059029815
chr14_mat	1400000	1600000	0.005001600125030288	-0.11608780798634542	0.1159352201099415	0.11404775135912293
chr14_mat	1600000	1800000	0.006275941532612084	0.37612773798179844	0.29787565468496885	0.004063009363731142
chr14_mat	1800000	2000000	0.00732965772997468	1.1036245761387597	-0.027235035530811115	-0.20739847348244012
chr14_mat	2000000	2200000	0.007416849540518945	0.9884643110404747	0.06852281213099329	-0.1524462407496986
chr14_mat	2200000	2400000	0.007328696692189181	0.8602976587850439	0.2895697571105331	0.023355450224384487
chr14_mat	2400000	2600000	0.006572347719656723	0.24364173815715712	0.6472890217401168	0.18624605020554852
chr14_mat	2600000	2800000	0.004532875159895946	-0.7164881160281191	0.20221660509381248	0.21911119474691362
chr14_mat	2800000	3000000	0.0050989272862261535	-0.259856497934752	0.37661609533842594	0.36247870768988705
chr14_mat	3000000	3200000	0.006022027173492289	-0.10262107344428972	0.7993744404483881	0.33294037179510905
chr14_mat	3200000	3400000	0.006122767373034706	-0.1926516784230283	0.6413875309843486	0.3753986438179031
chr14_mat	3400000	3600000	0.006848132530930445	0.35377156884351735	0.7118170675153861	0.5196945019829537
chr14_mat	3600000	3800000	0.005209066860083332	-0.23981530889433153	0.494924016343544	0.4870663387912398
chr14_mat	3800000	4000000	0.007186551110961577	0.553167921580356	0.8311767899773279	0.6291903721965714
chr14_mat	4000000	4200000	0.005105047208531178	-0.1610001193985121	0.3712939369557345	0.5055706571685402
chr14_mat	4200000	4400000	0.00690177313437539	1.123317299654908	-0.15013463035934863	0.4500539737597429
chr14_mat	4400000	4600000	0.007243082023414134	1.1202562318819678	0.057698453675874124	0.40591283482616586
chr14_mat	4600000	4800000	0.005845523617622355	-0.03663928543430186	0.475798894870865	0.47632613380459415
chr14_mat	4800000	5000000	0.00498693315163593	-0.6738961375720272	0.23827268746677557	0.271585331807781
chr14_mat	5000000	5200000	0.005769410229325508	-0.4496977218314694	0.404391185528324	0.32503841300386715
chr14_mat	5200000	5400000	0.005200133866335264	-0.7543088424648818	-0.11568356383733353	0.22475906115609565
chr14_mat	5400000	5600000	0.0052509946244471825	-0.7835989712752637	-0.2171183791605208	0.21186004172979497
chr14_mat	5600000	5800000	0.00494814743783766	-0.6810260262257904	0.06383919269164526	0.15295349878513784
chr14_mat	5800000	6000000	0.006058424185746488	-0.5064663220685687	0.4833693744503509	0.1976271862701731
chr14_mat	6000000	6200000	0.004629390335727818	-0.6767979610645571	0.17796164679812204	0.2402229788795803
chr14_mat	6200000	6400000	0.006496284635565806	0.4410082517617632	0.7650706731710504	0.1506746818533551
chr14_mat	6400000	6600000	0.00667594165752586	0.3333157312705866	0.749550215708272	0.06541099967705763
chr14_mat	6600000	6800000	0.006739118073512578	-0.19804413401412166	0.6184945908010564	0.03972373292984213
chr14_mat	6800000	7000000	0.005436510637676594	-0.7126453828320114	-0.02111096987515075	-0.0262709081171438
chr14_mat	7000000	7200000	0.005371951584532011	-0.7565964524499592	-0.13144428735208422	-0.16234005266423374
chr14_mat	7200000	7400000	0.006108340399036662	-0.741741318773405	0.2486852079477899	-0.22051129141266698
chr14_mat	7400000	7600000	0.006876272684465366	-0.5630538358694628	0.5178170259330658	-0.22827773291771303
chr14_mat	7600000	7800000	0.0051608810001034225	-0.7949733263479555	0.22248752875167635	-0.3009839259999767
chr14_mat	7800000	8000000	0.0073171995794081264	-0.16127061626604272	0.9258292674289182	-0.34140502531540123
chr14_mat	8000000	8200000	0.006546520343932286	0.3409661537308021	0.649559202178637	-0.48509319904081033
chr14_mat	8200000	8400000	0.007683097839474326	1.1348002457719386	0.2848321231036324	-0.9148912791148925
chr14_mat	8400000	8600000	0.006902152539235201	0.9812605842765266	0.2750017723653267	-0.6152612978983543
chr14_mat	8600000	8800000	0.004334195742030853	-0.5111826900265244	0.021246218776661517	-0.19056651683200104
chr14_mat	8800000	9000000	0.004802833648503784	-0.3032225470321816	0.2809619520743439	-0.21429942510460223
chr14_mat	9000000	9200000	0.004753753885053763	-0.16327023513833497	0.16512897195521187	-0.16911884922689263
chr14_mat	9200000	9400000	0.006455032293561249	0.8549391679893152	0.15897221357881453	-0.6230871424103925
chr14_mat	9400000	9600000	0.0066483805139090245	1.0980081216511313	-0.05841592825998758	-0.7067408967801982
chr14_mat	9600000	9800000	0.004204062657871578	-0.4659517517645852	-0.04550883175719484	0.02744207778144895
chr14_mat	9800000	10000000	0.00437606364464233	-0.4299252803767641	0.06014726744410973	-0.005659134966330115
chr14_mat	10000000	10200000	0.004518756071138218	-0.4594366085334718	-0.014138602645679177	0.07194772285651503
chr14_mat	10200000	10400000	0.005644172190511477	0.47234198999717575	0.21254852873310656	-0.1590614403721139
chr14_mat	10400000	10600000	0.006843858988000118	1.2733360186049867	-0.22948288028543662	-0.8044680365357582
chr14_mat	10600000	10800000	0.006879411142561569	1.0143970266790894	0.004435797205975555	-0.5142400811717286
chr14_mat	10800000	11000000	0.005013977801893254	-0.4166075462968194	-0.10521048333999547	0.1630916915410033
chr14_mat	11000000	11200000	0.004932507131230878	-0.5160746034044397	0.1412649351184819	0.2959277248424197
chr14_mat	11200000	11400000	0.006546261408081949	0.6120142910276744	0.18199676902765005	0.44350034249629733
chr14_mat	11400000	11600000	0.007154208595944576	1.049534482260748	-0.23462198683821195	0.43651615574403824
chr14_mat	11600000	11800000	0.00711241671753195	1.004792539266761	-0.2275732005345451	0.5778871120932804
chr14_mat	11800000	12000000	0.007186489389044117	1.0048347509251492	-0.2594630782542559	0.6680802592300055
chr14_mat	12000000	12200000	0.007219679025427783	1.040809015387774	-0.33254266640775537	0.7599299708042022
chr14_mat	12200000	12400000	0.007501421127063897	1.021936956056184	-0.29856860715433026	0.7176651171148627
chr14_mat	12400000	12600000	0.007195588135454794	1.0693879827799664	-0.24016659986478084	0.7470859340401534
chr14_mat	12600000	12800000	0.007719601680168888	1.0200790778512325	-0.1411197353049232	0.7252939550757135
chr14_mat	12800000	13000000	0.007208370720130613	1.1028662382449606	0.003976436475381271	0.7298675623813159
chr14_mat	13000000	13200000	0.007258898885447104	1.0044387073785646	0.5056684935622656	0.6831724449187341
chr14_mat	13200000	13400000	0.005490863032285468	-0.5436675065806338	0.7831970210106294	0.35101319953161036
chr14_mat	13400000	13600000	0.004655589323213566	-0.8124793956919695	-0.5122037126193817	0.35743349737425806
chr14_mat	13600000	13800000	0.004427552354524379	-0.7772375574155109	-0.38471752856835906	0.37819550084706677
chr14_mat	13800000	14000000	0.004779867333594268	-0.7690581734101614	-0.3524354237499372	0.31799060753476316
chr14_mat	14000000	14200000	0.0057283258114452585	-0.7739964358280855	-0.11753540885365216	0.2419557241682399
chr14_mat	14200000	14400000	0.005212117318910317	-0.4445113307063003	0.42864934693506884	0.27379186596744615
chr14_mat	14400000	14600000	0.005688545420857139	-0.5691423157756998	0.37113799398655356	0.2794545288638219
chr14_mat	14600000	14800000	0.0069436942989701145	-0.5384982931642375	0.3710139247561085	0.18310308821164534
chr14_mat	14800000	15000000	0.005355431609299247	-0.502406790098272	0.3628098927282322	0.059734350031694715
chr14_mat	15000000	15200000	0.0050199548313675235	-0.7622128709479963	0.01266906606393121	0.014856698823326901
chr14_mat	15200000	15400000	0.0057160925153783996	-0.6554414443136027	0.2934671868751756	-0.07442333187240628
chr14_mat	15400000	15600000	0.008542650390903675	0.3638936316773638	0.994692200365576	-0.31728963445016306
chr14_mat	15600000	15800000	0.009130367500046081	0.7063141016061499	0.8753871489688242	-0.53191329676835
chr14_mat	15800000	16000000	0.004516101608122219	-0.5460153797826577	0.09134029253971047	-0.038410626319746885
chr14_mat	16000000	16200000	0.00477895487129974	-0.39692242557632285	0.15404477280632234	-0.08957040406692968
chr14_mat	16200000	16400000	0.006177866946372763	-0.2696687593290213	-0.12266404395947052	-0.01162647762084754
chr14_mat	16400000	16411571				
chr15_mat	0	200000	0.006208831823008287	-0.2736817928604175	0.15487141490121117	-0.39225045773421635
chr15_mat	200000	400000	0.005134891824377201	-0.5093150509471505	0.05086906371856045	-0.18401792489276375
chr15_mat	400000	600000	0.008551063810876404	0.6794477711534623	0.2550558120296028	-0.6529049136744688
chr15_mat	600000	800000	0.00944445327342373	0.8266399261290679	0.2817011776572792	-0.7609195554534953
chr15_mat	800000	1000000	0.00818920522670824	0.9453908147869722	0.3838901073094401	-0.7592954413875532
chr15_mat	1000000	1200000	0.006832626503175169	0.31103773337804497	0.005631317031435145	-0.4392755598159448
chr15_mat	1200000	1400000	0.005406310967119539	-0.7216237926802431	0.16948817770190883	-0.34327352104565706
chr15_mat	1400000	1600000	0.004614505265765876	-0.7208539313887473	0.33169227376161864	-0.34602920447481855
chr15_mat	1600000	1800000	0.005668751582303811	-0.6185882666819671	0.12794678553774536	-0.2352274282217306
chr15_mat	1800000	2000000	0.006642910804850948	0.23712592769570814	-0.24296882689841848	-0.017522832427310397
chr15_mat	2000000	2200000	0.005157825356286484	-0.47220627180292735	-0.3417540667981643	-0.17111046726364046
chr15_mat	2200000	2400000	0.005616866004775994	-0.13611358384521807	-0.5457072104886403	-0.12911643850089957
chr15_mat	2400000	2600000	0.005151421903010869	-0.19828857062372135	-0.573387692515267	-0.108349697658943
chr15_mat	2600000	2800000	0.0061144994434220844	0.4242205898015419	-0.6805854248775752	-0.009530794821753397
chr15_mat	2800000	3000000	0.0071695672140133365	1.0634645961132232	-0.3938517939067954	0.043240880495455644
chr15_mat	3000000	3200000	0.0042838191713722605	-0.5808173061951271	-0.40539226316501015	-0.13494233960872412
chr15_mat	3200000	3400000	0.004830083731030789	-0.6420591650085712	-0.03603338140883612	-0.10641178114635694
chr15_mat	3400000	3600000	0.004939742574742485	-0.5957998762758124	-0.10252115559794583	-0.021473457828301724
chr15_mat	3600000	3800000	0.004959875435039547	-0.4921000603789305	-0.4819256158813046	0.1333961081615265
chr15_mat	3800000	4000000	0.0063269792394571355	0.13879971143559713	-0.6395095824045668	0.18544905946761073
chr15_mat	4000000	4200000	0.004312587219771763	-0.8417193515285715	0.06030550678431396	-0.01397278672053162
chr15_mat	4200000	4400000	0.006912660829687547	-0.1623105092576493	-0.43641543384902365	0.12059230805704489
chr15_mat	4400000	4600000	0.007984504958179796	0.9310054977364579	-0.16350881985337468	0.4510289976713626
chr15_mat	4600000	4800000	0.008456352744914478	1.0327166272497157	0.36074638204587556	0.43123721287086625
chr15_mat	4800000	5000000	0.007201394838617627	1.1136661743718483	0.21911002041096644	0.2978850981370599
chr15_mat	5000000	5200000	0.004934805744873393	-0.13901252404266967	-0.38761868800870924	0.08763453405567992
chr15_mat	5200000	5400000	0.005496824897121436	0.11172106178689596	-0.5642127322274936	0.13867236497230362
chr15_mat	5400000	5600000	0.004223809603755677	-0.6596919173259762	-0.2929646254543186	-0.08217089620085985
chr15_mat	5600000	5800000	0.0053663720147158235	-0.4825963446941109	-0.23145361504458734	-0.10748020999281953
chr15_mat	5800000	6000000	0.005428978303320148	-0.32757715489998684	-0.45459353065919617	-0.10143472680758496
chr15_mat	6000000	6200000	0.004258748032201239	-0.7056618192377743	0.011346194066600023	-0.32912038437417046
chr15_mat	6200000	6400000	0.00500669386026998	-0.30361988931820866	-0.44792272208405576	-0.18062424761384555
chr15_mat	6400000	6600000	0.005403305099587477	0.08411303651370182	-0.5133672020760426	-0.23561572872659758
chr15_mat	6600000	6800000	0.0067785570128775785	0.5453444502999739	-0.4033056322346029	-0.3477019123393997
chr15_mat	6800000	7000000	0.004784110151409263	-0.23045048844690685	-0.4677577857627557	-0.32314708642260365
chr15_mat	7000000	7200000	0.004744489839883675	-0.17742724009690547	-0.6336016680236647	-0.24667018757389916
chr15_mat	7200000	7400000	0.0062259252377984365	0.45661628961150685	-0.34385944172530125	-0.37857667463934513
chr15_mat	7400000	7600000	0.007192093205284651	0.726980387747461	-0.13480554377398363	-0.5436020851920891
chr15_mat	7600000	7800000	0.0074875927172067015	0.7358467212686232	-0.1976891950314226	-0.6366787975792965
chr15_mat	7800000	8000000	0.007560140905813066	0.928178461860335	0.07331089579943594	-0.6328629012097734
chr15_mat	8000000	8200000	0.00742944349113612	1.0217782083406346	0.14034508612262914	-0.8864899974898568
chr15_mat	8200000	8400000	0.00574251413182	0.25266843452294285	-0.48321159846179534	-0.3446141983816508
chr15_mat	8400000	8600000	0.004623416565646014	-0.5702804267066356	-0.34357702453247285	-0.1484276029820639
chr15_mat	8600000	8800000	0.0048827711814161115	-0.42939266383232955	-0.4156015041508515	-0.09123617872504401
chr15_mat	8800000	9000000	0.008238489569449723	0.5567648605567658	-0.3573381080416832	-0.16020667690831483
chr15_mat	9000000	9200000	0.008424035961623824	0.7586713891389023	-0.21136493811991702	-0.09093687013716115
chr15_mat	9200000	9400000	0.006992064444804278	-0.14391958627881646	-0.33700389301684397	-0.13567376407401058
chr15_mat	9400000	9600000	0.005395609280046891	-0.5260926389962328	-0.14438473232752638	-0.07747556015693675
chr15_mat	9600000	9800000	0.005744058568438181	-0.43054338153265936	-0.22655526730043044	-0.13426821855230495
chr15_mat	9800000	10000000	0.0052515347817823615	-0.39894451417789606	-0.06716630290392524	-0.16443596422631876
chr15_mat	10000000	10200000	0.004819823449671927	-0.5798765653095257	0.07771361778366757	-0.20101576664611592
chr15_mat	10200000	10400000	0.0045021688908421405	-0.7468908528102247	0.1789300073823232	-0.25624457665839884
chr15_mat	10400000	10600000	0.005598790164981885	-0.6000199273134649	0.14840714523018922	-0.26693057277518784
chr15_mat	10600000	10800000	0.0041532305217545275	-0.7024714466174384	0.055942117365651606	-0.2901108122412433
chr15_mat	10800000	11000000	0.004904945770140948	-0.6335477403753877	0.1928547294055721	-0.31039843041823356
chr15_mat	11000000	11200000	0.005867323250564557	-0.21439161347226582	-0.13163627373411105	-0.16627318008942152
chr15_mat	11200000	11400000	0.005343081548766517	-0.3731671540748199	-0.08234882273966823	-0.2216561726659172
chr15_mat	11400000	11600000	0.004731118582819361	-0.7384106109166639	0.06127479240600028	-0.08987918188599263
chr15_mat	11600000	11800000	0.0046004097476282325	-0.48006230952885237	-0.14047912821604586	0.004836449362661524
chr15_mat	11800000	12000000	0.0074721618229345935	0.5135660399883452	-0.26284186395276304	0.2918290386231865
chr15_mat	12000000	12200000	0.007862362744475217	0.416101428601391	-0.3747762384365705	0.12962038028090608
chr15_mat	12200000	12400000	0.006420153538074623	0.19662631161459215	-0.4584057905489035	0.090053949857221
chr15_mat	12400000	12600000	0.006501916421328684	0.2674715164098186	-0.299030237342274	0.09040938443880715
chr15_mat	12600000	12800000	0.00791129451816267	1.1296877282148134	0.18899031955549875	0.187649566766007
chr15_mat	12800000	13000000	0.006480890299245619	0.13736523167272233	-0.4980422091522931	0.06501032771820563
chr15_mat	13000000	13200000	0.007507950242895556	0.6580778729915512	-0.27893467541427724	0.03292050741936034
chr15_mat	13200000	13400000	0.007525135810382955	0.7195312171193544	-0.26186884856344844	0.21064768804939182
chr15_mat	13400000	13600000	0.006925752721703029	0.5511464443041334	-0.2654914975822072	0.09790324011218966
chr15_mat	13600000	13800000	0.005696483319542624	0.26460027125115465	-0.3735855370553267	0.004345583770996127
chr15_mat	13800000	13831355				
chr16_mat	0	200000				
chr16_mat	200000	400000	0.022073301359889778	-0.350497982035272	0.6183650736096143	-0.8062084184223115
chr16_mat	400000	600000	0.007192298254864445	-0.5802362384842392	0.5251182068435355	-0.9865536257206212
chr16_mat	600000	800000	0.03216726601176064	0.9283246882705395	1.185095226124847	-0.943227651352339
chr16_mat	800000	1000000	0.02830733536473928	1.0060090845124405	0.9918339932622238	-0.3496872023326005
chr16_mat	1000000	1200000	0.03172127720288336	0.9834559762136919	1.0312737241881647	-0.2529510594136956
chr16_mat	1200000	1400000	0.037447453809041346	0.9665418214924938	0.8988178348891893	0.1713023874583417
chr16_mat	1400000	1600000	0.03437879390441469	0.6218332474400764	0.48317581048587516	0.1121738947617308
chr16_mat	1600000	1800000	0.02818880104997173	0.6140141847151059	0.24665374066385173	0.18177331216705772
chr16_mat	1800000	2000000	0.030810592063649837	0.7145454634235645	0.3063726361522255	-0.273267899415306
chr16_mat	2000000	2200000	0.02922901284935663	0.6645959204977676	-0.1772329848255808	0.012515410109867021
chr16_mat	2200000	2400000	0.029412402035047237	0.6738448489046525	-0.17548410500081754	0.14715485678738208
chr16_mat	2400000	2600000	0.03302831289067524	0.6146848588796159	-0.14326537112875806	0.2524168146302639
chr16_mat	2600000	2800000	0.0302626861485368	0.6265678717498125	-0.29530054549184204	0.1693454927343707
chr16_mat	2800000	3000000	0.03179751953178383	0.6256771470825949	-0.46432437320003067	0.4518263589313833
chr16_mat	3000000	3200000	0.025301187275536915	0.7360806506932339	-0.4960391658833003	0.23595438733892288
chr16_mat	3200000	3400000	0.030641711454128976	0.7232363034009597	-0.647009943297287	0.16759225789707982
chr16_mat	3400000	3600000	0.031164651234131216	0.852327144153159	-0.776973948551602	0.09982714550551218
chr16_mat	3600000	3800000	0.02963054553781984	0.9868214541582541	-1.0029929674809062	-0.26384538529174
chr16_mat	3800000	4000000	0.0355688242304841	1.206015937927027	-1.6236927136966777	-1.2555741509214788
chr16_mat	4000000	4200000	0.01598075835328076	-0.2818648894481254	-0.6581890593833009	-1.0717161922586353
chr16_mat	4200000	4400000	0.01027620261455772	-1.0204401713553473	-0.15895892304963524	-0.2548853958301566
chr16_mat	4400000	4600000	0.011736158743962638	-0.9118852972496151	-0.20422705583213963	-0.2124675094365601
chr16_mat	4600000	4800000	0.009453954712013648	-0.8389221521665251	-0.22517017234743697	-0.1504340437221415
chr16_mat	4800000	5000000	0.011646785786859274	-0.7962177395712785	-0.18361045258897876	-0.06481306887892847
chr16_mat	5000000	5200000	0.020348581030442122	-0.7964758421798404	-0.20882450605836547	-0.26209438950709363
chr16_mat	5200000	5400000	0.02498855650266321	-0.8962048527684026	-0.08619081624889109	-0.07834294179151888
chr16_mat	5400000	5600000				
chr16_mat	5600000	5740876				
chr17_mat	0	200000	0.01214192207118734	-0.007219083052841414	0.11684047306586606	-0.2878190245140125
chr17_mat	200000	400000	0.006189040561235992	-0.5588999069220297	0.20008921785955056	-0.2766080568805524
chr17_mat	400000	600000	0.005521648436029504	-0.6201229595142204	0.03806172188301505	-0.25164398507790164
chr17_mat	600000	800000	0.006951592732659277	-0.28209562338082883	0.6570112437595568	-0.20190308418878128
chr17_mat	800000	1000000	0.007284588738698462	-0.5038809238283252	0.26313851422517337	-0.3462863953902905
chr17_mat	1000000	1200000	0.006249314103720666	-0.536919321911523	0.29668725356583736	-0.26248990138918976
chr17_mat	1200000	1400000	0.008176981233424137	0.04041088380335408	0.7982329681965739	-0.16066163982888446
chr17_mat	1400000	1600000	0.004577016703467977	-0.7957580930540422	-0.2730333573182667	-0.307618237134893
chr17_mat	1600000	1800000	0.00539983862551033	-0.6895472255469149	0.0609724469028493	-0.20637577894476025
chr17_mat	1800000	2000000	0.006654545535105498	-0.3235303686903268	0.638141422112827	-0.21318802592171707
chr17_mat	2000000	2200000	0.005261024546115521	-0.6759675793717366	0.14836829022972375	-0.3515959898475855
chr17_mat	2200000	2400000	0.008390968411319122	0.7396059310011286	0.597759307573875	0.23726862855375502
chr17_mat	2400000	2600000	0.008631446425690888	0.7252969590615739	0.6129152103655826	0.18988139719247576
chr17_mat	2600000	2800000	0.006550456633477437	-0.4585021814211871	0.5498480975310702	-0.1128697654960323
chr17_mat	2800000	3000000	0.007410166777594877	0.5414287302659608	0.35646906604103046	-0.11788397923564055
chr17_mat	3000000	3200000	0.007782984370440029	0.9917114049077226	-0.22636666384443724	-0.10880934056016962
chr17_mat	3200000	3400000	0.007804025437633873	0.9300153308545333	-0.19769298145224662	-0.22558735401121077
chr17_mat	3400000	3600000	0.007595529629064598	0.9048958332999198	-0.22995470692823122	-0.41203194937330756
chr17_mat	3600000	3800000	0.007719286267499612	0.24960978788161978	0.4213595934077271	-0.4028363957980388
chr17_mat	3800000	4000000	0.008853600528443055	0.7310074219647498	0.22852286566765276	-0.5855406658975482
chr17_mat	4000000	4200000	0.008074846536637554	0.776686355630531	0.062082116780000696	-0.7115475288041934
chr17_mat	4200000	4400000	0.007454485791032312	0.9139302027434446	-0.2540271838369246	-0.7362365421065201
chr17_mat	4400000	4600000	0.008022798301452722	0.9474687448064768	-0.23914115156380727	-0.7658036029605317
chr17_mat	4600000	4800000	0.008242059626281096	1.005328726153641	-0.18040716625669345	-0.7749492229233189
chr17_mat	4800000	5000000	0.008153695511107494	1.0660640765593943	-0.008056919750857209	-0.5917136013565303
chr17_mat	5000000	5200000	0.0055520840111321565	-0.20102900074477875	0.5948955188527301	-0.31610262820108104
chr17_mat	5200000	5400000	0.0076683899074314115	0.361101389984167	1.2486550525673492	-0.6875996936430001
chr17_mat	5400000	5600000	0.005366047903421148	-0.7848115020025188	0.21607340882453455	-0.3081509844384986
chr17_mat	5600000	5800000	0.004846465974534725	-0.7609484496453492	-0.02966808821603212	-0.4227060102035138
chr17_mat	5800000	6000000	0.004086454632079888	-0.7828165419950994	-0.4839629489205268	-0.48871019287774586
chr17_mat	6000000	6200000	0.005086516872448588	-0.7287220347664423	-0.032130483507509806	-0.3496684894923164
chr17_mat	6200000	6400000	0.005695985554873319	-0.6119677592900844	0.05394501258093762	-0.2304569307265485
chr17_mat	6400000	6600000	0.006550101288930867	-0.44222903231979827	0.468821264805461	-0.06814196822540344
chr17_mat	6600000	6800000	0.005523591215139406	-0.735220331029083	0.23756698122415917	0.02608732659521007
chr17_mat	6800000	7000000	0.004431777731636383	-0.8569258026855864	-0.28174372860875685	-0.0653660736755431
chr17_mat	7000000	7200000	0.006602031520321284	-0.03049401113486689	0.800606379775888	0.25706255896607705
chr17_mat	7200000	7400000	0.006875952522990651	-0.17966100385408607	0.6636940071667314	0.1906238315792987
chr17_mat	7400000	7600000	0.004675409073115222	-0.8210286632319654	-0.27986101358348725	-0.019511571701093598
chr17_mat	7600000	7800000	0.005574239032563025	-0.683597611852723	0.13451275107403074	0.165577982531558
chr17_mat	7800000	8000000	0.008262384520274233	0.09299104006796331	0.9645869811989652	0.3340821430441116
chr17_mat	8000000	8200000	0.005563811300531903	-0.6081194141181228	0.2051425086418513	0.11782643845248918
chr17_mat	8200000	8400000	0.007835465804406593	0.4619724087833777	0.6434255116484642	0.3404523705749382
chr17_mat	8400000	8600000	0.008298317229495951	0.5975715348002518	0.8101466603372618	0.39064972766595785
chr17_mat	8600000	8800000	0.006206270456079411	-0.5533564815122693	0.3906141183654886	0.024632551282259055
chr17_mat	8800000	9000000	0.005591149594592869	-0.39786859842485034	0.19620629196393294	-0.008074130524993452
chr17_mat	9000000	9200000	0.0059991895390159745	-0.39241522026685915	0.2357723292440231	0.021493295246510856
chr17_mat	9200000	9400000	0.005749405544405655	-0.35654840983640074	0.3187625083826536	-0.051493386474787295
chr17_mat	9400000	9600000	0.0072755540622600244	0.30455487189458474	0.6464262507486503	-0.06167815666141499
chr17_mat	9600000	9800000	0.0056045884348833	-0.6539575232361886	0.002743881052844836	-0.26126264211844674
chr17_mat	9800000	10000000	0.004808050623908388	-0.7541450051764556	-0.21846509397710887	-0.347554792617735
chr17_mat	10000000	10200000	0.005875319266700016	-0.264790363663096	0.32915482401092666	-0.3710045819829026
chr17_mat	10200000	10400000	0.006331223859929177	-0.31069454740171326	0.3099916519353753	-0.3454460252365377
chr17_mat	10400000	10600000	0.005656717695711765	-0.6415837746429457	-0.06755191753490303	-0.3923283188751922
chr17_mat	10600000	10800000	0.005974100686404051	-0.5139706365423635	0.19722461574204556	-0.35369298858088105
chr17_mat	10800000	11000000	0.006624521925766242	-0.494340753314502	0.21837246418736453	-0.38290406134747795
chr17_mat	11000000	11200000	0.0073759606905587465	0.07780918652206296	0.4427765056216313	-0.23071248054562776
chr17_mat	11200000	11378085	0.005234153852377639	-0.3880274207213623	-0.34014214945833166	-0.6379519463449971
chr18_mat	0	200000				
chr18_mat	200000	400000	0.0075844747319693305	0.6977095435435409	-0.07468970485475022	0.4059528704241573
chr18_mat	400000	600000	0.0075497192702296155	0.857470814253619	-0.07749443932311788	0.622616081924882
chr18_mat	600000	800000	0.007821666340490904	0.9287499329005076	-0.19472185225347816	0.7703611942649932
chr18_mat	800000	1000000	0.00773389862786941	0.9330471770130518	0.01735223264015011	0.8169394995491913
chr18_mat	1000000	1200000	0.007893122416857919	0.5238145795844013	0.8587776532445812	0.8591467642606663
chr18_mat	1200000	1400000	0.006079758362651211	-0.6251019462655192	0.636187569034417	0.6814291942475208
chr18_mat	1400000	1600000	0.005626207665751009	-0.849536254991442	0.0027644986333745696	0.5294694991285138
chr18_mat	1600000	1800000	0.006497206941974824	-0.630755010679217	0.14597200660926749	0.40095031911986534
chr18_mat	1800000	2000000	0.00753344328375009	-0.5575153679087217	0.23756994027557912	0.3441653200175077
chr18_mat	2000000	2200000	0.008063987339629708	-0.5506903472910851	0.1946160902727509	0.24556977764166624
chr18_mat	2200000	2400000	0.004747290775746621	-0.8018469386539853	-0.40261337813316334	0.15220456941714536
chr18_mat	2400000	2600000	0.004401172657649705	-0.636415675070409	0.08914641271787399	0.03364482509107908
chr18_mat	2600000	2800000	0.005730203268335905	-0.22990312835199522	0.47495244749275206	-0.04796490550180755
chr18_mat	2800000	3000000	0.005412727914385279	-0.276658757029393	0.3558322561586637	-0.06561472574921419
chr18_mat	3000000	3200000	0.0063998223076046565	0.7718001016639907	0.49885752937375993	-0.25207402846685345
chr18_mat	3200000	3400000	0.0068937286050463585	1.281551518170752	0.05011559818198089	-0.44153642372856816
chr18_mat	3400000	3600000	0.005248647595776977	-0.014758140963518828	0.3864427449569779	0.014601124207970455
chr18_mat	3600000	3800000	0.0042341645224792356	-0.548378714039401	-0.06688405872674039	0.18761777861806497
chr18_mat	3800000	4000000	0.004449737958630096	-0.7193326061735483	-0.349701097482629	0.14749321282193592
chr18_mat	4000000	4200000	0.0043548620312332	-0.6265562893726266	-0.17742077700272518	0.12265172920532186
chr18_mat	4200000	4400000	0.0043785894903446716	-0.4847266750109553	0.17742797728108217	0.09592378341223654
chr18_mat	4400000	4600000	0.007110581779585265	0.5228545607554687	0.7016330884506838	-0.12405320068549314
chr18_mat	4600000	4800000	0.0082736609719705	-0.18724283015124132	0.7602219930451888	-0.20436594722073367
chr18_mat	4800000	5000000	0.008468007542967382	0.09010994125029125	0.7926883757531292	-0.30168991617779145
chr18_mat	5000000	5200000	0.0064217454260137325	-0.4906905380975464	0.4572357025573673	-0.03477384769976657
chr18_mat	5200000	5400000	0.0078579539531291	0.6383169964388925	0.4309538135980787	-0.23556160870245776
chr18_mat	5400000	5600000	0.007848559447608114	0.5511663014017053	0.3052546792535231	-0.22084039006678358
chr18_mat	5600000	5800000	0.008368959323671859	0.2221122778990924	0.6482154882557711	-0.014406052197013628
chr18_mat	5800000	6000000	0.006289840758726561	0.1710179666712463	0.2575979365114206	0.04666943465795972
chr18_mat	6000000	6200000	0.007956767073251872	1.0472840977714721	-0.14032161857166653	-0.015551870248555701
chr18_mat	6200000	6400000	0.006830475144760773	0.5161494233025357	0.3818750751807859	0.34110581665701595
chr18_mat	6400000	6600000	0.007902613824972853	1.0229273695235865	0.02974076369729804	0.18290487262452806
chr18_mat	6600000	6800000	0.006595957166323932	0.7078834627132828	0.3170589769584963	0.31309332762525827
chr18_mat	6800000	7000000	0.0042682054468328925	-0.6731031136784585	0.11241388748011265	0.3963828109189446
chr18_mat	7000000	7200000	0.006634227297808918	0.14198693738707638	0.5830383538981345	0.4234132308159744
chr18_mat	7200000	7400000	0.006208492062798968	-0.32793273846642623	0.5628832202119756	0.483896647475116
chr18_mat	7400000	7600000	0.007133667426866081	0.12209280500206113	0.6686571800819716	0.38260555708116295
chr18_mat	7600000	7800000	0.005008718684240302	-0.6755922788029005	0.25193205702446797	0.43652418667239584
chr18_mat	7800000	8000000	0.0055228800706698025	-0.6279369888555463	0.12851847927132268	0.3166301071722858
chr18_mat	8000000	8200000	0.005299308735861008	-0.806252353003965	-0.4265719408199728	0.2545123378085007
chr18_mat	8200000	8400000	0.005806054923596824	-0.6640744160531431	0.13836713640993065	0.012709722663322452
chr18_mat	8400000	8600000	0.004562386469805963	-0.7537591599377931	-0.22555588886239314	-0.023397425793911377
chr18_mat	8600000	8800000	0.005839668174965455	-0.34490327614090305	0.5334381639691687	-0.28221241054735763
chr18_mat	8800000	9000000	0.004171506968519294	-0.7542609430259232	-0.017811457233263512	-0.18235479007244929
chr18_mat	9000000	9200000	0.006220511155146512	-0.26225982284173877	0.6177983704087622	-0.6491558692951701
chr18_mat	9200000	9400000	0.0063228587491634585	-0.31768773465801076	0.6682438002169999	-0.6328402892238543
chr18_mat	9400000	9600000	0.005507698018383488	0.09952166314223534	0.6616945909791165	-0.7275291717296279
chr18_mat	9600000	9800000	0.003901698905579936	-0.7027904730766076	0.19383639555782514	-0.2722799144110292
chr18_mat	9800000	10000000	0.006802723130212707	1.139449297940983	0.015030559563004886	-0.5840774222992494
chr18_mat	10000000	10200000	0.007667624532652535	1.0321296614718742	-0.41445598474747153	-0.35330516599322975
chr18_mat	10200000	10400000	0.007168931843784401	0.8354829258511806	-0.1587832123946295	0.03428305815008581
chr18_mat	10400000	10600000	0.006964402627547562	0.6132434794595855	0.2159418784969145	0.3402027987827992
chr18_mat	10600000	10800000	0.006906896438330285	0.8723900975019216	-0.06757960213559605	0.3890846553183182
chr18_mat	10800000	11000000	0.0053993897385857205	-0.0747930498230644	0.43969329760051984	0.3742066064542548
chr18_mat	11000000	11200000	0.007096438655444519	0.8986622251301035	-0.23990089881039028	0.4655769777529827
chr18_mat	11200000	11233222				
chr19_mat	0	200000	0.006563056677694368	0.09327204040277488	0.6412789510743028	0.4049936400012886
chr19_mat	200000	400000	0.006244022058031882	-0.5301770966412479	0.3850030570124336	0.42919968962888266
chr19_mat	400000	600000	0.004677094992113802	-0.8482751820695326	-0.2176812527993649	0.36622344797257056
chr19_mat	600000	800000	0.0050224809006204985	-0.8451100594762884	-0.1733535811385158	0.40695429472036443
chr19_mat	800000	1000000	0.0060173346329835085	-0.5415217522329571	0.5020754864605906	0.5148352552937253
chr19_mat	1000000	1200000	0.005742254674508351	-0.703297555029113	-0.19608396788216728	0.26472247968815577
chr19_mat	1200000	1400000	0.005775369053601212	-0.4376801746777072	0.5688306552756976	0.30263928431142545
chr19_mat	1400000	1600000	0.00694583348565398	-0.20389778476136572	0.7560697156764004	0.30334105484714363
chr19_mat	1600000	1800000	0.005460199453221256	-0.5785512594689115	0.2076656613874254	0.14704159182539095
chr19_mat	1800000	2000000	0.004505572970448148	-0.7691160438094121	-0.2892918755640436	0.011748560546018428
chr19_mat	2000000	2200000	0.005889426967692286	-0.6398096004927518	0.26467235556114926	0.0375908852341219
chr19_mat	2200000	2400000	0.006419791582938058	-0.22014449988889545	0.7063601691260887	0.2543980709059566
chr19_mat	2400000	2600000	0.003943905248791154	-0.790443855079463	-0.2932106337261998	0.005624533159873612
chr19_mat	2600000	2800000	0.004475317738815835	-0.570362592216452	-0.05700968336199142	-0.04854340579328246
chr19_mat	2800000	3000000	0.005901450469890678	-0.3739829432309423	0.5488493648831018	0.12821741905355907
chr19_mat	3000000	3200000	0.005347014070974103	-0.44007744316161534	0.259004728850399	0.04301065614943423
chr19_mat	3200000	3400000	0.005314212119889766	-0.3996071585077382	-0.07978707722888839	-0.20979870257507188
chr19_mat	3400000	3600000	0.004896818591491491	-0.5337548803717239	-0.2140073421710637	-0.2730706539691727
chr19_mat	3600000	3800000	0.005775053764023124	-0.6389030112676019	-0.06780928497989555	-0.22516780930207012
chr19_mat	3800000	4000000	0.005314500594843311	-0.6636650573203694	-0.5443230061547123	-0.566395253786863
chr19_mat	4000000	4200000	0.005679182290651827	-0.6349943338021821	-0.573139017585735	-0.6833808001571805
chr19_mat	4200000	4400000	0.005626438624468583	-0.6345512060256121	-0.3875771750512072	-0.6318972325679477
chr19_mat	4400000	4600000	0.005850785283343914	-0.6269822843972929	-0.07423895591841273	-0.6143995406963634
chr19_mat	4600000	4800000	0.005210765814660623	-0.7133273565874795	-0.48879964431660666	-0.622724528588665
chr19_mat	4800000	5000000	0.004721011160558006	-0.8225044475303381	-0.30412927019959507	-0.5426986385782616
chr19_mat	5000000	5200000	0.005257537074182468	-0.46802778714254634	0.39027477601438126	-0.4454690730495049
chr19_mat	5200000	5400000	0.005057786403193827	-0.3565517945701217	0.43089040987072424	-0.37005442284137474
chr19_mat	5400000	5600000	0.006985254953313032	0.5536055406970889	0.8317444508164078	0.041181585094648
chr19_mat	5600000	5800000	0.004964522809757923	-0.4471845119019316	0.296431764700311	-0.3831727250990226
chr19_mat	5800000	6000000	0.0056838172762673075	-0.7200487208884563	0.02654867674635368	-0.4687250667055311
chr19_mat	6000000	6200000	0.004887662983813715	-0.6301752576898328	0.18688084689025472	-0.5443526882033861
chr19_mat	6200000	6400000	0.006331911927604808	0.13860939401093814	0.6526368044488116	-0.4304737143939489
chr19_mat	6400000	6600000	0.006399639673895345	0.3442410111892105	0.4760777381234551	-0.3339147137640066
chr19_mat	6600000	6800000	0.007013517214542082	0.7309005565026268	0.5277317391337619	-0.1311861372249146
chr19_mat	6800000	7000000	0.004670710276653262	-0.4837169118844572	0.30125896006098735	-0.49487119293952786
chr19_mat	7000000	7200000	0.0059806172286213915	-0.43353810999809406	0.3189719616156539	-0.5014863920904805
chr19_mat	7200000	7400000	0.004663081658986046	-0.4682222412517387	0.166921611687953	-0.5572416821575292
chr19_mat	7400000	7600000	0.005561763856154869	-0.15924904893623637	0.3972223598753604	-0.530222625173333
chr19_mat	7600000	7800000	0.006162201363669899	-0.1879185346680852	0.5652708131351274	-0.4735005844797149
chr19_mat	7800000	8000000	0.005026603792575782	-0.8293536861274028	0.3692749420810375	-0.56652752571909
chr19_mat	8000000	8200000	0.0068773834413402846	-0.0806271551896372	0.8257559232817064	-0.4905460492081167
chr19_mat	8200000	8400000	0.008890628084720029	0.25656856311846976	0.3936110906054492	-0.35631083256057894
chr19_mat	8400000	8600000	0.00741972343897974	1.052794313749297	-0.11559824349380286	-0.3771433213432603
chr19_mat	8600000	8800000	0.007918689312151924	0.9721776600509592	-0.03760418832172419	-0.4510400178184695
chr19_mat	8800000	9000000	0.008522691426274452	0.8415357629753583	0.015591298595344359	-0.5356689354350818
chr19_mat	9000000	9200000	0.008056771273573028	0.8657586164963851	-0.036077373684830064	-0.5782001691198378
chr19_mat	9200000	9400000	0.008181729051565207	0.8859075567401791	-0.04536538991046433	-0.5260972115719383
chr19_mat	9400000	9600000	0.008046130990512967	0.9362125873524768	-0.13855424730659285	-0.4306267766028732
chr19_mat	9600000	9800000	0.008119855806800079	0.9197080920740895	-0.044931547071775824	-0.4367755859241521
chr19_mat	9800000	10000000	0.008760226910996557	0.822544392084728	0.172064500653353	-0.3717808085364892
chr19_mat	10000000	10200000	0.008284595085294206	0.7225448565118178	0.47236697978530423	-0.2792715478046724
chr19_mat	10200000	10400000	0.006167617507966774	-0.6912033140356875	0.48487172002673584	-0.06687240231948463
chr19_mat	10400000	10600000	0.006327636685277741	-0.6194891020212971	0.5462816505220809	-0.05934286031488014
chr19_mat	10600000	10800000	0.0058930411989824155	-0.47532665434460786	0.512100764166467	-0.028893471180063763
chr19_mat	10800000	11000000	0.005760030031920403	-0.45816140245839443	0.3387479883955284	0.024258560208016092
chr19_mat	11000000	11169410	0.00628531221066461	-0.5659769351679836	-0.1898114294755338	-0.15457894969737535
chr20_mat	0	200000				
chr20_mat	200000	400000				
chr20_mat	400000	600000	0.004356687576778981	-0.7123918927482786	-0.26787042605830136	0.25677825354497147
chr20_mat	600000	800000	0.0050906766264914305	-0.6780017561063845	-0.4691934019073826	0.3905288610306796
chr20_mat	800000	1000000	0.005193346365600695	-0.6472168446890361	-0.5326109850369697	0.4505179774061268
chr20_mat	1000000	1200000	0.005832146199931052	-0.5788055653226923	-0.13162110502727142	0.3311669858582509
chr20_mat	1200000	1400000	0.006390778725656401	-0.6636068558997511	0.16877870349814106	0.3407191129246247
chr20_mat	1400000	1600000	0.008565766015422022	-0.4822142527259961	0.588652901377885	0.25964863339085964
chr20_mat	1600000	1800000	0.014080153075053378	-0.7388671490383648	-0.1324413158069594	0.3191457023695838
chr20_mat	1800000	2000000				
chr20_mat	2000000	2200000	0.011377008433779024	-0.7202811058220472	0.1284721456154507	0.3620526278421199
chr20_mat	2200000	2400000	0.005019884293926991	-0.5952693651544264	0.40593836325019167	0.3542371542389318
chr20_mat	2400000	2600000	0.006080932766049345	-0.10201390520988621	0.7321115396855755	0.2848041935155091
chr20_mat	2600000	2800000	0.008702281367853735	0.8173259181158371	0.5166269280126892	0.2609493149814585
chr20_mat	2800000	3000000	0.00898147192803308	0.6355619482745797	0.49088651428041113	0.23739362893690671
chr20_mat	3000000	3200000	0.005504805350814445	-0.8108891249387882	0.168589427952246	0.2452494335401151
chr20_mat	3200000	3400000	0.006956136390930064	-0.12398345856300373	0.6453290023154712	0.20192500725304274
chr20_mat	3400000	3600000	0.00787057867145251	0.7715087121105634	0.6174911780469692	0.4183020134818954
chr20_mat	3600000	3800000	0.0049697787520754915	-0.6796679367761614	0.6200192911029161	0.14056907366988008
chr20_mat	3800000	4000000	0.00672920968428799	0.5024841133550261	0.43167471941452673	0.32863738390768993
chr20_mat	4000000	4200000	0.007449886140260872	1.0781993450484608	-0.17124644430803224	0.2891584270449986
chr20_mat	4200000	4400000	0.008185751156299017	0.9904398033723135	-0.26263399589077213	0.4120580458424265
chr20_mat	4400000	4600000	0.008414093573163039	0.8115268695737383	-0.07695371914428124	0.2561512125959211
chr20_mat	4600000	4800000	0.007185713858741687	0.188680639633868	0.3345463117372028	0.0686548437915388
chr20_mat	4800000	5000000	0.006225161166013573	-0.06203823484616638	0.5458357548552466	0.003946455967461484
chr20_mat	5000000	5200000	0.00630929648677533	0.3897832362688366	0.35444475819373084	-0.16884173728845314
chr20_mat	5200000	5400000	0.00726699053235428	1.0495161639980932	-0.25256546361643945	-0.08162432306377693
chr20_mat	5400000	5600000	0.007207813862566674	0.9637071933088116	-0.14084344027057444	-0.1572677068813367
chr20_mat	5600000	5800000	0.0074188900281964565	1.0586650353418174	-0.002655831201996169	-0.29067505542562794
chr20_mat	5800000	6000000	0.008117963512235008	0.9122667323587826	0.48395581400595317	-0.22394844078939155
chr20_mat	6000000	6200000	0.005076501438505421	-0.5985448674578558	0.42870831997380526	-0.16589617250370203
chr20_mat	6200000	6400000	0.006947622578396507	-0.22726500793165091	0.639048880350932	-0.19596348919555626
chr20_mat	6400000	6600000	0.005192727111600862	-0.6329292970850747	0.3587821407635049	-0.1538727752722419
chr20_mat	6600000	6800000	0.00678332368541132	-0.3222698504240739	0.4827955067964586	-0.13112176166959444
chr20_mat	6800000	7000000	0.00589044748944639	-0.4924159886011751	0.4468079523585886	-0.01643544365595438
chr20_mat	7000000	7200000	0.007837290410394169	0.640608657487265	0.5186486018882162	-0.26411459454227726
chr20_mat	7200000	7400000	0.004289717714557617	-0.664794029353602	0.06422051729853405	0.10001717102409527
chr20_mat	7400000	7600000	0.007013712694644729	-0.32313968855146025	0.2952117292243653	0.034155204440242615
chr20_mat	7600000	7800000	0.0056955123247872715	-0.7146304757626439	-0.19778197190020466	0.15499622832516735
chr20_mat	7800000	8000000	0.006429769894014672	-0.5449905861758577	-0.06711049553795752	0.19384857862959118
chr20_mat	8000000	8200000	0.005324192883517441	-0.5523764877147863	-0.03007565293491042	0.2963423616974784
chr20_mat	8200000	8400000	0.004856784649906766	-0.7518159937964695	-0.4599472748755855	0.31225858207989926
chr20_mat	8400000	8600000	0.006546675220953582	-0.48019790283138525	0.12430148033525207	0.27863647263356733
chr20_mat	8600000	8800000	0.00475091161197292	-0.5770056059269459	-0.020152530474472324	0.23139895543468642
chr20_mat	8800000	9000000	0.005642990424836343	-0.5169793858426223	0.1940284802954079	0.2716706542557177
chr20_mat	9000000	9200000	0.006260232535821148	-0.18726904168517314	0.3807924376241912	0.24311856210751467
chr20_mat	9200000	9400000	0.006798693177658965	-0.07604630620406962	0.4588970552262721	0.3627065846532435
chr20_mat	9400000	9600000	0.007971097649180239	0.8783109411739494	0.2687085815379742	0.3988690602668415
chr20_mat	9600000	9800000	0.007114333393411414	0.44605784165608964	0.5812505978619947	0.4866801739404203
chr20_mat	9800000	10000000	0.006845514730893599	0.5746076215765153	0.23591805539889124	0.37880919566028093
chr20_mat	10000000	10200000	0.005042822591128683	-0.3308185831981577	0.41570455743181395	0.37746874661877095
chr20_mat	10200000	10400000	0.006438966603864078	0.34749052666713537	0.4781162134865683	0.5362307699287974
chr20_mat	10400000	10600000	0.007995423948622708	0.8221743309019395	0.3203041431538692	0.5892267337177426
chr20_mat	10600000	10800000	0.005769984638320941	-0.5424369825353208	0.4506410309447843	0.3032135261670601
chr20_mat	10800000	11000000	0.0049353764256852605	-0.5614137569765837	0.366049075453743	0.3434142127047266
chr20_mat	11000000	11200000	0.007414890191039935	0.9779761622982166	-0.060974169242834754	0.5823045674053281
chr20_mat	11200000	11400000	0.008166237341816323	0.9876539244827	-0.340226967789483	0.7156687447312865
chr20_mat	11400000	11600000	0.00743117512124874	1.0247688283107912	-0.3748368932199864	0.7553623033412358
chr20_mat	11600000	11800000	0.006720215193412162	0.9300010349983144	-0.06657362500506764	0.6881852447497225
chr20_mat	11800000	12000000	0.006676943161448361	0.5538204390695501	0.25005865146738576	0.5405577088390883
chr20_mat	12000000	12200000	0.004352284362833207	-0.6713331439048873	0.1168942460807551	0.25868516786784196
chr20_mat	12200000	12400000	0.004665279438804026	-0.4279290608975649	0.2777384680709573	0.12548210826119127
chr20_mat	12400000	12600000	0.006302432759094321	0.4366914206418472	0.1971087892570207	0.09998269861064753
chr20_mat	12600000	12800000	0.0064437228290812314	0.008492741096121772	0.5587207312285526	-0.012003524036951204
chr20_mat	12800000	13000000	0.005324330692310015	-0.16948052927610205	0.29815929341859837	-0.08040408030910329
chr20_mat	13000000	13200000	0.0061031587989509506	0.1301478341930706	0.2761484818424433	-0.1559152506093072
chr20_mat	13200000	13400000	0.005156447706036302	-0.2429873771536881	0.19058837705123566	-0.21324843988135742
chr20_mat	13400000	13600000	0.006747706815451816	0.377624951005739	0.45248648454758367	-0.2878347799260406
chr20_mat	13600000	13800000	0.007179710661412786	0.7571156939277411	0.23318664399592856	-0.41486848580573105
chr20_mat	13800000	14000000	0.007937066797276262	1.093917732977931	-0.08252227333885773	-0.5608808897364388
chr20_mat	14000000	14200000	0.008062198774999408	0.8197840462779397	0.27269120520570445	-0.516938918499691
chr20_mat	14200000	14400000	0.00837102288816632	0.7642434872365919	0.4138645486661636	-0.4778773421040247
chr20_mat	14400000	14600000	0.004925967211116729	-0.7420210066881247	0.3420551484365143	-0.3360985568611707
chr20_mat	14600000	14800000	0.006729372417052267	-0.3363655617609221	0.6546137712128107	-0.4208385814076694
chr20_mat	14800000	15000000	0.007588933413435542	-0.052505719132215745	0.6612954643252061	-0.3338354908499689
chr20_mat	15000000	15200000	0.005000283879795774	-0.37345510559297795	0.26686535930118804	-0.27641535089300306
chr20_mat	15200000	15400000	0.005994754834877239	0.7175378125658454	0.032450059909987686	-0.13866582982989797
chr20_mat	15400000	15459785				
chr21_mat	0	200000	0.008568856207060537	-0.6636615428890708	0.12342240518163702	0.03732798519430573
chr21_mat	200000	400000	0.008219492472021422	0.18157994082067655	-0.005160503624585576	0.011498705524579409
chr21_mat	400000	600000	0.006983525219531578	-0.13845470620208258	0.07601728015623613	-0.1163011559570652
chr21_mat	600000	800000	0.006891713935558767	0.1357035454412832	-0.042757038055296986	-0.07249501719136797
chr21_mat	800000	1000000	0.005617025733499671	-0.48573705021715075	0.058181621457176536	-0.34071918255801087
chr21_mat	1000000	1200000	0.004486196089829675	-0.4663828325797739	-0.19648779446086795	-0.4132137623154196
chr21_mat	1200000	1400000	0.006835005633959535	0.3869977986897333	-0.28032661944498766	-0.33500910079900015
chr21_mat	1400000	1600000	0.005544156036371999	-0.10520048926760846	-0.4635950473998039	-0.28265177138028313
chr21_mat	1600000	1800000	0.0049514324828692086	-0.5515386042666585	-0.3878401894414292	-0.3204202311842562
chr21_mat	1800000	2000000	0.004955011194912201	-0.4658169343580917	-0.32293207672878976	-0.3858069221801883
chr21_mat	2000000	2200000	0.004686911707577355	-0.3819719240827463	-0.45965468165568074	-0.468633773127411
chr21_mat	2200000	2400000	0.0055628012786233085	-0.02800476500569953	-0.5264782048129085	-0.3349974728020902
chr21_mat	2400000	2600000	0.005413635960881062	-0.15373260592501273	-0.9170610198809793	-0.47306565608946627
chr21_mat	2600000	2800000	0.006851787181870758	0.6763094616115687	-0.4993722462051817	-0.47532743275055334
chr21_mat	2800000	3000000	0.007361641557327823	0.7652520065258893	-0.2180615705085426	-0.30434069743672354
chr21_mat	3000000	3200000	0.006561620166064156	0.3582712602951258	-0.21611250046885708	-0.26105321298127504
chr21_mat	3200000	3400000	0.006766419488766924	0.26668600841148954	-0.12568660645139035	-0.06729575491045853
chr21_mat	3400000	3600000	0.006732089460173303	-0.09547545756995533	-0.0230836741791719	0.12497115319596011
chr21_mat	3600000	3800000	0.005861485822929978	-0.08513179477950539	-0.19183355853154288	0.4164298546521246
chr21_mat	3800000	4000000	0.00529823590004714	-0.1791346870375151	-0.6650151849622198	0.5745277496160555
chr21_mat	4000000	4200000	0.006796449252375286	0.4389460790358373	-0.6255358753185335	0.6292074862587611
chr21_mat	4200000	4400000	0.005860036532885313	0.1381319042814663	-0.8388956574937647	0.7412555728253704
chr21_mat	4400000	4600000	0.004547805772820467	-0.45445114465278	-0.23992211957483683	0.488100164448212
chr21_mat	4600000	4800000	0.004752628026619005	-0.37163981844683786	-0.44008043260170493	0.5113561660970871
chr21_mat	4800000	5000000	0.005243269636694892	-0.1774553233134482	-0.48067605556843146	0.4389118562975022
chr21_mat	5000000	5200000	0.005190787196586361	-0.38850493254851215	-0.15361542158698313	0.26663451544138767
chr21_mat	5200000	5400000	0.005722585178623426	-0.6487543030641306	0.43707011781971106	0.3024004476366788
chr21_mat	5400000	5600000	0.005201080832467168	-0.6623305568674887	0.28207427889441705	0.24416197107451112
chr21_mat	5600000	5800000	0.004773472631954207	-0.7287470268633872	0.4221012911327376	0.09677271357396669
chr21_mat	5800000	6000000	0.005634881976920386	-0.04142733866960785	0.16674041883214488	-0.01870169651757159
chr21_mat	6000000	6200000	0.006832386189593081	0.9912585911729586	0.3540745054497296	0.16554257233603822
chr21_mat	6200000	6400000	0.008791225550275467	0.47238924311137614	0.26000392802912126	0.11080451933270573
chr21_mat	6400000	6600000	0.004964395557769402	-0.7157119263091337	0.2787146992596632	-0.09968836458802321
chr21_mat	6600000	6800000	0.005564902170127492	-0.2648750045553919	0.08768636154977107	0.05828420036270819
chr21_mat	6800000	7000000	0.005689282093544966	-0.17885289096222362	0.06394953454918753	0.02167767925465712
chr21_mat	7000000	7200000	0.009109743182352555	0.8839802355169988	0.2511663667527364	0.1968154456647445
chr21_mat	7200000	7400000	0.009849952543475335	0.89472725989665	0.25079944630568574	0.12779977108836832
chr21_mat	7400000	7600000	0.00795009096464193	0.5929262943389085	0.2208450518457703	-0.01833146880948212
chr21_mat	7600000	7800000	0.005165461339733576	-0.5163652596036296	0.3514657065190026	-0.10299054970986471
chr21_mat	7800000	8000000				
chr21_mat	8000000	8001925				
chr22_mat	0	200000				
chr22_mat	200000	400000	0.005137918435422995	-0.45438682824155663	-0.4647207941470677	-0.4337142489932733
chr22_mat	400000	600000	0.007265824068530545	-0.3827903925633837	-0.46052822402999705	0.31596011100972315
chr22_mat	600000	800000	0.006222334851118111	-0.7898433283028086	-0.5547622161938337	0.12543654396734485
chr22_mat	800000	1000000	0.006476136883531116	-0.7315686473649463	-0.4624429163654449	0.27388908405051754
chr22_mat	1000000	1200000	0.009086776437133312	0.277102545113533	-0.3278686970399331	0.5944438732092655
chr22_mat	1200000	1400000	0.009520452303874395	0.8351993485274499	-0.29286886786066163	0.2711606483174054
chr22_mat	1400000	1600000	0.006825776641411617	-0.03205055130776593	0.017414186804136624	0.5007589580465811
chr22_mat	1600000	1800000	0.0057454667389887255	-0.34502154656601336	0.4047345575638863	0.45051542368981146
chr22_mat	1800000	2000000	0.0073916443352199795	-0.9094227184856013	0.7277744021485626	0.08843069759348433
chr22_mat	2000000	2200000	0.0067026237954374325	-0.451979704744644	0.27569152662291446	0.5309252024071013
chr22_mat	2200000	2400000	0.005802592463150292	-0.40435894152576124	-0.031103755936099646	0.38633250701884175
chr22_mat	2400000	2600000	0.00534677904091452	-0.24232894408633507	-0.39607672284580553	0.4626005107158546
chr22_mat	2600000	2800000	0.005671460994843151	0.0499489684016033	-0.4693155054223269	0.5574059179863912
chr22_mat	2800000	3000000	0.006042687684406795	0.6724953375971481	-0.43554080349177315	0.19791037380031945
chr22_mat	3000000	3200000	0.005035994101036167	0.02559736545022381	-0.3099235567636237	0.04328503883903371
chr22_mat	3200000	3400000	0.006417186328871123	0.9145046249265274	-0.4061595716615236	-0.1572245282834684
chr22_mat	3400000	3600000	0.00658932428111608	0.8376686983729881	-0.31633786668705277	0.4207264559716816
chr22_mat	3600000	3800000	0.005640177614630174	-0.4371550908540613	0.2515041131945402	0.5594723803919276
chr22_mat	3800000	4000000	0.004343635273580109	-0.7783363564556643	0.17497801677157257	0.20607050132379623
chr22_mat	4000000	4200000	0.005503960128701271	-0.6564705600721246	0.041920487171730365	-0.3105256578811064
chr22_mat	4200000	4400000	0.006546883884002128	-0.3462552998924521	-0.17811594252056667	0.008992496086272932
chr22_mat	4400000	4600000	0.0055137083591818795	-0.5931202505095952	-0.6858892047116859	-0.5941384135847515
chr22_mat	4600000	4800000	0.005051040435243225	-0.8984765610608838	-0.840859854783679	-0.08176093142610547
chr22_mat	4800000	5000000				
chr22_mat	5000000	5052704				
chr23_mat	0	200000				
chr23_mat	200000	400000	0.0041097060091746795	-0.1962846875683488	0.23340741865977824	-0.05580843147525479
chr23_mat	400000	600000	0.005346051571750805	0.07804387525785828	0.2067554982328976	0.038743306876651305
chr23_mat	600000	800000	0.005842501954881756	-0.294227559882224	0.10854721443895475	0.2971256486713586
chr23_mat	800000	1000000	0.0075224732821156624	0.6394023293469173	-0.11915359207252266	0.14699536723521883
chr23_mat	1000000	1200000	0.006140516723194243	0.1678756855675697	-0.18497476212414177	0.18986572162932405
chr23_mat	1200000	1400000	0.005632841002869016	-0.25341106850904926	-0.292674667091566	0.29073668223096055
chr23_mat	1400000	1600000	0.004852246884014821	-0.3225701903599991	-0.35064630761002563	0.4365317138980539
chr23_mat	1600000	1800000	0.006833012938446923	0.23645475333021895	-0.4255675512993255	0.6594271272079603
chr23_mat	1800000	2000000	0.0080157652829186	1.1504707085092312	-0.45321444025633884	0.1760734109597659
chr23_mat	2000000	2200000	0.005657221476568562	-0.047200159893649785	-0.6945997639493385	0.8141859765696253
chr23_mat	2200000	2400000	0.006461586607790327	-0.4492593126009921	-0.9946811635556304	0.8762911657221074
chr23_mat	2400000	2600000	0.0053030409469728215	-0.948015890147751	-0.8370547589069884	0.07509621488174108
chr23_mat	2600000	2800000	0.0048924164919162795	-0.8342613947352403	-0.6490858413223631	-0.34707206777797517
chr23_mat	2800000	3000000	0.004729121504768969	-0.8156372347292645	-0.4405471670340355	-0.2592186873591639
chr23_mat	3000000	3200000	0.005311794889285672	-0.4905072609664906	-0.34763759990253557	0.12459906853764809
chr23_mat	3200000	3400000	0.005986034585086813	-0.6038883665318777	-0.20518445663183127	-0.1473308758810186
chr23_mat	3400000	3600000	0.00626581641090399	-0.6625780502599021	0.04140383644663694	-0.2597557192276343
chr23_mat	3600000	3800000	0.005405187661482258	-0.7359038468448482	0.401267102195474	-0.3692435561008176
chr23_mat	3800000	4000000	0.00635647957222717	-0.8589271620297364	0.7694298734254377	-0.016154510701170414
chr23_mat	4000000	4200000	0.005750426156879416	-0.8873816340779317	0.7532634006570527	-0.14117095858196807
chr23_mat	4200000	4400000	0.004783353153812521	-0.8480195709804358	0.8629865114617037	0.42035743896913835
chr23_mat	4400000	4600000	0.005787452011067801	-0.44758774219490804	0.8616892594041956	0.807289569874001
chr23_mat	4600000	4800000	0.006265059691191992	-0.24667548638125014	0.8369319199254492	1.007289202717059
chr23_mat	4800000	5000000	0.00968812358073449	0.6506059421286446	0.6279998322952333	0.7497867489429548
chr23_mat	5000000	5200000	0.008749168110737207	0.9137860102249297	0.38733163811402976	0.1937353343477158
chr23_mat	5200000	5400000	0.00845507483514957	0.7928709559541919	0.27596203127279195	-0.0439411191044762
chr23_mat	5400000	5600000	0.007755553372234188	0.9371395947530949	0.12305352414553307	-0.29186536511356803
chr23_mat	5600000	5800000	0.006217099325670874	-0.09842237099922715	0.20937903982941458	0.4370397017065623
chr23_mat	5800000	6000000	0.005934633596665958	0.2554110294958299	0.04456933719379881	0.21322190150639056
chr23_mat	6000000	6200000	0.007573896316237701	0.8475937433718513	-0.04040782198427286	-0.26737547815954554
chr23_mat	6200000	6400000	0.007347232618341521	0.8259516411000506	-0.2516716564005253	0.24987940278254542
chr23_mat	6400000	6600000	0.006781209066232438	0.21430695273261785	-0.22328078199059828	0.6725812220957118
chr23_mat	6600000	6800000	0.004394952191173719	-0.6539276140953431	-0.3975812999557354	0.29420485612035646
chr23_mat	6800000	6987744	0.007353427465018547	-0.26487321703415534	-0.20285161099876334	0.5213975880016178
chr24_mat	0	200000	0.011554021729810644	0.31118476951533	0.65558144927156	-0.27146882692329205
chr24_mat	200000	400000	0.009020388218420251	0.49267944460698415	0.2885318912803539	-0.21254960630613845
chr24_mat	400000	600000	0.004444451719192292	-0.6015496845320482	-0.23544554536829257	-0.040082299717512405
chr24_mat	600000	800000	0.006941017601212134	0.7155515023256114	-0.18460127445873906	-0.4235938083826555
chr24_mat	800000	1000000	0.0072959727821217775	0.7358067229941878	-0.47025166122006173	-0.5434299836279131
chr24_mat	1000000	1200000	0.007048830130887066	0.5010465770568399	-0.6113329096671266	-0.42956643617467843
chr24_mat	1200000	1400000	0.007735718461245649	0.7477298692492335	-0.2589109559999223	-0.35380453583716265
chr24_mat	1400000	1600000	0.007964789433542088	0.7047499797295164	0.305281202686595	-0.17945847501923937
chr24_mat	1600000	1800000	0.008366523931466406	0.8309404559137852	0.3797362529065775	-0.16371563895360988
chr24_mat	1800000	2000000	0.00610386585827227	-0.14049247928106653	-0.19548008522558757	0.15155163283973339
chr24_mat	2000000	2200000	0.005219843658587621	-0.6170078779830487	-0.28013317669328586	0.2594456777459111
chr24_mat	2200000	2400000	0.007649296740877167	0.20254709391328823	-0.5645043985928648	0.1527426938699868
chr24_mat	2400000	2600000	0.006262965689329787	-0.18458958057376304	-0.18185246595624724	0.22326915297441133
chr24_mat	2600000	2800000	0.006634000820139206	0.14020488817453167	0.11547261461811946	0.2544418341301065
chr24_mat	2800000	3000000	0.008277648413376332	0.7620897554683004	0.5313999924354791	0.5616979024783574
chr24_mat	3000000	3200000	0.0092653556515649	0.6541590987747992	0.5868031137712985	0.7859518637991321
chr24_mat	3200000	3400000	0.008803123683159194	0.6543396763924672	0.6266300482576092	0.7627511924728888
chr24_mat	3400000	3600000	0.009273375718700646	0.772129503072508	0.37850027655061796	0.5427744479754957
chr24_mat	3600000	3800000	0.006201512083492545	-0.2532635859585335	-0.1600762429981067	0.35236483913349614
chr24_mat	3800000	4000000	0.008220979728371585	0.7140011226676675	0.37131444738002467	0.42276833126001206
chr24_mat	4000000	4200000	0.007904787322845063	0.8634307486150691	-0.144008051445521	0.45201071722931374
chr24_mat	4200000	4400000	0.0065539833695058515	0.154519649404823	-0.45903062920270615	0.38219687833737603
chr24_mat	4400000	4600000	0.007546532882965842	0.5851473490327234	-0.521774838365502	0.6016740468038987
chr24_mat	4600000	4800000	0.007592474621686183	0.7689587540859891	-0.4376174950477137	0.5885096668828192
chr24_mat	4800000	5000000	0.006283100913741927	-0.3055963486410468	-0.5530597982638545	0.1629782710269492
chr24_mat	5000000	5200000	0.007461436045623531	0.23445865141978653	-0.706971661942265	0.2521822362497801
chr24_mat	5200000	5400000	0.005414509736186353	-0.571688266438448	-0.3269553965832231	0.28452725414757574
chr24_mat	5400000	5600000	0.007399727499424606	0.694866523447974	-0.6948494831157976	0.1489606486549461
chr24_mat	5600000	5800000	0.00711114210667321	-0.0826488065500436	-0.6333236451453659	0.2171874381385632
chr24_mat	5800000	6000000	0.0069480745569229325	-0.05929717111967229	-0.4944954913879604	0.23927783475114353
chr24_mat	6000000	6200000	0.00604659185652532	-0.3953296867741421	-0.4187109966998241	0.28378782917403317
chr24_mat	6200000	6400000	0.007895216187635359	0.4703199867659728	-0.6081805642936686	0.14592854850063933
chr24_mat	6400000	6600000	0.009599772455978877	0.4077852242577701	-0.658874986881666	-0.013967300184381075
chr24_mat	6600000	6800000	0.00831267753961214	-0.2923626661077423	-0.3127260999686219	0.2619714501174735
chr24_mat	6800000	7000000	0.006161655889251662	-0.5383151322476981	-0.20178132772086824	0.3844554940538375
chr24_mat	7000000	7200000	0.009661007802469724	0.7923935893606773	-0.4263165612152784	0.12539957313826094
chr24_mat	7200000	7400000	0.007392523976852948	-0.20961113499950285	-0.3737336471278808	0.2865845143492681
chr24_mat	7400000	7600000	0.004700774140372307	-0.8701369346259812	0.15612141009284572	0.5990116712848655
chr24_mat	7600000	7800000	0.009259891756635833	-0.9104001410237903	0.37393911527811236	0.7292815141115242
chr24_mat	7800000	7809384				
chr25_mat	0	200000				
chr25_mat	200000	400000				
chr25_mat	400000	600000				
chr25_mat	600000	800000	0.021899558431604127	0.30418329563920316	0.3914344574677361	0.03530592394201761
chr25_mat	800000	1000000	0.023727522615072296	0.5546908996345966	1.1840837951114385	-0.9666152534800698
chr25_mat	1000000	1200000	0.03417048036593833	1.0370588893269652	1.5982427711099092	-1.5214661701689953
chr25_mat	1200000	1400000	0.05204015496836517	0.9470124752534581	0.5375802670288461	0.45801729963569365
chr25_mat	1400000	1600000	0.05633473307678773	0.8410019978961947	0.377645137618084	0.2612388284837655
chr25_mat	1600000	1800000	0.03335456782036733	0.7939614917577873	0.8550509659829584	-0.5911217573956566
chr25_mat	1800000	2000000	0.05790311889459224	1.1309390538768718	0.8855160385259431	0.27744918146173786
chr25_mat	2000000	2200000	0.06095303592358272	0.6904765696501551	0.30126550342262276	0.5093294385960672
chr25_mat	2200000	2400000	0.06519568842824688	0.9743138485978335	0.5316288864271994	0.7458618060811321
chr25_mat	2400000	2600000	0.04531304050410413	0.6637122723363226	0.1470595863414533	0.41508329598314125
chr25_mat	2600000	2800000	0.04608054922008496	0.6616281256279553	0.12742192766742869	-0.3416836906627553
chr25_mat	2800000	3000000				
chr25_mat	3000000	3200000	0.05813415211462352	0.8941681510558759	-0.1694998610568024	0.6751106158435773
chr25_mat	3200000	3400000	0.035549011983098344	0.8385308455580195	-0.3497051979392686	0.1767007966709118
chr25_mat	3400000	3600000	0.06466043409407594	0.48294973751646764	0.24944219614549548	-1.4544855630816667
chr25_mat	3600000	3800000				
chr25_mat	3800000	4000000	0.05925700542001265	1.0171104481575675	-0.7581103667993633	0.6720417089187408
chr25_mat	4000000	4200000	0.029818321292575466	0.5790935890333998	-0.4552660251974882	0.45176823367770313
chr25_mat	4200000	4400000	0.0243254984022968	0.9136317647416485	-0.49603808157870016	0.5597478448480018
chr25_mat	4400000	4600000	0.030768794743983363	0.8892051846106718	-1.073831630798842	-0.7708630397798482
chr25_mat	4600000	4800000	0.04556621938470145	1.0830159062790266	-0.947284777676933	-0.1367852952699226
chr25_mat	4800000	5000000	0.036815943687511676	1.171663469530895	-1.7272119973167424	-1.394577883131774
chr25_mat	5000000	5200000	0.008559469587539349	-0.14713965298077297	-0.5440653634808327	-0.8723003669701814
chr25_mat	5200000	5400000	0.004911364137032838	-0.6430859252247183	-0.17184601615883027	-0.3282844118335838
chr25_mat	5400000	5600000	0.006334753360505497	-0.6002893356319023	-0.12352069628091075	-0.29601822670956973
chr25_mat	5600000	5800000	0.011307261644125856	-0.011138362906092372	-0.6501637169398111	-0.4772881529244187
chr25_mat	5800000	6000000	0.007211592959092996	-0.5618546550018323	-0.14562756527811918	-0.35315512987839887
chr25_mat	6000000	6200000	0.005232444007581317	-0.8467421674335822	-0.04966892478301988	-0.012034251829253946
chr25_mat	6200000	6400000	0.006197379101019881	-0.7909214883863466	-0.18480180460461104	-0.011192695740851466
chr25_mat	6400000	6600000	0.010039241140890814	-0.8267115981687273	-0.11847056855829619	0.018562201260763342
chr25_mat	6600000	6800000	0.007552883072614619	-0.7472517446781981	-0.18368031681259017	-0.04976797566098311
chr25_mat	6800000	7000000	0.005051279309941634	-0.8224056075176905	-0.06836320154857564	0.007168102775314913
chr25_mat	7000000	7200000	0.005153336800217587	-0.8356882082926741	0.0045312150018600806	-0.13159791100701335
chr25_mat	7200000	7400000	0.00601562581220961	-0.09612928695717637	-0.23355922516085248	-0.3247520791925286
chr25_mat	7400000	7600000	0.00953181622807469	1.487221880339788	-0.5951824286118573	0.2851167577569945
chr25_mat	7600000	7800000	0.005821771339667454	0.12399866647930781	-0.25556753204318367	-0.3732190016725397
chr25_mat	7800000	8000000	0.005606340186078059	-0.20027914309303452	-0.16597791794353567	-0.8206425540177207
chr25_mat	8000000	8199455				
chr26_mat	0	200000	0.005092885544093098	-0.2770183615321467	-0.05524436540297638	0.14747729914393534
chr26_mat	200000	400000	0.006164021786832974	0.04839515492698812	0.2575750774508243	-0.09720659073479193
chr26_mat	400000	600000	0.006068046780346747	-0.1660685537248529	0.3827345531180411	-0.1773968756478614
chr26_mat	600000	800000	0.0098928564333507	0.5683486022332044	0.5075737571711447	-0.5882061669313297
chr26_mat	800000	1000000	0.009423249446489023	0.795427441505999	0.38555151501607415	-0.5008093860210936
chr26_mat	1000000	1200000	0.005882323673576792	-0.37853076759232207	0.6375079637393639	-0.40196659480422636
chr26_mat	1200000	1400000	0.005450966686932588	-0.7276390659282764	-0.1114564358501826	0.11422840889793168
chr26_mat	1400000	1600000	0.006536539047386476	-0.27422659345293254	0.6459384948173507	0.23078637578050273
chr26_mat	1600000	1800000	0.005599873460162465	-0.6692785056213599	0.07016486590584263	0.4626317671401894
chr26_mat	1800000	2000000	0.006294328481933871	-0.025873215045578424	0.6897139667232283	0.14794990484268145
chr26_mat	2000000	2200000	0.007721228128649292	0.44232081634767423	0.5957643994752424	0.36002118399435384
chr26_mat	2200000	2400000	0.005939833737704636	-0.2125185483377668	0.29699319078942105	0.2129663952029121
chr26_mat	2400000	2600000	0.006233244794111646	-0.21212354571742936	0.35445522587480033	0.31320949451629465
chr26_mat	2600000	2800000	0.005702369743436037	-0.19762503770251655	0.29600038111516114	0.26466998332805314
chr26_mat	2800000	3000000	0.005756394713405663	0.5793537296072483	-0.10354341686312717	0.45202631310488456
chr26_mat	3000000	3200000	0.005419830650464847	0.16136607041877268	0.1150649154933126	0.20134216355841397
chr26_mat	3200000	3400000	0.00793682239854283	0.5925113053984978	0.07122263217266993	0.31203175836810515
chr26_mat	3400000	3600000	0.004784823990317816	-0.32633486075320134	0.02827404833810677	0.13200391325569855
chr26_mat	3600000	3800000	0.0052108771943126025	-0.1223289684995696	0.10387635918018259	0.19338091558918108
chr26_mat	3800000	4000000	0.006355318783687585	0.3256795043091002	0.12816346179179414	0.39202961735338543
chr26_mat	4000000	4200000	0.005389945735490516	-0.12402595252433758	0.16120215108924335	0.22273566910898634
chr26_mat	4200000	4400000	0.005430802090247695	-0.12335654747321088	0.053337525132335285	0.18337912099288428
chr26_mat	4400000	4600000	0.005181865358309628	0.04827697558874332	-0.11716511278317514	0.14978496783928535
chr26_mat	4600000	4800000	0.008299888607332282	0.6196070733594332	0.0603527270405349	0.5058816535101146
chr26_mat	4800000	5000000	0.008134087458821352	0.3401378019398844	0.2925377988074254	0.25597395801814526
chr26_mat	5000000	5200000	0.005341541025790311	-0.38140430757843236	0.25686191631642935	-0.10800043482760209
chr26_mat	5200000	5400000	0.006215579711267297	0.03564682149954997	0.41323282363322417	0.05354432673729902
chr26_mat	5400000	5600000	0.006178517027050187	-0.016613015548749343	0.3606031075467938	0.10096212032821568
chr26_mat	5600000	5800000	0.004462458527751403	-0.7441891681102826	0.021357248088275063	0.22806094885587105
chr26_mat	5800000	6000000	0.005279261875457095	0.13620481044179988	0.1580443709032502	0.31770260845253784
chr26_mat	6000000	6200000	0.005183735918184723	-0.08448763448786926	0.11699595639299104	0.24555681567031065
chr26_mat	6200000	6400000	0.005850132876089364	-0.09521160135682932	0.3110143778408225	0.036484452872756756
chr26_mat	6400000	6600000	0.006814978573470554	0.6034629346075567	-0.1625591869625668	0.2723175215116038
chr26_mat	6600000	6800000	0.009804982652260185	0.2801506111838803	-0.4568678729560371	0.387079698620657
chr26_mat	6800000	6902691				
chr27_mat	0	200000				
chr27_mat	200000	400000	0.006058826770633796	0.10390415823640303	0.6922218677748688	-0.27333059433513296
chr27_mat	400000	600000	0.004491414675629188	-0.7677812939483747	0.030541052625337083	0.028978790158374658
chr27_mat	600000	800000	0.007120898163508796	-0.5601320647951263	-0.4628045177014412	0.22933955488007224
chr27_mat	800000	1000000	0.006719520839981811	-0.6710603085908518	0.4046794808478879	-0.19774842054622746
chr27_mat	1000000	1200000	0.0070785329603112275	-0.29721829774684727	0.5854620458441393	-0.01442890544147528
chr27_mat	1200000	1400000	0.0059718054307821835	-0.014802752502454669	0.4082877627475064	0.050210369167302024
chr27_mat	1400000	1600000	0.006196071256165057	-0.46629962084608506	0.47796976995215096	0.05849293893610887
chr27_mat	1600000	1800000	0.007557443644725656	0.2143198304207424	0.7705686544887286	-0.3425139359514558
chr27_mat	1800000	2000000	0.006697538107039966	-0.018940204672220688	0.42077684568190843	-0.014857241970471469
chr27_mat	2000000	2200000	0.0052855159302989205	-0.5410331098274204	-0.0688085334024208	0.0979045359560764
chr27_mat	2200000	2400000	0.004892709040298524	-0.611479645782323	-0.6445108381202634	0.5867458152260684
chr27_mat	2400000	2600000	0.005797740231941877	-0.6191782349653971	-0.0624639512517736	0.3438931055998069
chr27_mat	2600000	2800000	0.006722984562265582	0.04241872855845648	0.37969628957368096	0.24481903712969016
chr27_mat	2800000	3000000	0.0059893027391414635	-0.3644753674972951	0.3181898982766853	0.3688166126468215
chr27_mat	3000000	3200000	0.006320244831643946	-0.506149820185909	0.10673359848665516	0.4075317183000922
chr27_mat	3200000	3400000	0.006016428878698253	-0.5831185589766992	0.02950194626524311	0.37360973233579936
chr27_mat	3400000	3600000	0.004675744121718618	-0.6660979047514785	-0.1798689219468044	0.3891325547980878
chr27_mat	3600000	3800000	0.0055216932036877275	-0.24947821807772855	0.4031936833152858	0.3979475910576061
chr27_mat	3800000	4000000	0.005518090254662221	-0.5372408246026965	0.290084349823022	0.33253197240121496
chr27_mat	4000000	4200000	0.006108449959635494	0.032723518741624005	0.3707001565266703	0.40537958997327295
chr27_mat	4200000	4400000	0.008115023571857108	0.4374494877930716	0.2731639394033216	0.3958190099227286
chr27_mat	4400000	4600000				
chr27_mat	4600000	4800000	0.005700479489169384	-0.05841096333047894	0.31984975152384304	0.46696407314720395
chr27_mat	4800000	5000000	0.008673838960400866	0.9200754529594094	-0.060977051843118635	0.7859679018390803
chr27_mat	5000000	5200000	0.008659706139870953	0.9136630753331485	-0.20671697503733028	0.8652415859214818
chr27_mat	5200000	5400000	0.007344418384107805	0.3978643934157242	0.5118534713794541	0.4923222943771861
chr27_mat	5400000	5600000	0.008371900919434775	-0.054534811858682065	0.4456445169392613	0.28345737382621783
chr27_mat	5600000	5800000				
chr27_mat	5800000	5843241				
chr28_mat	0	200000				
chr28_mat	200000	400000	0.006190773607478653	0.05544331144347142	-0.3740391692733861	-0.36945030393648287
chr28_mat	400000	600000	0.005678934219206725	-0.430383690180035	-0.17852840649131033	-0.30071068246035476
chr28_mat	600000	800000	0.006453635470725017	-0.3827817491227516	-0.1738362926821605	0.18510693901914785
chr28_mat	800000	1000000	0.006018202840834538	-0.23244047967743361	-0.12167038823080022	0.197376230371989
chr28_mat	1000000	1200000	0.006016298559640772	-0.060405313891253906	-0.11343614236617093	0.432228068198749
chr28_mat	1200000	1400000	0.005183676546823537	-0.4932943732987568	-0.1872252939070108	-0.08635818293409135
chr28_mat	1400000	1600000	0.0059306110728061644	-0.32741466775420086	-0.14678157901122427	0.0006882620741753311
chr28_mat	1600000	1800000	0.005793300151033575	-0.13287441020377638	-0.12946193611903853	-0.021650039118213116
chr28_mat	1800000	2000000	0.004941177651533915	-0.050049406409879225	-0.2971597422664834	-0.030685552503567682
chr28_mat	2000000	2200000	0.007712438950171152	0.6697596853578326	-0.7492124935469096	0.46538463298689964
chr28_mat	2200000	2400000	0.007863928831259087	0.8082974052825707	-0.7914551290932852	0.26672293712540424
chr28_mat	2400000	2600000	0.004736364554524211	-0.15915509916619006	-0.02664655324967823	-0.1507782871373387
chr28_mat	2600000	2800000	0.005192073657577609	-0.5168199885188295	-0.5419452224732009	-0.3229285397613809
chr28_mat	2800000	3000000	0.006152214251133019	-0.5112059609144816	-0.3879531689713458	0.06694355093983158
chr28_mat	3000000	3200000	0.00438369710110062	-0.46448983165025887	-0.37401892711279966	0.07941746872973748
chr28_mat	3200000	3400000	0.005038508539239646	-0.5862102346646908	-0.3614276646709554	0.10628597454785144
chr28_mat	3400000	3600000	0.005907497818344817	-0.4728939235570674	-0.3022541418350114	0.0454766193888759
chr28_mat	3600000	3800000	0.007142517451612664	-0.07917672372682893	-0.12595504978133643	0.5161063584285006
chr28_mat	3800000	4000000	0.008148722567058064	0.09810887285962547	-0.07356776698214039	0.6467376336307576
chr28_mat	4000000	4200000	0.004765290408311147	-0.3993148090631674	-0.35070844190612166	-0.06469150496571827
chr28_mat	4200000	4400000	0.005212515114844658	-0.5625869756344806	-0.19585939516422207	0.007819703712912685
chr28_mat	4400000	4600000	0.007804816757361483	-0.1682991259862023	0.1317417141529356	0.7053619626041263
chr28_mat	4600000	4800000	0.0064481436006530125	-0.5443670023890794	0.05472387351213245	0.25354902029454607
chr28_mat	4800000	5000000	0.006155343706189482	-0.5390518868872344	-0.11696690378721261	-0.017227353822115613
chr28_mat	5000000	5200000	0.006767653526160506	-0.5273840101039621	0.18582291732434597	0.3881464237128022
chr28_mat	5200000	5400000	0.004937131636301686	-0.6484390470430734	0.06810036044825651	-0.09485001645894083
chr28_mat	5400000	5600000	0.004839140130403669	0.03403742334905563	-0.21949404958293672	-0.30094591539361126
chr28_mat	5600000	5800000	0.006707766928767644	0.5537142151038643	-0.5677524437129582	-0.395998642830023
chr28_mat	5800000	6000000				
chr28_mat	6000000	6200000				
chr28_mat	6200000	6367150				
chr29_mat	0	200000				
chr29_mat	200000	400000				
chr29_mat	400000	600000				
chr29_mat	600000	800000				
chr29_mat	800000	1000000				
chr29_mat	1000000	1200000				
chr29_mat	1200000	1400000				
chr29_mat	1400000	1600000				
chr29_mat	1600000	1800000				
chr29_mat	1800000	2000000				
chr29_mat	2000000	2200000				
chr29_mat	2200000	2400000				
chr29_mat	2400000	2600000				
chr29_mat	2600000	2800000	0.007117029353664437	0.41707717502640135	-0.3551693073509297	0.05917485510096025
chr29_mat	2800000	3000000	0.007548670259778439	0.8791039768586382	-0.738768759155829	-0.07631101290967421
chr29_mat	3000000	3200000	0.008312589721026362	0.25475689455776873	-0.25766340826112893	0.5854949733494014
chr29_mat	3200000	3400000	0.014182837953265385	-0.5672572169469502	0.21684572738312638	0.3784322636678958
chr29_mat	3400000	3600000	0.007051600903569544	-0.6770853175535744	0.07253036952308241	-0.3160925071189862
chr29_mat	3600000	3800000	0.007017515063077405	-0.5702817104974921	-0.13490922953397283	0.040399456176419324
chr29_mat	3800000	4000000	0.00851038984213543	-0.24667585702986883	-0.03697651779351372	0.4437261558060369
chr29_mat	4000000	4200000	0.006448704667203039	-0.5023092417569884	-0.6151686632555664	-0.4768283891501349
chr29_mat	4200000	4400000	0.005676802925441136	-0.6249715105019292	-0.5660181302291503	-0.17759794961404657
chr29_mat	4400000	4600000	0.006021971281229073	-0.47776697448658345	-0.3266632373226719	0.17077458328532172
chr29_mat	4600000	4800000	0.013558107752622818	-0.2481025645791842	-0.21525203765333195	0.3800429448528607
chr29_mat	4800000	5000000	0.010563564842112655	-0.05426382839817055	-0.21592085122706023	0.47617957219654145
chr29_mat	5000000	5200000	0.005744712613047995	-0.455600532848957	-0.13591363593663136	0.1656770068185426
chr29_mat	5200000	5400000	0.005176042519687528	-0.04753435172581978	-0.19058876876932968	0.3186441973174444
chr29_mat	5400000	5600000	0.014182699765904352	-0.1493391238854387	0.0377259702557844	0.21275125111839088
chr29_mat	5600000	5689316				
chr30_mat	0	200000	0.008651320404435685	-0.8027107012513149	-0.38163128806461555	-0.2748356623484339
chr30_mat	200000	400000	0.006078054887974882	-0.9520273336998085	-0.40681665244032217	-0.06984529504415
chr30_mat	400000	600000	0.008492027424254466	-0.989099375400647	-0.45950208645098645	-0.11125275092198689
chr30_mat	600000	800000	0.012188143766011444	-0.9126520007787231	-0.39566684694696735	-0.21919920567512827
chr30_mat	800000	1000000	0.005082392675977589	-1.004887679498001	-0.4064392572334267	0.04845636170913669
chr30_mat	1000000	1200000	0.00925533751867292	-0.5956732411376143	-0.8126523052429273	-0.7129137466068947
chr30_mat	1200000	1400000	0.011995398069551653	-0.7423866355561721	-0.6038549936901957	-0.49811102655641826
chr30_mat	1400000	1600000	0.00872049156269651	-0.8817250266347971	-0.4036065925532918	-0.38346137543214026
chr30_mat	1600000	1800000	0.014707936143370577	-0.4548230538640291	-0.7614900787552982	-0.9009339851075575
chr30_mat	1800000	2000000	0.008992259726848533	-0.8238022043804522	-0.35180497492211205	-0.10012990994440206
chr30_mat	2000000	2200000	0.009046668514859014	-0.18073830279104003	-0.8081348795265431	-0.8310788464846621
chr30_mat	2200000	2400000	0.01133019297692664	-0.005016208418578994	-0.6326753178198773	-0.5571112704785843
chr30_mat	2400000	2600000	0.022301543279340738	1.040686697930348	-0.9921088255203815	-0.5704239235525393
chr30_mat	2600000	2800000	0.02083044796113556	0.8290117320463968	-0.8794956913379418	-0.588530414129331
chr30_mat	2800000	3000000	0.015515076321851423	0.6531278547427676	-0.7848824872355634	-0.5425252393916827
chr30_mat	3000000	3200000	0.01787366932675369	0.8577029690277724	-0.6891503581693498	0.032226737624384945
chr30_mat	3200000	3400000	0.016312578389339524	0.6578598224587355	-0.7017995891718738	0.03136110658264781
chr30_mat	3400000	3600000	0.023765376786370987	0.6943247557632782	-0.7192511374488687	0.06336775597540736
chr30_mat	3600000	3800000	0.01706483889667483	0.7187565991482852	-0.7681033394209212	0.04346868688754331
chr30_mat	3800000	4000000	0.017038275604195487	0.6728821068012542	-0.6470578035184353	0.17118973541346338
chr30_mat	4000000	4200000	0.01640725845657592	0.5962222044316777	-0.5616114498630874	0.3944774874641693
chr30_mat	4200000	4400000	0.02469089755630698	0.8033052679654846	-0.41342068783234437	0.036545508974005804
chr30_mat	4400000	4600000	0.014575471414402767	0.3819506709284087	-0.5430650193880652	-0.3224087940254362
chr30_mat	4600000	4800000	0.014718223198082666	0.49763076218464586	-0.3460758628065886	-0.05982354970668619
chr30_mat	4800000	5000000	0.018649406798018173	0.668706856161847	-0.41160916982731877	0.09483178473614803
chr30_mat	5000000	5200000	0.017646613254243958	0.6052578670523493	-0.29964084242877626	0.17783222123072598
chr30_mat	5200000	5400000	0.018001975168890332	0.6514889897763978	-0.3929296158067722	-0.09668351330870441
chr30_mat	5400000	5600000	0.013526943335316566	0.3052572581002976	-0.19978717215286326	-0.04833288198035797
chr30_mat	5600000	5800000	0.019469919147477154	0.6321563760666933	-0.17151102855466216	0.09198863432627245
chr30_mat	5800000	6000000	0.017148967480484924	0.2923162916596706	-0.12125925088657057	-0.5034940472478394
chr30_mat	6000000	6200000	0.014976043898518107	0.35073123457484856	-0.29327775810679646	-0.34209294394591255
chr30_mat	6200000	6400000	0.018262055332731092	0.7365006248525076	-0.26269945953853213	-0.17852914091054248
chr30_mat	6400000	6600000	0.023982020218623282	0.6093904869357729	-0.3239867436353446	0.24409705362302217
chr30_mat	6600000	6800000	0.017570487786639895	0.6085792037820226	-0.290467695178956	0.4045176460553702
chr30_mat	6800000	7000000	0.01766573726400015	0.638523544663692	-0.2446884472800172	0.3432208504193931
chr30_mat	7000000	7200000	0.02123894505766487	0.5576382649484685	-0.14500218813019772	0.30290041695113723
chr30_mat	7200000	7400000	0.015206879967058894	0.5579121468183864	0.08522882782345523	0.22085251738533368
chr30_mat	7400000	7600000	0.017186455309629266	0.5385777302962999	0.033312310026901784	0.32760098316123715
chr30_mat	7600000	7800000	0.021422393104801783	0.7249277151598345	0.24726781156101432	0.11175067827646153
chr30_mat	7800000	8000000	0.017194036820605524	0.39240134772064705	0.17341388666477583	-0.2634439459675099
chr30_mat	8000000	8200000	0.016406624035142214	0.6308066862778028	0.4447542591617385	-0.27806639870894845
chr30_mat	8200000	8400000	0.018788818314984534	0.6205825909121131	0.535835548530218	-0.1643514838298364
chr30_mat	8400000	8600000	0.02238716138114038	0.5948976883305106	0.45149537921116617	0.15187077523576736
chr30_mat	8600000	8800000	0.018349178671279394	0.6589736868331363	0.6639943800016258	-0.22694487572892005
chr30_mat	8800000	9000000	0.016676654823754678	0.677992316439614	0.712582454014925	-0.4546807872946459
chr30_mat	9000000	9200000	0.024757357038742257	0.7789112869753763	1.2356102878687676	-0.961154173283705
chr30_mat	9200000	9400000	0.01779123066198476	0.421157893367217	1.4642010164641557	-1.5679764626436699
chr30_mat	9400000	9600000				
chr30_mat	9600000	9800000				
chr30_mat	9800000	10000000				
chr30_mat	10000000	10075530				
chr31_mat	0	200000	0.014339909263411827	1.9743641260474125	-2.2878751342135417	-1.2036897513035771
chr31_mat	200000	400000	0.00827999179535087	0.012503538643140431	-0.7175242298748338	-1.0332384475779754
chr31_mat	400000	600000	0.011212071433419213	-0.28932630186725866	-0.46608091232595106	-0.7196779356078231
chr31_mat	600000	800000	0.012131011433019881	-0.8171192840833574	-0.0897960024645049	-0.8278630785728484
chr31_mat	800000	1000000	0.010678258815984564	-0.5997730118438566	0.02601155195123113	-0.30621876677259263
chr31_mat	1000000	1200000	0.012569716324365564	-0.672366437245326	0.06792516275838181	-0.41142460786496104
chr31_mat	1200000	1400000	0.011364282479064352	-0.5360697765945044	0.286844152465159	-0.4089488583028105
chr31_mat	1400000	1600000	0.010573279087066272	-0.5452804580942072	0.3785970293427407	-0.3384368925330635
chr31_mat	1600000	1800000	0.013830524291450394	-0.6684091051965932	0.447245091932006	-0.675645270798321
chr31_mat	1800000	2000000	0.01117305961756219	-0.7376173414208711	0.4961093967265765	-0.8244141184103229
chr31_mat	2000000	2200000	0.0076502398747026745	-0.6756894591260115	0.5746158910494209	-0.8586740829021825
chr31_mat	2200000	2400000	0.005873019223879646	0.0620219713908161	1.1577648970654129	-1.3016770750921616
chr31_mat	2400000	2600000	0.012880246842219422	1.585882731631226	1.490344794056467	-0.9226522177209724
chr31_mat	2600000	2800000	0.027408015913942776	1.0571625413636576	0.8179531073714966	0.02284612244661532
chr31_mat	2800000	3000000	0.03402320253516983	0.5394664267994754	0.7419709364368571	0.24851813981104018
chr31_mat	3000000	3200000	0.03868802273033397	0.9600244115408099	0.975927603048672	-0.2485615655795352
chr31_mat	3200000	3400000	0.0369802268624704	0.2018086737731067	0.05288694675485727	0.6719264243449401
chr31_mat	3400000	3600000	0.01760510997019841	0.7828800814116565	1.0266805955452576	0.2479528157475232
chr31_mat	3600000	3800000	0.029151123276050524	0.6833963863474497	0.930215914562546	0.12237904859453547
chr31_mat	3800000	4000000	0.03375455425551364	0.1962934802989824	0.35924194191257774	0.6847672934370582
chr31_mat	4000000	4200000				
chr31_mat	4200000	4400000	0.024186097890709093	0.27869081760938813	-0.26760976554816485	0.7087909336655238
chr31_mat	4400000	4600000	0.024936738132569993	1.114264402391349	-0.24647169339735034	-0.23297235673516328
chr31_mat	4600000	4800000	0.014893350171207884	0.3856505123772644	-0.04197605570472387	0.3615736626456392
chr31_mat	4800000	5000000				
chr31_mat	5000000	5200000				
chr31_mat	5200000	5400000				
chr31_mat	5400000	5600000				
chr31_mat	5600000	5620948				
chr32_mat	0	200000				
chr32_mat	200000	400000				
chr32_mat	400000	600000	0.008577859036697045	-0.7857446241122485	-0.12232243640709689	-0.4126469213166489
chr32_mat	600000	800000	0.013046521115218675	-0.3638327324635779	-0.14720757516210456	-0.7429636965194636
chr32_mat	800000	1000000	0.009029256686155548	-0.5911058706259297	-0.320977563515172	-0.35380641676522706
chr32_mat	1000000	1200000	0.009000242153769007	-0.7393241771305095	-0.397807675047002	0.007058274164650678
chr32_mat	1200000	1400000	0.012492370579691334	-0.6665631024075072	-0.5091195273571342	-0.011197587484458307
chr32_mat	1400000	1600000	0.009898308943675568	-0.8839377141967132	-0.2740577908373004	-0.003840200848414456
chr32_mat	1600000	1800000	0.015577097187411598	-0.7819776628015186	-0.41271856762098025	-0.42037631841412076
chr32_mat	1800000	2000000	0.025832088460421378	-0.0023115291252454677	-0.8136166944235241	-1.0111565171574406
chr32_mat	2000000	2200000	0.007962520301448827	0.3782169709733058	-1.4224161829872959	-1.4282971102417672
chr32_mat	2200000	2400000	0.007384761543995474	0.29188896789502966	-0.6179697474711139	-0.33077296098017034
chr32_mat	2400000	2600000	0.017385456552927295	1.1984658081133828	-1.054087579264193	-0.1439613280760114
chr32_mat	2600000	2800000	0.018085997289404458	0.7862660489683742	-0.7841057596843097	0.19476011551605363
chr32_mat	2800000	3000000	0.024316331986517076	0.8197415804121961	-0.6507869575452465	0.3598439844067955
chr32_mat	3000000	3200000	0.021818399176172378	0.586291766311929	-0.5663344450892391	0.2796545547284534
chr32_mat	3200000	3400000	0.026336798341018514	0.5665646941622021	-0.46982762022086255	0.31295139792734966
chr32_mat	3400000	3600000	0.03345104256574541	0.6464760785450613	-0.40109608586278755	0.20880650739373446
chr32_mat	3600000	3800000	0.03631655962911134	0.5527114587967011	-0.26024933440784004	0.24592858480151045
chr32_mat	3800000	4000000	0.022882487052439202	0.09130374479675639	0.09023309078183771	-0.8742413648860162
chr32_mat	4000000	4200000	0.03268864991778768	0.829863202154898	0.3110909606437367	-0.20928406886494025
chr32_mat	4200000	4400000	0.03754352621787117	0.7905962245994741	0.3226025486785225	0.3546008996155461
chr32_mat	4400000	4600000	0.022850534061621963	1.1462484514811413	1.2889873673667527	-0.6714052135826464
chr32_mat	4600000	4800000	0.013879116414880247	0.3836309820543134	1.1332707458247007	-1.4099879499786954
chr32_mat	4800000	5000000	0.010168599267902294	0.22880440143915287	0.6973607356996313	-0.4708427982515489
chr32_mat	5000000	5200000				
chr32_mat	5200000	5400000				
chr32_mat	5400000	5583733				
chr33_mat	0	200000				
chr33_mat	200000	400000				
chr33_mat	400000	600000	0.013358129780357867	-0.8637626981622275	1.0481043553704201	0.5737314218495706
chr33_mat	600000	800000	0.011037936863760082	-0.9050051149993088	0.2187459486143373	-0.3521963152305036
chr33_mat	800000	1000000	0.01909245988190666	-0.708894315228684	0.5096208223341117	0.23812889539716472
chr33_mat	1000000	1200000	0.013378541545665515	-0.6970298391179264	-0.383115285254175	-0.23207516055952368
chr33_mat	1200000	1400000	0.02102405309050703	-0.7027657152183028	-0.4759225953645859	0.17169393586037365
chr33_mat	1400000	1600000	0.01882788473729783	-0.7967772534434394	-0.8261157740717686	0.3665460637263264
chr33_mat	1600000	1800000	0.009604014642758993	-1.1321959524068408	-0.9019691061652841	-0.006520815492166538
chr33_mat	1800000	2000000	0.016978931272294343	-0.3404972364355447	-0.7161806707393472	0.7828546239973309
chr33_mat	2000000	2200000	0.03064784339011791	0.7457755329184087	-0.5987074091974249	0.8689452753980023
chr33_mat	2200000	2400000	0.03636601172840041	0.6655515264194283	-0.48867889137925774	0.06891074674873321
chr33_mat	2400000	2600000	0.02068856067877488	0.019438522631930244	-0.6828495712734123	-0.03593902167909639
chr33_mat	2600000	2800000	0.024873920959735903	0.45085844926778035	-0.4219977289746792	-0.14797806530259736
chr33_mat	2800000	3000000	0.02944682599624834	0.3747131777424735	-0.3631988682342263	-0.010354095929767259
chr33_mat	3000000	3200000	0.03361094979550068	-0.008407660726004188	-0.4291575203542765	0.44970744213795943
chr33_mat	3200000	3400000	0.027094660850972827	0.18504912900727524	-0.3997251400369213	0.24912602649013854
chr33_mat	3400000	3600000	0.03661162549060664	0.15536111454517754	0.7819308193610536	1.2283681755838103
chr33_mat	3600000	3800000				
chr33_mat	3800000	4000000				
chr33_mat	4000000	4200000				
chr33_mat	4200000	4246341				
chr34_mat	0	200000				
chr34_mat	200000	400000				
chr34_mat	400000	600000	0.0274451938378655	0.6518496188832348	-0.7799019917951143	-0.27125254044343783
chr34_mat	600000	800000	0.020721415580290604	0.645452942410978	-0.169595987709591	0.036598813401235795
chr34_mat	800000	1000000	0.024052700829884942	0.37924498489875696	0.47116317710046823	-0.16590500092457175
chr34_mat	1000000	1200000	0.028809852343291843	0.5864074445333994	0.4366860444038591	0.16621537748821685
chr34_mat	1200000	1400000	0.02890343497278981	0.6270397893308655	0.3697826892523723	0.39189111223781803
chr34_mat	1400000	1600000	0.03225365072392019	1.0264787280379222	0.9872968684048525	-0.2410031228860288
chr34_mat	1600000	1800000	0.033380076267770724	0.9286174388905274	0.6806361391657809	-0.16197510934855452
chr34_mat	1800000	2000000	0.029567286517458026	0.48488884618584505	1.1205350969664423	-0.9172771284622014
chr34_mat	2000000	2200000	0.031993027243981786	0.364548158518692	0.0055238099238287776	0.46765557179374784
chr34_mat	2200000	2400000	0.019491968841841397	0.17448303455235362	0.56783309967606	-0.4388214515759393
chr34_mat	2400000	2600000	0.021012646639294277	-0.5778733602941755	1.141685983692832	-1.1771780307977469
chr34_mat	2600000	2800000	0.008758314030987147	-0.5338665198638816	0.5141568439899832	-0.2197770528069687
chr34_mat	2800000	3000000	0.011655167356309115	-0.8403580021987296	0.021000660810181256	-0.28776784798151617
chr34_mat	3000000	3200000	0.00818406495807564	-0.8134637450127857	-0.021973151667549685	-0.3520147391110663
chr34_mat	3200000	3400000	0.0114673462616173	-0.46404404353437334	-0.05506305339235308	0.0979745293298689
chr34_mat	3400000	3600000	0.010550701905146977	-0.618641130793674	-0.09153009841313016	-0.19454949071346597
chr34_mat	3600000	3800000	0.008161747723202745	-0.4473390602829844	-0.19892535164914307	0.06673209429434207
chr34_mat	3800000	4000000	0.006714791022012336	-0.8272826300397719	-0.45728816463573346	-0.5263088618179372
chr34_mat	4000000	4200000	0.014279152819319364	-0.5710679185312053	-0.3844413051064228	-0.7575629051893339
chr34_mat	4200000	4400000	0.05492782359517073	1.2634692493345108	-1.7204204289219718	-1.2800211628659994
chr34_mat	4400000	4456870				
chr35_mat	0	200000				
chr35_mat	200000	400000				
chr35_mat	400000	600000				
chr35_mat	600000	800000	0.033308216468813524	-1.050824775704646	-1.141911856231503	0.48214629462913233
chr35_mat	800000	1000000	0.007643364028696516	-0.9525831189892175	-0.45031424924801794	-0.21915995908430347
chr35_mat	1000000	1200000	0.013007820450959036	-0.4747111295487487	0.037762309160814224	-0.5726392966008937
chr35_mat	1200000	1400000	0.013465841729789419	-0.4645583654406325	0.2179297847675169	-0.6281599421876525
chr35_mat	1400000	1600000	0.012369213236643101	-0.8876856892895434	0.4628166442828536	-0.05887244120469546
chr35_mat	1600000	1800000	0.00852008698293669	-0.8409381863290596	0.679513374057525	-0.0001151802754074021
chr35_mat	1800000	2000000	0.012783626723011515	-0.8003033246102993	0.8419201752249201	0.4496163603505047
chr35_mat	2000000	2200000	0.01043027788863647	-1.1910469690412049	0.8831624440120138	0.15558889550089208
chr35_mat	2200000	2400000	0.022629104387724898	-0.16164831145614764	1.078902236029271	1.2715712170855535
chr35_mat	2400000	2600000	0.02650758923818512	0.6019796838448537	0.6191282027476549	0.6716000175858119
chr35_mat	2600000	2800000	0.02219126008552292	0.38499760169706404	0.36223898813265754	0.25499942996703884
chr35_mat	2800000	3000000	0.02465235038648078	0.7449938090392585	0.10292478215265956	0.18970650409914155
chr35_mat	3000000	3200000	0.027158920843113405	0.6633174722856919	-0.02889034424455882	0.11640835047396955
chr35_mat	3200000	3400000	0.021631719000720247	0.642415996176183	-0.10755643321881327	0.12122308246559813
chr35_mat	3400000	3600000	0.023101072832811025	0.6911677574233677	-0.17068583081257835	0.3770882225605416
chr35_mat	3600000	3800000	0.017369644389658115	0.051854593982754806	-0.43305742659146323	0.678128278866965
chr35_mat	3800000	4000000	0.007340516449245571	-0.24198420883897762	-0.4249984279675628	0.5779694659100958
chr35_mat	4000000	4200000	0.006437823473401305	-0.970539251799566	-0.747516330024997	0.3287297555142248
chr35_mat	4200000	4400000	0.009796795419228498	-0.07345775205410118	-0.8213564415678657	1.0220393149669844
chr35_mat	4400000	4600000	0.01507166047054543	-0.4674854479513513	-0.26477189852274213	0.2741001039542393
chr35_mat	4600000	4800000				
chr35_mat	4800000	4884911				
chr36_mat	0	200000	0.011389516688589289	-1.1087238062966254	-0.3871688835899369	-0.9254318281709311
chr36_mat	200000	400000	0.011968987331576702	-0.9588842825545331	-0.4994450434097649	-1.1380405816238917
chr36_mat	400000	600000	0.013048081234498797	-1.0922218780061925	-0.345168383901937	-0.3691055802490904
chr36_mat	600000	800000	0.015233644489183323	-0.9064370596588008	-0.2341960584997614	0.8756647904334571
chr36_mat	800000	1000000	0.011995906987855172	-1.4075640191957264	0.22685789960052394	1.3400659557297767
chr36_mat	1000000	1200000	0.011992910778463782	-0.6136049514415881	-0.4583333196923838	0.8154069499111745
chr36_mat	1200000	1400000	0.01796087813332936	0.8965700636739835	-1.04956322031753	0.11011990275938643
chr36_mat	1400000	1600000	0.017023498579512353	0.8377984646191565	-0.878828007574139	0.1385853860122261
chr36_mat	1600000	1800000	0.01777466819921421	0.6685014267479387	-0.8213103125958149	0.17347928535746304
chr36_mat	1800000	2000000	0.020063555286860275	0.7159356359547726	-0.8511616963791783	0.11364376336181406
chr36_mat	2000000	2200000	0.016854621961957757	0.5183148884796743	-0.6717289692440057	0.09485028042804905
chr36_mat	2200000	2400000	0.016960806373532648	0.5709968773220779	-0.42085249141760783	0.03541370361064032
chr36_mat	2400000	2600000	0.01780417562499108	0.4638671797746077	-0.30734546563945375	0.003685939731966858
chr36_mat	2600000	2800000	0.018113801896629637	0.405354521183258	-0.09358259271401169	-0.028171292183176863
chr36_mat	2800000	3000000	0.016951932506139033	0.36071292256265247	0.00043609934561069643	0.077440515739876
chr36_mat	3000000	3200000	0.01788300200618931	0.562764124146556	0.09352860123398933	0.014965002210152515
chr36_mat	3200000	3400000	0.020607198918741132	0.5811245393956989	0.06483772203588982	0.08451244321486047
chr36_mat	3400000	3600000	0.01738850725046299	0.5403536300298659	0.14501048679254772	0.20626197361419313
chr36_mat	3600000	3800000	0.020428106317318624	0.48935273929344575	0.3932951950676078	0.2902603281913124
chr36_mat	3800000	4000000	0.019438948519592224	0.3076409678020894	0.4896654682117654	0.48109786315719133
chr36_mat	4000000	4200000	0.015354544303035641	0.6795395136891943	0.5892972936514722	-0.0765863611165761
chr36_mat	4200000	4400000	0.017022143631617456	0.5320190221162265	0.8369814514552423	-0.0026369381472772834
chr36_mat	4400000	4600000	0.03246940045148805	0.585115685723439	1.3461268824477002	-0.4195849716389136
chr36_mat	4600000	4800000				
chr36_mat	4800000	4818805				
chr37_mat	0	200000	0.009680078836029282	-0.7243267190940827	0.21694684865695946	-0.5530213420091707
chr37_mat	200000	400000	0.012771948706922144	-0.9226147403978047	-0.012141266672153745	-0.45964590288444007
chr37_mat	400000	600000	0.013561683844305412	-0.8261500272548377	0.09065826985562828	-0.34060710830546576
chr37_mat	600000	800000	0.013560243055662304	-0.6368312162232724	0.19276762425864066	-0.23309991065301075
chr37_mat	800000	1000000	0.011894160757687747	-0.8190212234301839	0.15818793313861698	-0.32544327743025747
chr37_mat	1000000	1200000	0.012100173715392692	-0.6768023076232073	0.28541526629243313	-0.5403351031698883
chr37_mat	1200000	1400000	0.016437904152001706	-0.4920638474276718	0.4109893748325536	-0.16351270267354867
chr37_mat	1400000	1600000	0.0149621068988248	-0.7211139209752406	0.18257951590684907	-0.09244857546627212
chr37_mat	1600000	1800000	0.009853311291932561	-0.5724508553096922	0.4526825595640001	-0.28290607414901214
chr37_mat	1800000	2000000	0.011288388506845836	-0.37062619678518655	0.4024676095737657	-0.22086826308838267
chr37_mat	2000000	2200000	0.019832433762464817	0.6089925428465384	0.8341663764777877	0.24803787500376273
chr37_mat	2200000	2400000	0.033044116242485114	1.4623163741859309	1.2878817839177346	0.664030706527566
chr37_mat	2400000	2600000	0.026603546636547504	0.6403818891668122	0.7895445133493957	-0.46238427580438846
chr37_mat	2600000	2800000	0.02183998321153594	0.7777385997578589	0.9054731279759309	-0.23866680217617442
chr37_mat	2800000	3000000	0.03470227079104743	0.9390631504089691	0.7367613635659558	0.2385110375748562
chr37_mat	3000000	3200000	0.023611820653599166	0.6653246704393936	0.9073537502003374	-0.24852295660087
chr37_mat	3200000	3400000	0.034854105063576515	0.8550899107666442	0.7417820199485847	-0.07856730012093473
chr37_mat	3400000	3600000	0.03147853408790266	1.0326461421207178	0.3207355063497311	-0.2814299136442852
chr37_mat	3600000	3800000	0.026292142561339653	0.7239251215684606	0.5757282992210835	-0.29878239153939756
chr37_mat	3800000	4000000	0.02440383332549621	0.4479413786451675	0.29497957762785365	-0.3961114263219529
chr37_mat	4000000	4200000	0.02723022011566503	0.4532075917866148	0.22354827887750967	-0.20591285636363227
chr37_mat	4200000	4400000	0.037043566790176535	0.8652111338551095	-0.454692682853005	-0.5700498680799584
chr37_mat	4400000	4600000	0.02387183765199924	0.5166452605664367	-0.10847840660979753	-0.24078512714142866
chr37_mat	4600000	4800000	0.02783197074481301	0.6605724562486998	-0.4056277660034863	-0.33559201852901155
chr37_mat	4800000	5000000	0.020426067781487107	0.7422633492572813	-0.5139057265299661	-0.39940866676669
chr37_mat	5000000	5200000	0.045752243550349424	1.0450982961092548	-0.9576530120727005	-0.18496798305276804
chr37_mat	5200000	5400000	0.043485599244385414	0.19697895183513744	-0.11706266474440169	-1.8507237660290883
chr37_mat	5400000	5600000				
chr37_mat	5600000	5800000				
chr37_mat	5800000	6000000	0.013026954983797611	-0.11999797044581875	-0.30738209309625675	1.5068572924272676
chr37_mat	6000000	6200000	0.018453693616362777	0.7627572450124157	-0.5924385435360914	-0.2923100863684891
chr37_mat	6200000	6400000	0.018275240793528685	0.2299750966785643	-0.617197727251346	-0.06493611557928797
chr37_mat	6400000	6600000	0.020941302351224843	1.2257939432361256	-1.1740081462535141	0.10097024175749751
chr37_mat	6600000	6800000	0.02270075312851625	0.6416705512464208	-0.7623275839277631	0.07132711163707182
chr37_mat	6800000	7000000	0.02258105596292243	0.6911272442804498	-0.9930112377577958	-0.17628811018264845
chr37_mat	7000000	7200000	0.017658138697577666	-0.7381583163571884	-0.25789250049364576	0.0909685301523245
chr37_mat	7200000	7400000				
chr37_mat	7400000	7600000				
chr37_mat	7600000	7800000				
chr37_mat	7800000	7863776				
chrW_mat	0	200000				
chrW_mat	200000	400000				
chrW_mat	400000	600000				
chrW_mat	600000	800000				
chrW_mat	800000	1000000				
chrW_mat	1000000	1200000				
chrW_mat	1200000	1400000				
chrW_mat	1400000	1600000				
chrW_mat	1600000	1800000	0.0007903533151389535	-0.09582320034840769	-1.3344121105362041	-1.7709313480645015
chrW_mat	1800000	2000000				
chrW_mat	2000000	2200000				
chrW_mat	2200000	2400000				
chrW_mat	2400000	2600000				
chrW_mat	2600000	2800000	0.017364995795337047	-0.6496422488593661	0.09637045996876202	-0.4267725738548868
chrW_mat	2800000	3000000	0.01489652972992761	-0.5204411307004774	0.21902244596543957	-0.22034046440801608
chrW_mat	3000000	3200000	0.025390173722669877	0.22719211103030068	0.9372409145548148	0.44206276415519413
chrW_mat	3200000	3400000	0.03630643865102538	0.5799680043719575	0.4887172145513168	0.5138243161693131
chrW_mat	3400000	3600000				
chrW_mat	3600000	3800000				
chrW_mat	3800000	4000000				
chrW_mat	4000000	4200000				
chrW_mat	4200000	4400000				
chrW_mat	4400000	4600000				
chrW_mat	4600000	4800000				
chrW_mat	4800000	5000000				
chrW_mat	5000000	5200000				
chrW_mat	5200000	5400000				
chrW_mat	5400000	5600000				
chrW_mat	5600000	5800000				
chrW_mat	5800000	6000000				
chrW_mat	6000000	6200000				
chrW_mat	6200000	6400000				
chrW_mat	6400000	6600000				
chrW_mat	6600000	6800000				
chrW_mat	6800000	7000000				
chrW_mat	7000000	7200000				
chrW_mat	7200000	7400000				
chrW_mat	7400000	7600000				
chrW_mat	7600000	7800000				
chrW_mat	7800000	8000000				
chrW_mat	8000000	8200000				
chrW_mat	8200000	8400000				
chrW_mat	8400000	8600000				
chrW_mat	8600000	8800000	0.01219349257307949	-0.005708229131448041	0.5008731963677865	0.032952815614069327
chrW_mat	8800000	9000000	0.015865417578867055	0.9119687042687756	0.7104813498120559	0.23041765114438326
chrW_mat	9000000	9200000	0.0167998722150553	0.12637129542103867	0.6702469589865134	-0.03282324462018839
chrW_mat	9200000	9400000	0.009766790972169474	-0.663272585971516	0.3394241835862595	-0.18979000444544222
chrW_mat	9400000	9600000	0.007198898301396949	-0.9335918878835106	-0.2091517253328927	-0.4311286530317237
chrW_mat	9600000	9800000	0.01399286617496391	0.17313476687881113	0.7418174388497631	-0.44849362688467476
chrW_mat	9800000	10000000	0.008387139306337903	-0.8042578743860634	0.00705255675956408	-0.4515168575729514
chrW_mat	10000000	10200000	0.007085959113340182	-0.8542669750180782	-0.20776297637155305	-0.4749959116624608
chrW_mat	10200000	10400000	0.01037964793715684	-0.6010559225007026	0.26049276427265183	-0.4167923660886039
chrW_mat	10400000	10600000	0.009264960496174013	-0.7969622073899439	-0.011348927548327413	-0.43979887083847274
chrW_mat	10600000	10800000	0.011142255149182215	-0.19788899217561629	0.608724136821796	-0.2455392802544631
chrW_mat	10800000	11000000	0.015650156819332323	0.5403254154103868	0.7362429204855186	-0.2409351686312936
chrW_mat	11000000	11200000	0.009262397388057909	-0.5989482010201941	0.42691282354168547	-0.1434061624259512
chrW_mat	11200000	11400000	0.011296269483528142	-0.459952378431918	0.4097767694896483	-0.20520354916845585
chrW_mat	11400000	11600000	0.015799610980294476	0.9376683176081019	0.3043910839662241	-0.20777038824206176
chrW_mat	11600000	11800000	0.01854471199006047	1.1893813628887238	-0.01869952486359457	-0.059513484916131086
chrW_mat	11800000	12000000	0.017055185223145704	1.1235405816173298	0.28749830505196666	-0.15603290146504561
chrW_mat	12000000	12200000	0.015895076970180364	0.695969332604904	0.4606203942471011	-0.155219140100552
chrW_mat	12200000	12400000	0.016012081924652866	0.589003524153086	0.5932191376741941	-0.33812609396703525
chrW_mat	12400000	12600000	0.006809405858942674	-0.8377003488132202	-0.08021775236302219	-0.38562201665898965
chrW_mat	12600000	12800000	0.008672781349223375	-0.8865835620683054	0.08083594199340961	-0.30110688772203364
chrW_mat	12800000	13000000	0.010904623316382497	-0.5767412523464786	0.23322246040508327	-0.3508707314586225
chrW_mat	13000000	13200000	0.011742274685167984	-0.22904993885848093	0.5233216759734284	-0.29572846080305853
chrW_mat	13200000	13400000	0.015972222087824447	0.5654998861284378	0.4590505299136051	-0.17952516393228002
chrW_mat	13400000	13600000	0.013479434771210693	0.5833370282866275	0.40850757774932545	-0.17880791336324872
chrW_mat	13600000	13800000	0.015877518682559325	0.46037187837372723	0.20034152834934013	-0.20207795652529903
chrW_mat	13800000	14000000				
chrW_mat	14000000	14200000				
chrW_mat	14200000	14400000	0.016317592611695263	0.45906934148356343	0.33910676853505933	-0.340593833822799
chrW_mat	14400000	14600000	0.013812444905254006	-0.40900567883048417	0.19097208683270617	-0.33749237269930743
chrW_mat	14600000	14800000	0.008917387268011905	-0.5533328460234209	0.22122759014470772	-0.36859377414398364
chrW_mat	14800000	15000000	0.010538704143266648	-0.6208806974961252	0.27346128235736883	-0.42824023311703924
chrW_mat	15000000	15200000	0.009690789600367164	-0.6048472413226548	0.04528302016724495	-0.37085282504008044
chrW_mat	15200000	15400000	0.016421915470328168	1.1095925107520257	0.3758110388569167	-0.14204810353344421
chrW_mat	15400000	15600000	0.013794436149620927	0.05368748877140867	0.39732445188632287	-0.21248644152569449
chrW_mat	15600000	15800000	0.01189655872895171	-0.7013311167238678	0.07723030354957076	-0.3103772609677402
chrW_mat	15800000	16000000	0.00894480279941893	-0.48862744432578065	0.1967480800882061	-0.42076685692295035
chrW_mat	16000000	16200000	0.011368764268190633	0.13658521654063438	0.41066072048777524	-0.3272773969467571
chrW_mat	16200000	16400000	0.008310512543776056	-0.5531760408655523	-0.08665223313979417	-0.35569869890490113
chrW_mat	16400000	16600000	0.009975629552434397	-0.27142857681486277	0.22954513325375842	-0.28674968440047593
chrW_mat	16600000	16800000	0.014991902741002892	0.6011339099199177	0.5048432022564369	-0.09268810936416744
chrW_mat	16800000	17000000	0.022245239649772066	-0.753092044575749	0.2294064495217129	-0.35531885259828755
chrW_mat	17000000	17200000	0.022611149353835812	-0.8701715884018012	-0.10464033539487118	-0.2815221241895362
chrW_mat	17200000	17400000	0.0115956316965064	-0.2758629175546276	0.46837768203950236	-0.28630575508702016
chrW_mat	17400000	17600000	0.011746636524617677	-0.41294755933440225	0.39757005212964114	-0.23606899334927134
chrW_mat	17600000	17800000	0.009084252054025873	0.09799752225960931	0.4928978259048221	-0.061130607885196864
chrW_mat	17800000	18000000	0.013801366923935892	0.4551704504691719	0.5888663991395547	-0.03368822128418716
chrW_mat	18000000	18200000				
chrW_mat	18200000	18400000				
chrW_mat	18400000	18600000				
chrW_mat	18600000	18800000	0.03297768701386436	1.0605079435046336	-0.6578678918383724	-0.5946728999220511
chrW_mat	18800000	19000000	0.03931768450587503	0.8238224373586374	-0.729102035610924	-0.7576688339476271
chrW_mat	19000000	19200000				
chrW_mat	19200000	19400000				
chrW_mat	19400000	19600000				
chrW_mat	19600000	19800000				
chrW_mat	19800000	20000000				
chrW_mat	20000000	20200000				
chrW_mat	20200000	20400000				
chrW_mat	20400000	20600000				
chrW_mat	20600000	20800000				
chrW_mat	20800000	21000000				
chrW_mat	21000000	21200000				
chrW_mat	21200000	21400000				
chrW_mat	21400000	21600000				
chrW_mat	21600000	21800000				
chrW_mat	21800000	22000000				
chrW_mat	22000000	22200000	0.016021997068692072	1.0909837872289556	-0.5822942232587263	-0.24228072182187899
chrW_mat	22200000	22400000				
chrW_mat	22400000	22600000				
chrW_mat	22600000	22800000	0.013814341873581175	0.11411468937477708	0.3763694933233166	-0.17261746878617543
chrW_mat	22800000	23000000	0.015981517800641384	0.8264225414862367	0.19109725732252758	0.07562345594468281
chrW_mat	23000000	23200000	0.017230586597579672	1.0583700140607144	0.04278029541320125	-0.050980906476017114
chrW_mat	23200000	23400000	0.014077448900019458	0.20905983581075016	0.43294122139932706	-0.10162510460773774
chrW_mat	23400000	23600000	0.007337511682393513	-0.8246096897059751	0.17454735470329813	-0.19766384599134146
chrW_mat	23600000	23800000				
chrW_mat	23800000	24000000				
chrW_mat	24000000	24200000	0.015918718497539196	0.7011207093675926	0.30486953961730284	-0.1133438870991511
chrW_mat	24200000	24400000	0.00868281962081518	-0.8904526135780931	0.0997686933951806	-0.03539371386274256
chrW_mat	24400000	24600000	0.015185108486022397	0.7515521560147242	0.48041840161999416	-0.15111311498689894
chrW_mat	24600000	24800000	0.011937502878689636	0.1114311785742703	0.4079632024853968	-0.08361159604665155
chrW_mat	24800000	25000000	0.008621180505835139	-0.8039991953055166	0.15999908011065558	-0.16612172734045505
chrW_mat	25000000	25200000	0.011586688520117972	-0.08571554052601284	0.4624334884137143	-0.20533234878033446
chrW_mat	25200000	25400000	0.00961499825450397	-0.43370073692470784	0.25062684757821724	-0.3474874379409113
chrW_mat	25400000	25600000	0.010909371957232244	-0.09966015841187108	0.11779164302035083	-0.31638892591164586
chrW_mat	25600000	25800000	0.009437128690116477	0.3282479364408121	0.3280471870584901	-0.35746695285440194
chrW_mat	25800000	26000000	0.011620348326408812	-0.46865282490538573	0.3442601193469713	-0.2103720770172609
chrW_mat	26000000	26200000	0.012795420401526847	0.23019137719698296	0.42803893078272354	-0.3709512429425902
chrW_mat	26200000	26400000	0.0074661786810951555	-1.0113166530759377	-0.24974429769295425	-0.23850783815615778
chrW_mat	26400000	26600000	0.010780932399404487	-0.4994898530237045	0.32371430257036093	-0.20216214935576093
chrW_mat	26600000	26800000	0.023615696015398823	1.0072936370712549	0.19388106652415	-0.23771027035436704
chrW_mat	26800000	27000000	0.015699820570963745	1.12737295237578	-0.2064582371341622	-0.26489574918528075
chrW_mat	27000000	27200000	0.016303888623636437	1.0853046289664532	-0.2413335458857063	-0.3212700429657006
chrW_mat	27200000	27400000	0.014007323063791585	0.9235784502515104	-0.004007896506033411	-0.2541681414049493
chrW_mat	27400000	27600000	0.008876229717657003	-0.7104966267151681	0.034698781827598474	-0.15479897156537029
chrW_mat	27600000	27800000	0.012424810338348692	-0.41429657479584575	0.446442267136862	-0.06781038248997041
chrW_mat	27800000	28000000	0.01057917914147571	-0.23977472441632194	0.27564652969127246	-0.2611682136965595
chrW_mat	28000000	28200000	0.01364786475888533	0.706596407529561	0.12154266479881991	-0.25957775950292056
chrW_mat	28200000	28400000	0.010844974995274438	0.009700214299229503	0.4478677938800722	-0.26906836657315625
chrW_mat	28400000	28600000	0.013303710943920676	0.970921543621485	0.03827824781248892	-0.38255695455730626
chrW_mat	28600000	28800000	0.015542564892739603	1.1059894552680447	-0.1618745028173401	-0.43057370254979493
chrW_mat	28800000	29000000	0.01313655301395097	0.15707571100790838	0.28142287607448385	-0.30227336727751164
chrW_mat	29000000	29200000	0.008979728644940446	-0.8060407341380493	0.2674610992888042	-0.11158195480763189
chrW_mat	29200000	29400000	0.01131734600897224	0.05152311288232665	0.4180684446568142	-0.24231132168624941
chrW_mat	29400000	29600000	0.010217382799305532	-0.3083369857580185	0.5122556303744684	-0.16015581954284694
chrW_mat	29600000	29800000	0.014834871345034821	0.8367356764593554	0.21453101364276228	-0.4984281843217491
chrW_mat	29800000	30000000	0.01678528333522444	0.9838841002415326	-0.2796524909305341	-0.5642864538024643
chrW_mat	30000000	30200000	0.015854600592370635	1.0346688984945054	-0.4280342287737472	-0.501755673644715
chrW_mat	30200000	30400000	0.015591674675318431	0.9278428254776023	-0.16204898547282234	-0.5611064622504037
chrW_mat	30400000	30600000	0.01707550469754275	1.0000295614795476	-0.32397197192470034	-0.5622893647958438
chrW_mat	30600000	30800000	0.013200406710130497	0.7837087360268287	0.21658229022248437	-0.29533396600074074
chrW_mat	30800000	31000000	0.010197334764639951	-0.27846476676776233	0.5724764873188459	-0.23867118509704868
chrW_mat	31000000	31200000	0.012707116305474778	-0.2436959440121604	0.461095044800396	-0.25769858640310367
chrW_mat	31200000	31400000	0.008895400999542858	-0.452291347808782	0.2160541762134468	-0.34900107960263677
chrW_mat	31400000	31600000	0.008001733701574495	-0.6575661759508924	0.18902958285745228	-0.23825714632563286
chrW_mat	31600000	31800000	0.0099770025766496	-0.008735897443883213	0.36787199696109996	-0.3622992941070704
chrW_mat	31800000	32000000	0.012058749628568025	0.013244720017385442	0.37143259861207656	-0.27086364539617
chrW_mat	32000000	32200000	0.0096779348010173	-0.24783438173499805	0.43789353520277624	-0.2078523490162266
chrW_mat	32200000	32400000	0.009821585640777095	-0.63900752892915	0.3115154226487951	-0.11429278701130174
chrW_mat	32400000	32600000	0.008818715396913994	-0.3488037475100843	0.18925404619619043	-0.13979943257603708
chrW_mat	32600000	32800000	0.015280465657658154	1.1599287994127239	0.20697265865701506	-0.0006620796994806359
chrW_mat	32800000	33000000	0.01231227509901338	0.44745106482880986	0.46218425910388544	-0.26168865234442185
chrW_mat	33000000	33200000	0.00667946824441586	-1.013664485000526	0.09285309579242895	0.1209579658308777
chrW_mat	33200000	33400000	0.010457197666968935	-0.2666450807200409	0.5059140267652151	0.06976842639415215
chrW_mat	33400000	33600000	0.014431286225724128	0.7752860480220658	0.4280473115161488	0.17845292263718168
chrW_mat	33600000	33777440	0.019065609458435717	1.0820931915709242	0.37552227711497166	0.46448672562719495
chrZ_pat	0	200000				
chrZ_pat	200000	400000				
chrZ_pat	400000	600000				
chrZ_pat	600000	800000				
chrZ_pat	800000	1000000				
chrZ_pat	1000000	1200000				
chrZ_pat	1200000	1400000				
chrZ_pat	1400000	1600000				
chrZ_pat	1600000	1800000	0.00541615727556723	-0.01495372809265209	-0.1794282560475775	-0.9300831481617788
chrZ_pat	1800000	2000000				
chrZ_pat	2000000	2200000				
chrZ_pat	2200000	2400000				
chrZ_pat	2400000	2600000				
chrZ_pat	2600000	2800000				
chrZ_pat	2800000	3000000	0.011577590401904847	-1.3100350701920946	0.14793407901912728	0.7035025171599002
chrZ_pat	3000000	3200000	0.016741896663121807	-0.5954990193586385	-0.06351148696765661	0.37480870601666155
chrZ_pat	3200000	3400000	0.016326684822293127	-1.065884871786756	0.20336528175229623	0.6372966107810072
chrZ_pat	3400000	3600000	0.008904691886006993	-1.0575771614935219	0.14725629980636543	0.42516820667341054
chrZ_pat	3600000	3800000	0.011360334776576355	-0.30432817659854483	-0.23335629935271857	0.2836123005348669
chrZ_pat	3800000	4000000	0.008486496871211098	-1.0807136952107224	0.19166718930702195	0.6155702565902745
chrZ_pat	4000000	4200000	0.008958700775264089	-1.3049568571766856	0.28671029688096294	0.6734863193830432
chrZ_pat	4200000	4400000	0.010426582745647901	-0.6677649237960914	-0.0031229558150369487	0.42394057873726526
chrZ_pat	4400000	4600000	0.013595079341873487	0.0022404859599835835	-0.35389125421966505	0.3650191079036402
chrZ_pat	4600000	4800000	0.008964138722501973	-0.711791282631082	-0.03026844101186765	0.7572648320809641
chrZ_pat	4800000	5000000	0.009594266259555225	-0.5922257196764998	-0.1362975988719326	0.7352922047083204
chrZ_pat	5000000	5200000	0.019666611811039684	-0.752112087875024	0.025619766560401547	0.7938093971901649
chrZ_pat	5200000	5400000				
chrZ_pat	5400000	5600000				
chrZ_pat	5600000	5800000				
chrZ_pat	5800000	6000000	0.014269769850167395	1.2115038068736583	-0.4567319831246978	0.4971315098881591
chrZ_pat	6000000	6200000	0.011097871940774759	1.1675677029947469	-0.5718364245299715	0.5504779830232932
chrZ_pat	6200000	6400000	0.010574987112146121	1.0494022173257307	-0.5473284657504079	0.46047650828375036
chrZ_pat	6400000	6600000	0.010445025751659258	0.3113269171006061	-0.48892022249210365	0.2549161328901748
chrZ_pat	6600000	6800000	0.008432961864202723	-1.1832143107168853	0.2462452834969796	0.601068947935668
chrZ_pat	6800000	7000000	0.008486268786651683	-1.0375877192033445	0.06398103989906805	0.5356442266834408
chrZ_pat	7000000	7200000	0.011792309883558989	0.31303150854259676	-0.37752424488406977	0.1606033147270956
chrZ_pat	7200000	7400000	0.013135000780404178	0.6608268873312748	-0.5205519420721584	0.198862252675996
chrZ_pat	7400000	7600000	0.012773201161348915	0.37047652629429495	-0.3006092616114405	0.13032621278800124
chrZ_pat	7600000	7800000	0.008508689628249142	-0.8341943083642404	0.0251130379218648	0.2915738746148465
chrZ_pat	7800000	8000000	0.007265137980570153	-1.3920609680697298	0.33690624665579294	0.6185862505716755
chrZ_pat	8000000	8200000	0.008395920383048787	-1.0718785626920844	0.20866281875809947	0.49041825205828143
chrZ_pat	8200000	8400000	0.008271180083801207	-1.0385382055492722	0.16502658504766726	0.2597788770021839
chrZ_pat	8400000	8600000	0.011766938140239207	0.08229855930282533	-0.2718725855526833	0.16224317144413092
chrZ_pat	8600000	8800000	0.010573058822091055	0.04669260636914379	-0.12390274902942568	0.2494540633134095
chrZ_pat	8800000	9000000	0.01044990302902213	-0.00036254274667725425	-0.12131328428387421	0.2685908193694094
chrZ_pat	9000000	9200000	0.012102519725133007	0.9489735973219945	-0.3354522131718254	0.20957683625344653
chrZ_pat	9200000	9400000	0.011360405582899679	0.5142741370736061	-0.3265723079852315	0.2406899182202473
chrZ_pat	9400000	9600000	0.008849890408338478	-0.6237898748962966	0.15073992175839313	0.5396847770289301
chrZ_pat	9600000	9800000	0.010248518112247675	0.024039932918019334	-0.0423163900414761	0.2757554784739673
chrZ_pat	9800000	10000000				
chrZ_pat	10000000	10200000				
chrZ_pat	10200000	10400000				
chrZ_pat	10400000	10600000				
chrZ_pat	10600000	10800000	0.01772503476064154	-0.9545986821546851	0.03367854324836008	0.35311352652772693
chrZ_pat	10800000	11000000	0.007539329439505091	-1.2560691304244649	0.23391170572632644	0.4493795787017033
chrZ_pat	11000000	11200000	0.009691296288903521	0.2735193773608811	-0.3289634541183622	-0.04079385679057895
chrZ_pat	11200000	11400000	0.007156678666429489	-0.8663655977845801	0.16639196495867453	0.3672277402020438
chrZ_pat	11400000	11600000	0.010505852007380856	0.4945076029784407	-0.4297633255810175	-0.024645942263915387
chrZ_pat	11600000	11800000	0.010538676596490508	0.4857909313786807	-0.4035739185147203	0.032027001088641746
chrZ_pat	11800000	12000000	0.009711568459304785	-0.4267934246331888	0.03469399154331619	0.13420133125565403
chrZ_pat	12000000	12200000	0.007100344832668483	-1.070808761101765	0.31970851660800353	0.21550918931688562
chrZ_pat	12200000	12400000	0.007877651361996765	-0.7410562018228585	0.16467286510291987	0.1755738339860065
chrZ_pat	12400000	12600000	0.008408887999086897	0.08937567020672538	-0.24319411308880806	-0.08146036980601182
chrZ_pat	12600000	12800000	0.010315295050093787	1.0005834463424081	-0.3348813934309653	-0.0485731039829805
chrZ_pat	12800000	13000000	0.010598020912604856	0.9599366111550109	-0.48470234762880055	-0.04857890605413631
chrZ_pat	13000000	13200000	0.009802348144791062	0.9932003022907075	-0.40436414707346735	-0.028384572744523315
chrZ_pat	13200000	13400000	0.009858941216540457	1.0112111340455805	-0.30892045307233973	-0.03260451891432265
chrZ_pat	13400000	13600000	0.009790736206901672	1.0159686642111592	-0.37721231307800196	-0.04510409353744585
chrZ_pat	13600000	13800000	0.010357826887908619	0.9752344617602045	-0.4542322178898172	-0.0468231955475629
chrZ_pat	13800000	14000000	0.009969039317974762	0.8508521049749557	-0.5144214328123516	-0.10669362889387975
chrZ_pat	14000000	14200000	0.008822068015662264	-0.2684793622380635	-0.11033501118502713	-0.011896050678674289
chrZ_pat	14200000	14400000	0.008375366039499163	-0.5937157946660114	-0.08258138511348145	0.02810012631851759
chrZ_pat	14400000	14600000	0.008822864429748297	-0.5069516594808653	-0.028996029741605346	0.03464580128178748
chrZ_pat	14600000	14800000	0.009147967863737894	-0.12210520985435268	-0.1659951153375104	-0.0386448316413614
chrZ_pat	14800000	15000000	0.00852326187530525	-0.5292229425126496	-0.05875460475253664	0.004489091509329486
chrZ_pat	15000000	15200000	0.009811026546073206	-0.3428233911396047	-0.14277736207200428	-0.06586014312322228
chrZ_pat	15200000	15400000	0.01194010196779113	0.1376972924461131	-0.38267567753532283	-0.12890776074500093
chrZ_pat	15400000	15600000	0.0088793968539398	-1.0657508296441582	0.10841639161590984	-0.06693511615805144
chrZ_pat	15600000	15800000	0.017374669796057132	-0.7936901727657252	0.865410851250641	-0.012231425928016505
chrZ_pat	15800000	16000000				
chrZ_pat	16000000	16200000	0.007803271547268231	-0.923905802783105	-0.016232570400036967	-0.08328450411532443
chrZ_pat	16200000	16400000	0.010777802995829708	0.5642065201886652	-0.5249587670208014	-0.2956773074448282
chrZ_pat	16400000	16600000	0.009806344763375411	0.14858112682753685	-0.40017417282412543	-0.3032935120043742
chrZ_pat	16600000	16800000	0.00649538546600928	-1.3597122545261047	0.30808271973611	0.01112917691855907
chrZ_pat	16800000	17000000	0.009365982900368795	-0.010687029176712446	-0.38683576488801746	-0.21509733244977658
chrZ_pat	17000000	17200000	0.010448166013529952	0.7230004339877574	-0.5047388843188589	-0.22825499999709126
chrZ_pat	17200000	17400000	0.010641417155155807	0.8205007418639009	-0.44638386294475857	-0.16227667876266924
chrZ_pat	17400000	17600000	0.009525318050895654	0.3401624645238277	-0.32227646512930935	-0.16630221530835576
chrZ_pat	17600000	17800000	0.008234861118716345	-0.5464145913488696	-0.03390481719758722	-0.20411061990213433
chrZ_pat	17800000	18000000	0.007996514853655672	-0.8527673796575568	0.04503490617611211	-0.07649912071678301
chrZ_pat	18000000	18200000	0.008130236562362687	-0.7352219971889002	0.03159849132644509	-0.08498965544348373
chrZ_pat	18200000	18400000	0.010460979959100235	0.671464421442077	-0.5878255856994906	-0.30194589075351164
chrZ_pat	18400000	18600000	0.008067552422996208	-0.6034020007054809	-0.01917645118970692	-0.12250495486198217
chrZ_pat	18600000	18800000	0.008654080574105954	-0.47001603884613097	0.034865510517346224	-0.16466708006269856
chrZ_pat	18800000	19000000	0.009708639033811844	-0.41032192809419593	-0.12750634059666985	-0.22323543939407922
chrZ_pat	19000000	19200000	0.010877697305230381	0.742590957014679	-0.43137921420021647	-0.3050058197483281
chrZ_pat	19200000	19400000	0.010069382765548482	0.9043207169148261	-0.45582802432345454	-0.30484146084132224
chrZ_pat	19400000	19600000	0.010170223652211596	0.9579023845891599	-0.3139526002507823	-0.3126311575200191
chrZ_pat	19600000	19800000	0.010036028230532979	0.9128732058372192	-0.3762280781492847	-0.34010338994230227
chrZ_pat	19800000	20000000	0.008980752294395867	-0.07092291259299581	-0.21446509413514506	-0.21886891513781678
chrZ_pat	20000000	20200000	0.010146660715785344	0.36205416640188465	-0.3491084618568232	-0.3325177047845215
chrZ_pat	20200000	20400000	0.007649606179046742	-0.7496055069891475	0.08250554646529082	-0.2911023010530475
chrZ_pat	20400000	20600000	0.00948284500086218	0.4359276009937527	-0.34110135654463924	-0.35721043948912196
chrZ_pat	20600000	20800000	0.009145506989166234	0.22954204063165515	-0.06829196239849068	-0.28236427897005045
chrZ_pat	20800000	21000000	0.009235089131602156	0.10802107935493528	-0.0674279734602542	-0.2242939258202403
chrZ_pat	21000000	21200000	0.008825892551384402	-0.36527889168169553	-0.028176896324800256	-0.30929866698957814
chrZ_pat	21200000	21400000	0.013664785982922738	0.7149148797377473	-0.38793312910910516	-0.3981855307966299
chrZ_pat	21400000	21600000	0.013265118946236616	0.9024016053790619	-0.2570881080906318	-0.33251015191403055
chrZ_pat	21600000	21800000	0.013591166616554299	0.8032157317909048	-0.3336981829045951	-0.4429027616226518
chrZ_pat	21800000	22000000	0.011491369717665467	0.4437247097650029	-0.38461096506690035	-0.4412975118321263
chrZ_pat	22000000	22200000	0.008301984575054603	-1.1165229433340862	0.22418809500143552	-0.3188279450042802
chrZ_pat	22200000	22400000	0.01286792157927789	0.19341300875735046	-0.2075951610590829	-0.42806334688965364
chrZ_pat	22400000	22600000	0.019225008595888337	0.5509106000706379	-0.3076585906702168	-0.5047345720326072
chrZ_pat	22600000	22800000	0.003846686521467052	0.8618006082720046	-0.018177791852006943	-0.4358187135359466
chrZ_pat	22800000	23000000	0.010610268781345324	0.8259759039917381	-0.29940343307784506	-0.4826363166126598
chrZ_pat	23000000	23200000	0.00957298701125032	-0.7459163318250713	0.02935477222431354	-0.23229823783429585
chrZ_pat	23200000	23400000	0.010357232565747096	0.3515765339913628	-0.2910759317419	-0.2929113437597033
chrZ_pat	23400000	23600000	0.008757289882638998	-0.34409190785480265	0.012552163619918686	-0.20381053365428814
chrZ_pat	23600000	23800000	0.009950174440951842	0.7203520792510542	-0.4024580788856083	-0.42961785440327366
chrZ_pat	23800000	24000000	0.010970784806623182	0.9019244381095685	-0.4736687757855547	-0.46762089925057604
chrZ_pat	24000000	24200000	0.011208740396339791	0.8441645152145788	-0.41311358475089655	-0.4209990424624563
chrZ_pat	24200000	24400000	0.010243292278763558	0.888714980710897	-0.43371706725939846	-0.43786980871931713
chrZ_pat	24400000	24600000	0.010143945045250777	0.8786925860691379	-0.5513499254064926	-0.461408462992578
chrZ_pat	24600000	24800000	0.01057857228485001	0.869883125440965	-0.5045190736865132	-0.4434180075397336
chrZ_pat	24800000	25000000	0.010804096690674189	0.8169189661025397	-0.5898295272713981	-0.3892753648796368
chrZ_pat	25000000	25200000	0.01029412928498124	0.6460801885478872	-0.6811336531344377	-0.37331631687161526
chrZ_pat	25200000	25400000	0.00910959329964846	-0.3999970282847926	-0.36096594650248154	-0.4354435677340859
chrZ_pat	25400000	25600000	0.007742116739338245	-0.937722017520304	-0.06025739441628386	-0.32644719504411923
chrZ_pat	25600000	25800000	0.00820902555204242	-0.72658998435432	-0.13286773524559806	-0.4167729014520742
chrZ_pat	25800000	26000000	0.00776966708588783	-0.6844481586962169	-0.14257071051503792	-0.4002403679988215
chrZ_pat	26000000	26200000	0.009847034556766906	0.32034002115181975	-0.7344681826311583	-0.3874438163811519
chrZ_pat	26200000	26400000	0.008471758501281816	-0.3332073479824434	-0.4080659120965611	-0.4268006146574833
chrZ_pat	26400000	26600000	0.009647121910138683	0.13744238780405985	-0.6299706209781721	-0.35823894181061444
chrZ_pat	26600000	26800000	0.009913448321041123	0.1971786443285915	-0.614900493643748	-0.3728088177118807
chrZ_pat	26800000	27000000	0.00910709255443253	-0.24860832148660625	-0.441060755570079	-0.4404061067085802
chrZ_pat	27000000	27200000	0.007882733318639468	-0.6916226263682814	-0.2564254821190099	-0.4440411630944925
chrZ_pat	27200000	27400000	0.00916930241528361	-0.2126804682194753	-0.5857057415415223	-0.4267800715147554
chrZ_pat	27400000	27600000	0.00819645166822528	-0.9296758407252105	-0.10982266841444324	-0.5739173538794258
chrZ_pat	27600000	27800000	0.009183762332139385	-0.4463842064344166	-0.37950990780430066	-0.5663629791558339
chrZ_pat	27800000	28000000	0.011001763423823077	0.42918346721940137	-0.7248851585617704	-0.406951817945371
chrZ_pat	28000000	28200000	0.010726156543512121	0.5609710768497299	-0.7469895540246573	-0.3773668382364094
chrZ_pat	28200000	28400000	0.010373654678696215	0.4866101228190412	-0.7034906734320351	-0.41465166870730275
chrZ_pat	28400000	28600000	0.011305629631963156	0.6846192562660546	-0.8286239601969414	-0.41428119828849286
chrZ_pat	28600000	28800000	0.009216938473825374	0.053996075698535366	-0.7265825470416644	-0.4012310887608646
chrZ_pat	28800000	29000000	0.007698354532359238	-0.5491700072499706	-0.3207780784594228	-0.4846192330845656
chrZ_pat	29000000	29200000	0.00789996130985247	-0.5357670331985024	-0.3486570428501246	-0.4216333262272705
chrZ_pat	29200000	29400000	0.009779614838732782	0.3475382455661484	-0.7803805359338729	-0.36062151019746735
chrZ_pat	29400000	29600000	0.00814473689745551	-0.3192590203994731	-0.4072950633103603	-0.485742220296749
chrZ_pat	29600000	29800000	0.009739920752424077	0.7126724498044659	-0.7964275238574867	-0.3346721518820713
chrZ_pat	29800000	30000000	0.010379728072386976	0.7612462664994399	-0.8323293602819842	-0.33773469055093186
chrZ_pat	30000000	30200000	0.010125368382180134	0.6075639323570426	-0.7770984009955911	-0.33992431746144725
chrZ_pat	30200000	30400000	0.007616519178724695	-0.7592569742516511	-0.20817682986746078	-0.496755279136598
chrZ_pat	30400000	30600000	0.006811245776889904	-0.9011662765795354	-0.09601886325406662	-0.5562322823738094
chrZ_pat	30600000	30800000	0.010060913757044512	0.48680942688221557	-0.786524230292226	-0.3027156048869155
chrZ_pat	30800000	31000000	0.010486588644247632	0.6881274827475978	-0.7965109088647093	-0.22760957341701288
chrZ_pat	31000000	31200000	0.010690586176345199	0.7312876344970963	-0.7277261220556207	-0.2708518734860201
chrZ_pat	31200000	31400000	0.010992135600415997	0.2886740209912807	-0.7145852026505808	-0.35745413443324725
chrZ_pat	31400000	31600000	0.009279176845816554	-0.3488510588712517	-0.4745476432250331	-0.4606821111390216
chrZ_pat	31600000	31800000	0.008261203618363014	-0.6961566090636764	-0.2320509876156242	-0.6150259012127955
chrZ_pat	31800000	32000000	0.00922891220433064	-0.7375340559495537	-0.19387682503348053	-0.5627681644479536
chrZ_pat	32000000	32200000	0.007597607495835396	-0.9241291827937772	-0.08787123941707102	-0.6683605842774044
chrZ_pat	32200000	32400000	0.01144370897956145	-0.2663784072678491	-0.26685453206448256	-0.5286357992861364
chrZ_pat	32400000	32600000	0.012906673498065614	0.5061785479270935	-0.6893669541322178	-0.37340366112962775
chrZ_pat	32600000	32800000	0.011596784499446143	0.38453817854009825	-0.7154326487884058	-0.30794305177997106
chrZ_pat	32800000	33000000	0.00923087094693472	-0.41488502491068885	-0.4415264783749892	-0.4993508547144358
chrZ_pat	33000000	33200000	0.008888902108812317	-0.6376407597839026	-0.34468158865689935	-0.6259343013714567
chrZ_pat	33200000	33400000	0.00894589530886448	-0.6408994033252	-0.31696684253086077	-0.5984087002947651
chrZ_pat	33400000	33600000	0.007127031758491295	-0.8864017173270268	-0.1564626587872452	-0.7872027534423303
chrZ_pat	33600000	33800000	0.010014428808724971	-0.18261004304991313	-0.561830087327995	-0.486516699447733
chrZ_pat	33800000	34000000	0.01190344197938206	0.41940999784258653	-0.7353686007773352	-0.3203054606020268
chrZ_pat	34000000	34200000	0.010690094513808895	-0.03329541175090272	-0.6236458735395676	-0.3684115202360518
chrZ_pat	34200000	34400000	0.01108809591904428	-0.5055674831923298	-0.33777513999268033	-0.4376908308082881
chrZ_pat	34400000	34600000	0.012322812862405323	-0.8596216389679261	-0.15017871091787044	-0.6993455931251312
chrZ_pat	34600000	34800000	0.009483902889692917	-0.32419699132726415	-0.46488319167244385	-0.4084562435092537
chrZ_pat	34800000	35000000	0.011036633727382266	0.6411639412083446	-0.759364275985085	-0.16799103613491778
chrZ_pat	35000000	35200000	0.010986032119588257	0.3380637481046838	-0.5626287035762091	-0.231287264575782
chrZ_pat	35200000	35400000				
chrZ_pat	35400000	35600000				
chrZ_pat	35600000	35800000				
chrZ_pat	35800000	36000000	0.012857847912212717	0.798342431087179	-0.14394600100974392	-0.2190179584968465
chrZ_pat	36000000	36200000	0.01144890289856667	0.8284957155135848	-0.04751748150255502	-0.16268767844277338
chrZ_pat	36200000	36400000	0.010270929759014157	0.6846153949682574	-0.0053192606268915275	-0.2533782917755793
chrZ_pat	36400000	36600000	0.008039165891477648	-0.6854519688793455	0.04219494817330729	-0.26372498475081385
chrZ_pat	36600000	36800000	0.010066512744293096	0.032828476131736783	-0.07619642456597112	-0.15384122975984174
chrZ_pat	36800000	37000000	0.011645785085347382	-0.5175242824312135	0.1008775765318244	-0.27112501485052093
chrZ_pat	37000000	37200000	0.008600395827609993	-0.7675042717352736	0.08264310985197625	-0.19433488946060953
chrZ_pat	37200000	37400000	0.010724982509292802	0.3756489563951796	-0.05084740622933969	-0.18933734657457785
chrZ_pat	37400000	37600000	0.010406730847363736	0.7802375266989501	0.26144965848790186	-0.22312988467500225
chrZ_pat	37600000	37800000	0.010615482845784046	0.8304862535978998	0.20576371118489173	-0.19206061418380543
chrZ_pat	37800000	38000000	0.01041255954080509	0.7499469527591957	0.2539060907189032	-0.1453750865411768
chrZ_pat	38000000	38200000	0.010469280975209744	0.8642040520164964	0.17400844085574793	-0.20010561177277805
chrZ_pat	38200000	38400000	0.010722071786408022	0.9298089648522895	0.3251160485632779	-0.2403323481139011
chrZ_pat	38400000	38600000	0.011019331292883352	0.9040065642341768	0.21946225137562606	-0.22081073256230357
chrZ_pat	38600000	38800000	0.011491072694916992	0.7479213854099414	0.26975781734877813	-0.25201413283181245
chrZ_pat	38800000	39000000	0.010778952000443114	0.21770284579873597	0.07335741503014709	-0.2863897861411764
chrZ_pat	39000000	39200000	0.007408856952805481	-1.0249793247211552	0.18495195484298652	-0.4126721013302625
chrZ_pat	39200000	39400000	0.00754760046103475	-1.038637893837891	0.2176029421396006	-0.5326724886841511
chrZ_pat	39400000	39600000	0.008540464525065964	-0.7230909154091798	0.10964602935083485	-0.2366642186533104
chrZ_pat	39600000	39800000	0.009396482743224912	-0.3864172137143509	0.07088896238303341	-0.21990199232821803
chrZ_pat	39800000	40000000	0.007623080204919313	-0.774792126062217	0.22443697007746802	-0.3204325530749193
chrZ_pat	40000000	40200000	0.010225075902797396	-0.06898639685688668	0.12426328255583957	-0.27112719366936894
chrZ_pat	40200000	40400000	0.010083626432563652	-0.4595862734739172	0.1261371351755197	-0.29426624185552486
chrZ_pat	40400000	40600000	0.006838913896636427	-1.1570859005501009	0.288793244766119	-0.42056117272768456
chrZ_pat	40600000	40800000	0.01060517221630636	0.41109686819892005	0.16006942237589117	-0.2685566739049009
chrZ_pat	40800000	41000000	0.010224430130352291	0.5299690854888554	0.1751115413141131	-0.264817360210075
chrZ_pat	41000000	41200000	0.010120951792498393	0.37864964268602225	0.3676952277286693	-0.2365196502063759
chrZ_pat	41200000	41400000	0.009742076033449626	0.5737557806714848	0.295532017495059	-0.28884390900946993
chrZ_pat	41400000	41600000	0.010068491827749399	0.7331070255252187	0.24599831304920522	-0.2947024496161944
chrZ_pat	41600000	41800000	0.007511317744416287	-0.7037951726295585	0.2736695179184469	-0.3710565587165578
chrZ_pat	41800000	42000000	0.010372120926040666	0.4790639879955041	0.17198375348000441	-0.2553990280947718
chrZ_pat	42000000	42200000	0.010963552244651962	0.6839211960381814	0.2547303832392521	-0.2815235843903072
chrZ_pat	42200000	42400000	0.01079360149432236	0.3252495063112566	0.23098267808899953	-0.347285323827472
chrZ_pat	42400000	42600000	0.007874942848222977	-0.6741055648173396	0.354865325230299	-0.41574969691027447
chrZ_pat	42600000	42800000	0.010314829267554336	0.8351236389247285	0.3681860290168333	-0.3244552442961306
chrZ_pat	42800000	43000000	0.010437898541085809	0.9279607806235596	0.4662201936947358	-0.2939071019077215
chrZ_pat	43000000	43200000	0.010526140996814443	0.934651581922374	0.5145683612248159	-0.2911581469163464
chrZ_pat	43200000	43400000	0.009984624634877221	0.9807808000311021	0.5972319525475089	-0.30464576108348074
chrZ_pat	43400000	43600000	0.01155594058803362	1.018218838032578	0.5774072537317056	-0.2854465732517685
chrZ_pat	43600000	43800000	0.01010868430251165	1.0567599803635614	0.5977669721923934	-0.2632775729041462
chrZ_pat	43800000	44000000	0.010365853135362738	0.9836124660064886	0.6249125589948635	-0.33522667973521
chrZ_pat	44000000	44200000	0.010009979567759798	1.0440443837545805	0.6096044856653441	-0.30377521010841085
chrZ_pat	44200000	44400000	0.010181464299860643	1.050605073370905	0.6450199998711225	-0.24389833488272444
chrZ_pat	44400000	44600000	0.01109082811481265	0.894387553562791	0.613748053485569	-0.3087401330210376
chrZ_pat	44600000	44800000	0.012135184415699182	0.9045357169044834	0.6003008061560107	-0.2985920940571463
chrZ_pat	44800000	45000000	0.012170178233395786	0.7624056614682446	0.4843336026615923	-0.39623702305812725
chrZ_pat	45000000	45200000	0.012202093937506998	0.499963629617684	0.4081565537478618	-0.28927026255388916
chrZ_pat	45200000	45400000	0.009433083065125858	-0.5878511759465974	0.266586153447135	-0.45453069436983584
chrZ_pat	45400000	45600000	0.0075388891296452685	-1.1610508613287742	0.29486848379657643	-0.9812246226490121
chrZ_pat	45600000	45800000	0.008111858630508782	-1.1492221499182114	0.3155890168785509	-0.9789252466683561
chrZ_pat	45800000	46000000	0.007038506566793313	-1.0843137328725514	0.27994879569391834	-0.8789587811409294
chrZ_pat	46000000	46200000	0.008829211427024943	-0.7738780282806926	0.24066821375117864	-0.7942296005777572
chrZ_pat	46200000	46400000	0.010483279562376265	-0.6312385730797125	0.3106336727580674	-0.6781611072302461
chrZ_pat	46400000	46600000	0.014204107181158759	0.045021690456142474	0.19789673029289964	-0.4714154707471954
chrZ_pat	46600000	46800000	0.013111060646577926	-0.4329501558180211	0.16282352597719854	-0.6281858458438015
chrZ_pat	46800000	47000000	0.006954733139334808	-1.0465811107745504	0.3068614714683503	-0.9055350273002075
chrZ_pat	47000000	47200000	0.011612896774101315	0.1166737847345995	0.3216126429978374	-0.4910881890888168
chrZ_pat	47200000	47400000	0.012600859611391088	-0.11602955509771608	0.19201454089876197	-0.6251699114736673
chrZ_pat	47400000	47600000	0.009425301742816385	-1.0865271910473775	0.30829902479910415	-0.8594442838151848
chrZ_pat	47600000	47800000	0.009813444234165065	-0.5425160449545056	0.19092899754202924	-0.6405619403920738
chrZ_pat	47800000	48000000	0.010730125518486972	-0.23799120314080327	0.22478767777050618	-0.4134819513584232
chrZ_pat	48000000	48200000	0.007416513620272067	-0.8983249621804085	0.27463047368269033	-0.7013215269672118
chrZ_pat	48200000	48400000	0.009099692740435443	-0.5131078802323141	0.20938287005582085	-0.5797735890307811
chrZ_pat	48400000	48600000	0.009000935724198796	-0.4728953200039688	0.27812176765597446	-0.6320426435115513
chrZ_pat	48600000	48800000	0.010961617936550186	0.374112983536621	0.47824483413069646	-0.31876098375039486
chrZ_pat	48800000	49000000	0.008303953936715356	-0.3832673411227695	0.2993727783167237	-0.48449427300116776
chrZ_pat	49000000	49200000	0.010378981582051779	0.3018350870044301	0.40713795160597893	-0.3986507666406611
chrZ_pat	49200000	49400000	0.007698358768102985	-0.700027375102964	0.22739623438093443	-0.5745040693158919
chrZ_pat	49400000	49600000	0.00935721501582544	-0.21473201330373887	0.2054764653659446	-0.48334139341849147
chrZ_pat	49600000	49800000	0.006259056854613323	-1.2026480722082122	0.3030630283515987	-0.7739022286830841
chrZ_pat	49800000	50000000	0.0073116032790726294	-0.8093498714976359	0.2543227862304744	-0.5816764760208778
chrZ_pat	50000000	50200000	0.011008467126486222	0.270035984963055	0.35139664267292187	-0.3316081538556356
chrZ_pat	50200000	50400000	0.011143222688219535	0.4149716495980936	0.3559409382844858	-0.27352562825545346
chrZ_pat	50400000	50600000	0.007136730407928442	-0.823721020905492	0.32271296503635777	-0.6765918622314755
chrZ_pat	50600000	50800000	0.010101844493381439	0.48641099181391884	0.36323005109255646	-0.2490713585404173
chrZ_pat	50800000	51000000	0.010786460071363876	0.8015109088007754	0.6002843753492275	-0.22722363673956258
chrZ_pat	51000000	51200000	0.00841103673638859	-0.3756988680800269	0.33492106600482263	-0.4970373773184838
chrZ_pat	51200000	51400000	0.010825253162995542	0.17447042692979176	0.2798568929040482	-0.33502641734071487
chrZ_pat	51400000	51600000	0.008679668856399363	-0.6453412700180406	0.2028973583338864	-0.5433542606460074
chrZ_pat	51600000	51800000	0.010604417442678826	-0.10826049263833123	0.22006863696204196	-0.39233407791721664
chrZ_pat	51800000	52000000	0.006909862722856055	-0.8917905536818692	0.2614853755859638	-0.6633752931305177
chrZ_pat	52000000	52200000	0.008669470817448732	-0.2428978043586232	0.2658473217007061	-0.34714107135788136
chrZ_pat	52200000	52400000	0.010115363638467989	0.7491029034074119	0.37845637981977603	-0.23516900858137024
chrZ_pat	52400000	52600000	0.008781911149566104	0.10742156132633776	0.33685333397281086	-0.251677304126637
chrZ_pat	52600000	52800000	0.01039274862521792	1.0359601138975822	0.48867762318454705	-0.15708278017305743
chrZ_pat	52800000	53000000	0.009480259220550678	0.3453817600471219	0.27149830630972804	-0.2530751345784215
chrZ_pat	53000000	53200000	0.008757123077077671	0.0011935415196178026	0.21692097289183504	-0.28474612870371563
chrZ_pat	53200000	53400000	0.010415765709903659	0.8461038709612891	0.4631064520520943	-0.12359204744210096
chrZ_pat	53400000	53600000	0.01029887732542598	1.0421972255691068	0.6509738594441058	-0.11127567171828857
chrZ_pat	53600000	53800000	0.010257748608079606	0.8400826773464262	0.518002229125553	-0.1775932464882988
chrZ_pat	53800000	54000000	0.008622261842416367	-0.3116510044151768	0.1724483725285037	-0.36347943172745034
chrZ_pat	54000000	54200000	0.00721914843788164	-1.0535758493899063	0.12281220800361908	-0.6483697158361246
chrZ_pat	54200000	54400000	0.008539240820924342	-0.6536073375302032	0.009909666802531922	-0.5304233415620158
chrZ_pat	54400000	54600000	0.00826000038827083	-0.7219861542070309	0.1355184472895373	-0.46039255605091384
chrZ_pat	54600000	54800000	0.010312583109393331	0.1497475349182859	0.2638997597591989	-0.34857923472363495
chrZ_pat	54800000	55000000	0.008501457286508017	-0.6827694480393056	0.34966722755517404	-0.445263866247653
chrZ_pat	55000000	55200000	0.009272147357324829	-0.631947765297215	0.29862267479338583	-0.4793250587122943
chrZ_pat	55200000	55400000	0.010566728850509157	0.2661120323515402	0.26578579858211154	-0.3623801975310342
chrZ_pat	55400000	55600000	0.009641841761515052	-0.281559197204616	0.20894736861565377	-0.43856301438204703
chrZ_pat	55600000	55800000	0.007415901574618575	-0.9695665417449458	0.22378737006876967	-0.5069091201146897
chrZ_pat	55800000	56000000	0.010949230651115466	0.6152596159939552	0.17862614795488715	-0.1796073210289938
chrZ_pat	56000000	56200000	0.01101749450662318	0.8863484297194097	0.44045730771234554	-0.17230482324905558
chrZ_pat	56200000	56400000	0.010286134797364692	0.8454080241705333	0.3281411201786735	-0.12514723089415436
chrZ_pat	56400000	56600000	0.01032795101617648	0.8757645155953602	0.4771887351197013	-0.10795336032118054
chrZ_pat	56600000	56800000	0.010141555182055517	0.8849274662387987	0.46763091832518616	-0.17517383142845222
chrZ_pat	56800000	57000000	0.00928376767663645	0.25644649859977225	0.26103306757053996	-0.3137695549496414
chrZ_pat	57000000	57200000	0.007807357811357822	-0.8426697449134042	0.19989344142423604	-0.5432622739505524
chrZ_pat	57200000	57400000	0.007980460781074767	-0.9793813858271992	0.17372133293352698	-0.4980993601265656
chrZ_pat	57400000	57600000	0.008085701244416524	-0.6345657894986518	0.11747556086024197	-0.4157643677235628
chrZ_pat	57600000	57800000	0.007937987858346216	-0.5827805356940043	0.21929116260329773	-0.4223306712785043
chrZ_pat	57800000	58000000	0.010644949088519035	0.7945801436840848	0.39911813261342305	-0.10581288995243306
chrZ_pat	58000000	58200000	0.01059025816563843	0.7848608359817452	0.35192811845316135	-0.10094117980756229
chrZ_pat	58200000	58400000	0.008466884427942153	-0.0982615558033794	0.13086718702670114	-0.23055611473853732
chrZ_pat	58400000	58600000	0.00931529348545766	0.02812468536003381	0.003576155904887431	-0.19117785355004158
chrZ_pat	58600000	58800000	0.006885888963707117	-0.9332291325757219	0.11034509972758777	-0.5293593273322238
chrZ_pat	58800000	59000000	0.007421700836162736	-0.9455738359652158	0.08406983230841622	-0.4585837010166507
chrZ_pat	59000000	59200000	0.008579823360101858	-0.45979419992733606	0.024400737978429187	-0.3234614560339582
chrZ_pat	59200000	59400000	0.009143031809211574	-0.6125050460227922	0.11075314079085685	-0.3616731610814955
chrZ_pat	59400000	59600000	0.010322034185625719	0.08456107350134047	0.039851051263036216	-0.261596455068956
chrZ_pat	59600000	59800000	0.006856076755201841	-1.1308773912063397	0.14073711041557088	-0.48698494759873845
chrZ_pat	59800000	60000000	0.008512505712399714	-0.5128045173384573	0.1400829543835422	-0.30957054246715093
chrZ_pat	60000000	60200000	0.011276988188885721	0.762487506574949	0.3429883115798793	-0.1619757044196816
chrZ_pat	60200000	60400000	0.01087611735587428	0.8774617386230427	0.3449577561541676	-0.1682627389571263
chrZ_pat	60400000	60600000	0.00721461704141392	-0.7767372386586643	0.17916656541506185	-0.31488140036839796
chrZ_pat	60600000	60800000	0.009493317491836612	-0.0005065059090966048	0.13248861845322607	-0.25447834600131664
chrZ_pat	60800000	61000000	0.010221347715185774	0.8538538687226254	0.42095824132832105	-0.13578802014680852
chrZ_pat	61000000	61200000	0.01044602079693712	0.8134065862642352	0.3019761429796206	-0.05854724641386528
chrZ_pat	61200000	61400000	0.009618760581017936	0.4935698373868952	0.19628228164489916	-0.0398511398423558
chrZ_pat	61400000	61600000	0.010531897901195731	1.1057931278906679	0.46421113885154525	-0.014967021958736
chrZ_pat	61600000	61800000	0.010460357541551396	0.851360938668131	0.33620473762363096	-0.134181449543768
chrZ_pat	61800000	62000000	0.008227894683803005	-0.608667765650199	0.10357774290176008	-0.14893441870111748
chrZ_pat	62000000	62200000	0.010963605398330332	0.8846668274139002	0.2903400450351859	-0.045238390214426626
chrZ_pat	62200000	62400000	0.011411241856871793	0.7858441290275318	0.21672765337184108	0.001267410339604214
chrZ_pat	62400000	62600000	0.008001963128287298	-0.7905224560161878	-0.004881469053067001	-0.2389103761880673
chrZ_pat	62600000	62800000	0.008337640848540741	-0.9287059488461687	0.07843414116047424	-0.06438255544417805
chrZ_pat	62800000	63000000	0.010503627386227317	-0.230986179222802	0.010944589837477349	-0.11670058750908935
chrZ_pat	63000000	63200000	0.01169009986146524	-0.11565101734944704	0.16075369522446853	-0.2615220550460009
chrZ_pat	63200000	63400000				
chrZ_pat	63400000	63600000				
chrZ_pat	63600000	63800000				
chrZ_pat	63800000	64000000	0.015915778274470584	0.5014530770543206	0.34196863259332677	-0.10903201376669723
chrZ_pat	64000000	64200000	0.010212384266460688	-0.3136421128998708	0.15072000868209795	-0.20007120947098397
chrZ_pat	64200000	64400000	0.007977045604519525	-0.7470422282254746	0.20207539758334275	-0.15369497640084548
chrZ_pat	64400000	64600000	0.010097868381909344	0.38612986485771356	0.22605468205594334	-0.05978927654683395
chrZ_pat	64600000	64800000	0.010552388435834633	-0.6164669146579304	0.13831395964612755	-0.2809882403379158
chrZ_pat	64800000	65000000				
chrZ_pat	65000000	65200000	0.008212234872392364	-0.9413767811055261	0.1587631010872938	-0.25339688285024875
chrZ_pat	65200000	65400000	0.00880799710453598	-0.812476502527613	0.13474120488716532	-0.11015341471492064
chrZ_pat	65400000	65600000	0.009319676114413991	-0.49262857652549763	0.11321064352355917	-0.16999657020224201
chrZ_pat	65600000	65800000	0.009725801571113621	-0.16296698046157293	0.12783472943541396	-0.15822477697209122
chrZ_pat	65800000	66000000	0.011410414648756596	0.5796337666141341	0.42925327778595385	-0.05845262784281177
chrZ_pat	66000000	66200000	0.00666596050970536	-1.1044025946368625	0.2372041816827914	-0.3388068058162694
chrZ_pat	66200000	66400000	0.007981927573932686	-0.876043339625273	0.10088110050060993	-0.19563651515607058
chrZ_pat	66400000	66600000	0.008843933985652258	-0.2440483876750961	0.19147022428342841	-0.0806234170825162
chrZ_pat	66600000	66800000	0.011086592617264543	0.5208011247928578	0.3076901177502348	-0.09246546651288284
chrZ_pat	66800000	67000000	0.008329832568119316	-0.5663520677490238	0.22424608196495374	-0.14310840267106345
chrZ_pat	67000000	67200000	0.00841013648399365	-0.6166033685397406	0.19756067288688658	-0.14567751182721117
chrZ_pat	67200000	67400000	0.007841827738808628	-0.7262664500961918	0.16079886829794823	-0.13076902115801378
chrZ_pat	67400000	67600000	0.008796728327126455	-0.5518057054627181	0.23481092343232687	-0.19804621328671285
chrZ_pat	67600000	67800000	0.011114629589616546	0.008481416036484293	0.2615832760711683	-0.03599836349069443
chrZ_pat	67800000	68000000	0.0075254188756567735	-0.9714393742928358	0.23671759759184793	-0.058418140426417
chrZ_pat	68000000	68200000	0.012839214735904804	0.44312174203454385	0.4683823507448431	-0.0188574103566415
chrZ_pat	68200000	68400000	0.012287917424999116	0.6545838204197675	0.5270662677196857	0.040868261557292486
chrZ_pat	68400000	68600000	0.007267792807549835	-0.9613264386128489	0.3152200481867147	-0.05588127572506575
chrZ_pat	68600000	68800000	0.009846569987193805	-0.1846715966774526	0.27738975070415445	-0.07242472961211005
chrZ_pat	68800000	69000000	0.008059386160997703	-0.6502633124038387	0.27430090011448516	-0.1301553648369023
chrZ_pat	69000000	69200000	0.010066939676070842	0.30950879906021783	0.29625717048641415	-0.16611186010614487
chrZ_pat	69200000	69400000	0.006889995034951827	-1.0315852080221473	0.2303320377996927	-0.3192703627368373
chrZ_pat	69400000	69600000	0.006714280987117428	-1.258776662128642	0.20491773480070286	-0.1279137532844627
chrZ_pat	69600000	69800000	0.007242781584799862	-0.9230485535844332	0.1084970515957681	-0.21141655581544383
chrZ_pat	69800000	70000000	0.0076629110359981096	-0.7022886481893422	0.19094164685624815	-0.1539416152376985
chrZ_pat	70000000	70200000	0.008455974743168606	-0.7079797869965696	0.2158380886906765	-0.10255202798683773
chrZ_pat	70200000	70400000	0.009964229641853048	0.45956363710460735	0.5474311504375503	-0.0502480823129014
chrZ_pat	70400000	70600000	0.011054227353102688	0.920965679515556	0.7741165128535713	0.04231679122375642
chrZ_pat	70600000	70800000	0.010132514072211088	1.0974383565539987	0.6263807601675625	0.018136484851404868
chrZ_pat	70800000	71000000	0.010185821838750655	1.0330126397009503	0.7375380201280121	-0.03650343422333237
chrZ_pat	71000000	71200000	0.01021099147564299	0.9869763176012508	0.6181330443014142	-0.1042800387908287
chrZ_pat	71200000	71400000	0.009893095676986713	0.9720209959039562	0.6323425126828643	-0.04323807623705409
chrZ_pat	71400000	71600000	0.009753673600942874	0.9852482746918438	0.6175963964943105	-0.0962365052113148
chrZ_pat	71600000	71800000	0.009935526096512817	0.9535114713176677	0.6586320515089544	-0.132537772190909
chrZ_pat	71800000	72000000	0.010253411047190462	1.0013987079324633	0.7172470657631265	-0.028224738227174043
chrZ_pat	72000000	72200000	0.0105833649915961	1.030225784930023	0.6577334955729747	-0.0007605730934774135
chrZ_pat	72200000	72400000	0.010569916238358209	1.057507241122134	0.6652052269469203	-0.0450983784177236
chrZ_pat	72400000	72600000	0.0107566905914223	1.0282896723227863	0.6362307659234596	0.02868827922640351
chrZ_pat	72600000	72800000	0.010437968335932723	0.9278738184665938	0.6219092379650194	-0.07313383128988575
chrZ_pat	72800000	73000000	0.00999515422667246	0.5926959186595405	0.37868428512260494	-0.018448167302963486
chrZ_pat	73000000	73200000	0.008795756796239139	-0.43949554067741	0.21489591484507556	0.05947464935802468
chrZ_pat	73200000	73400000	0.009079557493076812	0.20058147808416615	0.2471285114500845	-0.10285826318677857
chrZ_pat	73400000	73600000	0.007432492891710214	-0.8043069990674903	0.3633130135620608	0.12786195676620715
chrZ_pat	73600000	73800000	0.008998929246234055	0.12082439943071324	0.46689724462545584	0.024729068972495983
chrZ_pat	73800000	74000000	0.01074767814256517	0.9478375567784247	0.7552234767242083	-0.07316893058673164
chrZ_pat	74000000	74200000	0.010870272765364508	1.074051682311363	0.741681242820014	-0.06741666936351493
chrZ_pat	74200000	74400000	0.010112940057134454	0.8649692811522446	0.5883053433966499	0.01416992525610866
chrZ_pat	74400000	74600000	0.010399911142164108	1.0187969404565105	0.7141680816205717	-0.04993845779286508
chrZ_pat	74600000	74800000	0.010468340442764594	1.0766767405315736	0.769158358266999	0.004129337581584092
chrZ_pat	74800000	75000000	0.01044775914699672	0.8053483440657042	0.5993261448850541	0.057532896685576436
chrZ_pat	75000000	75200000	0.007473668724688836	-0.7870440853238675	0.4004965343864316	0.26932287452189285
chrZ_pat	75200000	75400000	0.009274238446401158	0.033156155895479184	0.3509908952797013	0.11423272153863646
chrZ_pat	75400000	75600000	0.010798893601841195	0.4485706956386703	0.5666816247271073	0.1074848011806427
chrZ_pat	75600000	75800000	0.008562226796047932	-0.8117415638636641	0.2658590213269882	0.4121706490097114
chrZ_pat	75800000	76000000	0.008212178294722183	-1.2665721424023415	0.4235322809415005	0.5095136736216019
chrZ_pat	76000000	76200000	0.0131846520297135	0.4218172549719424	0.5319689166775443	0.2838933973240431
chrZ_pat	76200000	76400000	0.01738405731858573	1.0848881230217782	0.6179368985472258	0.16628061170230346
chrZ_pat	76400000	76600000				
chrZ_pat	76600000	76800000	0.006080409565191174	0.8526528665407275	0.7051931156159683	0.22331649220548425
chrZ_pat	76800000	77000000	0.004033440316271639	0.9494057709630127	0.7081727336038206	0.24046301088574765
chrZ_pat	77000000	77200000	0.014545651020654185	0.3666061958709586	0.46204329032293723	0.047323230744670416
chrZ_pat	77200000	77400000	0.007895327939544304	-1.077467763469107	0.42878717722460485	0.0651480725364287
chrZ_pat	77400000	77600000	0.011215555300002258	0.1294033316243838	0.4350210257141867	-0.2595824000794975
chrZ_pat	77600000	77800000	0.009265643911704665	-0.40126216830551803	0.3146665439891296	-0.2534031648999078
chrZ_pat	77800000	78000000	0.009404881584786771	-0.5978004688040917	0.44231384542591573	-0.16922384466764892
chrZ_pat	78000000	78200000	0.01121802709098918	0.6167192576784513	0.6365341605164342	-0.26789461295243233
chrZ_pat	78200000	78400000	0.011602480114705924	0.5108557481529961	0.6642332396517582	-0.39898619962022563
chrZ_pat	78400000	78600000	0.008603922305006357	-0.3144572249816683	0.42368900797392434	-0.3316353996547415
chrZ_pat	78600000	78800000	0.008669436354528333	-0.08995698596738554	0.22815530574321505	-0.5259785409230117
chrZ_pat	78800000	79000000	0.008402515869626578	-0.4960150859408596	0.21406141677289006	-0.4108638015277515
chrZ_pat	79000000	79200000	0.008664168526355178	-0.5898957221055733	0.26198824611200733	-0.39421188098837345
chrZ_pat	79200000	79400000	0.00964981203672995	0.5155752144740156	0.6503275492141923	-0.48246603707552216
chrZ_pat	79400000	79600000	0.01060099180084751	0.9091321834399669	0.9334944450153366	-0.4160095627442244
chrZ_pat	79600000	79800000	0.010834221892532598	1.0037794291918494	0.9160660218770198	-0.4327533024327551
chrZ_pat	79800000	80000000	0.011826877655769846	1.0192516323915832	1.006731363677854	-0.335397769342737
chrZ_pat	80000000	80200000	0.011363584952405198	1.0307377406478684	1.051297153317363	-0.3829796775847486
chrZ_pat	80200000	80400000	0.012249306367357061	0.9430990728464158	1.0509255907337165	-0.2562854329052194
chrZ_pat	80400000	80600000	0.010710219782930281	-0.14715009085065994	0.6469739437476381	0.10357340992895488
chrZ_pat	80600000	80800000	0.009843343611837127	-0.4747614518969176	0.6248079827105123	0.2004509568304053
chrZ_pat	80800000	81000000	0.012054616653957918	0.1398775815887321	0.7074786678030024	0.024652352598866042
chrZ_pat	81000000	81200000	0.00784073821840692	-1.4105329589904871	0.49531940230220434	0.6348492762605921
chrZ_pat	81200000	81400000	0.010667790081796273	-0.8170485381444383	0.5715355932916732	0.5223813311942831
chrZ_pat	81400000	81600000	0.010815618749137317	-0.41792047033913826	0.5451283252140156	0.2940891058030975
chrZ_pat	81600000	81800000	0.00831327979151988	-1.361817869586306	0.48439011894563755	0.45338482023978016
chrZ_pat	81800000	82000000	0.01111780508407368	-0.7414478846236057	0.5392712083912242	0.48507168753336827
chrZ_pat	82000000	82200000	0.010334423719803006	-0.29847669938936183	0.606035593881674	0.35513554781799683
chrZ_pat	82200000	82218670				
