chrom	start	end	weight
chr1_pat	0	100000	
chr1_pat	100000	200000	
chr1_pat	200000	300000	
chr1_pat	300000	400000	0.0183264
chr1_pat	400000	500000	0.00842736
chr1_pat	500000	600000	0.00777597
chr1_pat	600000	700000	0.00593701
chr1_pat	700000	800000	0.00694846
chr1_pat	800000	900000	0.00827878
chr1_pat	900000	1000000	0.00884097
chr1_pat	1000000	1100000	0.00529691
chr1_pat	1100000	1200000	0.0087616
chr1_pat	1200000	1300000	0.00978416
chr1_pat	1300000	1400000	0.0104143
chr1_pat	1400000	1500000	0.0098528
chr1_pat	1500000	1600000	0.00943601
chr1_pat	1600000	1700000	0.00893505
chr1_pat	1700000	1800000	0.00936531
chr1_pat	1800000	1900000	0.00918654
chr1_pat	1900000	2000000	0.00983517
chr1_pat	2000000	2100000	0.00927915
chr1_pat	2100000	2200000	0.00926438
chr1_pat	2200000	2300000	0.00937856
chr1_pat	2300000	2400000	0.00884855
chr1_pat	2400000	2500000	0.0084948
chr1_pat	2500000	2600000	0.00944334
chr1_pat	2600000	2700000	0.00867289
chr1_pat	2700000	2800000	0.00916771
chr1_pat	2800000	2900000	0.00740577
chr1_pat	2900000	3000000	0.00695756
chr1_pat	3000000	3100000	0.00677595
chr1_pat	3100000	3200000	0.00765333
chr1_pat	3200000	3300000	0.00783419
chr1_pat	3300000	3400000	0.00948532
chr1_pat	3400000	3500000	0.00919386
chr1_pat	3500000	3600000	0.0102104
chr1_pat	3600000	3700000	0.00948203
chr1_pat	3700000	3800000	0.009306
chr1_pat	3800000	3900000	0.0104094
chr1_pat	3900000	4000000	0.00928693
chr1_pat	4000000	4100000	0.00774174
chr1_pat	4100000	4200000	0.00915393
chr1_pat	4200000	4300000	0.00657556
chr1_pat	4300000	4400000	0.00587937
chr1_pat	4400000	4500000	0.00662897
chr1_pat	4500000	4600000	0.00675749
chr1_pat	4600000	4700000	0.00879853
chr1_pat	4700000	4800000	0.00815501
chr1_pat	4800000	4900000	0.00636373
chr1_pat	4900000	5000000	0.00912858
chr1_pat	5000000	5100000	0.00730414
chr1_pat	5100000	5200000	0.00711166
chr1_pat	5200000	5300000	0.00862724
chr1_pat	5300000	5400000	0.00772841
chr1_pat	5400000	5500000	0.00652827
chr1_pat	5500000	5600000	0.00805071
chr1_pat	5600000	5700000	0.00875401
chr1_pat	5700000	5800000	0.00866179
chr1_pat	5800000	5900000	0.00846957
chr1_pat	5900000	6000000	0.00868337
chr1_pat	6000000	6100000	0.00890899
chr1_pat	6100000	6200000	0.00837409
chr1_pat	6200000	6300000	0.0090208
chr1_pat	6300000	6400000	0.00851371
chr1_pat	6400000	6500000	0.00837744
chr1_pat	6500000	6600000	0.00840035
chr1_pat	6600000	6700000	0.00877588
chr1_pat	6700000	6800000	0.00819513
chr1_pat	6800000	6900000	0.00831021
chr1_pat	6900000	7000000	0.00839278
chr1_pat	7000000	7100000	0.00829044
chr1_pat	7100000	7200000	0.00831091
chr1_pat	7200000	7300000	0.00839368
chr1_pat	7300000	7400000	0.00848753
chr1_pat	7400000	7500000	0.00847693
chr1_pat	7500000	7600000	0.00841593
chr1_pat	7600000	7700000	0.00874219
chr1_pat	7700000	7800000	0.00890635
chr1_pat	7800000	7900000	0.009256
chr1_pat	7900000	8000000	0.00866973
chr1_pat	8000000	8100000	0.00880598
chr1_pat	8100000	8200000	0.00868316
chr1_pat	8200000	8300000	0.00838878
chr1_pat	8300000	8400000	0.00905623
chr1_pat	8400000	8500000	0.00834644
chr1_pat	8500000	8600000	0.00840446
chr1_pat	8600000	8700000	0.00883934
chr1_pat	8700000	8800000	0.00884389
chr1_pat	8800000	8900000	0.00794749
chr1_pat	8900000	9000000	0.00904148
chr1_pat	9000000	9100000	0.00767092
chr1_pat	9100000	9200000	0.00846579
chr1_pat	9200000	9300000	0.00910565
chr1_pat	9300000	9400000	0.0087725
chr1_pat	9400000	9500000	0.00873819
chr1_pat	9500000	9600000	0.00852079
chr1_pat	9600000	9700000	0.00861677
chr1_pat	9700000	9800000	0.00832576
chr1_pat	9800000	9900000	0.00840199
chr1_pat	9900000	10000000	0.00746558
chr1_pat	10000000	10100000	0.00875255
chr1_pat	10100000	10200000	0.00926773
chr1_pat	10200000	10300000	0.00868267
chr1_pat	10300000	10400000	0.00899102
chr1_pat	10400000	10500000	0.00922058
chr1_pat	10500000	10600000	0.00870069
chr1_pat	10600000	10700000	0.00872799
chr1_pat	10700000	10800000	0.00899252
chr1_pat	10800000	10900000	0.00875549
chr1_pat	10900000	11000000	0.00871382
chr1_pat	11000000	11100000	0.00854434
chr1_pat	11100000	11200000	0.0086945
chr1_pat	11200000	11300000	0.00882676
chr1_pat	11300000	11400000	0.00795819
chr1_pat	11400000	11500000	0.00836592
chr1_pat	11500000	11600000	0.00844107
chr1_pat	11600000	11700000	0.00886901
chr1_pat	11700000	11800000	0.00890626
chr1_pat	11800000	11900000	0.00796725
chr1_pat	11900000	12000000	0.00884846
chr1_pat	12000000	12100000	0.00890818
chr1_pat	12100000	12200000	0.0084144
chr1_pat	12200000	12300000	0.00845784
chr1_pat	12300000	12400000	0.0085881
chr1_pat	12400000	12500000	0.00901822
chr1_pat	12500000	12600000	0.00880032
chr1_pat	12600000	12700000	0.00898986
chr1_pat	12700000	12800000	0.0085531
chr1_pat	12800000	12900000	0.0087982
chr1_pat	12900000	13000000	0.00874601
chr1_pat	13000000	13100000	0.00865589
chr1_pat	13100000	13200000	0.00939031
chr1_pat	13200000	13300000	0.00841897
chr1_pat	13300000	13400000	0.00988246
chr1_pat	13400000	13500000	0.00924382
chr1_pat	13500000	13600000	0.00911518
chr1_pat	13600000	13700000	0.00951021
chr1_pat	13700000	13800000	0.00910461
chr1_pat	13800000	13900000	0.00889797
chr1_pat	13900000	14000000	0.009449
chr1_pat	14000000	14100000	0.00956073
chr1_pat	14100000	14200000	0.00723853
chr1_pat	14200000	14300000	0.00827436
chr1_pat	14300000	14400000	0.00845222
chr1_pat	14400000	14500000	0.0109801
chr1_pat	14500000	14600000	0.0116934
chr1_pat	14600000	14700000	0.0106356
chr1_pat	14700000	14800000	0.0109796
chr1_pat	14800000	14900000	0.00759784
chr1_pat	14900000	15000000	0.00632256
chr1_pat	15000000	15100000	0.00666545
chr1_pat	15100000	15200000	0.00638475
chr1_pat	15200000	15300000	0.00595473
chr1_pat	15300000	15400000	0.00709702
chr1_pat	15400000	15500000	0.00825892
chr1_pat	15500000	15600000	0.00959579
chr1_pat	15600000	15700000	0.0098996
chr1_pat	15700000	15800000	0.00946385
chr1_pat	15800000	15900000	0.00962717
chr1_pat	15900000	16000000	0.00914979
chr1_pat	16000000	16100000	0.00924732
chr1_pat	16100000	16200000	0.00908596
chr1_pat	16200000	16300000	0.00946195
chr1_pat	16300000	16400000	0.00938666
chr1_pat	16400000	16500000	0.00947989
chr1_pat	16500000	16600000	0.00675277
chr1_pat	16600000	16700000	0.00927942
chr1_pat	16700000	16800000	0.00997539
chr1_pat	16800000	16900000	0.00966614
chr1_pat	16900000	17000000	0.00981407
chr1_pat	17000000	17100000	0.00981625
chr1_pat	17100000	17200000	0.00920651
chr1_pat	17200000	17300000	0.0068198
chr1_pat	17300000	17400000	0.00760471
chr1_pat	17400000	17500000	0.00947429
chr1_pat	17500000	17600000	0.00975385
chr1_pat	17600000	17700000	0.00903488
chr1_pat	17700000	17800000	0.0138893
chr1_pat	17800000	17900000	0.0101695
chr1_pat	17900000	18000000	0.0103804
chr1_pat	18000000	18100000	0.0078155
chr1_pat	18100000	18200000	0.00689176
chr1_pat	18200000	18300000	0.00751744
chr1_pat	18300000	18400000	0.00741813
chr1_pat	18400000	18500000	0.00604526
chr1_pat	18500000	18600000	0.00576573
chr1_pat	18600000	18700000	0.00840066
chr1_pat	18700000	18800000	0.00829063
chr1_pat	18800000	18900000	0.0100408
chr1_pat	18900000	19000000	0.0129787
chr1_pat	19000000	19100000	0.010015
chr1_pat	19100000	19200000	0.00935295
chr1_pat	19200000	19300000	0.00810735
chr1_pat	19300000	19400000	0.00611906
chr1_pat	19400000	19500000	0.00809807
chr1_pat	19500000	19600000	0.00687168
chr1_pat	19600000	19700000	0.00969683
chr1_pat	19700000	19800000	
chr1_pat	19800000	19900000	
chr1_pat	19900000	20000000	
chr1_pat	20000000	20100000	
chr1_pat	20100000	20200000	
chr1_pat	20200000	20300000	
chr1_pat	20300000	20400000	
chr1_pat	20400000	20500000	
chr1_pat	20500000	20600000	
chr1_pat	20600000	20700000	
chr1_pat	20700000	20800000	
chr1_pat	20800000	20900000	
chr1_pat	20900000	21000000	0.010539
chr1_pat	21000000	21100000	0.0109126
chr1_pat	21100000	21200000	0.0104894
chr1_pat	21200000	21300000	0.00971336
chr1_pat	21300000	21400000	0.006053
chr1_pat	21400000	21500000	0.0109905
chr1_pat	21500000	21600000	0.0103906
chr1_pat	21600000	21700000	0.00998539
chr1_pat	21700000	21800000	0.00893143
chr1_pat	21800000	21900000	0.00748312
chr1_pat	21900000	22000000	0.00694058
chr1_pat	22000000	22100000	0.00850433
chr1_pat	22100000	22200000	0.00748892
chr1_pat	22200000	22300000	0.00845607
chr1_pat	22300000	22400000	0.00834046
chr1_pat	22400000	22500000	0.00844217
chr1_pat	22500000	22600000	0.00901504
chr1_pat	22600000	22700000	0.010254
chr1_pat	22700000	22800000	0.00993825
chr1_pat	22800000	22900000	0.00937428
chr1_pat	22900000	23000000	0.00909468
chr1_pat	23000000	23100000	0.00745206
chr1_pat	23100000	23200000	0.0108626
chr1_pat	23200000	23300000	0.0112446
chr1_pat	23300000	23400000	0.0114622
chr1_pat	23400000	23500000	0.0105717
chr1_pat	23500000	23600000	0.0115512
chr1_pat	23600000	23700000	0.0115914
chr1_pat	23700000	23800000	0.00976864
chr1_pat	23800000	23900000	0.010631
chr1_pat	23900000	24000000	0.0108429
chr1_pat	24000000	24100000	0.0107042
chr1_pat	24100000	24200000	0.0111639
chr1_pat	24200000	24300000	0.0107697
chr1_pat	24300000	24400000	0.0107524
chr1_pat	24400000	24500000	0.0111015
chr1_pat	24500000	24600000	0.0108158
chr1_pat	24600000	24700000	0.0124472
chr1_pat	24700000	24800000	0.0112867
chr1_pat	24800000	24900000	0.0106799
chr1_pat	24900000	25000000	0.00922419
chr1_pat	25000000	25100000	0.00734637
chr1_pat	25100000	25200000	0.00950022
chr1_pat	25200000	25300000	0.00946871
chr1_pat	25300000	25400000	0.00885602
chr1_pat	25400000	25500000	0.00885017
chr1_pat	25500000	25600000	0.00723438
chr1_pat	25600000	25700000	0.00603432
chr1_pat	25700000	25800000	0.00921323
chr1_pat	25800000	25900000	0.00965526
chr1_pat	25900000	26000000	0.00729151
chr1_pat	26000000	26100000	0.00974365
chr1_pat	26100000	26200000	0.00945254
chr1_pat	26200000	26300000	0.00768538
chr1_pat	26300000	26400000	0.00909801
chr1_pat	26400000	26500000	0.00605524
chr1_pat	26500000	26600000	
chr1_pat	26600000	26700000	
chr1_pat	26700000	26800000	
chr1_pat	26800000	26900000	
chr1_pat	26900000	27000000	0.0091043
chr1_pat	27000000	27100000	0.00985264
chr1_pat	27100000	27200000	0.0104687
chr1_pat	27200000	27300000	0.0103173
chr1_pat	27300000	27400000	0.00992062
chr1_pat	27400000	27500000	0.00884559
chr1_pat	27500000	27600000	0.00859713
chr1_pat	27600000	27700000	0.00737904
chr1_pat	27700000	27800000	0.00887475
chr1_pat	27800000	27900000	0.00573032
chr1_pat	27900000	28000000	0.00733134
chr1_pat	28000000	28100000	0.00691482
chr1_pat	28100000	28200000	0.0069622
chr1_pat	28200000	28300000	0.00794138
chr1_pat	28300000	28400000	0.00768419
chr1_pat	28400000	28500000	0.00686858
chr1_pat	28500000	28600000	0.0100267
chr1_pat	28600000	28700000	0.00932407
chr1_pat	28700000	28800000	0.00816765
chr1_pat	28800000	28900000	0.00603978
chr1_pat	28900000	29000000	0.0075781
chr1_pat	29000000	29100000	0.00960332
chr1_pat	29100000	29200000	0.0119482
chr1_pat	29200000	29300000	0.00929747
chr1_pat	29300000	29400000	0.00744555
chr1_pat	29400000	29500000	0.00921315
chr1_pat	29500000	29600000	0.00988142
chr1_pat	29600000	29700000	0.00807023
chr1_pat	29700000	29800000	0.00820475
chr1_pat	29800000	29900000	0.00586968
chr1_pat	29900000	30000000	0.00987868
chr1_pat	30000000	30100000	0.0105266
chr1_pat	30100000	30200000	0.0107358
chr1_pat	30200000	30300000	0.0086623
chr1_pat	30300000	30400000	0.010796
chr1_pat	30400000	30500000	0.0101774
chr1_pat	30500000	30600000	0.00987933
chr1_pat	30600000	30700000	0.0093552
chr1_pat	30700000	30800000	0.00805706
chr1_pat	30800000	30900000	0.0100029
chr1_pat	30900000	31000000	0.00935826
chr1_pat	31000000	31100000	0.00570312
chr1_pat	31100000	31200000	0.00776688
chr1_pat	31200000	31300000	0.0101134
chr1_pat	31300000	31400000	0.0088546
chr1_pat	31400000	31500000	0.0102717
chr1_pat	31500000	31600000	0.0100581
chr1_pat	31600000	31700000	0.0100018
chr1_pat	31700000	31800000	0.00972703
chr1_pat	31800000	31900000	0.00969019
chr1_pat	31900000	32000000	0.0090377
chr1_pat	32000000	32100000	0.0090712
chr1_pat	32100000	32200000	0.00871155
chr1_pat	32200000	32300000	0.0090618
chr1_pat	32300000	32400000	0.00880435
chr1_pat	32400000	32500000	0.00826201
chr1_pat	32500000	32600000	0.00885703
chr1_pat	32600000	32700000	0.00873836
chr1_pat	32700000	32800000	0.0082743
chr1_pat	32800000	32900000	0.00911143
chr1_pat	32900000	33000000	0.00861405
chr1_pat	33000000	33100000	0.00867674
chr1_pat	33100000	33200000	0.00881602
chr1_pat	33200000	33300000	0.00877336
chr1_pat	33300000	33400000	0.00728431
chr1_pat	33400000	33500000	0.00655796
chr1_pat	33500000	33600000	0.00694345
chr1_pat	33600000	33700000	0.00748003
chr1_pat	33700000	33800000	0.00905629
chr1_pat	33800000	33900000	0.00975209
chr1_pat	33900000	34000000	0.00906093
chr1_pat	34000000	34100000	0.00912534
chr1_pat	34100000	34200000	0.00895844
chr1_pat	34200000	34300000	0.00865949
chr1_pat	34300000	34400000	0.00897934
chr1_pat	34400000	34500000	0.00906529
chr1_pat	34500000	34600000	0.00989395
chr1_pat	34600000	34700000	0.00827881
chr1_pat	34700000	34800000	0.00591214
chr1_pat	34800000	34900000	0.00839125
chr1_pat	34900000	35000000	0.00958435
chr1_pat	35000000	35100000	0.010199
chr1_pat	35100000	35200000	0.00878929
chr1_pat	35200000	35300000	0.00868862
chr1_pat	35300000	35400000	0.00887022
chr1_pat	35400000	35500000	0.00947282
chr1_pat	35500000	35600000	0.00892019
chr1_pat	35600000	35700000	0.00866458
chr1_pat	35700000	35800000	0.00894435
chr1_pat	35800000	35900000	0.00885405
chr1_pat	35900000	36000000	0.00884731
chr1_pat	36000000	36100000	0.00929403
chr1_pat	36100000	36200000	0.00930969
chr1_pat	36200000	36300000	0.00740455
chr1_pat	36300000	36400000	0.00891987
chr1_pat	36400000	36500000	0.00874708
chr1_pat	36500000	36600000	0.00930247
chr1_pat	36600000	36700000	0.00932696
chr1_pat	36700000	36800000	0.00939421
chr1_pat	36800000	36900000	0.0100807
chr1_pat	36900000	37000000	0.00990872
chr1_pat	37000000	37100000	0.0104273
chr1_pat	37100000	37200000	0.010439
chr1_pat	37200000	37300000	0.00950185
chr1_pat	37300000	37400000	0.00952911
chr1_pat	37400000	37500000	0.00907282
chr1_pat	37500000	37600000	0.00945513
chr1_pat	37600000	37700000	0.00857808
chr1_pat	37700000	37800000	0.00756477
chr1_pat	37800000	37900000	0.00629435
chr1_pat	37900000	38000000	0.00922352
chr1_pat	38000000	38100000	0.00870239
chr1_pat	38100000	38200000	0.0097213
chr1_pat	38200000	38300000	0.00890936
chr1_pat	38300000	38400000	0.00944128
chr1_pat	38400000	38500000	0.00757563
chr1_pat	38500000	38600000	0.00999814
chr1_pat	38600000	38700000	0.00982112
chr1_pat	38700000	38800000	0.00817375
chr1_pat	38800000	38900000	0.00969917
chr1_pat	38900000	39000000	0.00880766
chr1_pat	39000000	39100000	0.00850239
chr1_pat	39100000	39200000	0.00854053
chr1_pat	39200000	39300000	0.00845647
chr1_pat	39300000	39400000	0.00861322
chr1_pat	39400000	39500000	0.00834259
chr1_pat	39500000	39600000	0.00841671
chr1_pat	39600000	39700000	0.00805343
chr1_pat	39700000	39800000	0.00813265
chr1_pat	39800000	39900000	0.00884976
chr1_pat	39900000	40000000	0.00850379
chr1_pat	40000000	40100000	0.00892811
chr1_pat	40100000	40200000	0.00897125
chr1_pat	40200000	40300000	0.00801415
chr1_pat	40300000	40400000	0.00830872
chr1_pat	40400000	40500000	0.00915434
chr1_pat	40500000	40600000	0.00906305
chr1_pat	40600000	40700000	0.0102927
chr1_pat	40700000	40800000	0.00873975
chr1_pat	40800000	40900000	0.00837034
chr1_pat	40900000	41000000	0.00666516
chr1_pat	41000000	41100000	0.00902847
chr1_pat	41100000	41200000	0.0069154
chr1_pat	41200000	41300000	0.00840165
chr1_pat	41300000	41400000	0.00883581
chr1_pat	41400000	41500000	0.00970311
chr1_pat	41500000	41600000	0.00924091
chr1_pat	41600000	41700000	0.00960791
chr1_pat	41700000	41800000	0.00911274
chr1_pat	41800000	41900000	0.00867227
chr1_pat	41900000	42000000	0.00920949
chr1_pat	42000000	42100000	0.00912583
chr1_pat	42100000	42200000	0.00920784
chr1_pat	42200000	42300000	0.00821863
chr1_pat	42300000	42400000	0.0101307
chr1_pat	42400000	42500000	0.00967496
chr1_pat	42500000	42600000	0.00985372
chr1_pat	42600000	42700000	0.00928439
chr1_pat	42700000	42800000	0.0075788
chr1_pat	42800000	42900000	0.00977034
chr1_pat	42900000	43000000	0.00711797
chr1_pat	43000000	43100000	0.0065124
chr1_pat	43100000	43200000	0.00916706
chr1_pat	43200000	43300000	0.00908391
chr1_pat	43300000	43400000	0.00976794
chr1_pat	43400000	43500000	0.00997395
chr1_pat	43500000	43600000	0.0097698
chr1_pat	43600000	43700000	0.00930281
chr1_pat	43700000	43800000	0.00859008
chr1_pat	43800000	43900000	0.00860832
chr1_pat	43900000	44000000	0.00871873
chr1_pat	44000000	44100000	0.00848675
chr1_pat	44100000	44200000	0.00902756
chr1_pat	44200000	44300000	0.00811773
chr1_pat	44300000	44400000	0.0084056
chr1_pat	44400000	44500000	0.00856544
chr1_pat	44500000	44600000	0.00932762
chr1_pat	44600000	44700000	0.00822557
chr1_pat	44700000	44800000	0.00817605
chr1_pat	44800000	44900000	0.00803187
chr1_pat	44900000	45000000	0.00806492
chr1_pat	45000000	45100000	0.00829247
chr1_pat	45100000	45200000	0.00828138
chr1_pat	45200000	45300000	0.00811319
chr1_pat	45300000	45400000	0.00858358
chr1_pat	45400000	45500000	0.00923188
chr1_pat	45500000	45600000	0.00816656
chr1_pat	45600000	45700000	0.00820723
chr1_pat	45700000	45800000	0.00875544
chr1_pat	45800000	45900000	0.00894765
chr1_pat	45900000	46000000	0.00876889
chr1_pat	46000000	46100000	0.00896796
chr1_pat	46100000	46200000	0.00839476
chr1_pat	46200000	46300000	0.00883281
chr1_pat	46300000	46400000	0.00764829
chr1_pat	46400000	46500000	0.00581295
chr1_pat	46500000	46600000	0.00942252
chr1_pat	46600000	46700000	0.00941282
chr1_pat	46700000	46800000	0.00923578
chr1_pat	46800000	46900000	0.00905101
chr1_pat	46900000	47000000	0.00925635
chr1_pat	47000000	47100000	0.00910402
chr1_pat	47100000	47200000	0.00947483
chr1_pat	47200000	47300000	0.0099832
chr1_pat	47300000	47400000	0.0099086
chr1_pat	47400000	47500000	0.00672489
chr1_pat	47500000	47600000	0.00655452
chr1_pat	47600000	47700000	0.00601882
chr1_pat	47700000	47800000	0.0105234
chr1_pat	47800000	47900000	0.00909629
chr1_pat	47900000	48000000	0.00748586
chr1_pat	48000000	48100000	0.00948612
chr1_pat	48100000	48200000	0.00643893
chr1_pat	48200000	48300000	0.00690566
chr1_pat	48300000	48400000	0.00910463
chr1_pat	48400000	48500000	0.00883563
chr1_pat	48500000	48600000	0.00950637
chr1_pat	48600000	48700000	0.00963675
chr1_pat	48700000	48800000	0.00940909
chr1_pat	48800000	48900000	0.00943051
chr1_pat	48900000	49000000	0.00945068
chr1_pat	49000000	49100000	0.00916754
chr1_pat	49100000	49200000	0.0072291
chr1_pat	49200000	49300000	0.00772088
chr1_pat	49300000	49400000	0.00884329
chr1_pat	49400000	49500000	0.00832311
chr1_pat	49500000	49600000	0.00849545
chr1_pat	49600000	49700000	0.00826386
chr1_pat	49700000	49800000	0.00836957
chr1_pat	49800000	49900000	0.00810209
chr1_pat	49900000	50000000	0.0081176
chr1_pat	50000000	50100000	0.00855649
chr1_pat	50100000	50200000	0.00822745
chr1_pat	50200000	50300000	0.00853522
chr1_pat	50300000	50400000	0.00845187
chr1_pat	50400000	50500000	0.00861807
chr1_pat	50500000	50600000	0.00860694
chr1_pat	50600000	50700000	0.00838498
chr1_pat	50700000	50800000	0.00895132
chr1_pat	50800000	50900000	0.00846132
chr1_pat	50900000	51000000	0.00811845
chr1_pat	51000000	51100000	0.00885587
chr1_pat	51100000	51200000	0.00837146
chr1_pat	51200000	51300000	0.0079952
chr1_pat	51300000	51400000	0.00845058
chr1_pat	51400000	51500000	0.00838413
chr1_pat	51500000	51600000	0.00795901
chr1_pat	51600000	51700000	0.00914923
chr1_pat	51700000	51800000	0.0086043
chr1_pat	51800000	51900000	0.00871422
chr1_pat	51900000	52000000	0.00879932
chr1_pat	52000000	52100000	0.00837812
chr1_pat	52100000	52200000	0.00866022
chr1_pat	52200000	52300000	0.00828066
chr1_pat	52300000	52400000	0.00838766
chr1_pat	52400000	52500000	0.00856332
chr1_pat	52500000	52600000	0.00899381
chr1_pat	52600000	52700000	0.00827738
chr1_pat	52700000	52800000	0.00890528
chr1_pat	52800000	52900000	0.00909541
chr1_pat	52900000	53000000	0.00949154
chr1_pat	53000000	53100000	0.00842116
chr1_pat	53100000	53200000	0.00831941
chr1_pat	53200000	53300000	0.0080699
chr1_pat	53300000	53400000	0.00853939
chr1_pat	53400000	53500000	0.00873084
chr1_pat	53500000	53600000	0.00823808
chr1_pat	53600000	53700000	0.00848303
chr1_pat	53700000	53800000	0.00830719
chr1_pat	53800000	53900000	0.0083804
chr1_pat	53900000	54000000	0.00940758
chr1_pat	54000000	54100000	0.00824386
chr1_pat	54100000	54200000	0.00892673
chr1_pat	54200000	54300000	0.00924132
chr1_pat	54300000	54400000	0.00956989
chr1_pat	54400000	54500000	0.00865406
chr1_pat	54500000	54600000	0.00729294
chr1_pat	54600000	54700000	0.00893403
chr1_pat	54700000	54800000	0.00809292
chr1_pat	54800000	54900000	0.00882388
chr1_pat	54900000	55000000	0.00949082
chr1_pat	55000000	55100000	0.00865024
chr1_pat	55100000	55200000	0.00831999
chr1_pat	55200000	55300000	0.00868425
chr1_pat	55300000	55400000	0.00872076
chr1_pat	55400000	55500000	0.00859789
chr1_pat	55500000	55600000	0.00819067
chr1_pat	55600000	55700000	0.00867113
chr1_pat	55700000	55800000	0.00818215
chr1_pat	55800000	55900000	0.0087073
chr1_pat	55900000	56000000	0.00828719
chr1_pat	56000000	56100000	0.00889004
chr1_pat	56100000	56200000	0.00790737
chr1_pat	56200000	56300000	0.00845415
chr1_pat	56300000	56400000	0.00818721
chr1_pat	56400000	56500000	0.00824445
chr1_pat	56500000	56600000	0.00882223
chr1_pat	56600000	56700000	0.00853743
chr1_pat	56700000	56800000	0.00836578
chr1_pat	56800000	56900000	0.00825577
chr1_pat	56900000	57000000	0.00874615
chr1_pat	57000000	57100000	0.00874315
chr1_pat	57100000	57200000	0.00874115
chr1_pat	57200000	57300000	0.00858398
chr1_pat	57300000	57400000	0.00963454
chr1_pat	57400000	57500000	0.00967029
chr1_pat	57500000	57600000	0.010277
chr1_pat	57600000	57700000	0.00921273
chr1_pat	57700000	57800000	0.00610835
chr1_pat	57800000	57900000	0.00608523
chr1_pat	57900000	58000000	0.00722394
chr1_pat	58000000	58100000	0.00833423
chr1_pat	58100000	58200000	0.00802729
chr1_pat	58200000	58300000	0.00845091
chr1_pat	58300000	58400000	0.00758194
chr1_pat	58400000	58500000	0.00918423
chr1_pat	58500000	58600000	0.0104039
chr1_pat	58600000	58700000	0.00899935
chr1_pat	58700000	58800000	0.00940898
chr1_pat	58800000	58900000	0.00989665
chr1_pat	58900000	59000000	0.00989539
chr1_pat	59000000	59100000	0.0100347
chr1_pat	59100000	59200000	0.00979413
chr1_pat	59200000	59300000	0.00850109
chr1_pat	59300000	59400000	0.00597938
chr1_pat	59400000	59500000	0.00747238
chr1_pat	59500000	59600000	0.00767556
chr1_pat	59600000	59700000	0.00747334
chr1_pat	59700000	59800000	0.00644825
chr1_pat	59800000	59900000	0.00989068
chr1_pat	59900000	60000000	0.00613853
chr1_pat	60000000	60100000	0.00915471
chr1_pat	60100000	60200000	0.00771683
chr1_pat	60200000	60300000	0.00752633
chr1_pat	60300000	60400000	0.00892304
chr1_pat	60400000	60500000	0.00883178
chr1_pat	60500000	60600000	0.00769819
chr1_pat	60600000	60700000	0.00604376
chr1_pat	60700000	60800000	0.00727251
chr1_pat	60800000	60900000	0.00915125
chr1_pat	60900000	61000000	0.00723536
chr1_pat	61000000	61100000	0.00605795
chr1_pat	61100000	61200000	0.00664816
chr1_pat	61200000	61300000	0.00677248
chr1_pat	61300000	61400000	0.00617836
chr1_pat	61400000	61500000	0.00671755
chr1_pat	61500000	61600000	0.00917737
chr1_pat	61600000	61700000	0.00972913
chr1_pat	61700000	61800000	0.00994366
chr1_pat	61800000	61900000	0.00711851
chr1_pat	61900000	62000000	0.00943674
chr1_pat	62000000	62100000	0.00728184
chr1_pat	62100000	62200000	0.0097165
chr1_pat	62200000	62300000	0.0080003
chr1_pat	62300000	62400000	0.00798235
chr1_pat	62400000	62500000	0.00781105
chr1_pat	62500000	62600000	0.00852504
chr1_pat	62600000	62700000	0.0110501
chr1_pat	62700000	62800000	0.00906129
chr1_pat	62800000	62900000	0.00679257
chr1_pat	62900000	63000000	0.0092929
chr1_pat	63000000	63100000	0.00968438
chr1_pat	63100000	63200000	0.00979077
chr1_pat	63200000	63300000	0.00912827
chr1_pat	63300000	63400000	0.00898235
chr1_pat	63400000	63500000	0.00893108
chr1_pat	63500000	63600000	0.00860976
chr1_pat	63600000	63700000	0.0093531
chr1_pat	63700000	63800000	0.0086166
chr1_pat	63800000	63900000	0.00853278
chr1_pat	63900000	64000000	0.0089133
chr1_pat	64000000	64100000	0.00880133
chr1_pat	64100000	64200000	0.00660056
chr1_pat	64200000	64300000	0.00825232
chr1_pat	64300000	64400000	0.00906715
chr1_pat	64400000	64500000	0.008531
chr1_pat	64500000	64600000	0.00879635
chr1_pat	64600000	64700000	0.00891864
chr1_pat	64700000	64800000	0.00862714
chr1_pat	64800000	64900000	0.00851137
chr1_pat	64900000	65000000	0.00855333
chr1_pat	65000000	65100000	0.00798962
chr1_pat	65100000	65200000	0.00822515
chr1_pat	65200000	65300000	0.00855904
chr1_pat	65300000	65400000	0.00865651
chr1_pat	65400000	65500000	0.00930138
chr1_pat	65500000	65600000	0.00877353
chr1_pat	65600000	65700000	0.00851047
chr1_pat	65700000	65800000	0.00916381
chr1_pat	65800000	65900000	0.0085055
chr1_pat	65900000	66000000	0.00936972
chr1_pat	66000000	66100000	0.00865606
chr1_pat	66100000	66200000	0.00684619
chr1_pat	66200000	66300000	0.00666799
chr1_pat	66300000	66400000	0.00861388
chr1_pat	66400000	66500000	0.00900644
chr1_pat	66500000	66600000	0.00955076
chr1_pat	66600000	66700000	0.00841704
chr1_pat	66700000	66800000	0.00764276
chr1_pat	66800000	66900000	0.00861064
chr1_pat	66900000	67000000	0.00935985
chr1_pat	67000000	67100000	0.00847176
chr1_pat	67100000	67200000	0.00693105
chr1_pat	67200000	67300000	0.0100763
chr1_pat	67300000	67400000	0.0097493
chr1_pat	67400000	67500000	0.00637376
chr1_pat	67500000	67600000	0.00910541
chr1_pat	67600000	67700000	0.00608209
chr1_pat	67700000	67800000	0.00884144
chr1_pat	67800000	67900000	0.00912674
chr1_pat	67900000	68000000	0.00786418
chr1_pat	68000000	68100000	0.0075236
chr1_pat	68100000	68200000	0.00991685
chr1_pat	68200000	68300000	0.0100518
chr1_pat	68300000	68400000	0.00829688
chr1_pat	68400000	68500000	0.006444
chr1_pat	68500000	68600000	0.00915189
chr1_pat	68600000	68700000	0.010052
chr1_pat	68700000	68800000	0.00986581
chr1_pat	68800000	68900000	0.00654492
chr1_pat	68900000	69000000	0.00895361
chr1_pat	69000000	69100000	0.0093081
chr1_pat	69100000	69200000	0.00747245
chr1_pat	69200000	69300000	0.00895985
chr1_pat	69300000	69400000	0.00795645
chr1_pat	69400000	69500000	0.00856724
chr1_pat	69500000	69600000	0.00901587
chr1_pat	69600000	69700000	0.0100108
chr1_pat	69700000	69800000	0.00904501
chr1_pat	69800000	69900000	0.00903134
chr1_pat	69900000	70000000	0.00937051
chr1_pat	70000000	70100000	0.00775867
chr1_pat	70100000	70200000	0.0071878
chr1_pat	70200000	70300000	0.00634126
chr1_pat	70300000	70400000	0.00798336
chr1_pat	70400000	70500000	0.00703765
chr1_pat	70500000	70600000	0.00777395
chr1_pat	70600000	70700000	0.00920743
chr1_pat	70700000	70800000	0.0073705
chr1_pat	70800000	70900000	0.00682686
chr1_pat	70900000	71000000	0.00727549
chr1_pat	71000000	71100000	0.00955083
chr1_pat	71100000	71200000	0.00981157
chr1_pat	71200000	71300000	0.00596573
chr1_pat	71300000	71400000	0.00951698
chr1_pat	71400000	71500000	0.00848148
chr1_pat	71500000	71600000	0.00844547
chr1_pat	71600000	71700000	0.008002
chr1_pat	71700000	71800000	0.00826411
chr1_pat	71800000	71900000	0.00842045
chr1_pat	71900000	72000000	0.00816577
chr1_pat	72000000	72100000	0.008036
chr1_pat	72100000	72200000	0.00775591
chr1_pat	72200000	72300000	0.00818605
chr1_pat	72300000	72400000	0.00809913
chr1_pat	72400000	72500000	0.00805314
chr1_pat	72500000	72600000	0.00804353
chr1_pat	72600000	72700000	0.00811126
chr1_pat	72700000	72800000	0.00829905
chr1_pat	72800000	72900000	0.0079088
chr1_pat	72900000	73000000	0.00793523
chr1_pat	73000000	73100000	0.00779932
chr1_pat	73100000	73200000	0.00790833
chr1_pat	73200000	73300000	0.00795446
chr1_pat	73300000	73400000	0.00764524
chr1_pat	73400000	73500000	0.00794208
chr1_pat	73500000	73600000	0.00701673
chr1_pat	73600000	73700000	0.00812743
chr1_pat	73700000	73800000	0.00810215
chr1_pat	73800000	73900000	0.00878186
chr1_pat	73900000	74000000	0.00806127
chr1_pat	74000000	74100000	0.00805462
chr1_pat	74100000	74200000	0.00778356
chr1_pat	74200000	74300000	0.00878093
chr1_pat	74300000	74400000	0.00853127
chr1_pat	74400000	74500000	0.00809696
chr1_pat	74500000	74600000	0.00808734
chr1_pat	74600000	74700000	0.00874987
chr1_pat	74700000	74800000	0.0087059
chr1_pat	74800000	74900000	0.0089854
chr1_pat	74900000	75000000	0.00840041
chr1_pat	75000000	75100000	0.00662967
chr1_pat	75100000	75200000	0.00936754
chr1_pat	75200000	75300000	0.0075159
chr1_pat	75300000	75400000	0.00777828
chr1_pat	75400000	75500000	0.00749058
chr1_pat	75500000	75600000	0.00778888
chr1_pat	75600000	75700000	0.00865817
chr1_pat	75700000	75800000	0.00916569
chr1_pat	75800000	75900000	0.00966414
chr1_pat	75900000	76000000	0.00858594
chr1_pat	76000000	76100000	0.00798065
chr1_pat	76100000	76200000	0.00848812
chr1_pat	76200000	76300000	0.00833641
chr1_pat	76300000	76400000	0.00811881
chr1_pat	76400000	76500000	0.00974002
chr1_pat	76500000	76600000	0.0090462
chr1_pat	76600000	76700000	0.00860991
chr1_pat	76700000	76800000	0.00766257
chr1_pat	76800000	76900000	0.00776087
chr1_pat	76900000	77000000	0.00697466
chr1_pat	77000000	77100000	0.00969585
chr1_pat	77100000	77200000	0.0113432
chr1_pat	77200000	77300000	0.00885076
chr1_pat	77300000	77400000	0.00840491
chr1_pat	77400000	77500000	0.00891694
chr1_pat	77500000	77600000	0.00864262
chr1_pat	77600000	77700000	0.00897665
chr1_pat	77700000	77800000	0.0083526
chr1_pat	77800000	77900000	0.00845614
chr1_pat	77900000	78000000	0.0084999
chr1_pat	78000000	78100000	0.0084109
chr1_pat	78100000	78200000	0.00894071
chr1_pat	78200000	78300000	0.00872848
chr1_pat	78300000	78400000	0.0089786
chr1_pat	78400000	78500000	0.00852786
chr1_pat	78500000	78600000	0.00695101
chr1_pat	78600000	78700000	0.00736421
chr1_pat	78700000	78800000	0.00853092
chr1_pat	78800000	78900000	0.00787554
chr1_pat	78900000	79000000	0.00893979
chr1_pat	79000000	79100000	0.00779881
chr1_pat	79100000	79200000	0.00812531
chr1_pat	79200000	79300000	0.00798206
chr1_pat	79300000	79400000	0.00780577
chr1_pat	79400000	79500000	0.00754236
chr1_pat	79500000	79600000	0.0078215
chr1_pat	79600000	79700000	0.0080387
chr1_pat	79700000	79800000	0.0079487
chr1_pat	79800000	79900000	0.00779549
chr1_pat	79900000	80000000	0.00790263
chr1_pat	80000000	80100000	0.0081862
chr1_pat	80100000	80200000	0.00822742
chr1_pat	80200000	80300000	0.00700814
chr1_pat	80300000	80400000	0.00836909
chr1_pat	80400000	80500000	0.00791444
chr1_pat	80500000	80600000	0.00784714
chr1_pat	80600000	80700000	0.00792106
chr1_pat	80700000	80800000	0.008236
chr1_pat	80800000	80900000	0.00855682
chr1_pat	80900000	81000000	0.00835787
chr1_pat	81000000	81100000	0.0077867
chr1_pat	81100000	81200000	0.00735155
chr1_pat	81200000	81300000	0.00723603
chr1_pat	81300000	81400000	0.00849155
chr1_pat	81400000	81500000	0.00877308
chr1_pat	81500000	81600000	0.00871759
chr1_pat	81600000	81700000	0.00800073
chr1_pat	81700000	81800000	0.00800713
chr1_pat	81800000	81900000	0.00634949
chr1_pat	81900000	82000000	0.00813551
chr1_pat	82000000	82100000	0.00842695
chr1_pat	82100000	82200000	0.00847578
chr1_pat	82200000	82300000	0.00827304
chr1_pat	82300000	82400000	0.00886943
chr1_pat	82400000	82500000	0.00942688
chr1_pat	82500000	82600000	0.00919519
chr1_pat	82600000	82700000	0.00789272
chr1_pat	82700000	82800000	0.00858158
chr1_pat	82800000	82900000	0.00738304
chr1_pat	82900000	83000000	0.00637135
chr1_pat	83000000	83100000	0.00642921
chr1_pat	83100000	83200000	0.00680646
chr1_pat	83200000	83300000	0.00575595
chr1_pat	83300000	83400000	0.00849041
chr1_pat	83400000	83500000	0.00889879
chr1_pat	83500000	83600000	0.00926592
chr1_pat	83600000	83700000	0.00882991
chr1_pat	83700000	83800000	0.00872838
chr1_pat	83800000	83900000	0.008299
chr1_pat	83900000	84000000	0.00886548
chr1_pat	84000000	84100000	0.00934497
chr1_pat	84100000	84200000	0.00907987
chr1_pat	84200000	84300000	0.00890699
chr1_pat	84300000	84400000	0.00908564
chr1_pat	84400000	84500000	0.0094766
chr1_pat	84500000	84600000	0.00730006
chr1_pat	84600000	84700000	0.00783695
chr1_pat	84700000	84800000	0.0065161
chr1_pat	84800000	84900000	0.00671227
chr1_pat	84900000	85000000	0.00590199
chr1_pat	85000000	85100000	0.00769517
chr1_pat	85100000	85200000	0.00734483
chr1_pat	85200000	85300000	0.00553116
chr1_pat	85300000	85400000	0.00702859
chr1_pat	85400000	85500000	0.00970097
chr1_pat	85500000	85600000	0.00969577
chr1_pat	85600000	85700000	0.00977391
chr1_pat	85700000	85800000	0.00753177
chr1_pat	85800000	85900000	0.0090238
chr1_pat	85900000	86000000	0.00904182
chr1_pat	86000000	86100000	0.0081414
chr1_pat	86100000	86200000	0.00732124
chr1_pat	86200000	86300000	0.00857962
chr1_pat	86300000	86400000	0.00890542
chr1_pat	86400000	86500000	0.00825815
chr1_pat	86500000	86600000	0.00830842
chr1_pat	86600000	86700000	0.00847243
chr1_pat	86700000	86800000	0.00767488
chr1_pat	86800000	86900000	0.00827141
chr1_pat	86900000	87000000	0.00794568
chr1_pat	87000000	87100000	0.00820903
chr1_pat	87100000	87200000	0.00800426
chr1_pat	87200000	87300000	0.00788499
chr1_pat	87300000	87400000	0.00817871
chr1_pat	87400000	87500000	0.00854519
chr1_pat	87500000	87600000	0.00872206
chr1_pat	87600000	87700000	0.00893102
chr1_pat	87700000	87800000	0.00826516
chr1_pat	87800000	87900000	0.00649573
chr1_pat	87900000	88000000	0.00845679
chr1_pat	88000000	88100000	0.00779138
chr1_pat	88100000	88200000	0.00667131
chr1_pat	88200000	88300000	0.00860827
chr1_pat	88300000	88400000	0.00887384
chr1_pat	88400000	88500000	0.00890688
chr1_pat	88500000	88600000	0.0089009
chr1_pat	88600000	88700000	0.00834683
chr1_pat	88700000	88800000	0.00900155
chr1_pat	88800000	88900000	0.00751184
chr1_pat	88900000	89000000	0.00561138
chr1_pat	89000000	89100000	0.00855989
chr1_pat	89100000	89200000	0.00939207
chr1_pat	89200000	89300000	0.00940191
chr1_pat	89300000	89400000	0.0090412
chr1_pat	89400000	89500000	0.00915055
chr1_pat	89500000	89600000	0.00689914
chr1_pat	89600000	89700000	0.00885146
chr1_pat	89700000	89800000	0.00885508
chr1_pat	89800000	89900000	0.0089637
chr1_pat	89900000	90000000	0.0065992
chr1_pat	90000000	90100000	0.00633972
chr1_pat	90100000	90200000	0.00491654
chr1_pat	90200000	90300000	0.00897665
chr1_pat	90300000	90400000	0.00918845
chr1_pat	90400000	90500000	0.00856159
chr1_pat	90500000	90600000	0.00793492
chr1_pat	90600000	90700000	0.00868245
chr1_pat	90700000	90800000	0.00882685
chr1_pat	90800000	90900000	0.00877
chr1_pat	90900000	91000000	0.00843671
chr1_pat	91000000	91100000	0.00830906
chr1_pat	91100000	91200000	0.00887685
chr1_pat	91200000	91300000	0.00825586
chr1_pat	91300000	91400000	0.00768254
chr1_pat	91400000	91500000	0.00554241
chr1_pat	91500000	91600000	0.00780694
chr1_pat	91600000	91700000	0.00858802
chr1_pat	91700000	91800000	0.00916231
chr1_pat	91800000	91900000	0.00800897
chr1_pat	91900000	92000000	0.00894024
chr1_pat	92000000	92100000	0.00835213
chr1_pat	92100000	92200000	0.00866416
chr1_pat	92200000	92300000	0.00774318
chr1_pat	92300000	92400000	0.00766924
chr1_pat	92400000	92500000	0.00803099
chr1_pat	92500000	92600000	0.00819797
chr1_pat	92600000	92700000	0.00760377
chr1_pat	92700000	92800000	0.00776747
chr1_pat	92800000	92900000	0.00678439
chr1_pat	92900000	93000000	0.00811716
chr1_pat	93000000	93100000	0.00813053
chr1_pat	93100000	93200000	0.00838147
chr1_pat	93200000	93300000	0.00833181
chr1_pat	93300000	93400000	0.00804925
chr1_pat	93400000	93500000	0.00767262
chr1_pat	93500000	93600000	0.00709558
chr1_pat	93600000	93700000	0.00799488
chr1_pat	93700000	93800000	0.00756274
chr1_pat	93800000	93900000	0.0075822
chr1_pat	93900000	94000000	0.00763612
chr1_pat	94000000	94100000	0.00772259
chr1_pat	94100000	94200000	0.00772282
chr1_pat	94200000	94300000	0.00748206
chr1_pat	94300000	94400000	0.00789229
chr1_pat	94400000	94500000	0.00786862
chr1_pat	94500000	94600000	0.00776708
chr1_pat	94600000	94700000	0.0076458
chr1_pat	94700000	94800000	0.00756759
chr1_pat	94800000	94900000	0.00780251
chr1_pat	94900000	95000000	0.00667967
chr1_pat	95000000	95100000	0.00750294
chr1_pat	95100000	95200000	0.00753539
chr1_pat	95200000	95300000	0.00810404
chr1_pat	95300000	95400000	0.00788139
chr1_pat	95400000	95500000	0.0079918
chr1_pat	95500000	95600000	0.00808477
chr1_pat	95600000	95700000	0.00633358
chr1_pat	95700000	95800000	0.00608936
chr1_pat	95800000	95900000	0.00699766
chr1_pat	95900000	96000000	0.00802431
chr1_pat	96000000	96100000	0.00760162
chr1_pat	96100000	96200000	0.007594
chr1_pat	96200000	96300000	0.00802148
chr1_pat	96300000	96400000	0.00782935
chr1_pat	96400000	96500000	0.00811416
chr1_pat	96500000	96600000	0.00844955
chr1_pat	96600000	96700000	0.00765043
chr1_pat	96700000	96800000	0.00751948
chr1_pat	96800000	96900000	0.00848259
chr1_pat	96900000	97000000	0.0063114
chr1_pat	97000000	97100000	0.00825915
chr1_pat	97100000	97200000	0.00803704
chr1_pat	97200000	97300000	0.00835596
chr1_pat	97300000	97400000	0.00780328
chr1_pat	97400000	97500000	0.00701619
chr1_pat	97500000	97600000	0.00728395
chr1_pat	97600000	97700000	0.00821911
chr1_pat	97700000	97800000	0.00821567
chr1_pat	97800000	97900000	0.00594436
chr1_pat	97900000	98000000	0.00731318
chr1_pat	98000000	98100000	0.00790589
chr1_pat	98100000	98200000	0.00937412
chr1_pat	98200000	98300000	0.00892056
chr1_pat	98300000	98400000	0.00832228
chr1_pat	98400000	98500000	0.00745223
chr1_pat	98500000	98600000	0.00774723
chr1_pat	98600000	98700000	0.00760145
chr1_pat	98700000	98800000	0.00786364
chr1_pat	98800000	98900000	0.00852221
chr1_pat	98900000	99000000	0.0061586
chr1_pat	99000000	99100000	0.00801127
chr1_pat	99100000	99200000	0.00840954
chr1_pat	99200000	99300000	0.00841802
chr1_pat	99300000	99400000	0.00572858
chr1_pat	99400000	99500000	0.0075655
chr1_pat	99500000	99600000	0.00805373
chr1_pat	99600000	99700000	0.00912283
chr1_pat	99700000	99800000	0.00915232
chr1_pat	99800000	99900000	0.00856064
chr1_pat	99900000	100000000	0.00858833
chr1_pat	100000000	100100000	0.00743458
chr1_pat	100100000	100200000	0.00749886
chr1_pat	100200000	100300000	0.00770032
chr1_pat	100300000	100400000	0.00714518
chr1_pat	100400000	100500000	0.007019
chr1_pat	100500000	100600000	0.0070481
chr1_pat	100600000	100700000	0.00768206
chr1_pat	100700000	100800000	0.00815972
chr1_pat	100800000	100900000	0.00787192
chr1_pat	100900000	101000000	0.00685331
chr1_pat	101000000	101100000	0.00677837
chr1_pat	101100000	101200000	0.00806595
chr1_pat	101200000	101300000	0.00724818
chr1_pat	101300000	101400000	0.00770848
chr1_pat	101400000	101500000	0.00764168
chr1_pat	101500000	101600000	0.00803723
chr1_pat	101600000	101700000	0.00684774
chr1_pat	101700000	101800000	0.0073364
chr1_pat	101800000	101900000	0.00850941
chr1_pat	101900000	102000000	0.00842452
chr1_pat	102000000	102100000	0.00818442
chr1_pat	102100000	102200000	0.00876575
chr1_pat	102200000	102300000	0.00915843
chr1_pat	102300000	102400000	0.00962848
chr1_pat	102400000	102500000	0.0059885
chr1_pat	102500000	102600000	0.0053925
chr1_pat	102600000	102700000	0.00653876
chr1_pat	102700000	102800000	0.00697315
chr1_pat	102800000	102900000	0.00725142
chr1_pat	102900000	103000000	0.00867279
chr1_pat	103000000	103100000	0.00918517
chr1_pat	103100000	103200000	0.00865375
chr1_pat	103200000	103300000	0.00833473
chr1_pat	103300000	103400000	0.00792755
chr1_pat	103400000	103500000	0.00771742
chr1_pat	103500000	103600000	0.00742875
chr1_pat	103600000	103700000	0.00784968
chr1_pat	103700000	103800000	0.00754628
chr1_pat	103800000	103900000	0.00783653
chr1_pat	103900000	104000000	0.00743092
chr1_pat	104000000	104100000	0.00765732
chr1_pat	104100000	104200000	0.00753061
chr1_pat	104200000	104300000	0.00752768
chr1_pat	104300000	104400000	0.00781298
chr1_pat	104400000	104500000	0.00789474
chr1_pat	104500000	104600000	0.00757522
chr1_pat	104600000	104700000	0.00785042
chr1_pat	104700000	104800000	0.00808207
chr1_pat	104800000	104900000	0.00761879
chr1_pat	104900000	105000000	0.00575593
chr1_pat	105000000	105100000	0.00837385
chr1_pat	105100000	105200000	0.00803667
chr1_pat	105200000	105300000	0.00792511
chr1_pat	105300000	105400000	0.00756656
chr1_pat	105400000	105500000	0.00765051
chr1_pat	105500000	105600000	0.00773446
chr1_pat	105600000	105700000	0.00789763
chr1_pat	105700000	105800000	0.00763943
chr1_pat	105800000	105900000	0.0075835
chr1_pat	105900000	106000000	0.00787212
chr1_pat	106000000	106100000	0.00806145
chr1_pat	106100000	106200000	0.00786338
chr1_pat	106200000	106300000	0.00778189
chr1_pat	106300000	106400000	0.00799428
chr1_pat	106400000	106500000	0.00781774
chr1_pat	106500000	106600000	0.00803114
chr1_pat	106600000	106700000	0.00771826
chr1_pat	106700000	106800000	0.00784326
chr1_pat	106800000	106900000	0.00752454
chr1_pat	106900000	107000000	0.00752918
chr1_pat	107000000	107100000	0.00792097
chr1_pat	107100000	107200000	0.00836674
chr1_pat	107200000	107300000	0.00793437
chr1_pat	107300000	107400000	0.00846624
chr1_pat	107400000	107500000	0.00789772
chr1_pat	107500000	107600000	0.00943073
chr1_pat	107600000	107700000	0.00795674
chr1_pat	107700000	107800000	0.00918505
chr1_pat	107800000	107900000	0.0102515
chr1_pat	107900000	108000000	0.00836342
chr1_pat	108000000	108100000	0.00720205
chr1_pat	108100000	108200000	0.00762687
chr1_pat	108200000	108300000	0.00621175
chr1_pat	108300000	108400000	0.00552775
chr1_pat	108400000	108500000	0.00544541
chr1_pat	108500000	108600000	0.00771712
chr1_pat	108600000	108700000	0.00835386
chr1_pat	108700000	108800000	0.00843428
chr1_pat	108800000	108900000	0.00930478
chr1_pat	108900000	109000000	0.00885551
chr1_pat	109000000	109100000	0.0086176
chr1_pat	109100000	109200000	0.00838044
chr1_pat	109200000	109300000	0.00901203
chr1_pat	109300000	109400000	0.00735505
chr1_pat	109400000	109500000	0.0051666
chr1_pat	109500000	109600000	0.00621656
chr1_pat	109600000	109700000	0.00832926
chr1_pat	109700000	109800000	0.00917568
chr1_pat	109800000	109900000	0.00837465
chr1_pat	109900000	110000000	0.00900017
chr1_pat	110000000	110100000	0.00712228
chr1_pat	110100000	110200000	0.00702947
chr1_pat	110200000	110300000	0.00905425
chr1_pat	110300000	110400000	0.00658516
chr1_pat	110400000	110500000	0.00890272
chr1_pat	110500000	110600000	0.00887648
chr1_pat	110600000	110700000	0.00658557
chr1_pat	110700000	110800000	0.00763006
chr1_pat	110800000	110900000	0.00682637
chr1_pat	110900000	111000000	0.00881059
chr1_pat	111000000	111100000	0.00944253
chr1_pat	111100000	111200000	0.00937968
chr1_pat	111200000	111300000	0.00685223
chr1_pat	111300000	111400000	0.00733128
chr1_pat	111400000	111500000	0.00906704
chr1_pat	111500000	111600000	0.00858505
chr1_pat	111600000	111700000	0.00885139
chr1_pat	111700000	111800000	0.00870186
chr1_pat	111800000	111900000	0.00913905
chr1_pat	111900000	112000000	0.00922889
chr1_pat	112000000	112100000	0.00948899
chr1_pat	112100000	112200000	0.00848162
chr1_pat	112200000	112300000	0.0087822
chr1_pat	112300000	112400000	0.00742018
chr1_pat	112400000	112500000	0.00723112
chr1_pat	112500000	112600000	0.00812745
chr1_pat	112600000	112700000	0.00893107
chr1_pat	112700000	112800000	0.00964589
chr1_pat	112800000	112900000	0.00857537
chr1_pat	112900000	113000000	0.00875752
chr1_pat	113000000	113100000	0.00924298
chr1_pat	113100000	113200000	0.00890709
chr1_pat	113200000	113300000	0.00821304
chr1_pat	113300000	113400000	0.00575705
chr1_pat	113400000	113500000	0.00577844
chr1_pat	113500000	113600000	0.0075958
chr1_pat	113600000	113700000	0.00872613
chr1_pat	113700000	113800000	0.00805876
chr1_pat	113800000	113900000	0.00579301
chr1_pat	113900000	114000000	0.00807025
chr1_pat	114000000	114100000	0.00846753
chr1_pat	114100000	114200000	0.0085036
chr1_pat	114200000	114300000	0.0065025
chr1_pat	114300000	114400000	0.00798485
chr1_pat	114400000	114500000	0.00937019
chr1_pat	114500000	114600000	0.00738628
chr1_pat	114600000	114700000	0.00738546
chr1_pat	114700000	114800000	0.00795184
chr1_pat	114800000	114900000	0.00962742
chr1_pat	114900000	115000000	0.00709648
chr1_pat	115000000	115100000	0.00627508
chr1_pat	115100000	115200000	0.00756636
chr1_pat	115200000	115300000	0.00710735
chr1_pat	115300000	115400000	0.0132446
chr1_pat	115400000	115500000	0.00765313
chr1_pat	115500000	115600000	0.00847722
chr1_pat	115600000	115700000	0.00780917
chr1_pat	115700000	115800000	0.00864528
chr1_pat	115800000	115900000	0.00964903
chr1_pat	115900000	115996361	
chr1A_pat	0	100000	
chr1A_pat	100000	200000	0.00772066
chr1A_pat	200000	300000	0.00813845
chr1A_pat	300000	400000	0.0121735
chr1A_pat	400000	500000	0.0080802
chr1A_pat	500000	600000	0.00598288
chr1A_pat	600000	700000	0.0121554
chr1A_pat	700000	800000	0.00891512
chr1A_pat	800000	900000	0.0056231
chr1A_pat	900000	1000000	0.00772873
chr1A_pat	1000000	1100000	0.00709464
chr1A_pat	1100000	1200000	0.00689458
chr1A_pat	1200000	1300000	0.00560742
chr1A_pat	1300000	1400000	0.00602492
chr1A_pat	1400000	1500000	0.00609047
chr1A_pat	1500000	1600000	0.00642174
chr1A_pat	1600000	1700000	0.0065187
chr1A_pat	1700000	1800000	0.0076759
chr1A_pat	1800000	1900000	0.0076423
chr1A_pat	1900000	2000000	0.00781034
chr1A_pat	2000000	2100000	0.00720766
chr1A_pat	2100000	2200000	0.00721687
chr1A_pat	2200000	2300000	0.00776198
chr1A_pat	2300000	2400000	0.00953929
chr1A_pat	2400000	2500000	0.00947419
chr1A_pat	2500000	2600000	0.00886086
chr1A_pat	2600000	2700000	0.00892723
chr1A_pat	2700000	2800000	0.00951665
chr1A_pat	2800000	2900000	0.00911787
chr1A_pat	2900000	3000000	0.0094135
chr1A_pat	3000000	3100000	0.00969885
chr1A_pat	3100000	3200000	0.00729585
chr1A_pat	3200000	3300000	0.00522303
chr1A_pat	3300000	3400000	0.00603904
chr1A_pat	3400000	3500000	0.0061191
chr1A_pat	3500000	3600000	0.00693799
chr1A_pat	3600000	3700000	0.00576574
chr1A_pat	3700000	3800000	0.00781183
chr1A_pat	3800000	3900000	0.00809457
chr1A_pat	3900000	4000000	0.00894026
chr1A_pat	4000000	4100000	0.00889161
chr1A_pat	4100000	4200000	0.00833924
chr1A_pat	4200000	4300000	0.00612002
chr1A_pat	4300000	4400000	0.007717
chr1A_pat	4400000	4500000	0.00707688
chr1A_pat	4500000	4600000	0.00930758
chr1A_pat	4600000	4700000	0.00900493
chr1A_pat	4700000	4800000	0.00824827
chr1A_pat	4800000	4900000	0.00797518
chr1A_pat	4900000	5000000	0.00788776
chr1A_pat	5000000	5100000	0.00797342
chr1A_pat	5100000	5200000	0.00868314
chr1A_pat	5200000	5300000	0.00787267
chr1A_pat	5300000	5400000	0.00860891
chr1A_pat	5400000	5500000	0.00810848
chr1A_pat	5500000	5600000	0.00859734
chr1A_pat	5600000	5700000	0.00812172
chr1A_pat	5700000	5800000	0.00835298
chr1A_pat	5800000	5900000	0.00873246
chr1A_pat	5900000	6000000	0.00754265
chr1A_pat	6000000	6100000	0.00682747
chr1A_pat	6100000	6200000	0.00547914
chr1A_pat	6200000	6300000	0.00596732
chr1A_pat	6300000	6400000	0.00858174
chr1A_pat	6400000	6500000	0.00904185
chr1A_pat	6500000	6600000	0.00858464
chr1A_pat	6600000	6700000	0.00645214
chr1A_pat	6700000	6800000	0.00616681
chr1A_pat	6800000	6900000	0.008666
chr1A_pat	6900000	7000000	0.00933807
chr1A_pat	7000000	7100000	0.00886447
chr1A_pat	7100000	7200000	0.00850681
chr1A_pat	7200000	7300000	0.00826986
chr1A_pat	7300000	7400000	0.00636265
chr1A_pat	7400000	7500000	0.00752186
chr1A_pat	7500000	7600000	0.00886945
chr1A_pat	7600000	7700000	0.0088004
chr1A_pat	7700000	7800000	0.00809475
chr1A_pat	7800000	7900000	0.00797859
chr1A_pat	7900000	8000000	0.00797649
chr1A_pat	8000000	8100000	0.00837976
chr1A_pat	8100000	8200000	0.00788892
chr1A_pat	8200000	8300000	0.00607235
chr1A_pat	8300000	8400000	0.00699319
chr1A_pat	8400000	8500000	0.00766584
chr1A_pat	8500000	8600000	0.00806879
chr1A_pat	8600000	8700000	0.0084013
chr1A_pat	8700000	8800000	0.0080874
chr1A_pat	8800000	8900000	0.00818953
chr1A_pat	8900000	9000000	0.00768089
chr1A_pat	9000000	9100000	0.00788175
chr1A_pat	9100000	9200000	0.0083522
chr1A_pat	9200000	9300000	0.00762485
chr1A_pat	9300000	9400000	0.00777024
chr1A_pat	9400000	9500000	0.00792727
chr1A_pat	9500000	9600000	0.00791334
chr1A_pat	9600000	9700000	0.00805798
chr1A_pat	9700000	9800000	0.00849635
chr1A_pat	9800000	9900000	0.00833431
chr1A_pat	9900000	10000000	0.00823546
chr1A_pat	10000000	10100000	0.00797684
chr1A_pat	10100000	10200000	0.0079634
chr1A_pat	10200000	10300000	0.00778759
chr1A_pat	10300000	10400000	0.00759708
chr1A_pat	10400000	10500000	0.00831292
chr1A_pat	10500000	10600000	0.00803094
chr1A_pat	10600000	10700000	0.0082466
chr1A_pat	10700000	10800000	0.00857658
chr1A_pat	10800000	10900000	0.00859219
chr1A_pat	10900000	11000000	0.00803211
chr1A_pat	11000000	11100000	0.00831237
chr1A_pat	11100000	11200000	0.00817994
chr1A_pat	11200000	11300000	0.00803464
chr1A_pat	11300000	11400000	0.00799482
chr1A_pat	11400000	11500000	0.00840839
chr1A_pat	11500000	11600000	0.0077778
chr1A_pat	11600000	11700000	0.00791997
chr1A_pat	11700000	11800000	0.00709102
chr1A_pat	11800000	11900000	0.00534846
chr1A_pat	11900000	12000000	0.00626821
chr1A_pat	12000000	12100000	0.00707675
chr1A_pat	12100000	12200000	0.00679107
chr1A_pat	12200000	12300000	0.00554362
chr1A_pat	12300000	12400000	0.00563339
chr1A_pat	12400000	12500000	0.0090026
chr1A_pat	12500000	12600000	0.00903579
chr1A_pat	12600000	12700000	0.00876762
chr1A_pat	12700000	12800000	0.00857142
chr1A_pat	12800000	12900000	0.00934798
chr1A_pat	12900000	13000000	0.00911783
chr1A_pat	13000000	13100000	0.00559952
chr1A_pat	13100000	13200000	0.00695487
chr1A_pat	13200000	13300000	0.0080509
chr1A_pat	13300000	13400000	0.00723867
chr1A_pat	13400000	13500000	0.00738499
chr1A_pat	13500000	13600000	0.00702866
chr1A_pat	13600000	13700000	0.0078731
chr1A_pat	13700000	13800000	0.00662884
chr1A_pat	13800000	13900000	0.00547019
chr1A_pat	13900000	14000000	0.00751481
chr1A_pat	14000000	14100000	0.006021
chr1A_pat	14100000	14200000	0.00667443
chr1A_pat	14200000	14300000	0.00804251
chr1A_pat	14300000	14400000	0.00791532
chr1A_pat	14400000	14500000	0.00863581
chr1A_pat	14500000	14600000	0.00795639
chr1A_pat	14600000	14700000	0.00841786
chr1A_pat	14700000	14800000	0.0113128
chr1A_pat	14800000	14900000	0.00949881
chr1A_pat	14900000	15000000	0.00923039
chr1A_pat	15000000	15100000	0.00783211
chr1A_pat	15100000	15200000	0.00768657
chr1A_pat	15200000	15300000	0.00884381
chr1A_pat	15300000	15400000	0.00685229
chr1A_pat	15400000	15500000	0.00863832
chr1A_pat	15500000	15600000	0.00912971
chr1A_pat	15600000	15700000	0.0069468
chr1A_pat	15700000	15800000	0.00842676
chr1A_pat	15800000	15900000	0.0082844
chr1A_pat	15900000	16000000	0.00871158
chr1A_pat	16000000	16100000	0.00804047
chr1A_pat	16100000	16200000	0.00789062
chr1A_pat	16200000	16300000	0.00811934
chr1A_pat	16300000	16400000	0.00811882
chr1A_pat	16400000	16500000	0.00787885
chr1A_pat	16500000	16600000	0.00839853
chr1A_pat	16600000	16700000	0.00799061
chr1A_pat	16700000	16800000	0.00774622
chr1A_pat	16800000	16900000	0.00797112
chr1A_pat	16900000	17000000	0.00799217
chr1A_pat	17000000	17100000	0.00795982
chr1A_pat	17100000	17200000	0.00797346
chr1A_pat	17200000	17300000	0.00794399
chr1A_pat	17300000	17400000	0.0075521
chr1A_pat	17400000	17500000	0.00860596
chr1A_pat	17500000	17600000	0.00767063
chr1A_pat	17600000	17700000	0.00772455
chr1A_pat	17700000	17800000	0.0082441
chr1A_pat	17800000	17900000	0.00791062
chr1A_pat	17900000	18000000	0.00763919
chr1A_pat	18000000	18100000	0.0060922
chr1A_pat	18100000	18200000	0.00722891
chr1A_pat	18200000	18300000	0.00800845
chr1A_pat	18300000	18400000	0.00807158
chr1A_pat	18400000	18500000	0.00794143
chr1A_pat	18500000	18600000	0.00894362
chr1A_pat	18600000	18700000	0.00780624
chr1A_pat	18700000	18800000	0.00785005
chr1A_pat	18800000	18900000	0.00848176
chr1A_pat	18900000	19000000	0.0081477
chr1A_pat	19000000	19100000	0.00814307
chr1A_pat	19100000	19200000	0.00799687
chr1A_pat	19200000	19300000	0.00798124
chr1A_pat	19300000	19400000	0.00880431
chr1A_pat	19400000	19500000	0.00613432
chr1A_pat	19500000	19600000	0.00714521
chr1A_pat	19600000	19700000	0.00821176
chr1A_pat	19700000	19800000	0.00882524
chr1A_pat	19800000	19900000	0.0082777
chr1A_pat	19900000	20000000	0.00835143
chr1A_pat	20000000	20100000	0.00834845
chr1A_pat	20100000	20200000	0.00809234
chr1A_pat	20200000	20300000	0.00796411
chr1A_pat	20300000	20400000	0.00812526
chr1A_pat	20400000	20500000	0.00805979
chr1A_pat	20500000	20600000	0.00810214
chr1A_pat	20600000	20700000	0.00784766
chr1A_pat	20700000	20800000	0.00784303
chr1A_pat	20800000	20900000	0.00699915
chr1A_pat	20900000	21000000	0.00784639
chr1A_pat	21000000	21100000	0.00939464
chr1A_pat	21100000	21200000	0.00854834
chr1A_pat	21200000	21300000	0.00886107
chr1A_pat	21300000	21400000	0.00719995
chr1A_pat	21400000	21500000	0.00617695
chr1A_pat	21500000	21600000	0.00779621
chr1A_pat	21600000	21700000	0.00867226
chr1A_pat	21700000	21800000	0.00844998
chr1A_pat	21800000	21900000	0.00818488
chr1A_pat	21900000	22000000	0.0087622
chr1A_pat	22000000	22100000	0.00866419
chr1A_pat	22100000	22200000	0.00858503
chr1A_pat	22200000	22300000	0.00886673
chr1A_pat	22300000	22400000	0.0085198
chr1A_pat	22400000	22500000	0.00678442
chr1A_pat	22500000	22600000	0.00852591
chr1A_pat	22600000	22700000	0.0092745
chr1A_pat	22700000	22800000	0.00824921
chr1A_pat	22800000	22900000	0.00851178
chr1A_pat	22900000	23000000	0.00826186
chr1A_pat	23000000	23100000	0.00810931
chr1A_pat	23100000	23200000	0.00797068
chr1A_pat	23200000	23300000	0.00809821
chr1A_pat	23300000	23400000	0.0086286
chr1A_pat	23400000	23500000	0.0072348
chr1A_pat	23500000	23600000	0.00842111
chr1A_pat	23600000	23700000	0.00848298
chr1A_pat	23700000	23800000	0.00841307
chr1A_pat	23800000	23900000	0.00853387
chr1A_pat	23900000	24000000	0.00636104
chr1A_pat	24000000	24100000	0.00683192
chr1A_pat	24100000	24200000	0.00964155
chr1A_pat	24200000	24300000	0.00926629
chr1A_pat	24300000	24400000	0.00911663
chr1A_pat	24400000	24500000	0.00867262
chr1A_pat	24500000	24600000	0.00844196
chr1A_pat	24600000	24700000	0.00844386
chr1A_pat	24700000	24800000	0.0081025
chr1A_pat	24800000	24900000	0.00720892
chr1A_pat	24900000	25000000	0.00560241
chr1A_pat	25000000	25100000	0.0073446
chr1A_pat	25100000	25200000	0.00890593
chr1A_pat	25200000	25300000	0.0086071
chr1A_pat	25300000	25400000	0.00861245
chr1A_pat	25400000	25500000	0.00850278
chr1A_pat	25500000	25600000	0.00855349
chr1A_pat	25600000	25700000	0.0083815
chr1A_pat	25700000	25800000	0.00823081
chr1A_pat	25800000	25900000	0.00845501
chr1A_pat	25900000	26000000	0.00719941
chr1A_pat	26000000	26100000	0.0061284
chr1A_pat	26100000	26200000	0.00844665
chr1A_pat	26200000	26300000	0.00862026
chr1A_pat	26300000	26400000	0.00862905
chr1A_pat	26400000	26500000	0.00813034
chr1A_pat	26500000	26600000	0.00813981
chr1A_pat	26600000	26700000	0.00818373
chr1A_pat	26700000	26800000	0.00861667
chr1A_pat	26800000	26900000	0.00845257
chr1A_pat	26900000	27000000	0.00822679
chr1A_pat	27000000	27100000	0.00811148
chr1A_pat	27100000	27200000	0.00783467
chr1A_pat	27200000	27300000	0.00817416
chr1A_pat	27300000	27400000	0.00701649
chr1A_pat	27400000	27500000	0.00605779
chr1A_pat	27500000	27600000	0.00853951
chr1A_pat	27600000	27700000	0.00895347
chr1A_pat	27700000	27800000	0.00867868
chr1A_pat	27800000	27900000	0.0088972
chr1A_pat	27900000	28000000	0.00899007
chr1A_pat	28000000	28100000	0.00901072
chr1A_pat	28100000	28200000	0.00926327
chr1A_pat	28200000	28300000	0.00871062
chr1A_pat	28300000	28400000	0.00742377
chr1A_pat	28400000	28500000	0.00624132
chr1A_pat	28500000	28600000	0.00832863
chr1A_pat	28600000	28700000	0.00928326
chr1A_pat	28700000	28800000	0.00873404
chr1A_pat	28800000	28900000	0.00874554
chr1A_pat	28900000	29000000	0.0063176
chr1A_pat	29000000	29100000	0.00926945
chr1A_pat	29100000	29200000	0.00922387
chr1A_pat	29200000	29300000	0.00956192
chr1A_pat	29300000	29400000	0.00972644
chr1A_pat	29400000	29500000	0.00932435
chr1A_pat	29500000	29600000	0.00716197
chr1A_pat	29600000	29700000	0.00619529
chr1A_pat	29700000	29800000	0.00633166
chr1A_pat	29800000	29900000	0.00593391
chr1A_pat	29900000	30000000	0.00879411
chr1A_pat	30000000	30100000	0.00917347
chr1A_pat	30100000	30200000	0.00872352
chr1A_pat	30200000	30300000	0.00746108
chr1A_pat	30300000	30400000	0.00907385
chr1A_pat	30400000	30500000	0.00834661
chr1A_pat	30500000	30600000	0.008919
chr1A_pat	30600000	30700000	0.00840942
chr1A_pat	30700000	30800000	0.0086278
chr1A_pat	30800000	30900000	0.00885714
chr1A_pat	30900000	31000000	0.00835154
chr1A_pat	31000000	31100000	0.00810247
chr1A_pat	31100000	31200000	0.0079029
chr1A_pat	31200000	31300000	0.00847343
chr1A_pat	31300000	31400000	0.00877968
chr1A_pat	31400000	31500000	0.00880075
chr1A_pat	31500000	31600000	0.00914374
chr1A_pat	31600000	31700000	0.00667701
chr1A_pat	31700000	31800000	0.00592546
chr1A_pat	31800000	31900000	0.00699111
chr1A_pat	31900000	32000000	0.00783272
chr1A_pat	32000000	32100000	0.00879435
chr1A_pat	32100000	32200000	0.0076539
chr1A_pat	32200000	32300000	0.00842728
chr1A_pat	32300000	32400000	0.00504882
chr1A_pat	32400000	32500000	0.0086385
chr1A_pat	32500000	32600000	0.00716242
chr1A_pat	32600000	32700000	0.00778779
chr1A_pat	32700000	32800000	0.00786113
chr1A_pat	32800000	32900000	0.00937668
chr1A_pat	32900000	33000000	0.00899052
chr1A_pat	33000000	33100000	0.00946478
chr1A_pat	33100000	33200000	0.00721409
chr1A_pat	33200000	33300000	0.00944458
chr1A_pat	33300000	33400000	0.0101189
chr1A_pat	33400000	33500000	0.00934497
chr1A_pat	33500000	33600000	0.00702242
chr1A_pat	33600000	33700000	0.00934818
chr1A_pat	33700000	33800000	0.00995811
chr1A_pat	33800000	33900000	0.00779695
chr1A_pat	33900000	34000000	0.00685531
chr1A_pat	34000000	34100000	0.00661973
chr1A_pat	34100000	34200000	0.00590751
chr1A_pat	34200000	34300000	0.00695999
chr1A_pat	34300000	34400000	0.00865623
chr1A_pat	34400000	34500000	0.00683732
chr1A_pat	34500000	34600000	0.00780611
chr1A_pat	34600000	34700000	0.00891345
chr1A_pat	34700000	34800000	0.00891669
chr1A_pat	34800000	34900000	0.00932751
chr1A_pat	34900000	35000000	0.00887261
chr1A_pat	35000000	35100000	0.00629877
chr1A_pat	35100000	35200000	0.00547842
chr1A_pat	35200000	35300000	0.00902086
chr1A_pat	35300000	35400000	0.00886533
chr1A_pat	35400000	35500000	0.00856785
chr1A_pat	35500000	35600000	0.00890562
chr1A_pat	35600000	35700000	0.00859305
chr1A_pat	35700000	35800000	0.00885334
chr1A_pat	35800000	35900000	0.00852771
chr1A_pat	35900000	36000000	0.00876427
chr1A_pat	36000000	36100000	0.00936251
chr1A_pat	36100000	36200000	0.00918776
chr1A_pat	36200000	36300000	0.00935952
chr1A_pat	36300000	36400000	0.00878051
chr1A_pat	36400000	36500000	0.00856934
chr1A_pat	36500000	36600000	0.00954624
chr1A_pat	36600000	36700000	0.00804333
chr1A_pat	36700000	36800000	0.00630074
chr1A_pat	36800000	36900000	0.00684719
chr1A_pat	36900000	37000000	0.00842489
chr1A_pat	37000000	37100000	0.0100522
chr1A_pat	37100000	37200000	0.00911525
chr1A_pat	37200000	37300000	0.00886926
chr1A_pat	37300000	37400000	0.00882701
chr1A_pat	37400000	37500000	0.00906732
chr1A_pat	37500000	37600000	0.00895608
chr1A_pat	37600000	37700000	0.0085625
chr1A_pat	37700000	37800000	0.00897132
chr1A_pat	37800000	37900000	0.00901783
chr1A_pat	37900000	38000000	0.00909046
chr1A_pat	38000000	38100000	0.00913909
chr1A_pat	38100000	38200000	0.00749369
chr1A_pat	38200000	38300000	0.00613561
chr1A_pat	38300000	38400000	0.00732829
chr1A_pat	38400000	38500000	0.00886398
chr1A_pat	38500000	38600000	0.00870734
chr1A_pat	38600000	38700000	0.00982914
chr1A_pat	38700000	38800000	0.00897375
chr1A_pat	38800000	38900000	0.00886123
chr1A_pat	38900000	39000000	0.00917196
chr1A_pat	39000000	39100000	0.00866001
chr1A_pat	39100000	39200000	0.00896696
chr1A_pat	39200000	39300000	0.00676571
chr1A_pat	39300000	39400000	0.00800042
chr1A_pat	39400000	39500000	0.00905162
chr1A_pat	39500000	39600000	0.00855879
chr1A_pat	39600000	39700000	0.00846081
chr1A_pat	39700000	39800000	0.00818089
chr1A_pat	39800000	39900000	0.00831494
chr1A_pat	39900000	40000000	0.00835431
chr1A_pat	40000000	40100000	0.00841287
chr1A_pat	40100000	40200000	0.00853976
chr1A_pat	40200000	40300000	0.00769537
chr1A_pat	40300000	40400000	0.00824663
chr1A_pat	40400000	40500000	0.00817668
chr1A_pat	40500000	40600000	0.00812709
chr1A_pat	40600000	40700000	0.00858706
chr1A_pat	40700000	40800000	0.00827571
chr1A_pat	40800000	40900000	0.00834088
chr1A_pat	40900000	41000000	0.00867654
chr1A_pat	41000000	41100000	0.00904627
chr1A_pat	41100000	41200000	0.00863651
chr1A_pat	41200000	41300000	0.00663677
chr1A_pat	41300000	41400000	0.00632099
chr1A_pat	41400000	41500000	0.00861458
chr1A_pat	41500000	41600000	0.00869303
chr1A_pat	41600000	41700000	0.00872098
chr1A_pat	41700000	41800000	0.00895072
chr1A_pat	41800000	41900000	0.0070851
chr1A_pat	41900000	42000000	0.00789016
chr1A_pat	42000000	42100000	0.00870789
chr1A_pat	42100000	42200000	0.00864438
chr1A_pat	42200000	42300000	0.00877507
chr1A_pat	42300000	42400000	0.00828486
chr1A_pat	42400000	42500000	0.00931234
chr1A_pat	42500000	42600000	0.00844432
chr1A_pat	42600000	42700000	0.00843776
chr1A_pat	42700000	42800000	0.00636936
chr1A_pat	42800000	42900000	0.00774056
chr1A_pat	42900000	43000000	0.00955594
chr1A_pat	43000000	43100000	0.00785161
chr1A_pat	43100000	43200000	0.00835307
chr1A_pat	43200000	43300000	0.00691544
chr1A_pat	43300000	43400000	0.00849418
chr1A_pat	43400000	43500000	0.00897649
chr1A_pat	43500000	43600000	0.0080387
chr1A_pat	43600000	43700000	0.00869362
chr1A_pat	43700000	43800000	0.00581266
chr1A_pat	43800000	43900000	0.00724831
chr1A_pat	43900000	44000000	0.00606649
chr1A_pat	44000000	44100000	0.0094995
chr1A_pat	44100000	44200000	0.00847242
chr1A_pat	44200000	44300000	0.00627821
chr1A_pat	44300000	44400000	0.00611557
chr1A_pat	44400000	44500000	0.00755824
chr1A_pat	44500000	44600000	0.00868413
chr1A_pat	44600000	44700000	0.00923953
chr1A_pat	44700000	44800000	0.00809791
chr1A_pat	44800000	44900000	0.00877643
chr1A_pat	44900000	45000000	0.0101372
chr1A_pat	45000000	45100000	0.00537839
chr1A_pat	45100000	45200000	0.00794848
chr1A_pat	45200000	45300000	0.00897702
chr1A_pat	45300000	45400000	0.00897973
chr1A_pat	45400000	45500000	0.00893303
chr1A_pat	45500000	45600000	0.0083619
chr1A_pat	45600000	45700000	0.00677553
chr1A_pat	45700000	45800000	0.00911215
chr1A_pat	45800000	45900000	0.00933517
chr1A_pat	45900000	46000000	0.00953416
chr1A_pat	46000000	46100000	0.00669612
chr1A_pat	46100000	46200000	0.00574273
chr1A_pat	46200000	46300000	0.00793804
chr1A_pat	46300000	46400000	0.00707665
chr1A_pat	46400000	46500000	0.00602305
chr1A_pat	46500000	46600000	0.0076899
chr1A_pat	46600000	46700000	0.00778268
chr1A_pat	46700000	46800000	0.0102288
chr1A_pat	46800000	46900000	0.0106082
chr1A_pat	46900000	47000000	0.0109353
chr1A_pat	47000000	47100000	0.00950079
chr1A_pat	47100000	47200000	0.00591352
chr1A_pat	47200000	47300000	0.00742453
chr1A_pat	47300000	47400000	0.00889784
chr1A_pat	47400000	47500000	0.00570555
chr1A_pat	47500000	47600000	0.0068928
chr1A_pat	47600000	47700000	0.00784333
chr1A_pat	47700000	47800000	0.00606146
chr1A_pat	47800000	47900000	0.00803274
chr1A_pat	47900000	48000000	0.00684739
chr1A_pat	48000000	48100000	0.00627622
chr1A_pat	48100000	48200000	0.00558248
chr1A_pat	48200000	48300000	
chr1A_pat	48300000	48400000	0.00565816
chr1A_pat	48400000	48500000	0.00639664
chr1A_pat	48500000	48600000	0.00719165
chr1A_pat	48600000	48700000	0.00672267
chr1A_pat	48700000	48800000	0.00578126
chr1A_pat	48800000	48900000	0.00694957
chr1A_pat	48900000	49000000	0.0108466
chr1A_pat	49000000	49100000	0.0112366
chr1A_pat	49100000	49200000	0.0080856
chr1A_pat	49200000	49300000	0.00652583
chr1A_pat	49300000	49400000	0.00846165
chr1A_pat	49400000	49500000	0.00678089
chr1A_pat	49500000	49600000	0.00741964
chr1A_pat	49600000	49700000	0.00697559
chr1A_pat	49700000	49800000	0.00729324
chr1A_pat	49800000	49900000	0.00624731
chr1A_pat	49900000	50000000	0.00828344
chr1A_pat	50000000	50100000	0.0106691
chr1A_pat	50100000	50200000	0.00973036
chr1A_pat	50200000	50300000	0.00760332
chr1A_pat	50300000	50400000	0.00875548
chr1A_pat	50400000	50500000	0.00716327
chr1A_pat	50500000	50600000	0.0081739
chr1A_pat	50600000	50700000	0.0097603
chr1A_pat	50700000	50800000	0.00965967
chr1A_pat	50800000	50900000	0.00777288
chr1A_pat	50900000	51000000	0.00886626
chr1A_pat	51000000	51100000	0.0099667
chr1A_pat	51100000	51200000	0.0103939
chr1A_pat	51200000	51300000	0.0102133
chr1A_pat	51300000	51400000	0.0106631
chr1A_pat	51400000	51500000	0.00988382
chr1A_pat	51500000	51600000	0.00955669
chr1A_pat	51600000	51700000	0.010264
chr1A_pat	51700000	51800000	0.00958098
chr1A_pat	51800000	51900000	0.00657015
chr1A_pat	51900000	52000000	0.00752864
chr1A_pat	52000000	52100000	0.00776355
chr1A_pat	52100000	52200000	0.0102616
chr1A_pat	52200000	52300000	0.00943755
chr1A_pat	52300000	52400000	0.00777235
chr1A_pat	52400000	52500000	0.00838509
chr1A_pat	52500000	52600000	0.00773165
chr1A_pat	52600000	52700000	0.00676337
chr1A_pat	52700000	52800000	0.00971643
chr1A_pat	52800000	52900000	0.00927419
chr1A_pat	52900000	53000000	0.00868003
chr1A_pat	53000000	53100000	0.00881372
chr1A_pat	53100000	53200000	0.00972144
chr1A_pat	53200000	53300000	0.00951473
chr1A_pat	53300000	53400000	0.00695106
chr1A_pat	53400000	53500000	0.007397
chr1A_pat	53500000	53600000	0.0106264
chr1A_pat	53600000	53700000	0.00998289
chr1A_pat	53700000	53800000	0.00959916
chr1A_pat	53800000	53900000	0.00901148
chr1A_pat	53900000	54000000	0.00951097
chr1A_pat	54000000	54100000	0.00658243
chr1A_pat	54100000	54200000	0.00706889
chr1A_pat	54200000	54300000	0.00885935
chr1A_pat	54300000	54400000	0.00627926
chr1A_pat	54400000	54500000	0.00802876
chr1A_pat	54500000	54600000	0.00903194
chr1A_pat	54600000	54700000	0.00962161
chr1A_pat	54700000	54800000	0.00927501
chr1A_pat	54800000	54900000	0.00953484
chr1A_pat	54900000	55000000	0.0101127
chr1A_pat	55000000	55100000	0.0104635
chr1A_pat	55100000	55200000	0.00979671
chr1A_pat	55200000	55300000	0.00780917
chr1A_pat	55300000	55400000	0.00859853
chr1A_pat	55400000	55500000	0.00799306
chr1A_pat	55500000	55600000	0.00489476
chr1A_pat	55600000	55700000	0.0078058
chr1A_pat	55700000	55800000	0.0099742
chr1A_pat	55800000	55900000	0.00846941
chr1A_pat	55900000	56000000	0.00729573
chr1A_pat	56000000	56100000	0.00926513
chr1A_pat	56100000	56200000	0.00974223
chr1A_pat	56200000	56300000	0.00934667
chr1A_pat	56300000	56400000	0.00714446
chr1A_pat	56400000	56500000	0.00841456
chr1A_pat	56500000	56600000	0.00813279
chr1A_pat	56600000	56700000	0.00920705
chr1A_pat	56700000	56800000	0.00999346
chr1A_pat	56800000	56900000	0.0105242
chr1A_pat	56900000	57000000	0.0109152
chr1A_pat	57000000	57100000	0.0106022
chr1A_pat	57100000	57200000	0.0096642
chr1A_pat	57200000	57300000	0.00932414
chr1A_pat	57300000	57400000	0.00791894
chr1A_pat	57400000	57500000	0.00908799
chr1A_pat	57500000	57600000	0.0106653
chr1A_pat	57600000	57700000	0.0071104
chr1A_pat	57700000	57800000	0.00589957
chr1A_pat	57800000	57900000	0.00631607
chr1A_pat	57900000	58000000	0.00619687
chr1A_pat	58000000	58100000	0.00775885
chr1A_pat	58100000	58200000	0.00678115
chr1A_pat	58200000	58300000	0.00875851
chr1A_pat	58300000	58400000	0.0108647
chr1A_pat	58400000	58500000	0.0106047
chr1A_pat	58500000	58600000	0.010351
chr1A_pat	58600000	58700000	0.0100055
chr1A_pat	58700000	58800000	0.0107612
chr1A_pat	58800000	58900000	0.00997611
chr1A_pat	58900000	59000000	0.00966451
chr1A_pat	59000000	59100000	0.0104837
chr1A_pat	59100000	59200000	0.0103698
chr1A_pat	59200000	59300000	0.00942831
chr1A_pat	59300000	59400000	
chr1A_pat	59400000	59500000	
chr1A_pat	59500000	59600000	
chr1A_pat	59600000	59700000	
chr1A_pat	59700000	59800000	
chr1A_pat	59800000	59900000	0.0161861
chr1A_pat	59900000	60000000	0.0100104
chr1A_pat	60000000	60100000	0.00933718
chr1A_pat	60100000	60200000	0.0063381
chr1A_pat	60200000	60300000	0.00687613
chr1A_pat	60300000	60400000	0.00634663
chr1A_pat	60400000	60500000	0.00848746
chr1A_pat	60500000	60600000	0.00788414
chr1A_pat	60600000	60700000	0.0102005
chr1A_pat	60700000	60800000	0.00950387
chr1A_pat	60800000	60900000	0.0102172
chr1A_pat	60900000	61000000	0.00916634
chr1A_pat	61000000	61100000	0.00845868
chr1A_pat	61100000	61200000	0.00819109
chr1A_pat	61200000	61300000	0.00612695
chr1A_pat	61300000	61400000	0.00931354
chr1A_pat	61400000	61500000	0.00972297
chr1A_pat	61500000	61600000	0.00926222
chr1A_pat	61600000	61700000	0.00936541
chr1A_pat	61700000	61800000	0.00975818
chr1A_pat	61800000	61900000	0.0101025
chr1A_pat	61900000	62000000	0.00960265
chr1A_pat	62000000	62100000	0.00993449
chr1A_pat	62100000	62200000	0.00893182
chr1A_pat	62200000	62300000	0.0100009
chr1A_pat	62300000	62400000	0.0101386
chr1A_pat	62400000	62500000	0.00719062
chr1A_pat	62500000	62600000	0.00923029
chr1A_pat	62600000	62700000	0.00979847
chr1A_pat	62700000	62800000	0.00940571
chr1A_pat	62800000	62900000	0.00679673
chr1A_pat	62900000	63000000	0.00916277
chr1A_pat	63000000	63100000	0.0102995
chr1A_pat	63100000	63200000	0.00978154
chr1A_pat	63200000	63300000	0.00888572
chr1A_pat	63300000	63400000	0.00723195
chr1A_pat	63400000	63500000	0.0071039
chr1A_pat	63500000	63600000	0.00625766
chr1A_pat	63600000	63700000	0.00798442
chr1A_pat	63700000	63800000	0.0093132
chr1A_pat	63800000	63900000	0.00884726
chr1A_pat	63900000	64000000	0.0074109
chr1A_pat	64000000	64100000	0.00753943
chr1A_pat	64100000	64200000	0.00722895
chr1A_pat	64200000	64300000	0.0061195
chr1A_pat	64300000	64400000	0.00611744
chr1A_pat	64400000	64500000	0.00955616
chr1A_pat	64500000	64600000	0.00914087
chr1A_pat	64600000	64700000	0.01032
chr1A_pat	64700000	64800000	0.00937798
chr1A_pat	64800000	64900000	0.0106861
chr1A_pat	64900000	65000000	0.00937224
chr1A_pat	65000000	65100000	0.0071454
chr1A_pat	65100000	65200000	0.00679607
chr1A_pat	65200000	65300000	0.00698948
chr1A_pat	65300000	65400000	0.00830608
chr1A_pat	65400000	65500000	0.00677022
chr1A_pat	65500000	65600000	0.00708523
chr1A_pat	65600000	65700000	0.01014
chr1A_pat	65700000	65800000	0.00999414
chr1A_pat	65800000	65900000	0.00992984
chr1A_pat	65900000	66000000	0.0103718
chr1A_pat	66000000	66100000	0.0101029
chr1A_pat	66100000	66200000	0.00909862
chr1A_pat	66200000	66300000	0.00899422
chr1A_pat	66300000	66400000	0.00606892
chr1A_pat	66400000	66500000	0.00970035
chr1A_pat	66500000	66600000	0.00929756
chr1A_pat	66600000	66700000	0.00931463
chr1A_pat	66700000	66800000	0.00891855
chr1A_pat	66800000	66900000	0.00956056
chr1A_pat	66900000	67000000	0.00951012
chr1A_pat	67000000	67100000	0.0090665
chr1A_pat	67100000	67200000	0.00891813
chr1A_pat	67200000	67300000	0.00901728
chr1A_pat	67300000	67400000	0.00966857
chr1A_pat	67400000	67500000	0.009221
chr1A_pat	67500000	67600000	0.00829011
chr1A_pat	67600000	67700000	0.00871477
chr1A_pat	67700000	67800000	0.00897412
chr1A_pat	67800000	67900000	0.00969652
chr1A_pat	67900000	68000000	0.00985138
chr1A_pat	68000000	68100000	0.00967762
chr1A_pat	68100000	68200000	0.00996257
chr1A_pat	68200000	68300000	0.0102003
chr1A_pat	68300000	68400000	0.00957891
chr1A_pat	68400000	68500000	0.0094715
chr1A_pat	68500000	68600000	0.00707589
chr1A_pat	68600000	68700000	0.00658287
chr1A_pat	68700000	68800000	0.00662117
chr1A_pat	68800000	68900000	0.00654214
chr1A_pat	68900000	69000000	0.00827968
chr1A_pat	69000000	69100000	0.00860833
chr1A_pat	69100000	69200000	0.00959228
chr1A_pat	69200000	69300000	0.009378
chr1A_pat	69300000	69400000	0.00998546
chr1A_pat	69400000	69500000	0.00917809
chr1A_pat	69500000	69600000	0.00946562
chr1A_pat	69600000	69700000	0.00879943
chr1A_pat	69700000	69800000	0.0063541
chr1A_pat	69800000	69900000	0.0093993
chr1A_pat	69900000	70000000	0.00823378
chr1A_pat	70000000	70100000	0.00765896
chr1A_pat	70100000	70200000	0.0055564
chr1A_pat	70200000	70300000	0.00810368
chr1A_pat	70300000	70400000	0.00615723
chr1A_pat	70400000	70500000	0.00740294
chr1A_pat	70500000	70600000	0.0107918
chr1A_pat	70600000	70700000	0.00812209
chr1A_pat	70700000	70800000	0.00885191
chr1A_pat	70800000	70900000	0.00950949
chr1A_pat	70900000	71000000	0.00932385
chr1A_pat	71000000	71100000	0.0094155
chr1A_pat	71100000	71200000	0.00845863
chr1A_pat	71200000	71300000	0.00989786
chr1A_pat	71300000	71400000	0.00929148
chr1A_pat	71400000	71500000	0.0095026
chr1A_pat	71500000	71600000	0.00938781
chr1A_pat	71600000	71700000	0.00700961
chr1A_pat	71700000	71800000	0.00706691
chr1A_pat	71800000	71900000	0.00712558
chr1A_pat	71900000	72000000	0.00719376
chr1A_pat	72000000	72100000	
chr1A_pat	72100000	72200000	
chr1A_pat	72200000	72300000	
chr1A_pat	72300000	72373967	
chr2_pat	0	100000	
chr2_pat	100000	200000	
chr2_pat	200000	300000	0.00748238
chr2_pat	300000	400000	0.00827442
chr2_pat	400000	500000	0.00997854
chr2_pat	500000	600000	0.0137095
chr2_pat	600000	700000	0.0158442
chr2_pat	700000	800000	0.00686053
chr2_pat	800000	900000	0.00622393
chr2_pat	900000	1000000	0.00768225
chr2_pat	1000000	1100000	0.00771682
chr2_pat	1100000	1200000	0.00638244
chr2_pat	1200000	1300000	0.00562815
chr2_pat	1300000	1400000	0.00721112
chr2_pat	1400000	1500000	0.00781664
chr2_pat	1500000	1600000	0.00644562
chr2_pat	1600000	1700000	0.0073258
chr2_pat	1700000	1800000	0.00584946
chr2_pat	1800000	1900000	0.00735385
chr2_pat	1900000	2000000	0.00769169
chr2_pat	2000000	2100000	0.00792865
chr2_pat	2100000	2200000	0.00861061
chr2_pat	2200000	2300000	0.00988979
chr2_pat	2300000	2400000	0.00881431
chr2_pat	2400000	2500000	0.00747168
chr2_pat	2500000	2600000	0.00615119
chr2_pat	2600000	2700000	0.00720281
chr2_pat	2700000	2800000	0.00714669
chr2_pat	2800000	2900000	0.00761272
chr2_pat	2900000	3000000	0.00803361
chr2_pat	3000000	3100000	0.0088835
chr2_pat	3100000	3200000	0.00853488
chr2_pat	3200000	3300000	0.00779637
chr2_pat	3300000	3400000	0.00833769
chr2_pat	3400000	3500000	0.00767157
chr2_pat	3500000	3600000	0.00777824
chr2_pat	3600000	3700000	0.00801148
chr2_pat	3700000	3800000	0.00788422
chr2_pat	3800000	3900000	0.00807916
chr2_pat	3900000	4000000	0.00829068
chr2_pat	4000000	4100000	0.00835953
chr2_pat	4100000	4200000	0.00853023
chr2_pat	4200000	4300000	0.00891695
chr2_pat	4300000	4400000	0.00783104
chr2_pat	4400000	4500000	0.00844743
chr2_pat	4500000	4600000	0.00903639
chr2_pat	4600000	4700000	0.00885255
chr2_pat	4700000	4800000	0.0084469
chr2_pat	4800000	4900000	0.00743773
chr2_pat	4900000	5000000	0.00662539
chr2_pat	5000000	5100000	0.0085236
chr2_pat	5100000	5200000	0.00755559
chr2_pat	5200000	5300000	0.00710874
chr2_pat	5300000	5400000	0.00588395
chr2_pat	5400000	5500000	0.00737751
chr2_pat	5500000	5600000	0.0083865
chr2_pat	5600000	5700000	0.00896429
chr2_pat	5700000	5800000	0.00895861
chr2_pat	5800000	5900000	0.00808703
chr2_pat	5900000	6000000	0.00950535
chr2_pat	6000000	6100000	0.0086275
chr2_pat	6100000	6200000	0.00886293
chr2_pat	6200000	6300000	0.00846061
chr2_pat	6300000	6400000	0.00770656
chr2_pat	6400000	6500000	0.00569802
chr2_pat	6500000	6600000	0.0077204
chr2_pat	6600000	6700000	0.00881276
chr2_pat	6700000	6800000	0.00527734
chr2_pat	6800000	6900000	0.00598789
chr2_pat	6900000	7000000	0.00613608
chr2_pat	7000000	7100000	0.0082932
chr2_pat	7100000	7200000	0.00940014
chr2_pat	7200000	7300000	0.00919481
chr2_pat	7300000	7400000	0.00927699
chr2_pat	7400000	7500000	0.0094624
chr2_pat	7500000	7600000	0.00878484
chr2_pat	7600000	7700000	0.00904133
chr2_pat	7700000	7800000	0.00915738
chr2_pat	7800000	7900000	0.00848585
chr2_pat	7900000	8000000	0.00809056
chr2_pat	8000000	8100000	0.00945127
chr2_pat	8100000	8200000	0.00892873
chr2_pat	8200000	8300000	0.0100364
chr2_pat	8300000	8400000	0.00519522
chr2_pat	8400000	8500000	0.00761921
chr2_pat	8500000	8600000	0.00799319
chr2_pat	8600000	8700000	0.00858357
chr2_pat	8700000	8800000	0.00823313
chr2_pat	8800000	8900000	0.00624798
chr2_pat	8900000	9000000	0.00754208
chr2_pat	9000000	9100000	0.00486391
chr2_pat	9100000	9200000	0.00774165
chr2_pat	9200000	9300000	0.00898291
chr2_pat	9300000	9400000	0.00827445
chr2_pat	9400000	9500000	0.00853083
chr2_pat	9500000	9600000	0.00814153
chr2_pat	9600000	9700000	0.00828226
chr2_pat	9700000	9800000	0.0167299
chr2_pat	9800000	9900000	0.00570801
chr2_pat	9900000	10000000	0.00692469
chr2_pat	10000000	10100000	0.00874582
chr2_pat	10100000	10200000	0.00827345
chr2_pat	10200000	10300000	0.00756524
chr2_pat	10300000	10400000	0.00683061
chr2_pat	10400000	10500000	0.0078703
chr2_pat	10500000	10600000	0.00886745
chr2_pat	10600000	10700000	0.00730816
chr2_pat	10700000	10800000	0.00678991
chr2_pat	10800000	10900000	0.00622705
chr2_pat	10900000	11000000	0.00791816
chr2_pat	11000000	11100000	0.00916436
chr2_pat	11100000	11200000	0.00878958
chr2_pat	11200000	11300000	0.00851167
chr2_pat	11300000	11400000	0.00806895
chr2_pat	11400000	11500000	0.00802461
chr2_pat	11500000	11600000	0.00761683
chr2_pat	11600000	11700000	0.0077895
chr2_pat	11700000	11800000	0.00789517
chr2_pat	11800000	11900000	0.00766676
chr2_pat	11900000	12000000	0.0065645
chr2_pat	12000000	12100000	0.00739554
chr2_pat	12100000	12200000	0.00746739
chr2_pat	12200000	12300000	0.00786708
chr2_pat	12300000	12400000	0.00701933
chr2_pat	12400000	12500000	0.00774726
chr2_pat	12500000	12600000	0.00792634
chr2_pat	12600000	12700000	0.00753821
chr2_pat	12700000	12800000	0.00752277
chr2_pat	12800000	12900000	0.00786935
chr2_pat	12900000	13000000	0.00779959
chr2_pat	13000000	13100000	0.00810628
chr2_pat	13100000	13200000	0.00837269
chr2_pat	13200000	13300000	0.00797998
chr2_pat	13300000	13400000	0.0081473
chr2_pat	13400000	13500000	0.00782044
chr2_pat	13500000	13600000	0.00569836
chr2_pat	13600000	13700000	0.00668091
chr2_pat	13700000	13800000	0.00820952
chr2_pat	13800000	13900000	0.00866639
chr2_pat	13900000	14000000	0.00764074
chr2_pat	14000000	14100000	0.00849088
chr2_pat	14100000	14200000	0.00842335
chr2_pat	14200000	14300000	0.00838356
chr2_pat	14300000	14400000	0.00780123
chr2_pat	14400000	14500000	0.0073118
chr2_pat	14500000	14600000	0.00787767
chr2_pat	14600000	14700000	0.00639969
chr2_pat	14700000	14800000	0.00535979
chr2_pat	14800000	14900000	0.00758293
chr2_pat	14900000	15000000	0.00925347
chr2_pat	15000000	15100000	0.0075843
chr2_pat	15100000	15200000	0.00840793
chr2_pat	15200000	15300000	0.00808929
chr2_pat	15300000	15400000	0.00801308
chr2_pat	15400000	15500000	0.00846031
chr2_pat	15500000	15600000	0.00898172
chr2_pat	15600000	15700000	0.00775621
chr2_pat	15700000	15800000	0.00864239
chr2_pat	15800000	15900000	0.00992006
chr2_pat	15900000	16000000	0.00875773
chr2_pat	16000000	16100000	0.0055086
chr2_pat	16100000	16200000	0.00729105
chr2_pat	16200000	16300000	0.00828522
chr2_pat	16300000	16400000	0.00891198
chr2_pat	16400000	16500000	0.00825727
chr2_pat	16500000	16600000	0.00779849
chr2_pat	16600000	16700000	0.00633143
chr2_pat	16700000	16800000	0.00703506
chr2_pat	16800000	16900000	0.00726052
chr2_pat	16900000	17000000	0.00801083
chr2_pat	17000000	17100000	0.00914359
chr2_pat	17100000	17200000	0.00882002
chr2_pat	17200000	17300000	0.00864275
chr2_pat	17300000	17400000	0.00849773
chr2_pat	17400000	17500000	0.00720759
chr2_pat	17500000	17600000	0.00723396
chr2_pat	17600000	17700000	0.00742544
chr2_pat	17700000	17800000	0.00914554
chr2_pat	17800000	17900000	0.00825791
chr2_pat	17900000	18000000	0.0086593
chr2_pat	18000000	18100000	0.00921727
chr2_pat	18100000	18200000	0.00659451
chr2_pat	18200000	18300000	0.00829691
chr2_pat	18300000	18400000	0.00726965
chr2_pat	18400000	18500000	0.0078368
chr2_pat	18500000	18600000	0.00859133
chr2_pat	18600000	18700000	0.00825361
chr2_pat	18700000	18800000	0.00728365
chr2_pat	18800000	18900000	0.00571103
chr2_pat	18900000	19000000	0.00704042
chr2_pat	19000000	19100000	0.00868935
chr2_pat	19100000	19200000	0.00859226
chr2_pat	19200000	19300000	0.00856968
chr2_pat	19300000	19400000	0.00836775
chr2_pat	19400000	19500000	0.00829873
chr2_pat	19500000	19600000	0.00791694
chr2_pat	19600000	19700000	0.00775506
chr2_pat	19700000	19800000	0.00792183
chr2_pat	19800000	19900000	0.00820862
chr2_pat	19900000	20000000	0.00771174
chr2_pat	20000000	20100000	0.0064083
chr2_pat	20100000	20200000	0.00792416
chr2_pat	20200000	20300000	0.00840326
chr2_pat	20300000	20400000	0.00845916
chr2_pat	20400000	20500000	0.00857223
chr2_pat	20500000	20600000	0.00838987
chr2_pat	20600000	20700000	0.00635816
chr2_pat	20700000	20800000	0.00607916
chr2_pat	20800000	20900000	0.0064443
chr2_pat	20900000	21000000	0.00685884
chr2_pat	21000000	21100000	0.00728694
chr2_pat	21100000	21200000	0.00693869
chr2_pat	21200000	21300000	0.00567035
chr2_pat	21300000	21400000	0.00681354
chr2_pat	21400000	21500000	0.00842692
chr2_pat	21500000	21600000	0.00887613
chr2_pat	21600000	21700000	0.0073946
chr2_pat	21700000	21800000	0.00814119
chr2_pat	21800000	21900000	0.00799325
chr2_pat	21900000	22000000	0.00714085
chr2_pat	22000000	22100000	0.00901622
chr2_pat	22100000	22200000	0.00810483
chr2_pat	22200000	22300000	0.00824112
chr2_pat	22300000	22400000	0.00859859
chr2_pat	22400000	22500000	0.00856417
chr2_pat	22500000	22600000	0.00860364
chr2_pat	22600000	22700000	0.00863849
chr2_pat	22700000	22800000	0.00646814
chr2_pat	22800000	22900000	0.00815424
chr2_pat	22900000	23000000	0.00870846
chr2_pat	23000000	23100000	0.00837012
chr2_pat	23100000	23200000	0.00852322
chr2_pat	23200000	23300000	0.00863633
chr2_pat	23300000	23400000	0.00903444
chr2_pat	23400000	23500000	0.0068974
chr2_pat	23500000	23600000	0.00641714
chr2_pat	23600000	23700000	0.00628822
chr2_pat	23700000	23800000	0.00594152
chr2_pat	23800000	23900000	0.00702994
chr2_pat	23900000	24000000	0.00714416
chr2_pat	24000000	24100000	0.00741047
chr2_pat	24100000	24200000	0.00905541
chr2_pat	24200000	24300000	0.00878487
chr2_pat	24300000	24400000	0.00883195
chr2_pat	24400000	24500000	0.00822032
chr2_pat	24500000	24600000	0.00851863
chr2_pat	24600000	24700000	0.00789136
chr2_pat	24700000	24800000	0.00857123
chr2_pat	24800000	24900000	0.00838692
chr2_pat	24900000	25000000	0.00688288
chr2_pat	25000000	25100000	0.00833309
chr2_pat	25100000	25200000	0.00899727
chr2_pat	25200000	25300000	0.00829533
chr2_pat	25300000	25400000	0.00851253
chr2_pat	25400000	25500000	0.00849051
chr2_pat	25500000	25600000	0.00942272
chr2_pat	25600000	25700000	0.00819126
chr2_pat	25700000	25800000	0.0071704
chr2_pat	25800000	25900000	0.00642395
chr2_pat	25900000	26000000	0.00662763
chr2_pat	26000000	26100000	0.00715502
chr2_pat	26100000	26200000	0.00904668
chr2_pat	26200000	26300000	0.00799314
chr2_pat	26300000	26400000	0.00827576
chr2_pat	26400000	26500000	0.00856534
chr2_pat	26500000	26600000	0.008018
chr2_pat	26600000	26700000	0.00824125
chr2_pat	26700000	26800000	0.00846188
chr2_pat	26800000	26900000	0.00849061
chr2_pat	26900000	27000000	0.00825315
chr2_pat	27000000	27100000	0.00803956
chr2_pat	27100000	27200000	0.0071151
chr2_pat	27200000	27300000	0.00773009
chr2_pat	27300000	27400000	0.00837163
chr2_pat	27400000	27500000	0.00855839
chr2_pat	27500000	27600000	0.00881177
chr2_pat	27600000	27700000	0.00691332
chr2_pat	27700000	27800000	0.0088138
chr2_pat	27800000	27900000	0.00788077
chr2_pat	27900000	28000000	0.00574591
chr2_pat	28000000	28100000	0.00784421
chr2_pat	28100000	28200000	0.00859619
chr2_pat	28200000	28300000	0.00880249
chr2_pat	28300000	28400000	0.00840784
chr2_pat	28400000	28500000	0.00847343
chr2_pat	28500000	28600000	0.00804252
chr2_pat	28600000	28700000	0.00806343
chr2_pat	28700000	28800000	0.00812916
chr2_pat	28800000	28900000	0.0083046
chr2_pat	28900000	29000000	0.00817302
chr2_pat	29000000	29100000	0.00802453
chr2_pat	29100000	29200000	0.00801162
chr2_pat	29200000	29300000	0.00811821
chr2_pat	29300000	29400000	0.00824569
chr2_pat	29400000	29500000	0.00821447
chr2_pat	29500000	29600000	0.00649393
chr2_pat	29600000	29700000	0.00697764
chr2_pat	29700000	29800000	0.00836772
chr2_pat	29800000	29900000	0.00862974
chr2_pat	29900000	30000000	0.00817536
chr2_pat	30000000	30100000	0.00728636
chr2_pat	30100000	30200000	0.00653004
chr2_pat	30200000	30300000	0.00844432
chr2_pat	30300000	30400000	0.00875011
chr2_pat	30400000	30500000	0.00889751
chr2_pat	30500000	30600000	0.00837013
chr2_pat	30600000	30700000	0.00886629
chr2_pat	30700000	30800000	0.00819567
chr2_pat	30800000	30900000	0.00880391
chr2_pat	30900000	31000000	0.00845588
chr2_pat	31000000	31100000	0.00845174
chr2_pat	31100000	31200000	0.00867106
chr2_pat	31200000	31300000	0.00894729
chr2_pat	31300000	31400000	0.00868344
chr2_pat	31400000	31500000	0.00858225
chr2_pat	31500000	31600000	0.00751562
chr2_pat	31600000	31700000	0.00912608
chr2_pat	31700000	31800000	0.00913131
chr2_pat	31800000	31900000	0.00920974
chr2_pat	31900000	32000000	0.00911665
chr2_pat	32000000	32100000	0.00629719
chr2_pat	32100000	32200000	0.00656124
chr2_pat	32200000	32300000	0.00958484
chr2_pat	32300000	32400000	0.00624226
chr2_pat	32400000	32500000	0.00919217
chr2_pat	32500000	32600000	0.00831127
chr2_pat	32600000	32700000	0.00864182
chr2_pat	32700000	32800000	0.00893994
chr2_pat	32800000	32900000	0.0084719
chr2_pat	32900000	33000000	0.00919125
chr2_pat	33000000	33100000	0.0093939
chr2_pat	33100000	33200000	0.00861142
chr2_pat	33200000	33300000	0.00761044
chr2_pat	33300000	33400000	0.00610704
chr2_pat	33400000	33500000	0.00910265
chr2_pat	33500000	33600000	0.00934331
chr2_pat	33600000	33700000	0.00906466
chr2_pat	33700000	33800000	0.00989031
chr2_pat	33800000	33900000	0.00850536
chr2_pat	33900000	34000000	0.00884436
chr2_pat	34000000	34100000	0.00799715
chr2_pat	34100000	34200000	0.00605056
chr2_pat	34200000	34300000	0.00945894
chr2_pat	34300000	34400000	0.00796499
chr2_pat	34400000	34500000	0.00953729
chr2_pat	34500000	34600000	0.00862765
chr2_pat	34600000	34700000	0.0095957
chr2_pat	34700000	34800000	0.00983208
chr2_pat	34800000	34900000	0.00929677
chr2_pat	34900000	35000000	0.00870013
chr2_pat	35000000	35100000	0.00914297
chr2_pat	35100000	35200000	0.00758564
chr2_pat	35200000	35300000	0.00792051
chr2_pat	35300000	35400000	0.00722075
chr2_pat	35400000	35500000	0.00883471
chr2_pat	35500000	35600000	0.00767789
chr2_pat	35600000	35700000	0.00907639
chr2_pat	35700000	35800000	0.00896646
chr2_pat	35800000	35900000	0.00842588
chr2_pat	35900000	36000000	0.00876215
chr2_pat	36000000	36100000	0.00871155
chr2_pat	36100000	36200000	0.00775931
chr2_pat	36200000	36300000	0.00733707
chr2_pat	36300000	36400000	0.00941354
chr2_pat	36400000	36500000	0.00850705
chr2_pat	36500000	36600000	0.00825113
chr2_pat	36600000	36700000	0.00831082
chr2_pat	36700000	36800000	0.00924283
chr2_pat	36800000	36900000	0.00897256
chr2_pat	36900000	37000000	0.00890909
chr2_pat	37000000	37100000	0.00637159
chr2_pat	37100000	37200000	0.00672675
chr2_pat	37200000	37300000	0.00758124
chr2_pat	37300000	37400000	0.00882624
chr2_pat	37400000	37500000	0.00871313
chr2_pat	37500000	37600000	0.00900225
chr2_pat	37600000	37700000	0.00909955
chr2_pat	37700000	37800000	0.00898718
chr2_pat	37800000	37900000	0.00969205
chr2_pat	37900000	38000000	0.00899007
chr2_pat	38000000	38100000	0.00905816
chr2_pat	38100000	38200000	0.00953832
chr2_pat	38200000	38300000	0.00889964
chr2_pat	38300000	38400000	0.00921467
chr2_pat	38400000	38500000	0.00682002
chr2_pat	38500000	38600000	0.00923527
chr2_pat	38600000	38700000	0.00920073
chr2_pat	38700000	38800000	0.00943479
chr2_pat	38800000	38900000	0.00932902
chr2_pat	38900000	39000000	0.00996026
chr2_pat	39000000	39100000	0.00963838
chr2_pat	39100000	39200000	0.00585519
chr2_pat	39200000	39300000	0.00767595
chr2_pat	39300000	39400000	0.00940054
chr2_pat	39400000	39500000	0.00954833
chr2_pat	39500000	39600000	0.00887273
chr2_pat	39600000	39700000	0.00879898
chr2_pat	39700000	39800000	0.0087177
chr2_pat	39800000	39900000	0.00934082
chr2_pat	39900000	40000000	0.00918552
chr2_pat	40000000	40100000	0.00757023
chr2_pat	40100000	40200000	0.00610486
chr2_pat	40200000	40300000	0.00899111
chr2_pat	40300000	40400000	0.00922271
chr2_pat	40400000	40500000	0.00944174
chr2_pat	40500000	40600000	0.00948492
chr2_pat	40600000	40700000	0.00936248
chr2_pat	40700000	40800000	0.0093393
chr2_pat	40800000	40900000	0.00944757
chr2_pat	40900000	41000000	0.00924324
chr2_pat	41000000	41100000	0.00902445
chr2_pat	41100000	41200000	0.00896737
chr2_pat	41200000	41300000	0.00920613
chr2_pat	41300000	41400000	0.00888884
chr2_pat	41400000	41500000	0.00776746
chr2_pat	41500000	41600000	0.00885341
chr2_pat	41600000	41700000	0.00747382
chr2_pat	41700000	41800000	0.00696347
chr2_pat	41800000	41900000	0.0083896
chr2_pat	41900000	42000000	0.0100097
chr2_pat	42000000	42100000	0.0100197
chr2_pat	42100000	42200000	0.00743463
chr2_pat	42200000	42300000	0.00890169
chr2_pat	42300000	42400000	0.00749914
chr2_pat	42400000	42500000	0.00986903
chr2_pat	42500000	42600000	0.0072782
chr2_pat	42600000	42700000	0.00859746
chr2_pat	42700000	42800000	0.00738947
chr2_pat	42800000	42900000	0.00540372
chr2_pat	42900000	43000000	0.00836601
chr2_pat	43000000	43100000	0.00688155
chr2_pat	43100000	43200000	0.00914612
chr2_pat	43200000	43300000	0.00894096
chr2_pat	43300000	43400000	0.00965314
chr2_pat	43400000	43500000	0.00988701
chr2_pat	43500000	43600000	0.00844845
chr2_pat	43600000	43700000	0.00642366
chr2_pat	43700000	43800000	0.00680618
chr2_pat	43800000	43900000	0.00978937
chr2_pat	43900000	44000000	0.00942304
chr2_pat	44000000	44100000	0.00697327
chr2_pat	44100000	44200000	0.00656863
chr2_pat	44200000	44300000	0.00747004
chr2_pat	44300000	44400000	0.00833102
chr2_pat	44400000	44500000	0.0104892
chr2_pat	44500000	44600000	0.00974085
chr2_pat	44600000	44700000	0.00676518
chr2_pat	44700000	44800000	0.00967094
chr2_pat	44800000	44900000	0.00788065
chr2_pat	44900000	45000000	0.00898666
chr2_pat	45000000	45100000	0.00941369
chr2_pat	45100000	45200000	0.0082124
chr2_pat	45200000	45300000	0.00973599
chr2_pat	45300000	45400000	0.00973293
chr2_pat	45400000	45500000	0.00721107
chr2_pat	45500000	45600000	0.00789494
chr2_pat	45600000	45700000	0.0102047
chr2_pat	45700000	45800000	0.00839031
chr2_pat	45800000	45900000	0.00697713
chr2_pat	45900000	46000000	0.00651124
chr2_pat	46000000	46100000	0.00642573
chr2_pat	46100000	46200000	0.00895031
chr2_pat	46200000	46300000	0.00972146
chr2_pat	46300000	46400000	0.00958897
chr2_pat	46400000	46500000	0.0100652
chr2_pat	46500000	46600000	0.0102267
chr2_pat	46600000	46700000	0.00924299
chr2_pat	46700000	46800000	0.00939305
chr2_pat	46800000	46900000	0.0104452
chr2_pat	46900000	47000000	0.00810386
chr2_pat	47000000	47100000	0.00665184
chr2_pat	47100000	47200000	0.00973022
chr2_pat	47200000	47300000	0.00784367
chr2_pat	47300000	47400000	0.0104457
chr2_pat	47400000	47500000	0.010229
chr2_pat	47500000	47600000	0.00929716
chr2_pat	47600000	47700000	0.00962512
chr2_pat	47700000	47800000	0.00999045
chr2_pat	47800000	47900000	0.0099594
chr2_pat	47900000	48000000	0.00763474
chr2_pat	48000000	48100000	0.00822207
chr2_pat	48100000	48200000	0.00973466
chr2_pat	48200000	48300000	0.00929471
chr2_pat	48300000	48400000	0.00944417
chr2_pat	48400000	48500000	0.0104227
chr2_pat	48500000	48600000	0.00958003
chr2_pat	48600000	48700000	0.00956936
chr2_pat	48700000	48800000	0.00959074
chr2_pat	48800000	48900000	0.00923037
chr2_pat	48900000	49000000	0.00990134
chr2_pat	49000000	49100000	0.00923457
chr2_pat	49100000	49200000	0.00638421
chr2_pat	49200000	49300000	0.00699251
chr2_pat	49300000	49400000	0.006185
chr2_pat	49400000	49500000	0.00968062
chr2_pat	49500000	49600000	0.00763444
chr2_pat	49600000	49700000	0.00611885
chr2_pat	49700000	49800000	0.00954915
chr2_pat	49800000	49900000	0.00969979
chr2_pat	49900000	50000000	0.0088471
chr2_pat	50000000	50100000	0.00945481
chr2_pat	50100000	50200000	0.00944423
chr2_pat	50200000	50300000	0.0089752
chr2_pat	50300000	50400000	0.00890017
chr2_pat	50400000	50500000	0.00880095
chr2_pat	50500000	50600000	0.00898023
chr2_pat	50600000	50700000	0.0087359
chr2_pat	50700000	50800000	0.00903202
chr2_pat	50800000	50900000	0.00965572
chr2_pat	50900000	51000000	0.00855214
chr2_pat	51000000	51100000	0.0094154
chr2_pat	51100000	51200000	0.00919372
chr2_pat	51200000	51300000	0.0100681
chr2_pat	51300000	51400000	0.00980489
chr2_pat	51400000	51500000	0.0101782
chr2_pat	51500000	51600000	0.00996479
chr2_pat	51600000	51700000	0.0112808
chr2_pat	51700000	51800000	0.0113513
chr2_pat	51800000	51900000	0.00880799
chr2_pat	51900000	52000000	0.00715132
chr2_pat	52000000	52100000	0.00942296
chr2_pat	52100000	52200000	0.0085374
chr2_pat	52200000	52300000	0.010672
chr2_pat	52300000	52400000	0.0101326
chr2_pat	52400000	52500000	0.00764756
chr2_pat	52500000	52600000	0.00953599
chr2_pat	52600000	52700000	0.00998264
chr2_pat	52700000	52800000	0.0104423
chr2_pat	52800000	52900000	0.0103819
chr2_pat	52900000	53000000	0.00973011
chr2_pat	53000000	53100000	0.00945261
chr2_pat	53100000	53200000	0.00974799
chr2_pat	53200000	53300000	0.00956123
chr2_pat	53300000	53400000	0.00949326
chr2_pat	53400000	53500000	0.00978328
chr2_pat	53500000	53600000	0.00924502
chr2_pat	53600000	53700000	0.00677522
chr2_pat	53700000	53800000	
chr2_pat	53800000	53900000	0.00750161
chr2_pat	53900000	54000000	0.0093709
chr2_pat	54000000	54100000	0.00942496
chr2_pat	54100000	54200000	0.010137
chr2_pat	54200000	54300000	0.0128231
chr2_pat	54300000	54400000	0.00632954
chr2_pat	54400000	54500000	0.00861106
chr2_pat	54500000	54600000	0.00965576
chr2_pat	54600000	54700000	0.00742762
chr2_pat	54700000	54800000	0.00749023
chr2_pat	54800000	54900000	0.0100737
chr2_pat	54900000	55000000	0.0101499
chr2_pat	55000000	55100000	0.00970803
chr2_pat	55100000	55200000	0.00996435
chr2_pat	55200000	55300000	0.00967539
chr2_pat	55300000	55400000	0.00926606
chr2_pat	55400000	55500000	0.00887474
chr2_pat	55500000	55600000	0.00840723
chr2_pat	55600000	55700000	0.00919481
chr2_pat	55700000	55800000	0.00896106
chr2_pat	55800000	55900000	0.00901333
chr2_pat	55900000	56000000	0.0088773
chr2_pat	56000000	56100000	0.0088312
chr2_pat	56100000	56200000	0.00863634
chr2_pat	56200000	56300000	0.0113567
chr2_pat	56300000	56400000	0.00886598
chr2_pat	56400000	56500000	0.0086062
chr2_pat	56500000	56600000	0.00929536
chr2_pat	56600000	56700000	0.00890129
chr2_pat	56700000	56800000	0.00877139
chr2_pat	56800000	56900000	0.00887576
chr2_pat	56900000	57000000	0.00854547
chr2_pat	57000000	57100000	0.00879407
chr2_pat	57100000	57200000	0.00859051
chr2_pat	57200000	57300000	0.00971961
chr2_pat	57300000	57400000	0.00924671
chr2_pat	57400000	57500000	0.00840669
chr2_pat	57500000	57600000	0.00883182
chr2_pat	57600000	57700000	0.00869546
chr2_pat	57700000	57800000	0.00831213
chr2_pat	57800000	57900000	0.00850584
chr2_pat	57900000	58000000	0.00923994
chr2_pat	58000000	58100000	0.00884529
chr2_pat	58100000	58200000	0.00853377
chr2_pat	58200000	58300000	0.00837367
chr2_pat	58300000	58400000	0.00863553
chr2_pat	58400000	58500000	0.00925129
chr2_pat	58500000	58600000	0.00903335
chr2_pat	58600000	58700000	0.00895441
chr2_pat	58700000	58800000	0.0091785
chr2_pat	58800000	58900000	0.00875299
chr2_pat	58900000	59000000	0.00896542
chr2_pat	59000000	59100000	0.00846784
chr2_pat	59100000	59200000	0.0094664
chr2_pat	59200000	59300000	0.00934193
chr2_pat	59300000	59400000	0.00981295
chr2_pat	59400000	59500000	0.00756834
chr2_pat	59500000	59600000	0.0104417
chr2_pat	59600000	59700000	0.0101862
chr2_pat	59700000	59800000	0.00974519
chr2_pat	59800000	59900000	0.010968
chr2_pat	59900000	60000000	0.0104181
chr2_pat	60000000	60100000	0.0103746
chr2_pat	60100000	60200000	0.00880994
chr2_pat	60200000	60300000	0.00604406
chr2_pat	60300000	60400000	0.006797
chr2_pat	60400000	60500000	0.00714731
chr2_pat	60500000	60600000	0.00857362
chr2_pat	60600000	60700000	0.00898732
chr2_pat	60700000	60800000	0.00961802
chr2_pat	60800000	60900000	0.00664287
chr2_pat	60900000	61000000	0.0094041
chr2_pat	61000000	61100000	0.00793807
chr2_pat	61100000	61200000	0.00990035
chr2_pat	61200000	61300000	0.00964807
chr2_pat	61300000	61400000	0.00966793
chr2_pat	61400000	61500000	0.0100182
chr2_pat	61500000	61600000	0.0102146
chr2_pat	61600000	61700000	0.0108368
chr2_pat	61700000	61800000	0.00984776
chr2_pat	61800000	61900000	0.00993084
chr2_pat	61900000	62000000	0.0104635
chr2_pat	62000000	62100000	0.00879014
chr2_pat	62100000	62200000	0.00890863
chr2_pat	62200000	62300000	0.00553006
chr2_pat	62300000	62400000	0.00813876
chr2_pat	62400000	62500000	0.00907982
chr2_pat	62500000	62600000	0.00984619
chr2_pat	62600000	62700000	0.00941639
chr2_pat	62700000	62800000	0.0072738
chr2_pat	62800000	62900000	0.010208
chr2_pat	62900000	63000000	0.00897706
chr2_pat	63000000	63100000	0.00608122
chr2_pat	63100000	63200000	0.00693866
chr2_pat	63200000	63300000	0.00697489
chr2_pat	63300000	63400000	0.00847888
chr2_pat	63400000	63500000	0.0094105
chr2_pat	63500000	63600000	0.010673
chr2_pat	63600000	63700000	0.00944473
chr2_pat	63700000	63800000	0.00821503
chr2_pat	63800000	63900000	0.00666894
chr2_pat	63900000	64000000	0.00722284
chr2_pat	64000000	64100000	0.00708881
chr2_pat	64100000	64200000	0.0108968
chr2_pat	64200000	64300000	0.0108527
chr2_pat	64300000	64400000	0.00686484
chr2_pat	64400000	64500000	0.00942561
chr2_pat	64500000	64600000	0.00937682
chr2_pat	64600000	64700000	0.00992081
chr2_pat	64700000	64800000	0.00972282
chr2_pat	64800000	64900000	0.00968268
chr2_pat	64900000	65000000	0.00969201
chr2_pat	65000000	65100000	0.00965072
chr2_pat	65100000	65200000	0.00972121
chr2_pat	65200000	65300000	0.0105969
chr2_pat	65300000	65400000	0.0107494
chr2_pat	65400000	65500000	0.0099364
chr2_pat	65500000	65600000	0.0101891
chr2_pat	65600000	65700000	0.0100361
chr2_pat	65700000	65800000	0.0101785
chr2_pat	65800000	65900000	0.00848387
chr2_pat	65900000	66000000	0.00682201
chr2_pat	66000000	66100000	0.00913434
chr2_pat	66100000	66200000	0.0110452
chr2_pat	66200000	66300000	0.0115345
chr2_pat	66300000	66400000	0.0108082
chr2_pat	66400000	66500000	0.0092278
chr2_pat	66500000	66600000	0.00649797
chr2_pat	66600000	66700000	0.00540117
chr2_pat	66700000	66800000	0.00788672
chr2_pat	66800000	66900000	0.0074451
chr2_pat	66900000	67000000	0.00936778
chr2_pat	67000000	67100000	0.00822749
chr2_pat	67100000	67200000	0.00920556
chr2_pat	67200000	67300000	0.00833129
chr2_pat	67300000	67400000	0.0100479
chr2_pat	67400000	67500000	0.00801799
chr2_pat	67500000	67600000	0.0072171
chr2_pat	67600000	67700000	0.00635233
chr2_pat	67700000	67800000	0.0074526
chr2_pat	67800000	67900000	0.00925796
chr2_pat	67900000	68000000	0.0097974
chr2_pat	68000000	68100000	0.00979552
chr2_pat	68100000	68200000	0.00868391
chr2_pat	68200000	68300000	0.00603111
chr2_pat	68300000	68400000	0.00752413
chr2_pat	68400000	68500000	0.00685654
chr2_pat	68500000	68600000	0.0100828
chr2_pat	68600000	68700000	0.0106226
chr2_pat	68700000	68800000	0.0110704
chr2_pat	68800000	68900000	0.00957136
chr2_pat	68900000	69000000	0.0103317
chr2_pat	69000000	69100000	0.0109049
chr2_pat	69100000	69200000	0.00982725
chr2_pat	69200000	69300000	0.00604626
chr2_pat	69300000	69400000	0.00750286
chr2_pat	69400000	69500000	0.0082245
chr2_pat	69500000	69600000	0.0087031
chr2_pat	69600000	69700000	0.00899953
chr2_pat	69700000	69800000	0.00991967
chr2_pat	69800000	69900000	0.00986118
chr2_pat	69900000	70000000	0.0096515
chr2_pat	70000000	70100000	0.00973573
chr2_pat	70100000	70200000	0.00895929
chr2_pat	70200000	70300000	0.00881282
chr2_pat	70300000	70400000	0.00910621
chr2_pat	70400000	70500000	0.00911025
chr2_pat	70500000	70600000	0.00930988
chr2_pat	70600000	70700000	0.00924945
chr2_pat	70700000	70800000	0.00872417
chr2_pat	70800000	70900000	0.00910498
chr2_pat	70900000	71000000	0.00963922
chr2_pat	71000000	71100000	0.00906053
chr2_pat	71100000	71200000	0.00964086
chr2_pat	71200000	71300000	0.00921913
chr2_pat	71300000	71400000	0.00975605
chr2_pat	71400000	71500000	0.00985085
chr2_pat	71500000	71600000	0.00952859
chr2_pat	71600000	71700000	0.00847806
chr2_pat	71700000	71800000	0.00867247
chr2_pat	71800000	71900000	0.00698102
chr2_pat	71900000	72000000	0.00810233
chr2_pat	72000000	72100000	0.00752614
chr2_pat	72100000	72200000	0.00859465
chr2_pat	72200000	72300000	0.00923142
chr2_pat	72300000	72400000	0.00632082
chr2_pat	72400000	72500000	0.00804509
chr2_pat	72500000	72600000	0.00808558
chr2_pat	72600000	72700000	0.00744713
chr2_pat	72700000	72800000	0.00830169
chr2_pat	72800000	72900000	0.00883254
chr2_pat	72900000	73000000	0.00967741
chr2_pat	73000000	73100000	0.00903683
chr2_pat	73100000	73200000	0.00930448
chr2_pat	73200000	73300000	0.00857493
chr2_pat	73300000	73400000	0.00639924
chr2_pat	73400000	73500000	0.00690395
chr2_pat	73500000	73600000	0.00896948
chr2_pat	73600000	73700000	0.00875317
chr2_pat	73700000	73800000	0.00957523
chr2_pat	73800000	73900000	0.00947781
chr2_pat	73900000	74000000	0.0089557
chr2_pat	74000000	74100000	0.0089203
chr2_pat	74100000	74200000	0.00984059
chr2_pat	74200000	74300000	0.00961687
chr2_pat	74300000	74400000	0.00932738
chr2_pat	74400000	74500000	0.00910729
chr2_pat	74500000	74600000	0.00932255
chr2_pat	74600000	74700000	0.00889198
chr2_pat	74700000	74800000	0.00966632
chr2_pat	74800000	74900000	0.0103831
chr2_pat	74900000	75000000	0.0094657
chr2_pat	75000000	75100000	0.00902154
chr2_pat	75100000	75200000	0.00924315
chr2_pat	75200000	75300000	0.00943088
chr2_pat	75300000	75400000	0.00932008
chr2_pat	75400000	75500000	0.0093105
chr2_pat	75500000	75600000	0.00930831
chr2_pat	75600000	75700000	0.00901914
chr2_pat	75700000	75800000	0.00888756
chr2_pat	75800000	75900000	0.00873503
chr2_pat	75900000	76000000	0.00959648
chr2_pat	76000000	76100000	0.00776816
chr2_pat	76100000	76200000	0.00858264
chr2_pat	76200000	76300000	0.00912807
chr2_pat	76300000	76400000	0.00938056
chr2_pat	76400000	76500000	0.00987582
chr2_pat	76500000	76600000	0.0102441
chr2_pat	76600000	76700000	0.00986133
chr2_pat	76700000	76800000	0.0106176
chr2_pat	76800000	76900000	0.00789275
chr2_pat	76900000	77000000	0.00893141
chr2_pat	77000000	77100000	0.00874881
chr2_pat	77100000	77200000	0.00750966
chr2_pat	77200000	77300000	0.00616227
chr2_pat	77300000	77400000	0.00698338
chr2_pat	77400000	77500000	0.0105411
chr2_pat	77500000	77600000	0.00704393
chr2_pat	77600000	77700000	0.00807226
chr2_pat	77700000	77800000	0.00950245
chr2_pat	77800000	77900000	0.00992388
chr2_pat	77900000	78000000	0.0100945
chr2_pat	78000000	78100000	
chr2_pat	78100000	78200000	
chr2_pat	78200000	78300000	
chr2_pat	78300000	78400000	
chr2_pat	78400000	78500000	
chr2_pat	78500000	78600000	
chr2_pat	78600000	78700000	
chr2_pat	78700000	78800000	0.00943993
chr2_pat	78800000	78900000	0.00957358
chr2_pat	78900000	79000000	0.00976047
chr2_pat	79000000	79100000	0.00950621
chr2_pat	79100000	79200000	0.00928563
chr2_pat	79200000	79300000	0.009643
chr2_pat	79300000	79400000	0.00897476
chr2_pat	79400000	79500000	0.00935008
chr2_pat	79500000	79600000	0.00994781
chr2_pat	79600000	79700000	0.0101135
chr2_pat	79700000	79800000	0.0094926
chr2_pat	79800000	79900000	0.0100444
chr2_pat	79900000	80000000	0.010221
chr2_pat	80000000	80100000	0.00997314
chr2_pat	80100000	80200000	0.00995354
chr2_pat	80200000	80300000	0.00866603
chr2_pat	80300000	80400000	0.00588673
chr2_pat	80400000	80500000	0.00777753
chr2_pat	80500000	80600000	0.0109623
chr2_pat	80600000	80700000	0.01019
chr2_pat	80700000	80800000	0.00988319
chr2_pat	80800000	80900000	0.00938208
chr2_pat	80900000	81000000	0.00939158
chr2_pat	81000000	81100000	0.00960733
chr2_pat	81100000	81200000	0.00912508
chr2_pat	81200000	81300000	0.00836122
chr2_pat	81300000	81400000	0.00883193
chr2_pat	81400000	81500000	0.00942503
chr2_pat	81500000	81600000	0.00970461
chr2_pat	81600000	81700000	0.00920793
chr2_pat	81700000	81800000	0.00712859
chr2_pat	81800000	81900000	0.00671514
chr2_pat	81900000	82000000	0.00807326
chr2_pat	82000000	82100000	0.00890748
chr2_pat	82100000	82200000	0.0092867
chr2_pat	82200000	82300000	0.00936551
chr2_pat	82300000	82400000	0.00972284
chr2_pat	82400000	82500000	0.0101215
chr2_pat	82500000	82600000	0.00942733
chr2_pat	82600000	82700000	0.00974126
chr2_pat	82700000	82800000	0.00641658
chr2_pat	82800000	82900000	0.00652862
chr2_pat	82900000	83000000	0.00897618
chr2_pat	83000000	83100000	0.010284
chr2_pat	83100000	83200000	0.0103804
chr2_pat	83200000	83300000	0.00908644
chr2_pat	83300000	83400000	0.0096832
chr2_pat	83400000	83500000	0.0106006
chr2_pat	83500000	83600000	0.00927148
chr2_pat	83600000	83700000	0.00924189
chr2_pat	83700000	83800000	0.0082883
chr2_pat	83800000	83900000	0.0093148
chr2_pat	83900000	84000000	0.00875143
chr2_pat	84000000	84100000	0.00891443
chr2_pat	84100000	84200000	0.00839653
chr2_pat	84200000	84300000	0.00977437
chr2_pat	84300000	84400000	0.00917708
chr2_pat	84400000	84500000	0.0085883
chr2_pat	84500000	84600000	0.00886306
chr2_pat	84600000	84700000	0.00845784
chr2_pat	84700000	84800000	0.00869491
chr2_pat	84800000	84900000	0.00848906
chr2_pat	84900000	85000000	0.00907718
chr2_pat	85000000	85100000	0.00938726
chr2_pat	85100000	85200000	0.00905884
chr2_pat	85200000	85300000	0.00882654
chr2_pat	85300000	85400000	0.0094675
chr2_pat	85400000	85500000	0.00986956
chr2_pat	85500000	85600000	0.00953943
chr2_pat	85600000	85700000	0.00983623
chr2_pat	85700000	85800000	0.00682986
chr2_pat	85800000	85900000	0.0105471
chr2_pat	85900000	86000000	0.0101968
chr2_pat	86000000	86100000	0.00857723
chr2_pat	86100000	86200000	0.00811595
chr2_pat	86200000	86300000	0.00945832
chr2_pat	86300000	86400000	0.0093604
chr2_pat	86400000	86500000	0.0088164
chr2_pat	86500000	86600000	0.00906607
chr2_pat	86600000	86700000	0.00998729
chr2_pat	86700000	86800000	0.0102134
chr2_pat	86800000	86900000	0.00998221
chr2_pat	86900000	87000000	0.00963811
chr2_pat	87000000	87100000	0.009705
chr2_pat	87100000	87200000	0.00947464
chr2_pat	87200000	87300000	0.00990466
chr2_pat	87300000	87400000	0.00949317
chr2_pat	87400000	87500000	0.00943317
chr2_pat	87500000	87600000	0.00980391
chr2_pat	87600000	87700000	0.00908301
chr2_pat	87700000	87800000	0.00966684
chr2_pat	87800000	87900000	0.00859134
chr2_pat	87900000	88000000	0.00620522
chr2_pat	88000000	88100000	0.00697505
chr2_pat	88100000	88200000	0.00785611
chr2_pat	88200000	88300000	0.00809183
chr2_pat	88300000	88400000	0.0095173
chr2_pat	88400000	88500000	0.00909261
chr2_pat	88500000	88600000	0.00957521
chr2_pat	88600000	88700000	0.00876012
chr2_pat	88700000	88800000	0.00892775
chr2_pat	88800000	88900000	0.00916036
chr2_pat	88900000	89000000	0.0087989
chr2_pat	89000000	89100000	0.00864633
chr2_pat	89100000	89200000	0.00899538
chr2_pat	89200000	89300000	0.00866511
chr2_pat	89300000	89400000	0.00901801
chr2_pat	89400000	89500000	0.00893267
chr2_pat	89500000	89600000	0.00871106
chr2_pat	89600000	89700000	0.00864531
chr2_pat	89700000	89800000	0.00905758
chr2_pat	89800000	89900000	0.0089682
chr2_pat	89900000	90000000	0.00882425
chr2_pat	90000000	90100000	0.00870291
chr2_pat	90100000	90200000	0.00874327
chr2_pat	90200000	90300000	0.0089575
chr2_pat	90300000	90400000	0.00901457
chr2_pat	90400000	90500000	0.00913631
chr2_pat	90500000	90600000	0.0096231
chr2_pat	90600000	90700000	0.00786986
chr2_pat	90700000	90800000	0.0075516
chr2_pat	90800000	90900000	0.00911894
chr2_pat	90900000	91000000	0.00971297
chr2_pat	91000000	91100000	0.00892444
chr2_pat	91100000	91200000	0.00606268
chr2_pat	91200000	91300000	0.00863939
chr2_pat	91300000	91400000	0.00584358
chr2_pat	91400000	91500000	0.00721774
chr2_pat	91500000	91600000	0.00743032
chr2_pat	91600000	91700000	0.00861433
chr2_pat	91700000	91800000	0.00928617
chr2_pat	91800000	91900000	0.00974219
chr2_pat	91900000	92000000	0.0075472
chr2_pat	92000000	92100000	0.00704373
chr2_pat	92100000	92200000	0.0092437
chr2_pat	92200000	92300000	0.00959946
chr2_pat	92300000	92400000	0.0102143
chr2_pat	92400000	92500000	0.0102991
chr2_pat	92500000	92600000	0.005922
chr2_pat	92600000	92700000	0.00976012
chr2_pat	92700000	92800000	0.00952591
chr2_pat	92800000	92900000	0.00929498
chr2_pat	92900000	93000000	0.0073519
chr2_pat	93000000	93100000	0.00975961
chr2_pat	93100000	93200000	0.00970919
chr2_pat	93200000	93300000	0.0102976
chr2_pat	93300000	93400000	0.00988675
chr2_pat	93400000	93500000	0.00923358
chr2_pat	93500000	93600000	0.00947085
chr2_pat	93600000	93700000	0.00949421
chr2_pat	93700000	93800000	0.00701956
chr2_pat	93800000	93900000	0.00916608
chr2_pat	93900000	94000000	0.00929194
chr2_pat	94000000	94100000	0.00789059
chr2_pat	94100000	94200000	0.00734269
chr2_pat	94200000	94300000	0.00601581
chr2_pat	94300000	94400000	0.00928054
chr2_pat	94400000	94500000	0.00921858
chr2_pat	94500000	94600000	0.00944805
chr2_pat	94600000	94700000	0.00867801
chr2_pat	94700000	94800000	0.0084283
chr2_pat	94800000	94900000	0.00814504
chr2_pat	94900000	95000000	0.00857322
chr2_pat	95000000	95100000	0.00888353
chr2_pat	95100000	95200000	0.00898184
chr2_pat	95200000	95300000	0.008065
chr2_pat	95300000	95400000	0.00877188
chr2_pat	95400000	95500000	0.00905135
chr2_pat	95500000	95600000	0.0090621
chr2_pat	95600000	95700000	0.00867562
chr2_pat	95700000	95800000	0.00888775
chr2_pat	95800000	95900000	0.00670816
chr2_pat	95900000	96000000	0.00774874
chr2_pat	96000000	96100000	0.0090393
chr2_pat	96100000	96200000	0.00991487
chr2_pat	96200000	96300000	0.00979563
chr2_pat	96300000	96400000	0.00904138
chr2_pat	96400000	96500000	0.00980528
chr2_pat	96500000	96600000	
chr2_pat	96600000	96700000	0.00936359
chr2_pat	96700000	96800000	0.00892514
chr2_pat	96800000	96900000	0.00922599
chr2_pat	96900000	97000000	0.00890219
chr2_pat	97000000	97100000	0.00946814
chr2_pat	97100000	97200000	0.00833507
chr2_pat	97200000	97300000	
chr2_pat	97300000	97400000	
chr2_pat	97400000	97500000	
chr2_pat	97500000	97600000	0.00867694
chr2_pat	97600000	97700000	0.00906584
chr2_pat	97700000	97800000	0.00880688
chr2_pat	97800000	97900000	0.00869522
chr2_pat	97900000	98000000	0.00856143
chr2_pat	98000000	98100000	0.00892593
chr2_pat	98100000	98200000	0.00848726
chr2_pat	98200000	98300000	0.00914902
chr2_pat	98300000	98400000	0.00893287
chr2_pat	98400000	98500000	0.00940196
chr2_pat	98500000	98600000	0.00939324
chr2_pat	98600000	98700000	0.0091351
chr2_pat	98700000	98800000	0.00946975
chr2_pat	98800000	98900000	0.00971441
chr2_pat	98900000	99000000	0.0103905
chr2_pat	99000000	99100000	0.00645123
chr2_pat	99100000	99200000	0.00780438
chr2_pat	99200000	99300000	0.0100574
chr2_pat	99300000	99400000	0.00986829
chr2_pat	99400000	99500000	0.00629957
chr2_pat	99500000	99600000	0.00667875
chr2_pat	99600000	99700000	0.00750402
chr2_pat	99700000	99800000	0.00616699
chr2_pat	99800000	99900000	0.00890201
chr2_pat	99900000	100000000	0.0093545
chr2_pat	100000000	100100000	0.00935457
chr2_pat	100100000	100200000	0.00975691
chr2_pat	100200000	100300000	0.0104633
chr2_pat	100300000	100400000	0.0105054
chr2_pat	100400000	100500000	0.00948375
chr2_pat	100500000	100600000	0.00773448
chr2_pat	100600000	100700000	0.00963849
chr2_pat	100700000	100800000	0.00881177
chr2_pat	100800000	100900000	0.0070191
chr2_pat	100900000	101000000	0.00718016
chr2_pat	101000000	101100000	0.00690823
chr2_pat	101100000	101200000	0.00618219
chr2_pat	101200000	101300000	0.00832243
chr2_pat	101300000	101400000	0.00710804
chr2_pat	101400000	101500000	0.00956036
chr2_pat	101500000	101600000	0.00963285
chr2_pat	101600000	101700000	0.00987484
chr2_pat	101700000	101800000	0.00960556
chr2_pat	101800000	101900000	0.00948961
chr2_pat	101900000	102000000	0.0103235
chr2_pat	102000000	102100000	0.0100293
chr2_pat	102100000	102200000	0.00904773
chr2_pat	102200000	102300000	0.00960752
chr2_pat	102300000	102400000	0.00960184
chr2_pat	102400000	102500000	0.0099986
chr2_pat	102500000	102600000	0.00976557
chr2_pat	102600000	102700000	0.0102544
chr2_pat	102700000	102800000	0.00920874
chr2_pat	102800000	102900000	0.00995291
chr2_pat	102900000	103000000	0.00948903
chr2_pat	103000000	103100000	0.00946791
chr2_pat	103100000	103200000	0.0101438
chr2_pat	103200000	103300000	0.00992928
chr2_pat	103300000	103400000	0.00662776
chr2_pat	103400000	103500000	0.00669894
chr2_pat	103500000	103600000	0.00699793
chr2_pat	103600000	103700000	0.006225
chr2_pat	103700000	103800000	0.00931196
chr2_pat	103800000	103900000	0.00928792
chr2_pat	103900000	104000000	0.00927966
chr2_pat	104000000	104100000	0.00946986
chr2_pat	104100000	104200000	0.00962502
chr2_pat	104200000	104300000	0.00985922
chr2_pat	104300000	104400000	0.0100977
chr2_pat	104400000	104500000	0.00958447
chr2_pat	104500000	104600000	0.00857832
chr2_pat	104600000	104700000	0.0059674
chr2_pat	104700000	104800000	0.00779312
chr2_pat	104800000	104900000	0.00850053
chr2_pat	104900000	105000000	0.0058665
chr2_pat	105000000	105100000	0.00900515
chr2_pat	105100000	105200000	0.0104751
chr2_pat	105200000	105300000	0.0100226
chr2_pat	105300000	105400000	0.00827063
chr2_pat	105400000	105500000	0.00758353
chr2_pat	105500000	105600000	0.00514242
chr2_pat	105600000	105700000	0.0100253
chr2_pat	105700000	105800000	0.00983222
chr2_pat	105800000	105900000	0.00523808
chr2_pat	105900000	106000000	0.00850882
chr2_pat	106000000	106100000	0.0104248
chr2_pat	106100000	106200000	0.0106457
chr2_pat	106200000	106300000	0.00974833
chr2_pat	106300000	106400000	0.0102478
chr2_pat	106400000	106500000	0.0106102
chr2_pat	106500000	106600000	0.00945011
chr2_pat	106600000	106700000	0.00798347
chr2_pat	106700000	106800000	0.0106376
chr2_pat	106800000	106900000	0.0102446
chr2_pat	106900000	107000000	0.0100501
chr2_pat	107000000	107100000	0.00992577
chr2_pat	107100000	107200000	0.00943256
chr2_pat	107200000	107300000	0.00999949
chr2_pat	107300000	107400000	0.00946357
chr2_pat	107400000	107500000	0.00938863
chr2_pat	107500000	107600000	0.00942898
chr2_pat	107600000	107700000	0.00867219
chr2_pat	107700000	107800000	0.00854183
chr2_pat	107800000	107900000	0.00863731
chr2_pat	107900000	108000000	0.00848645
chr2_pat	108000000	108100000	0.00886456
chr2_pat	108100000	108200000	0.00872079
chr2_pat	108200000	108300000	0.00933529
chr2_pat	108300000	108400000	0.00924867
chr2_pat	108400000	108500000	0.00924287
chr2_pat	108500000	108600000	0.0106256
chr2_pat	108600000	108700000	0.00711148
chr2_pat	108700000	108800000	0.00631623
chr2_pat	108800000	108900000	0.00723889
chr2_pat	108900000	109000000	0.0101542
chr2_pat	109000000	109100000	0.0102053
chr2_pat	109100000	109200000	0.0096032
chr2_pat	109200000	109300000	0.00895454
chr2_pat	109300000	109400000	0.00882958
chr2_pat	109400000	109500000	0.00871085
chr2_pat	109500000	109600000	0.00924419
chr2_pat	109600000	109700000	0.00942664
chr2_pat	109700000	109800000	0.00986485
chr2_pat	109800000	109900000	0.00953695
chr2_pat	109900000	110000000	0.00924134
chr2_pat	110000000	110100000	0.00846693
chr2_pat	110100000	110200000	0.00873554
chr2_pat	110200000	110300000	0.00864033
chr2_pat	110300000	110400000	0.00974481
chr2_pat	110400000	110500000	0.00668333
chr2_pat	110500000	110600000	0.00753697
chr2_pat	110600000	110700000	0.00980186
chr2_pat	110700000	110800000	0.00997571
chr2_pat	110800000	110900000	0.010072
chr2_pat	110900000	111000000	0.00966913
chr2_pat	111000000	111100000	0.0083882
chr2_pat	111100000	111200000	0.00899811
chr2_pat	111200000	111300000	0.00908391
chr2_pat	111300000	111400000	0.00873872
chr2_pat	111400000	111500000	0.00866013
chr2_pat	111500000	111600000	0.00858507
chr2_pat	111600000	111700000	0.00831018
chr2_pat	111700000	111800000	0.00852954
chr2_pat	111800000	111900000	0.00871796
chr2_pat	111900000	112000000	0.00677759
chr2_pat	112000000	112100000	0.00828505
chr2_pat	112100000	112200000	0.00865011
chr2_pat	112200000	112300000	0.00852599
chr2_pat	112300000	112400000	0.0083918
chr2_pat	112400000	112500000	0.00588948
chr2_pat	112500000	112600000	0.0096664
chr2_pat	112600000	112700000	0.00894319
chr2_pat	112700000	112800000	0.00700089
chr2_pat	112800000	112900000	0.00642975
chr2_pat	112900000	113000000	0.00921921
chr2_pat	113000000	113100000	0.00898314
chr2_pat	113100000	113200000	0.00875962
chr2_pat	113200000	113300000	0.00971737
chr2_pat	113300000	113400000	0.00974602
chr2_pat	113400000	113500000	0.0083467
chr2_pat	113500000	113600000	0.00844931
chr2_pat	113600000	113700000	0.00686677
chr2_pat	113700000	113800000	0.00677282
chr2_pat	113800000	113900000	0.00966891
chr2_pat	113900000	114000000	0.00965991
chr2_pat	114000000	114100000	0.00749107
chr2_pat	114100000	114200000	0.0104396
chr2_pat	114200000	114300000	0.00972575
chr2_pat	114300000	114400000	0.00948849
chr2_pat	114400000	114500000	0.00880445
chr2_pat	114500000	114600000	0.00684841
chr2_pat	114600000	114700000	0.00881029
chr2_pat	114700000	114800000	0.00857793
chr2_pat	114800000	114900000	0.00919981
chr2_pat	114900000	115000000	0.00883217
chr2_pat	115000000	115100000	0.00857558
chr2_pat	115100000	115200000	0.00855845
chr2_pat	115200000	115300000	0.00718887
chr2_pat	115300000	115400000	0.00785496
chr2_pat	115400000	115500000	0.00984653
chr2_pat	115500000	115600000	0.00909981
chr2_pat	115600000	115700000	0.00946587
chr2_pat	115700000	115800000	0.00902551
chr2_pat	115800000	115900000	0.00806094
chr2_pat	115900000	116000000	0.00986654
chr2_pat	116000000	116100000	0.00953527
chr2_pat	116100000	116200000	0.00959933
chr2_pat	116200000	116300000	0.00621449
chr2_pat	116300000	116400000	0.0061398
chr2_pat	116400000	116500000	0.00896842
chr2_pat	116500000	116600000	0.00925148
chr2_pat	116600000	116700000	0.00937902
chr2_pat	116700000	116800000	0.00954999
chr2_pat	116800000	116900000	0.00908382
chr2_pat	116900000	117000000	0.00957796
chr2_pat	117000000	117100000	0.00925635
chr2_pat	117100000	117200000	0.00987509
chr2_pat	117200000	117300000	0.00645632
chr2_pat	117300000	117400000	0.00828339
chr2_pat	117400000	117500000	0.00825137
chr2_pat	117500000	117600000	0.00867862
chr2_pat	117600000	117700000	0.00653005
chr2_pat	117700000	117800000	0.0073496
chr2_pat	117800000	117900000	0.00612783
chr2_pat	117900000	118000000	0.00809454
chr2_pat	118000000	118100000	0.00937723
chr2_pat	118100000	118200000	0.00957426
chr2_pat	118200000	118300000	0.00893557
chr2_pat	118300000	118400000	0.00895829
chr2_pat	118400000	118500000	0.00909968
chr2_pat	118500000	118600000	0.00954966
chr2_pat	118600000	118700000	0.00904818
chr2_pat	118700000	118800000	0.00906365
chr2_pat	118800000	118900000	0.00920734
chr2_pat	118900000	119000000	0.0097083
chr2_pat	119000000	119100000	0.0081218
chr2_pat	119100000	119200000	0.00839484
chr2_pat	119200000	119300000	0.00686294
chr2_pat	119300000	119400000	0.00901655
chr2_pat	119400000	119500000	0.00993638
chr2_pat	119500000	119600000	0.0096403
chr2_pat	119600000	119700000	0.0090081
chr2_pat	119700000	119800000	0.00896535
chr2_pat	119800000	119900000	0.00904736
chr2_pat	119900000	120000000	0.00916217
chr2_pat	120000000	120100000	0.00941111
chr2_pat	120100000	120200000	0.00778645
chr2_pat	120200000	120300000	0.00676906
chr2_pat	120300000	120400000	0.00830592
chr2_pat	120400000	120500000	0.00647683
chr2_pat	120500000	120600000	0.0068818
chr2_pat	120600000	120700000	0.00628845
chr2_pat	120700000	120800000	0.00867371
chr2_pat	120800000	120900000	0.00793394
chr2_pat	120900000	121000000	0.00880051
chr2_pat	121000000	121100000	0.00860636
chr2_pat	121100000	121200000	0.00860021
chr2_pat	121200000	121300000	0.00876694
chr2_pat	121300000	121400000	0.0082242
chr2_pat	121400000	121500000	0.00828994
chr2_pat	121500000	121600000	0.00791626
chr2_pat	121600000	121700000	0.00770235
chr2_pat	121700000	121800000	0.00875072
chr2_pat	121800000	121900000	0.00878439
chr2_pat	121900000	122000000	0.00789549
chr2_pat	122000000	122100000	0.00828519
chr2_pat	122100000	122200000	0.00841352
chr2_pat	122200000	122300000	0.00807243
chr2_pat	122300000	122400000	0.0078693
chr2_pat	122400000	122500000	0.0091442
chr2_pat	122500000	122600000	0.00834131
chr2_pat	122600000	122700000	0.00798969
chr2_pat	122700000	122800000	0.00743343
chr2_pat	122800000	122900000	0.00843698
chr2_pat	122900000	123000000	0.00867392
chr2_pat	123000000	123100000	0.0098477
chr2_pat	123100000	123200000	0.00861835
chr2_pat	123200000	123300000	0.00838068
chr2_pat	123300000	123400000	0.00974879
chr2_pat	123400000	123500000	0.00898169
chr2_pat	123500000	123600000	0.00895353
chr2_pat	123600000	123700000	0.00967087
chr2_pat	123700000	123800000	0.00815197
chr2_pat	123800000	123900000	0.00726426
chr2_pat	123900000	124000000	0.00787048
chr2_pat	124000000	124100000	0.00831867
chr2_pat	124100000	124200000	0.00768785
chr2_pat	124200000	124300000	0.00791573
chr2_pat	124300000	124400000	0.00809843
chr2_pat	124400000	124500000	0.00783392
chr2_pat	124500000	124600000	0.00831775
chr2_pat	124600000	124700000	0.00830383
chr2_pat	124700000	124800000	0.00815521
chr2_pat	124800000	124900000	0.00840408
chr2_pat	124900000	125000000	0.00880776
chr2_pat	125000000	125100000	0.00944785
chr2_pat	125100000	125200000	0.00676774
chr2_pat	125200000	125300000	0.00679159
chr2_pat	125300000	125400000	0.00569603
chr2_pat	125400000	125500000	0.00609075
chr2_pat	125500000	125600000	0.00624283
chr2_pat	125600000	125700000	0.00794669
chr2_pat	125700000	125800000	0.00812147
chr2_pat	125800000	125900000	0.00803007
chr2_pat	125900000	126000000	0.0081022
chr2_pat	126000000	126100000	0.00788224
chr2_pat	126100000	126200000	0.00822951
chr2_pat	126200000	126300000	0.00814277
chr2_pat	126300000	126400000	0.00815927
chr2_pat	126400000	126500000	0.00857692
chr2_pat	126500000	126600000	0.00825927
chr2_pat	126600000	126700000	0.00864102
chr2_pat	126700000	126800000	0.00657506
chr2_pat	126800000	126900000	0.00844254
chr2_pat	126900000	127000000	0.00976779
chr2_pat	127000000	127100000	0.00827903
chr2_pat	127100000	127200000	0.00806528
chr2_pat	127200000	127300000	0.00818418
chr2_pat	127300000	127400000	0.00848174
chr2_pat	127400000	127500000	0.00811805
chr2_pat	127500000	127600000	0.00823463
chr2_pat	127600000	127700000	0.00915244
chr2_pat	127700000	127800000	0.00865681
chr2_pat	127800000	127900000	0.00921087
chr2_pat	127900000	128000000	0.00911953
chr2_pat	128000000	128100000	0.00983486
chr2_pat	128100000	128200000	0.00791675
chr2_pat	128200000	128300000	0.00668492
chr2_pat	128300000	128400000	0.00931383
chr2_pat	128400000	128500000	0.00735679
chr2_pat	128500000	128600000	0.00581152
chr2_pat	128600000	128700000	0.00776086
chr2_pat	128700000	128800000	0.00647773
chr2_pat	128800000	128900000	0.00640875
chr2_pat	128900000	129000000	0.00929014
chr2_pat	129000000	129100000	0.00978944
chr2_pat	129100000	129200000	0.00921229
chr2_pat	129200000	129300000	0.00682267
chr2_pat	129300000	129400000	0.00878879
chr2_pat	129400000	129500000	0.00912032
chr2_pat	129500000	129600000	0.00900433
chr2_pat	129600000	129700000	0.00894311
chr2_pat	129700000	129800000	0.00685151
chr2_pat	129800000	129900000	0.00927731
chr2_pat	129900000	130000000	0.00680434
chr2_pat	130000000	130100000	0.00894531
chr2_pat	130100000	130200000	0.00705909
chr2_pat	130200000	130300000	0.00708552
chr2_pat	130300000	130400000	0.00654354
chr2_pat	130400000	130500000	0.00761626
chr2_pat	130500000	130600000	0.00773066
chr2_pat	130600000	130700000	0.00792558
chr2_pat	130700000	130800000	0.00726235
chr2_pat	130800000	130900000	0.00842518
chr2_pat	130900000	131000000	0.00768678
chr2_pat	131000000	131100000	0.00833402
chr2_pat	131100000	131200000	0.00576735
chr2_pat	131200000	131300000	0.00676085
chr2_pat	131300000	131400000	0.00994329
chr2_pat	131400000	131500000	0.0103927
chr2_pat	131500000	131600000	0.0103704
chr2_pat	131600000	131700000	0.00654778
chr2_pat	131700000	131800000	0.0066112
chr2_pat	131800000	131900000	0.00617585
chr2_pat	131900000	132000000	0.00660898
chr2_pat	132000000	132100000	0.00738822
chr2_pat	132100000	132200000	0.00848065
chr2_pat	132200000	132300000	0.00839465
chr2_pat	132300000	132400000	0.00814129
chr2_pat	132400000	132500000	0.00900323
chr2_pat	132500000	132600000	0.00812063
chr2_pat	132600000	132700000	0.00715918
chr2_pat	132700000	132800000	0.00812751
chr2_pat	132800000	132900000	0.00797646
chr2_pat	132900000	133000000	0.00778311
chr2_pat	133000000	133100000	0.00805137
chr2_pat	133100000	133200000	0.00802838
chr2_pat	133200000	133300000	0.00754574
chr2_pat	133300000	133400000	0.00839419
chr2_pat	133400000	133500000	0.00825901
chr2_pat	133500000	133600000	0.00565818
chr2_pat	133600000	133700000	0.00807079
chr2_pat	133700000	133800000	0.0079497
chr2_pat	133800000	133900000	0.00819645
chr2_pat	133900000	134000000	0.0084199
chr2_pat	134000000	134100000	0.0081845
chr2_pat	134100000	134200000	0.00640286
chr2_pat	134200000	134300000	0.00760609
chr2_pat	134300000	134400000	0.00864771
chr2_pat	134400000	134500000	0.00779419
chr2_pat	134500000	134600000	0.00668831
chr2_pat	134600000	134700000	0.0083764
chr2_pat	134700000	134800000	0.00782588
chr2_pat	134800000	134900000	0.00777467
chr2_pat	134900000	135000000	0.0078104
chr2_pat	135000000	135100000	0.00801304
chr2_pat	135100000	135200000	0.00775165
chr2_pat	135200000	135300000	0.00726161
chr2_pat	135300000	135400000	0.00722916
chr2_pat	135400000	135500000	0.00749947
chr2_pat	135500000	135600000	0.00743503
chr2_pat	135600000	135700000	0.00752534
chr2_pat	135700000	135800000	0.00762768
chr2_pat	135800000	135900000	0.00770532
chr2_pat	135900000	136000000	0.00757394
chr2_pat	136000000	136100000	0.00760287
chr2_pat	136100000	136200000	0.00780683
chr2_pat	136200000	136300000	0.00753486
chr2_pat	136300000	136400000	0.00762322
chr2_pat	136400000	136500000	0.00789573
chr2_pat	136500000	136600000	0.00728407
chr2_pat	136600000	136700000	0.00757668
chr2_pat	136700000	136800000	0.00701232
chr2_pat	136800000	136900000	0.00795012
chr2_pat	136900000	137000000	0.00785982
chr2_pat	137000000	137100000	0.00830013
chr2_pat	137100000	137200000	0.00816156
chr2_pat	137200000	137300000	0.00842788
chr2_pat	137300000	137400000	0.00803833
chr2_pat	137400000	137500000	0.00598913
chr2_pat	137500000	137600000	0.00626647
chr2_pat	137600000	137700000	0.00877541
chr2_pat	137700000	137800000	0.00834329
chr2_pat	137800000	137900000	0.00838111
chr2_pat	137900000	138000000	0.00866549
chr2_pat	138000000	138100000	0.00900863
chr2_pat	138100000	138200000	0.00824593
chr2_pat	138200000	138300000	0.0096204
chr2_pat	138300000	138400000	0.00876234
chr2_pat	138400000	138500000	0.00862212
chr2_pat	138500000	138600000	0.00893257
chr2_pat	138600000	138700000	0.00621049
chr2_pat	138700000	138800000	0.00722264
chr2_pat	138800000	138900000	0.00874492
chr2_pat	138900000	139000000	0.00698373
chr2_pat	139000000	139100000	0.00859186
chr2_pat	139100000	139200000	0.00843849
chr2_pat	139200000	139300000	0.00853694
chr2_pat	139300000	139400000	0.00858342
chr2_pat	139400000	139500000	0.00902098
chr2_pat	139500000	139600000	0.00831802
chr2_pat	139600000	139700000	0.00863789
chr2_pat	139700000	139800000	0.00932805
chr2_pat	139800000	139900000	0.00905069
chr2_pat	139900000	140000000	0.00623309
chr2_pat	140000000	140100000	0.00527911
chr2_pat	140100000	140200000	0.00688676
chr2_pat	140200000	140300000	0.00908454
chr2_pat	140300000	140400000	0.00798801
chr2_pat	140400000	140500000	0.0067527
chr2_pat	140500000	140600000	0.00759819
chr2_pat	140600000	140700000	0.00704319
chr2_pat	140700000	140800000	0.00634656
chr2_pat	140800000	140900000	0.00823679
chr2_pat	140900000	141000000	0.00921334
chr2_pat	141000000	141100000	0.00822718
chr2_pat	141100000	141200000	0.00839277
chr2_pat	141200000	141300000	0.00861808
chr2_pat	141300000	141400000	0.00809414
chr2_pat	141400000	141500000	0.00804762
chr2_pat	141500000	141600000	0.00854624
chr2_pat	141600000	141700000	0.00816741
chr2_pat	141700000	141800000	0.00759782
chr2_pat	141800000	141900000	0.00750258
chr2_pat	141900000	142000000	0.00728377
chr2_pat	142000000	142100000	0.00760928
chr2_pat	142100000	142200000	0.00802457
chr2_pat	142200000	142300000	0.0080289
chr2_pat	142300000	142400000	0.00754616
chr2_pat	142400000	142500000	0.007545
chr2_pat	142500000	142600000	0.00656178
chr2_pat	142600000	142700000	0.0061116
chr2_pat	142700000	142800000	0.00810299
chr2_pat	142800000	142900000	0.00818065
chr2_pat	142900000	143000000	0.00817564
chr2_pat	143000000	143100000	0.00824853
chr2_pat	143100000	143200000	0.00822592
chr2_pat	143200000	143300000	0.00814005
chr2_pat	143300000	143400000	0.00720527
chr2_pat	143400000	143500000	0.00841384
chr2_pat	143500000	143600000	0.00808586
chr2_pat	143600000	143700000	0.0086569
chr2_pat	143700000	143800000	0.00602445
chr2_pat	143800000	143900000	0.00764183
chr2_pat	143900000	144000000	0.00812868
chr2_pat	144000000	144100000	0.00758879
chr2_pat	144100000	144200000	0.00774338
chr2_pat	144200000	144300000	0.00820868
chr2_pat	144300000	144400000	0.00810145
chr2_pat	144400000	144500000	0.00818074
chr2_pat	144500000	144600000	0.00933282
chr2_pat	144600000	144700000	0.00558784
chr2_pat	144700000	144800000	0.00700502
chr2_pat	144800000	144900000	0.0085208
chr2_pat	144900000	145000000	0.0080669
chr2_pat	145000000	145100000	0.00797907
chr2_pat	145100000	145200000	0.00756244
chr2_pat	145200000	145300000	0.00778613
chr2_pat	145300000	145400000	0.00739192
chr2_pat	145400000	145500000	0.00762654
chr2_pat	145500000	145600000	0.00746896
chr2_pat	145600000	145700000	0.00727708
chr2_pat	145700000	145800000	0.00766416
chr2_pat	145800000	145900000	0.00707485
chr2_pat	145900000	146000000	0.00736748
chr2_pat	146000000	146100000	0.00739022
chr2_pat	146100000	146200000	0.00704639
chr2_pat	146200000	146300000	0.00759729
chr2_pat	146300000	146400000	0.00832582
chr2_pat	146400000	146500000	0.0082715
chr2_pat	146500000	146600000	0.00837331
chr2_pat	146600000	146700000	0.00877404
chr2_pat	146700000	146800000	0.00802869
chr2_pat	146800000	146900000	0.00834088
chr2_pat	146900000	147000000	0.00857499
chr2_pat	147000000	147100000	0.00837823
chr2_pat	147100000	147200000	0.00860709
chr2_pat	147200000	147300000	0.00892289
chr2_pat	147300000	147400000	0.00851955
chr2_pat	147400000	147500000	0.00660061
chr2_pat	147500000	147600000	0.0054642
chr2_pat	147600000	147700000	0.00839443
chr2_pat	147700000	147800000	0.00862853
chr2_pat	147800000	147900000	0.00751362
chr2_pat	147900000	148000000	0.00594048
chr2_pat	148000000	148100000	0.00803304
chr2_pat	148100000	148200000	0.0085924
chr2_pat	148200000	148300000	0.00870809
chr2_pat	148300000	148400000	0.00800796
chr2_pat	148400000	148500000	0.00782248
chr2_pat	148500000	148600000	0.00816237
chr2_pat	148600000	148700000	0.00768625
chr2_pat	148700000	148800000	0.00748103
chr2_pat	148800000	148900000	0.00791878
chr2_pat	148900000	149000000	0.00794046
chr2_pat	149000000	149100000	0.00823493
chr2_pat	149100000	149200000	0.008184
chr2_pat	149200000	149300000	0.00813658
chr2_pat	149300000	149400000	0.00858501
chr2_pat	149400000	149500000	0.00813064
chr2_pat	149500000	149600000	0.00871262
chr2_pat	149600000	149700000	0.00824596
chr2_pat	149700000	149800000	0.00851458
chr2_pat	149800000	149900000	0.00795272
chr2_pat	149900000	150000000	0.00792509
chr2_pat	150000000	150100000	0.00744052
chr2_pat	150100000	150200000	0.00811135
chr2_pat	150200000	150300000	0.00669704
chr2_pat	150300000	150400000	0.00703774
chr2_pat	150400000	150500000	0.00704459
chr2_pat	150500000	150600000	0.00570889
chr2_pat	150600000	150700000	0.00813686
chr2_pat	150700000	150800000	0.0103918
chr2_pat	150800000	150900000	0.00583642
chr2_pat	150900000	151000000	0.0096909
chr2_pat	151000000	151100000	0.0142296
chr2_pat	151100000	151200000	0.00686712
chr2_pat	151200000	151300000	0.011372
chr2_pat	151300000	151400000	0.0173399
chr2_pat	151400000	151500000	0.0185952
chr2_pat	151500000	151600000	0.0155382
chr2_pat	151600000	151700000	0.00902423
chr2_pat	151700000	151800000	0.00718398
chr2_pat	151800000	151900000	0.00867339
chr2_pat	151900000	152000000	0.0156583
chr2_pat	152000000	152100000	0.0102156
chr2_pat	152100000	152200000	0.0114625
chr2_pat	152200000	152300000	0.00585543
chr2_pat	152300000	152400000	0.00554322
chr2_pat	152400000	152500000	
chr2_pat	152500000	152562993	
chr3_pat	0	100000	
chr3_pat	100000	200000	0.0127473
chr3_pat	200000	300000	0.0063137
chr3_pat	300000	400000	0.00719972
chr3_pat	400000	500000	0.00988545
chr3_pat	500000	600000	0.0136876
chr3_pat	600000	700000	0.00922093
chr3_pat	700000	800000	0.00726873
chr3_pat	800000	900000	0.00739405
chr3_pat	900000	1000000	0.0081682
chr3_pat	1000000	1100000	0.00627568
chr3_pat	1100000	1200000	0.0067827
chr3_pat	1200000	1300000	0.00859627
chr3_pat	1300000	1400000	0.00951018
chr3_pat	1400000	1500000	0.00888427
chr3_pat	1500000	1600000	0.00764382
chr3_pat	1600000	1700000	0.0055419
chr3_pat	1700000	1800000	0.0080637
chr3_pat	1800000	1900000	0.0101755
chr3_pat	1900000	2000000	0.0128996
chr3_pat	2000000	2100000	0.00944742
chr3_pat	2100000	2200000	0.00808522
chr3_pat	2200000	2300000	0.0116222
chr3_pat	2300000	2400000	0.00657073
chr3_pat	2400000	2500000	0.00635073
chr3_pat	2500000	2600000	0.0071344
chr3_pat	2600000	2700000	0.00713079
chr3_pat	2700000	2800000	0.00764556
chr3_pat	2800000	2900000	0.0070021
chr3_pat	2900000	3000000	0.00813406
chr3_pat	3000000	3100000	0.00835438
chr3_pat	3100000	3200000	0.00757908
chr3_pat	3200000	3300000	0.00750403
chr3_pat	3300000	3400000	0.00836347
chr3_pat	3400000	3500000	0.00751099
chr3_pat	3500000	3600000	0.00571245
chr3_pat	3600000	3700000	0.00808223
chr3_pat	3700000	3800000	0.00686286
chr3_pat	3800000	3900000	0.00991645
chr3_pat	3900000	4000000	0.0103683
chr3_pat	4000000	4100000	0.00625718
chr3_pat	4100000	4200000	0.00835428
chr3_pat	4200000	4300000	0.00782395
chr3_pat	4300000	4400000	0.00800762
chr3_pat	4400000	4500000	0.00759613
chr3_pat	4500000	4600000	0.00750377
chr3_pat	4600000	4700000	0.0078319
chr3_pat	4700000	4800000	0.0084957
chr3_pat	4800000	4900000	0.008426
chr3_pat	4900000	5000000	0.00782542
chr3_pat	5000000	5100000	0.00816563
chr3_pat	5100000	5200000	0.00830518
chr3_pat	5200000	5300000	0.00549319
chr3_pat	5300000	5400000	0.00581964
chr3_pat	5400000	5500000	0.00841447
chr3_pat	5500000	5600000	0.00792434
chr3_pat	5600000	5700000	0.008437
chr3_pat	5700000	5800000	0.00733617
chr3_pat	5800000	5900000	0.00619169
chr3_pat	5900000	6000000	0.00791564
chr3_pat	6000000	6100000	0.00838745
chr3_pat	6100000	6200000	0.00747876
chr3_pat	6200000	6300000	0.00861976
chr3_pat	6300000	6400000	0.00665129
chr3_pat	6400000	6500000	0.00680035
chr3_pat	6500000	6600000	0.00857433
chr3_pat	6600000	6700000	0.00831924
chr3_pat	6700000	6800000	0.00897206
chr3_pat	6800000	6900000	0.00862538
chr3_pat	6900000	7000000	0.00774861
chr3_pat	7000000	7100000	0.00856175
chr3_pat	7100000	7200000	0.00877648
chr3_pat	7200000	7300000	0.00928712
chr3_pat	7300000	7400000	0.00771997
chr3_pat	7400000	7500000	0.00600388
chr3_pat	7500000	7600000	0.00719632
chr3_pat	7600000	7700000	0.00541749
chr3_pat	7700000	7800000	0.00712093
chr3_pat	7800000	7900000	0.00747763
chr3_pat	7900000	8000000	0.00877881
chr3_pat	8000000	8100000	0.00850733
chr3_pat	8100000	8200000	0.00818295
chr3_pat	8200000	8300000	0.00832502
chr3_pat	8300000	8400000	0.00822607
chr3_pat	8400000	8500000	0.00787297
chr3_pat	8500000	8600000	0.00792185
chr3_pat	8600000	8700000	0.00742609
chr3_pat	8700000	8800000	0.00773719
chr3_pat	8800000	8900000	0.0081573
chr3_pat	8900000	9000000	0.00787391
chr3_pat	9000000	9100000	0.00787396
chr3_pat	9100000	9200000	0.00829086
chr3_pat	9200000	9300000	0.00789863
chr3_pat	9300000	9400000	0.00817652
chr3_pat	9400000	9500000	0.00795984
chr3_pat	9500000	9600000	0.00820935
chr3_pat	9600000	9700000	0.00865638
chr3_pat	9700000	9800000	0.00811951
chr3_pat	9800000	9900000	0.00864956
chr3_pat	9900000	10000000	0.00918214
chr3_pat	10000000	10100000	0.00597659
chr3_pat	10100000	10200000	0.00899999
chr3_pat	10200000	10300000	0.00686794
chr3_pat	10300000	10400000	0.00810698
chr3_pat	10400000	10500000	0.00886916
chr3_pat	10500000	10600000	0.0089368
chr3_pat	10600000	10700000	0.00866734
chr3_pat	10700000	10800000	0.00878988
chr3_pat	10800000	10900000	0.0086506
chr3_pat	10900000	11000000	0.00845963
chr3_pat	11000000	11100000	0.00876434
chr3_pat	11100000	11200000	0.00827282
chr3_pat	11200000	11300000	0.0101384
chr3_pat	11300000	11400000	
chr3_pat	11400000	11500000	
chr3_pat	11500000	11600000	
chr3_pat	11600000	11700000	
chr3_pat	11700000	11800000	
chr3_pat	11800000	11900000	
chr3_pat	11900000	12000000	
chr3_pat	12000000	12100000	
chr3_pat	12100000	12200000	
chr3_pat	12200000	12300000	
chr3_pat	12300000	12400000	
chr3_pat	12400000	12500000	
chr3_pat	12500000	12600000	
chr3_pat	12600000	12700000	
chr3_pat	12700000	12800000	
chr3_pat	12800000	12900000	0.00871489
chr3_pat	12900000	13000000	0.00931959
chr3_pat	13000000	13100000	0.007062
chr3_pat	13100000	13200000	0.00862691
chr3_pat	13200000	13300000	0.00827916
chr3_pat	13300000	13400000	0.00775669
chr3_pat	13400000	13500000	0.00770752
chr3_pat	13500000	13600000	0.00773297
chr3_pat	13600000	13700000	0.00744992
chr3_pat	13700000	13800000	0.00802609
chr3_pat	13800000	13900000	0.00804846
chr3_pat	13900000	14000000	0.00808876
chr3_pat	14000000	14100000	0.00766318
chr3_pat	14100000	14200000	0.00784299
chr3_pat	14200000	14300000	0.00627215
chr3_pat	14300000	14400000	0.00710296
chr3_pat	14400000	14500000	0.00758093
chr3_pat	14500000	14600000	0.00782869
chr3_pat	14600000	14700000	0.00739717
chr3_pat	14700000	14800000	0.00822061
chr3_pat	14800000	14900000	0.00752409
chr3_pat	14900000	15000000	0.00762941
chr3_pat	15000000	15100000	0.00773079
chr3_pat	15100000	15200000	0.00844564
chr3_pat	15200000	15300000	0.00806677
chr3_pat	15300000	15400000	0.00851385
chr3_pat	15400000	15500000	0.0082958
chr3_pat	15500000	15600000	0.00799714
chr3_pat	15600000	15700000	0.00843968
chr3_pat	15700000	15800000	0.00889517
chr3_pat	15800000	15900000	0.00845727
chr3_pat	15900000	16000000	0.00634519
chr3_pat	16000000	16100000	0.00679505
chr3_pat	16100000	16200000	0.00736958
chr3_pat	16200000	16300000	0.00922469
chr3_pat	16300000	16400000	0.00622704
chr3_pat	16400000	16500000	0.006811
chr3_pat	16500000	16600000	0.00794482
chr3_pat	16600000	16700000	0.00906186
chr3_pat	16700000	16800000	0.00891296
chr3_pat	16800000	16900000	0.00727679
chr3_pat	16900000	17000000	0.00792982
chr3_pat	17000000	17100000	0.00850864
chr3_pat	17100000	17200000	0.00575978
chr3_pat	17200000	17300000	0.00751462
chr3_pat	17300000	17400000	0.00829796
chr3_pat	17400000	17500000	0.00764317
chr3_pat	17500000	17600000	0.00795979
chr3_pat	17600000	17700000	0.00826868
chr3_pat	17700000	17800000	0.0082638
chr3_pat	17800000	17900000	0.00791765
chr3_pat	17900000	18000000	0.00811539
chr3_pat	18000000	18100000	0.00822068
chr3_pat	18100000	18200000	0.00801468
chr3_pat	18200000	18300000	0.00850069
chr3_pat	18300000	18400000	0.00505675
chr3_pat	18400000	18500000	0.00798997
chr3_pat	18500000	18600000	0.00888296
chr3_pat	18600000	18700000	0.00859217
chr3_pat	18700000	18800000	0.00861378
chr3_pat	18800000	18900000	0.00862539
chr3_pat	18900000	19000000	0.0090339
chr3_pat	19000000	19100000	0.00829745
chr3_pat	19100000	19200000	0.00820518
chr3_pat	19200000	19300000	0.00821637
chr3_pat	19300000	19400000	0.00774909
chr3_pat	19400000	19500000	0.00890488
chr3_pat	19500000	19600000	0.00815219
chr3_pat	19600000	19700000	0.0066451
chr3_pat	19700000	19800000	0.00664894
chr3_pat	19800000	19900000	0.00800321
chr3_pat	19900000	20000000	0.00898681
chr3_pat	20000000	20100000	0.00907856
chr3_pat	20100000	20200000	0.00860417
chr3_pat	20200000	20300000	0.00848654
chr3_pat	20300000	20400000	0.00801092
chr3_pat	20400000	20500000	0.00811
chr3_pat	20500000	20600000	0.0077952
chr3_pat	20600000	20700000	0.0084391
chr3_pat	20700000	20800000	0.00831394
chr3_pat	20800000	20900000	0.00817907
chr3_pat	20900000	21000000	0.00806089
chr3_pat	21000000	21100000	0.00838095
chr3_pat	21100000	21200000	0.00801379
chr3_pat	21200000	21300000	0.00803287
chr3_pat	21300000	21400000	0.00864003
chr3_pat	21400000	21500000	0.00625141
chr3_pat	21500000	21600000	0.00803351
chr3_pat	21600000	21700000	0.00731366
chr3_pat	21700000	21800000	0.00690219
chr3_pat	21800000	21900000	0.00838903
chr3_pat	21900000	22000000	0.00756283
chr3_pat	22000000	22100000	0.00811351
chr3_pat	22100000	22200000	0.00773111
chr3_pat	22200000	22300000	0.00776177
chr3_pat	22300000	22400000	0.00824818
chr3_pat	22400000	22500000	0.00827545
chr3_pat	22500000	22600000	0.0084115
chr3_pat	22600000	22700000	0.00810248
chr3_pat	22700000	22800000	0.0083003
chr3_pat	22800000	22900000	0.00763841
chr3_pat	22900000	23000000	0.0074353
chr3_pat	23000000	23100000	0.00809881
chr3_pat	23100000	23200000	0.00781688
chr3_pat	23200000	23300000	0.00770213
chr3_pat	23300000	23400000	0.00781586
chr3_pat	23400000	23500000	0.0080636
chr3_pat	23500000	23600000	0.00800907
chr3_pat	23600000	23700000	0.00782987
chr3_pat	23700000	23800000	0.00796084
chr3_pat	23800000	23900000	0.00813976
chr3_pat	23900000	24000000	0.00787351
chr3_pat	24000000	24100000	0.00832897
chr3_pat	24100000	24200000	0.00786328
chr3_pat	24200000	24300000	0.00860843
chr3_pat	24300000	24400000	0.00820495
chr3_pat	24400000	24500000	0.00841644
chr3_pat	24500000	24600000	0.00821503
chr3_pat	24600000	24700000	0.00870856
chr3_pat	24700000	24800000	0.00831038
chr3_pat	24800000	24900000	0.00763481
chr3_pat	24900000	25000000	0.00821271
chr3_pat	25000000	25100000	0.00681156
chr3_pat	25100000	25200000	0.00582646
chr3_pat	25200000	25300000	0.00725348
chr3_pat	25300000	25400000	0.00588238
chr3_pat	25400000	25500000	0.00855508
chr3_pat	25500000	25600000	0.00910398
chr3_pat	25600000	25700000	0.00885094
chr3_pat	25700000	25800000	0.00870315
chr3_pat	25800000	25900000	0.00867372
chr3_pat	25900000	26000000	0.00893755
chr3_pat	26000000	26100000	0.008366
chr3_pat	26100000	26200000	0.00808434
chr3_pat	26200000	26300000	0.00848629
chr3_pat	26300000	26400000	0.00841704
chr3_pat	26400000	26500000	0.00833576
chr3_pat	26500000	26600000	0.00873367
chr3_pat	26600000	26700000	0.00810304
chr3_pat	26700000	26800000	0.0073136
chr3_pat	26800000	26900000	0.00905439
chr3_pat	26900000	27000000	0.00862578
chr3_pat	27000000	27100000	0.00908003
chr3_pat	27100000	27200000	0.00845431
chr3_pat	27200000	27300000	0.00897829
chr3_pat	27300000	27400000	0.00891798
chr3_pat	27400000	27500000	0.00892021
chr3_pat	27500000	27600000	0.00921859
chr3_pat	27600000	27700000	0.00877828
chr3_pat	27700000	27800000	0.00843347
chr3_pat	27800000	27900000	0.00609131
chr3_pat	27900000	28000000	0.00690071
chr3_pat	28000000	28100000	0.00851298
chr3_pat	28100000	28200000	0.00838963
chr3_pat	28200000	28300000	0.00796401
chr3_pat	28300000	28400000	0.00826004
chr3_pat	28400000	28500000	0.00806288
chr3_pat	28500000	28600000	0.00780975
chr3_pat	28600000	28700000	0.00822525
chr3_pat	28700000	28800000	0.0079054
chr3_pat	28800000	28900000	0.00777147
chr3_pat	28900000	29000000	0.0076801
chr3_pat	29000000	29100000	0.00834779
chr3_pat	29100000	29200000	0.00772985
chr3_pat	29200000	29300000	0.00811279
chr3_pat	29300000	29400000	0.00817814
chr3_pat	29400000	29500000	0.00792739
chr3_pat	29500000	29600000	0.00816081
chr3_pat	29600000	29700000	0.00815598
chr3_pat	29700000	29800000	0.00816809
chr3_pat	29800000	29900000	0.00833265
chr3_pat	29900000	30000000	0.00846286
chr3_pat	30000000	30100000	0.00849255
chr3_pat	30100000	30200000	0.00850032
chr3_pat	30200000	30300000	0.00837296
chr3_pat	30300000	30400000	0.00678745
chr3_pat	30400000	30500000	0.00852485
chr3_pat	30500000	30600000	0.00883065
chr3_pat	30600000	30700000	0.00884174
chr3_pat	30700000	30800000	0.00759163
chr3_pat	30800000	30900000	0.00731473
chr3_pat	30900000	31000000	0.00870632
chr3_pat	31000000	31100000	0.00902964
chr3_pat	31100000	31200000	0.00820203
chr3_pat	31200000	31300000	0.00912313
chr3_pat	31300000	31400000	0.00882712
chr3_pat	31400000	31500000	0.0083305
chr3_pat	31500000	31600000	0.00870855
chr3_pat	31600000	31700000	0.00893169
chr3_pat	31700000	31800000	0.00892007
chr3_pat	31800000	31900000	0.00886869
chr3_pat	31900000	32000000	0.0071756
chr3_pat	32000000	32100000	0.00777559
chr3_pat	32100000	32200000	0.0087944
chr3_pat	32200000	32300000	0.00921451
chr3_pat	32300000	32400000	0.00898753
chr3_pat	32400000	32500000	0.00851606
chr3_pat	32500000	32600000	0.00902868
chr3_pat	32600000	32700000	0.00663282
chr3_pat	32700000	32800000	0.00876734
chr3_pat	32800000	32900000	0.00701148
chr3_pat	32900000	33000000	0.00843591
chr3_pat	33000000	33100000	0.0090122
chr3_pat	33100000	33200000	0.00874198
chr3_pat	33200000	33300000	0.00829599
chr3_pat	33300000	33400000	0.00837007
chr3_pat	33400000	33500000	0.00866438
chr3_pat	33500000	33600000	0.00931285
chr3_pat	33600000	33700000	0.00927711
chr3_pat	33700000	33800000	0.00979384
chr3_pat	33800000	33900000	0.00794527
chr3_pat	33900000	34000000	0.00633407
chr3_pat	34000000	34100000	0.00840637
chr3_pat	34100000	34200000	0.00645295
chr3_pat	34200000	34300000	0.00740067
chr3_pat	34300000	34400000	0.00874211
chr3_pat	34400000	34500000	0.00936689
chr3_pat	34500000	34600000	0.00881133
chr3_pat	34600000	34700000	0.0088024
chr3_pat	34700000	34800000	0.00873609
chr3_pat	34800000	34900000	0.00929606
chr3_pat	34900000	35000000	0.00887757
chr3_pat	35000000	35100000	0.00936848
chr3_pat	35100000	35200000	0.00703107
chr3_pat	35200000	35300000	0.00818125
chr3_pat	35300000	35400000	0.00959251
chr3_pat	35400000	35500000	0.00657743
chr3_pat	35500000	35600000	0.00616289
chr3_pat	35600000	35700000	0.00916448
chr3_pat	35700000	35800000	0.00916039
chr3_pat	35800000	35900000	0.00775885
chr3_pat	35900000	36000000	0.00779295
chr3_pat	36000000	36100000	0.00866739
chr3_pat	36100000	36200000	0.00990195
chr3_pat	36200000	36300000	0.00948154
chr3_pat	36300000	36400000	0.00977215
chr3_pat	36400000	36500000	0.00947494
chr3_pat	36500000	36600000	0.00621984
chr3_pat	36600000	36700000	0.00777534
chr3_pat	36700000	36800000	0.0106155
chr3_pat	36800000	36900000	0.00959761
chr3_pat	36900000	37000000	0.00716061
chr3_pat	37000000	37100000	0.00678248
chr3_pat	37100000	37200000	0.00687097
chr3_pat	37200000	37300000	0.00923492
chr3_pat	37300000	37400000	0.01057
chr3_pat	37400000	37500000	0.00852707
chr3_pat	37500000	37600000	0.00730064
chr3_pat	37600000	37700000	0.00663116
chr3_pat	37700000	37800000	0.00795761
chr3_pat	37800000	37900000	0.00907422
chr3_pat	37900000	38000000	0.00693582
chr3_pat	38000000	38100000	0.00784222
chr3_pat	38100000	38200000	0.0105777
chr3_pat	38200000	38300000	0.00900959
chr3_pat	38300000	38400000	0.0068591
chr3_pat	38400000	38500000	0.00946909
chr3_pat	38500000	38600000	0.00871189
chr3_pat	38600000	38700000	0.00830011
chr3_pat	38700000	38800000	0.00849167
chr3_pat	38800000	38900000	0.00833866
chr3_pat	38900000	39000000	0.00796556
chr3_pat	39000000	39100000	0.00835378
chr3_pat	39100000	39200000	0.00786176
chr3_pat	39200000	39300000	0.00834253
chr3_pat	39300000	39400000	0.00835776
chr3_pat	39400000	39500000	0.00808498
chr3_pat	39500000	39600000	0.00846802
chr3_pat	39600000	39700000	0.00811226
chr3_pat	39700000	39800000	0.00822889
chr3_pat	39800000	39900000	0.00835622
chr3_pat	39900000	40000000	0.00841618
chr3_pat	40000000	40100000	0.00808524
chr3_pat	40100000	40200000	0.00811329
chr3_pat	40200000	40300000	0.00850435
chr3_pat	40300000	40400000	0.00806991
chr3_pat	40400000	40500000	0.00894595
chr3_pat	40500000	40600000	0.00865794
chr3_pat	40600000	40700000	0.00708294
chr3_pat	40700000	40800000	0.0068816
chr3_pat	40800000	40900000	0.00886841
chr3_pat	40900000	41000000	0.00853334
chr3_pat	41000000	41100000	0.00793394
chr3_pat	41100000	41200000	0.0087192
chr3_pat	41200000	41300000	0.00887953
chr3_pat	41300000	41400000	0.00890542
chr3_pat	41400000	41500000	0.00923735
chr3_pat	41500000	41600000	0.00913278
chr3_pat	41600000	41700000	0.00983864
chr3_pat	41700000	41800000	0.00774395
chr3_pat	41800000	41900000	0.00974725
chr3_pat	41900000	42000000	0.0075011
chr3_pat	42000000	42100000	0.00640982
chr3_pat	42100000	42200000	0.00959324
chr3_pat	42200000	42300000	0.00942663
chr3_pat	42300000	42400000	0.00978345
chr3_pat	42400000	42500000	0.00900765
chr3_pat	42500000	42600000	0.00818597
chr3_pat	42600000	42700000	0.00767109
chr3_pat	42700000	42800000	0.00642218
chr3_pat	42800000	42900000	0.00813252
chr3_pat	42900000	43000000	0.00908788
chr3_pat	43000000	43100000	0.00843866
chr3_pat	43100000	43200000	0.00858623
chr3_pat	43200000	43300000	0.00846786
chr3_pat	43300000	43400000	0.0081106
chr3_pat	43400000	43500000	0.00820714
chr3_pat	43500000	43600000	0.0082204
chr3_pat	43600000	43700000	0.00834008
chr3_pat	43700000	43800000	0.00810878
chr3_pat	43800000	43900000	0.00806752
chr3_pat	43900000	44000000	0.00816616
chr3_pat	44000000	44100000	0.00886401
chr3_pat	44100000	44200000	0.00875826
chr3_pat	44200000	44300000	0.00938884
chr3_pat	44300000	44400000	0.00872891
chr3_pat	44400000	44500000	0.00713998
chr3_pat	44500000	44600000	0.0101424
chr3_pat	44600000	44700000	0.00873505
chr3_pat	44700000	44800000	0.00819853
chr3_pat	44800000	44900000	0.0100127
chr3_pat	44900000	45000000	0.00989737
chr3_pat	45000000	45100000	0.00999206
chr3_pat	45100000	45200000	0.00759464
chr3_pat	45200000	45300000	0.00864204
chr3_pat	45300000	45400000	0.00784628
chr3_pat	45400000	45500000	0.00970311
chr3_pat	45500000	45600000	0.00949297
chr3_pat	45600000	45700000	0.010268
chr3_pat	45700000	45800000	0.0108806
chr3_pat	45800000	45900000	0.00839616
chr3_pat	45900000	46000000	0.00822949
chr3_pat	46000000	46100000	0.0072929
chr3_pat	46100000	46200000	0.00559932
chr3_pat	46200000	46300000	0.00699788
chr3_pat	46300000	46400000	0.00877061
chr3_pat	46400000	46500000	0.00833247
chr3_pat	46500000	46600000	0.00681948
chr3_pat	46600000	46700000	0.0067508
chr3_pat	46700000	46800000	0.0095051
chr3_pat	46800000	46900000	0.00668496
chr3_pat	46900000	47000000	0.00758574
chr3_pat	47000000	47100000	0.0075722
chr3_pat	47100000	47200000	0.00664719
chr3_pat	47200000	47300000	0.00778776
chr3_pat	47300000	47400000	0.00782167
chr3_pat	47400000	47500000	0.00858089
chr3_pat	47500000	47600000	0.00925609
chr3_pat	47600000	47700000	0.00987319
chr3_pat	47700000	47800000	0.00830142
chr3_pat	47800000	47900000	0.00961534
chr3_pat	47900000	48000000	0.00921725
chr3_pat	48000000	48100000	0.00934027
chr3_pat	48100000	48200000	0.00888169
chr3_pat	48200000	48300000	0.00900236
chr3_pat	48300000	48400000	0.00933719
chr3_pat	48400000	48500000	0.00944495
chr3_pat	48500000	48600000	0.00953778
chr3_pat	48600000	48700000	0.0071178
chr3_pat	48700000	48800000	0.0085483
chr3_pat	48800000	48900000	0.00878173
chr3_pat	48900000	49000000	0.00911308
chr3_pat	49000000	49100000	0.00880431
chr3_pat	49100000	49200000	0.00877496
chr3_pat	49200000	49300000	0.00854281
chr3_pat	49300000	49400000	0.0084034
chr3_pat	49400000	49500000	0.00825047
chr3_pat	49500000	49600000	0.00795121
chr3_pat	49600000	49700000	0.00904292
chr3_pat	49700000	49800000	0.00680695
chr3_pat	49800000	49900000	0.00958002
chr3_pat	49900000	50000000	0.0103266
chr3_pat	50000000	50100000	0.00875008
chr3_pat	50100000	50200000	0.00704432
chr3_pat	50200000	50300000	0.00963777
chr3_pat	50300000	50400000	0.00957431
chr3_pat	50400000	50500000	0.00933583
chr3_pat	50500000	50600000	0.00876822
chr3_pat	50600000	50700000	0.00721788
chr3_pat	50700000	50800000	0.00911086
chr3_pat	50800000	50900000	0.00885224
chr3_pat	50900000	51000000	0.00883796
chr3_pat	51000000	51100000	0.00912742
chr3_pat	51100000	51200000	0.00869135
chr3_pat	51200000	51300000	0.00846641
chr3_pat	51300000	51400000	0.00931749
chr3_pat	51400000	51500000	0.0089073
chr3_pat	51500000	51600000	0.00866684
chr3_pat	51600000	51700000	0.00854998
chr3_pat	51700000	51800000	0.00853062
chr3_pat	51800000	51900000	0.008788
chr3_pat	51900000	52000000	0.00867426
chr3_pat	52000000	52100000	0.00646388
chr3_pat	52100000	52200000	0.00991416
chr3_pat	52200000	52300000	0.00951741
chr3_pat	52300000	52400000	0.0085337
chr3_pat	52400000	52500000	0.00860163
chr3_pat	52500000	52600000	0.00927018
chr3_pat	52600000	52700000	0.00884964
chr3_pat	52700000	52800000	0.00865381
chr3_pat	52800000	52900000	0.00921568
chr3_pat	52900000	53000000	0.00857345
chr3_pat	53000000	53100000	0.00907751
chr3_pat	53100000	53200000	0.00952781
chr3_pat	53200000	53300000	0.00854985
chr3_pat	53300000	53400000	0.00950789
chr3_pat	53400000	53500000	0.00958267
chr3_pat	53500000	53600000	0.00787295
chr3_pat	53600000	53700000	0.0069506
chr3_pat	53700000	53800000	0.00866524
chr3_pat	53800000	53900000	0.00908451
chr3_pat	53900000	54000000	0.0096919
chr3_pat	54000000	54100000	0.0100665
chr3_pat	54100000	54200000	0.00739339
chr3_pat	54200000	54300000	0.00923482
chr3_pat	54300000	54400000	0.0099357
chr3_pat	54400000	54500000	0.00918476
chr3_pat	54500000	54600000	0.00955602
chr3_pat	54600000	54700000	0.00976469
chr3_pat	54700000	54800000	0.00911315
chr3_pat	54800000	54900000	0.00877943
chr3_pat	54900000	55000000	0.0086666
chr3_pat	55000000	55100000	0.00895264
chr3_pat	55100000	55200000	0.00875301
chr3_pat	55200000	55300000	0.00920674
chr3_pat	55300000	55400000	0.00955725
chr3_pat	55400000	55500000	0.00926871
chr3_pat	55500000	55600000	0.0093602
chr3_pat	55600000	55700000	0.00955963
chr3_pat	55700000	55800000	0.00904266
chr3_pat	55800000	55900000	0.00899378
chr3_pat	55900000	56000000	0.0083279
chr3_pat	56000000	56100000	0.00834805
chr3_pat	56100000	56200000	0.00621777
chr3_pat	56200000	56300000	0.0100552
chr3_pat	56300000	56400000	0.00988869
chr3_pat	56400000	56500000	0.0101767
chr3_pat	56500000	56600000	0.00870008
chr3_pat	56600000	56700000	0.00841825
chr3_pat	56700000	56800000	0.0101673
chr3_pat	56800000	56900000	0.010029
chr3_pat	56900000	57000000	0.00945042
chr3_pat	57000000	57100000	0.00936188
chr3_pat	57100000	57200000	0.00632013
chr3_pat	57200000	57300000	0.00895139
chr3_pat	57300000	57400000	0.00905922
chr3_pat	57400000	57500000	0.00949041
chr3_pat	57500000	57600000	0.00650624
chr3_pat	57600000	57700000	0.00617498
chr3_pat	57700000	57800000	0.00823112
chr3_pat	57800000	57900000	0.00873786
chr3_pat	57900000	58000000	0.00668257
chr3_pat	58000000	58100000	0.00614865
chr3_pat	58100000	58200000	0.010349
chr3_pat	58200000	58300000	0.0090094
chr3_pat	58300000	58400000	0.00544922
chr3_pat	58400000	58500000	0.00929304
chr3_pat	58500000	58600000	0.0103333
chr3_pat	58600000	58700000	0.00860336
chr3_pat	58700000	58800000	0.00802258
chr3_pat	58800000	58900000	0.00912191
chr3_pat	58900000	59000000	0.00938182
chr3_pat	59000000	59100000	0.00647241
chr3_pat	59100000	59200000	0.00749956
chr3_pat	59200000	59300000	0.00813086
chr3_pat	59300000	59400000	0.00838429
chr3_pat	59400000	59500000	0.00833875
chr3_pat	59500000	59600000	0.00867275
chr3_pat	59600000	59700000	0.00825052
chr3_pat	59700000	59800000	0.00728987
chr3_pat	59800000	59900000	0.00929395
chr3_pat	59900000	60000000	0.00911367
chr3_pat	60000000	60100000	0.00925001
chr3_pat	60100000	60200000	0.00936841
chr3_pat	60200000	60300000	0.00949057
chr3_pat	60300000	60400000	0.00930109
chr3_pat	60400000	60500000	0.00651901
chr3_pat	60500000	60600000	0.00758727
chr3_pat	60600000	60700000	0.00865075
chr3_pat	60700000	60800000	0.00759667
chr3_pat	60800000	60900000	0.00954006
chr3_pat	60900000	61000000	0.0101232
chr3_pat	61000000	61100000	0.00998344
chr3_pat	61100000	61200000	0.0105424
chr3_pat	61200000	61300000	0.00894002
chr3_pat	61300000	61400000	0.0072452
chr3_pat	61400000	61500000	0.00734247
chr3_pat	61500000	61600000	0.00737973
chr3_pat	61600000	61700000	0.007965
chr3_pat	61700000	61800000	0.00839628
chr3_pat	61800000	61900000	0.00919828
chr3_pat	61900000	62000000	0.00883785
chr3_pat	62000000	62100000	0.00618244
chr3_pat	62100000	62200000	0.00983915
chr3_pat	62200000	62300000	0.00707487
chr3_pat	62300000	62400000	0.0069214
chr3_pat	62400000	62500000	0.00844122
chr3_pat	62500000	62600000	0.0095667
chr3_pat	62600000	62700000	0.00710455
chr3_pat	62700000	62800000	0.0087342
chr3_pat	62800000	62900000	0.00620567
chr3_pat	62900000	63000000	0.00607541
chr3_pat	63000000	63100000	0.00959332
chr3_pat	63100000	63200000	0.00932171
chr3_pat	63200000	63300000	0.00672989
chr3_pat	63300000	63400000	0.00942213
chr3_pat	63400000	63500000	0.00876479
chr3_pat	63500000	63600000	0.00900864
chr3_pat	63600000	63700000	0.00933289
chr3_pat	63700000	63800000	0.00917514
chr3_pat	63800000	63900000	0.0088893
chr3_pat	63900000	64000000	0.00827294
chr3_pat	64000000	64100000	0.00934065
chr3_pat	64100000	64200000	0.00921054
chr3_pat	64200000	64300000	0.00887452
chr3_pat	64300000	64400000	0.0058411
chr3_pat	64400000	64500000	0.0103167
chr3_pat	64500000	64600000	0.0109342
chr3_pat	64600000	64700000	0.00894625
chr3_pat	64700000	64800000	0.00946552
chr3_pat	64800000	64900000	0.00824497
chr3_pat	64900000	65000000	0.0100695
chr3_pat	65000000	65100000	0.0080203
chr3_pat	65100000	65200000	0.00818449
chr3_pat	65200000	65300000	0.00912289
chr3_pat	65300000	65400000	0.00986958
chr3_pat	65400000	65500000	0.00611884
chr3_pat	65500000	65600000	0.00898072
chr3_pat	65600000	65700000	0.00911041
chr3_pat	65700000	65800000	0.00871251
chr3_pat	65800000	65900000	0.00665142
chr3_pat	65900000	66000000	0.00893107
chr3_pat	66000000	66100000	0.00920444
chr3_pat	66100000	66200000	0.00905146
chr3_pat	66200000	66300000	0.010429
chr3_pat	66300000	66400000	0.00962283
chr3_pat	66400000	66500000	0.00642024
chr3_pat	66500000	66600000	0.00666943
chr3_pat	66600000	66700000	0.00909155
chr3_pat	66700000	66800000	0.00900796
chr3_pat	66800000	66900000	0.00919702
chr3_pat	66900000	67000000	0.00917351
chr3_pat	67000000	67100000	0.00873573
chr3_pat	67100000	67200000	0.00859898
chr3_pat	67200000	67300000	0.00892042
chr3_pat	67300000	67400000	0.00995064
chr3_pat	67400000	67500000	0.0100033
chr3_pat	67500000	67600000	0.00950102
chr3_pat	67600000	67700000	0.0101247
chr3_pat	67700000	67800000	0.00935187
chr3_pat	67800000	67900000	0.00982347
chr3_pat	67900000	68000000	0.00798643
chr3_pat	68000000	68100000	0.00672272
chr3_pat	68100000	68200000	0.00692474
chr3_pat	68200000	68300000	0.00905927
chr3_pat	68300000	68400000	0.00994711
chr3_pat	68400000	68500000	0.00943398
chr3_pat	68500000	68600000	0.00913096
chr3_pat	68600000	68700000	0.00886439
chr3_pat	68700000	68800000	0.00930672
chr3_pat	68800000	68900000	0.00920576
chr3_pat	68900000	69000000	0.00920696
chr3_pat	69000000	69100000	0.00926646
chr3_pat	69100000	69200000	0.00929243
chr3_pat	69200000	69300000	0.00896604
chr3_pat	69300000	69400000	0.00910533
chr3_pat	69400000	69500000	0.00922915
chr3_pat	69500000	69600000	0.00941261
chr3_pat	69600000	69700000	0.00911114
chr3_pat	69700000	69800000	0.00909495
chr3_pat	69800000	69900000	0.00938054
chr3_pat	69900000	70000000	0.00911108
chr3_pat	70000000	70100000	0.00855131
chr3_pat	70100000	70200000	0.00602129
chr3_pat	70200000	70300000	0.00725276
chr3_pat	70300000	70400000	0.00825284
chr3_pat	70400000	70500000	0.00681881
chr3_pat	70500000	70600000	0.00556372
chr3_pat	70600000	70700000	0.0061994
chr3_pat	70700000	70800000	0.00923974
chr3_pat	70800000	70900000	0.00786018
chr3_pat	70900000	71000000	0.00770318
chr3_pat	71000000	71100000	0.0099624
chr3_pat	71100000	71200000	0.0100019
chr3_pat	71200000	71300000	0.00985726
chr3_pat	71300000	71400000	0.00938484
chr3_pat	71400000	71500000	0.00956225
chr3_pat	71500000	71600000	0.00994062
chr3_pat	71600000	71700000	0.00952636
chr3_pat	71700000	71800000	0.00932286
chr3_pat	71800000	71900000	0.0102436
chr3_pat	71900000	72000000	0.0101809
chr3_pat	72000000	72100000	0.0107875
chr3_pat	72100000	72200000	0.0094073
chr3_pat	72200000	72300000	0.00586546
chr3_pat	72300000	72400000	0.00893175
chr3_pat	72400000	72500000	0.0109531
chr3_pat	72500000	72600000	0.00800739
chr3_pat	72600000	72700000	0.00605884
chr3_pat	72700000	72800000	0.00964018
chr3_pat	72800000	72900000	0.00976831
chr3_pat	72900000	73000000	0.0102562
chr3_pat	73000000	73100000	0.00809603
chr3_pat	73100000	73200000	0.00738054
chr3_pat	73200000	73300000	0.00888589
chr3_pat	73300000	73400000	0.00758921
chr3_pat	73400000	73500000	0.00863673
chr3_pat	73500000	73600000	0.0101264
chr3_pat	73600000	73700000	0.00995567
chr3_pat	73700000	73800000	0.00742209
chr3_pat	73800000	73900000	0.00940717
chr3_pat	73900000	74000000	0.00971484
chr3_pat	74000000	74100000	0.0092827
chr3_pat	74100000	74200000	0.00971042
chr3_pat	74200000	74300000	0.00938245
chr3_pat	74300000	74400000	0.00955822
chr3_pat	74400000	74500000	0.0104602
chr3_pat	74500000	74600000	0.00994184
chr3_pat	74600000	74700000	0.0102502
chr3_pat	74700000	74800000	0.00975526
chr3_pat	74800000	74900000	0.0101795
chr3_pat	74900000	75000000	0.0107503
chr3_pat	75000000	75100000	0.0096515
chr3_pat	75100000	75200000	0.00778578
chr3_pat	75200000	75300000	0.0104751
chr3_pat	75300000	75400000	0.0108946
chr3_pat	75400000	75500000	0.00863273
chr3_pat	75500000	75600000	0.00699794
chr3_pat	75600000	75700000	0.010464
chr3_pat	75700000	75800000	0.00992635
chr3_pat	75800000	75900000	0.0100454
chr3_pat	75900000	76000000	0.010223
chr3_pat	76000000	76100000	0.0107928
chr3_pat	76100000	76200000	0.0095566
chr3_pat	76200000	76300000	0.0114103
chr3_pat	76300000	76400000	0.0100057
chr3_pat	76400000	76500000	0.00986086
chr3_pat	76500000	76600000	0.0100746
chr3_pat	76600000	76700000	0.00821916
chr3_pat	76700000	76800000	0.00809556
chr3_pat	76800000	76900000	0.00690315
chr3_pat	76900000	77000000	0.0072302
chr3_pat	77000000	77100000	0.00898111
chr3_pat	77100000	77200000	0.00866059
chr3_pat	77200000	77300000	0.00765982
chr3_pat	77300000	77400000	0.00972207
chr3_pat	77400000	77500000	0.00925255
chr3_pat	77500000	77600000	0.00998956
chr3_pat	77600000	77700000	0.00999027
chr3_pat	77700000	77800000	0.0101206
chr3_pat	77800000	77900000	0.00965183
chr3_pat	77900000	78000000	0.0082803
chr3_pat	78000000	78100000	0.00676336
chr3_pat	78100000	78200000	0.0144919
chr3_pat	78200000	78300000	
chr3_pat	78300000	78400000	
chr3_pat	78400000	78500000	
chr3_pat	78500000	78600000	
chr3_pat	78600000	78700000	
chr3_pat	78700000	78800000	
chr3_pat	78800000	78900000	
chr3_pat	78900000	79000000	
chr3_pat	79000000	79100000	0.0111654
chr3_pat	79100000	79200000	0.00889078
chr3_pat	79200000	79300000	0.00615247
chr3_pat	79300000	79400000	0.0072296
chr3_pat	79400000	79500000	0.00813
chr3_pat	79500000	79600000	0.0114126
chr3_pat	79600000	79700000	0.0121297
chr3_pat	79700000	79800000	0.00965861
chr3_pat	79800000	79900000	0.0103324
chr3_pat	79900000	80000000	0.0113802
chr3_pat	80000000	80100000	0.0106997
chr3_pat	80100000	80200000	0.010085
chr3_pat	80200000	80300000	0.0103985
chr3_pat	80300000	80400000	0.0102773
chr3_pat	80400000	80500000	0.010039
chr3_pat	80500000	80600000	0.00965538
chr3_pat	80600000	80700000	0.00962828
chr3_pat	80700000	80800000	0.00655802
chr3_pat	80800000	80900000	0.00918981
chr3_pat	80900000	81000000	0.00601024
chr3_pat	81000000	81100000	0.00644315
chr3_pat	81100000	81200000	0.00847665
chr3_pat	81200000	81300000	0.00958109
chr3_pat	81300000	81400000	0.00771358
chr3_pat	81400000	81500000	0.00558783
chr3_pat	81500000	81600000	0.00626966
chr3_pat	81600000	81700000	0.00836388
chr3_pat	81700000	81800000	0.00957835
chr3_pat	81800000	81900000	0.00988756
chr3_pat	81900000	82000000	0.00954283
chr3_pat	82000000	82100000	0.00653265
chr3_pat	82100000	82200000	0.00667489
chr3_pat	82200000	82300000	0.00583316
chr3_pat	82300000	82400000	0.0123144
chr3_pat	82400000	82500000	0.00664465
chr3_pat	82500000	82600000	0.00855078
chr3_pat	82600000	82700000	0.00936291
chr3_pat	82700000	82800000	0.00976932
chr3_pat	82800000	82900000	0.0102749
chr3_pat	82900000	83000000	0.0101805
chr3_pat	83000000	83100000	0.00970973
chr3_pat	83100000	83200000	0.00960426
chr3_pat	83200000	83300000	0.00623481
chr3_pat	83300000	83400000	0.00831672
chr3_pat	83400000	83500000	0.00907317
chr3_pat	83500000	83600000	0.00863105
chr3_pat	83600000	83700000	0.00890253
chr3_pat	83700000	83800000	0.00766695
chr3_pat	83800000	83900000	0.00859248
chr3_pat	83900000	84000000	0.00909278
chr3_pat	84000000	84100000	0.00942376
chr3_pat	84100000	84200000	0.00962028
chr3_pat	84200000	84300000	0.00777288
chr3_pat	84300000	84400000	0.00940106
chr3_pat	84400000	84500000	0.00723147
chr3_pat	84500000	84600000	0.00842157
chr3_pat	84600000	84700000	0.00710829
chr3_pat	84700000	84800000	0.00794576
chr3_pat	84800000	84900000	0.00804343
chr3_pat	84900000	85000000	0.00661457
chr3_pat	85000000	85100000	0.00659527
chr3_pat	85100000	85200000	0.0106612
chr3_pat	85200000	85300000	0.0114293
chr3_pat	85300000	85400000	0.00990871
chr3_pat	85400000	85500000	0.00744851
chr3_pat	85500000	85600000	0.00807409
chr3_pat	85600000	85700000	0.00901504
chr3_pat	85700000	85800000	0.00618475
chr3_pat	85800000	85900000	0.00913695
chr3_pat	85900000	86000000	0.00941788
chr3_pat	86000000	86100000	0.00706148
chr3_pat	86100000	86200000	0.00805772
chr3_pat	86200000	86300000	0.00754437
chr3_pat	86300000	86400000	0.00771684
chr3_pat	86400000	86500000	0.00829862
chr3_pat	86500000	86600000	0.00860184
chr3_pat	86600000	86700000	0.00691999
chr3_pat	86700000	86800000	0.00778746
chr3_pat	86800000	86900000	0.00834889
chr3_pat	86900000	87000000	0.00741345
chr3_pat	87000000	87100000	0.0050799
chr3_pat	87100000	87200000	0.00631397
chr3_pat	87200000	87300000	0.00610386
chr3_pat	87300000	87400000	0.0083462
chr3_pat	87400000	87500000	0.00999836
chr3_pat	87500000	87600000	0.00731643
chr3_pat	87600000	87700000	0.0059301
chr3_pat	87700000	87800000	0.0082919
chr3_pat	87800000	87900000	0.0078514
chr3_pat	87900000	88000000	0.00951923
chr3_pat	88000000	88100000	0.0104556
chr3_pat	88100000	88200000	0.00997855
chr3_pat	88200000	88300000	0.00984686
chr3_pat	88300000	88400000	0.00900938
chr3_pat	88400000	88500000	0.00704068
chr3_pat	88500000	88600000	0.00954231
chr3_pat	88600000	88700000	0.00964339
chr3_pat	88700000	88800000	0.00956406
chr3_pat	88800000	88900000	0.0105249
chr3_pat	88900000	89000000	0.0109348
chr3_pat	89000000	89100000	0.0106941
chr3_pat	89100000	89200000	0.0106095
chr3_pat	89200000	89300000	0.00950757
chr3_pat	89300000	89400000	0.00667101
chr3_pat	89400000	89500000	0.00887754
chr3_pat	89500000	89600000	0.00704263
chr3_pat	89600000	89700000	0.00698357
chr3_pat	89700000	89800000	0.00594279
chr3_pat	89800000	89900000	0.00731589
chr3_pat	89900000	90000000	0.00942664
chr3_pat	90000000	90100000	0.0105444
chr3_pat	90100000	90200000	0.0106185
chr3_pat	90200000	90300000	0.00998942
chr3_pat	90300000	90400000	0.00957828
chr3_pat	90400000	90500000	0.00729944
chr3_pat	90500000	90600000	0.00752016
chr3_pat	90600000	90700000	0.00978904
chr3_pat	90700000	90800000	0.00908194
chr3_pat	90800000	90900000	0.00911838
chr3_pat	90900000	91000000	0.00912576
chr3_pat	91000000	91100000	0.00888526
chr3_pat	91100000	91200000	0.0101426
chr3_pat	91200000	91300000	0.0096429
chr3_pat	91300000	91400000	0.00969589
chr3_pat	91400000	91500000	0.00696885
chr3_pat	91500000	91600000	0.00856211
chr3_pat	91600000	91700000	0.00931559
chr3_pat	91700000	91800000	0.00973179
chr3_pat	91800000	91900000	0.00919267
chr3_pat	91900000	92000000	0.00901106
chr3_pat	92000000	92100000	0.00961906
chr3_pat	92100000	92200000	0.00753395
chr3_pat	92200000	92300000	0.00703728
chr3_pat	92300000	92400000	0.00672231
chr3_pat	92400000	92500000	0.00948322
chr3_pat	92500000	92600000	0.00926354
chr3_pat	92600000	92700000	0.00933381
chr3_pat	92700000	92800000	0.00946524
chr3_pat	92800000	92900000	0.0091102
chr3_pat	92900000	93000000	0.00943273
chr3_pat	93000000	93100000	0.0084764
chr3_pat	93100000	93200000	0.00912785
chr3_pat	93200000	93300000	0.0089639
chr3_pat	93300000	93400000	0.00925004
chr3_pat	93400000	93500000	0.00911911
chr3_pat	93500000	93600000	0.00897369
chr3_pat	93600000	93700000	0.00899918
chr3_pat	93700000	93800000	0.0097433
chr3_pat	93800000	93900000	0.0101084
chr3_pat	93900000	94000000	0.0100661
chr3_pat	94000000	94100000	0.00981117
chr3_pat	94100000	94200000	0.00954074
chr3_pat	94200000	94300000	0.0100883
chr3_pat	94300000	94400000	0.00717147
chr3_pat	94400000	94500000	0.00722441
chr3_pat	94500000	94600000	0.00645814
chr3_pat	94600000	94700000	0.0101362
chr3_pat	94700000	94800000	0.00882931
chr3_pat	94800000	94900000	0.00661767
chr3_pat	94900000	95000000	0.00984538
chr3_pat	95000000	95100000	0.00994785
chr3_pat	95100000	95200000	0.0104581
chr3_pat	95200000	95300000	0.00885416
chr3_pat	95300000	95400000	0.00701906
chr3_pat	95400000	95500000	0.00754145
chr3_pat	95500000	95600000	0.0088713
chr3_pat	95600000	95700000	0.00745806
chr3_pat	95700000	95800000	0.00864084
chr3_pat	95800000	95900000	0.00806288
chr3_pat	95900000	96000000	0.00616259
chr3_pat	96000000	96100000	0.00781596
chr3_pat	96100000	96200000	0.00894177
chr3_pat	96200000	96300000	0.010189
chr3_pat	96300000	96400000	0.0111977
chr3_pat	96400000	96500000	0.00812213
chr3_pat	96500000	96600000	0.00944564
chr3_pat	96600000	96700000	0.00974506
chr3_pat	96700000	96800000	0.00862133
chr3_pat	96800000	96900000	0.00825562
chr3_pat	96900000	97000000	0.0104884
chr3_pat	97000000	97100000	0.00766565
chr3_pat	97100000	97200000	0.00709337
chr3_pat	97200000	97300000	0.00646375
chr3_pat	97300000	97400000	0.00708504
chr3_pat	97400000	97500000	0.006229
chr3_pat	97500000	97600000	0.00877602
chr3_pat	97600000	97700000	0.00576126
chr3_pat	97700000	97800000	0.00633762
chr3_pat	97800000	97900000	0.00689803
chr3_pat	97900000	98000000	0.00740539
chr3_pat	98000000	98100000	0.00652958
chr3_pat	98100000	98200000	0.00827818
chr3_pat	98200000	98300000	0.00897584
chr3_pat	98300000	98400000	0.00861832
chr3_pat	98400000	98500000	0.00837679
chr3_pat	98500000	98600000	0.00892506
chr3_pat	98600000	98700000	0.0095659
chr3_pat	98700000	98800000	0.00972349
chr3_pat	98800000	98900000	0.00984672
chr3_pat	98900000	99000000	0.00888292
chr3_pat	99000000	99100000	0.00828266
chr3_pat	99100000	99200000	0.00645193
chr3_pat	99200000	99300000	0.00716419
chr3_pat	99300000	99400000	0.00735838
chr3_pat	99400000	99500000	0.00838618
chr3_pat	99500000	99600000	0.00751375
chr3_pat	99600000	99700000	0.00676572
chr3_pat	99700000	99800000	0.00694417
chr3_pat	99800000	99900000	0.00730896
chr3_pat	99900000	100000000	0.00852605
chr3_pat	100000000	100100000	0.00911447
chr3_pat	100100000	100200000	0.00940131
chr3_pat	100200000	100300000	0.00884358
chr3_pat	100300000	100400000	0.00895451
chr3_pat	100400000	100500000	0.00868833
chr3_pat	100500000	100600000	0.00827129
chr3_pat	100600000	100700000	0.00894199
chr3_pat	100700000	100800000	0.00760101
chr3_pat	100800000	100900000	0.00893658
chr3_pat	100900000	101000000	0.00900216
chr3_pat	101000000	101100000	0.00903629
chr3_pat	101100000	101200000	0.0091112
chr3_pat	101200000	101300000	0.00903118
chr3_pat	101300000	101400000	0.00979004
chr3_pat	101400000	101500000	0.00978015
chr3_pat	101500000	101600000	0.00761277
chr3_pat	101600000	101700000	0.00541131
chr3_pat	101700000	101800000	0.00774653
chr3_pat	101800000	101900000	0.00771843
chr3_pat	101900000	102000000	0.00907213
chr3_pat	102000000	102100000	0.00927376
chr3_pat	102100000	102200000	0.00955524
chr3_pat	102200000	102300000	0.00984639
chr3_pat	102300000	102400000	0.00863683
chr3_pat	102400000	102500000	0.00779885
chr3_pat	102500000	102600000	0.00608523
chr3_pat	102600000	102700000	0.00705883
chr3_pat	102700000	102800000	0.0073312
chr3_pat	102800000	102900000	0.00817091
chr3_pat	102900000	103000000	0.00711777
chr3_pat	103000000	103100000	0.00785099
chr3_pat	103100000	103200000	0.00929871
chr3_pat	103200000	103300000	0.00943232
chr3_pat	103300000	103400000	0.00947505
chr3_pat	103400000	103500000	0.00954129
chr3_pat	103500000	103600000	0.00912633
chr3_pat	103600000	103700000	0.00885712
chr3_pat	103700000	103800000	0.00719078
chr3_pat	103800000	103900000	0.00855782
chr3_pat	103900000	104000000	0.00805832
chr3_pat	104000000	104100000	0.0073272
chr3_pat	104100000	104200000	0.00833381
chr3_pat	104200000	104300000	0.00840371
chr3_pat	104300000	104400000	0.00898991
chr3_pat	104400000	104500000	0.00887191
chr3_pat	104500000	104600000	0.00886778
chr3_pat	104600000	104700000	0.00912044
chr3_pat	104700000	104800000	0.00859089
chr3_pat	104800000	104900000	0.00881372
chr3_pat	104900000	105000000	0.0093411
chr3_pat	105000000	105100000	0.00790107
chr3_pat	105100000	105200000	0.00852537
chr3_pat	105200000	105300000	0.00849525
chr3_pat	105300000	105400000	0.00845992
chr3_pat	105400000	105500000	0.00865002
chr3_pat	105500000	105600000	0.00788159
chr3_pat	105600000	105700000	0.00833781
chr3_pat	105700000	105800000	0.00865136
chr3_pat	105800000	105900000	0.00891702
chr3_pat	105900000	106000000	0.00668284
chr3_pat	106000000	106100000	0.00611269
chr3_pat	106100000	106200000	0.00800129
chr3_pat	106200000	106300000	0.00706738
chr3_pat	106300000	106400000	0.00928841
chr3_pat	106400000	106500000	0.00932236
chr3_pat	106500000	106600000	0.00937747
chr3_pat	106600000	106700000	0.00866602
chr3_pat	106700000	106800000	0.0092278
chr3_pat	106800000	106900000	0.00604162
chr3_pat	106900000	107000000	0.00704419
chr3_pat	107000000	107100000	0.00809261
chr3_pat	107100000	107200000	0.00911314
chr3_pat	107200000	107300000	0.00852668
chr3_pat	107300000	107400000	0.00912303
chr3_pat	107400000	107500000	0.00808809
chr3_pat	107500000	107600000	0.00891823
chr3_pat	107600000	107700000	0.00725477
chr3_pat	107700000	107800000	0.0056975
chr3_pat	107800000	107900000	0.00860335
chr3_pat	107900000	108000000	0.00929062
chr3_pat	108000000	108100000	0.00796176
chr3_pat	108100000	108200000	0.00778954
chr3_pat	108200000	108300000	0.0065777
chr3_pat	108300000	108400000	0.00724938
chr3_pat	108400000	108500000	0.00964406
chr3_pat	108500000	108600000	0.00968224
chr3_pat	108600000	108700000	0.00900929
chr3_pat	108700000	108800000	0.00906762
chr3_pat	108800000	108900000	0.00930885
chr3_pat	108900000	109000000	0.0095281
chr3_pat	109000000	109100000	0.00879847
chr3_pat	109100000	109200000	0.00824667
chr3_pat	109200000	109300000	0.00563183
chr3_pat	109300000	109400000	0.00866983
chr3_pat	109400000	109500000	0.00904725
chr3_pat	109500000	109600000	0.00884041
chr3_pat	109600000	109700000	0.00907252
chr3_pat	109700000	109800000	0.00928265
chr3_pat	109800000	109900000	0.00920729
chr3_pat	109900000	110000000	0.00892417
chr3_pat	110000000	110100000	0.00924396
chr3_pat	110100000	110200000	0.00784517
chr3_pat	110200000	110300000	0.00656619
chr3_pat	110300000	110400000	0.00920977
chr3_pat	110400000	110500000	0.008811
chr3_pat	110500000	110600000	0.00882247
chr3_pat	110600000	110700000	0.00859825
chr3_pat	110700000	110800000	0.0090144
chr3_pat	110800000	110900000	0.00879322
chr3_pat	110900000	111000000	0.00905355
chr3_pat	111000000	111100000	0.00854639
chr3_pat	111100000	111200000	0.00875091
chr3_pat	111200000	111300000	0.00837006
chr3_pat	111300000	111400000	0.00902444
chr3_pat	111400000	111500000	0.00900964
chr3_pat	111500000	111600000	0.0089908
chr3_pat	111600000	111700000	0.0060361
chr3_pat	111700000	111800000	0.00624954
chr3_pat	111800000	111900000	0.00878187
chr3_pat	111900000	112000000	0.00896946
chr3_pat	112000000	112100000	0.00807178
chr3_pat	112100000	112200000	0.00893023
chr3_pat	112200000	112300000	0.00969808
chr3_pat	112300000	112400000	0.00964712
chr3_pat	112400000	112500000	0.00910737
chr3_pat	112500000	112600000	0.00823795
chr3_pat	112600000	112700000	0.00927485
chr3_pat	112700000	112800000	0.00920814
chr3_pat	112800000	112900000	0.00909889
chr3_pat	112900000	113000000	0.00884208
chr3_pat	113000000	113100000	0.00679643
chr3_pat	113100000	113200000	0.0065429
chr3_pat	113200000	113300000	0.00841711
chr3_pat	113300000	113400000	0.00700473
chr3_pat	113400000	113500000	0.00708806
chr3_pat	113500000	113600000	0.00661578
chr3_pat	113600000	113700000	0.008805
chr3_pat	113700000	113800000	0.00986442
chr3_pat	113800000	113900000	0.00860809
chr3_pat	113900000	114000000	0.00873122
chr3_pat	114000000	114100000	0.0076434
chr3_pat	114100000	114200000	0.00628748
chr3_pat	114200000	114300000	0.00622603
chr3_pat	114300000	114400000	0.00782608
chr3_pat	114400000	114500000	0.0103337
chr3_pat	114500000	114600000	0.00981734
chr3_pat	114600000	114700000	0.00630999
chr3_pat	114700000	114800000	0.00692538
chr3_pat	114800000	114900000	0.00614013
chr3_pat	114900000	115000000	0.0154292
chr3_pat	115000000	115100000	
chr3_pat	115100000	115134639	
chr4_pat	0	100000	
chr4_pat	100000	200000	0.00791461
chr4_pat	200000	300000	0.00943425
chr4_pat	300000	400000	0.011316
chr4_pat	400000	500000	0.0116519
chr4_pat	500000	600000	0.00936857
chr4_pat	600000	700000	0.00749856
chr4_pat	700000	800000	0.00724925
chr4_pat	800000	900000	0.0101794
chr4_pat	900000	1000000	0.00709317
chr4_pat	1000000	1100000	0.00795098
chr4_pat	1100000	1200000	0.00817197
chr4_pat	1200000	1300000	0.00703964
chr4_pat	1300000	1400000	0.00714631
chr4_pat	1400000	1500000	0.006227
chr4_pat	1500000	1600000	0.00824664
chr4_pat	1600000	1700000	0.00765035
chr4_pat	1700000	1800000	0.0104455
chr4_pat	1800000	1900000	0.00728198
chr4_pat	1900000	2000000	0.00719546
chr4_pat	2000000	2100000	0.00928636
chr4_pat	2100000	2200000	0.00907819
chr4_pat	2200000	2300000	0.00940074
chr4_pat	2300000	2400000	0.00951101
chr4_pat	2400000	2500000	0.00934417
chr4_pat	2500000	2600000	0.00861633
chr4_pat	2600000	2700000	0.00637618
chr4_pat	2700000	2800000	0.00796489
chr4_pat	2800000	2900000	0.00627376
chr4_pat	2900000	3000000	0.00584945
chr4_pat	3000000	3100000	0.0067442
chr4_pat	3100000	3200000	0.00674426
chr4_pat	3200000	3300000	0.00868563
chr4_pat	3300000	3400000	0.0085663
chr4_pat	3400000	3500000	0.00879489
chr4_pat	3500000	3600000	0.00825002
chr4_pat	3600000	3700000	0.00877805
chr4_pat	3700000	3800000	0.00858158
chr4_pat	3800000	3900000	0.00841185
chr4_pat	3900000	4000000	0.00846823
chr4_pat	4000000	4100000	0.00838872
chr4_pat	4100000	4200000	0.00796271
chr4_pat	4200000	4300000	0.00788299
chr4_pat	4300000	4400000	0.00831437
chr4_pat	4400000	4500000	0.00843194
chr4_pat	4500000	4600000	0.00809639
chr4_pat	4600000	4700000	0.00777945
chr4_pat	4700000	4800000	0.00812768
chr4_pat	4800000	4900000	0.008355
chr4_pat	4900000	5000000	0.00862137
chr4_pat	5000000	5100000	0.00857393
chr4_pat	5100000	5200000	0.00902045
chr4_pat	5200000	5300000	0.00919165
chr4_pat	5300000	5400000	0.0071994
chr4_pat	5400000	5500000	0.00685714
chr4_pat	5500000	5600000	0.0102382
chr4_pat	5600000	5700000	0.00933986
chr4_pat	5700000	5800000	0.00553407
chr4_pat	5800000	5900000	0.005496
chr4_pat	5900000	6000000	0.00647859
chr4_pat	6000000	6100000	0.00993022
chr4_pat	6100000	6200000	0.00985835
chr4_pat	6200000	6300000	0.00985962
chr4_pat	6300000	6400000	0.00972189
chr4_pat	6400000	6500000	0.00904867
chr4_pat	6500000	6600000	0.0131379
chr4_pat	6600000	6700000	0.00726648
chr4_pat	6700000	6800000	0.00698568
chr4_pat	6800000	6900000	0.00764029
chr4_pat	6900000	7000000	0.0055299
chr4_pat	7000000	7100000	0.00793257
chr4_pat	7100000	7200000	0.00883324
chr4_pat	7200000	7300000	0.0086738
chr4_pat	7300000	7400000	0.00652329
chr4_pat	7400000	7500000	0.00604909
chr4_pat	7500000	7600000	0.00601054
chr4_pat	7600000	7700000	0.00896936
chr4_pat	7700000	7800000	0.0094278
chr4_pat	7800000	7900000	0.00928178
chr4_pat	7900000	8000000	0.00915725
chr4_pat	8000000	8100000	0.00826133
chr4_pat	8100000	8200000	0.00645455
chr4_pat	8200000	8300000	0.00646077
chr4_pat	8300000	8400000	0.00819259
chr4_pat	8400000	8500000	0.00911925
chr4_pat	8500000	8600000	0.00719745
chr4_pat	8600000	8700000	0.00659925
chr4_pat	8700000	8800000	0.00782927
chr4_pat	8800000	8900000	0.00690115
chr4_pat	8900000	9000000	0.00540218
chr4_pat	9000000	9100000	0.00714112
chr4_pat	9100000	9200000	0.00613931
chr4_pat	9200000	9300000	0.0057445
chr4_pat	9300000	9400000	0.00580525
chr4_pat	9400000	9500000	0.00786142
chr4_pat	9500000	9600000	0.00881583
chr4_pat	9600000	9700000	0.00799411
chr4_pat	9700000	9800000	0.00894311
chr4_pat	9800000	9900000	0.00810954
chr4_pat	9900000	10000000	0.00842721
chr4_pat	10000000	10100000	0.00985603
chr4_pat	10100000	10200000	0.00898069
chr4_pat	10200000	10300000	0.00889035
chr4_pat	10300000	10400000	0.00861067
chr4_pat	10400000	10500000	0.00918856
chr4_pat	10500000	10600000	0.00826116
chr4_pat	10600000	10700000	0.008258
chr4_pat	10700000	10800000	0.00837279
chr4_pat	10800000	10900000	0.00890941
chr4_pat	10900000	11000000	0.00835413
chr4_pat	11000000	11100000	0.00878044
chr4_pat	11100000	11200000	0.00822959
chr4_pat	11200000	11300000	0.00858892
chr4_pat	11300000	11400000	0.00867035
chr4_pat	11400000	11500000	0.00847357
chr4_pat	11500000	11600000	0.00828029
chr4_pat	11600000	11700000	0.00604008
chr4_pat	11700000	11800000	0.0052012
chr4_pat	11800000	11900000	0.00680237
chr4_pat	11900000	12000000	0.00898038
chr4_pat	12000000	12100000	0.00655289
chr4_pat	12100000	12200000	0.00608489
chr4_pat	12200000	12300000	0.00670715
chr4_pat	12300000	12400000	0.0077631
chr4_pat	12400000	12500000	0.00865633
chr4_pat	12500000	12600000	0.00824134
chr4_pat	12600000	12700000	0.00828681
chr4_pat	12700000	12800000	0.0084773
chr4_pat	12800000	12900000	0.00797529
chr4_pat	12900000	13000000	0.00815351
chr4_pat	13000000	13100000	0.00731342
chr4_pat	13100000	13200000	0.0081489
chr4_pat	13200000	13300000	0.0083117
chr4_pat	13300000	13400000	0.00772537
chr4_pat	13400000	13500000	0.00843338
chr4_pat	13500000	13600000	0.00840076
chr4_pat	13600000	13700000	0.00849033
chr4_pat	13700000	13800000	0.00832487
chr4_pat	13800000	13900000	0.00867102
chr4_pat	13900000	14000000	0.00878284
chr4_pat	14000000	14100000	0.00793697
chr4_pat	14100000	14200000	0.00866791
chr4_pat	14200000	14300000	0.0067184
chr4_pat	14300000	14400000	0.00887936
chr4_pat	14400000	14500000	0.0088577
chr4_pat	14500000	14600000	0.00902642
chr4_pat	14600000	14700000	0.00870663
chr4_pat	14700000	14800000	0.00791933
chr4_pat	14800000	14900000	0.00876904
chr4_pat	14900000	15000000	0.00590185
chr4_pat	15000000	15100000	0.00795385
chr4_pat	15100000	15200000	0.00973098
chr4_pat	15200000	15300000	0.00693074
chr4_pat	15300000	15400000	0.00887215
chr4_pat	15400000	15500000	0.00867468
chr4_pat	15500000	15600000	0.00877227
chr4_pat	15600000	15700000	0.00838106
chr4_pat	15700000	15800000	0.00648895
chr4_pat	15800000	15900000	0.00734656
chr4_pat	15900000	16000000	0.00793566
chr4_pat	16000000	16100000	0.00845233
chr4_pat	16100000	16200000	0.00790793
chr4_pat	16200000	16300000	0.00829522
chr4_pat	16300000	16400000	0.00789833
chr4_pat	16400000	16500000	0.00818878
chr4_pat	16500000	16600000	0.00816916
chr4_pat	16600000	16700000	0.00861192
chr4_pat	16700000	16800000	0.00780293
chr4_pat	16800000	16900000	0.00822497
chr4_pat	16900000	17000000	0.00841219
chr4_pat	17000000	17100000	0.00860489
chr4_pat	17100000	17200000	0.00852989
chr4_pat	17200000	17300000	0.00758247
chr4_pat	17300000	17400000	0.00812844
chr4_pat	17400000	17500000	0.0081762
chr4_pat	17500000	17600000	0.0088242
chr4_pat	17600000	17700000	0.00938148
chr4_pat	17700000	17800000	0.0091919
chr4_pat	17800000	17900000	0.00934087
chr4_pat	17900000	18000000	0.00792831
chr4_pat	18000000	18100000	0.00602872
chr4_pat	18100000	18200000	0.00811473
chr4_pat	18200000	18300000	0.00610235
chr4_pat	18300000	18400000	0.00758139
chr4_pat	18400000	18500000	0.00694016
chr4_pat	18500000	18600000	0.00713531
chr4_pat	18600000	18700000	0.00657143
chr4_pat	18700000	18800000	0.00798564
chr4_pat	18800000	18900000	0.00854572
chr4_pat	18900000	19000000	0.00794727
chr4_pat	19000000	19100000	0.00819625
chr4_pat	19100000	19200000	0.00850538
chr4_pat	19200000	19300000	0.00779472
chr4_pat	19300000	19400000	0.00783477
chr4_pat	19400000	19500000	0.00781626
chr4_pat	19500000	19600000	0.00847681
chr4_pat	19600000	19700000	0.00766462
chr4_pat	19700000	19800000	0.00816833
chr4_pat	19800000	19900000	0.00798801
chr4_pat	19900000	20000000	0.00850229
chr4_pat	20000000	20100000	0.00823815
chr4_pat	20100000	20200000	0.00821738
chr4_pat	20200000	20300000	0.00832548
chr4_pat	20300000	20400000	0.00792256
chr4_pat	20400000	20500000	0.00817747
chr4_pat	20500000	20600000	0.00811285
chr4_pat	20600000	20700000	0.00824388
chr4_pat	20700000	20800000	0.00773962
chr4_pat	20800000	20900000	0.00781356
chr4_pat	20900000	21000000	0.00811362
chr4_pat	21000000	21100000	0.00813202
chr4_pat	21100000	21200000	0.00766327
chr4_pat	21200000	21300000	0.00828046
chr4_pat	21300000	21400000	0.00840727
chr4_pat	21400000	21500000	0.00864262
chr4_pat	21500000	21600000	0.00816811
chr4_pat	21600000	21700000	0.00823011
chr4_pat	21700000	21800000	0.00804157
chr4_pat	21800000	21900000	0.00980004
chr4_pat	21900000	22000000	0.00882057
chr4_pat	22000000	22100000	0.00882774
chr4_pat	22100000	22200000	0.00728911
chr4_pat	22200000	22300000	0.00816237
chr4_pat	22300000	22400000	0.0087862
chr4_pat	22400000	22500000	0.0062864
chr4_pat	22500000	22600000	0.008148
chr4_pat	22600000	22700000	0.00606587
chr4_pat	22700000	22800000	0.00652361
chr4_pat	22800000	22900000	0.00695122
chr4_pat	22900000	23000000	0.00679517
chr4_pat	23000000	23100000	0.00926087
chr4_pat	23100000	23200000	0.00956024
chr4_pat	23200000	23300000	0.00990771
chr4_pat	23300000	23400000	0.0100722
chr4_pat	23400000	23500000	0.00939338
chr4_pat	23500000	23600000	0.00939701
chr4_pat	23600000	23700000	0.00722281
chr4_pat	23700000	23800000	0.0086239
chr4_pat	23800000	23900000	0.00722125
chr4_pat	23900000	24000000	0.00795715
chr4_pat	24000000	24100000	0.00931407
chr4_pat	24100000	24200000	0.00876749
chr4_pat	24200000	24300000	0.00834488
chr4_pat	24300000	24400000	0.0087551
chr4_pat	24400000	24500000	0.00754999
chr4_pat	24500000	24600000	0.00816377
chr4_pat	24600000	24700000	0.00811496
chr4_pat	24700000	24800000	0.00811907
chr4_pat	24800000	24900000	0.00822607
chr4_pat	24900000	25000000	0.00869688
chr4_pat	25000000	25100000	0.00906077
chr4_pat	25100000	25200000	0.00916888
chr4_pat	25200000	25300000	0.00962775
chr4_pat	25300000	25400000	0.00873082
chr4_pat	25400000	25500000	0.00865081
chr4_pat	25500000	25600000	0.00817029
chr4_pat	25600000	25700000	0.00696502
chr4_pat	25700000	25800000	0.00621148
chr4_pat	25800000	25900000	0.00571747
chr4_pat	25900000	26000000	0.00830447
chr4_pat	26000000	26100000	0.00907318
chr4_pat	26100000	26200000	0.00950876
chr4_pat	26200000	26300000	0.00825592
chr4_pat	26300000	26400000	0.00873448
chr4_pat	26400000	26500000	0.00685314
chr4_pat	26500000	26600000	0.0110358
chr4_pat	26600000	26700000	0.00990556
chr4_pat	26700000	26800000	0.00727309
chr4_pat	26800000	26900000	0.00872408
chr4_pat	26900000	27000000	0.00734084
chr4_pat	27000000	27100000	0.00915448
chr4_pat	27100000	27200000	0.00572073
chr4_pat	27200000	27300000	0.00754161
chr4_pat	27300000	27400000	0.00759645
chr4_pat	27400000	27500000	0.0085121
chr4_pat	27500000	27600000	0.00594672
chr4_pat	27600000	27700000	0.00850029
chr4_pat	27700000	27800000	0.0094016
chr4_pat	27800000	27900000	0.00868489
chr4_pat	27900000	28000000	0.00909428
chr4_pat	28000000	28100000	0.00835191
chr4_pat	28100000	28200000	0.00805258
chr4_pat	28200000	28300000	0.00823716
chr4_pat	28300000	28400000	0.00828395
chr4_pat	28400000	28500000	0.00878205
chr4_pat	28500000	28600000	0.00809426
chr4_pat	28600000	28700000	0.00814192
chr4_pat	28700000	28800000	0.00897957
chr4_pat	28800000	28900000	0.00837904
chr4_pat	28900000	29000000	0.00839569
chr4_pat	29000000	29100000	0.00846704
chr4_pat	29100000	29200000	0.00780683
chr4_pat	29200000	29300000	0.00669703
chr4_pat	29300000	29400000	0.00982416
chr4_pat	29400000	29500000	0.00932472
chr4_pat	29500000	29600000	0.00663091
chr4_pat	29600000	29700000	0.00757382
chr4_pat	29700000	29800000	0.00839487
chr4_pat	29800000	29900000	0.00869128
chr4_pat	29900000	30000000	0.00845821
chr4_pat	30000000	30100000	0.00852839
chr4_pat	30100000	30200000	0.00854635
chr4_pat	30200000	30300000	0.0083589
chr4_pat	30300000	30400000	0.00854131
chr4_pat	30400000	30500000	0.00884475
chr4_pat	30500000	30600000	0.00838974
chr4_pat	30600000	30700000	0.00867038
chr4_pat	30700000	30800000	0.00834828
chr4_pat	30800000	30900000	0.00833716
chr4_pat	30900000	31000000	0.0084576
chr4_pat	31000000	31100000	0.0085914
chr4_pat	31100000	31200000	0.00856403
chr4_pat	31200000	31300000	0.00920572
chr4_pat	31300000	31400000	0.00905129
chr4_pat	31400000	31500000	0.00798779
chr4_pat	31500000	31600000	0.00820075
chr4_pat	31600000	31700000	0.00821955
chr4_pat	31700000	31800000	0.00651239
chr4_pat	31800000	31900000	0.00641603
chr4_pat	31900000	32000000	0.00852771
chr4_pat	32000000	32100000	0.00790029
chr4_pat	32100000	32200000	0.00747767
chr4_pat	32200000	32300000	0.00931302
chr4_pat	32300000	32400000	0.00882427
chr4_pat	32400000	32500000	0.00935005
chr4_pat	32500000	32600000	0.00926484
chr4_pat	32600000	32700000	0.00890681
chr4_pat	32700000	32800000	0.00888299
chr4_pat	32800000	32900000	0.00856238
chr4_pat	32900000	33000000	0.00822992
chr4_pat	33000000	33100000	0.00823441
chr4_pat	33100000	33200000	0.00857104
chr4_pat	33200000	33300000	0.00853227
chr4_pat	33300000	33400000	0.00864356
chr4_pat	33400000	33500000	0.00834927
chr4_pat	33500000	33600000	0.00832026
chr4_pat	33600000	33700000	0.00842264
chr4_pat	33700000	33800000	0.00901228
chr4_pat	33800000	33900000	0.00911016
chr4_pat	33900000	34000000	0.00879081
chr4_pat	34000000	34100000	0.00864959
chr4_pat	34100000	34200000	0.00855261
chr4_pat	34200000	34300000	0.00899496
chr4_pat	34300000	34400000	0.00833517
chr4_pat	34400000	34500000	0.00823845
chr4_pat	34500000	34600000	0.0077795
chr4_pat	34600000	34700000	0.00676958
chr4_pat	34700000	34800000	0.0059512
chr4_pat	34800000	34900000	0.00746942
chr4_pat	34900000	35000000	0.00835713
chr4_pat	35000000	35100000	0.00869367
chr4_pat	35100000	35200000	0.00875744
chr4_pat	35200000	35300000	0.00918464
chr4_pat	35300000	35400000	0.00838118
chr4_pat	35400000	35500000	0.00798528
chr4_pat	35500000	35600000	0.00633072
chr4_pat	35600000	35700000	0.00745737
chr4_pat	35700000	35800000	0.00674241
chr4_pat	35800000	35900000	0.00897195
chr4_pat	35900000	36000000	0.00768255
chr4_pat	36000000	36100000	0.0090236
chr4_pat	36100000	36200000	0.00894688
chr4_pat	36200000	36300000	0.00868368
chr4_pat	36300000	36400000	0.00888226
chr4_pat	36400000	36500000	0.00984074
chr4_pat	36500000	36600000	0.00925255
chr4_pat	36600000	36700000	0.00869786
chr4_pat	36700000	36800000	0.0085012
chr4_pat	36800000	36900000	0.00895597
chr4_pat	36900000	37000000	0.0089042
chr4_pat	37000000	37100000	0.00882642
chr4_pat	37100000	37200000	0.00628367
chr4_pat	37200000	37300000	0.00617197
chr4_pat	37300000	37400000	0.00782249
chr4_pat	37400000	37500000	0.00788899
chr4_pat	37500000	37600000	0.00788075
chr4_pat	37600000	37700000	0.00599342
chr4_pat	37700000	37800000	0.00830126
chr4_pat	37800000	37900000	0.00927267
chr4_pat	37900000	38000000	0.00898028
chr4_pat	38000000	38100000	0.00883994
chr4_pat	38100000	38200000	0.00928176
chr4_pat	38200000	38300000	0.00986143
chr4_pat	38300000	38400000	0.00904459
chr4_pat	38400000	38500000	0.00845981
chr4_pat	38500000	38600000	0.00844499
chr4_pat	38600000	38700000	0.00538998
chr4_pat	38700000	38800000	0.00898156
chr4_pat	38800000	38900000	0.00947064
chr4_pat	38900000	39000000	0.00896171
chr4_pat	39000000	39100000	0.00847192
chr4_pat	39100000	39200000	0.00767254
chr4_pat	39200000	39300000	0.0084665
chr4_pat	39300000	39400000	0.00983689
chr4_pat	39400000	39500000	0.00879241
chr4_pat	39500000	39600000	0.00820746
chr4_pat	39600000	39700000	0.00833599
chr4_pat	39700000	39800000	0.00833638
chr4_pat	39800000	39900000	0.00858817
chr4_pat	39900000	40000000	0.00874902
chr4_pat	40000000	40100000	0.00886208
chr4_pat	40100000	40200000	0.00844166
chr4_pat	40200000	40300000	0.00859952
chr4_pat	40300000	40400000	0.00814615
chr4_pat	40400000	40500000	0.00889572
chr4_pat	40500000	40600000	0.00747845
chr4_pat	40600000	40700000	0.00823372
chr4_pat	40700000	40800000	0.0083302
chr4_pat	40800000	40900000	0.00930711
chr4_pat	40900000	41000000	0.00874404
chr4_pat	41000000	41100000	0.0087236
chr4_pat	41100000	41200000	0.00909996
chr4_pat	41200000	41300000	0.00935191
chr4_pat	41300000	41400000	0.00880658
chr4_pat	41400000	41500000	0.00887291
chr4_pat	41500000	41600000	0.0082085
chr4_pat	41600000	41700000	0.00899448
chr4_pat	41700000	41800000	0.00947954
chr4_pat	41800000	41900000	0.0094055
chr4_pat	41900000	42000000	0.0106802
chr4_pat	42000000	42100000	0.00717396
chr4_pat	42100000	42200000	0.00942412
chr4_pat	42200000	42300000	0.0107398
chr4_pat	42300000	42400000	0.0111381
chr4_pat	42400000	42500000	0.00751262
chr4_pat	42500000	42600000	0.00598265
chr4_pat	42600000	42700000	0.00754569
chr4_pat	42700000	42800000	0.0106169
chr4_pat	42800000	42900000	0.00936549
chr4_pat	42900000	43000000	0.00726894
chr4_pat	43000000	43100000	0.00834853
chr4_pat	43100000	43200000	0.010378
chr4_pat	43200000	43300000	0.00913016
chr4_pat	43300000	43400000	0.00819705
chr4_pat	43400000	43500000	0.00967446
chr4_pat	43500000	43600000	0.00810125
chr4_pat	43600000	43700000	0.00870377
chr4_pat	43700000	43800000	0.00627483
chr4_pat	43800000	43900000	0.00752642
chr4_pat	43900000	44000000	0.00833192
chr4_pat	44000000	44100000	0.00682254
chr4_pat	44100000	44200000	0.0106368
chr4_pat	44200000	44300000	0.0109771
chr4_pat	44300000	44400000	0.0101298
chr4_pat	44400000	44500000	0.0101269
chr4_pat	44500000	44600000	0.0109742
chr4_pat	44600000	44700000	0.0075105
chr4_pat	44700000	44800000	0.00701267
chr4_pat	44800000	44900000	0.00762029
chr4_pat	44900000	45000000	0.00711247
chr4_pat	45000000	45100000	0.00807794
chr4_pat	45100000	45200000	0.00922639
chr4_pat	45200000	45300000	0.00907199
chr4_pat	45300000	45400000	0.00952742
chr4_pat	45400000	45500000	0.00976049
chr4_pat	45500000	45600000	0.00940551
chr4_pat	45600000	45700000	0.00423402
chr4_pat	45700000	45800000	0.00971449
chr4_pat	45800000	45900000	0.0101096
chr4_pat	45900000	46000000	0.00862382
chr4_pat	46000000	46100000	0.00642913
chr4_pat	46100000	46200000	0.00711842
chr4_pat	46200000	46300000	0.00994119
chr4_pat	46300000	46400000	0.010171
chr4_pat	46400000	46500000	0.0102121
chr4_pat	46500000	46600000	0.00743204
chr4_pat	46600000	46700000	0.0102161
chr4_pat	46700000	46800000	0.00970173
chr4_pat	46800000	46900000	0.0076842
chr4_pat	46900000	47000000	0.00851709
chr4_pat	47000000	47100000	0.00960471
chr4_pat	47100000	47200000	0.0103401
chr4_pat	47200000	47300000	0.00764537
chr4_pat	47300000	47400000	0.00887976
chr4_pat	47400000	47500000	
chr4_pat	47500000	47600000	
chr4_pat	47600000	47700000	
chr4_pat	47700000	47800000	0.0197297
chr4_pat	47800000	47900000	0.00625835
chr4_pat	47900000	48000000	0.00772326
chr4_pat	48000000	48100000	0.00885197
chr4_pat	48100000	48200000	0.0108067
chr4_pat	48200000	48300000	0.0117223
chr4_pat	48300000	48400000	0.0104389
chr4_pat	48400000	48500000	0.00834982
chr4_pat	48500000	48600000	0.00673892
chr4_pat	48600000	48700000	0.00694385
chr4_pat	48700000	48800000	0.00876969
chr4_pat	48800000	48900000	0.0100323
chr4_pat	48900000	49000000	0.008969
chr4_pat	49000000	49100000	0.00892111
chr4_pat	49100000	49200000	0.00902606
chr4_pat	49200000	49300000	0.0100278
chr4_pat	49300000	49400000	0.0136847
chr4_pat	49400000	49500000	0.00648182
chr4_pat	49500000	49600000	0.00855902
chr4_pat	49600000	49700000	0.00612409
chr4_pat	49700000	49800000	0.00624289
chr4_pat	49800000	49900000	0.00861294
chr4_pat	49900000	50000000	0.00946152
chr4_pat	50000000	50100000	0.00980043
chr4_pat	50100000	50200000	0.00970904
chr4_pat	50200000	50300000	0.0094375
chr4_pat	50300000	50400000	0.00991293
chr4_pat	50400000	50500000	0.009035
chr4_pat	50500000	50600000	0.00922062
chr4_pat	50600000	50700000	0.00971569
chr4_pat	50700000	50800000	0.0102545
chr4_pat	50800000	50900000	0.0109126
chr4_pat	50900000	51000000	0.0101877
chr4_pat	51000000	51100000	0.0102151
chr4_pat	51100000	51200000	0.00948741
chr4_pat	51200000	51300000	0.00911774
chr4_pat	51300000	51400000	0.00992629
chr4_pat	51400000	51500000	0.00803019
chr4_pat	51500000	51600000	0.0104127
chr4_pat	51600000	51700000	0.0101866
chr4_pat	51700000	51800000	0.00941514
chr4_pat	51800000	51900000	0.00912799
chr4_pat	51900000	52000000	0.00885577
chr4_pat	52000000	52100000	0.00917444
chr4_pat	52100000	52200000	0.00884261
chr4_pat	52200000	52300000	0.00942348
chr4_pat	52300000	52400000	0.00905831
chr4_pat	52400000	52500000	0.0091358
chr4_pat	52500000	52600000	0.00895458
chr4_pat	52600000	52700000	0.00896724
chr4_pat	52700000	52800000	0.00887085
chr4_pat	52800000	52900000	0.00944447
chr4_pat	52900000	53000000	0.00950807
chr4_pat	53000000	53100000	0.00966351
chr4_pat	53100000	53200000	0.00989405
chr4_pat	53200000	53300000	0.0103707
chr4_pat	53300000	53400000	0.0102077
chr4_pat	53400000	53500000	0.00965468
chr4_pat	53500000	53600000	0.00651439
chr4_pat	53600000	53700000	0.00836728
chr4_pat	53700000	53800000	0.0102507
chr4_pat	53800000	53900000	0.0105236
chr4_pat	53900000	54000000	0.0110853
chr4_pat	54000000	54100000	0.0101622
chr4_pat	54100000	54200000	0.0101901
chr4_pat	54200000	54300000	0.0105569
chr4_pat	54300000	54400000	0.0105915
chr4_pat	54400000	54500000	0.0120658
chr4_pat	54500000	54600000	0.0111826
chr4_pat	54600000	54700000	0.0102362
chr4_pat	54700000	54800000	0.011404
chr4_pat	54800000	54900000	0.0105151
chr4_pat	54900000	55000000	0.0110523
chr4_pat	55000000	55100000	0.0112311
chr4_pat	55100000	55200000	0.0110787
chr4_pat	55200000	55300000	0.010765
chr4_pat	55300000	55400000	0.0103856
chr4_pat	55400000	55500000	0.00956523
chr4_pat	55500000	55600000	0.00970265
chr4_pat	55600000	55700000	0.0109353
chr4_pat	55700000	55800000	0.0152083
chr4_pat	55800000	55900000	
chr4_pat	55900000	56000000	
chr4_pat	56000000	56100000	
chr4_pat	56100000	56200000	
chr4_pat	56200000	56300000	
chr4_pat	56300000	56400000	
chr4_pat	56400000	56500000	0.0151625
chr4_pat	56500000	56600000	0.00630283
chr4_pat	56600000	56700000	0.00839893
chr4_pat	56700000	56800000	0.00745861
chr4_pat	56800000	56900000	0.0100992
chr4_pat	56900000	57000000	0.0109284
chr4_pat	57000000	57100000	0.0107064
chr4_pat	57100000	57200000	0.0112295
chr4_pat	57200000	57300000	0.00984557
chr4_pat	57300000	57400000	0.00661231
chr4_pat	57400000	57500000	0.00746569
chr4_pat	57500000	57600000	0.00965914
chr4_pat	57600000	57700000	0.00911338
chr4_pat	57700000	57800000	0.00565925
chr4_pat	57800000	57900000	0.00873441
chr4_pat	57900000	58000000	0.00952481
chr4_pat	58000000	58100000	0.00915186
chr4_pat	58100000	58200000	0.00936194
chr4_pat	58200000	58300000	0.00940011
chr4_pat	58300000	58400000	0.00877857
chr4_pat	58400000	58500000	0.00918076
chr4_pat	58500000	58600000	0.00923107
chr4_pat	58600000	58700000	0.00714055
chr4_pat	58700000	58800000	0.00896561
chr4_pat	58800000	58900000	0.00945049
chr4_pat	58900000	59000000	0.00981903
chr4_pat	59000000	59100000	0.010136
chr4_pat	59100000	59200000	0.00930079
chr4_pat	59200000	59300000	0.00938824
chr4_pat	59300000	59400000	0.00919398
chr4_pat	59400000	59500000	0.00888073
chr4_pat	59500000	59600000	0.00873009
chr4_pat	59600000	59700000	0.00871496
chr4_pat	59700000	59800000	0.0093842
chr4_pat	59800000	59900000	0.00862842
chr4_pat	59900000	60000000	0.0080645
chr4_pat	60000000	60100000	0.00895633
chr4_pat	60100000	60200000	
chr4_pat	60200000	60300000	
chr4_pat	60300000	60400000	
chr4_pat	60400000	60500000	
chr4_pat	60500000	60600000	
chr4_pat	60600000	60700000	
chr4_pat	60700000	60800000	
chr4_pat	60800000	60900000	
chr4_pat	60900000	61000000	
chr4_pat	61000000	61100000	0.00767186
chr4_pat	61100000	61200000	0.00695436
chr4_pat	61200000	61300000	0.00658437
chr4_pat	61300000	61400000	0.00960352
chr4_pat	61400000	61500000	0.00665364
chr4_pat	61500000	61600000	0.00920109
chr4_pat	61600000	61700000	0.00883618
chr4_pat	61700000	61800000	0.0090475
chr4_pat	61800000	61900000	0.00769915
chr4_pat	61900000	62000000	0.00857594
chr4_pat	62000000	62100000	0.00951557
chr4_pat	62100000	62200000	0.00923154
chr4_pat	62200000	62300000	0.00734256
chr4_pat	62300000	62400000	0.00906481
chr4_pat	62400000	62500000	0.00956716
chr4_pat	62500000	62600000	0.0101384
chr4_pat	62600000	62700000	0.00815992
chr4_pat	62700000	62800000	0.0113341
chr4_pat	62800000	62900000	0.00757732
chr4_pat	62900000	63000000	0.00898353
chr4_pat	63000000	63100000	0.0100493
chr4_pat	63100000	63200000	0.0111335
chr4_pat	63200000	63300000	0.012078
chr4_pat	63300000	63400000	
chr4_pat	63400000	63500000	0.0137248
chr4_pat	63500000	63600000	0.00605916
chr4_pat	63600000	63700000	0.00598895
chr4_pat	63700000	63800000	0.00623865
chr4_pat	63800000	63900000	0.00915028
chr4_pat	63900000	64000000	0.0102647
chr4_pat	64000000	64100000	0.0100734
chr4_pat	64100000	64200000	0.00929052
chr4_pat	64200000	64300000	0.0100095
chr4_pat	64300000	64400000	0.00981089
chr4_pat	64400000	64500000	0.0099682
chr4_pat	64500000	64600000	0.0105541
chr4_pat	64600000	64700000	0.0102151
chr4_pat	64700000	64800000	0.00994811
chr4_pat	64800000	64900000	0.0103447
chr4_pat	64900000	65000000	0.00966513
chr4_pat	65000000	65100000	0.00907575
chr4_pat	65100000	65200000	0.0100613
chr4_pat	65200000	65300000	0.00917077
chr4_pat	65300000	65400000	0.00826638
chr4_pat	65400000	65500000	0.0075797
chr4_pat	65500000	65600000	0.00554275
chr4_pat	65600000	65700000	0.00754134
chr4_pat	65700000	65800000	0.00984416
chr4_pat	65800000	65900000	0.0100453
chr4_pat	65900000	66000000	0.00904511
chr4_pat	66000000	66100000	0.00906839
chr4_pat	66100000	66200000	0.00748944
chr4_pat	66200000	66300000	0.00799539
chr4_pat	66300000	66400000	0.00782576
chr4_pat	66400000	66500000	0.0070908
chr4_pat	66500000	66600000	0.00720191
chr4_pat	66600000	66700000	0.00936721
chr4_pat	66700000	66800000	0.00977579
chr4_pat	66800000	66900000	0.00978341
chr4_pat	66900000	67000000	0.0098062
chr4_pat	67000000	67100000	0.00984486
chr4_pat	67100000	67200000	0.0102031
chr4_pat	67200000	67300000	0.010352
chr4_pat	67300000	67400000	0.0106279
chr4_pat	67400000	67500000	0.00985305
chr4_pat	67500000	67600000	0.0099118
chr4_pat	67600000	67700000	0.00961858
chr4_pat	67700000	67800000	0.00954466
chr4_pat	67800000	67900000	0.0109184
chr4_pat	67900000	68000000	0.0101944
chr4_pat	68000000	68100000	0.0077829
chr4_pat	68100000	68200000	0.00684165
chr4_pat	68200000	68300000	0.00534847
chr4_pat	68300000	68400000	0.00927943
chr4_pat	68400000	68500000	0.00678497
chr4_pat	68500000	68600000	0.0105151
chr4_pat	68600000	68700000	0.0101107
chr4_pat	68700000	68800000	0.00717801
chr4_pat	68800000	68900000	0.00715965
chr4_pat	68900000	69000000	0.00585237
chr4_pat	69000000	69100000	0.00654142
chr4_pat	69100000	69200000	0.00732011
chr4_pat	69200000	69300000	0.00550721
chr4_pat	69300000	69400000	0.00852511
chr4_pat	69400000	69500000	0.00829476
chr4_pat	69500000	69600000	0.00954056
chr4_pat	69600000	69700000	0.0105813
chr4_pat	69700000	69800000	0.0116295
chr4_pat	69800000	69900000	0.0111225
chr4_pat	69900000	70000000	0.00703278
chr4_pat	70000000	70100000	0.00926606
chr4_pat	70100000	70200000	0.00946587
chr4_pat	70200000	70300000	0.00910624
chr4_pat	70300000	70400000	0.00842595
chr4_pat	70400000	70500000	0.00867552
chr4_pat	70500000	70600000	0.00915969
chr4_pat	70600000	70700000	0.008913
chr4_pat	70700000	70800000	0.00851492
chr4_pat	70800000	70900000	0.00859311
chr4_pat	70900000	71000000	0.00822018
chr4_pat	71000000	71100000	0.00886295
chr4_pat	71100000	71200000	0.00851865
chr4_pat	71200000	71300000	0.00895196
chr4_pat	71300000	71400000	0.00894078
chr4_pat	71400000	71500000	0.00897458
chr4_pat	71500000	71600000	0.00906223
chr4_pat	71600000	71700000	0.00953787
chr4_pat	71700000	71800000	0.00900834
chr4_pat	71800000	71900000	0.00916515
chr4_pat	71900000	72000000	0.0098083
chr4_pat	72000000	72100000	0.00898111
chr4_pat	72100000	72200000	0.00933841
chr4_pat	72200000	72300000	0.00932713
chr4_pat	72300000	72400000	0.00839159
chr4_pat	72400000	72500000	0.00917446
chr4_pat	72500000	72600000	0.00933192
chr4_pat	72600000	72700000	0.00943683
chr4_pat	72700000	72800000	0.00884525
chr4_pat	72800000	72900000	0.00936217
chr4_pat	72900000	73000000	0.00952724
chr4_pat	73000000	73100000	
chr4_pat	73100000	73200000	
chr4_pat	73200000	73300000	
chr4_pat	73300000	73325478	
chr4A_pat	0	100000	0.0106596
chr4A_pat	100000	200000	0.00623877
chr4A_pat	200000	300000	0.00965133
chr4A_pat	300000	400000	0.0119926
chr4A_pat	400000	500000	0.0114013
chr4A_pat	500000	600000	0.0113447
chr4A_pat	600000	700000	0.0124883
chr4A_pat	700000	800000	0.0105373
chr4A_pat	800000	900000	0.0100765
chr4A_pat	900000	1000000	0.0114508
chr4A_pat	1000000	1100000	0.0116358
chr4A_pat	1100000	1200000	0.0108481
chr4A_pat	1200000	1300000	0.0109147
chr4A_pat	1300000	1400000	0.0108812
chr4A_pat	1400000	1500000	0.00998252
chr4A_pat	1500000	1600000	0.00922284
chr4A_pat	1600000	1700000	0.00778251
chr4A_pat	1700000	1800000	0.00956045
chr4A_pat	1800000	1900000	0.0103095
chr4A_pat	1900000	2000000	0.0100017
chr4A_pat	2000000	2100000	0.010119
chr4A_pat	2100000	2200000	0.00932338
chr4A_pat	2200000	2300000	0.0101337
chr4A_pat	2300000	2400000	0.00981917
chr4A_pat	2400000	2500000	0.009401
chr4A_pat	2500000	2600000	0.00909958
chr4A_pat	2600000	2700000	0.00925423
chr4A_pat	2700000	2800000	0.00918533
chr4A_pat	2800000	2900000	0.00900275
chr4A_pat	2900000	3000000	0.00942391
chr4A_pat	3000000	3100000	0.00928826
chr4A_pat	3100000	3200000	0.0088953
chr4A_pat	3200000	3300000	0.00909887
chr4A_pat	3300000	3400000	0.0085431
chr4A_pat	3400000	3500000	0.0091883
chr4A_pat	3500000	3600000	0.00893437
chr4A_pat	3600000	3700000	0.0079116
chr4A_pat	3700000	3800000	0.00900321
chr4A_pat	3800000	3900000	0.00892351
chr4A_pat	3900000	4000000	0.00750214
chr4A_pat	4000000	4100000	0.00706588
chr4A_pat	4100000	4200000	0.00929012
chr4A_pat	4200000	4300000	0.00813645
chr4A_pat	4300000	4400000	0.00750185
chr4A_pat	4400000	4500000	0.0098997
chr4A_pat	4500000	4600000	0.00951341
chr4A_pat	4600000	4700000	0.00761245
chr4A_pat	4700000	4800000	0.00553832
chr4A_pat	4800000	4900000	0.00731606
chr4A_pat	4900000	5000000	0.00614668
chr4A_pat	5000000	5100000	0.00817792
chr4A_pat	5100000	5200000	0.00664987
chr4A_pat	5200000	5300000	0.00765064
chr4A_pat	5300000	5400000	0.00896025
chr4A_pat	5400000	5500000	0.00984442
chr4A_pat	5500000	5600000	0.00958389
chr4A_pat	5600000	5700000	0.0115676
chr4A_pat	5700000	5800000	0.0117205
chr4A_pat	5800000	5900000	0.0098398
chr4A_pat	5900000	6000000	0.00853237
chr4A_pat	6000000	6100000	0.0111538
chr4A_pat	6100000	6200000	0.00674781
chr4A_pat	6200000	6300000	0.00833185
chr4A_pat	6300000	6400000	0.00783889
chr4A_pat	6400000	6500000	0.00914367
chr4A_pat	6500000	6600000	0.00589728
chr4A_pat	6600000	6700000	0.00704426
chr4A_pat	6700000	6800000	0.00714437
chr4A_pat	6800000	6900000	0.0102268
chr4A_pat	6900000	7000000	0.00917691
chr4A_pat	7000000	7100000	0.00901165
chr4A_pat	7100000	7200000	0.00847947
chr4A_pat	7200000	7300000	0.00902009
chr4A_pat	7300000	7400000	0.00679478
chr4A_pat	7400000	7500000	0.00677021
chr4A_pat	7500000	7600000	0.00797273
chr4A_pat	7600000	7700000	0.0102345
chr4A_pat	7700000	7800000	0.00929445
chr4A_pat	7800000	7900000	0.00712957
chr4A_pat	7900000	8000000	0.00877083
chr4A_pat	8000000	8100000	0.00854752
chr4A_pat	8100000	8200000	0.00985677
chr4A_pat	8200000	8300000	0.0100584
chr4A_pat	8300000	8400000	0.00997037
chr4A_pat	8400000	8500000	0.00977662
chr4A_pat	8500000	8600000	0.00745641
chr4A_pat	8600000	8700000	0.00660408
chr4A_pat	8700000	8800000	0.00646557
chr4A_pat	8800000	8900000	0.0056913
chr4A_pat	8900000	9000000	0.00637048
chr4A_pat	9000000	9100000	0.0100421
chr4A_pat	9100000	9200000	0.0101937
chr4A_pat	9200000	9300000	0.00989248
chr4A_pat	9300000	9400000	0.00957836
chr4A_pat	9400000	9500000	0.00944937
chr4A_pat	9500000	9600000	0.00616337
chr4A_pat	9600000	9700000	0.00532769
chr4A_pat	9700000	9800000	0.00847042
chr4A_pat	9800000	9900000	0.00903003
chr4A_pat	9900000	10000000	0.00894625
chr4A_pat	10000000	10100000	0.00935902
chr4A_pat	10100000	10200000	0.00914436
chr4A_pat	10200000	10300000	0.00952192
chr4A_pat	10300000	10400000	0.00869707
chr4A_pat	10400000	10500000	0.00945277
chr4A_pat	10500000	10600000	0.00921068
chr4A_pat	10600000	10700000	0.00865781
chr4A_pat	10700000	10800000	0.00843582
chr4A_pat	10800000	10900000	0.0074476
chr4A_pat	10900000	11000000	0.0057849
chr4A_pat	11000000	11100000	0.0064862
chr4A_pat	11100000	11200000	0.00661772
chr4A_pat	11200000	11300000	0.00882769
chr4A_pat	11300000	11400000	0.00551936
chr4A_pat	11400000	11500000	0.00613747
chr4A_pat	11500000	11600000	0.00607551
chr4A_pat	11600000	11700000	0.00842601
chr4A_pat	11700000	11800000	0.00885567
chr4A_pat	11800000	11900000	0.00763866
chr4A_pat	11900000	12000000	0.00900676
chr4A_pat	12000000	12100000	0.00872564
chr4A_pat	12100000	12200000	0.00838426
chr4A_pat	12200000	12300000	0.00697653
chr4A_pat	12300000	12400000	0.00611891
chr4A_pat	12400000	12500000	0.00801591
chr4A_pat	12500000	12600000	0.00801949
chr4A_pat	12600000	12700000	0.00829335
chr4A_pat	12700000	12800000	0.00960309
chr4A_pat	12800000	12900000	0.00962155
chr4A_pat	12900000	13000000	0.00894419
chr4A_pat	13000000	13100000	0.00892852
chr4A_pat	13100000	13200000	0.00716283
chr4A_pat	13200000	13300000	0.00828658
chr4A_pat	13300000	13400000	0.0088425
chr4A_pat	13400000	13500000	0.00905881
chr4A_pat	13500000	13600000	0.00889288
chr4A_pat	13600000	13700000	0.00959782
chr4A_pat	13700000	13800000	0.00953216
chr4A_pat	13800000	13900000	0.00905339
chr4A_pat	13900000	14000000	0.00925402
chr4A_pat	14000000	14100000	0.00931073
chr4A_pat	14100000	14200000	0.00919682
chr4A_pat	14200000	14300000	0.00912804
chr4A_pat	14300000	14400000	0.010298
chr4A_pat	14400000	14500000	0.00975791
chr4A_pat	14500000	14600000	0.00589601
chr4A_pat	14600000	14700000	0.00867784
chr4A_pat	14700000	14800000	0.0106685
chr4A_pat	14800000	14900000	0.0101613
chr4A_pat	14900000	15000000	0.00742485
chr4A_pat	15000000	15100000	0.00675869
chr4A_pat	15100000	15200000	0.0068977
chr4A_pat	15200000	15300000	0.00940049
chr4A_pat	15300000	15400000	0.00801195
chr4A_pat	15400000	15500000	0.00905891
chr4A_pat	15500000	15600000	0.00800823
chr4A_pat	15600000	15700000	0.00706983
chr4A_pat	15700000	15800000	0.00919498
chr4A_pat	15800000	15900000	0.0106997
chr4A_pat	15900000	16000000	0.010221
chr4A_pat	16000000	16100000	0.0088667
chr4A_pat	16100000	16200000	0.00892061
chr4A_pat	16200000	16300000	0.00696153
chr4A_pat	16300000	16400000	0.00675594
chr4A_pat	16400000	16500000	0.0085394
chr4A_pat	16500000	16600000	0.00981033
chr4A_pat	16600000	16700000	0.00781095
chr4A_pat	16700000	16800000	0.007552
chr4A_pat	16800000	16900000	0.00945712
chr4A_pat	16900000	17000000	0.00606251
chr4A_pat	17000000	17100000	0.00614122
chr4A_pat	17100000	17200000	0.0108758
chr4A_pat	17200000	17300000	0.0105738
chr4A_pat	17300000	17400000	0.0109442
chr4A_pat	17400000	17500000	0.0101839
chr4A_pat	17500000	17600000	0.0107634
chr4A_pat	17600000	17700000	0.0109357
chr4A_pat	17700000	17800000	0.0124706
chr4A_pat	17800000	17900000	0.0144623
chr4A_pat	17900000	18000000	0.0118451
chr4A_pat	18000000	18100000	0.0125104
chr4A_pat	18100000	18200000	0.00983884
chr4A_pat	18200000	18300000	0.00893026
chr4A_pat	18300000	18400000	0.0079216
chr4A_pat	18400000	18500000	0.00711203
chr4A_pat	18500000	18600000	0.00634596
chr4A_pat	18600000	18700000	0.00656827
chr4A_pat	18700000	18800000	0.00673902
chr4A_pat	18800000	18900000	0.00600932
chr4A_pat	18900000	19000000	0.00985223
chr4A_pat	19000000	19100000	0.0113552
chr4A_pat	19100000	19200000	0.0111619
chr4A_pat	19200000	19300000	0.0109439
chr4A_pat	19300000	19400000	0.00743867
chr4A_pat	19400000	19500000	0.0129034
chr4A_pat	19500000	19525173	
chr5_pat	0	100000	
chr5_pat	100000	200000	
chr5_pat	200000	300000	0.00703415
chr5_pat	300000	400000	0.00837986
chr5_pat	400000	500000	0.00841711
chr5_pat	500000	600000	0.00765607
chr5_pat	600000	700000	0.00883595
chr5_pat	700000	800000	0.00998786
chr5_pat	800000	900000	0.0106051
chr5_pat	900000	1000000	0.00971028
chr5_pat	1000000	1100000	0.00636491
chr5_pat	1100000	1200000	0.00805038
chr5_pat	1200000	1300000	0.00945853
chr5_pat	1300000	1400000	0.00965579
chr5_pat	1400000	1500000	0.0105751
chr5_pat	1500000	1600000	0.00951703
chr5_pat	1600000	1700000	0.00974973
chr5_pat	1700000	1800000	0.00898618
chr5_pat	1800000	1900000	0.0075451
chr5_pat	1900000	2000000	0.0100142
chr5_pat	2000000	2100000	0.00721155
chr5_pat	2100000	2200000	0.00675775
chr5_pat	2200000	2300000	0.00625713
chr5_pat	2300000	2400000	0.00653526
chr5_pat	2400000	2500000	0.00698216
chr5_pat	2500000	2600000	0.00956078
chr5_pat	2600000	2700000	0.00943459
chr5_pat	2700000	2800000	0.0100594
chr5_pat	2800000	2900000	0.00977109
chr5_pat	2900000	3000000	0.00959952
chr5_pat	3000000	3100000	0.0059271
chr5_pat	3100000	3200000	0.0060641
chr5_pat	3200000	3300000	0.00937359
chr5_pat	3300000	3400000	0.00993955
chr5_pat	3400000	3500000	0.00989556
chr5_pat	3500000	3600000	0.0104306
chr5_pat	3600000	3700000	0.0103573
chr5_pat	3700000	3800000	0.00982601
chr5_pat	3800000	3900000	0.010062
chr5_pat	3900000	4000000	0.007761
chr5_pat	4000000	4100000	0.00823698
chr5_pat	4100000	4200000	0.00763632
chr5_pat	4200000	4300000	0.00634197
chr5_pat	4300000	4400000	0.00568818
chr5_pat	4400000	4500000	0.00867569
chr5_pat	4500000	4600000	0.00935052
chr5_pat	4600000	4700000	0.00949204
chr5_pat	4700000	4800000	0.00668766
chr5_pat	4800000	4900000	0.00740648
chr5_pat	4900000	5000000	0.00577405
chr5_pat	5000000	5100000	0.00990779
chr5_pat	5100000	5200000	
chr5_pat	5200000	5300000	0.0107417
chr5_pat	5300000	5400000	0.00588324
chr5_pat	5400000	5500000	0.0104746
chr5_pat	5500000	5600000	0.00688456
chr5_pat	5600000	5700000	0.00811352
chr5_pat	5700000	5800000	0.00769044
chr5_pat	5800000	5900000	0.00766352
chr5_pat	5900000	6000000	0.00767226
chr5_pat	6000000	6100000	0.00761195
chr5_pat	6100000	6200000	0.00766857
chr5_pat	6200000	6300000	0.0092352
chr5_pat	6300000	6400000	0.0063367
chr5_pat	6400000	6500000	0.00663388
chr5_pat	6500000	6600000	0.00897756
chr5_pat	6600000	6700000	0.00465747
chr5_pat	6700000	6800000	0.00779967
chr5_pat	6800000	6900000	0.00868818
chr5_pat	6900000	7000000	0.00663925
chr5_pat	7000000	7100000	0.00730981
chr5_pat	7100000	7200000	0.00797372
chr5_pat	7200000	7300000	0.00837402
chr5_pat	7300000	7400000	0.00497515
chr5_pat	7400000	7500000	0.00683284
chr5_pat	7500000	7600000	0.0101221
chr5_pat	7600000	7700000	0.0103641
chr5_pat	7700000	7800000	0.00894115
chr5_pat	7800000	7900000	0.00888925
chr5_pat	7900000	8000000	0.00928856
chr5_pat	8000000	8100000	0.00808983
chr5_pat	8100000	8200000	0.00817396
chr5_pat	8200000	8300000	0.00881938
chr5_pat	8300000	8400000	0.00959208
chr5_pat	8400000	8500000	0.00916389
chr5_pat	8500000	8600000	0.00708295
chr5_pat	8600000	8700000	0.00756353
chr5_pat	8700000	8800000	0.00970113
chr5_pat	8800000	8900000	0.0101925
chr5_pat	8900000	9000000	0.0105957
chr5_pat	9000000	9100000	0.00960087
chr5_pat	9100000	9200000	0.00929773
chr5_pat	9200000	9300000	0.00854257
chr5_pat	9300000	9400000	0.00874445
chr5_pat	9400000	9500000	0.00914732
chr5_pat	9500000	9600000	0.00925702
chr5_pat	9600000	9700000	0.00618492
chr5_pat	9700000	9800000	0.00946335
chr5_pat	9800000	9900000	0.00951018
chr5_pat	9900000	10000000	0.0105902
chr5_pat	10000000	10100000	0.0105506
chr5_pat	10100000	10200000	0.00997454
chr5_pat	10200000	10300000	0.00760842
chr5_pat	10300000	10400000	0.00806417
chr5_pat	10400000	10500000	0.0095707
chr5_pat	10500000	10600000	0.0097985
chr5_pat	10600000	10700000	0.0100934
chr5_pat	10700000	10800000	0.00977782
chr5_pat	10800000	10900000	0.00959366
chr5_pat	10900000	11000000	0.0100735
chr5_pat	11000000	11100000	0.0101333
chr5_pat	11100000	11200000	0.010286
chr5_pat	11200000	11300000	0.00973634
chr5_pat	11300000	11400000	0.00800032
chr5_pat	11400000	11500000	0.00575992
chr5_pat	11500000	11600000	0.0077056
chr5_pat	11600000	11700000	0.00709762
chr5_pat	11700000	11800000	0.00969956
chr5_pat	11800000	11900000	0.0129074
chr5_pat	11900000	12000000	0.00986466
chr5_pat	12000000	12100000	0.0113662
chr5_pat	12100000	12200000	0.00801433
chr5_pat	12200000	12300000	0.00660146
chr5_pat	12300000	12400000	0.00848168
chr5_pat	12400000	12500000	0.00987792
chr5_pat	12500000	12600000	0.00968345
chr5_pat	12600000	12700000	0.0108016
chr5_pat	12700000	12800000	0.00902945
chr5_pat	12800000	12900000	0.00969139
chr5_pat	12900000	13000000	0.0105846
chr5_pat	13000000	13100000	0.00823638
chr5_pat	13100000	13200000	0.00663841
chr5_pat	13200000	13300000	0.00557045
chr5_pat	13300000	13400000	0.0104488
chr5_pat	13400000	13500000	0.00829106
chr5_pat	13500000	13600000	0.00724076
chr5_pat	13600000	13700000	0.00745388
chr5_pat	13700000	13800000	0.0066807
chr5_pat	13800000	13900000	0.00955166
chr5_pat	13900000	14000000	0.00777481
chr5_pat	14000000	14100000	0.00670559
chr5_pat	14100000	14200000	0.00824674
chr5_pat	14200000	14300000	0.00985882
chr5_pat	14300000	14400000	0.0101229
chr5_pat	14400000	14500000	0.0100284
chr5_pat	14500000	14600000	0.00908092
chr5_pat	14600000	14700000	0.00860079
chr5_pat	14700000	14800000	0.00644871
chr5_pat	14800000	14900000	0.00932446
chr5_pat	14900000	15000000	0.0101909
chr5_pat	15000000	15100000	0.0103237
chr5_pat	15100000	15200000	0.006708
chr5_pat	15200000	15300000	0.00820172
chr5_pat	15300000	15400000	0.00910386
chr5_pat	15400000	15500000	0.00804602
chr5_pat	15500000	15600000	0.00682035
chr5_pat	15600000	15700000	0.00945285
chr5_pat	15700000	15800000	0.00844635
chr5_pat	15800000	15900000	0.00807594
chr5_pat	15900000	16000000	0.0105746
chr5_pat	16000000	16100000	0.0115022
chr5_pat	16100000	16200000	0.00905545
chr5_pat	16200000	16300000	0.00633156
chr5_pat	16300000	16400000	0.00873567
chr5_pat	16400000	16500000	0.00987192
chr5_pat	16500000	16600000	0.0100712
chr5_pat	16600000	16700000	0.00959028
chr5_pat	16700000	16800000	0.00884391
chr5_pat	16800000	16900000	0.00597811
chr5_pat	16900000	17000000	0.00919151
chr5_pat	17000000	17100000	0.0106418
chr5_pat	17100000	17200000	0.0110062
chr5_pat	17200000	17300000	0.0111956
chr5_pat	17300000	17400000	0.00779294
chr5_pat	17400000	17500000	0.0105033
chr5_pat	17500000	17600000	
chr5_pat	17600000	17700000	
chr5_pat	17700000	17800000	
chr5_pat	17800000	17900000	
chr5_pat	17900000	18000000	
chr5_pat	18000000	18100000	
chr5_pat	18100000	18200000	
chr5_pat	18200000	18300000	
chr5_pat	18300000	18400000	
chr5_pat	18400000	18500000	
chr5_pat	18500000	18600000	
chr5_pat	18600000	18700000	
chr5_pat	18700000	18800000	
chr5_pat	18800000	18900000	
chr5_pat	18900000	19000000	
chr5_pat	19000000	19100000	
chr5_pat	19100000	19200000	
chr5_pat	19200000	19300000	
chr5_pat	19300000	19400000	
chr5_pat	19400000	19500000	0.0113285
chr5_pat	19500000	19600000	0.00980075
chr5_pat	19600000	19700000	0.00928158
chr5_pat	19700000	19800000	0.00725727
chr5_pat	19800000	19900000	0.0104987
chr5_pat	19900000	20000000	0.00804633
chr5_pat	20000000	20100000	0.0105343
chr5_pat	20100000	20200000	0.00954779
chr5_pat	20200000	20300000	0.00757986
chr5_pat	20300000	20400000	0.0105356
chr5_pat	20400000	20500000	0.00675492
chr5_pat	20500000	20600000	0.00776103
chr5_pat	20600000	20700000	0.00956663
chr5_pat	20700000	20800000	0.00908677
chr5_pat	20800000	20900000	0.0105908
chr5_pat	20900000	21000000	0.01005
chr5_pat	21000000	21100000	0.00850631
chr5_pat	21100000	21200000	0.00753281
chr5_pat	21200000	21300000	0.00918931
chr5_pat	21300000	21400000	0.0100201
chr5_pat	21400000	21500000	0.00889478
chr5_pat	21500000	21600000	0.00982829
chr5_pat	21600000	21700000	0.00924204
chr5_pat	21700000	21800000	0.00922122
chr5_pat	21800000	21900000	0.00909478
chr5_pat	21900000	22000000	0.00938431
chr5_pat	22000000	22100000	0.00920912
chr5_pat	22100000	22200000	0.00896148
chr5_pat	22200000	22300000	0.0088664
chr5_pat	22300000	22400000	0.00862772
chr5_pat	22400000	22500000	0.00945786
chr5_pat	22500000	22600000	0.0091386
chr5_pat	22600000	22700000	0.00948352
chr5_pat	22700000	22800000	0.00863146
chr5_pat	22800000	22900000	0.00939086
chr5_pat	22900000	23000000	0.00955954
chr5_pat	23000000	23100000	0.0092336
chr5_pat	23100000	23200000	0.00649989
chr5_pat	23200000	23300000	0.00711193
chr5_pat	23300000	23400000	0.00811739
chr5_pat	23400000	23500000	0.00857925
chr5_pat	23500000	23600000	0.00746666
chr5_pat	23600000	23700000	0.0107095
chr5_pat	23700000	23800000	0.0101604
chr5_pat	23800000	23900000	0.00957506
chr5_pat	23900000	24000000	0.00919534
chr5_pat	24000000	24100000	0.00963207
chr5_pat	24100000	24200000	0.00810537
chr5_pat	24200000	24300000	0.00899155
chr5_pat	24300000	24400000	0.00920222
chr5_pat	24400000	24500000	0.00956679
chr5_pat	24500000	24600000	0.00921135
chr5_pat	24600000	24700000	0.00873492
chr5_pat	24700000	24800000	0.00613423
chr5_pat	24800000	24900000	0.00614782
chr5_pat	24900000	25000000	0.00858434
chr5_pat	25000000	25100000	0.00706771
chr5_pat	25100000	25200000	0.00555385
chr5_pat	25200000	25300000	0.00704171
chr5_pat	25300000	25400000	0.00644537
chr5_pat	25400000	25500000	0.00610975
chr5_pat	25500000	25600000	0.0065072
chr5_pat	25600000	25700000	0.00780185
chr5_pat	25700000	25800000	0.00842294
chr5_pat	25800000	25900000	0.00794472
chr5_pat	25900000	26000000	0.00799002
chr5_pat	26000000	26100000	0.00806985
chr5_pat	26100000	26200000	0.010562
chr5_pat	26200000	26300000	0.0097766
chr5_pat	26300000	26400000	0.00738331
chr5_pat	26400000	26500000	0.00866042
chr5_pat	26500000	26600000	0.0101646
chr5_pat	26600000	26700000	0.00556501
chr5_pat	26700000	26800000	0.00612861
chr5_pat	26800000	26900000	0.00577883
chr5_pat	26900000	27000000	0.00976365
chr5_pat	27000000	27100000	0.00662397
chr5_pat	27100000	27200000	0.00911355
chr5_pat	27200000	27300000	0.00852795
chr5_pat	27300000	27400000	0.00790513
chr5_pat	27400000	27500000	0.00856201
chr5_pat	27500000	27600000	0.00633484
chr5_pat	27600000	27700000	0.00927603
chr5_pat	27700000	27800000	0.00889786
chr5_pat	27800000	27900000	0.00604865
chr5_pat	27900000	28000000	0.00625942
chr5_pat	28000000	28100000	0.00862051
chr5_pat	28100000	28200000	0.00857721
chr5_pat	28200000	28300000	0.00568024
chr5_pat	28300000	28400000	0.00801698
chr5_pat	28400000	28500000	0.00731785
chr5_pat	28500000	28600000	0.00859956
chr5_pat	28600000	28700000	0.00495721
chr5_pat	28700000	28800000	0.00691712
chr5_pat	28800000	28900000	0.00772611
chr5_pat	28900000	29000000	0.00670232
chr5_pat	29000000	29100000	0.00987197
chr5_pat	29100000	29200000	0.00983703
chr5_pat	29200000	29300000	0.0101562
chr5_pat	29300000	29400000	0.0102302
chr5_pat	29400000	29500000	0.00963723
chr5_pat	29500000	29600000	0.00559682
chr5_pat	29600000	29700000	0.00871893
chr5_pat	29700000	29800000	0.0075622
chr5_pat	29800000	29900000	0.00921303
chr5_pat	29900000	30000000	0.00982753
chr5_pat	30000000	30100000	0.00989066
chr5_pat	30100000	30200000	0.00839111
chr5_pat	30200000	30300000	0.00617062
chr5_pat	30300000	30400000	0.0078884
chr5_pat	30400000	30500000	0.00800804
chr5_pat	30500000	30600000	0.00568631
chr5_pat	30600000	30700000	0.00787848
chr5_pat	30700000	30800000	0.00668185
chr5_pat	30800000	30900000	0.00922353
chr5_pat	30900000	31000000	0.00914772
chr5_pat	31000000	31100000	0.00817573
chr5_pat	31100000	31200000	0.00748229
chr5_pat	31200000	31300000	0.00856954
chr5_pat	31300000	31400000	0.00656239
chr5_pat	31400000	31500000	0.0054718
chr5_pat	31500000	31600000	0.00767162
chr5_pat	31600000	31700000	0.00791822
chr5_pat	31700000	31800000	0.00748946
chr5_pat	31800000	31900000	0.00793063
chr5_pat	31900000	32000000	0.00705132
chr5_pat	32000000	32100000	0.00765858
chr5_pat	32100000	32200000	0.00901381
chr5_pat	32200000	32300000	0.00883208
chr5_pat	32300000	32400000	0.00928497
chr5_pat	32400000	32500000	0.0083279
chr5_pat	32500000	32600000	0.00603394
chr5_pat	32600000	32700000	0.00777605
chr5_pat	32700000	32800000	0.00907068
chr5_pat	32800000	32900000	0.00886408
chr5_pat	32900000	33000000	0.00866321
chr5_pat	33000000	33100000	0.00838747
chr5_pat	33100000	33200000	0.00746275
chr5_pat	33200000	33300000	0.00806163
chr5_pat	33300000	33400000	0.00841726
chr5_pat	33400000	33500000	0.00862629
chr5_pat	33500000	33600000	0.00917744
chr5_pat	33600000	33700000	0.00904503
chr5_pat	33700000	33800000	0.0083089
chr5_pat	33800000	33900000	0.00876915
chr5_pat	33900000	34000000	0.0091657
chr5_pat	34000000	34100000	0.00822706
chr5_pat	34100000	34200000	0.00904369
chr5_pat	34200000	34300000	0.00863565
chr5_pat	34300000	34400000	0.00911696
chr5_pat	34400000	34500000	0.00900061
chr5_pat	34500000	34600000	0.00792892
chr5_pat	34600000	34700000	0.00798416
chr5_pat	34700000	34800000	0.00543782
chr5_pat	34800000	34900000	0.00776995
chr5_pat	34900000	35000000	0.00932748
chr5_pat	35000000	35100000	0.00904084
chr5_pat	35100000	35200000	0.00828868
chr5_pat	35200000	35300000	0.00868482
chr5_pat	35300000	35400000	0.00839781
chr5_pat	35400000	35500000	0.00820505
chr5_pat	35500000	35600000	0.00853132
chr5_pat	35600000	35700000	0.00869049
chr5_pat	35700000	35800000	0.00875063
chr5_pat	35800000	35900000	0.00834655
chr5_pat	35900000	36000000	0.00848051
chr5_pat	36000000	36100000	0.00860308
chr5_pat	36100000	36200000	0.008224
chr5_pat	36200000	36300000	0.00855111
chr5_pat	36300000	36400000	0.00873596
chr5_pat	36400000	36500000	0.00840361
chr5_pat	36500000	36600000	0.00837058
chr5_pat	36600000	36700000	0.00765171
chr5_pat	36700000	36800000	0.00826568
chr5_pat	36800000	36900000	0.00685408
chr5_pat	36900000	37000000	0.00782962
chr5_pat	37000000	37100000	0.00576206
chr5_pat	37100000	37200000	0.00548112
chr5_pat	37200000	37300000	0.0064319
chr5_pat	37300000	37400000	0.00840676
chr5_pat	37400000	37500000	0.00640293
chr5_pat	37500000	37600000	0.00867315
chr5_pat	37600000	37700000	0.00877881
chr5_pat	37700000	37800000	0.00850713
chr5_pat	37800000	37900000	0.00914711
chr5_pat	37900000	38000000	0.00868553
chr5_pat	38000000	38100000	0.00903845
chr5_pat	38100000	38200000	0.00875452
chr5_pat	38200000	38300000	0.00923471
chr5_pat	38300000	38400000	0.00870791
chr5_pat	38400000	38500000	0.0089496
chr5_pat	38500000	38600000	0.00912213
chr5_pat	38600000	38700000	0.00679776
chr5_pat	38700000	38800000	0.00563239
chr5_pat	38800000	38900000	0.006257
chr5_pat	38900000	39000000	0.0070009
chr5_pat	39000000	39100000	0.00885361
chr5_pat	39100000	39200000	0.00658543
chr5_pat	39200000	39300000	0.00896073
chr5_pat	39300000	39400000	0.00766411
chr5_pat	39400000	39500000	0.00903966
chr5_pat	39500000	39600000	0.00931347
chr5_pat	39600000	39700000	0.00804361
chr5_pat	39700000	39800000	0.00756596
chr5_pat	39800000	39900000	0.00709893
chr5_pat	39900000	40000000	0.008937
chr5_pat	40000000	40100000	0.00934765
chr5_pat	40100000	40200000	0.00973611
chr5_pat	40200000	40300000	0.00923566
chr5_pat	40300000	40400000	0.00844804
chr5_pat	40400000	40500000	0.00652955
chr5_pat	40500000	40600000	0.00543937
chr5_pat	40600000	40700000	0.00772665
chr5_pat	40700000	40800000	0.0068504
chr5_pat	40800000	40900000	0.00819132
chr5_pat	40900000	41000000	0.00609523
chr5_pat	41000000	41100000	0.00620537
chr5_pat	41100000	41200000	0.00664545
chr5_pat	41200000	41300000	0.00732835
chr5_pat	41300000	41400000	0.00832015
chr5_pat	41400000	41500000	0.00837164
chr5_pat	41500000	41600000	0.0073816
chr5_pat	41600000	41700000	0.009071
chr5_pat	41700000	41800000	0.00852486
chr5_pat	41800000	41900000	0.00564885
chr5_pat	41900000	42000000	0.00877738
chr5_pat	42000000	42100000	0.00903131
chr5_pat	42100000	42200000	0.0078333
chr5_pat	42200000	42300000	0.00641256
chr5_pat	42300000	42400000	0.00586105
chr5_pat	42400000	42500000	0.00775036
chr5_pat	42500000	42600000	0.00946057
chr5_pat	42600000	42700000	0.00895089
chr5_pat	42700000	42800000	0.00927568
chr5_pat	42800000	42900000	0.00948907
chr5_pat	42900000	43000000	0.00960316
chr5_pat	43000000	43100000	0.00882934
chr5_pat	43100000	43200000	0.00922843
chr5_pat	43200000	43300000	0.00913213
chr5_pat	43300000	43400000	0.00883401
chr5_pat	43400000	43500000	0.00854373
chr5_pat	43500000	43600000	0.00880263
chr5_pat	43600000	43700000	0.0088629
chr5_pat	43700000	43800000	0.00651797
chr5_pat	43800000	43900000	0.0063447
chr5_pat	43900000	44000000	0.00651997
chr5_pat	44000000	44100000	0.00841682
chr5_pat	44100000	44200000	0.00820197
chr5_pat	44200000	44300000	0.00880042
chr5_pat	44300000	44400000	0.00863554
chr5_pat	44400000	44500000	0.00873506
chr5_pat	44500000	44600000	0.00845885
chr5_pat	44600000	44700000	0.00812215
chr5_pat	44700000	44800000	0.00831483
chr5_pat	44800000	44900000	0.00806594
chr5_pat	44900000	45000000	0.00829193
chr5_pat	45000000	45100000	0.00832716
chr5_pat	45100000	45200000	0.00813222
chr5_pat	45200000	45300000	0.00814716
chr5_pat	45300000	45400000	0.00811347
chr5_pat	45400000	45500000	0.00815058
chr5_pat	45500000	45600000	0.0079067
chr5_pat	45600000	45700000	0.00815268
chr5_pat	45700000	45800000	0.00781
chr5_pat	45800000	45900000	0.0085655
chr5_pat	45900000	46000000	0.00831855
chr5_pat	46000000	46100000	0.00842267
chr5_pat	46100000	46200000	0.00845491
chr5_pat	46200000	46300000	0.00845676
chr5_pat	46300000	46400000	0.0062921
chr5_pat	46400000	46500000	0.00840068
chr5_pat	46500000	46600000	0.00895233
chr5_pat	46600000	46700000	0.00819186
chr5_pat	46700000	46800000	0.00860231
chr5_pat	46800000	46900000	0.00753609
chr5_pat	46900000	47000000	0.00750595
chr5_pat	47000000	47100000	0.00761184
chr5_pat	47100000	47200000	0.00609335
chr5_pat	47200000	47300000	0.00917922
chr5_pat	47300000	47400000	0.00700226
chr5_pat	47400000	47500000	0.0067984
chr5_pat	47500000	47600000	0.00766741
chr5_pat	47600000	47700000	0.00613122
chr5_pat	47700000	47800000	0.00836874
chr5_pat	47800000	47900000	0.00556819
chr5_pat	47900000	48000000	0.00782188
chr5_pat	48000000	48100000	0.00848689
chr5_pat	48100000	48200000	0.00710955
chr5_pat	48200000	48300000	0.00663346
chr5_pat	48300000	48400000	0.00579152
chr5_pat	48400000	48500000	0.00629298
chr5_pat	48500000	48600000	0.00913757
chr5_pat	48600000	48700000	0.00960728
chr5_pat	48700000	48800000	0.00859726
chr5_pat	48800000	48900000	0.00833169
chr5_pat	48900000	49000000	0.00853232
chr5_pat	49000000	49100000	0.00873569
chr5_pat	49100000	49200000	0.00903852
chr5_pat	49200000	49300000	0.00701105
chr5_pat	49300000	49400000	0.00821098
chr5_pat	49400000	49500000	0.00557939
chr5_pat	49500000	49600000	0.00914686
chr5_pat	49600000	49700000	0.00927888
chr5_pat	49700000	49800000	0.00926351
chr5_pat	49800000	49900000	0.00625486
chr5_pat	49900000	50000000	0.00580256
chr5_pat	50000000	50100000	0.00663888
chr5_pat	50100000	50200000	0.00877477
chr5_pat	50200000	50300000	0.00836125
chr5_pat	50300000	50400000	0.00871036
chr5_pat	50400000	50500000	0.0079454
chr5_pat	50500000	50600000	0.00832621
chr5_pat	50600000	50700000	0.00842642
chr5_pat	50700000	50800000	0.00876796
chr5_pat	50800000	50900000	0.00836573
chr5_pat	50900000	51000000	0.00848765
chr5_pat	51000000	51100000	0.00830881
chr5_pat	51100000	51200000	0.00855147
chr5_pat	51200000	51300000	0.00902817
chr5_pat	51300000	51400000	0.00889882
chr5_pat	51400000	51500000	0.00658101
chr5_pat	51500000	51600000	0.00950222
chr5_pat	51600000	51700000	0.00903929
chr5_pat	51700000	51800000	0.00783744
chr5_pat	51800000	51900000	0.00946564
chr5_pat	51900000	52000000	0.00911123
chr5_pat	52000000	52100000	0.00524209
chr5_pat	52100000	52200000	0.00793687
chr5_pat	52200000	52300000	0.00839243
chr5_pat	52300000	52400000	0.00854262
chr5_pat	52400000	52500000	0.00846481
chr5_pat	52500000	52600000	0.00871427
chr5_pat	52600000	52700000	0.00846281
chr5_pat	52700000	52800000	0.0085227
chr5_pat	52800000	52900000	0.0067348
chr5_pat	52900000	53000000	0.00549705
chr5_pat	53000000	53100000	0.00563603
chr5_pat	53100000	53200000	0.00664106
chr5_pat	53200000	53300000	0.00698668
chr5_pat	53300000	53400000	0.00813904
chr5_pat	53400000	53500000	0.009319
chr5_pat	53500000	53600000	0.00642771
chr5_pat	53600000	53700000	0.00999441
chr5_pat	53700000	53800000	0.00846873
chr5_pat	53800000	53900000	0.00565313
chr5_pat	53900000	54000000	0.0076723
chr5_pat	54000000	54100000	0.00642504
chr5_pat	54100000	54200000	0.0061865
chr5_pat	54200000	54300000	0.00780573
chr5_pat	54300000	54400000	0.00906684
chr5_pat	54400000	54500000	0.00920644
chr5_pat	54500000	54600000	0.0090914
chr5_pat	54600000	54700000	0.00879762
chr5_pat	54700000	54800000	0.00889336
chr5_pat	54800000	54900000	0.00878643
chr5_pat	54900000	55000000	0.00929498
chr5_pat	55000000	55100000	0.00928815
chr5_pat	55100000	55200000	0.0084753
chr5_pat	55200000	55300000	0.00848771
chr5_pat	55300000	55400000	0.00734876
chr5_pat	55400000	55500000	0.00909838
chr5_pat	55500000	55600000	0.00941548
chr5_pat	55600000	55700000	0.00706363
chr5_pat	55700000	55800000	0.00833995
chr5_pat	55800000	55900000	0.0101275
chr5_pat	55900000	56000000	0.0089348
chr5_pat	56000000	56100000	0.00789119
chr5_pat	56100000	56200000	0.00921704
chr5_pat	56200000	56300000	0.00958231
chr5_pat	56300000	56400000	0.0090716
chr5_pat	56400000	56500000	0.00884217
chr5_pat	56500000	56600000	0.00712293
chr5_pat	56600000	56700000	0.00647761
chr5_pat	56700000	56800000	0.00680831
chr5_pat	56800000	56900000	0.00845886
chr5_pat	56900000	57000000	0.00871325
chr5_pat	57000000	57100000	0.00837572
chr5_pat	57100000	57200000	0.00634963
chr5_pat	57200000	57300000	0.00765582
chr5_pat	57300000	57400000	0.00963481
chr5_pat	57400000	57500000	0.00903051
chr5_pat	57500000	57600000	0.00939631
chr5_pat	57600000	57700000	0.00946852
chr5_pat	57700000	57800000	0.0092022
chr5_pat	57800000	57900000	0.00818368
chr5_pat	57900000	58000000	0.00900402
chr5_pat	58000000	58100000	0.00903132
chr5_pat	58100000	58200000	0.00722258
chr5_pat	58200000	58300000	0.00662625
chr5_pat	58300000	58400000	0.00937593
chr5_pat	58400000	58500000	0.00677492
chr5_pat	58500000	58600000	0.0070687
chr5_pat	58600000	58700000	0.0098403
chr5_pat	58700000	58800000	0.00797033
chr5_pat	58800000	58900000	0.00966522
chr5_pat	58900000	59000000	0.0109979
chr5_pat	59000000	59100000	0.0102593
chr5_pat	59100000	59200000	0.00852674
chr5_pat	59200000	59300000	0.00562617
chr5_pat	59300000	59400000	0.00706197
chr5_pat	59400000	59500000	0.00918674
chr5_pat	59500000	59600000	0.00827488
chr5_pat	59600000	59700000	0.00676793
chr5_pat	59700000	59800000	0.0094912
chr5_pat	59800000	59900000	0.00987361
chr5_pat	59900000	60000000	0.00925941
chr5_pat	60000000	60100000	0.00944619
chr5_pat	60100000	60200000	0.00826904
chr5_pat	60200000	60300000	0.0095591
chr5_pat	60300000	60400000	0.00666496
chr5_pat	60400000	60500000	0.0061107
chr5_pat	60500000	60600000	0.00906604
chr5_pat	60600000	60700000	0.00737187
chr5_pat	60700000	60800000	0.00712708
chr5_pat	60800000	60900000	0.00856861
chr5_pat	60900000	61000000	0.010042
chr5_pat	61000000	61100000	0.00914096
chr5_pat	61100000	61200000	0.00799192
chr5_pat	61200000	61300000	0.00617681
chr5_pat	61300000	61400000	0.00711948
chr5_pat	61400000	61500000	0.00872186
chr5_pat	61500000	61600000	0.00905386
chr5_pat	61600000	61700000	0.00886072
chr5_pat	61700000	61800000	0.00832656
chr5_pat	61800000	61900000	0.00576897
chr5_pat	61900000	62000000	0.00662157
chr5_pat	62000000	62100000	0.00569132
chr5_pat	62100000	62200000	0.00751999
chr5_pat	62200000	62300000	0.00807988
chr5_pat	62300000	62400000	0.00760648
chr5_pat	62400000	62500000	0.00825881
chr5_pat	62500000	62600000	0.00789347
chr5_pat	62600000	62700000	0.00813391
chr5_pat	62700000	62800000	0.00863061
chr5_pat	62800000	62900000	0.00665448
chr5_pat	62900000	63000000	0.00702171
chr5_pat	63000000	63100000	0.0108917
chr5_pat	63100000	63200000	0.0112745
chr5_pat	63200000	63300000	0.0117646
chr5_pat	63300000	63400000	0.0135262
chr5_pat	63400000	63500000	0.0127392
chr5_pat	63500000	63600000	0.0125301
chr5_pat	63600000	63700000	0.0107348
chr5_pat	63700000	63800000	
chr5_pat	63800000	63896914	
chr6_pat	0	100000	
chr6_pat	100000	200000	
chr6_pat	200000	300000	
chr6_pat	300000	400000	
chr6_pat	400000	500000	
chr6_pat	500000	600000	0.0121147
chr6_pat	600000	700000	0.0112765
chr6_pat	700000	800000	0.0101845
chr6_pat	800000	900000	0.0107516
chr6_pat	900000	1000000	0.0100817
chr6_pat	1000000	1100000	0.0098761
chr6_pat	1100000	1200000	0.010677
chr6_pat	1200000	1300000	0.0114995
chr6_pat	1300000	1400000	0.0111056
chr6_pat	1400000	1500000	0.0109868
chr6_pat	1500000	1600000	0.0107187
chr6_pat	1600000	1700000	0.00638724
chr6_pat	1700000	1800000	0.00763813
chr6_pat	1800000	1900000	0.00663188
chr6_pat	1900000	2000000	0.00644999
chr6_pat	2000000	2100000	0.00608855
chr6_pat	2100000	2200000	0.00706778
chr6_pat	2200000	2300000	0.01178
chr6_pat	2300000	2400000	0.00964226
chr6_pat	2400000	2500000	0.00736526
chr6_pat	2500000	2600000	0.0117336
chr6_pat	2600000	2700000	0.010411
chr6_pat	2700000	2800000	0.0121227
chr6_pat	2800000	2900000	0.0109228
chr6_pat	2900000	3000000	0.0108142
chr6_pat	3000000	3100000	0.0147238
chr6_pat	3100000	3200000	0.00956021
chr6_pat	3200000	3300000	0.00628235
chr6_pat	3300000	3400000	0.00676406
chr6_pat	3400000	3500000	0.007787
chr6_pat	3500000	3600000	0.00853114
chr6_pat	3600000	3700000	0.00618765
chr6_pat	3700000	3800000	0.0109722
chr6_pat	3800000	3900000	0.00695609
chr6_pat	3900000	4000000	0.00702087
chr6_pat	4000000	4100000	0.00586253
chr6_pat	4100000	4200000	0.0103636
chr6_pat	4200000	4300000	0.0114874
chr6_pat	4300000	4400000	0.0112703
chr6_pat	4400000	4500000	0.0108682
chr6_pat	4500000	4600000	0.0103721
chr6_pat	4600000	4700000	0.0100756
chr6_pat	4700000	4800000	0.010224
chr6_pat	4800000	4900000	0.0103057
chr6_pat	4900000	5000000	0.0106296
chr6_pat	5000000	5100000	0.010546
chr6_pat	5100000	5200000	0.010042
chr6_pat	5200000	5300000	0.0114572
chr6_pat	5300000	5400000	0.0112793
chr6_pat	5400000	5500000	0.0106096
chr6_pat	5500000	5600000	
chr6_pat	5600000	5700000	
chr6_pat	5700000	5800000	
chr6_pat	5800000	5900000	
chr6_pat	5900000	6000000	
chr6_pat	6000000	6100000	
chr6_pat	6100000	6200000	
chr6_pat	6200000	6300000	
chr6_pat	6300000	6400000	
chr6_pat	6400000	6500000	
chr6_pat	6500000	6600000	
chr6_pat	6600000	6700000	0.0178397
chr6_pat	6700000	6800000	0.0123641
chr6_pat	6800000	6900000	
chr6_pat	6900000	7000000	
chr6_pat	7000000	7100000	
chr6_pat	7100000	7200000	0.00883227
chr6_pat	7200000	7300000	0.00541064
chr6_pat	7300000	7400000	0.00723214
chr6_pat	7400000	7500000	0.00681423
chr6_pat	7500000	7600000	0.00719594
chr6_pat	7600000	7700000	0.00936146
chr6_pat	7700000	7800000	0.00792023
chr6_pat	7800000	7900000	0.00761551
chr6_pat	7900000	8000000	0.00811357
chr6_pat	8000000	8100000	0.00866282
chr6_pat	8100000	8200000	0.00871265
chr6_pat	8200000	8300000	0.00697334
chr6_pat	8300000	8400000	0.00941671
chr6_pat	8400000	8500000	0.00958001
chr6_pat	8500000	8600000	0.00975653
chr6_pat	8600000	8700000	0.00869355
chr6_pat	8700000	8800000	0.0100806
chr6_pat	8800000	8900000	0.00957789
chr6_pat	8900000	9000000	0.00998332
chr6_pat	9000000	9100000	0.00995349
chr6_pat	9100000	9200000	0.00900165
chr6_pat	9200000	9300000	0.00998272
chr6_pat	9300000	9400000	0.00935841
chr6_pat	9400000	9500000	0.0101454
chr6_pat	9500000	9600000	0.00975109
chr6_pat	9600000	9700000	0.00962192
chr6_pat	9700000	9800000	0.0101204
chr6_pat	9800000	9900000	0.00875716
chr6_pat	9900000	10000000	0.00962179
chr6_pat	10000000	10100000	0.00949327
chr6_pat	10100000	10200000	0.00912625
chr6_pat	10200000	10300000	0.00938746
chr6_pat	10300000	10400000	0.00628483
chr6_pat	10400000	10500000	0.00746729
chr6_pat	10500000	10600000	0.009098
chr6_pat	10600000	10700000	0.00935995
chr6_pat	10700000	10800000	0.00795891
chr6_pat	10800000	10900000	0.00564174
chr6_pat	10900000	11000000	0.00675301
chr6_pat	11000000	11100000	0.0100958
chr6_pat	11100000	11200000	0.00990817
chr6_pat	11200000	11300000	0.00742768
chr6_pat	11300000	11400000	0.00942791
chr6_pat	11400000	11500000	0.00950255
chr6_pat	11500000	11600000	0.00962506
chr6_pat	11600000	11700000	0.00935484
chr6_pat	11700000	11800000	0.00900527
chr6_pat	11800000	11900000	0.00941287
chr6_pat	11900000	12000000	0.00901087
chr6_pat	12000000	12100000	0.00868561
chr6_pat	12100000	12200000	0.00873734
chr6_pat	12200000	12300000	0.00869374
chr6_pat	12300000	12400000	0.00692417
chr6_pat	12400000	12500000	0.00886807
chr6_pat	12500000	12600000	0.00888441
chr6_pat	12600000	12700000	0.00816028
chr6_pat	12700000	12800000	0.0071994
chr6_pat	12800000	12900000	0.00868142
chr6_pat	12900000	13000000	0.00865377
chr6_pat	13000000	13100000	0.00691675
chr6_pat	13100000	13200000	0.00684444
chr6_pat	13200000	13300000	0.00909228
chr6_pat	13300000	13400000	0.00919527
chr6_pat	13400000	13500000	0.0091448
chr6_pat	13500000	13600000	0.00950367
chr6_pat	13600000	13700000	0.00927149
chr6_pat	13700000	13800000	0.00899624
chr6_pat	13800000	13900000	0.00917249
chr6_pat	13900000	14000000	0.008401
chr6_pat	14000000	14100000	0.0089388
chr6_pat	14100000	14200000	0.00865323
chr6_pat	14200000	14300000	0.00620893
chr6_pat	14300000	14400000	0.00758777
chr6_pat	14400000	14500000	0.0089894
chr6_pat	14500000	14600000	0.00873645
chr6_pat	14600000	14700000	0.00885913
chr6_pat	14700000	14800000	0.00845624
chr6_pat	14800000	14900000	0.00862483
chr6_pat	14900000	15000000	0.00888854
chr6_pat	15000000	15100000	0.00847484
chr6_pat	15100000	15200000	0.0084141
chr6_pat	15200000	15300000	0.00875715
chr6_pat	15300000	15400000	0.00879453
chr6_pat	15400000	15500000	0.00868628
chr6_pat	15500000	15600000	0.00847018
chr6_pat	15600000	15700000	0.00886101
chr6_pat	15700000	15800000	0.00896998
chr6_pat	15800000	15900000	0.00656628
chr6_pat	15900000	16000000	0.00882689
chr6_pat	16000000	16100000	0.00574613
chr6_pat	16100000	16200000	0.00720431
chr6_pat	16200000	16300000	0.00923555
chr6_pat	16300000	16400000	0.00862187
chr6_pat	16400000	16500000	0.00698482
chr6_pat	16500000	16600000	0.00786286
chr6_pat	16600000	16700000	0.00569605
chr6_pat	16700000	16800000	0.0078218
chr6_pat	16800000	16900000	0.00705209
chr6_pat	16900000	17000000	0.00582509
chr6_pat	17000000	17100000	0.00786358
chr6_pat	17100000	17200000	0.00686712
chr6_pat	17200000	17300000	0.00660726
chr6_pat	17300000	17400000	0.00755554
chr6_pat	17400000	17500000	0.00784846
chr6_pat	17500000	17600000	0.00782816
chr6_pat	17600000	17700000	0.00884664
chr6_pat	17700000	17800000	0.00699935
chr6_pat	17800000	17900000	0.00766219
chr6_pat	17900000	18000000	0.00760319
chr6_pat	18000000	18100000	0.00797153
chr6_pat	18100000	18200000	0.00976019
chr6_pat	18200000	18300000	0.0106037
chr6_pat	18300000	18400000	0.0103165
chr6_pat	18400000	18500000	0.0080039
chr6_pat	18500000	18600000	0.00738118
chr6_pat	18600000	18700000	0.00662792
chr6_pat	18700000	18800000	0.00915809
chr6_pat	18800000	18900000	0.00595274
chr6_pat	18900000	19000000	0.00916745
chr6_pat	19000000	19100000	0.00926835
chr6_pat	19100000	19200000	0.0093795
chr6_pat	19200000	19300000	0.00808189
chr6_pat	19300000	19400000	0.00806688
chr6_pat	19400000	19500000	0.00894995
chr6_pat	19500000	19600000	0.00897117
chr6_pat	19600000	19700000	0.00883031
chr6_pat	19700000	19800000	0.00708616
chr6_pat	19800000	19900000	0.0093056
chr6_pat	19900000	20000000	0.00989843
chr6_pat	20000000	20100000	0.00997402
chr6_pat	20100000	20200000	0.00942568
chr6_pat	20200000	20300000	0.00846848
chr6_pat	20300000	20400000	0.00747011
chr6_pat	20400000	20500000	0.00676808
chr6_pat	20500000	20600000	0.00815939
chr6_pat	20600000	20700000	0.00896507
chr6_pat	20700000	20800000	0.00851471
chr6_pat	20800000	20900000	0.00801229
chr6_pat	20900000	21000000	0.00611236
chr6_pat	21000000	21100000	0.00749329
chr6_pat	21100000	21200000	0.00890413
chr6_pat	21200000	21300000	0.00733805
chr6_pat	21300000	21400000	0.00735045
chr6_pat	21400000	21500000	0.00827358
chr6_pat	21500000	21600000	0.00698505
chr6_pat	21600000	21700000	0.00579232
chr6_pat	21700000	21800000	0.00637653
chr6_pat	21800000	21900000	0.00522825
chr6_pat	21900000	22000000	0.00703804
chr6_pat	22000000	22100000	0.00930895
chr6_pat	22100000	22200000	0.00870054
chr6_pat	22200000	22300000	0.00839825
chr6_pat	22300000	22400000	0.0087616
chr6_pat	22400000	22500000	0.00924779
chr6_pat	22500000	22600000	0.00897003
chr6_pat	22600000	22700000	0.00931138
chr6_pat	22700000	22800000	0.00911259
chr6_pat	22800000	22900000	0.00751631
chr6_pat	22900000	23000000	0.00605519
chr6_pat	23000000	23100000	0.00995279
chr6_pat	23100000	23200000	0.00989967
chr6_pat	23200000	23300000	0.00787103
chr6_pat	23300000	23400000	0.00878772
chr6_pat	23400000	23500000	0.00801325
chr6_pat	23500000	23600000	0.00683864
chr6_pat	23600000	23700000	0.00659216
chr6_pat	23700000	23800000	0.00724284
chr6_pat	23800000	23900000	0.00768402
chr6_pat	23900000	24000000	0.00707294
chr6_pat	24000000	24100000	0.00689315
chr6_pat	24100000	24200000	0.0107451
chr6_pat	24200000	24300000	0.00885822
chr6_pat	24300000	24400000	0.00649479
chr6_pat	24400000	24500000	0.00656273
chr6_pat	24500000	24600000	0.00731382
chr6_pat	24600000	24700000	0.00601522
chr6_pat	24700000	24800000	0.0070497
chr6_pat	24800000	24900000	0.00591231
chr6_pat	24900000	25000000	0.00841446
chr6_pat	25000000	25100000	0.00956926
chr6_pat	25100000	25200000	0.0105039
chr6_pat	25200000	25300000	0.010362
chr6_pat	25300000	25400000	0.00844421
chr6_pat	25400000	25500000	0.00791755
chr6_pat	25500000	25600000	0.00865484
chr6_pat	25600000	25700000	0.00883522
chr6_pat	25700000	25800000	0.00917138
chr6_pat	25800000	25900000	0.00930775
chr6_pat	25900000	26000000	0.00904667
chr6_pat	26000000	26100000	0.00908976
chr6_pat	26100000	26200000	0.00892045
chr6_pat	26200000	26300000	0.00858581
chr6_pat	26300000	26400000	0.00896096
chr6_pat	26400000	26500000	0.00855442
chr6_pat	26500000	26600000	0.00937899
chr6_pat	26600000	26700000	0.00965555
chr6_pat	26700000	26800000	0.00906416
chr6_pat	26800000	26900000	0.00964872
chr6_pat	26900000	27000000	0.00856584
chr6_pat	27000000	27100000	0.00854984
chr6_pat	27100000	27200000	0.00448656
chr6_pat	27200000	27300000	0.00781454
chr6_pat	27300000	27400000	0.00707066
chr6_pat	27400000	27500000	0.0081715
chr6_pat	27500000	27600000	0.00626043
chr6_pat	27600000	27700000	0.0089136
chr6_pat	27700000	27800000	0.00906826
chr6_pat	27800000	27900000	0.00908827
chr6_pat	27900000	28000000	0.0086098
chr6_pat	28000000	28100000	0.00684059
chr6_pat	28100000	28200000	0.00694344
chr6_pat	28200000	28300000	0.00868283
chr6_pat	28300000	28400000	0.00847597
chr6_pat	28400000	28500000	0.00759221
chr6_pat	28500000	28600000	0.00812327
chr6_pat	28600000	28700000	0.00874275
chr6_pat	28700000	28800000	0.00894476
chr6_pat	28800000	28900000	0.0079966
chr6_pat	28900000	29000000	0.00701128
chr6_pat	29000000	29100000	0.00544669
chr6_pat	29100000	29200000	0.0097832
chr6_pat	29200000	29300000	0.00985282
chr6_pat	29300000	29400000	0.00891373
chr6_pat	29400000	29500000	0.00652708
chr6_pat	29500000	29600000	0.00869877
chr6_pat	29600000	29700000	0.00840895
chr6_pat	29700000	29800000	0.00836622
chr6_pat	29800000	29900000	0.0084869
chr6_pat	29900000	30000000	0.00825312
chr6_pat	30000000	30100000	0.00873616
chr6_pat	30100000	30200000	0.00894317
chr6_pat	30200000	30300000	0.00877721
chr6_pat	30300000	30400000	0.00910778
chr6_pat	30400000	30500000	0.008986
chr6_pat	30500000	30600000	0.0079696
chr6_pat	30600000	30700000	0.00695962
chr6_pat	30700000	30800000	0.00895035
chr6_pat	30800000	30900000	0.00932682
chr6_pat	30900000	31000000	0.00888861
chr6_pat	31000000	31100000	0.0081073
chr6_pat	31100000	31200000	0.00839229
chr6_pat	31200000	31300000	0.00790861
chr6_pat	31300000	31400000	0.00773966
chr6_pat	31400000	31500000	0.00630164
chr6_pat	31500000	31600000	0.00685425
chr6_pat	31600000	31700000	0.00857577
chr6_pat	31700000	31800000	0.00656051
chr6_pat	31800000	31900000	0.00644805
chr6_pat	31900000	32000000	0.0090843
chr6_pat	32000000	32100000	0.00942322
chr6_pat	32100000	32200000	0.00807715
chr6_pat	32200000	32300000	0.00896662
chr6_pat	32300000	32400000	0.00980371
chr6_pat	32400000	32500000	0.010417
chr6_pat	32500000	32600000	0.00585769
chr6_pat	32600000	32700000	0.00922477
chr6_pat	32700000	32800000	0.00842572
chr6_pat	32800000	32900000	0.00938978
chr6_pat	32900000	33000000	0.00623377
chr6_pat	33000000	33100000	0.00796844
chr6_pat	33100000	33200000	0.00959008
chr6_pat	33200000	33300000	0.00923751
chr6_pat	33300000	33400000	0.00938509
chr6_pat	33400000	33500000	0.00929854
chr6_pat	33500000	33600000	0.00908486
chr6_pat	33600000	33700000	0.00935981
chr6_pat	33700000	33800000	0.00583856
chr6_pat	33800000	33900000	0.00932938
chr6_pat	33900000	34000000	0.00971835
chr6_pat	34000000	34100000	0.00792604
chr6_pat	34100000	34200000	0.00651213
chr6_pat	34200000	34300000	0.00862915
chr6_pat	34300000	34400000	0.00955108
chr6_pat	34400000	34500000	0.00912052
chr6_pat	34500000	34600000	0.00837741
chr6_pat	34600000	34700000	0.00866397
chr6_pat	34700000	34800000	0.00802763
chr6_pat	34800000	34900000	0.00965733
chr6_pat	34900000	35000000	0.00712822
chr6_pat	35000000	35100000	0.00921321
chr6_pat	35100000	35200000	0.00964968
chr6_pat	35200000	35300000	0.00945033
chr6_pat	35300000	35400000	0.00981177
chr6_pat	35400000	35500000	0.0101449
chr6_pat	35500000	35600000	0.00922708
chr6_pat	35600000	35700000	0.00957583
chr6_pat	35700000	35800000	0.0100403
chr6_pat	35800000	35900000	0.00952914
chr6_pat	35900000	36000000	0.00806485
chr6_pat	36000000	36100000	0.0102001
chr6_pat	36100000	36200000	0.0103879
chr6_pat	36200000	36300000	0.0126949
chr6_pat	36300000	36400000	0.00865274
chr6_pat	36400000	36500000	0.0112057
chr6_pat	36500000	36600000	0.0087
chr6_pat	36600000	36700000	0.00983607
chr6_pat	36700000	36800000	0.00786068
chr6_pat	36800000	36900000	0.00824404
chr6_pat	36900000	37000000	0.00571143
chr6_pat	37000000	37036084	
chr7_pat	0	100000	
chr7_pat	100000	200000	
chr7_pat	200000	300000	
chr7_pat	300000	400000	
chr7_pat	400000	500000	
chr7_pat	500000	600000	
chr7_pat	600000	700000	
chr7_pat	700000	800000	0.0101267
chr7_pat	800000	900000	0.0103245
chr7_pat	900000	1000000	0.0100258
chr7_pat	1000000	1100000	0.00793805
chr7_pat	1100000	1200000	0.0098497
chr7_pat	1200000	1300000	0.0102998
chr7_pat	1300000	1400000	0.00965726
chr7_pat	1400000	1500000	0.00990608
chr7_pat	1500000	1600000	0.00901517
chr7_pat	1600000	1700000	0.008963
chr7_pat	1700000	1800000	0.015189
chr7_pat	1800000	1900000	0.00609829
chr7_pat	1900000	2000000	0.00985728
chr7_pat	2000000	2100000	0.0105911
chr7_pat	2100000	2200000	0.00947491
chr7_pat	2200000	2300000	0.00745927
chr7_pat	2300000	2400000	0.0067593
chr7_pat	2400000	2500000	0.00945939
chr7_pat	2500000	2600000	0.0099405
chr7_pat	2600000	2700000	0.00942007
chr7_pat	2700000	2800000	0.00968844
chr7_pat	2800000	2900000	0.0101634
chr7_pat	2900000	3000000	0.00715014
chr7_pat	3000000	3100000	0.0119823
chr7_pat	3100000	3200000	0.011005
chr7_pat	3200000	3300000	0.00769266
chr7_pat	3300000	3400000	0.0092497
chr7_pat	3400000	3500000	0.00835766
chr7_pat	3500000	3600000	0.00874653
chr7_pat	3600000	3700000	0.0105359
chr7_pat	3700000	3800000	0.00760761
chr7_pat	3800000	3900000	0.00847868
chr7_pat	3900000	4000000	0.0104084
chr7_pat	4000000	4100000	0.0107967
chr7_pat	4100000	4200000	0.0114209
chr7_pat	4200000	4300000	
chr7_pat	4300000	4400000	
chr7_pat	4400000	4500000	
chr7_pat	4500000	4600000	
chr7_pat	4600000	4700000	0.0128543
chr7_pat	4700000	4800000	0.00600751
chr7_pat	4800000	4900000	0.0093479
chr7_pat	4900000	5000000	0.00902733
chr7_pat	5000000	5100000	0.0107275
chr7_pat	5100000	5200000	0.0105147
chr7_pat	5200000	5300000	0.00598003
chr7_pat	5300000	5400000	0.00686392
chr7_pat	5400000	5500000	0.00960191
chr7_pat	5500000	5600000	0.0107008
chr7_pat	5600000	5700000	0.0102934
chr7_pat	5700000	5800000	0.00876077
chr7_pat	5800000	5900000	0.00965563
chr7_pat	5900000	6000000	0.00883766
chr7_pat	6000000	6100000	0.0104541
chr7_pat	6100000	6200000	0.00998001
chr7_pat	6200000	6300000	0.00847627
chr7_pat	6300000	6400000	0.0101366
chr7_pat	6400000	6500000	0.010793
chr7_pat	6500000	6600000	0.0100993
chr7_pat	6600000	6700000	0.00845291
chr7_pat	6700000	6800000	0.00784546
chr7_pat	6800000	6900000	0.00664762
chr7_pat	6900000	7000000	0.00640946
chr7_pat	7000000	7100000	0.00612374
chr7_pat	7100000	7200000	0.0073527
chr7_pat	7200000	7300000	0.0104074
chr7_pat	7300000	7400000	0.0107041
chr7_pat	7400000	7500000	0.010659
chr7_pat	7500000	7600000	0.00937187
chr7_pat	7600000	7700000	0.00973908
chr7_pat	7700000	7800000	0.00727248
chr7_pat	7800000	7900000	0.00692808
chr7_pat	7900000	8000000	0.00582268
chr7_pat	8000000	8100000	0.00841513
chr7_pat	8100000	8200000	0.00950554
chr7_pat	8200000	8300000	0.00966639
chr7_pat	8300000	8400000	0.00969398
chr7_pat	8400000	8500000	0.00887147
chr7_pat	8500000	8600000	0.00885753
chr7_pat	8600000	8700000	0.00892873
chr7_pat	8700000	8800000	0.00933717
chr7_pat	8800000	8900000	0.00989809
chr7_pat	8900000	9000000	0.00930632
chr7_pat	9000000	9100000	0.00903632
chr7_pat	9100000	9200000	0.00881239
chr7_pat	9200000	9300000	0.00870411
chr7_pat	9300000	9400000	0.00739214
chr7_pat	9400000	9500000	0.00866604
chr7_pat	9500000	9600000	0.00941665
chr7_pat	9600000	9700000	0.00865809
chr7_pat	9700000	9800000	0.00737854
chr7_pat	9800000	9900000	0.00748086
chr7_pat	9900000	10000000	0.00898797
chr7_pat	10000000	10100000	0.00660224
chr7_pat	10100000	10200000	0.00778601
chr7_pat	10200000	10300000	0.00984108
chr7_pat	10300000	10400000	0.0105068
chr7_pat	10400000	10500000	0.00981183
chr7_pat	10500000	10600000	0.009931
chr7_pat	10600000	10700000	0.0103269
chr7_pat	10700000	10800000	0.00993018
chr7_pat	10800000	10900000	0.00728002
chr7_pat	10900000	11000000	0.00680289
chr7_pat	11000000	11100000	0.007465
chr7_pat	11100000	11200000	0.0143533
chr7_pat	11200000	11300000	0.0115542
chr7_pat	11300000	11400000	0.00735274
chr7_pat	11400000	11500000	0.0103659
chr7_pat	11500000	11600000	0.0098912
chr7_pat	11600000	11700000	0.0136802
chr7_pat	11700000	11800000	
chr7_pat	11800000	11900000	
chr7_pat	11900000	12000000	0.00746147
chr7_pat	12000000	12100000	0.00614804
chr7_pat	12100000	12200000	0.00896988
chr7_pat	12200000	12300000	0.00796504
chr7_pat	12300000	12400000	0.00846646
chr7_pat	12400000	12500000	0.00785346
chr7_pat	12500000	12600000	0.00747498
chr7_pat	12600000	12700000	0.00846818
chr7_pat	12700000	12800000	0.00899444
chr7_pat	12800000	12900000	0.00667784
chr7_pat	12900000	13000000	0.00855937
chr7_pat	13000000	13100000	0.00872941
chr7_pat	13100000	13200000	0.00868618
chr7_pat	13200000	13300000	0.00904137
chr7_pat	13300000	13400000	0.00887123
chr7_pat	13400000	13500000	0.00862596
chr7_pat	13500000	13600000	0.00907463
chr7_pat	13600000	13700000	0.008904
chr7_pat	13700000	13800000	0.00893621
chr7_pat	13800000	13900000	0.00920127
chr7_pat	13900000	14000000	0.00884411
chr7_pat	14000000	14100000	0.00888409
chr7_pat	14100000	14200000	0.00889349
chr7_pat	14200000	14300000	0.00807039
chr7_pat	14300000	14400000	0.00913522
chr7_pat	14400000	14500000	0.0090176
chr7_pat	14500000	14600000	0.00871492
chr7_pat	14600000	14700000	0.0092294
chr7_pat	14700000	14800000	0.00915665
chr7_pat	14800000	14900000	0.00947691
chr7_pat	14900000	15000000	0.00870495
chr7_pat	15000000	15100000	0.00888767
chr7_pat	15100000	15200000	0.00831724
chr7_pat	15200000	15300000	0.0055712
chr7_pat	15300000	15400000	0.00579604
chr7_pat	15400000	15500000	0.00811677
chr7_pat	15500000	15600000	0.00882003
chr7_pat	15600000	15700000	0.00852787
chr7_pat	15700000	15800000	0.00619347
chr7_pat	15800000	15900000	0.0061415
chr7_pat	15900000	16000000	0.00603954
chr7_pat	16000000	16100000	0.0070262
chr7_pat	16100000	16200000	0.0078792
chr7_pat	16200000	16300000	0.00637435
chr7_pat	16300000	16400000	0.00841086
chr7_pat	16400000	16500000	0.00901459
chr7_pat	16500000	16600000	0.0074925
chr7_pat	16600000	16700000	0.00926047
chr7_pat	16700000	16800000	0.00852407
chr7_pat	16800000	16900000	0.00633288
chr7_pat	16900000	17000000	0.00721814
chr7_pat	17000000	17100000	0.00598644
chr7_pat	17100000	17200000	0.0092968
chr7_pat	17200000	17300000	0.00679273
chr7_pat	17300000	17400000	0.00662792
chr7_pat	17400000	17500000	0.00933334
chr7_pat	17500000	17600000	0.00781543
chr7_pat	17600000	17700000	0.00890887
chr7_pat	17700000	17800000	0.00866931
chr7_pat	17800000	17900000	0.00976884
chr7_pat	17900000	18000000	0.00965379
chr7_pat	18000000	18100000	0.0086375
chr7_pat	18100000	18200000	0.00585671
chr7_pat	18200000	18300000	0.00627523
chr7_pat	18300000	18400000	0.00800298
chr7_pat	18400000	18500000	0.00835149
chr7_pat	18500000	18600000	0.00732772
chr7_pat	18600000	18700000	0.00842603
chr7_pat	18700000	18800000	0.00873457
chr7_pat	18800000	18900000	0.00912518
chr7_pat	18900000	19000000	0.00871851
chr7_pat	19000000	19100000	0.00849088
chr7_pat	19100000	19200000	0.00675517
chr7_pat	19200000	19300000	0.00859226
chr7_pat	19300000	19400000	0.00884929
chr7_pat	19400000	19500000	0.00778019
chr7_pat	19500000	19600000	0.00792481
chr7_pat	19600000	19700000	0.00722622
chr7_pat	19700000	19800000	0.00833662
chr7_pat	19800000	19900000	0.00839904
chr7_pat	19900000	20000000	0.00889642
chr7_pat	20000000	20100000	0.00810475
chr7_pat	20100000	20200000	0.00525453
chr7_pat	20200000	20300000	0.00634291
chr7_pat	20300000	20400000	0.00749786
chr7_pat	20400000	20500000	0.00879016
chr7_pat	20500000	20600000	0.00863533
chr7_pat	20600000	20700000	0.00896599
chr7_pat	20700000	20800000	0.00967398
chr7_pat	20800000	20900000	0.00895018
chr7_pat	20900000	21000000	0.00925048
chr7_pat	21000000	21100000	0.00838001
chr7_pat	21100000	21200000	0.0089897
chr7_pat	21200000	21300000	0.0102358
chr7_pat	21300000	21400000	0.00971661
chr7_pat	21400000	21500000	0.00568914
chr7_pat	21500000	21600000	0.00805086
chr7_pat	21600000	21700000	0.00828096
chr7_pat	21700000	21800000	0.00813495
chr7_pat	21800000	21900000	0.00868587
chr7_pat	21900000	22000000	0.00664686
chr7_pat	22000000	22100000	0.00729007
chr7_pat	22100000	22200000	0.00763701
chr7_pat	22200000	22300000	0.00709262
chr7_pat	22300000	22400000	0.00684878
chr7_pat	22400000	22500000	0.00835139
chr7_pat	22500000	22600000	0.00725347
chr7_pat	22600000	22700000	0.00532615
chr7_pat	22700000	22800000	0.00569729
chr7_pat	22800000	22900000	0.00770906
chr7_pat	22900000	23000000	0.00795676
chr7_pat	23000000	23100000	0.00704531
chr7_pat	23100000	23200000	0.00898919
chr7_pat	23200000	23300000	0.00942681
chr7_pat	23300000	23400000	0.00946213
chr7_pat	23400000	23500000	0.0104866
chr7_pat	23500000	23600000	0.00860492
chr7_pat	23600000	23700000	0.00933326
chr7_pat	23700000	23800000	0.00820412
chr7_pat	23800000	23900000	0.00514249
chr7_pat	23900000	24000000	0.00857255
chr7_pat	24000000	24100000	0.00705196
chr7_pat	24100000	24200000	0.00909686
chr7_pat	24200000	24300000	0.00707042
chr7_pat	24300000	24400000	0.00789868
chr7_pat	24400000	24500000	0.00876075
chr7_pat	24500000	24600000	0.00710834
chr7_pat	24600000	24700000	0.00880765
chr7_pat	24700000	24800000	0.00911395
chr7_pat	24800000	24900000	0.00885521
chr7_pat	24900000	25000000	0.009091
chr7_pat	25000000	25100000	0.00914339
chr7_pat	25100000	25200000	0.00926081
chr7_pat	25200000	25300000	0.00897092
chr7_pat	25300000	25400000	0.00911568
chr7_pat	25400000	25500000	0.00918167
chr7_pat	25500000	25600000	0.00903762
chr7_pat	25600000	25700000	0.0105504
chr7_pat	25700000	25800000	0.00883151
chr7_pat	25800000	25900000	0.00974059
chr7_pat	25900000	26000000	0.00768215
chr7_pat	26000000	26100000	0.00594223
chr7_pat	26100000	26200000	0.00777423
chr7_pat	26200000	26300000	0.00671837
chr7_pat	26300000	26400000	0.00783836
chr7_pat	26400000	26500000	0.0054182
chr7_pat	26500000	26600000	0.00857271
chr7_pat	26600000	26700000	0.00913994
chr7_pat	26700000	26800000	0.00876503
chr7_pat	26800000	26900000	0.00889086
chr7_pat	26900000	27000000	0.00866712
chr7_pat	27000000	27100000	0.00939551
chr7_pat	27100000	27200000	0.00839721
chr7_pat	27200000	27300000	0.0083112
chr7_pat	27300000	27400000	0.00913308
chr7_pat	27400000	27500000	0.00833588
chr7_pat	27500000	27600000	0.00747498
chr7_pat	27600000	27700000	0.00938496
chr7_pat	27700000	27800000	0.00874338
chr7_pat	27800000	27900000	0.00905282
chr7_pat	27900000	28000000	0.00889664
chr7_pat	28000000	28100000	0.00918319
chr7_pat	28100000	28200000	0.0089479
chr7_pat	28200000	28300000	0.008504
chr7_pat	28300000	28400000	0.00931449
chr7_pat	28400000	28500000	0.00829
chr7_pat	28500000	28600000	0.00761701
chr7_pat	28600000	28700000	0.00681211
chr7_pat	28700000	28800000	0.00755798
chr7_pat	28800000	28900000	0.00776347
chr7_pat	28900000	29000000	0.0099336
chr7_pat	29000000	29100000	0.00996959
chr7_pat	29100000	29200000	0.010394
chr7_pat	29200000	29300000	0.0088914
chr7_pat	29300000	29400000	0.00589218
chr7_pat	29400000	29500000	0.00830956
chr7_pat	29500000	29600000	0.010007
chr7_pat	29600000	29700000	0.0104362
chr7_pat	29700000	29800000	0.0102466
chr7_pat	29800000	29900000	0.010186
chr7_pat	29900000	30000000	0.0102619
chr7_pat	30000000	30100000	0.0104127
chr7_pat	30100000	30200000	0.0105471
chr7_pat	30200000	30300000	0.0102321
chr7_pat	30300000	30400000	0.0105844
chr7_pat	30400000	30500000	0.00856883
chr7_pat	30500000	30600000	0.00726636
chr7_pat	30600000	30700000	0.00971884
chr7_pat	30700000	30800000	0.00905705
chr7_pat	30800000	30900000	0.00927686
chr7_pat	30900000	31000000	0.0091725
chr7_pat	31000000	31100000	0.00712649
chr7_pat	31100000	31200000	0.00833114
chr7_pat	31200000	31300000	0.00829726
chr7_pat	31300000	31400000	0.00882743
chr7_pat	31400000	31500000	0.00884598
chr7_pat	31500000	31600000	0.00848631
chr7_pat	31600000	31700000	0.00914322
chr7_pat	31700000	31800000	0.0089253
chr7_pat	31800000	31900000	0.00828363
chr7_pat	31900000	32000000	0.00899232
chr7_pat	32000000	32100000	0.00683199
chr7_pat	32100000	32200000	0.00948259
chr7_pat	32200000	32300000	0.00908848
chr7_pat	32300000	32400000	0.00914224
chr7_pat	32400000	32500000	0.00927876
chr7_pat	32500000	32600000	0.00974072
chr7_pat	32600000	32700000	0.00804677
chr7_pat	32700000	32800000	0.00846688
chr7_pat	32800000	32900000	0.00863569
chr7_pat	32900000	33000000	0.00664172
chr7_pat	33000000	33100000	0.00601438
chr7_pat	33100000	33200000	0.00632449
chr7_pat	33200000	33300000	0.00771283
chr7_pat	33300000	33400000	0.00874718
chr7_pat	33400000	33500000	0.00899307
chr7_pat	33500000	33600000	0.00889936
chr7_pat	33600000	33700000	0.00954399
chr7_pat	33700000	33800000	0.00968199
chr7_pat	33800000	33900000	0.00680938
chr7_pat	33900000	34000000	0.00857316
chr7_pat	34000000	34100000	0.00850606
chr7_pat	34100000	34200000	0.00901861
chr7_pat	34200000	34300000	0.00886119
chr7_pat	34300000	34400000	0.00903303
chr7_pat	34400000	34500000	0.00849358
chr7_pat	34500000	34600000	0.00856687
chr7_pat	34600000	34700000	0.00846663
chr7_pat	34700000	34800000	0.00879724
chr7_pat	34800000	34900000	0.00826943
chr7_pat	34900000	35000000	0.00877671
chr7_pat	35000000	35100000	0.00900255
chr7_pat	35100000	35200000	0.00906795
chr7_pat	35200000	35300000	0.00850456
chr7_pat	35300000	35400000	0.00801735
chr7_pat	35400000	35500000	0.00868267
chr7_pat	35500000	35600000	0.0083594
chr7_pat	35600000	35700000	0.00853553
chr7_pat	35700000	35800000	0.00794002
chr7_pat	35800000	35900000	0.00685416
chr7_pat	35900000	36000000	0.00542636
chr7_pat	36000000	36100000	0.00735049
chr7_pat	36100000	36200000	0.00863495
chr7_pat	36200000	36300000	0.00825518
chr7_pat	36300000	36400000	0.00879485
chr7_pat	36400000	36500000	0.00834623
chr7_pat	36500000	36600000	0.00875963
chr7_pat	36600000	36700000	0.00874439
chr7_pat	36700000	36800000	0.00921559
chr7_pat	36800000	36900000	0.0087719
chr7_pat	36900000	37000000	0.00880895
chr7_pat	37000000	37100000	0.00907665
chr7_pat	37100000	37200000	0.00647674
chr7_pat	37200000	37300000	0.00701256
chr7_pat	37300000	37400000	0.0068052
chr7_pat	37400000	37500000	0.0101324
chr7_pat	37500000	37600000	0.00808955
chr7_pat	37600000	37700000	0.00889644
chr7_pat	37700000	37800000	0.008981
chr7_pat	37800000	37900000	0.0068752
chr7_pat	37900000	38000000	0.00889079
chr7_pat	38000000	38100000	0.00739068
chr7_pat	38100000	38200000	0.00750977
chr7_pat	38200000	38300000	0.0073403
chr7_pat	38300000	38400000	0.00841609
chr7_pat	38400000	38500000	0.0105833
chr7_pat	38500000	38600000	0.0119855
chr7_pat	38600000	38700000	0.0110561
chr7_pat	38700000	38800000	0.0098772
chr7_pat	38800000	38900000	0.0102568
chr7_pat	38900000	39000000	0.00853403
chr7_pat	39000000	39100000	0.00939781
chr7_pat	39100000	39200000	0.00723932
chr7_pat	39200000	39300000	0.00658837
chr7_pat	39300000	39386660	0.0159634
chr8_pat	0	100000	0.0106494
chr8_pat	100000	200000	0.00828261
chr8_pat	200000	300000	0.00944193
chr8_pat	300000	400000	0.00974465
chr8_pat	400000	500000	0.0116295
chr8_pat	500000	600000	0.0118421
chr8_pat	600000	700000	0.0113672
chr8_pat	700000	800000	0.00810057
chr8_pat	800000	900000	0.00930263
chr8_pat	900000	1000000	0.00623776
chr8_pat	1000000	1100000	0.00798031
chr8_pat	1100000	1200000	0.00655617
chr8_pat	1200000	1300000	0.00748382
chr8_pat	1300000	1400000	0.00905363
chr8_pat	1400000	1500000	0.00824114
chr8_pat	1500000	1600000	0.00765472
chr8_pat	1600000	1700000	0.00599323
chr8_pat	1700000	1800000	0.00873172
chr8_pat	1800000	1900000	0.00877953
chr8_pat	1900000	2000000	0.00907423
chr8_pat	2000000	2100000	0.0077779
chr8_pat	2100000	2200000	0.00869176
chr8_pat	2200000	2300000	0.00712748
chr8_pat	2300000	2400000	0.00798755
chr8_pat	2400000	2500000	0.00952918
chr8_pat	2500000	2600000	0.00740272
chr8_pat	2600000	2700000	0.00727391
chr8_pat	2700000	2800000	0.00620962
chr8_pat	2800000	2900000	0.00773296
chr8_pat	2900000	3000000	0.00969703
chr8_pat	3000000	3100000	0.00952059
chr8_pat	3100000	3200000	0.00969207
chr8_pat	3200000	3300000	0.00802873
chr8_pat	3300000	3400000	0.00793081
chr8_pat	3400000	3500000	0.00873641
chr8_pat	3500000	3600000	0.00689677
chr8_pat	3600000	3700000	0.00846275
chr8_pat	3700000	3800000	0.00973592
chr8_pat	3800000	3900000	0.0103776
chr8_pat	3900000	4000000	0.00995751
chr8_pat	4000000	4100000	0.00986507
chr8_pat	4100000	4200000	0.0107393
chr8_pat	4200000	4300000	0.0117648
chr8_pat	4300000	4400000	0.0102368
chr8_pat	4400000	4500000	0.0101265
chr8_pat	4500000	4600000	0.0105056
chr8_pat	4600000	4700000	0.00876653
chr8_pat	4700000	4800000	0.00868049
chr8_pat	4800000	4900000	0.00668299
chr8_pat	4900000	5000000	0.00596013
chr8_pat	5000000	5100000	0.0087303
chr8_pat	5100000	5200000	0.00941945
chr8_pat	5200000	5300000	0.00999511
chr8_pat	5300000	5400000	0.0094456
chr8_pat	5400000	5500000	0.0072357
chr8_pat	5500000	5600000	0.00646044
chr8_pat	5600000	5700000	0.0063303
chr8_pat	5700000	5800000	0.00558676
chr8_pat	5800000	5900000	0.00672463
chr8_pat	5900000	6000000	0.00619383
chr8_pat	6000000	6100000	0.00618161
chr8_pat	6100000	6200000	0.006158
chr8_pat	6200000	6300000	0.00657396
chr8_pat	6300000	6400000	0.00787562
chr8_pat	6400000	6500000	0.0089853
chr8_pat	6500000	6600000	0.00939709
chr8_pat	6600000	6700000	0.00854561
chr8_pat	6700000	6800000	0.0091814
chr8_pat	6800000	6900000	0.00893349
chr8_pat	6900000	7000000	0.00880501
chr8_pat	7000000	7100000	0.00864633
chr8_pat	7100000	7200000	0.00765951
chr8_pat	7200000	7300000	0.00864783
chr8_pat	7300000	7400000	0.00921363
chr8_pat	7400000	7500000	0.00969144
chr8_pat	7500000	7600000	0.00985219
chr8_pat	7600000	7700000	0.00799546
chr8_pat	7700000	7800000	0.0080828
chr8_pat	7800000	7900000	0.00903079
chr8_pat	7900000	8000000	0.00917908
chr8_pat	8000000	8100000	0.009134
chr8_pat	8100000	8200000	0.00990709
chr8_pat	8200000	8300000	0.00985911
chr8_pat	8300000	8400000	0.00601716
chr8_pat	8400000	8500000	0.00691996
chr8_pat	8500000	8600000	0.0101189
chr8_pat	8600000	8700000	0.00992409
chr8_pat	8700000	8800000	0.00710982
chr8_pat	8800000	8900000	0.00835099
chr8_pat	8900000	9000000	0.00761841
chr8_pat	9000000	9100000	0.00681207
chr8_pat	9100000	9200000	0.00664128
chr8_pat	9200000	9300000	0.00545686
chr8_pat	9300000	9400000	0.00666062
chr8_pat	9400000	9500000	0.00772186
chr8_pat	9500000	9600000	0.00608125
chr8_pat	9600000	9700000	0.00716035
chr8_pat	9700000	9800000	0.00603499
chr8_pat	9800000	9900000	0.00731061
chr8_pat	9900000	10000000	0.0089473
chr8_pat	10000000	10100000	0.00760684
chr8_pat	10100000	10200000	0.00693824
chr8_pat	10200000	10300000	0.00727008
chr8_pat	10300000	10400000	0.00932568
chr8_pat	10400000	10500000	0.00692395
chr8_pat	10500000	10600000	0.00824802
chr8_pat	10600000	10700000	0.0101986
chr8_pat	10700000	10800000	0.0101613
chr8_pat	10800000	10900000	0.00950852
chr8_pat	10900000	11000000	0.00699084
chr8_pat	11000000	11100000	0.00717125
chr8_pat	11100000	11200000	0.00850742
chr8_pat	11200000	11300000	0.00908653
chr8_pat	11300000	11400000	0.00943875
chr8_pat	11400000	11500000	0.00880027
chr8_pat	11500000	11600000	0.00755527
chr8_pat	11600000	11700000	0.00720395
chr8_pat	11700000	11800000	0.0054088
chr8_pat	11800000	11900000	0.00549099
chr8_pat	11900000	12000000	0.00865881
chr8_pat	12000000	12100000	0.00944969
chr8_pat	12100000	12200000	0.00935285
chr8_pat	12200000	12300000	0.00932832
chr8_pat	12300000	12400000	0.008457
chr8_pat	12400000	12500000	0.00837112
chr8_pat	12500000	12600000	0.00812657
chr8_pat	12600000	12700000	0.00898831
chr8_pat	12700000	12800000	0.0087247
chr8_pat	12800000	12900000	0.00890906
chr8_pat	12900000	13000000	0.00860452
chr8_pat	13000000	13100000	0.00860591
chr8_pat	13100000	13200000	0.0102622
chr8_pat	13200000	13300000	0.00894683
chr8_pat	13300000	13400000	0.00813591
chr8_pat	13400000	13500000	0.00934606
chr8_pat	13500000	13600000	0.00894137
chr8_pat	13600000	13700000	0.00869676
chr8_pat	13700000	13800000	0.00872605
chr8_pat	13800000	13900000	0.00817428
chr8_pat	13900000	14000000	0.00567368
chr8_pat	14000000	14100000	0.00607878
chr8_pat	14100000	14200000	0.00785711
chr8_pat	14200000	14300000	0.00571771
chr8_pat	14300000	14400000	0.00708072
chr8_pat	14400000	14500000	0.00869047
chr8_pat	14500000	14600000	0.00857181
chr8_pat	14600000	14700000	0.00787842
chr8_pat	14700000	14800000	0.00721427
chr8_pat	14800000	14900000	0.0084582
chr8_pat	14900000	15000000	0.00784524
chr8_pat	15000000	15100000	0.00891376
chr8_pat	15100000	15200000	0.00876956
chr8_pat	15200000	15300000	0.00874994
chr8_pat	15300000	15400000	0.00854455
chr8_pat	15400000	15500000	0.00566199
chr8_pat	15500000	15600000	0.00759104
chr8_pat	15600000	15700000	0.00598036
chr8_pat	15700000	15800000	0.00660155
chr8_pat	15800000	15900000	0.0092101
chr8_pat	15900000	16000000	0.00954875
chr8_pat	16000000	16100000	0.00658192
chr8_pat	16100000	16200000	0.00753099
chr8_pat	16200000	16300000	0.00876931
chr8_pat	16300000	16400000	0.00841968
chr8_pat	16400000	16500000	0.00746554
chr8_pat	16500000	16600000	0.00672406
chr8_pat	16600000	16700000	0.00583349
chr8_pat	16700000	16800000	0.00620283
chr8_pat	16800000	16900000	0.008162
chr8_pat	16900000	17000000	0.00616748
chr8_pat	17000000	17100000	0.00828532
chr8_pat	17100000	17200000	0.00747982
chr8_pat	17200000	17300000	0.00841484
chr8_pat	17300000	17400000	0.00749776
chr8_pat	17400000	17500000	0.00883909
chr8_pat	17500000	17600000	0.00960764
chr8_pat	17600000	17700000	0.00966332
chr8_pat	17700000	17800000	0.00654253
chr8_pat	17800000	17900000	0.00867732
chr8_pat	17900000	18000000	0.00918364
chr8_pat	18000000	18100000	0.00932531
chr8_pat	18100000	18200000	0.00927439
chr8_pat	18200000	18300000	0.0103017
chr8_pat	18300000	18400000	0.00964502
chr8_pat	18400000	18500000	0.00900901
chr8_pat	18500000	18600000	0.00854013
chr8_pat	18600000	18700000	0.00591932
chr8_pat	18700000	18800000	0.00756182
chr8_pat	18800000	18900000	0.00573409
chr8_pat	18900000	19000000	0.00637502
chr8_pat	19000000	19100000	0.00622403
chr8_pat	19100000	19200000	0.00837884
chr8_pat	19200000	19300000	0.00850397
chr8_pat	19300000	19400000	0.00925483
chr8_pat	19400000	19500000	0.00916603
chr8_pat	19500000	19600000	0.00843743
chr8_pat	19600000	19700000	0.00776165
chr8_pat	19700000	19800000	0.00905205
chr8_pat	19800000	19900000	0.0099405
chr8_pat	19900000	20000000	0.00900876
chr8_pat	20000000	20100000	0.00887185
chr8_pat	20100000	20200000	0.00972835
chr8_pat	20200000	20300000	0.00906822
chr8_pat	20300000	20400000	0.00982513
chr8_pat	20400000	20500000	0.00903563
chr8_pat	20500000	20600000	0.0107426
chr8_pat	20600000	20700000	0.00939288
chr8_pat	20700000	20800000	0.00918485
chr8_pat	20800000	20900000	0.00700381
chr8_pat	20900000	21000000	0.00525881
chr8_pat	21000000	21100000	0.00611459
chr8_pat	21100000	21200000	0.00629438
chr8_pat	21200000	21300000	0.00818556
chr8_pat	21300000	21400000	0.00993424
chr8_pat	21400000	21500000	0.00938579
chr8_pat	21500000	21600000	0.00903481
chr8_pat	21600000	21700000	0.00860171
chr8_pat	21700000	21800000	0.00852231
chr8_pat	21800000	21900000	0.0088363
chr8_pat	21900000	22000000	0.00783567
chr8_pat	22000000	22100000	0.00905968
chr8_pat	22100000	22200000	0.00899774
chr8_pat	22200000	22300000	0.00899693
chr8_pat	22300000	22400000	0.00728157
chr8_pat	22400000	22500000	0.00818874
chr8_pat	22500000	22600000	0.00954354
chr8_pat	22600000	22700000	0.0101269
chr8_pat	22700000	22800000	0.00945528
chr8_pat	22800000	22900000	0.00976049
chr8_pat	22900000	23000000	0.0101042
chr8_pat	23000000	23100000	0.0102803
chr8_pat	23100000	23200000	0.0084398
chr8_pat	23200000	23300000	0.00583809
chr8_pat	23300000	23400000	0.00548405
chr8_pat	23400000	23500000	0.00607004
chr8_pat	23500000	23600000	0.00821984
chr8_pat	23600000	23700000	0.00668241
chr8_pat	23700000	23800000	0.00925781
chr8_pat	23800000	23900000	0.00833052
chr8_pat	23900000	24000000	0.0101381
chr8_pat	24000000	24100000	0.00727881
chr8_pat	24100000	24200000	0.00719507
chr8_pat	24200000	24300000	0.00897851
chr8_pat	24300000	24400000	0.010123
chr8_pat	24400000	24500000	0.0101647
chr8_pat	24500000	24600000	0.0067536
chr8_pat	24600000	24700000	0.00926453
chr8_pat	24700000	24800000	0.00977378
chr8_pat	24800000	24900000	0.0103136
chr8_pat	24900000	25000000	0.0101086
chr8_pat	25000000	25100000	0.0103101
chr8_pat	25100000	25200000	0.00978563
chr8_pat	25200000	25300000	0.00974445
chr8_pat	25300000	25400000	0.00918199
chr8_pat	25400000	25500000	0.00941296
chr8_pat	25500000	25600000	0.00952658
chr8_pat	25600000	25700000	0.00989379
chr8_pat	25700000	25800000	0.00956082
chr8_pat	25800000	25900000	0.00996987
chr8_pat	25900000	26000000	0.0102928
chr8_pat	26000000	26100000	0.0103426
chr8_pat	26100000	26200000	0.0108313
chr8_pat	26200000	26300000	0.0130637
chr8_pat	26300000	26400000	0.00991589
chr8_pat	26400000	26500000	0.00738474
chr8_pat	26500000	26600000	
chr8_pat	26600000	26700000	
chr8_pat	26700000	26800000	
chr8_pat	26800000	26900000	
chr8_pat	26900000	27000000	
chr8_pat	27000000	27100000	
chr8_pat	27100000	27200000	
chr8_pat	27200000	27300000	0.0135822
chr8_pat	27300000	27400000	0.00906021
chr8_pat	27400000	27500000	0.0180271
chr8_pat	27500000	27600000	
chr8_pat	27600000	27700000	
chr8_pat	27700000	27800000	0.0104959
chr8_pat	27800000	27900000	0.0107384
chr8_pat	27900000	28000000	0.00821486
chr8_pat	28000000	28100000	0.00807622
chr8_pat	28100000	28200000	0.011381
chr8_pat	28200000	28300000	0.00944713
chr8_pat	28300000	28400000	0.00949629
chr8_pat	28400000	28500000	0.00797682
chr8_pat	28500000	28600000	0.0105212
chr8_pat	28600000	28700000	0.00697857
chr8_pat	28700000	28800000	0.00947571
chr8_pat	28800000	28900000	0.00738964
chr8_pat	28900000	29000000	0.00827766
chr8_pat	29000000	29100000	0.00881453
chr8_pat	29100000	29200000	0.00563003
chr8_pat	29200000	29300000	0.0106779
chr8_pat	29300000	29400000	0.00876883
chr8_pat	29400000	29500000	0.00745576
chr8_pat	29500000	29600000	0.00712397
chr8_pat	29600000	29700000	0.0099633
chr8_pat	29700000	29800000	0.00641967
chr8_pat	29800000	29900000	0.00967764
chr8_pat	29900000	30000000	0.010804
chr8_pat	30000000	30100000	0.00697973
chr8_pat	30100000	30200000	0.00758637
chr8_pat	30200000	30300000	0.0120838
chr8_pat	30300000	30400000	0.0126599
chr8_pat	30400000	30500000	0.012432
chr8_pat	30500000	30600000	0.00803824
chr8_pat	30600000	30700000	0.00696949
chr8_pat	30700000	30800000	0.00902556
chr8_pat	30800000	30900000	0.00606776
chr8_pat	30900000	31000000	0.0102221
chr8_pat	31000000	31100000	0.00930772
chr8_pat	31100000	31200000	0.00693485
chr8_pat	31200000	31300000	0.00653236
chr8_pat	31300000	31400000	0.0101413
chr8_pat	31400000	31500000	0.0106154
chr8_pat	31500000	31600000	0.010789
chr8_pat	31600000	31700000	0.0135402
chr8_pat	31700000	31800000	0.0112512
chr8_pat	31800000	31900000	0.00648146
chr8_pat	31900000	32000000	0.0102041
chr8_pat	32000000	32100000	
chr8_pat	32100000	32200000	
chr8_pat	32200000	32300000	
chr8_pat	32300000	32400000	
chr8_pat	32400000	32500000	
chr8_pat	32500000	32600000	
chr8_pat	32600000	32694906	
chr9_pat	0	100000	
chr9_pat	100000	200000	
chr9_pat	200000	300000	
chr9_pat	300000	400000	
chr9_pat	400000	500000	
chr9_pat	500000	600000	
chr9_pat	600000	700000	0.0141696
chr9_pat	700000	800000	0.010446
chr9_pat	800000	900000	0.0109191
chr9_pat	900000	1000000	0.00976071
chr9_pat	1000000	1100000	0.0108478
chr9_pat	1100000	1200000	0.00974769
chr9_pat	1200000	1300000	0.00740441
chr9_pat	1300000	1400000	0.00965098
chr9_pat	1400000	1500000	0.0123175
chr9_pat	1500000	1600000	0.00811871
chr9_pat	1600000	1700000	0.00762976
chr9_pat	1700000	1800000	0.00705644
chr9_pat	1800000	1900000	0.00876039
chr9_pat	1900000	2000000	0.010028
chr9_pat	2000000	2100000	0.00726544
chr9_pat	2100000	2200000	0.010443
chr9_pat	2200000	2300000	0.0111072
chr9_pat	2300000	2400000	0.0110001
chr9_pat	2400000	2500000	0.0110161
chr9_pat	2500000	2600000	0.0109264
chr9_pat	2600000	2700000	0.010854
chr9_pat	2700000	2800000	0.0104771
chr9_pat	2800000	2900000	0.00775988
chr9_pat	2900000	3000000	0.00672055
chr9_pat	3000000	3100000	0.0101594
chr9_pat	3100000	3200000	0.0101391
chr9_pat	3200000	3300000	0.00827824
chr9_pat	3300000	3400000	0.00884438
chr9_pat	3400000	3500000	
chr9_pat	3500000	3600000	
chr9_pat	3600000	3700000	0.0104578
chr9_pat	3700000	3800000	0.0114791
chr9_pat	3800000	3900000	0.0101043
chr9_pat	3900000	4000000	0.0109465
chr9_pat	4000000	4100000	0.0109095
chr9_pat	4100000	4200000	0.010988
chr9_pat	4200000	4300000	0.0112253
chr9_pat	4300000	4400000	0.00837634
chr9_pat	4400000	4500000	0.00521326
chr9_pat	4500000	4600000	0.00695661
chr9_pat	4600000	4700000	0.00620025
chr9_pat	4700000	4800000	0.0054345
chr9_pat	4800000	4900000	0.00967061
chr9_pat	4900000	5000000	0.00931001
chr9_pat	5000000	5100000	0.00801488
chr9_pat	5100000	5200000	0.00558813
chr9_pat	5200000	5300000	0.009281
chr9_pat	5300000	5400000	0.00862795
chr9_pat	5400000	5500000	0.00872098
chr9_pat	5500000	5600000	0.00729839
chr9_pat	5600000	5700000	0.0067941
chr9_pat	5700000	5800000	0.0093367
chr9_pat	5800000	5900000	0.0115494
chr9_pat	5900000	6000000	0.0108314
chr9_pat	6000000	6100000	0.010515
chr9_pat	6100000	6200000	0.0100594
chr9_pat	6200000	6300000	0.0104348
chr9_pat	6300000	6400000	0.011292
chr9_pat	6400000	6500000	0.00874376
chr9_pat	6500000	6600000	0.00737072
chr9_pat	6600000	6700000	0.00769549
chr9_pat	6700000	6800000	0.00648617
chr9_pat	6800000	6900000	0.00617338
chr9_pat	6900000	7000000	0.00786083
chr9_pat	7000000	7100000	0.00944936
chr9_pat	7100000	7200000	0.00586828
chr9_pat	7200000	7300000	0.00773385
chr9_pat	7300000	7400000	0.0067233
chr9_pat	7400000	7500000	0.00691216
chr9_pat	7500000	7600000	0.00974731
chr9_pat	7600000	7700000	0.0101946
chr9_pat	7700000	7800000	0.00925691
chr9_pat	7800000	7900000	0.00652772
chr9_pat	7900000	8000000	0.00881979
chr9_pat	8000000	8100000	0.00924162
chr9_pat	8100000	8200000	0.00923631
chr9_pat	8200000	8300000	0.00927047
chr9_pat	8300000	8400000	0.00906174
chr9_pat	8400000	8500000	0.00895507
chr9_pat	8500000	8600000	0.00917194
chr9_pat	8600000	8700000	0.0102705
chr9_pat	8700000	8800000	0.0103837
chr9_pat	8800000	8900000	0.0102172
chr9_pat	8900000	9000000	0.00938558
chr9_pat	9000000	9100000	0.0108011
chr9_pat	9100000	9200000	0.00733911
chr9_pat	9200000	9300000	0.00869861
chr9_pat	9300000	9400000	0.00964238
chr9_pat	9400000	9500000	0.00724607
chr9_pat	9500000	9600000	0.00823144
chr9_pat	9600000	9700000	0.00672665
chr9_pat	9700000	9800000	0.00687053
chr9_pat	9800000	9900000	0.00721543
chr9_pat	9900000	10000000	0.00912062
chr9_pat	10000000	10100000	0.0100976
chr9_pat	10100000	10200000	0.00906765
chr9_pat	10200000	10300000	0.00933269
chr9_pat	10300000	10400000	0.00879959
chr9_pat	10400000	10500000	0.00697588
chr9_pat	10500000	10600000	0.00689556
chr9_pat	10600000	10700000	0.00572664
chr9_pat	10700000	10800000	0.00694182
chr9_pat	10800000	10900000	0.00962537
chr9_pat	10900000	11000000	0.00893901
chr9_pat	11000000	11100000	0.00949492
chr9_pat	11100000	11200000	0.00950689
chr9_pat	11200000	11300000	0.00828641
chr9_pat	11300000	11400000	0.00501729
chr9_pat	11400000	11500000	0.00735219
chr9_pat	11500000	11600000	0.00599164
chr9_pat	11600000	11700000	0.0060415
chr9_pat	11700000	11800000	0.00554766
chr9_pat	11800000	11900000	0.00770525
chr9_pat	11900000	12000000	0.00636979
chr9_pat	12000000	12100000	0.00871662
chr9_pat	12100000	12200000	0.00844788
chr9_pat	12200000	12300000	0.008405
chr9_pat	12300000	12400000	0.00868968
chr9_pat	12400000	12500000	0.00895863
chr9_pat	12500000	12600000	0.00868852
chr9_pat	12600000	12700000	0.00940614
chr9_pat	12700000	12800000	0.00875103
chr9_pat	12800000	12900000	0.00913497
chr9_pat	12900000	13000000	0.00874896
chr9_pat	13000000	13100000	0.0089149
chr9_pat	13100000	13200000	0.00905635
chr9_pat	13200000	13300000	0.0100323
chr9_pat	13300000	13400000	0.00922394
chr9_pat	13400000	13500000	0.00889863
chr9_pat	13500000	13600000	0.00923943
chr9_pat	13600000	13700000	0.00920105
chr9_pat	13700000	13800000	0.00896542
chr9_pat	13800000	13900000	0.00746756
chr9_pat	13900000	14000000	0.00794249
chr9_pat	14000000	14100000	0.00608322
chr9_pat	14100000	14200000	0.00728848
chr9_pat	14200000	14300000	0.00821807
chr9_pat	14300000	14400000	0.00732047
chr9_pat	14400000	14500000	0.00851044
chr9_pat	14500000	14600000	0.00673626
chr9_pat	14600000	14700000	0.00866424
chr9_pat	14700000	14800000	0.00910426
chr9_pat	14800000	14900000	0.0108751
chr9_pat	14900000	15000000	0.0110681
chr9_pat	15000000	15100000	0.0104205
chr9_pat	15100000	15200000	0.0109382
chr9_pat	15200000	15300000	0.00999446
chr9_pat	15300000	15400000	0.00951367
chr9_pat	15400000	15500000	0.0107627
chr9_pat	15500000	15600000	0.0104372
chr9_pat	15600000	15700000	0.0107575
chr9_pat	15700000	15800000	0.0107786
chr9_pat	15800000	15900000	0.00977119
chr9_pat	15900000	16000000	0.00907909
chr9_pat	16000000	16100000	0.009662
chr9_pat	16100000	16200000	0.00964997
chr9_pat	16200000	16300000	0.0093162
chr9_pat	16300000	16400000	0.00889542
chr9_pat	16400000	16500000	0.00732249
chr9_pat	16500000	16600000	0.0072329
chr9_pat	16600000	16700000	0.00783926
chr9_pat	16700000	16800000	0.00617458
chr9_pat	16800000	16900000	0.00611883
chr9_pat	16900000	17000000	0.00752154
chr9_pat	17000000	17100000	0.00834859
chr9_pat	17100000	17200000	0.00708596
chr9_pat	17200000	17300000	0.00740574
chr9_pat	17300000	17400000	0.00873412
chr9_pat	17400000	17500000	0.0077354
chr9_pat	17500000	17600000	0.00608283
chr9_pat	17600000	17700000	0.00595854
chr9_pat	17700000	17800000	0.0074257
chr9_pat	17800000	17900000	0.0103387
chr9_pat	17900000	18000000	0.0118669
chr9_pat	18000000	18100000	0.00784781
chr9_pat	18100000	18200000	0.00723674
chr9_pat	18200000	18300000	0.00719574
chr9_pat	18300000	18400000	0.00719716
chr9_pat	18400000	18500000	0.00757485
chr9_pat	18500000	18600000	0.00906008
chr9_pat	18600000	18700000	0.00910697
chr9_pat	18700000	18800000	0.00944629
chr9_pat	18800000	18900000	0.00918485
chr9_pat	18900000	19000000	0.00948929
chr9_pat	19000000	19100000	0.008296
chr9_pat	19100000	19200000	0.00525536
chr9_pat	19200000	19300000	0.00705526
chr9_pat	19300000	19400000	0.00907261
chr9_pat	19400000	19500000	0.0087856
chr9_pat	19500000	19600000	0.00620207
chr9_pat	19600000	19700000	0.00490785
chr9_pat	19700000	19800000	0.00903052
chr9_pat	19800000	19900000	0.00948892
chr9_pat	19900000	20000000	0.00943395
chr9_pat	20000000	20100000	0.00878084
chr9_pat	20100000	20200000	0.00752756
chr9_pat	20200000	20300000	0.00811414
chr9_pat	20300000	20400000	0.00908133
chr9_pat	20400000	20500000	0.00956086
chr9_pat	20500000	20600000	0.008875
chr9_pat	20600000	20700000	0.00885855
chr9_pat	20700000	20800000	0.0092383
chr9_pat	20800000	20900000	0.00927574
chr9_pat	20900000	21000000	0.00916866
chr9_pat	21000000	21100000	0.00911055
chr9_pat	21100000	21200000	0.00871234
chr9_pat	21200000	21300000	0.00973532
chr9_pat	21300000	21400000	0.00972742
chr9_pat	21400000	21500000	0.00906194
chr9_pat	21500000	21600000	0.00769629
chr9_pat	21600000	21700000	0.00863
chr9_pat	21700000	21800000	0.00904623
chr9_pat	21800000	21900000	0.00939551
chr9_pat	21900000	22000000	0.00646477
chr9_pat	22000000	22100000	0.006537
chr9_pat	22100000	22200000	0.00625832
chr9_pat	22200000	22300000	0.00758139
chr9_pat	22300000	22400000	0.00718499
chr9_pat	22400000	22500000	0.00982997
chr9_pat	22500000	22600000	0.00995751
chr9_pat	22600000	22700000	0.00982108
chr9_pat	22700000	22800000	0.0100289
chr9_pat	22800000	22900000	0.00992604
chr9_pat	22900000	23000000	0.00959777
chr9_pat	23000000	23100000	0.00680841
chr9_pat	23100000	23200000	0.00674811
chr9_pat	23200000	23300000	0.00919113
chr9_pat	23300000	23400000	0.009137
chr9_pat	23400000	23500000	0.00923911
chr9_pat	23500000	23600000	0.00876213
chr9_pat	23600000	23700000	0.00922102
chr9_pat	23700000	23800000	0.00985752
chr9_pat	23800000	23900000	0.00934875
chr9_pat	23900000	24000000	0.00940335
chr9_pat	24000000	24100000	0.00973753
chr9_pat	24100000	24200000	0.00904724
chr9_pat	24200000	24300000	0.00883267
chr9_pat	24300000	24400000	0.010137
chr9_pat	24400000	24500000	0.00836367
chr9_pat	24500000	24600000	0.0057616
chr9_pat	24600000	24700000	0.00769177
chr9_pat	24700000	24800000	0.00715171
chr9_pat	24800000	24900000	0.00529955
chr9_pat	24900000	25000000	0.00750896
chr9_pat	25000000	25100000	0.0102121
chr9_pat	25100000	25200000	0.00726938
chr9_pat	25200000	25300000	0.00938546
chr9_pat	25300000	25400000	0.00859153
chr9_pat	25400000	25500000	0.01104
chr9_pat	25500000	25600000	0.00909988
chr9_pat	25600000	25700000	0.00826171
chr9_pat	25700000	25800000	0.00746129
chr9_pat	25800000	25900000	0.00806171
chr9_pat	25900000	26000000	0.00652569
chr9_pat	26000000	26100000	0.00804297
chr9_pat	26100000	26200000	0.00880919
chr9_pat	26200000	26241639	
chr10_pat	0	100000	
chr10_pat	100000	200000	0.00728618
chr10_pat	200000	300000	0.00615454
chr10_pat	300000	400000	0.00574802
chr10_pat	400000	500000	0.00823296
chr10_pat	500000	600000	0.00641264
chr10_pat	600000	700000	0.00641432
chr10_pat	700000	800000	0.00815235
chr10_pat	800000	900000	0.00661584
chr10_pat	900000	1000000	0.00807172
chr10_pat	1000000	1100000	0.00856839
chr10_pat	1100000	1200000	0.00863436
chr10_pat	1200000	1300000	0.00679767
chr10_pat	1300000	1400000	0.00672398
chr10_pat	1400000	1500000	0.00954446
chr10_pat	1500000	1600000	0.0121436
chr10_pat	1600000	1700000	0.0125461
chr10_pat	1700000	1800000	0.00941088
chr10_pat	1800000	1900000	0.00812834
chr10_pat	1900000	2000000	0.0144727
chr10_pat	2000000	2100000	0.00744342
chr10_pat	2100000	2200000	0.00980395
chr10_pat	2200000	2300000	0.00676928
chr10_pat	2300000	2400000	0.0127982
chr10_pat	2400000	2500000	0.00894455
chr10_pat	2500000	2600000	0.00906862
chr10_pat	2600000	2700000	0.00837189
chr10_pat	2700000	2800000	0.00874779
chr10_pat	2800000	2900000	0.0102145
chr10_pat	2900000	3000000	0.0111066
chr10_pat	3000000	3100000	0.00762664
chr10_pat	3100000	3200000	0.00564945
chr10_pat	3200000	3300000	0.0072546
chr10_pat	3300000	3400000	0.00941718
chr10_pat	3400000	3500000	0.00944067
chr10_pat	3500000	3600000	0.00607656
chr10_pat	3600000	3700000	0.00724869
chr10_pat	3700000	3800000	0.00747961
chr10_pat	3800000	3900000	0.00918367
chr10_pat	3900000	4000000	0.00632871
chr10_pat	4000000	4100000	0.00717493
chr10_pat	4100000	4200000	0.0064438
chr10_pat	4200000	4300000	0.00740986
chr10_pat	4300000	4400000	0.00706558
chr10_pat	4400000	4500000	0.0074342
chr10_pat	4500000	4600000	0.00858694
chr10_pat	4600000	4700000	0.0105019
chr10_pat	4700000	4800000	0.00988107
chr10_pat	4800000	4900000	0.00971018
chr10_pat	4900000	5000000	0.00845706
chr10_pat	5000000	5100000	0.00616269
chr10_pat	5100000	5200000	0.00958488
chr10_pat	5200000	5300000	0.00940719
chr10_pat	5300000	5400000	0.00640272
chr10_pat	5400000	5500000	0.00883049
chr10_pat	5500000	5600000	0.00639504
chr10_pat	5600000	5700000	0.00697572
chr10_pat	5700000	5800000	0.00765683
chr10_pat	5800000	5900000	0.00879435
chr10_pat	5900000	6000000	0.00727625
chr10_pat	6000000	6100000	0.00902961
chr10_pat	6100000	6200000	0.00595275
chr10_pat	6200000	6300000	0.0089906
chr10_pat	6300000	6400000	0.00926476
chr10_pat	6400000	6500000	0.00921737
chr10_pat	6500000	6600000	0.00964213
chr10_pat	6600000	6700000	0.00778152
chr10_pat	6700000	6800000	0.00526
chr10_pat	6800000	6900000	0.00561616
chr10_pat	6900000	7000000	0.00823134
chr10_pat	7000000	7100000	0.00961511
chr10_pat	7100000	7200000	0.00835222
chr10_pat	7200000	7300000	0.00701857
chr10_pat	7300000	7400000	0.00557678
chr10_pat	7400000	7500000	0.00691193
chr10_pat	7500000	7600000	0.00589337
chr10_pat	7600000	7700000	0.0062422
chr10_pat	7700000	7800000	0.00828853
chr10_pat	7800000	7900000	0.00632787
chr10_pat	7900000	8000000	0.00777374
chr10_pat	8000000	8100000	0.00882408
chr10_pat	8100000	8200000	0.00868765
chr10_pat	8200000	8300000	0.00948662
chr10_pat	8300000	8400000	0.00943914
chr10_pat	8400000	8500000	0.0102101
chr10_pat	8500000	8600000	0.00998484
chr10_pat	8600000	8700000	0.00601464
chr10_pat	8700000	8800000	0.00868339
chr10_pat	8800000	8900000	0.00657004
chr10_pat	8900000	9000000	0.00696334
chr10_pat	9000000	9100000	0.00714913
chr10_pat	9100000	9200000	0.00881326
chr10_pat	9200000	9300000	0.00790263
chr10_pat	9300000	9400000	0.0091961
chr10_pat	9400000	9500000	0.0087357
chr10_pat	9500000	9600000	0.00947011
chr10_pat	9600000	9700000	0.00947131
chr10_pat	9700000	9800000	0.00974464
chr10_pat	9800000	9900000	0.00981816
chr10_pat	9900000	10000000	0.00895846
chr10_pat	10000000	10100000	0.00695353
chr10_pat	10100000	10200000	0.00712171
chr10_pat	10200000	10300000	0.00678917
chr10_pat	10300000	10400000	0.00588213
chr10_pat	10400000	10500000	0.00727505
chr10_pat	10500000	10600000	0.00728712
chr10_pat	10600000	10700000	0.00525719
chr10_pat	10700000	10800000	0.0057066
chr10_pat	10800000	10900000	0.00866542
chr10_pat	10900000	11000000	0.0089305
chr10_pat	11000000	11100000	0.00722054
chr10_pat	11100000	11200000	0.005961
chr10_pat	11200000	11300000	0.00816244
chr10_pat	11300000	11400000	0.00587095
chr10_pat	11400000	11500000	0.00772677
chr10_pat	11500000	11600000	0.00855039
chr10_pat	11600000	11700000	0.00764777
chr10_pat	11700000	11800000	0.00901662
chr10_pat	11800000	11900000	0.00988403
chr10_pat	11900000	12000000	0.0099102
chr10_pat	12000000	12100000	0.008942
chr10_pat	12100000	12200000	0.00626637
chr10_pat	12200000	12300000	0.00801116
chr10_pat	12300000	12400000	0.00859311
chr10_pat	12400000	12500000	0.00917399
chr10_pat	12500000	12600000	0.00642004
chr10_pat	12600000	12700000	0.00899618
chr10_pat	12700000	12800000	0.010058
chr10_pat	12800000	12900000	0.00813669
chr10_pat	12900000	13000000	0.0121177
chr10_pat	13000000	13100000	0.0063091
chr10_pat	13100000	13200000	0.0101072
chr10_pat	13200000	13300000	0.00702443
chr10_pat	13300000	13400000	0.0113927
chr10_pat	13400000	13500000	0.0113975
chr10_pat	13500000	13600000	0.0109602
chr10_pat	13600000	13700000	0.0101135
chr10_pat	13700000	13800000	0.00958961
chr10_pat	13800000	13900000	0.0102683
chr10_pat	13900000	14000000	0.00986071
chr10_pat	14000000	14100000	0.00721808
chr10_pat	14100000	14200000	0.00828333
chr10_pat	14200000	14300000	0.00965626
chr10_pat	14300000	14400000	0.00956526
chr10_pat	14400000	14500000	0.00929607
chr10_pat	14500000	14600000	0.0101184
chr10_pat	14600000	14700000	0.0111008
chr10_pat	14700000	14800000	0.0090975
chr10_pat	14800000	14900000	0.00609186
chr10_pat	14900000	15000000	0.00989667
chr10_pat	15000000	15100000	0.00980643
chr10_pat	15100000	15200000	0.00958778
chr10_pat	15200000	15300000	0.00993831
chr10_pat	15300000	15400000	0.00976166
chr10_pat	15400000	15500000	0.00935115
chr10_pat	15500000	15600000	0.00909396
chr10_pat	15600000	15700000	0.00946607
chr10_pat	15700000	15800000	0.00926222
chr10_pat	15800000	15900000	0.00940554
chr10_pat	15900000	16000000	0.00943208
chr10_pat	16000000	16100000	0.00915017
chr10_pat	16100000	16200000	0.0100786
chr10_pat	16200000	16300000	0.00931405
chr10_pat	16300000	16400000	0.00880975
chr10_pat	16400000	16500000	0.00943161
chr10_pat	16500000	16600000	0.00897138
chr10_pat	16600000	16700000	0.00993563
chr10_pat	16700000	16800000	0.00769343
chr10_pat	16800000	16900000	0.00947806
chr10_pat	16900000	17000000	0.00932533
chr10_pat	17000000	17100000	0.0097621
chr10_pat	17100000	17200000	0.00729588
chr10_pat	17200000	17300000	0.00578278
chr10_pat	17300000	17400000	0.00598841
chr10_pat	17400000	17500000	0.00762171
chr10_pat	17500000	17600000	0.0094737
chr10_pat	17600000	17700000	0.0067897
chr10_pat	17700000	17800000	0.0095197
chr10_pat	17800000	17900000	0.00837799
chr10_pat	17900000	18000000	0.00737679
chr10_pat	18000000	18100000	0.00649371
chr10_pat	18100000	18200000	0.00809998
chr10_pat	18200000	18300000	0.0111447
chr10_pat	18300000	18400000	0.0103062
chr10_pat	18400000	18500000	0.00612011
chr10_pat	18500000	18600000	0.00678336
chr10_pat	18600000	18700000	0.00934784
chr10_pat	18700000	18800000	0.00931942
chr10_pat	18800000	18900000	0.00627873
chr10_pat	18900000	19000000	0.00802094
chr10_pat	19000000	19100000	0.00691996
chr10_pat	19100000	19200000	0.00939402
chr10_pat	19200000	19300000	0.0100951
chr10_pat	19300000	19400000	0.00721255
chr10_pat	19400000	19500000	0.00987299
chr10_pat	19500000	19600000	0.00609871
chr10_pat	19600000	19700000	0.00656635
chr10_pat	19700000	19800000	0.00499322
chr10_pat	19800000	19900000	0.00727101
chr10_pat	19900000	20000000	0.0106494
chr10_pat	20000000	20100000	0.00684924
chr10_pat	20100000	20200000	0.00772813
chr10_pat	20200000	20300000	0.00895479
chr10_pat	20300000	20400000	0.0118071
chr10_pat	20400000	20500000	0.00775293
chr10_pat	20500000	20600000	0.00859512
chr10_pat	20600000	20700000	0.00715657
chr10_pat	20700000	20761298	0.0179982
chr11_pat	0	100000	0.00955721
chr11_pat	100000	200000	0.00900331
chr11_pat	200000	300000	0.0089701
chr11_pat	300000	400000	0.00802298
chr11_pat	400000	500000	0.00907067
chr11_pat	500000	600000	0.00911917
chr11_pat	600000	700000	0.00857018
chr11_pat	700000	800000	0.0083118
chr11_pat	800000	900000	0.00877404
chr11_pat	900000	1000000	0.00876349
chr11_pat	1000000	1100000	0.00863385
chr11_pat	1100000	1200000	0.00886443
chr11_pat	1200000	1300000	0.00879563
chr11_pat	1300000	1400000	0.0079496
chr11_pat	1400000	1500000	0.00505821
chr11_pat	1500000	1600000	0.00672914
chr11_pat	1600000	1700000	0.00710955
chr11_pat	1700000	1800000	0.00852824
chr11_pat	1800000	1900000	0.00923905
chr11_pat	1900000	2000000	0.00958941
chr11_pat	2000000	2100000	0.00948076
chr11_pat	2100000	2200000	0.00901383
chr11_pat	2200000	2300000	0.00988161
chr11_pat	2300000	2400000	0.00940629
chr11_pat	2400000	2500000	0.00938321
chr11_pat	2500000	2600000	0.00926767
chr11_pat	2600000	2700000	0.0114057
chr11_pat	2700000	2800000	0.00924529
chr11_pat	2800000	2900000	0.00900522
chr11_pat	2900000	3000000	0.00903877
chr11_pat	3000000	3100000	0.00557589
chr11_pat	3100000	3200000	0.00630254
chr11_pat	3200000	3300000	0.00764273
chr11_pat	3300000	3400000	0.00793256
chr11_pat	3400000	3500000	0.00925856
chr11_pat	3500000	3600000	0.00727734
chr11_pat	3600000	3700000	0.00604181
chr11_pat	3700000	3800000	0.00677606
chr11_pat	3800000	3900000	0.00667756
chr11_pat	3900000	4000000	0.00902036
chr11_pat	4000000	4100000	0.00981528
chr11_pat	4100000	4200000	0.00611691
chr11_pat	4200000	4300000	0.00851141
chr11_pat	4300000	4400000	0.0066029
chr11_pat	4400000	4500000	0.00679725
chr11_pat	4500000	4600000	0.00650139
chr11_pat	4600000	4700000	0.006138
chr11_pat	4700000	4800000	0.00677974
chr11_pat	4800000	4900000	0.00899096
chr11_pat	4900000	5000000	0.00634928
chr11_pat	5000000	5100000	0.0070405
chr11_pat	5100000	5200000	0.0100642
chr11_pat	5200000	5300000	0.00854121
chr11_pat	5300000	5400000	0.00711333
chr11_pat	5400000	5500000	0.00671531
chr11_pat	5500000	5600000	0.0063846
chr11_pat	5600000	5700000	0.00599949
chr11_pat	5700000	5800000	0.00608592
chr11_pat	5800000	5900000	0.00797379
chr11_pat	5900000	6000000	0.0074142
chr11_pat	6000000	6100000	0.00709869
chr11_pat	6100000	6200000	0.00648546
chr11_pat	6200000	6300000	0.00910021
chr11_pat	6300000	6400000	0.00920888
chr11_pat	6400000	6500000	0.00969221
chr11_pat	6500000	6600000	0.00948144
chr11_pat	6600000	6700000	0.00963437
chr11_pat	6700000	6800000	0.00931247
chr11_pat	6800000	6900000	0.00904495
chr11_pat	6900000	7000000	0.00955702
chr11_pat	7000000	7100000	0.00890033
chr11_pat	7100000	7200000	0.00886979
chr11_pat	7200000	7300000	0.00854013
chr11_pat	7300000	7400000	0.00778887
chr11_pat	7400000	7500000	0.007709
chr11_pat	7500000	7600000	0.00740286
chr11_pat	7600000	7700000	0.00600095
chr11_pat	7700000	7800000	0.00744753
chr11_pat	7800000	7900000	0.00779056
chr11_pat	7900000	8000000	0.00823587
chr11_pat	8000000	8100000	0.00697704
chr11_pat	8100000	8200000	0.00865693
chr11_pat	8200000	8300000	0.00958768
chr11_pat	8300000	8400000	0.00910688
chr11_pat	8400000	8500000	0.0089188
chr11_pat	8500000	8600000	0.00877685
chr11_pat	8600000	8700000	0.00978018
chr11_pat	8700000	8800000	0.00997694
chr11_pat	8800000	8900000	0.00876684
chr11_pat	8900000	9000000	0.00797137
chr11_pat	9000000	9100000	0.00984874
chr11_pat	9100000	9200000	0.00726045
chr11_pat	9200000	9300000	0.00694358
chr11_pat	9300000	9400000	0.00937231
chr11_pat	9400000	9500000	0.00810532
chr11_pat	9500000	9600000	0.0099004
chr11_pat	9600000	9700000	0.0105326
chr11_pat	9700000	9800000	0.0104557
chr11_pat	9800000	9900000	0.00777221
chr11_pat	9900000	10000000	0.0102118
chr11_pat	10000000	10100000	0.00839452
chr11_pat	10100000	10200000	0.00764124
chr11_pat	10200000	10300000	0.0108868
chr11_pat	10300000	10400000	0.00639179
chr11_pat	10400000	10500000	0.00815838
chr11_pat	10500000	10600000	0.0059097
chr11_pat	10600000	10700000	0.00653191
chr11_pat	10700000	10800000	0.00797079
chr11_pat	10800000	10900000	0.00765864
chr11_pat	10900000	11000000	0.00646299
chr11_pat	11000000	11100000	0.00756387
chr11_pat	11100000	11200000	0.0107739
chr11_pat	11200000	11300000	0.00700624
chr11_pat	11300000	11400000	0.00588181
chr11_pat	11400000	11500000	0.0078609
chr11_pat	11500000	11600000	0.00816565
chr11_pat	11600000	11700000	0.00668858
chr11_pat	11700000	11800000	0.00895099
chr11_pat	11800000	11900000	0.0106815
chr11_pat	11900000	12000000	0.0106173
chr11_pat	12000000	12100000	0.00973273
chr11_pat	12100000	12200000	0.0090342
chr11_pat	12200000	12300000	0.00731264
chr11_pat	12300000	12400000	0.00512891
chr11_pat	12400000	12500000	0.0056118
chr11_pat	12500000	12600000	0.00629579
chr11_pat	12600000	12700000	0.0063562
chr11_pat	12700000	12800000	0.00838295
chr11_pat	12800000	12900000	0.00740974
chr11_pat	12900000	13000000	0.00964205
chr11_pat	13000000	13100000	0.00996713
chr11_pat	13100000	13200000	0.00954269
chr11_pat	13200000	13300000	0.00894877
chr11_pat	13300000	13400000	0.00601043
chr11_pat	13400000	13500000	0.00586884
chr11_pat	13500000	13600000	0.00696152
chr11_pat	13600000	13700000	0.00621679
chr11_pat	13700000	13800000	0.00639841
chr11_pat	13800000	13900000	0.00632816
chr11_pat	13900000	14000000	0.00806925
chr11_pat	14000000	14100000	0.00903182
chr11_pat	14100000	14200000	0.00795197
chr11_pat	14200000	14300000	0.00916865
chr11_pat	14300000	14400000	0.00759604
chr11_pat	14400000	14500000	0.00894175
chr11_pat	14500000	14600000	0.008394
chr11_pat	14600000	14700000	0.00926128
chr11_pat	14700000	14800000	0.00933329
chr11_pat	14800000	14900000	0.00954322
chr11_pat	14900000	15000000	0.00955503
chr11_pat	15000000	15100000	0.00959678
chr11_pat	15100000	15200000	0.00972361
chr11_pat	15200000	15300000	0.00998116
chr11_pat	15300000	15400000	0.0104795
chr11_pat	15400000	15500000	0.00856218
chr11_pat	15500000	15600000	0.00931756
chr11_pat	15600000	15700000	0.00927477
chr11_pat	15700000	15800000	0.00913936
chr11_pat	15800000	15900000	0.00725761
chr11_pat	15900000	16000000	0.00797401
chr11_pat	16000000	16100000	0.00619951
chr11_pat	16100000	16200000	0.00908556
chr11_pat	16200000	16300000	0.0126636
chr11_pat	16300000	16400000	0.0096221
chr11_pat	16400000	16500000	0.0101468
chr11_pat	16500000	16600000	0.00853397
chr11_pat	16600000	16700000	0.00951903
chr11_pat	16700000	16800000	0.00963654
chr11_pat	16800000	16900000	0.00989249
chr11_pat	16900000	17000000	0.0105518
chr11_pat	17000000	17100000	0.00946289
chr11_pat	17100000	17200000	
chr11_pat	17200000	17300000	
chr11_pat	17300000	17400000	0.01053
chr11_pat	17400000	17500000	0.0100698
chr11_pat	17500000	17600000	0.00953313
chr11_pat	17600000	17700000	0.0103385
chr11_pat	17700000	17800000	0.0103074
chr11_pat	17800000	17900000	0.0103479
chr11_pat	17900000	18000000	0.0102592
chr11_pat	18000000	18100000	0.0102281
chr11_pat	18100000	18200000	0.00784963
chr11_pat	18200000	18300000	0.00740565
chr11_pat	18300000	18400000	0.00944181
chr11_pat	18400000	18500000	0.010814
chr11_pat	18500000	18600000	0.00823176
chr11_pat	18600000	18700000	0.00882363
chr11_pat	18700000	18800000	0.0102022
chr11_pat	18800000	18900000	0.00989768
chr11_pat	18900000	19000000	0.00964431
chr11_pat	19000000	19100000	0.0074831
chr11_pat	19100000	19200000	0.0060165
chr11_pat	19200000	19300000	0.00856403
chr11_pat	19300000	19400000	0.0106248
chr11_pat	19400000	19500000	0.00751544
chr11_pat	19500000	19600000	0.0093094
chr11_pat	19600000	19700000	0.00776089
chr11_pat	19700000	19800000	0.013307
chr11_pat	19800000	19900000	0.00714059
chr11_pat	19900000	20000000	0.00851285
chr11_pat	20000000	20100000	0.0109169
chr11_pat	20100000	20200000	0.0111288
chr11_pat	20200000	20300000	0.0113161
chr11_pat	20300000	20400000	0.0113421
chr11_pat	20400000	20500000	0.0107106
chr11_pat	20500000	20600000	0.0108236
chr11_pat	20600000	20700000	0.0116289
chr11_pat	20700000	20800000	0.00982513
chr11_pat	20800000	20900000	0.0114566
chr11_pat	20900000	21000000	0.0098274
chr11_pat	21000000	21100000	0.0107044
chr11_pat	21100000	21200000	0.0134499
chr11_pat	21200000	21300000	
chr11_pat	21300000	21400000	
chr11_pat	21400000	21500000	
chr11_pat	21500000	21600000	
chr11_pat	21600000	21694367	
chr12_pat	0	100000	0.0119709
chr12_pat	100000	200000	0.00774852
chr12_pat	200000	300000	0.00504456
chr12_pat	300000	400000	0.00977002
chr12_pat	400000	500000	0.00679774
chr12_pat	500000	600000	0.00706037
chr12_pat	600000	700000	0.0100081
chr12_pat	700000	800000	0.0113623
chr12_pat	800000	900000	0.0100351
chr12_pat	900000	1000000	0.0104867
chr12_pat	1000000	1100000	0.0106024
chr12_pat	1100000	1200000	0.00762846
chr12_pat	1200000	1300000	0.00848295
chr12_pat	1300000	1400000	0.010297
chr12_pat	1400000	1500000	0.00881119
chr12_pat	1500000	1600000	0.0104934
chr12_pat	1600000	1700000	0.00827045
chr12_pat	1700000	1800000	0.00993173
chr12_pat	1800000	1900000	0.0108243
chr12_pat	1900000	2000000	0.010327
chr12_pat	2000000	2100000	0.0107955
chr12_pat	2100000	2200000	0.00985976
chr12_pat	2200000	2300000	0.00988864
chr12_pat	2300000	2400000	0.00970355
chr12_pat	2400000	2500000	0.00986002
chr12_pat	2500000	2600000	0.0105041
chr12_pat	2600000	2700000	0.0105416
chr12_pat	2700000	2800000	0.0100176
chr12_pat	2800000	2900000	0.0107838
chr12_pat	2900000	3000000	0.0110723
chr12_pat	3000000	3100000	0.0110463
chr12_pat	3100000	3200000	0.0111549
chr12_pat	3200000	3300000	0.0102536
chr12_pat	3300000	3400000	0.005848
chr12_pat	3400000	3500000	0.00822198
chr12_pat	3500000	3600000	0.0100442
chr12_pat	3600000	3700000	0.00977297
chr12_pat	3700000	3800000	0.00798909
chr12_pat	3800000	3900000	0.00833574
chr12_pat	3900000	4000000	0.00792413
chr12_pat	4000000	4100000	0.00775583
chr12_pat	4100000	4200000	0.0095248
chr12_pat	4200000	4300000	0.00982193
chr12_pat	4300000	4400000	0.00983295
chr12_pat	4400000	4500000	0.00715567
chr12_pat	4500000	4600000	0.00612834
chr12_pat	4600000	4700000	0.0103757
chr12_pat	4700000	4800000	0.00694557
chr12_pat	4800000	4900000	0.00954051
chr12_pat	4900000	5000000	0.0100991
chr12_pat	5000000	5100000	0.0105309
chr12_pat	5100000	5200000	0.0100259
chr12_pat	5200000	5300000	0.00933246
chr12_pat	5300000	5400000	0.00896355
chr12_pat	5400000	5500000	0.00805727
chr12_pat	5500000	5600000	0.00833822
chr12_pat	5600000	5700000	0.00778832
chr12_pat	5700000	5800000	0.00795795
chr12_pat	5800000	5900000	0.0094814
chr12_pat	5900000	6000000	0.0100275
chr12_pat	6000000	6100000	0.0105618
chr12_pat	6100000	6200000	0.0102228
chr12_pat	6200000	6300000	0.0107471
chr12_pat	6300000	6400000	0.0105392
chr12_pat	6400000	6500000	0.0104113
chr12_pat	6500000	6600000	0.00900108
chr12_pat	6600000	6700000	0.00627342
chr12_pat	6700000	6800000	0.00766901
chr12_pat	6800000	6900000	0.0109558
chr12_pat	6900000	7000000	0.0111411
chr12_pat	7000000	7100000	0.0111131
chr12_pat	7100000	7200000	0.0111169
chr12_pat	7200000	7300000	0.00848488
chr12_pat	7300000	7400000	0.00908556
chr12_pat	7400000	7500000	0.00917359
chr12_pat	7500000	7600000	0.00916308
chr12_pat	7600000	7700000	0.00676373
chr12_pat	7700000	7800000	0.00819471
chr12_pat	7800000	7900000	0.00991084
chr12_pat	7900000	8000000	0.00949593
chr12_pat	8000000	8100000	0.0097723
chr12_pat	8100000	8200000	0.0103897
chr12_pat	8200000	8300000	0.0109815
chr12_pat	8300000	8400000	0.00964933
chr12_pat	8400000	8500000	0.00947817
chr12_pat	8500000	8600000	0.00776997
chr12_pat	8600000	8700000	0.00655614
chr12_pat	8700000	8800000	0.00569121
chr12_pat	8800000	8900000	0.00646977
chr12_pat	8900000	9000000	0.00725411
chr12_pat	9000000	9100000	0.00659578
chr12_pat	9100000	9200000	0.00744256
chr12_pat	9200000	9300000	0.00745132
chr12_pat	9300000	9400000	0.00865944
chr12_pat	9400000	9500000	0.00907684
chr12_pat	9500000	9600000	0.00593986
chr12_pat	9600000	9700000	0.00804689
chr12_pat	9700000	9800000	0.00649698
chr12_pat	9800000	9900000	0.00761732
chr12_pat	9900000	10000000	0.00941308
chr12_pat	10000000	10100000	0.00673756
chr12_pat	10100000	10200000	0.00619156
chr12_pat	10200000	10300000	0.00925664
chr12_pat	10300000	10400000	0.0103111
chr12_pat	10400000	10500000	0.0102406
chr12_pat	10500000	10600000	0.0100162
chr12_pat	10600000	10700000	0.0104356
chr12_pat	10700000	10800000	0.00812009
chr12_pat	10800000	10900000	0.00645478
chr12_pat	10900000	11000000	0.00669134
chr12_pat	11000000	11100000	0.00738554
chr12_pat	11100000	11200000	0.00739672
chr12_pat	11200000	11300000	0.00871367
chr12_pat	11300000	11400000	0.00939799
chr12_pat	11400000	11500000	0.00865537
chr12_pat	11500000	11600000	0.00654141
chr12_pat	11600000	11700000	0.00906376
chr12_pat	11700000	11800000	0.00676667
chr12_pat	11800000	11900000	0.00829808
chr12_pat	11900000	12000000	0.00617417
chr12_pat	12000000	12100000	0.00542266
chr12_pat	12100000	12200000	0.00656754
chr12_pat	12200000	12300000	0.00899079
chr12_pat	12300000	12400000	0.00611613
chr12_pat	12400000	12500000	0.00931181
chr12_pat	12500000	12600000	0.00874497
chr12_pat	12600000	12700000	0.0090961
chr12_pat	12700000	12800000	0.00874018
chr12_pat	12800000	12900000	0.00990965
chr12_pat	12900000	13000000	0.00945349
chr12_pat	13000000	13100000	0.00885283
chr12_pat	13100000	13200000	0.00893273
chr12_pat	13200000	13300000	0.00944724
chr12_pat	13300000	13400000	0.00925352
chr12_pat	13400000	13500000	0.00705487
chr12_pat	13500000	13600000	0.00873299
chr12_pat	13600000	13700000	0.00892871
chr12_pat	13700000	13800000	0.00586589
chr12_pat	13800000	13900000	0.00524731
chr12_pat	13900000	14000000	0.00866907
chr12_pat	14000000	14100000	0.00849836
chr12_pat	14100000	14200000	0.00804195
chr12_pat	14200000	14300000	0.00791375
chr12_pat	14300000	14400000	0.00770517
chr12_pat	14400000	14500000	0.00680623
chr12_pat	14500000	14600000	0.00870379
chr12_pat	14600000	14700000	0.00994636
chr12_pat	14700000	14800000	0.00755622
chr12_pat	14800000	14900000	0.00746187
chr12_pat	14900000	15000000	0.00575322
chr12_pat	15000000	15100000	0.0073469
chr12_pat	15100000	15200000	0.00732788
chr12_pat	15200000	15300000	0.00978665
chr12_pat	15300000	15400000	0.00935424
chr12_pat	15400000	15500000	0.00749271
chr12_pat	15500000	15600000	0.00618305
chr12_pat	15600000	15700000	0.00563075
chr12_pat	15700000	15800000	0.00820101
chr12_pat	15800000	15900000	0.00879764
chr12_pat	15900000	16000000	0.00660171
chr12_pat	16000000	16100000	0.00691707
chr12_pat	16100000	16200000	0.00595694
chr12_pat	16200000	16300000	0.0102415
chr12_pat	16300000	16400000	0.00968992
chr12_pat	16400000	16500000	0.00575213
chr12_pat	16500000	16600000	0.0075429
chr12_pat	16600000	16700000	0.00939025
chr12_pat	16700000	16800000	0.0107016
chr12_pat	16800000	16900000	0.0109982
chr12_pat	16900000	17000000	0.00730508
chr12_pat	17000000	17100000	0.0094569
chr12_pat	17100000	17200000	0.00833751
chr12_pat	17200000	17300000	0.00667342
chr12_pat	17300000	17400000	0.0103403
chr12_pat	17400000	17500000	0.0100735
chr12_pat	17500000	17600000	0.0105105
chr12_pat	17600000	17700000	0.01043
chr12_pat	17700000	17800000	0.0103123
chr12_pat	17800000	17900000	0.0111707
chr12_pat	17900000	18000000	0.0102091
chr12_pat	18000000	18100000	0.00935675
chr12_pat	18100000	18200000	0.00762988
chr12_pat	18200000	18300000	0.00730943
chr12_pat	18300000	18400000	0.0101743
chr12_pat	18400000	18500000	0.0110798
chr12_pat	18500000	18600000	0.00908349
chr12_pat	18600000	18700000	0.00667555
chr12_pat	18700000	18800000	0.00688159
chr12_pat	18800000	18900000	0.00800145
chr12_pat	18900000	19000000	0.00777521
chr12_pat	19000000	19100000	0.0109347
chr12_pat	19100000	19200000	0.0115171
chr12_pat	19200000	19300000	0.0104674
chr12_pat	19300000	19400000	0.0103715
chr12_pat	19400000	19500000	0.0116923
chr12_pat	19500000	19600000	0.010561
chr12_pat	19600000	19700000	0.00730892
chr12_pat	19700000	19800000	0.0098346
chr12_pat	19800000	19900000	0.0064982
chr12_pat	19900000	20000000	0.00677797
chr12_pat	20000000	20100000	0.00984092
chr12_pat	20100000	20200000	0.00558724
chr12_pat	20200000	20300000	0.00854178
chr12_pat	20300000	20400000	0.00801803
chr12_pat	20400000	20500000	0.00957695
chr12_pat	20500000	20600000	0.0205445
chr12_pat	20600000	20700000	
chr12_pat	20700000	20770244	
chr13_pat	0	100000	0.00728187
chr13_pat	100000	200000	0.00653276
chr13_pat	200000	300000	0.00785356
chr13_pat	300000	400000	0.0074001
chr13_pat	400000	500000	0.00702083
chr13_pat	500000	600000	0.00919059
chr13_pat	600000	700000	0.00600442
chr13_pat	700000	800000	0.00620923
chr13_pat	800000	900000	0.00703476
chr13_pat	900000	1000000	0.0101373
chr13_pat	1000000	1100000	0.010334
chr13_pat	1100000	1200000	0.00997411
chr13_pat	1200000	1300000	0.0102103
chr13_pat	1300000	1400000	0.00673617
chr13_pat	1400000	1500000	0.00893609
chr13_pat	1500000	1600000	0.00599159
chr13_pat	1600000	1700000	0.00715435
chr13_pat	1700000	1800000	0.00543824
chr13_pat	1800000	1900000	0.0081341
chr13_pat	1900000	2000000	0.0103385
chr13_pat	2000000	2100000	0.00820674
chr13_pat	2100000	2200000	0.0107247
chr13_pat	2200000	2300000	0.00923945
chr13_pat	2300000	2400000	0.008891
chr13_pat	2400000	2500000	0.0085242
chr13_pat	2500000	2600000	0.00936111
chr13_pat	2600000	2700000	0.00992631
chr13_pat	2700000	2800000	0.0094937
chr13_pat	2800000	2900000	0.00999187
chr13_pat	2900000	3000000	0.0101361
chr13_pat	3000000	3100000	0.00960429
chr13_pat	3100000	3200000	0.00819439
chr13_pat	3200000	3300000	0.00643144
chr13_pat	3300000	3400000	0.00739527
chr13_pat	3400000	3500000	0.00817536
chr13_pat	3500000	3600000	0.00929008
chr13_pat	3600000	3700000	0.00802443
chr13_pat	3700000	3800000	0.00689668
chr13_pat	3800000	3900000	0.00907204
chr13_pat	3900000	4000000	0.0100225
chr13_pat	4000000	4100000	0.00639389
chr13_pat	4100000	4200000	0.00658636
chr13_pat	4200000	4300000	0.00559292
chr13_pat	4300000	4400000	0.00747303
chr13_pat	4400000	4500000	0.00847075
chr13_pat	4500000	4600000	0.0108968
chr13_pat	4600000	4700000	0.00844581
chr13_pat	4700000	4800000	0.00707496
chr13_pat	4800000	4900000	0.00807636
chr13_pat	4900000	5000000	0.00694399
chr13_pat	5000000	5100000	0.0108062
chr13_pat	5100000	5200000	0.0102403
chr13_pat	5200000	5300000	0.0106267
chr13_pat	5300000	5400000	0.0103182
chr13_pat	5400000	5500000	0.0114081
chr13_pat	5500000	5600000	0.00957937
chr13_pat	5600000	5700000	0.00864128
chr13_pat	5700000	5800000	0.00770315
chr13_pat	5800000	5900000	0.0060591
chr13_pat	5900000	6000000	0.0091688
chr13_pat	6000000	6100000	0.00980854
chr13_pat	6100000	6200000	0.0106616
chr13_pat	6200000	6300000	0.0109315
chr13_pat	6300000	6400000	0.00993623
chr13_pat	6400000	6500000	0.00899951
chr13_pat	6500000	6600000	0.0100054
chr13_pat	6600000	6700000	0.00635011
chr13_pat	6700000	6800000	0.00904672
chr13_pat	6800000	6900000	0.00971293
chr13_pat	6900000	7000000	0.010145
chr13_pat	7000000	7100000	0.0103104
chr13_pat	7100000	7200000	0.00989631
chr13_pat	7200000	7300000	0.00712042
chr13_pat	7300000	7400000	0.00728678
chr13_pat	7400000	7500000	0.00988095
chr13_pat	7500000	7600000	0.00685945
chr13_pat	7600000	7700000	0.00851994
chr13_pat	7700000	7800000	0.00612688
chr13_pat	7800000	7900000	0.00908811
chr13_pat	7900000	8000000	0.0070183
chr13_pat	8000000	8100000	0.0102905
chr13_pat	8100000	8200000	0.00975689
chr13_pat	8200000	8300000	0.00982714
chr13_pat	8300000	8400000	0.0106966
chr13_pat	8400000	8500000	0.00949301
chr13_pat	8500000	8600000	0.00629463
chr13_pat	8600000	8700000	0.00892981
chr13_pat	8700000	8800000	0.00911176
chr13_pat	8800000	8900000	0.00513673
chr13_pat	8900000	9000000	0.00961104
chr13_pat	9000000	9100000	0.0115147
chr13_pat	9100000	9200000	0.00770516
chr13_pat	9200000	9300000	0.00996379
chr13_pat	9300000	9400000	0.0123991
chr13_pat	9400000	9500000	0.0128926
chr13_pat	9500000	9600000	0.00819947
chr13_pat	9600000	9700000	0.00837265
chr13_pat	9700000	9800000	0.00766282
chr13_pat	9800000	9900000	0.00771477
chr13_pat	9900000	10000000	0.00594045
chr13_pat	10000000	10100000	0.00625004
chr13_pat	10100000	10200000	0.00910337
chr13_pat	10200000	10300000	0.00706203
chr13_pat	10300000	10400000	0.00813778
chr13_pat	10400000	10500000	0.00934658
chr13_pat	10500000	10600000	0.0125855
chr13_pat	10600000	10700000	0.0107032
chr13_pat	10700000	10800000	0.00694604
chr13_pat	10800000	10900000	0.0103892
chr13_pat	10900000	11000000	0.00668576
chr13_pat	11000000	11100000	0.00956111
chr13_pat	11100000	11200000	0.00955162
chr13_pat	11200000	11300000	0.00916265
chr13_pat	11300000	11400000	0.00956313
chr13_pat	11400000	11500000	0.0095063
chr13_pat	11500000	11600000	0.00906346
chr13_pat	11600000	11700000	0.00917401
chr13_pat	11700000	11800000	0.0089347
chr13_pat	11800000	11900000	0.00871209
chr13_pat	11900000	12000000	0.00642838
chr13_pat	12000000	12100000	0.00884787
chr13_pat	12100000	12200000	0.00944117
chr13_pat	12200000	12300000	0.00973865
chr13_pat	12300000	12400000	0.00938533
chr13_pat	12400000	12500000	0.00954605
chr13_pat	12500000	12600000	0.00947153
chr13_pat	12600000	12700000	0.00907362
chr13_pat	12700000	12800000	0.00932641
chr13_pat	12800000	12900000	0.00901135
chr13_pat	12900000	13000000	0.00972876
chr13_pat	13000000	13100000	0.0098009
chr13_pat	13100000	13200000	0.0098225
chr13_pat	13200000	13300000	0.00968532
chr13_pat	13300000	13400000	0.0095962
chr13_pat	13400000	13500000	0.00939928
chr13_pat	13500000	13600000	0.00983308
chr13_pat	13600000	13700000	0.00952339
chr13_pat	13700000	13800000	0.00768784
chr13_pat	13800000	13900000	0.00840271
chr13_pat	13900000	14000000	0.00937276
chr13_pat	14000000	14100000	0.00989665
chr13_pat	14100000	14200000	0.0101093
chr13_pat	14200000	14300000	0.0105564
chr13_pat	14300000	14400000	0.00904321
chr13_pat	14400000	14500000	0.00785425
chr13_pat	14500000	14600000	0.00960723
chr13_pat	14600000	14700000	0.00882354
chr13_pat	14700000	14800000	0.00604878
chr13_pat	14800000	14900000	0.00848693
chr13_pat	14900000	15000000	0.0084472
chr13_pat	15000000	15100000	0.0106894
chr13_pat	15100000	15200000	0.00995363
chr13_pat	15200000	15300000	0.00750392
chr13_pat	15300000	15400000	0.00669004
chr13_pat	15400000	15500000	0.00571217
chr13_pat	15500000	15600000	0.0101623
chr13_pat	15600000	15700000	0.0104961
chr13_pat	15700000	15800000	0.0160813
chr13_pat	15800000	15900000	0.0125813
chr13_pat	15900000	16000000	0.00800187
chr13_pat	16000000	16100000	0.0129593
chr13_pat	16100000	16200000	0.0130371
chr13_pat	16200000	16300000	0.0127309
chr13_pat	16300000	16400000	0.0139766
chr13_pat	16400000	16500000	0.0150716
chr13_pat	16500000	16600000	0.0087369
chr13_pat	16600000	16700000	0.00645896
chr13_pat	16700000	16800000	0.00755701
chr13_pat	16800000	16900000	0.0100949
chr13_pat	16900000	17000000	0.0101212
chr13_pat	17000000	17100000	0.00705686
chr13_pat	17100000	17200000	0.00668273
chr13_pat	17200000	17300000	0.0116293
chr13_pat	17300000	17400000	0.0105231
chr13_pat	17400000	17500000	0.00957219
chr13_pat	17500000	17600000	0.00911009
chr13_pat	17600000	17700000	0.011058
chr13_pat	17700000	17800000	0.0114175
chr13_pat	17800000	17900000	0.00906557
chr13_pat	17900000	18000000	0.0124711
chr13_pat	18000000	18100000	0.0114787
chr13_pat	18100000	18200000	
chr13_pat	18200000	18300000	
chr13_pat	18300000	18400000	
chr13_pat	18400000	18500000	
chr13_pat	18500000	18600000	
chr13_pat	18600000	18700000	
chr13_pat	18700000	18800000	
chr13_pat	18800000	18838779	
chr14_pat	0	100000	0.00728121
chr14_pat	100000	200000	0.0063625
chr14_pat	200000	300000	0.00778717
chr14_pat	300000	400000	0.00894763
chr14_pat	400000	500000	0.00672836
chr14_pat	500000	600000	0.00953979
chr14_pat	600000	700000	0.00971192
chr14_pat	700000	800000	0.005676
chr14_pat	800000	900000	0.00733613
chr14_pat	900000	1000000	0.00727175
chr14_pat	1000000	1100000	0.00691302
chr14_pat	1100000	1200000	0.0064431
chr14_pat	1200000	1300000	0.00722101
chr14_pat	1300000	1400000	0.00659876
chr14_pat	1400000	1500000	0.00584247
chr14_pat	1500000	1600000	0.00850968
chr14_pat	1600000	1700000	0.00971873
chr14_pat	1700000	1800000	0.0077524
chr14_pat	1800000	1900000	0.00939403
chr14_pat	1900000	2000000	0.0106336
chr14_pat	2000000	2100000	0.0100865
chr14_pat	2100000	2200000	0.00950726
chr14_pat	2200000	2300000	0.0103131
chr14_pat	2300000	2400000	0.00979219
chr14_pat	2400000	2500000	0.0106026
chr14_pat	2500000	2600000	0.00719979
chr14_pat	2600000	2700000	0.00567584
chr14_pat	2700000	2800000	0.00801965
chr14_pat	2800000	2900000	0.00747892
chr14_pat	2900000	3000000	0.00700332
chr14_pat	3000000	3100000	0.0101917
chr14_pat	3100000	3200000	0.00587162
chr14_pat	3200000	3300000	0.00868763
chr14_pat	3300000	3400000	0.0110961
chr14_pat	3400000	3500000	0.00962636
chr14_pat	3500000	3600000	0.00880941
chr14_pat	3600000	3700000	0.00829052
chr14_pat	3700000	3800000	0.00643112
chr14_pat	3800000	3900000	0.0103274
chr14_pat	3900000	4000000	0.00928557
chr14_pat	4000000	4100000	0.00640769
chr14_pat	4100000	4200000	0.00854749
chr14_pat	4200000	4300000	0.00961306
chr14_pat	4300000	4400000	0.00915228
chr14_pat	4400000	4500000	0.00994311
chr14_pat	4500000	4600000	0.0102991
chr14_pat	4600000	4700000	0.00986498
chr14_pat	4700000	4800000	0.0068717
chr14_pat	4800000	4900000	0.00677998
chr14_pat	4900000	5000000	0.00750964
chr14_pat	5000000	5100000	0.00746824
chr14_pat	5100000	5200000	0.00727597
chr14_pat	5200000	5300000	0.00679519
chr14_pat	5300000	5400000	0.00737492
chr14_pat	5400000	5500000	0.00705068
chr14_pat	5500000	5600000	0.00748331
chr14_pat	5600000	5700000	0.00548015
chr14_pat	5700000	5800000	0.0105579
chr14_pat	5800000	5900000	0.0100039
chr14_pat	5900000	6000000	0.00623182
chr14_pat	6000000	6100000	0.00587832
chr14_pat	6100000	6200000	0.00853262
chr14_pat	6200000	6300000	0.00965399
chr14_pat	6300000	6400000	0.00822181
chr14_pat	6400000	6500000	0.00932989
chr14_pat	6500000	6600000	0.00853169
chr14_pat	6600000	6700000	0.00903421
chr14_pat	6700000	6800000	0.00856107
chr14_pat	6800000	6900000	0.0087029
chr14_pat	6900000	7000000	0.00645649
chr14_pat	7000000	7100000	0.00656453
chr14_pat	7100000	7200000	0.00969064
chr14_pat	7200000	7300000	0.00729663
chr14_pat	7300000	7400000	0.00957159
chr14_pat	7400000	7500000	0.00891618
chr14_pat	7500000	7600000	0.00885609
chr14_pat	7600000	7700000	0.00808556
chr14_pat	7700000	7800000	0.00744695
chr14_pat	7800000	7900000	0.0102633
chr14_pat	7900000	8000000	0.0119696
chr14_pat	8000000	8100000	0.00807481
chr14_pat	8100000	8200000	0.0099882
chr14_pat	8200000	8300000	0.0106266
chr14_pat	8300000	8400000	0.0101378
chr14_pat	8400000	8500000	0.00943675
chr14_pat	8500000	8600000	0.00926665
chr14_pat	8600000	8700000	0.00613714
chr14_pat	8700000	8800000	0.00582007
chr14_pat	8800000	8900000	0.00695697
chr14_pat	8900000	9000000	0.00582319
chr14_pat	9000000	9100000	0.00640442
chr14_pat	9100000	9200000	0.00776463
chr14_pat	9200000	9300000	0.0085859
chr14_pat	9300000	9400000	0.00946038
chr14_pat	9400000	9500000	0.00913411
chr14_pat	9500000	9600000	0.00813939
chr14_pat	9600000	9700000	0.00597244
chr14_pat	9700000	9800000	0.00564625
chr14_pat	9800000	9900000	0.00530581
chr14_pat	9900000	10000000	0.00793595
chr14_pat	10000000	10100000	0.00709398
chr14_pat	10100000	10200000	0.00551776
chr14_pat	10200000	10300000	0.00724987
chr14_pat	10300000	10400000	0.00879138
chr14_pat	10400000	10500000	0.00954423
chr14_pat	10500000	10600000	0.00968767
chr14_pat	10600000	10700000	0.00927516
chr14_pat	10700000	10800000	0.00928537
chr14_pat	10800000	10900000	0.00771188
chr14_pat	10900000	11000000	0.00626378
chr14_pat	11000000	11100000	0.00578532
chr14_pat	11100000	11200000	0.00887679
chr14_pat	11200000	11300000	0.00890854
chr14_pat	11300000	11400000	0.00944906
chr14_pat	11400000	11500000	0.00960031
chr14_pat	11500000	11600000	0.00956191
chr14_pat	11600000	11700000	0.00915485
chr14_pat	11700000	11800000	0.00965259
chr14_pat	11800000	11900000	0.00952899
chr14_pat	11900000	12000000	0.0100921
chr14_pat	12000000	12100000	0.0096239
chr14_pat	12100000	12200000	0.00987711
chr14_pat	12200000	12300000	0.0102172
chr14_pat	12300000	12400000	0.0104178
chr14_pat	12400000	12500000	0.00933725
chr14_pat	12500000	12600000	0.00981725
chr14_pat	12600000	12700000	0.0103913
chr14_pat	12700000	12800000	0.0102041
chr14_pat	12800000	12900000	0.00976254
chr14_pat	12900000	13000000	0.00993514
chr14_pat	13000000	13100000	0.00978425
chr14_pat	13100000	13200000	0.0107287
chr14_pat	13200000	13300000	0.00712008
chr14_pat	13300000	13400000	0.00706683
chr14_pat	13400000	13500000	0.00629611
chr14_pat	13500000	13600000	0.00715946
chr14_pat	13600000	13700000	0.00567026
chr14_pat	13700000	13800000	0.0065161
chr14_pat	13800000	13900000	0.00676496
chr14_pat	13900000	14000000	0.00647152
chr14_pat	14000000	14100000	0.00663386
chr14_pat	14100000	14200000	0.00863278
chr14_pat	14200000	14300000	0.00711645
chr14_pat	14300000	14400000	0.0089918
chr14_pat	14400000	14500000	0.00689991
chr14_pat	14500000	14600000	0.00974218
chr14_pat	14600000	14700000	0.00832017
chr14_pat	14700000	14800000	0.00800459
chr14_pat	14800000	14900000	0.00810658
chr14_pat	14900000	15000000	0.00705686
chr14_pat	15000000	15100000	0.00879276
chr14_pat	15100000	15200000	0.00625453
chr14_pat	15200000	15300000	0.00747861
chr14_pat	15300000	15400000	0.00954849
chr14_pat	15400000	15500000	0.0114
chr14_pat	15500000	15600000	0.0125345
chr14_pat	15600000	15700000	0.0129045
chr14_pat	15700000	15800000	0.0114988
chr14_pat	15800000	15900000	0.00637948
chr14_pat	15900000	16000000	0.00583124
chr14_pat	16000000	16100000	0.00658396
chr14_pat	16100000	16200000	0.0076634
chr14_pat	16200000	16300000	0.0061022
chr14_pat	16300000	16369598	
chr15_pat	0	100000	
chr15_pat	100000	200000	0.00775452
chr15_pat	200000	300000	0.00829945
chr15_pat	300000	400000	0.00663837
chr15_pat	400000	500000	0.0108325
chr15_pat	500000	600000	0.0117982
chr15_pat	600000	700000	0.0123109
chr15_pat	700000	800000	0.0135239
chr15_pat	800000	900000	0.0117563
chr15_pat	900000	1000000	0.0113116
chr15_pat	1000000	1100000	0.0100138
chr15_pat	1100000	1200000	0.00882604
chr15_pat	1200000	1300000	0.00714901
chr15_pat	1300000	1400000	0.00778069
chr15_pat	1400000	1500000	0.00779653
chr15_pat	1500000	1600000	0.00533912
chr15_pat	1600000	1700000	0.00704942
chr15_pat	1700000	1800000	0.00892382
chr15_pat	1800000	1900000	0.0107737
chr15_pat	1900000	2000000	0.00906161
chr15_pat	2000000	2100000	0.00807265
chr15_pat	2100000	2200000	0.00632462
chr15_pat	2200000	2300000	0.0090424
chr15_pat	2300000	2400000	0.00686257
chr15_pat	2400000	2500000	0.00646875
chr15_pat	2500000	2600000	0.0079801
chr15_pat	2600000	2700000	0.00810101
chr15_pat	2700000	2800000	0.00874138
chr15_pat	2800000	2900000	0.010115
chr15_pat	2900000	3000000	0.00970425
chr15_pat	3000000	3100000	0.00705432
chr15_pat	3100000	3200000	0.00556226
chr15_pat	3200000	3300000	0.00737515
chr15_pat	3300000	3400000	0.00588012
chr15_pat	3400000	3500000	0.00691665
chr15_pat	3500000	3600000	0.00652375
chr15_pat	3600000	3700000	0.00680059
chr15_pat	3700000	3800000	0.00721506
chr15_pat	3800000	3900000	0.00722409
chr15_pat	3900000	4000000	0.01024
chr15_pat	4000000	4100000	0.00775079
chr15_pat	4100000	4200000	0.00569675
chr15_pat	4200000	4300000	0.00812386
chr15_pat	4300000	4400000	0.0103588
chr15_pat	4400000	4500000	0.0101803
chr15_pat	4500000	4600000	0.0111571
chr15_pat	4600000	4700000	0.0118459
chr15_pat	4700000	4800000	0.0106542
chr15_pat	4800000	4900000	0.00999075
chr15_pat	4900000	5000000	0.00983342
chr15_pat	5000000	5100000	0.00971092
chr15_pat	5100000	5200000	0.00615136
chr15_pat	5200000	5300000	0.00610191
chr15_pat	5300000	5400000	0.00888541
chr15_pat	5400000	5500000	0.00609679
chr15_pat	5500000	5600000	0.00648028
chr15_pat	5600000	5700000	0.00782792
chr15_pat	5700000	5800000	0.00637494
chr15_pat	5800000	5900000	0.00763105
chr15_pat	5900000	6000000	0.0077809
chr15_pat	6000000	6100000	0.00606898
chr15_pat	6100000	6200000	0.0062614
chr15_pat	6200000	6300000	0.00589415
chr15_pat	6300000	6400000	0.00698526
chr15_pat	6400000	6500000	0.00953622
chr15_pat	6500000	6600000	0.0077311
chr15_pat	6600000	6700000	0.00662193
chr15_pat	6700000	6800000	0.0101537
chr15_pat	6800000	6900000	0.00758762
chr15_pat	6900000	7000000	0.00595283
chr15_pat	7000000	7100000	0.00722378
chr15_pat	7100000	7200000	0.0063029
chr15_pat	7200000	7300000	0.00775675
chr15_pat	7300000	7400000	0.00900775
chr15_pat	7400000	7500000	0.00974204
chr15_pat	7500000	7600000	0.00951356
chr15_pat	7600000	7700000	0.00940397
chr15_pat	7700000	7800000	0.0104929
chr15_pat	7800000	7900000	0.00979791
chr15_pat	7900000	8000000	0.0104186
chr15_pat	8000000	8100000	0.0101655
chr15_pat	8100000	8200000	0.010154
chr15_pat	8200000	8300000	0.0101179
chr15_pat	8300000	8400000	0.00750781
chr15_pat	8400000	8500000	0.00574227
chr15_pat	8500000	8600000	0.00714493
chr15_pat	8600000	8700000	0.00623779
chr15_pat	8700000	8800000	0.00851237
chr15_pat	8800000	8900000	0.00852415
chr15_pat	8900000	9000000	0.0114231
chr15_pat	9000000	9100000	0.0119063
chr15_pat	9100000	9200000	0.011683
chr15_pat	9200000	9300000	0.00762166
chr15_pat	9300000	9400000	0.0118398
chr15_pat	9400000	9500000	0.00838361
chr15_pat	9500000	9600000	0.00695597
chr15_pat	9600000	9700000	0.00775885
chr15_pat	9700000	9800000	0.00911469
chr15_pat	9800000	9900000	0.00891597
chr15_pat	9900000	10000000	0.00631021
chr15_pat	10000000	10100000	0.00570045
chr15_pat	10100000	10200000	0.00855748
chr15_pat	10200000	10300000	0.00657158
chr15_pat	10300000	10400000	0.00601376
chr15_pat	10400000	10500000	0.00639292
chr15_pat	10500000	10600000	0.00865963
chr15_pat	10600000	10700000	0.00544929
chr15_pat	10700000	10800000	0.0060127
chr15_pat	10800000	10900000	0.00719479
chr15_pat	10900000	11000000	0.00628308
chr15_pat	11000000	11100000	0.00878532
chr15_pat	11100000	11200000	0.00780327
chr15_pat	11200000	11300000	0.00783912
chr15_pat	11300000	11400000	0.00709722
chr15_pat	11400000	11500000	0.00677446
chr15_pat	11500000	11600000	0.00639782
chr15_pat	11600000	11700000	0.00549
chr15_pat	11700000	11800000	0.00716932
chr15_pat	11800000	11900000	0.0103674
chr15_pat	11900000	12000000	0.0101229
chr15_pat	12000000	12100000	0.0105987
chr15_pat	12100000	12200000	0.010627
chr15_pat	12200000	12300000	0.00796854
chr15_pat	12300000	12400000	0.0100221
chr15_pat	12400000	12500000	0.009921
chr15_pat	12500000	12600000	0.00803233
chr15_pat	12600000	12700000	0.0112823
chr15_pat	12700000	12800000	0.0109645
chr15_pat	12800000	12900000	0.010491
chr15_pat	12900000	13000000	0.00827392
chr15_pat	13000000	13100000	0.00939728
chr15_pat	13100000	13200000	0.0103841
chr15_pat	13200000	13300000	0.0106642
chr15_pat	13300000	13400000	0.011344
chr15_pat	13400000	13500000	0.008078
chr15_pat	13500000	13600000	0.011431
chr15_pat	13600000	13700000	0.0099036
chr15_pat	13700000	13800000	0.00690269
chr15_pat	13800000	13859831	
chr16_pat	0	100000	
chr16_pat	100000	200000	
chr16_pat	200000	300000	
chr16_pat	300000	400000	
chr16_pat	400000	500000	
chr16_pat	500000	600000	
chr16_pat	600000	700000	0.0908359
chr16_pat	700000	800000	0.0175045
chr16_pat	800000	900000	0.0236564
chr16_pat	900000	1000000	0.0329017
chr16_pat	1000000	1100000	0.0136423
chr16_pat	1100000	1200000	0.0182059
chr16_pat	1200000	1300000	0.0121282
chr16_pat	1300000	1400000	0.0134457
chr16_pat	1400000	1500000	0.0172137
chr16_pat	1500000	1600000	0.0162474
chr16_pat	1600000	1700000	0.0188233
chr16_pat	1700000	1800000	0.0142179
chr16_pat	1800000	1900000	0.02126
chr16_pat	1900000	2000000	0.014801
chr16_pat	2000000	2100000	0.0249633
chr16_pat	2100000	2200000	0.0292917
chr16_pat	2200000	2300000	0.0495521
chr16_pat	2300000	2400000	0.0575167
chr16_pat	2400000	2500000	0.0342218
chr16_pat	2500000	2600000	
chr16_pat	2600000	2700000	0.0366605
chr16_pat	2700000	2800000	0.0317506
chr16_pat	2800000	2900000	0.0285243
chr16_pat	2900000	3000000	0.0345427
chr16_pat	3000000	3100000	0.0321641
chr16_pat	3100000	3200000	0.0280816
chr16_pat	3200000	3300000	0.030154
chr16_pat	3300000	3400000	0.029322
chr16_pat	3400000	3500000	0.0293807
chr16_pat	3500000	3600000	0.0462192
chr16_pat	3600000	3700000	0.0301367
chr16_pat	3700000	3800000	0.0260218
chr16_pat	3800000	3900000	0.0273204
chr16_pat	3900000	4000000	0.0373734
chr16_pat	4000000	4100000	0.0523013
chr16_pat	4100000	4200000	0.00941272
chr16_pat	4200000	4300000	0.00943313
chr16_pat	4300000	4400000	0.0141932
chr16_pat	4400000	4500000	
chr16_pat	4500000	4600000	
chr16_pat	4600000	4700000	
chr16_pat	4700000	4800000	
chr16_pat	4800000	4801875	
chr17_pat	0	100000	
chr17_pat	100000	200000	
chr17_pat	200000	300000	0.0063598
chr17_pat	300000	400000	0.0104041
chr17_pat	400000	500000	0.00827338
chr17_pat	500000	600000	0.00758692
chr17_pat	600000	700000	0.011049
chr17_pat	700000	800000	0.00917588
chr17_pat	800000	900000	0.00850587
chr17_pat	900000	1000000	0.0110387
chr17_pat	1000000	1100000	0.00955655
chr17_pat	1100000	1200000	0.00819627
chr17_pat	1200000	1300000	0.0109989
chr17_pat	1300000	1400000	0.0114873
chr17_pat	1400000	1500000	0.00894816
chr17_pat	1500000	1600000	0.00637593
chr17_pat	1600000	1700000	0.00592396
chr17_pat	1700000	1800000	0.00761044
chr17_pat	1800000	1900000	0.00969695
chr17_pat	1900000	2000000	0.00878708
chr17_pat	2000000	2100000	0.00816256
chr17_pat	2100000	2200000	0.00706269
chr17_pat	2200000	2300000	0.009112
chr17_pat	2300000	2400000	0.0128538
chr17_pat	2400000	2500000	0.0120866
chr17_pat	2500000	2600000	0.0116888
chr17_pat	2600000	2700000	0.0115027
chr17_pat	2700000	2800000	0.00995998
chr17_pat	2800000	2900000	0.0080178
chr17_pat	2900000	3000000	0.0106593
chr17_pat	3000000	3100000	0.0112247
chr17_pat	3100000	3200000	0.0105832
chr17_pat	3200000	3300000	0.0103664
chr17_pat	3300000	3400000	0.0106832
chr17_pat	3400000	3500000	0.0102791
chr17_pat	3500000	3600000	0.0103146
chr17_pat	3600000	3700000	0.0109934
chr17_pat	3700000	3800000	0.0103923
chr17_pat	3800000	3900000	0.0118316
chr17_pat	3900000	4000000	0.0129938
chr17_pat	4000000	4100000	0.0110552
chr17_pat	4100000	4200000	0.0115149
chr17_pat	4200000	4300000	0.0106544
chr17_pat	4300000	4400000	0.00964395
chr17_pat	4400000	4500000	0.0107394
chr17_pat	4500000	4600000	0.0109844
chr17_pat	4600000	4700000	0.0110373
chr17_pat	4700000	4800000	0.0111404
chr17_pat	4800000	4900000	0.0107588
chr17_pat	4900000	5000000	0.0113954
chr17_pat	5000000	5100000	0.0108347
chr17_pat	5100000	5200000	0.00663531
chr17_pat	5200000	5300000	0.0098919
chr17_pat	5300000	5400000	0.0111215
chr17_pat	5400000	5500000	0.00746829
chr17_pat	5500000	5600000	0.00795428
chr17_pat	5600000	5700000	0.00663292
chr17_pat	5700000	5800000	0.00785727
chr17_pat	5800000	5900000	0.00550183
chr17_pat	5900000	6000000	0.00592288
chr17_pat	6000000	6100000	0.00594175
chr17_pat	6100000	6200000	0.00667266
chr17_pat	6200000	6300000	0.0106446
chr17_pat	6300000	6400000	0.0065194
chr17_pat	6400000	6500000	0.00863531
chr17_pat	6500000	6600000	0.00830439
chr17_pat	6600000	6700000	0.00846321
chr17_pat	6700000	6800000	0.0069453
chr17_pat	6800000	6900000	0.00868054
chr17_pat	6900000	7000000	0.0056598
chr17_pat	7000000	7100000	0.00840535
chr17_pat	7100000	7200000	0.00903761
chr17_pat	7200000	7300000	0.0101421
chr17_pat	7300000	7400000	0.00898677
chr17_pat	7400000	7500000	0.00731093
chr17_pat	7500000	7600000	0.00617258
chr17_pat	7600000	7700000	0.00671294
chr17_pat	7700000	7800000	0.00790773
chr17_pat	7800000	7900000	0.0119499
chr17_pat	7900000	8000000	0.0116588
chr17_pat	8000000	8100000	0.00682401
chr17_pat	8100000	8200000	0.00951859
chr17_pat	8200000	8300000	0.00930032
chr17_pat	8300000	8400000	0.0112994
chr17_pat	8400000	8500000	0.0117615
chr17_pat	8500000	8600000	0.0118403
chr17_pat	8600000	8700000	0.00836087
chr17_pat	8700000	8800000	0.0114296
chr17_pat	8800000	8900000	0.00552538
chr17_pat	8900000	9000000	0.0100915
chr17_pat	9000000	9100000	0.00877794
chr17_pat	9100000	9200000	0.00836548
chr17_pat	9200000	9300000	0.00996797
chr17_pat	9300000	9400000	0.00763089
chr17_pat	9400000	9500000	0.00782594
chr17_pat	9500000	9600000	0.0100047
chr17_pat	9600000	9700000	0.00992106
chr17_pat	9700000	9800000	0.00824303
chr17_pat	9800000	9900000	0.00580882
chr17_pat	9900000	10000000	0.00688705
chr17_pat	10000000	10100000	0.00792206
chr17_pat	10100000	10200000	0.00772903
chr17_pat	10200000	10300000	0.0104692
chr17_pat	10300000	10400000	0.00719705
chr17_pat	10400000	10500000	0.011544
chr17_pat	10500000	10600000	0.00713698
chr17_pat	10600000	10700000	0.00679804
chr17_pat	10700000	10800000	0.0086313
chr17_pat	10800000	10900000	0.0123953
chr17_pat	10900000	11000000	0.00841826
chr17_pat	11000000	11100000	0.00959087
chr17_pat	11100000	11200000	0.0109011
chr17_pat	11200000	11300000	0.00652603
chr17_pat	11300000	11400000	0.00675103
chr17_pat	11400000	11415815	
chr18_pat	0	100000	
chr18_pat	100000	200000	
chr18_pat	200000	300000	0.0112434
chr18_pat	300000	400000	0.0107347
chr18_pat	400000	500000	0.00953355
chr18_pat	500000	600000	0.0102531
chr18_pat	600000	700000	0.0104122
chr18_pat	700000	800000	0.0110252
chr18_pat	800000	900000	0.0106192
chr18_pat	900000	1000000	0.0106251
chr18_pat	1000000	1100000	0.0107393
chr18_pat	1100000	1200000	0.0108674
chr18_pat	1200000	1300000	0.00944451
chr18_pat	1300000	1400000	0.00751168
chr18_pat	1400000	1500000	0.0117128
chr18_pat	1500000	1600000	0.0069512
chr18_pat	1600000	1700000	0.00968558
chr18_pat	1700000	1800000	0.00755992
chr18_pat	1800000	1900000	0.00886027
chr18_pat	1900000	2000000	0.0112588
chr18_pat	2000000	2100000	0.0119818
chr18_pat	2100000	2200000	0.0108382
chr18_pat	2200000	2300000	0.00753398
chr18_pat	2300000	2400000	0.00621652
chr18_pat	2400000	2500000	0.00598955
chr18_pat	2500000	2600000	0.00645868
chr18_pat	2600000	2700000	0.00841658
chr18_pat	2700000	2800000	0.00743398
chr18_pat	2800000	2900000	0.00682514
chr18_pat	2900000	3000000	0.00783346
chr18_pat	3000000	3100000	0.00876958
chr18_pat	3100000	3200000	0.00872164
chr18_pat	3200000	3300000	0.00932143
chr18_pat	3300000	3400000	0.00971009
chr18_pat	3400000	3500000	0.0102399
chr18_pat	3500000	3600000	0.00626861
chr18_pat	3600000	3700000	0.00640031
chr18_pat	3700000	3800000	0.00588367
chr18_pat	3800000	3900000	0.00600911
chr18_pat	3900000	4000000	0.00598164
chr18_pat	4000000	4100000	0.00561827
chr18_pat	4100000	4200000	0.00695495
chr18_pat	4200000	4300000	0.00492062
chr18_pat	4300000	4400000	0.00728895
chr18_pat	4400000	4500000	0.00963404
chr18_pat	4500000	4600000	0.00910197
chr18_pat	4600000	4700000	0.0107972
chr18_pat	4700000	4800000	0.0113037
chr18_pat	4800000	4900000	0.0145002
chr18_pat	4900000	5000000	0.010295
chr18_pat	5000000	5100000	0.00947742
chr18_pat	5100000	5200000	0.00817097
chr18_pat	5200000	5300000	0.0110598
chr18_pat	5300000	5400000	0.00992187
chr18_pat	5400000	5500000	0.0114765
chr18_pat	5500000	5600000	0.010074
chr18_pat	5600000	5700000	0.0120806
chr18_pat	5700000	5800000	0.0105915
chr18_pat	5800000	5900000	0.00792697
chr18_pat	5900000	6000000	0.00988713
chr18_pat	6000000	6100000	0.0119779
chr18_pat	6100000	6200000	0.0102205
chr18_pat	6200000	6300000	0.00869121
chr18_pat	6300000	6400000	0.0103285
chr18_pat	6400000	6500000	0.0104801
chr18_pat	6500000	6600000	0.0114323
chr18_pat	6600000	6700000	0.0100752
chr18_pat	6700000	6800000	0.00889855
chr18_pat	6800000	6900000	0.00758953
chr18_pat	6900000	7000000	0.00547896
chr18_pat	7000000	7100000	0.00727441
chr18_pat	7100000	7200000	0.00964972
chr18_pat	7200000	7300000	0.0088787
chr18_pat	7300000	7400000	0.00801283
chr18_pat	7400000	7500000	0.0110166
chr18_pat	7500000	7600000	0.00925829
chr18_pat	7600000	7700000	0.00802504
chr18_pat	7700000	7800000	0.00607583
chr18_pat	7800000	7900000	0.0102976
chr18_pat	7900000	8000000	0.00661892
chr18_pat	8000000	8100000	0.00700076
chr18_pat	8100000	8200000	0.00692165
chr18_pat	8200000	8300000	0.00824241
chr18_pat	8300000	8400000	0.00821161
chr18_pat	8400000	8500000	0.0055783
chr18_pat	8500000	8600000	0.00660769
chr18_pat	8600000	8700000	0.00967954
chr18_pat	8700000	8800000	0.00859833
chr18_pat	8800000	8900000	0.00601755
chr18_pat	8900000	9000000	0.00579562
chr18_pat	9000000	9100000	0.0080865
chr18_pat	9100000	9200000	0.0078574
chr18_pat	9200000	9300000	0.0087575
chr18_pat	9300000	9400000	0.00820453
chr18_pat	9400000	9500000	0.0099665
chr18_pat	9500000	9600000	0.00716885
chr18_pat	9600000	9700000	0.00675593
chr18_pat	9700000	9800000	0.00547489
chr18_pat	9800000	9900000	0.00684193
chr18_pat	9900000	10000000	0.00957457
chr18_pat	10000000	10100000	0.0104692
chr18_pat	10100000	10200000	0.010197
chr18_pat	10200000	10300000	0.0104451
chr18_pat	10300000	10400000	0.00949385
chr18_pat	10400000	10500000	0.00866476
chr18_pat	10500000	10600000	0.00980556
chr18_pat	10600000	10700000	0.00998723
chr18_pat	10700000	10800000	0.00930191
chr18_pat	10800000	10900000	0.0079896
chr18_pat	10900000	11000000	0.00714715
chr18_pat	11000000	11100000	0.0102981
chr18_pat	11100000	11200000	0.00983252
chr18_pat	11200000	11267241	
chr19_pat	0	100000	0.0112069
chr19_pat	100000	200000	0.0081871
chr19_pat	200000	300000	0.0106912
chr19_pat	300000	400000	0.00745122
chr19_pat	400000	500000	0.00647065
chr19_pat	500000	600000	0.00658943
chr19_pat	600000	700000	0.00687882
chr19_pat	700000	800000	0.00706305
chr19_pat	800000	900000	0.00747702
chr19_pat	900000	1000000	0.00938713
chr19_pat	1000000	1100000	0.00983494
chr19_pat	1100000	1200000	0.00683949
chr19_pat	1200000	1300000	0.00751607
chr19_pat	1300000	1400000	0.00834679
chr19_pat	1400000	1500000	0.00957627
chr19_pat	1500000	1600000	0.0093673
chr19_pat	1600000	1700000	0.00842355
chr19_pat	1700000	1800000	0.00687542
chr19_pat	1800000	1900000	0.00615801
chr19_pat	1900000	2000000	0.00629129
chr19_pat	2000000	2100000	0.00771631
chr19_pat	2100000	2200000	0.00819642
chr19_pat	2200000	2300000	0.0109808
chr19_pat	2300000	2400000	0.00738489
chr19_pat	2400000	2500000	0.00552836
chr19_pat	2500000	2600000	0.00567379
chr19_pat	2600000	2700000	0.00567316
chr19_pat	2700000	2800000	0.00718272
chr19_pat	2800000	2900000	0.00854633
chr19_pat	2900000	3000000	0.00790879
chr19_pat	3000000	3100000	0.00765144
chr19_pat	3100000	3200000	0.00723519
chr19_pat	3200000	3300000	0.00971143
chr19_pat	3300000	3400000	0.00587207
chr19_pat	3400000	3500000	0.00590676
chr19_pat	3500000	3600000	0.00811807
chr19_pat	3600000	3700000	0.0095061
chr19_pat	3700000	3800000	0.00689476
chr19_pat	3800000	3900000	0.00652204
chr19_pat	3900000	4000000	0.00810226
chr19_pat	4000000	4100000	0.00765946
chr19_pat	4100000	4200000	0.00779566
chr19_pat	4200000	4300000	0.00711915
chr19_pat	4300000	4400000	0.00873158
chr19_pat	4400000	4500000	0.00857151
chr19_pat	4500000	4600000	0.00763869
chr19_pat	4600000	4700000	0.0103925
chr19_pat	4700000	4800000	0.00555068
chr19_pat	4800000	4900000	0.00620706
chr19_pat	4900000	5000000	0.00690879
chr19_pat	5000000	5100000	0.00809379
chr19_pat	5100000	5200000	0.00666921
chr19_pat	5200000	5300000	0.0065175
chr19_pat	5300000	5400000	0.00791272
chr19_pat	5400000	5500000	0.00960072
chr19_pat	5500000	5600000	0.0103151
chr19_pat	5600000	5700000	0.00820332
chr19_pat	5700000	5800000	0.00614008
chr19_pat	5800000	5900000	0.00771076
chr19_pat	5900000	6000000	0.00803137
chr19_pat	6000000	6100000	0.00695089
chr19_pat	6100000	6200000	0.00676945
chr19_pat	6200000	6300000	0.00874452
chr19_pat	6300000	6400000	0.00836872
chr19_pat	6400000	6500000	0.00793112
chr19_pat	6500000	6600000	0.00919803
chr19_pat	6600000	6700000	0.00942385
chr19_pat	6700000	6800000	0.00966297
chr19_pat	6800000	6900000	0.00715095
chr19_pat	6900000	7000000	0.00607235
chr19_pat	7000000	7100000	0.00962944
chr19_pat	7100000	7200000	0.00727517
chr19_pat	7200000	7300000	0.00537451
chr19_pat	7300000	7400000	0.00870362
chr19_pat	7400000	7500000	0.00943857
chr19_pat	7500000	7600000	0.00657164
chr19_pat	7600000	7700000	0.00883812
chr19_pat	7700000	7800000	0.00825544
chr19_pat	7800000	7900000	0.00757199
chr19_pat	7900000	8000000	0.00677477
chr19_pat	8000000	8100000	0.00909652
chr19_pat	8100000	8200000	0.0103093
chr19_pat	8200000	8300000	0.0110833
chr19_pat	8300000	8400000	
chr19_pat	8400000	8500000	0.00999966
chr19_pat	8500000	8600000	0.0103232
chr19_pat	8600000	8700000	0.00995063
chr19_pat	8700000	8800000	0.0114415
chr19_pat	8800000	8900000	0.0114615
chr19_pat	8900000	9000000	0.0117923
chr19_pat	9000000	9100000	0.0111086
chr19_pat	9100000	9200000	0.0110516
chr19_pat	9200000	9300000	0.0109518
chr19_pat	9300000	9400000	0.0112739
chr19_pat	9400000	9500000	0.0109966
chr19_pat	9500000	9600000	0.0108758
chr19_pat	9600000	9700000	0.0110792
chr19_pat	9700000	9800000	0.0109703
chr19_pat	9800000	9900000	0.0117281
chr19_pat	9900000	10000000	0.0122337
chr19_pat	10000000	10100000	0.0105639
chr19_pat	10100000	10200000	0.0115113
chr19_pat	10200000	10300000	0.0101886
chr19_pat	10300000	10400000	0.00750871
chr19_pat	10400000	10500000	0.0114947
chr19_pat	10500000	10600000	0.00788526
chr19_pat	10600000	10700000	0.00797678
chr19_pat	10700000	10800000	0.00736702
chr19_pat	10800000	10900000	0.0104457
chr19_pat	10900000	11000000	0.00704797
chr19_pat	11000000	11100000	0.00634279
chr19_pat	11100000	11183127	0.0102527
chr20_pat	0	100000	
chr20_pat	100000	200000	0.0144279
chr20_pat	200000	300000	0.00729865
chr20_pat	300000	400000	0.00569861
chr20_pat	400000	500000	0.00737951
chr20_pat	500000	600000	0.00671218
chr20_pat	600000	700000	0.00616135
chr20_pat	700000	800000	0.00792108
chr20_pat	800000	900000	0.00749585
chr20_pat	900000	1000000	0.00872465
chr20_pat	1000000	1100000	0.007697
chr20_pat	1100000	1200000	0.00983829
chr20_pat	1200000	1300000	0.0110653
chr20_pat	1300000	1400000	0.0128377
chr20_pat	1400000	1500000	0.00921768
chr20_pat	1500000	1600000	
chr20_pat	1600000	1700000	
chr20_pat	1700000	1800000	
chr20_pat	1800000	1900000	
chr20_pat	1900000	2000000	
chr20_pat	2000000	2100000	0.00565995
chr20_pat	2100000	2200000	0.00786619
chr20_pat	2200000	2300000	0.00764291
chr20_pat	2300000	2400000	0.00934117
chr20_pat	2400000	2500000	0.0102243
chr20_pat	2500000	2600000	0.0117316
chr20_pat	2600000	2700000	0.0120642
chr20_pat	2700000	2800000	0.0129387
chr20_pat	2800000	2900000	0.0112566
chr20_pat	2900000	3000000	0.00681891
chr20_pat	3000000	3100000	0.00782757
chr20_pat	3100000	3200000	0.0101999
chr20_pat	3200000	3300000	0.0109817
chr20_pat	3300000	3400000	0.0110516
chr20_pat	3400000	3500000	0.00869496
chr20_pat	3500000	3600000	0.00639337
chr20_pat	3600000	3700000	0.00899356
chr20_pat	3700000	3800000	0.00878332
chr20_pat	3800000	3900000	0.010594
chr20_pat	3900000	4000000	0.0104
chr20_pat	4000000	4100000	0.00965126
chr20_pat	4100000	4200000	0.0112135
chr20_pat	4200000	4300000	0.0109976
chr20_pat	4300000	4400000	0.0115153
chr20_pat	4400000	4500000	0.0106052
chr20_pat	4500000	4600000	0.0102009
chr20_pat	4600000	4700000	0.00764273
chr20_pat	4700000	4800000	0.00949718
chr20_pat	4800000	4900000	0.00937782
chr20_pat	4900000	5000000	0.00800539
chr20_pat	5000000	5100000	0.0101264
chr20_pat	5100000	5200000	0.0100664
chr20_pat	5200000	5300000	0.00987823
chr20_pat	5300000	5400000	0.00950478
chr20_pat	5400000	5500000	0.00978822
chr20_pat	5500000	5600000	0.0103674
chr20_pat	5600000	5700000	0.00995345
chr20_pat	5700000	5800000	0.0112676
chr20_pat	5800000	5900000	0.010339
chr20_pat	5900000	6000000	0.00573305
chr20_pat	6000000	6100000	0.00989697
chr20_pat	6100000	6200000	0.00957348
chr20_pat	6200000	6300000	0.00779264
chr20_pat	6300000	6400000	0.00883362
chr20_pat	6400000	6500000	0.00684631
chr20_pat	6500000	6600000	0.0112844
chr20_pat	6600000	6700000	0.00695508
chr20_pat	6700000	6800000	0.00803934
chr20_pat	6800000	6900000	0.0103609
chr20_pat	6900000	7000000	0.0107339
chr20_pat	7000000	7100000	0.00950235
chr20_pat	7100000	7200000	0.00687962
chr20_pat	7200000	7300000	0.00566647
chr20_pat	7300000	7400000	0.0115586
chr20_pat	7400000	7500000	0.00816831
chr20_pat	7500000	7600000	0.00824304
chr20_pat	7600000	7700000	0.00693828
chr20_pat	7700000	7800000	0.00923002
chr20_pat	7800000	7900000	0.00913378
chr20_pat	7900000	8000000	0.0105612
chr20_pat	8000000	8100000	0.006183
chr20_pat	8100000	8200000	0.0063278
chr20_pat	8200000	8300000	0.00769175
chr20_pat	8300000	8400000	0.00777814
chr20_pat	8400000	8500000	0.00801181
chr20_pat	8500000	8600000	0.0073923
chr20_pat	8600000	8700000	0.00699091
chr20_pat	8700000	8800000	0.00758948
chr20_pat	8800000	8900000	0.00739049
chr20_pat	8900000	9000000	0.00851881
chr20_pat	9000000	9100000	0.0122018
chr20_pat	9100000	9200000	0.0116095
chr20_pat	9200000	9300000	0.00709362
chr20_pat	9300000	9400000	0.0113442
chr20_pat	9400000	9500000	0.0104016
chr20_pat	9500000	9600000	0.00956135
chr20_pat	9600000	9700000	0.00851907
chr20_pat	9700000	9800000	0.0102871
chr20_pat	9800000	9900000	0.0102277
chr20_pat	9900000	10000000	0.00866831
chr20_pat	10000000	10100000	0.00606002
chr20_pat	10100000	10200000	0.0082421
chr20_pat	10200000	10300000	0.0101786
chr20_pat	10300000	10400000	0.0109566
chr20_pat	10400000	10500000	0.0109176
chr20_pat	10500000	10600000	0.00694293
chr20_pat	10600000	10700000	0.0082839
chr20_pat	10700000	10800000	0.00689825
chr20_pat	10800000	10900000	0.00787176
chr20_pat	10900000	11000000	0.0105517
chr20_pat	11000000	11100000	0.0106152
chr20_pat	11100000	11200000	0.0115138
chr20_pat	11200000	11300000	0.0102008
chr20_pat	11300000	11400000	0.0100706
chr20_pat	11400000	11500000	0.00976368
chr20_pat	11500000	11600000	0.00922347
chr20_pat	11600000	11700000	0.00890388
chr20_pat	11700000	11800000	0.00948883
chr20_pat	11800000	11900000	0.00729341
chr20_pat	11900000	12000000	0.00562818
chr20_pat	12000000	12100000	0.00735687
chr20_pat	12100000	12200000	0.00762012
chr20_pat	12200000	12300000	0.00544313
chr20_pat	12300000	12400000	0.00879924
chr20_pat	12400000	12500000	0.00977783
chr20_pat	12500000	12600000	0.00923983
chr20_pat	12600000	12700000	0.00737757
chr20_pat	12700000	12800000	0.00685678
chr20_pat	12800000	12900000	0.0101878
chr20_pat	12900000	13000000	0.00969027
chr20_pat	13000000	13100000	0.00630296
chr20_pat	13100000	13200000	0.00684811
chr20_pat	13200000	13300000	0.00962743
chr20_pat	13300000	13400000	0.0087445
chr20_pat	13400000	13500000	0.00974459
chr20_pat	13500000	13600000	0.00937482
chr20_pat	13600000	13700000	0.0102282
chr20_pat	13700000	13800000	0.0110816
chr20_pat	13800000	13900000	0.0107976
chr20_pat	13900000	14000000	0.0105533
chr20_pat	14000000	14100000	0.0113405
chr20_pat	14100000	14200000	0.011484
chr20_pat	14200000	14300000	0.011244
chr20_pat	14300000	14400000	0.00757219
chr20_pat	14400000	14500000	0.00653951
chr20_pat	14500000	14600000	0.0104953
chr20_pat	14600000	14700000	0.00852757
chr20_pat	14700000	14800000	0.00976767
chr20_pat	14800000	14900000	0.0122742
chr20_pat	14900000	15000000	0.00556102
chr20_pat	15000000	15100000	0.0091796
chr20_pat	15100000	15200000	0.00919457
chr20_pat	15200000	15300000	0.00712341
chr20_pat	15300000	15338504	
chr21_pat	0	100000	
chr21_pat	100000	200000	0.0059487
chr21_pat	200000	300000	0.0117812
chr21_pat	300000	400000	0.0110564
chr21_pat	400000	500000	0.0101097
chr21_pat	500000	600000	0.00927213
chr21_pat	600000	700000	0.00941951
chr21_pat	700000	800000	0.0103423
chr21_pat	800000	900000	0.00775712
chr21_pat	900000	1000000	0.00757599
chr21_pat	1000000	1100000	0.00659658
chr21_pat	1100000	1200000	0.00605465
chr21_pat	1200000	1300000	0.00893756
chr21_pat	1300000	1400000	0.0112642
chr21_pat	1400000	1500000	0.00855662
chr21_pat	1500000	1600000	0.00625571
chr21_pat	1600000	1700000	0.00762872
chr21_pat	1700000	1800000	0.00693577
chr21_pat	1800000	1900000	0.00786436
chr21_pat	1900000	2000000	0.00590545
chr21_pat	2000000	2100000	0.00689901
chr21_pat	2100000	2200000	0.00641556
chr21_pat	2200000	2300000	0.00815139
chr21_pat	2300000	2400000	0.00695634
chr21_pat	2400000	2500000	0.00734829
chr21_pat	2500000	2600000	0.00795961
chr21_pat	2600000	2700000	0.00929663
chr21_pat	2700000	2800000	0.00930967
chr21_pat	2800000	2900000	0.0101886
chr21_pat	2900000	3000000	0.00964582
chr21_pat	3000000	3100000	0.0108357
chr21_pat	3100000	3200000	0.00770756
chr21_pat	3200000	3300000	0.00774779
chr21_pat	3300000	3400000	0.0116195
chr21_pat	3400000	3500000	0.0103673
chr21_pat	3500000	3600000	0.00797015
chr21_pat	3600000	3700000	0.00754751
chr21_pat	3700000	3800000	0.00995933
chr21_pat	3800000	3900000	0.00700787
chr21_pat	3900000	4000000	0.00773926
chr21_pat	4000000	4100000	0.00927351
chr21_pat	4100000	4200000	0.00964078
chr21_pat	4200000	4300000	0.00723154
chr21_pat	4300000	4400000	0.00904783
chr21_pat	4400000	4500000	0.00743135
chr21_pat	4500000	4600000	0.00566992
chr21_pat	4600000	4700000	0.00654328
chr21_pat	4700000	4800000	0.00631621
chr21_pat	4800000	4900000	0.00955536
chr21_pat	4900000	5000000	0.00570407
chr21_pat	5000000	5100000	0.00720921
chr21_pat	5100000	5200000	0.00886067
chr21_pat	5200000	5300000	0.00791131
chr21_pat	5300000	5400000	0.00724295
chr21_pat	5400000	5500000	0.00723217
chr21_pat	5500000	5600000	0.00656654
chr21_pat	5600000	5700000	0.0072028
chr21_pat	5700000	5800000	0.00747456
chr21_pat	5800000	5900000	0.0079613
chr21_pat	5900000	6000000	0.00776324
chr21_pat	6000000	6100000	0.00970717
chr21_pat	6100000	6200000	0.010123
chr21_pat	6200000	6300000	
chr21_pat	6300000	6400000	0.0093604
chr21_pat	6400000	6500000	0.00701008
chr21_pat	6500000	6600000	0.00634299
chr21_pat	6600000	6700000	0.00726923
chr21_pat	6700000	6800000	0.00899059
chr21_pat	6800000	6900000	0.00778248
chr21_pat	6900000	7000000	0.00934171
chr21_pat	7000000	7100000	0.0115446
chr21_pat	7100000	7200000	0.0138427
chr21_pat	7200000	7300000	0.0135153
chr21_pat	7300000	7400000	0.0125252
chr21_pat	7400000	7500000	0.0107479
chr21_pat	7500000	7600000	0.00925208
chr21_pat	7600000	7700000	0.00561945
chr21_pat	7700000	7800000	
chr21_pat	7800000	7900000	
chr21_pat	7900000	7956264	
chr22_pat	0	100000	
chr22_pat	100000	200000	
chr22_pat	200000	300000	0.0103457
chr22_pat	300000	400000	0.00566094
chr22_pat	400000	500000	0.00850946
chr22_pat	500000	600000	0.0122578
chr22_pat	600000	700000	0.009094
chr22_pat	700000	800000	0.00809598
chr22_pat	800000	900000	0.00769612
chr22_pat	900000	1000000	0.0109151
chr22_pat	1000000	1100000	0.0126721
chr22_pat	1100000	1200000	0.0126051
chr22_pat	1200000	1300000	0.0130647
chr22_pat	1300000	1400000	0.0122693
chr22_pat	1400000	1500000	0.0110465
chr22_pat	1500000	1600000	0.00794546
chr22_pat	1600000	1700000	0.00947724
chr22_pat	1700000	1800000	0.0071085
chr22_pat	1800000	1900000	0.008153
chr22_pat	1900000	2000000	0.0137511
chr22_pat	2000000	2100000	0.00949322
chr22_pat	2100000	2200000	0.00925811
chr22_pat	2200000	2300000	0.00970354
chr22_pat	2300000	2400000	0.0067879
chr22_pat	2400000	2500000	0.0058336
chr22_pat	2500000	2600000	0.009497
chr22_pat	2600000	2700000	0.0083429
chr22_pat	2700000	2800000	0.00774925
chr22_pat	2800000	2900000	0.00832079
chr22_pat	2900000	3000000	0.00838806
chr22_pat	3000000	3100000	0.00561877
chr22_pat	3100000	3200000	0.00870267
chr22_pat	3200000	3300000	0.00895614
chr22_pat	3300000	3400000	0.00905792
chr22_pat	3400000	3500000	0.00901714
chr22_pat	3500000	3600000	0.00883357
chr22_pat	3600000	3700000	0.00822281
chr22_pat	3700000	3800000	0.00921956
chr22_pat	3800000	3900000	0.00521981
chr22_pat	3900000	4000000	0.00699042
chr22_pat	4000000	4100000	0.00793928
chr22_pat	4100000	4200000	0.00673572
chr22_pat	4200000	4300000	0.0108454
chr22_pat	4300000	4400000	0.00747661
chr22_pat	4400000	4500000	0.00739463
chr22_pat	4500000	4600000	0.0082759
chr22_pat	4600000	4700000	0.00803267
chr22_pat	4700000	4800000	0.00636591
chr22_pat	4800000	4900000	0.0222809
chr22_pat	4900000	5000000	
chr22_pat	5000000	5100000	
chr22_pat	5100000	5200000	
chr22_pat	5200000	5300000	
chr22_pat	5300000	5320397	
chr23_pat	0	100000	
chr23_pat	100000	200000	0.0156849
chr23_pat	200000	300000	0.00552227
chr23_pat	300000	400000	0.00634966
chr23_pat	400000	500000	0.00866892
chr23_pat	500000	600000	0.00630251
chr23_pat	600000	700000	0.00902054
chr23_pat	700000	800000	0.00725871
chr23_pat	800000	900000	0.0101117
chr23_pat	900000	1000000	0.0103463
chr23_pat	1000000	1100000	0.0101025
chr23_pat	1100000	1200000	0.00728888
chr23_pat	1200000	1300000	0.00910147
chr23_pat	1300000	1400000	0.00695245
chr23_pat	1400000	1500000	0.00753777
chr23_pat	1500000	1600000	0.00628578
chr23_pat	1600000	1700000	0.0110514
chr23_pat	1700000	1800000	0.00821141
chr23_pat	1800000	1900000	0.011922
chr23_pat	1900000	2000000	0.0101185
chr23_pat	2000000	2100000	0.00774471
chr23_pat	2100000	2200000	0.00776965
chr23_pat	2200000	2300000	0.0128975
chr23_pat	2300000	2400000	0.00689951
chr23_pat	2400000	2500000	0.00640641
chr23_pat	2500000	2600000	0.0089784
chr23_pat	2600000	2700000	0.00643028
chr23_pat	2700000	2800000	0.00727086
chr23_pat	2800000	2900000	0.0084578
chr23_pat	2900000	3000000	0.00538933
chr23_pat	3000000	3100000	0.00794996
chr23_pat	3100000	3200000	0.00675843
chr23_pat	3200000	3300000	0.00934707
chr23_pat	3300000	3400000	0.00728599
chr23_pat	3400000	3500000	0.00798218
chr23_pat	3500000	3600000	0.00919938
chr23_pat	3600000	3700000	0.00801303
chr23_pat	3700000	3800000	0.00659715
chr23_pat	3800000	3900000	0.00815838
chr23_pat	3900000	4000000	0.00937113
chr23_pat	4000000	4100000	0.00965921
chr23_pat	4100000	4200000	0.00677438
chr23_pat	4200000	4300000	0.00786573
chr23_pat	4300000	4400000	0.00596968
chr23_pat	4400000	4500000	0.00657812
chr23_pat	4500000	4600000	0.0101239
chr23_pat	4600000	4700000	0.00754923
chr23_pat	4700000	4800000	0.00981113
chr23_pat	4800000	4900000	0.0145646
chr23_pat	4900000	5000000	0.0120085
chr23_pat	5000000	5100000	0.010486
chr23_pat	5100000	5200000	0.0119996
chr23_pat	5200000	5300000	0.0113358
chr23_pat	5300000	5400000	0.0112693
chr23_pat	5400000	5500000	0.0105428
chr23_pat	5500000	5600000	0.0106304
chr23_pat	5600000	5700000	0.00977357
chr23_pat	5700000	5800000	0.00758565
chr23_pat	5800000	5900000	0.00805987
chr23_pat	5900000	6000000	0.00894852
chr23_pat	6000000	6100000	0.0107303
chr23_pat	6100000	6200000	0.0113373
chr23_pat	6200000	6300000	0.0105571
chr23_pat	6300000	6400000	0.00989321
chr23_pat	6400000	6500000	0.0110877
chr23_pat	6500000	6600000	0.00880741
chr23_pat	6600000	6700000	0.00670626
chr23_pat	6700000	6800000	0.00585487
chr23_pat	6800000	6900000	0.00567772
chr23_pat	6900000	6983608	
chr24_pat	0	100000	0.0188548
chr24_pat	100000	200000	0.0129726
chr24_pat	200000	300000	0.0144886
chr24_pat	300000	400000	0.0110185
chr24_pat	400000	500000	0.00531075
chr24_pat	500000	600000	0.00829771
chr24_pat	600000	700000	0.00877871
chr24_pat	700000	800000	0.0107934
chr24_pat	800000	900000	0.00920482
chr24_pat	900000	1000000	0.0107902
chr24_pat	1000000	1100000	0.00888181
chr24_pat	1100000	1200000	0.0106104
chr24_pat	1200000	1300000	0.0105918
chr24_pat	1300000	1400000	0.0107084
chr24_pat	1400000	1500000	0.00990284
chr24_pat	1500000	1600000	0.0118983
chr24_pat	1600000	1700000	0.011306
chr24_pat	1700000	1800000	0.0111638
chr24_pat	1800000	1900000	0.0102935
chr24_pat	1900000	2000000	0.00717981
chr24_pat	2000000	2100000	0.00769591
chr24_pat	2100000	2200000	0.00713526
chr24_pat	2200000	2300000	0.0098331
chr24_pat	2300000	2400000	0.0122071
chr24_pat	2400000	2500000	0.00714918
chr24_pat	2500000	2600000	0.0111778
chr24_pat	2600000	2700000	0.00799748
chr24_pat	2700000	2800000	0.0113538
chr24_pat	2800000	2900000	0.0107909
chr24_pat	2900000	3000000	0.0121055
chr24_pat	3000000	3100000	0.011789
chr24_pat	3100000	3200000	0.0130719
chr24_pat	3200000	3300000	0.0123226
chr24_pat	3300000	3400000	0.0122073
chr24_pat	3400000	3500000	0.0124452
chr24_pat	3500000	3600000	0.0130638
chr24_pat	3600000	3700000	0.00815639
chr24_pat	3700000	3800000	0.00967506
chr24_pat	3800000	3900000	0.0112063
chr24_pat	3900000	4000000	0.0112785
chr24_pat	4000000	4100000	0.0109204
chr24_pat	4100000	4200000	0.0108242
chr24_pat	4200000	4300000	0.00999747
chr24_pat	4300000	4400000	0.00857947
chr24_pat	4400000	4500000	0.00993732
chr24_pat	4500000	4600000	0.0105675
chr24_pat	4600000	4700000	0.0108622
chr24_pat	4700000	4800000	0.00995788
chr24_pat	4800000	4900000	0.00977343
chr24_pat	4900000	5000000	0.00791159
chr24_pat	5000000	5100000	0.00970968
chr24_pat	5100000	5200000	0.0101099
chr24_pat	5200000	5300000	0.00646874
chr24_pat	5300000	5400000	0.00920555
chr24_pat	5400000	5500000	0.00985235
chr24_pat	5500000	5600000	0.0108127
chr24_pat	5600000	5700000	0.00947381
chr24_pat	5700000	5800000	0.0107553
chr24_pat	5800000	5900000	0.00854346
chr24_pat	5900000	6000000	0.0108725
chr24_pat	6000000	6100000	0.00929341
chr24_pat	6100000	6200000	0.00779079
chr24_pat	6200000	6300000	0.00971192
chr24_pat	6300000	6400000	0.0119239
chr24_pat	6400000	6500000	0.0126938
chr24_pat	6500000	6600000	0.0133627
chr24_pat	6600000	6700000	0.0146806
chr24_pat	6700000	6800000	0.00949235
chr24_pat	6800000	6900000	0.00687776
chr24_pat	6900000	7000000	0.0120253
chr24_pat	7000000	7100000	0.0139529
chr24_pat	7100000	7200000	0.0125349
chr24_pat	7200000	7300000	0.00951656
chr24_pat	7300000	7400000	0.0112377
chr24_pat	7400000	7500000	0.00649047
chr24_pat	7500000	7600000	0.00720244
chr24_pat	7600000	7700000	0.00663584
chr24_pat	7700000	7800000	
chr24_pat	7800000	7804404	
chr25_pat	0	100000	
chr25_pat	100000	200000	
chr25_pat	200000	300000	
chr25_pat	300000	400000	
chr25_pat	400000	500000	
chr25_pat	500000	600000	
chr25_pat	600000	700000	0.0484367
chr25_pat	700000	800000	0.0391088
chr25_pat	800000	900000	0.0303484
chr25_pat	900000	1000000	0.0652719
chr25_pat	1000000	1100000	0.0685943
chr25_pat	1100000	1200000	0.0571244
chr25_pat	1200000	1300000	0.0326277
chr25_pat	1300000	1400000	
chr25_pat	1400000	1500000	0.059325
chr25_pat	1500000	1600000	0.0582914
chr25_pat	1600000	1700000	0.0485289
chr25_pat	1700000	1800000	0.0230424
chr25_pat	1800000	1900000	0.0535735
chr25_pat	1900000	2000000	0.0555348
chr25_pat	2000000	2100000	0.0330857
chr25_pat	2100000	2200000	
chr25_pat	2200000	2300000	0.0520154
chr25_pat	2300000	2400000	
chr25_pat	2400000	2500000	0.0442649
chr25_pat	2500000	2600000	0.044122
chr25_pat	2600000	2700000	0.0356274
chr25_pat	2700000	2800000	0.045863
chr25_pat	2800000	2900000	
chr25_pat	2900000	3000000	0.0628423
chr25_pat	3000000	3100000	0.0196059
chr25_pat	3100000	3200000	0.0582312
chr25_pat	3200000	3300000	0.073197
chr25_pat	3300000	3400000	0.0715517
chr25_pat	3400000	3500000	0.0687912
chr25_pat	3500000	3600000	0.0595109
chr25_pat	3600000	3700000	0.023233
chr25_pat	3700000	3800000	0.00924546
chr25_pat	3800000	3900000	0.00739512
chr25_pat	3900000	4000000	0.00672182
chr25_pat	4000000	4100000	0.0073985
chr25_pat	4100000	4200000	0.00939719
chr25_pat	4200000	4300000	0.0129166
chr25_pat	4300000	4400000	0.0158006
chr25_pat	4400000	4500000	0.00877649
chr25_pat	4500000	4600000	0.0157629
chr25_pat	4600000	4700000	0.00912811
chr25_pat	4700000	4800000	0.00654382
chr25_pat	4800000	4900000	0.00791814
chr25_pat	4900000	5000000	0.00814232
chr25_pat	5000000	5100000	0.0120562
chr25_pat	5100000	5200000	0.0127724
chr25_pat	5200000	5300000	0.00891662
chr25_pat	5300000	5400000	0.0130198
chr25_pat	5400000	5500000	0.00731935
chr25_pat	5500000	5600000	0.0074232
chr25_pat	5600000	5700000	0.0067424
chr25_pat	5700000	5800000	0.00802247
chr25_pat	5800000	5900000	0.00730723
chr25_pat	5900000	6000000	0.00954095
chr25_pat	6000000	6100000	0.01316
chr25_pat	6100000	6200000	0.0155594
chr25_pat	6200000	6300000	0.00779332
chr25_pat	6300000	6400000	0.00771771
chr25_pat	6400000	6500000	0.00603247
chr25_pat	6500000	6600000	0.0104674
chr25_pat	6600000	6700000	
chr25_pat	6700000	6800000	
chr25_pat	6800000	6891618	
chr26_pat	0	100000	
chr26_pat	100000	200000	
chr26_pat	200000	300000	
chr26_pat	300000	400000	0.0101343
chr26_pat	400000	500000	0.00914693
chr26_pat	500000	600000	0.00944974
chr26_pat	600000	700000	0.0079716
chr26_pat	700000	800000	0.0101393
chr26_pat	800000	900000	0.00841709
chr26_pat	900000	1000000	0.00601679
chr26_pat	1000000	1100000	0.00647006
chr26_pat	1100000	1200000	0.00917296
chr26_pat	1200000	1300000	0.00597094
chr26_pat	1300000	1400000	0.00615114
chr26_pat	1400000	1500000	0.00811714
chr26_pat	1500000	1600000	0.0101036
chr26_pat	1600000	1700000	0.00722411
chr26_pat	1700000	1800000	0.010645
chr26_pat	1800000	1900000	0.00777448
chr26_pat	1900000	2000000	0.00693234
chr26_pat	2000000	2100000	0.0111709
chr26_pat	2100000	2200000	0.0112855
chr26_pat	2200000	2300000	0.0108463
chr26_pat	2300000	2400000	0.0120628
chr26_pat	2400000	2500000	0.00921857
chr26_pat	2500000	2600000	0.00606096
chr26_pat	2600000	2700000	0.00601527
chr26_pat	2700000	2800000	0.0102223
chr26_pat	2800000	2900000	0.00714947
chr26_pat	2900000	3000000	0.00783807
chr26_pat	3000000	3100000	0.0100243
chr26_pat	3100000	3200000	0.00773843
chr26_pat	3200000	3300000	0.00777963
chr26_pat	3300000	3400000	0.00671489
chr26_pat	3400000	3500000	0.00591155
chr26_pat	3500000	3600000	0.00825883
chr26_pat	3600000	3700000	0.00985524
chr26_pat	3700000	3800000	0.0121708
chr26_pat	3800000	3900000	0.0113701
chr26_pat	3900000	4000000	0.00581151
chr26_pat	4000000	4100000	0.0089332
chr26_pat	4100000	4200000	0.00723554
chr26_pat	4200000	4300000	0.00874563
chr26_pat	4300000	4400000	0.00765989
chr26_pat	4400000	4500000	0.00876884
chr26_pat	4500000	4600000	0.00840206
chr26_pat	4600000	4700000	0.00644999
chr26_pat	4700000	4800000	0.0103637
chr26_pat	4800000	4900000	0.0139233
chr26_pat	4900000	5000000	0.00996101
chr26_pat	5000000	5100000	0.00760032
chr26_pat	5100000	5200000	0.00890576
chr26_pat	5200000	5300000	0.0099032
chr26_pat	5300000	5400000	0.00667302
chr26_pat	5400000	5500000	0.0079745
chr26_pat	5500000	5600000	0.00942626
chr26_pat	5600000	5700000	0.00903303
chr26_pat	5700000	5800000	0.00657767
chr26_pat	5800000	5900000	0.00660353
chr26_pat	5900000	6000000	0.0099232
chr26_pat	6000000	6100000	0.0125319
chr26_pat	6100000	6200000	0.0129062
chr26_pat	6200000	6300000	0.0126884
chr26_pat	6300000	6400000	0.0131239
chr26_pat	6400000	6500000	0.00697052
chr26_pat	6500000	6600000	0.0105891
chr26_pat	6600000	6700000	0.0106385
chr26_pat	6700000	6800000	0.0074277
chr26_pat	6800000	6900000	0.00660434
chr26_pat	6900000	7000000	0.00747587
chr26_pat	7000000	7010313	
chr27_pat	0	100000	
chr27_pat	100000	200000	
chr27_pat	200000	300000	
chr27_pat	300000	400000	
chr27_pat	400000	500000	0.00964186
chr27_pat	500000	600000	0.00751544
chr27_pat	600000	700000	0.0116983
chr27_pat	700000	800000	0.0119506
chr27_pat	800000	900000	0.0117468
chr27_pat	900000	1000000	0.0126653
chr27_pat	1000000	1100000	0.0113872
chr27_pat	1100000	1200000	0.00630752
chr27_pat	1200000	1300000	0.0125699
chr27_pat	1300000	1400000	
chr27_pat	1400000	1500000	
chr27_pat	1500000	1600000	0.0123534
chr27_pat	1600000	1700000	0.00794971
chr27_pat	1700000	1800000	0.00942095
chr27_pat	1800000	1900000	0.00808676
chr27_pat	1900000	2000000	0.00719577
chr27_pat	2000000	2100000	0.00752888
chr27_pat	2100000	2200000	0.00746391
chr27_pat	2200000	2300000	0.00656665
chr27_pat	2300000	2400000	0.00742
chr27_pat	2400000	2500000	0.00771245
chr27_pat	2500000	2600000	0.00707396
chr27_pat	2600000	2700000	0.00923942
chr27_pat	2700000	2800000	0.00782264
chr27_pat	2800000	2900000	0.00865785
chr27_pat	2900000	3000000	0.0101615
chr27_pat	3000000	3100000	0.00843227
chr27_pat	3100000	3200000	0.0102246
chr27_pat	3200000	3300000	0.00705283
chr27_pat	3300000	3400000	0.00837126
chr27_pat	3400000	3500000	0.00896375
chr27_pat	3500000	3600000	0.00652332
chr27_pat	3600000	3700000	0.00711512
chr27_pat	3700000	3800000	0.00626348
chr27_pat	3800000	3900000	0.00967207
chr27_pat	3900000	4000000	0.00857857
chr27_pat	4000000	4100000	0.00829291
chr27_pat	4100000	4200000	0.0109008
chr27_pat	4200000	4300000	0.0125835
chr27_pat	4300000	4400000	0.00727723
chr27_pat	4400000	4500000	0.00836304
chr27_pat	4500000	4600000	0.00718543
chr27_pat	4600000	4700000	0.0134252
chr27_pat	4700000	4800000	0.0104809
chr27_pat	4800000	4900000	0.00838744
chr27_pat	4900000	5000000	0.00716955
chr27_pat	5000000	5100000	0.0179107
chr27_pat	5100000	5200000	0.00850303
chr27_pat	5200000	5300000	0.00750378
chr27_pat	5300000	5400000	0.00605702
chr27_pat	5400000	5500000	0.00631872
chr27_pat	5500000	5600000	0.0108542
chr27_pat	5600000	5700000	0.00870459
chr27_pat	5700000	5800000	
chr27_pat	5800000	5900000	
chr27_pat	5900000	5914140	
chr28_pat	0	100000	
chr28_pat	100000	200000	
chr28_pat	200000	300000	0.0100258
chr28_pat	300000	400000	0.00721829
chr28_pat	400000	500000	0.0116304
chr28_pat	500000	600000	0.00636906
chr28_pat	600000	700000	0.00974513
chr28_pat	700000	800000	0.00755106
chr28_pat	800000	900000	0.00920357
chr28_pat	900000	1000000	0.0098212
chr28_pat	1000000	1100000	0.00596827
chr28_pat	1100000	1200000	0.0108186
chr28_pat	1200000	1300000	0.00749397
chr28_pat	1300000	1400000	0.00652245
chr28_pat	1400000	1500000	0.00924395
chr28_pat	1500000	1600000	0.0072539
chr28_pat	1600000	1700000	0.00959282
chr28_pat	1700000	1800000	0.00633809
chr28_pat	1800000	1900000	0.0101753
chr28_pat	1900000	2000000	0.0058992
chr28_pat	2000000	2100000	0.00903726
chr28_pat	2100000	2200000	0.0109139
chr28_pat	2200000	2300000	0.010853
chr28_pat	2300000	2400000	0.0105605
chr28_pat	2400000	2500000	0.00726727
chr28_pat	2500000	2600000	0.00643015
chr28_pat	2600000	2700000	0.00696031
chr28_pat	2700000	2800000	0.00814817
chr28_pat	2800000	2900000	0.0077229
chr28_pat	2900000	3000000	0.00773533
chr28_pat	3000000	3100000	0.00584296
chr28_pat	3100000	3200000	0.00724947
chr28_pat	3200000	3300000	0.00650297
chr28_pat	3300000	3400000	0.00745586
chr28_pat	3400000	3500000	0.00786757
chr28_pat	3500000	3600000	0.00753858
chr28_pat	3600000	3700000	0.00810382
chr28_pat	3700000	3800000	0.0111107
chr28_pat	3800000	3900000	
chr28_pat	3900000	4000000	0.00888103
chr28_pat	4000000	4100000	0.00697145
chr28_pat	4100000	4200000	0.0063613
chr28_pat	4200000	4300000	0.00715791
chr28_pat	4300000	4400000	0.00758444
chr28_pat	4400000	4500000	0.00963859
chr28_pat	4500000	4600000	0.0123143
chr28_pat	4600000	4700000	0.00717095
chr28_pat	4700000	4800000	0.0105342
chr28_pat	4800000	4900000	0.00828329
chr28_pat	4900000	5000000	0.00827705
chr28_pat	5000000	5100000	0.00822601
chr28_pat	5100000	5200000	0.0102047
chr28_pat	5200000	5300000	0.00638777
chr28_pat	5300000	5400000	0.00755288
chr28_pat	5400000	5500000	0.00652456
chr28_pat	5500000	5600000	0.00697904
chr28_pat	5600000	5700000	0.00624371
chr28_pat	5700000	5800000	0.0136408
chr28_pat	5800000	5900000	0.0113197
chr28_pat	5900000	6000000	
chr28_pat	6000000	6100000	
chr28_pat	6100000	6200000	0.0135894
chr28_pat	6200000	6300000	
chr28_pat	6300000	6369381	
chr29_pat	0	100000	
chr29_pat	100000	200000	
chr29_pat	200000	300000	
chr29_pat	300000	400000	
chr29_pat	400000	500000	0.0374374
chr29_pat	500000	600000	0.0422394
chr29_pat	600000	700000	0.0475699
chr29_pat	700000	800000	0.0669158
chr29_pat	800000	900000	0.0330159
chr29_pat	900000	1000000	0.037244
chr29_pat	1000000	1100000	0.0456282
chr29_pat	1100000	1200000	0.0453545
chr29_pat	1200000	1300000	0.0356752
chr29_pat	1300000	1400000	0.0616713
chr29_pat	1400000	1500000	0.0612866
chr29_pat	1500000	1600000	0.0535409
chr29_pat	1600000	1700000	0.0587161
chr29_pat	1700000	1800000	0.049691
chr29_pat	1800000	1900000	0.0644942
chr29_pat	1900000	2000000	0.0836359
chr29_pat	2000000	2100000	0.0551634
chr29_pat	2100000	2200000	0.0612248
chr29_pat	2200000	2300000	0.0642865
chr29_pat	2300000	2400000	
chr29_pat	2400000	2500000	0.0491509
chr29_pat	2500000	2600000	0.0347903
chr29_pat	2600000	2700000	0.0594426
chr29_pat	2700000	2800000	0.0345625
chr29_pat	2800000	2900000	0.0566476
chr29_pat	2900000	3000000	0.0630192
chr29_pat	3000000	3100000	0.0170698
chr29_pat	3100000	3200000	0.00779382
chr29_pat	3200000	3300000	0.0119966
chr29_pat	3300000	3400000	0.0102378
chr29_pat	3400000	3500000	0.00957432
chr29_pat	3500000	3600000	0.0106416
chr29_pat	3600000	3700000	0.0169334
chr29_pat	3700000	3800000	0.0184847
chr29_pat	3800000	3900000	0.0134217
chr29_pat	3900000	4000000	0.00920899
chr29_pat	4000000	4100000	0.00879749
chr29_pat	4100000	4200000	0.0106378
chr29_pat	4200000	4300000	0.0104388
chr29_pat	4300000	4400000	0.0117196
chr29_pat	4400000	4500000	0.00772509
chr29_pat	4500000	4600000	0.00997733
chr29_pat	4600000	4700000	0.00948714
chr29_pat	4700000	4800000	0.007519
chr29_pat	4800000	4900000	0.00693744
chr29_pat	4900000	5000000	0.00850734
chr29_pat	5000000	5100000	0.0215791
chr29_pat	5100000	5200000	0.0158291
chr29_pat	5200000	5300000	0.0186501
chr29_pat	5300000	5400000	0.0119198
chr29_pat	5400000	5500000	0.0100215
chr29_pat	5500000	5600000	0.00799058
chr29_pat	5600000	5700000	0.00582383
chr29_pat	5700000	5800000	0.00815282
chr29_pat	5800000	5900000	0.0104272
chr29_pat	5900000	6000000	0.0613086
chr29_pat	6000000	6100000	
chr29_pat	6100000	6145158	
chr30_pat	0	100000	0.0207119
chr30_pat	100000	200000	0.00888402
chr30_pat	200000	300000	0.00913032
chr30_pat	300000	400000	0.00792205
chr30_pat	400000	500000	0.0123789
chr30_pat	500000	600000	0.0105112
chr30_pat	600000	700000	0.0139568
chr30_pat	700000	800000	0.0171221
chr30_pat	800000	900000	0.00835094
chr30_pat	900000	1000000	0.00588858
chr30_pat	1000000	1100000	0.019386
chr30_pat	1100000	1200000	0.0117003
chr30_pat	1200000	1300000	0.0186199
chr30_pat	1300000	1400000	0.0136926
chr30_pat	1400000	1500000	0.010385
chr30_pat	1500000	1600000	0.0200331
chr30_pat	1600000	1700000	0.0197306
chr30_pat	1700000	1800000	0.0161404
chr30_pat	1800000	1900000	0.0118133
chr30_pat	1900000	2000000	0.0144412
chr30_pat	2000000	2100000	0.0122494
chr30_pat	2100000	2200000	0.00688474
chr30_pat	2200000	2300000	0.026134
chr30_pat	2300000	2400000	0.0400048
chr30_pat	2400000	2500000	0.0312085
chr30_pat	2500000	2600000	
chr30_pat	2600000	2700000	0.0253027
chr30_pat	2700000	2800000	0.0272599
chr30_pat	2800000	2900000	0.0233996
chr30_pat	2900000	3000000	0.0412637
chr30_pat	3000000	3100000	0.023934
chr30_pat	3100000	3200000	0.0264998
chr30_pat	3200000	3300000	0.0266863
chr30_pat	3300000	3400000	0.0224601
chr30_pat	3400000	3500000	0.0315971
chr30_pat	3500000	3600000	0.0307824
chr30_pat	3600000	3700000	0.024669
chr30_pat	3700000	3800000	0.0397642
chr30_pat	3800000	3900000	0.0327756
chr30_pat	3900000	4000000	0.0279118
chr30_pat	4000000	4100000	0.0321984
chr30_pat	4100000	4200000	0.0267244
chr30_pat	4200000	4300000	0.0202029
chr30_pat	4300000	4400000	0.028537
chr30_pat	4400000	4500000	0.0314581
chr30_pat	4500000	4600000	0.0226194
chr30_pat	4600000	4700000	0.0214202
chr30_pat	4700000	4800000	0.0235553
chr30_pat	4800000	4900000	0.0370147
chr30_pat	4900000	5000000	0.0216937
chr30_pat	5000000	5100000	0.0244208
chr30_pat	5100000	5200000	0.0565073
chr30_pat	5200000	5300000	0.0253939
chr30_pat	5300000	5400000	0.0223791
chr30_pat	5400000	5500000	0.025432
chr30_pat	5500000	5600000	0.0243508
chr30_pat	5600000	5700000	0.0290743
chr30_pat	5700000	5800000	0.0275763
chr30_pat	5800000	5900000	0.0351749
chr30_pat	5900000	6000000	0.0458646
chr30_pat	6000000	6100000	0.0188172
chr30_pat	6100000	6200000	0.0318921
chr30_pat	6200000	6300000	0.0241388
chr30_pat	6300000	6400000	0.0301416
chr30_pat	6400000	6500000	0.0214474
chr30_pat	6500000	6600000	0.0227002
chr30_pat	6600000	6700000	0.0265385
chr30_pat	6700000	6800000	0.0280302
chr30_pat	6800000	6900000	0.0205982
chr30_pat	6900000	7000000	0.0254293
chr30_pat	7000000	7100000	0.0201593
chr30_pat	7100000	7200000	0.0266064
chr30_pat	7200000	7300000	0.0262046
chr30_pat	7300000	7400000	0.0202654
chr30_pat	7400000	7500000	0.0250681
chr30_pat	7500000	7600000	0.0219944
chr30_pat	7600000	7700000	0.0208323
chr30_pat	7700000	7800000	0.0378395
chr30_pat	7800000	7900000	0.0186337
chr30_pat	7900000	8000000	0.0320687
chr30_pat	8000000	8100000	0.0218446
chr30_pat	8100000	8200000	0.0224172
chr30_pat	8200000	8300000	0.0288039
chr30_pat	8300000	8400000	0.0228519
chr30_pat	8400000	8500000	0.0186952
chr30_pat	8500000	8600000	0.031262
chr30_pat	8600000	8700000	0.0249275
chr30_pat	8700000	8800000	0.022819
chr30_pat	8800000	8900000	0.0229443
chr30_pat	8900000	9000000	0.0280649
chr30_pat	9000000	9100000	0.0440446
chr30_pat	9100000	9200000	
chr30_pat	9200000	9300000	
chr30_pat	9300000	9400000	
chr30_pat	9400000	9417815	
chr31_pat	0	100000	
chr31_pat	100000	200000	0.0120091
chr31_pat	200000	300000	0.00978525
chr31_pat	300000	400000	0.0142859
chr31_pat	400000	500000	0.0145181
chr31_pat	500000	600000	0.0156259
chr31_pat	600000	700000	0.0183637
chr31_pat	700000	800000	0.0153967
chr31_pat	800000	900000	0.014143
chr31_pat	900000	1000000	0.0168377
chr31_pat	1000000	1100000	0.0189133
chr31_pat	1100000	1200000	0.0160665
chr31_pat	1200000	1300000	0.0175072
chr31_pat	1300000	1400000	0.0144828
chr31_pat	1400000	1500000	0.0110808
chr31_pat	1500000	1600000	0.0195452
chr31_pat	1600000	1700000	0.0209824
chr31_pat	1700000	1800000	0.0180911
chr31_pat	1800000	1900000	0.0143628
chr31_pat	1900000	2000000	0.0142757
chr31_pat	2000000	2100000	0.0105039
chr31_pat	2100000	2200000	0.0116797
chr31_pat	2200000	2300000	0.00741016
chr31_pat	2300000	2400000	0.00915479
chr31_pat	2400000	2500000	0.0196681
chr31_pat	2500000	2600000	0.0432686
chr31_pat	2600000	2700000	0.0398743
chr31_pat	2700000	2800000	
chr31_pat	2800000	2900000	
chr31_pat	2900000	3000000	0.0406924
chr31_pat	3000000	3100000	0.0458631
chr31_pat	3100000	3200000	0.0465048
chr31_pat	3200000	3300000	
chr31_pat	3300000	3400000	0.0430544
chr31_pat	3400000	3500000	
chr31_pat	3500000	3600000	0.0246511
chr31_pat	3600000	3700000	0.0209942
chr31_pat	3700000	3800000	0.0313739
chr31_pat	3800000	3900000	0.0252356
chr31_pat	3900000	4000000	0.0251521
chr31_pat	4000000	4100000	0.0387342
chr31_pat	4100000	4200000	0.0439672
chr31_pat	4200000	4300000	0.0467754
chr31_pat	4300000	4400000	
chr31_pat	4400000	4500000	0.0391251
chr31_pat	4500000	4600000	0.0224042
chr31_pat	4600000	4700000	0.021355
chr31_pat	4700000	4800000	0.0404215
chr31_pat	4800000	4900000	
chr31_pat	4900000	5000000	
chr31_pat	5000000	5100000	
chr31_pat	5100000	5200000	
chr31_pat	5200000	5300000	
chr31_pat	5300000	5343098	
chr32_pat	0	100000	
chr32_pat	100000	200000	
chr32_pat	200000	300000	
chr32_pat	300000	400000	0.0224394
chr32_pat	400000	500000	0.0138059
chr32_pat	500000	600000	0.017166
chr32_pat	600000	700000	0.0150025
chr32_pat	700000	800000	0.0167661
chr32_pat	800000	900000	0.013798
chr32_pat	900000	1000000	0.0135991
chr32_pat	1000000	1100000	0.0157388
chr32_pat	1100000	1200000	0.00998474
chr32_pat	1200000	1300000	0.0176879
chr32_pat	1300000	1400000	0.0187995
chr32_pat	1400000	1500000	0.0100352
chr32_pat	1500000	1600000	0.0250839
chr32_pat	1600000	1700000	0.0197718
chr32_pat	1700000	1800000	0.0244523
chr32_pat	1800000	1900000	0.0198524
chr32_pat	1900000	2000000	0.0174581
chr32_pat	2000000	2100000	0.0103077
chr32_pat	2100000	2200000	0.0097058
chr32_pat	2200000	2300000	0.0101094
chr32_pat	2300000	2400000	0.0276228
chr32_pat	2400000	2500000	0.0292215
chr32_pat	2500000	2600000	0.0240239
chr32_pat	2600000	2700000	0.0270651
chr32_pat	2700000	2800000	0.0233463
chr32_pat	2800000	2900000	0.0402721
chr32_pat	2900000	3000000	0.038235
chr32_pat	3000000	3100000	0.0341492
chr32_pat	3100000	3200000	0.0381145
chr32_pat	3200000	3300000	0.0282921
chr32_pat	3300000	3400000	0.034555
chr32_pat	3400000	3500000	0.0465067
chr32_pat	3500000	3600000	0.0570248
chr32_pat	3600000	3700000	
chr32_pat	3700000	3800000	0.0518351
chr32_pat	3800000	3900000	0.0446573
chr32_pat	3900000	4000000	0.0470575
chr32_pat	4000000	4100000	
chr32_pat	4100000	4200000	0.0479791
chr32_pat	4200000	4300000	0.0536864
chr32_pat	4300000	4400000	0.0412868
chr32_pat	4400000	4500000	
chr32_pat	4500000	4600000	0.0520844
chr32_pat	4600000	4700000	
chr32_pat	4700000	4800000	0.0148226
chr32_pat	4800000	4900000	0.0146502
chr32_pat	4900000	5000000	0.0197045
chr32_pat	5000000	5100000	0.0137056
chr32_pat	5100000	5200000	0.0431815
chr32_pat	5200000	5300000	
chr32_pat	5300000	5400000	
chr32_pat	5400000	5500000	
chr32_pat	5500000	5573168	
chr33_pat	0	100000	
chr33_pat	100000	200000	
chr33_pat	200000	300000	
chr33_pat	300000	400000	
chr33_pat	400000	500000	
chr33_pat	500000	600000	
chr33_pat	600000	700000	0.024598
chr33_pat	700000	800000	0.0122501
chr33_pat	800000	900000	0.0152217
chr33_pat	900000	1000000	0.0220386
chr33_pat	1000000	1100000	0.0306198
chr33_pat	1100000	1200000	0.0216471
chr33_pat	1200000	1300000	0.0212164
chr33_pat	1300000	1400000	0.013903
chr33_pat	1400000	1500000	0.021556
chr33_pat	1500000	1600000	0.02479
chr33_pat	1600000	1700000	0.0250251
chr33_pat	1700000	1800000	0.0283099
chr33_pat	1800000	1900000	0.0157416
chr33_pat	1900000	2000000	0.0129321
chr33_pat	2000000	2100000	0.0366556
chr33_pat	2100000	2200000	
chr33_pat	2200000	2300000	
chr33_pat	2300000	2400000	0.0235381
chr33_pat	2400000	2500000	0.042057
chr33_pat	2500000	2600000	0.0383232
chr33_pat	2600000	2700000	0.0463428
chr33_pat	2700000	2800000	0.0647871
chr33_pat	2800000	2900000	0.0456464
chr33_pat	2900000	3000000	0.0574295
chr33_pat	3000000	3100000	0.0356215
chr33_pat	3100000	3200000	0.0312246
chr33_pat	3200000	3300000	0.0459552
chr33_pat	3300000	3400000	0.0204118
chr33_pat	3400000	3500000	0.0202865
chr33_pat	3500000	3600000	0.0270826
chr33_pat	3600000	3700000	0.0485589
chr33_pat	3700000	3800000	0.0513453
chr33_pat	3800000	3900000	0.0708787
chr33_pat	3900000	4000000	
chr33_pat	4000000	4100000	0.0492876
chr33_pat	4100000	4200000	
chr33_pat	4200000	4300000	
chr33_pat	4300000	4400000	
chr33_pat	4400000	4500000	
chr33_pat	4500000	4600000	
chr33_pat	4600000	4700000	
chr33_pat	4700000	4788276	
chr34_pat	0	100000	
chr34_pat	100000	200000	
chr34_pat	200000	300000	0.073849
chr34_pat	300000	400000	
chr34_pat	400000	500000	0.0433307
chr34_pat	500000	600000	0.0468062
chr34_pat	600000	700000	0.0401317
chr34_pat	700000	800000	0.0697389
chr34_pat	800000	900000	0.0463609
chr34_pat	900000	1000000	0.0458212
chr34_pat	1000000	1100000	0.0323722
chr34_pat	1100000	1200000	0.0503945
chr34_pat	1200000	1300000	0.0433566
chr34_pat	1300000	1400000	0.0323685
chr34_pat	1400000	1500000	
chr34_pat	1500000	1600000	0.0437018
chr34_pat	1600000	1700000	0.0324934
chr34_pat	1700000	1800000	0.0199038
chr34_pat	1800000	1900000	0.0426239
chr34_pat	1900000	2000000	0.0281217
chr34_pat	2000000	2100000	0.0493693
chr34_pat	2100000	2200000	0.0391555
chr34_pat	2200000	2300000	0.0272489
chr34_pat	2300000	2400000	0.0577483
chr34_pat	2400000	2500000	0.0548921
chr34_pat	2500000	2600000	0.0729263
chr34_pat	2600000	2700000	0.0542292
chr34_pat	2700000	2800000	0.0241868
chr34_pat	2800000	2900000	0.0389068
chr34_pat	2900000	3000000	0.0284835
chr34_pat	3000000	3100000	0.0771023
chr34_pat	3100000	3200000	0.0518222
chr34_pat	3200000	3300000	0.0302939
chr34_pat	3300000	3400000	0.0388568
chr34_pat	3400000	3500000	0.0162969
chr34_pat	3500000	3600000	0.00958492
chr34_pat	3600000	3700000	0.0119296
chr34_pat	3700000	3800000	0.01175
chr34_pat	3800000	3900000	0.0194878
chr34_pat	3900000	4000000	0.0127246
chr34_pat	4000000	4100000	0.014005
chr34_pat	4100000	4200000	0.012662
chr34_pat	4200000	4300000	0.0156014
chr34_pat	4300000	4400000	0.01536
chr34_pat	4400000	4500000	0.0102486
chr34_pat	4500000	4600000	0.0237325
chr34_pat	4600000	4700000	0.00784859
chr34_pat	4700000	4800000	0.0077158
chr34_pat	4800000	4900000	0.0150643
chr34_pat	4900000	5000000	0.0152344
chr34_pat	5000000	5100000	
chr34_pat	5100000	5200000	
chr34_pat	5200000	5300000	
chr34_pat	5300000	5400000	
chr34_pat	5400000	5500000	
chr34_pat	5500000	5600000	
chr34_pat	5600000	5700000	
chr34_pat	5700000	5771162	
chr35_pat	0	100000	
chr35_pat	100000	200000	
chr35_pat	200000	300000	
chr35_pat	300000	400000	
chr35_pat	400000	500000	
chr35_pat	500000	600000	
chr35_pat	600000	700000	
chr35_pat	700000	800000	
chr35_pat	800000	900000	0.0139556
chr35_pat	900000	1000000	0.0174137
chr35_pat	1000000	1100000	0.0106797
chr35_pat	1100000	1200000	0.0166107
chr35_pat	1200000	1300000	0.0131401
chr35_pat	1300000	1400000	0.0184199
chr35_pat	1400000	1500000	0.0284378
chr35_pat	1500000	1600000	0.0118529
chr35_pat	1600000	1700000	0.011917
chr35_pat	1700000	1800000	0.0139569
chr35_pat	1800000	1900000	0.0415613
chr35_pat	1900000	2000000	0.0131657
chr35_pat	2000000	2100000	0.0264212
chr35_pat	2100000	2200000	0.0118825
chr35_pat	2200000	2300000	0.0218322
chr35_pat	2300000	2400000	0.0347819
chr35_pat	2400000	2500000	0.0385336
chr35_pat	2500000	2600000	0.0363687
chr35_pat	2600000	2700000	0.0263072
chr35_pat	2700000	2800000	0.0353701
chr35_pat	2800000	2900000	0.0326566
chr35_pat	2900000	3000000	0.0330949
chr35_pat	3000000	3100000	0.0403377
chr35_pat	3100000	3200000	0.0313277
chr35_pat	3200000	3300000	0.0361089
chr35_pat	3300000	3400000	0.0285515
chr35_pat	3400000	3500000	0.0325189
chr35_pat	3500000	3600000	0.0287465
chr35_pat	3600000	3700000	0.0399065
chr35_pat	3700000	3800000	0.0243554
chr35_pat	3800000	3900000	0.0100328
chr35_pat	3900000	4000000	0.0101894
chr35_pat	4000000	4100000	0.0109423
chr35_pat	4100000	4200000	0.00770808
chr35_pat	4200000	4300000	0.0119779
chr35_pat	4300000	4400000	0.0166309
chr35_pat	4400000	4500000	0.0159983
chr35_pat	4500000	4600000	0.0189759
chr35_pat	4600000	4700000	
chr35_pat	4700000	4800000	
chr35_pat	4800000	4900000	
chr35_pat	4900000	4908640	
chr36_pat	0	100000	0.015447
chr36_pat	100000	200000	0.0164698
chr36_pat	200000	300000	0.0165426
chr36_pat	300000	400000	0.0220528
chr36_pat	400000	500000	0.0209062
chr36_pat	500000	600000	0.0141494
chr36_pat	600000	700000	0.0184995
chr36_pat	700000	800000	0.0192217
chr36_pat	800000	900000	0.0169611
chr36_pat	900000	1000000	0.0129974
chr36_pat	1000000	1100000	0.0162701
chr36_pat	1100000	1200000	0.0262498
chr36_pat	1200000	1300000	0.022386
chr36_pat	1300000	1400000	0.0195962
chr36_pat	1400000	1500000	0.0239652
chr36_pat	1500000	1600000	0.0285029
chr36_pat	1600000	1700000	0.0229957
chr36_pat	1700000	1800000	0.0249924
chr36_pat	1800000	1900000	0.0262111
chr36_pat	1900000	2000000	0.0280583
chr36_pat	2000000	2100000	0.0254308
chr36_pat	2100000	2200000	0.0228747
chr36_pat	2200000	2300000	0.0220615
chr36_pat	2300000	2400000	0.018322
chr36_pat	2400000	2500000	0.0228916
chr36_pat	2500000	2600000	0.029935
chr36_pat	2600000	2700000	0.022705
chr36_pat	2700000	2800000	0.0233382
chr36_pat	2800000	2900000	0.0244564
chr36_pat	2900000	3000000	0.0212557
chr36_pat	3000000	3100000	0.0300388
chr36_pat	3100000	3200000	0.025304
chr36_pat	3200000	3300000	0.0233999
chr36_pat	3300000	3400000	0.0197283
chr36_pat	3400000	3500000	0.025791
chr36_pat	3500000	3600000	0.0224901
chr36_pat	3600000	3700000	0.022266
chr36_pat	3700000	3800000	0.0222267
chr36_pat	3800000	3900000	0.0222149
chr36_pat	3900000	4000000	0.0213884
chr36_pat	4000000	4100000	0.0240924
chr36_pat	4100000	4200000	0.0316302
chr36_pat	4200000	4300000	0.0281612
chr36_pat	4300000	4400000	0.0210267
chr36_pat	4400000	4500000	0.0308938
chr36_pat	4500000	4600000	0.0368744
chr36_pat	4600000	4700000	
chr36_pat	4700000	4800000	
chr36_pat	4800000	4900000	
chr36_pat	4900000	5000000	
chr36_pat	5000000	5017237	
chr37_pat	0	100000	0.0234826
chr37_pat	100000	200000	0.0106863
chr37_pat	200000	300000	0.0166162
chr37_pat	300000	400000	0.0191381
chr37_pat	400000	500000	0.0175151
chr37_pat	500000	600000	0.0176997
chr37_pat	600000	700000	0.02327
chr37_pat	700000	800000	0.014771
chr37_pat	800000	900000	0.0150827
chr37_pat	900000	1000000	0.0208129
chr37_pat	1000000	1100000	0.0200283
chr37_pat	1100000	1200000	0.0152775
chr37_pat	1200000	1300000	0.0207697
chr37_pat	1300000	1400000	0.01904
chr37_pat	1400000	1500000	0.0196541
chr37_pat	1500000	1600000	0.0288639
chr37_pat	1600000	1700000	0.0134647
chr37_pat	1700000	1800000	0.0171488
chr37_pat	1800000	1900000	0.0108088
chr37_pat	1900000	2000000	0.0360726
chr37_pat	2000000	2100000	0.0295851
chr37_pat	2100000	2200000	0.0220652
chr37_pat	2200000	2300000	0.0292517
chr37_pat	2300000	2400000	0.018754
chr37_pat	2400000	2500000	0.0239919
chr37_pat	2500000	2600000	0.0481872
chr37_pat	2600000	2700000	0.0198405
chr37_pat	2700000	2800000	0.024505
chr37_pat	2800000	2900000	0.0235605
chr37_pat	2900000	3000000	0.0314733
chr37_pat	3000000	3100000	0.0244051
chr37_pat	3100000	3200000	0.0312368
chr37_pat	3200000	3300000	0.0278683
chr37_pat	3300000	3400000	0.0254818
chr37_pat	3400000	3500000	0.0238902
chr37_pat	3500000	3600000	0.0279877
chr37_pat	3600000	3700000	0.0254916
chr37_pat	3700000	3800000	0.0447562
chr37_pat	3800000	3900000	0.0317912
chr37_pat	3900000	4000000	
chr37_pat	4000000	4100000	
chr37_pat	4100000	4200000	
chr37_pat	4200000	4300000	
chr37_pat	4300000	4400000	0.0765183
chr37_pat	4400000	4500000	0.0263051
chr37_pat	4500000	4600000	0.0227202
chr37_pat	4600000	4700000	0.0225746
chr37_pat	4700000	4800000	0.0258442
chr37_pat	4800000	4900000	0.0294169
chr37_pat	4900000	5000000	0.0298688
chr37_pat	5000000	5100000	0.0392605
chr37_pat	5100000	5200000	0.0406434
chr37_pat	5200000	5300000	
chr37_pat	5300000	5400000	
chr37_pat	5400000	5500000	
chr37_pat	5500000	5600000	
chr37_pat	5600000	5700000	
chr37_pat	5700000	5800000	
chr37_pat	5800000	5900000	
chr37_pat	5900000	5977964	
chrW_mat	0	100000	
chrW_mat	100000	200000	
chrW_mat	200000	300000	
chrW_mat	300000	400000	
chrW_mat	400000	500000	
chrW_mat	500000	600000	
chrW_mat	600000	700000	
chrW_mat	700000	800000	
chrW_mat	800000	900000	
chrW_mat	900000	1000000	
chrW_mat	1000000	1100000	
chrW_mat	1100000	1200000	
chrW_mat	1200000	1300000	
chrW_mat	1300000	1400000	
chrW_mat	1400000	1500000	
chrW_mat	1500000	1600000	
chrW_mat	1600000	1700000	
chrW_mat	1700000	1800000	0.00780721
chrW_mat	1800000	1900000	
chrW_mat	1900000	2000000	
chrW_mat	2000000	2100000	
chrW_mat	2100000	2200000	
chrW_mat	2200000	2300000	
chrW_mat	2300000	2400000	
chrW_mat	2400000	2500000	
chrW_mat	2500000	2600000	
chrW_mat	2600000	2700000	0.0439006
chrW_mat	2700000	2800000	0.0176497
chrW_mat	2800000	2900000	0.0183025
chrW_mat	2900000	3000000	0.0257388
chrW_mat	3000000	3100000	0.0221618
chrW_mat	3100000	3200000	
chrW_mat	3200000	3300000	0.0286803
chrW_mat	3300000	3400000	
chrW_mat	3400000	3500000	
chrW_mat	3500000	3600000	
chrW_mat	3600000	3700000	
chrW_mat	3700000	3800000	
chrW_mat	3800000	3900000	
chrW_mat	3900000	4000000	
chrW_mat	4000000	4100000	
chrW_mat	4100000	4200000	
chrW_mat	4200000	4300000	
chrW_mat	4300000	4400000	
chrW_mat	4400000	4500000	
chrW_mat	4500000	4600000	
chrW_mat	4600000	4700000	
chrW_mat	4700000	4800000	
chrW_mat	4800000	4900000	
chrW_mat	4900000	5000000	
chrW_mat	5000000	5100000	
chrW_mat	5100000	5200000	
chrW_mat	5200000	5300000	
chrW_mat	5300000	5400000	
chrW_mat	5400000	5500000	
chrW_mat	5500000	5600000	
chrW_mat	5600000	5700000	
chrW_mat	5700000	5800000	
chrW_mat	5800000	5900000	
chrW_mat	5900000	6000000	
chrW_mat	6000000	6100000	
chrW_mat	6100000	6200000	
chrW_mat	6200000	6300000	
chrW_mat	6300000	6400000	
chrW_mat	6400000	6500000	
chrW_mat	6500000	6600000	
chrW_mat	6600000	6700000	
chrW_mat	6700000	6800000	
chrW_mat	6800000	6900000	
chrW_mat	6900000	7000000	
chrW_mat	7000000	7100000	
chrW_mat	7100000	7200000	
chrW_mat	7200000	7300000	
chrW_mat	7300000	7400000	
chrW_mat	7400000	7500000	
chrW_mat	7500000	7600000	
chrW_mat	7600000	7700000	
chrW_mat	7700000	7800000	
chrW_mat	7800000	7900000	
chrW_mat	7900000	8000000	
chrW_mat	8000000	8100000	
chrW_mat	8100000	8200000	
chrW_mat	8200000	8300000	
chrW_mat	8300000	8400000	
chrW_mat	8400000	8500000	
chrW_mat	8500000	8600000	0.03382
chrW_mat	8600000	8700000	0.0215628
chrW_mat	8700000	8800000	0.0141781
chrW_mat	8800000	8900000	0.018815
chrW_mat	8900000	9000000	0.0212293
chrW_mat	9000000	9100000	0.0263118
chrW_mat	9100000	9200000	0.0196635
chrW_mat	9200000	9300000	0.0138675
chrW_mat	9300000	9400000	0.011751
chrW_mat	9400000	9500000	0.00950921
chrW_mat	9500000	9600000	0.010533
chrW_mat	9600000	9700000	0.0213261
chrW_mat	9700000	9800000	0.017912
chrW_mat	9800000	9900000	0.0111352
chrW_mat	9900000	10000000	0.011657
chrW_mat	10000000	10100000	0.010011
chrW_mat	10100000	10200000	0.00872871
chrW_mat	10200000	10300000	0.0138237
chrW_mat	10300000	10400000	0.0137496
chrW_mat	10400000	10500000	0.0127435
chrW_mat	10500000	10600000	0.0126548
chrW_mat	10600000	10700000	0.0134572
chrW_mat	10700000	10800000	0.0175282
chrW_mat	10800000	10900000	0.0227854
chrW_mat	10900000	11000000	0.0204903
chrW_mat	11000000	11100000	0.0122029
chrW_mat	11100000	11200000	0.0129539
chrW_mat	11200000	11300000	0.012546
chrW_mat	11300000	11400000	0.0204627
chrW_mat	11400000	11500000	0.0213021
chrW_mat	11500000	11600000	0.0212768
chrW_mat	11600000	11700000	0.0266275
chrW_mat	11700000	11800000	0.0216065
chrW_mat	11800000	11900000	0.0210012
chrW_mat	11900000	12000000	0.0229181
chrW_mat	12000000	12100000	0.0213797
chrW_mat	12100000	12200000	0.0196386
chrW_mat	12200000	12300000	0.0218795
chrW_mat	12300000	12400000	0.0214954
chrW_mat	12400000	12500000	0.00992749
chrW_mat	12500000	12600000	0.00926889
chrW_mat	12600000	12700000	0.0107584
chrW_mat	12700000	12800000	0.0116994
chrW_mat	12800000	12900000	0.0157842
chrW_mat	12900000	13000000	0.0135349
chrW_mat	13000000	13100000	0.0185434
chrW_mat	13100000	13200000	0.0132343
chrW_mat	13200000	13300000	0.0217667
chrW_mat	13300000	13400000	0.0204767
chrW_mat	13400000	13500000	0.0195994
chrW_mat	13500000	13600000	0.0171015
chrW_mat	13600000	13700000	0.0160849
chrW_mat	13700000	13800000	0.0343355
chrW_mat	13800000	13900000	
chrW_mat	13900000	14000000	0.041296
chrW_mat	14000000	14100000	
chrW_mat	14100000	14200000	0.0428608
chrW_mat	14200000	14300000	0.0292219
chrW_mat	14300000	14400000	0.0168788
chrW_mat	14400000	14500000	0.0130845
chrW_mat	14500000	14600000	0.0284006
chrW_mat	14600000	14700000	0.0144981
chrW_mat	14700000	14800000	0.0103155
chrW_mat	14800000	14900000	0.0136473
chrW_mat	14900000	15000000	0.013331
chrW_mat	15000000	15100000	0.0121666
chrW_mat	15100000	15200000	0.0160706
chrW_mat	15200000	15300000	0.0212789
chrW_mat	15300000	15400000	0.0234368
chrW_mat	15400000	15500000	0.0217633
chrW_mat	15500000	15600000	0.0172878
chrW_mat	15600000	15700000	0.0345922
chrW_mat	15700000	15800000	0.0108329
chrW_mat	15800000	15900000	0.0109363
chrW_mat	15900000	16000000	0.0139196
chrW_mat	16000000	16100000	0.0124123
chrW_mat	16100000	16200000	0.0206413
chrW_mat	16200000	16300000	0.0188245
chrW_mat	16300000	16400000	0.00871389
chrW_mat	16400000	16500000	0.0115901
chrW_mat	16500000	16600000	0.0175536
chrW_mat	16600000	16700000	0.0198501
chrW_mat	16700000	16800000	0.021332
chrW_mat	16800000	16900000	0.0160409
chrW_mat	16900000	17000000	
chrW_mat	17000000	17100000	
chrW_mat	17100000	17200000	0.0154881
chrW_mat	17200000	17300000	0.0157789
chrW_mat	17300000	17400000	0.0185204
chrW_mat	17400000	17500000	0.0243999
chrW_mat	17500000	17600000	0.0129251
chrW_mat	17600000	17700000	0.0158956
chrW_mat	17700000	17800000	0.0102339
chrW_mat	17800000	17900000	0.0110093
chrW_mat	17900000	18000000	
chrW_mat	18000000	18100000	
chrW_mat	18100000	18200000	0.0471639
chrW_mat	18200000	18300000	
chrW_mat	18300000	18400000	
chrW_mat	18400000	18500000	0.0459281
chrW_mat	18500000	18600000	
chrW_mat	18600000	18700000	0.0512997
chrW_mat	18700000	18800000	0.0422353
chrW_mat	18800000	18900000	0.0472991
chrW_mat	18900000	19000000	
chrW_mat	19000000	19100000	
chrW_mat	19100000	19200000	
chrW_mat	19200000	19300000	
chrW_mat	19300000	19400000	
chrW_mat	19400000	19500000	
chrW_mat	19500000	19600000	
chrW_mat	19600000	19700000	
chrW_mat	19700000	19800000	
chrW_mat	19800000	19900000	
chrW_mat	19900000	20000000	
chrW_mat	20000000	20100000	
chrW_mat	20100000	20200000	
chrW_mat	20200000	20300000	
chrW_mat	20300000	20400000	
chrW_mat	20400000	20500000	
chrW_mat	20500000	20600000	
chrW_mat	20600000	20700000	
chrW_mat	20700000	20800000	
chrW_mat	20800000	20900000	
chrW_mat	20900000	21000000	
chrW_mat	21000000	21100000	
chrW_mat	21100000	21200000	
chrW_mat	21200000	21300000	
chrW_mat	21300000	21400000	
chrW_mat	21400000	21500000	
chrW_mat	21500000	21600000	
chrW_mat	21600000	21700000	
chrW_mat	21700000	21800000	
chrW_mat	21800000	21900000	
chrW_mat	21900000	22000000	
chrW_mat	22000000	22100000	0.024246
chrW_mat	22100000	22200000	0.0212094
chrW_mat	22200000	22300000	
chrW_mat	22300000	22400000	
chrW_mat	22400000	22500000	
chrW_mat	22500000	22600000	
chrW_mat	22600000	22700000	0.0260757
chrW_mat	22700000	22800000	0.0155293
chrW_mat	22800000	22900000	0.0193831
chrW_mat	22900000	23000000	0.0211827
chrW_mat	23000000	23100000	0.0223354
chrW_mat	23100000	23200000	0.0228895
chrW_mat	23200000	23300000	0.0231606
chrW_mat	23300000	23400000	0.0156246
chrW_mat	23400000	23500000	0.010896
chrW_mat	23500000	23600000	0.0104646
chrW_mat	23600000	23700000	0.034926
chrW_mat	23700000	23800000	
chrW_mat	23800000	23900000	
chrW_mat	23900000	24000000	
chrW_mat	24000000	24100000	0.0233843
chrW_mat	24100000	24200000	0.0207733
chrW_mat	24200000	24300000	0.010865
chrW_mat	24300000	24400000	0.0150259
chrW_mat	24400000	24500000	0.0191546
chrW_mat	24500000	24600000	0.023415
chrW_mat	24600000	24700000	0.0201437
chrW_mat	24700000	24800000	0.0138024
chrW_mat	24800000	24900000	0.0103266
chrW_mat	24900000	25000000	0.0142903
chrW_mat	25000000	25100000	0.0136737
chrW_mat	25100000	25200000	0.0180207
chrW_mat	25200000	25300000	0.0136987
chrW_mat	25300000	25400000	0.012591
chrW_mat	25400000	25500000	0.0130173
chrW_mat	25500000	25600000	0.0172595
chrW_mat	25600000	25700000	0.011466
chrW_mat	25700000	25800000	0.01376
chrW_mat	25800000	25900000	0.0116417
chrW_mat	25900000	26000000	0.026906
chrW_mat	26000000	26100000	0.0187286
chrW_mat	26100000	26200000	0.0171309
chrW_mat	26200000	26300000	0.0101446
chrW_mat	26300000	26400000	0.0114237
chrW_mat	26400000	26500000	0.0116436
chrW_mat	26500000	26600000	0.0198871
chrW_mat	26600000	26700000	0.0319473
chrW_mat	26700000	26800000	0.0312932
chrW_mat	26800000	26900000	0.0194971
chrW_mat	26900000	27000000	0.0226699
chrW_mat	27000000	27100000	0.0224338
chrW_mat	27100000	27200000	0.0210838
chrW_mat	27200000	27300000	0.0191573
chrW_mat	27300000	27400000	0.0181901
chrW_mat	27400000	27500000	0.0159544
chrW_mat	27500000	27600000	0.0101261
chrW_mat	27600000	27700000	0.0129575
chrW_mat	27700000	27800000	0.022053
chrW_mat	27800000	27900000	0.0202029
chrW_mat	27900000	28000000	0.0117214
chrW_mat	28000000	28100000	0.0186257
chrW_mat	28100000	28200000	0.0186966
chrW_mat	28200000	28300000	0.0155329
chrW_mat	28300000	28400000	0.0142762
chrW_mat	28400000	28500000	0.0294561
chrW_mat	28500000	28600000	0.0124211
chrW_mat	28600000	28700000	0.0198096
chrW_mat	28700000	28800000	0.0225746
chrW_mat	28800000	28900000	0.0208324
chrW_mat	28900000	29000000	0.0165234
chrW_mat	29000000	29100000	0.0147912
chrW_mat	29100000	29200000	0.011105
chrW_mat	29200000	29300000	0.0130504
chrW_mat	29300000	29400000	0.0166869
chrW_mat	29400000	29500000	0.0116854
chrW_mat	29500000	29600000	0.0178875
chrW_mat	29600000	29700000	0.0190249
chrW_mat	29700000	29800000	0.0210206
chrW_mat	29800000	29900000	0.0203177
chrW_mat	29900000	30000000	0.0238822
chrW_mat	30000000	30100000	0.0214086
chrW_mat	30100000	30200000	0.0206129
chrW_mat	30200000	30300000	0.0175365
chrW_mat	30300000	30400000	0.0254519
chrW_mat	30400000	30500000	0.0213568
chrW_mat	30500000	30600000	0.0250274
chrW_mat	30600000	30700000	0.0192286
chrW_mat	30700000	30800000	0.0158968
chrW_mat	30800000	30900000	0.0140869
chrW_mat	30900000	31000000	0.0143434
chrW_mat	31000000	31100000	0.0127172
chrW_mat	31100000	31200000	0.0252687
chrW_mat	31200000	31300000	0.0103184
chrW_mat	31300000	31400000	0.0153825
chrW_mat	31400000	31500000	0.0111256
chrW_mat	31500000	31600000	0.0113934
chrW_mat	31600000	31700000	0.0119457
chrW_mat	31700000	31800000	0.0154545
chrW_mat	31800000	31900000	0.017484
chrW_mat	31900000	32000000	0.0147647
chrW_mat	32000000	32100000	0.0114983
chrW_mat	32100000	32200000	0.0149714
chrW_mat	32200000	32300000	0.0141791
chrW_mat	32300000	32400000	0.0128777
chrW_mat	32400000	32500000	0.00956664
chrW_mat	32500000	32600000	0.0178408
chrW_mat	32600000	32700000	0.0208899
chrW_mat	32700000	32800000	0.020976
chrW_mat	32800000	32900000	0.0190957
chrW_mat	32900000	33000000	0.0151709
chrW_mat	33000000	33100000	0.0105108
chrW_mat	33100000	33200000	0.00871857
chrW_mat	33200000	33300000	0.0116748
chrW_mat	33300000	33400000	0.0180255
chrW_mat	33400000	33500000	0.0181886
chrW_mat	33500000	33600000	0.0211175
chrW_mat	33600000	33700000	0.0197356
chrW_mat	33700000	33777440	0.0394666
chrZ_pat	0	100000	
chrZ_pat	100000	200000	
chrZ_pat	200000	300000	
chrZ_pat	300000	400000	
chrZ_pat	400000	500000	
chrZ_pat	500000	600000	
chrZ_pat	600000	700000	
chrZ_pat	700000	800000	
chrZ_pat	800000	900000	
chrZ_pat	900000	1000000	
chrZ_pat	1000000	1100000	
chrZ_pat	1100000	1200000	
chrZ_pat	1200000	1300000	
chrZ_pat	1300000	1400000	
chrZ_pat	1400000	1500000	
chrZ_pat	1500000	1600000	
chrZ_pat	1600000	1700000	0.00434778
chrZ_pat	1700000	1800000	
chrZ_pat	1800000	1900000	
chrZ_pat	1900000	2000000	
chrZ_pat	2000000	2100000	0.0166363
chrZ_pat	2100000	2200000	
chrZ_pat	2200000	2300000	
chrZ_pat	2300000	2400000	
chrZ_pat	2400000	2500000	
chrZ_pat	2500000	2600000	
chrZ_pat	2600000	2700000	
chrZ_pat	2700000	2800000	0.0362643
chrZ_pat	2800000	2900000	0.0178095
chrZ_pat	2900000	3000000	0.0158786
chrZ_pat	3000000	3100000	0.023205
chrZ_pat	3100000	3200000	0.0224085
chrZ_pat	3200000	3300000	
chrZ_pat	3300000	3400000	0.0150437
chrZ_pat	3400000	3500000	0.0141207
chrZ_pat	3500000	3600000	0.0113775
chrZ_pat	3600000	3700000	0.0146867
chrZ_pat	3700000	3800000	0.016994
chrZ_pat	3800000	3900000	0.016507
chrZ_pat	3900000	4000000	0.00927195
chrZ_pat	4000000	4100000	0.0111498
chrZ_pat	4100000	4200000	0.0135116
chrZ_pat	4200000	4300000	0.0129711
chrZ_pat	4300000	4400000	0.0161366
chrZ_pat	4400000	4500000	0.0183183
chrZ_pat	4500000	4600000	0.0182105
chrZ_pat	4600000	4700000	0.00973028
chrZ_pat	4700000	4800000	0.0176967
chrZ_pat	4800000	4900000	0.0185219
chrZ_pat	4900000	5000000	0.0108361
chrZ_pat	5000000	5100000	0.0191041
chrZ_pat	5100000	5200000	
chrZ_pat	5200000	5300000	
chrZ_pat	5300000	5400000	
chrZ_pat	5400000	5500000	
chrZ_pat	5500000	5600000	
chrZ_pat	5600000	5700000	
chrZ_pat	5700000	5800000	
chrZ_pat	5800000	5900000	0.02638
chrZ_pat	5900000	6000000	0.016073
chrZ_pat	6000000	6100000	0.014948
chrZ_pat	6100000	6200000	0.014776
chrZ_pat	6200000	6300000	0.0145306
chrZ_pat	6300000	6400000	0.0142773
chrZ_pat	6400000	6500000	0.0150072
chrZ_pat	6500000	6600000	0.0139795
chrZ_pat	6600000	6700000	0.0109937
chrZ_pat	6700000	6800000	0.0120837
chrZ_pat	6800000	6900000	0.00940431
chrZ_pat	6900000	7000000	0.015574
chrZ_pat	7000000	7100000	0.0164083
chrZ_pat	7100000	7200000	0.0160116
chrZ_pat	7200000	7300000	0.01628
chrZ_pat	7300000	7400000	0.0188156
chrZ_pat	7400000	7500000	0.0176927
chrZ_pat	7500000	7600000	0.017037
chrZ_pat	7600000	7700000	0.0152148
chrZ_pat	7700000	7800000	0.00978266
chrZ_pat	7800000	7900000	0.00977226
chrZ_pat	7900000	8000000	0.0105245
chrZ_pat	8000000	8100000	0.0118177
chrZ_pat	8100000	8200000	0.0110775
chrZ_pat	8200000	8300000	0.0103309
chrZ_pat	8300000	8400000	0.0134778
chrZ_pat	8400000	8500000	0.0162707
chrZ_pat	8500000	8600000	0.0161036
chrZ_pat	8600000	8700000	0.0137411
chrZ_pat	8700000	8800000	0.0147348
chrZ_pat	8800000	8900000	0.013056
chrZ_pat	8900000	9000000	0.0158112
chrZ_pat	9000000	9100000	0.0170734
chrZ_pat	9100000	9200000	0.0162248
chrZ_pat	9200000	9300000	0.0157794
chrZ_pat	9300000	9400000	0.0149502
chrZ_pat	9400000	9500000	0.010947
chrZ_pat	9500000	9600000	0.0135502
chrZ_pat	9600000	9700000	0.0147325
chrZ_pat	9700000	9800000	0.0139639
chrZ_pat	9800000	9900000	
chrZ_pat	9900000	10000000	
chrZ_pat	10000000	10100000	
chrZ_pat	10100000	10200000	
chrZ_pat	10200000	10300000	
chrZ_pat	10300000	10400000	
chrZ_pat	10400000	10500000	
chrZ_pat	10500000	10600000	
chrZ_pat	10600000	10700000	
chrZ_pat	10700000	10800000	0.0143693
chrZ_pat	10800000	10900000	0.00997844
chrZ_pat	10900000	11000000	0.011586
chrZ_pat	11000000	11100000	0.0148078
chrZ_pat	11100000	11200000	0.0124847
chrZ_pat	11200000	11300000	0.00943159
chrZ_pat	11300000	11400000	0.0111607
chrZ_pat	11400000	11500000	0.0143227
chrZ_pat	11500000	11600000	0.0148042
chrZ_pat	11600000	11700000	0.014529
chrZ_pat	11700000	11800000	0.0142023
chrZ_pat	11800000	11900000	0.0143152
chrZ_pat	11900000	12000000	0.0123491
chrZ_pat	12000000	12100000	0.00888699
chrZ_pat	12100000	12200000	0.0107447
chrZ_pat	12200000	12300000	0.0131429
chrZ_pat	12300000	12400000	0.00916136
chrZ_pat	12400000	12500000	0.0108063
chrZ_pat	12500000	12600000	0.0127015
chrZ_pat	12600000	12700000	0.0143382
chrZ_pat	12700000	12800000	0.0140767
chrZ_pat	12800000	12900000	0.0151166
chrZ_pat	12900000	13000000	0.0137578
chrZ_pat	13000000	13100000	0.0131455
chrZ_pat	13100000	13200000	0.0132238
chrZ_pat	13200000	13300000	0.0129522
chrZ_pat	13300000	13400000	0.0134478
chrZ_pat	13400000	13500000	0.0131046
chrZ_pat	13500000	13600000	0.013265
chrZ_pat	13600000	13700000	0.0147715
chrZ_pat	13700000	13800000	0.0131533
chrZ_pat	13800000	13900000	0.013541
chrZ_pat	13900000	14000000	0.0140888
chrZ_pat	14000000	14100000	0.0142611
chrZ_pat	14100000	14200000	0.0107237
chrZ_pat	14200000	14300000	0.0120447
chrZ_pat	14300000	14400000	0.0108609
chrZ_pat	14400000	14500000	0.0130295
chrZ_pat	14500000	14600000	0.0111475
chrZ_pat	14600000	14700000	0.0118911
chrZ_pat	14700000	14800000	0.013249
chrZ_pat	14800000	14900000	0.0137067
chrZ_pat	14900000	15000000	0.010189
chrZ_pat	15000000	15100000	0.0125809
chrZ_pat	15100000	15200000	0.0139515
chrZ_pat	15200000	15300000	0.0155663
chrZ_pat	15300000	15400000	0.0177655
chrZ_pat	15400000	15500000	0.0135582
chrZ_pat	15500000	15600000	0.0119666
chrZ_pat	15600000	15700000	
chrZ_pat	15700000	15800000	0.0149636
chrZ_pat	15800000	15900000	
chrZ_pat	15900000	16000000	
chrZ_pat	16000000	16100000	0.0109664
chrZ_pat	16100000	16200000	0.0122647
chrZ_pat	16200000	16300000	0.0149702
chrZ_pat	16300000	16400000	0.0150538
chrZ_pat	16400000	16500000	0.0147213
chrZ_pat	16500000	16600000	0.0128433
chrZ_pat	16600000	16700000	0.00976599
chrZ_pat	16700000	16800000	0.0095475
chrZ_pat	16800000	16900000	0.0123664
chrZ_pat	16900000	17000000	0.0141309
chrZ_pat	17000000	17100000	0.0139136
chrZ_pat	17100000	17200000	0.0148103
chrZ_pat	17200000	17300000	0.0141194
chrZ_pat	17300000	17400000	0.0144748
chrZ_pat	17400000	17500000	0.0137713
chrZ_pat	17500000	17600000	0.0124349
chrZ_pat	17600000	17700000	0.0129341
chrZ_pat	17700000	17800000	0.0104855
chrZ_pat	17800000	17900000	0.0111924
chrZ_pat	17900000	18000000	0.0107053
chrZ_pat	18000000	18100000	0.0124089
chrZ_pat	18100000	18200000	0.0106427
chrZ_pat	18200000	18300000	0.0145404
chrZ_pat	18300000	18400000	0.0151232
chrZ_pat	18400000	18500000	0.0116721
chrZ_pat	18500000	18600000	0.0109213
chrZ_pat	18600000	18700000	0.0126949
chrZ_pat	18700000	18800000	0.0109148
chrZ_pat	18800000	18900000	0.0128821
chrZ_pat	18900000	19000000	0.0141982
chrZ_pat	19000000	19100000	0.0162154
chrZ_pat	19100000	19200000	0.0142149
chrZ_pat	19200000	19300000	0.0134837
chrZ_pat	19300000	19400000	0.0135721
chrZ_pat	19400000	19500000	0.0139712
chrZ_pat	19500000	19600000	0.0133536
chrZ_pat	19600000	19700000	0.0137937
chrZ_pat	19700000	19800000	0.0138674
chrZ_pat	19800000	19900000	0.0133081
chrZ_pat	19900000	20000000	0.0113323
chrZ_pat	20000000	20100000	0.0141085
chrZ_pat	20100000	20200000	0.0128521
chrZ_pat	20200000	20300000	0.00916005
chrZ_pat	20300000	20400000	0.0130666
chrZ_pat	20400000	20500000	0.0131918
chrZ_pat	20500000	20600000	0.0131452
chrZ_pat	20600000	20700000	0.0123619
chrZ_pat	20700000	20800000	0.0120256
chrZ_pat	20800000	20900000	0.0117991
chrZ_pat	20900000	21000000	0.0131925
chrZ_pat	21000000	21100000	0.0141864
chrZ_pat	21100000	21200000	0.01078
chrZ_pat	21200000	21300000	0.0190777
chrZ_pat	21300000	21400000	0.0185728
chrZ_pat	21400000	21500000	0.0195303
chrZ_pat	21500000	21600000	0.0170347
chrZ_pat	21600000	21700000	0.0181018
chrZ_pat	21700000	21800000	0.0196391
chrZ_pat	21800000	21900000	0.0171916
chrZ_pat	21900000	22000000	0.0157545
chrZ_pat	22000000	22100000	0.0112033
chrZ_pat	22100000	22200000	0.0129627
chrZ_pat	22200000	22300000	0.0178556
chrZ_pat	22300000	22400000	0.0182572
chrZ_pat	22400000	22500000	0.0185215
chrZ_pat	22500000	22600000	
chrZ_pat	22600000	22700000	0.00427139
chrZ_pat	22700000	22800000	0.00736991
chrZ_pat	22800000	22900000	0.00818661
chrZ_pat	22900000	23000000	
chrZ_pat	23000000	23100000	0.0169195
chrZ_pat	23100000	23200000	0.0115799
chrZ_pat	23200000	23300000	0.0145906
chrZ_pat	23300000	23400000	0.0138988
chrZ_pat	23400000	23500000	0.0118451
chrZ_pat	23500000	23600000	0.0124934
chrZ_pat	23600000	23700000	0.0134942
chrZ_pat	23700000	23800000	0.0141007
chrZ_pat	23800000	23900000	0.0148304
chrZ_pat	23900000	24000000	0.0147512
chrZ_pat	24000000	24100000	0.0151013
chrZ_pat	24100000	24200000	0.0155599
chrZ_pat	24200000	24300000	0.0147505
chrZ_pat	24300000	24400000	0.0130648
chrZ_pat	24400000	24500000	0.0134633
chrZ_pat	24500000	24600000	0.0137285
chrZ_pat	24600000	24700000	0.0142089
chrZ_pat	24700000	24800000	0.014308
chrZ_pat	24800000	24900000	0.0153208
chrZ_pat	24900000	25000000	0.0138954
chrZ_pat	25000000	25100000	0.014284
chrZ_pat	25100000	25200000	0.0141273
chrZ_pat	25200000	25300000	0.0126378
chrZ_pat	25300000	25400000	0.0126103
chrZ_pat	25400000	25500000	0.0105795
chrZ_pat	25500000	25600000	0.010212
chrZ_pat	25600000	25700000	0.0103809
chrZ_pat	25700000	25800000	0.0117912
chrZ_pat	25800000	25900000	0.0125264
chrZ_pat	25900000	26000000	0.00952063
chrZ_pat	26000000	26100000	0.013111
chrZ_pat	26100000	26200000	0.0143124
chrZ_pat	26200000	26300000	0.0112629
chrZ_pat	26300000	26400000	0.0124093
chrZ_pat	26400000	26500000	0.0137249
chrZ_pat	26500000	26600000	0.0126536
chrZ_pat	26600000	26700000	0.01435
chrZ_pat	26700000	26800000	0.012653
chrZ_pat	26800000	26900000	0.0145088
chrZ_pat	26900000	27000000	0.0109891
chrZ_pat	27000000	27100000	0.00965786
chrZ_pat	27100000	27200000	0.013036
chrZ_pat	27200000	27300000	0.0139539
chrZ_pat	27300000	27400000	0.0118279
chrZ_pat	27400000	27500000	0.0104291
chrZ_pat	27500000	27600000	0.0124751
chrZ_pat	27600000	27700000	0.0114524
chrZ_pat	27700000	27800000	0.0138977
chrZ_pat	27800000	27900000	0.0150151
chrZ_pat	27900000	28000000	0.0145939
chrZ_pat	28000000	28100000	0.0145492
chrZ_pat	28100000	28200000	0.0139959
chrZ_pat	28200000	28300000	0.0139445
chrZ_pat	28300000	28400000	0.0139387
chrZ_pat	28400000	28500000	0.0159787
chrZ_pat	28500000	28600000	0.0152248
chrZ_pat	28600000	28700000	0.0145203
chrZ_pat	28700000	28800000	0.0115491
chrZ_pat	28800000	28900000	0.00911186
chrZ_pat	28900000	29000000	0.0131063
chrZ_pat	29000000	29100000	0.0125114
chrZ_pat	29100000	29200000	0.00972343
chrZ_pat	29200000	29300000	0.0129571
chrZ_pat	29300000	29400000	0.0142777
chrZ_pat	29400000	29500000	0.0124284
chrZ_pat	29500000	29600000	0.0107254
chrZ_pat	29600000	29700000	0.0133162
chrZ_pat	29700000	29800000	0.0135963
chrZ_pat	29800000	29900000	0.0140034
chrZ_pat	29900000	30000000	0.0140961
chrZ_pat	30000000	30100000	0.0138104
chrZ_pat	30100000	30200000	0.0143201
chrZ_pat	30200000	30300000	0.0119693
chrZ_pat	30300000	30400000	0.0098062
chrZ_pat	30400000	30500000	0.0087395
chrZ_pat	30500000	30600000	0.0111629
chrZ_pat	30600000	30700000	0.013582
chrZ_pat	30700000	30800000	0.0141802
chrZ_pat	30800000	30900000	0.0142145
chrZ_pat	30900000	31000000	0.0138554
chrZ_pat	31000000	31100000	0.0141836
chrZ_pat	31100000	31200000	0.0146772
chrZ_pat	31200000	31300000	0.0152917
chrZ_pat	31300000	31400000	0.0148902
chrZ_pat	31400000	31500000	0.0140419
chrZ_pat	31500000	31600000	0.0118826
chrZ_pat	31600000	31700000	0.0139237
chrZ_pat	31700000	31800000	0.00959795
chrZ_pat	31800000	31900000	0.0123934
chrZ_pat	31900000	32000000	0.0119134
chrZ_pat	32000000	32100000	0.0119232
chrZ_pat	32100000	32200000	0.00923884
chrZ_pat	32200000	32300000	0.0127681
chrZ_pat	32300000	32400000	0.0204507
chrZ_pat	32400000	32500000	0.0179644
chrZ_pat	32500000	32600000	0.0172693
chrZ_pat	32600000	32700000	0.0161969
chrZ_pat	32700000	32800000	0.0156238
chrZ_pat	32800000	32900000	0.014345
chrZ_pat	32900000	33000000	0.0115936
chrZ_pat	33000000	33100000	0.0134456
chrZ_pat	33100000	33200000	0.0107908
chrZ_pat	33200000	33300000	0.0130749
chrZ_pat	33300000	33400000	0.0112676
chrZ_pat	33400000	33500000	0.0121522
chrZ_pat	33500000	33600000	0.00860267
chrZ_pat	33600000	33700000	0.0120623
chrZ_pat	33700000	33800000	0.0161344
chrZ_pat	33800000	33900000	0.0161199
chrZ_pat	33900000	34000000	0.0158544
chrZ_pat	34000000	34100000	0.0159124
chrZ_pat	34100000	34200000	0.0132788
chrZ_pat	34200000	34300000	0.0106786
chrZ_pat	34300000	34400000	0.0256345
chrZ_pat	34400000	34500000	0.0224873
chrZ_pat	34500000	34600000	0.013627
chrZ_pat	34600000	34700000	0.0118369
chrZ_pat	34700000	34800000	0.0151552
chrZ_pat	34800000	34900000	0.0153185
chrZ_pat	34900000	35000000	0.0149251
chrZ_pat	35000000	35100000	0.0159056
chrZ_pat	35100000	35200000	0.0147622
chrZ_pat	35200000	35300000	0.0176864
chrZ_pat	35300000	35400000	
chrZ_pat	35400000	35500000	
chrZ_pat	35500000	35600000	
chrZ_pat	35600000	35700000	
chrZ_pat	35700000	35800000	
chrZ_pat	35800000	35900000	0.0204852
chrZ_pat	35900000	36000000	0.0162392
chrZ_pat	36000000	36100000	0.0159962
chrZ_pat	36100000	36200000	0.0154314
chrZ_pat	36200000	36300000	0.0152472
chrZ_pat	36300000	36400000	0.0136027
chrZ_pat	36400000	36500000	0.0135809
chrZ_pat	36500000	36600000	0.00960418
chrZ_pat	36600000	36700000	0.0132031
chrZ_pat	36700000	36800000	0.0135501
chrZ_pat	36800000	36900000	0.0176542
chrZ_pat	36900000	37000000	0.0146857
chrZ_pat	37000000	37100000	0.0133859
chrZ_pat	37100000	37200000	0.0106829
chrZ_pat	37200000	37300000	0.0148096
chrZ_pat	37300000	37400000	0.014282
chrZ_pat	37400000	37500000	0.014333
chrZ_pat	37500000	37600000	0.0138611
chrZ_pat	37600000	37700000	0.0141076
chrZ_pat	37700000	37800000	0.0147222
chrZ_pat	37800000	37900000	0.0136368
chrZ_pat	37900000	38000000	0.0146987
chrZ_pat	38000000	38100000	0.0137679
chrZ_pat	38100000	38200000	0.014576
chrZ_pat	38200000	38300000	0.0147218
chrZ_pat	38300000	38400000	0.0145877
chrZ_pat	38400000	38500000	0.0148267
chrZ_pat	38500000	38600000	0.0150462
chrZ_pat	38600000	38700000	0.0151087
chrZ_pat	38700000	38800000	0.0164006
chrZ_pat	38800000	38900000	0.0157221
chrZ_pat	38900000	39000000	0.0145401
chrZ_pat	39000000	39100000	0.0112368
chrZ_pat	39100000	39200000	0.00975945
chrZ_pat	39200000	39300000	0.00988483
chrZ_pat	39300000	39400000	0.0108861
chrZ_pat	39400000	39500000	0.0123864
chrZ_pat	39500000	39600000	0.0110945
chrZ_pat	39600000	39700000	0.0141895
chrZ_pat	39700000	39800000	0.0116436
chrZ_pat	39800000	39900000	0.0139528
chrZ_pat	39900000	40000000	0.00851345
chrZ_pat	40000000	40100000	0.0132927
chrZ_pat	40100000	40200000	0.0148634
chrZ_pat	40200000	40300000	0.0151504
chrZ_pat	40300000	40400000	0.012904
chrZ_pat	40400000	40500000	0.0109834
chrZ_pat	40500000	40600000	0.0090389
chrZ_pat	40600000	40700000	0.0155752
chrZ_pat	40700000	40800000	0.0139669
chrZ_pat	40800000	40900000	0.0144622
chrZ_pat	40900000	41000000	0.0133239
chrZ_pat	41000000	41100000	0.0136384
chrZ_pat	41100000	41200000	0.0137882
chrZ_pat	41200000	41300000	0.0130733
chrZ_pat	41300000	41400000	0.0134461
chrZ_pat	41400000	41500000	0.0141916
chrZ_pat	41500000	41600000	0.0139131
chrZ_pat	41600000	41700000	0.0138486
chrZ_pat	41700000	41800000	0.00864325
chrZ_pat	41800000	41900000	0.013828
chrZ_pat	41900000	42000000	0.0139382
chrZ_pat	42000000	42100000	0.0150792
chrZ_pat	42100000	42200000	0.0147097
chrZ_pat	42200000	42300000	0.0150499
chrZ_pat	42300000	42400000	0.0142214
chrZ_pat	42400000	42500000	0.00943604
chrZ_pat	42500000	42600000	0.0136845
chrZ_pat	42600000	42700000	0.0147964
chrZ_pat	42700000	42800000	0.0138894
chrZ_pat	42800000	42900000	0.0144607
chrZ_pat	42900000	43000000	0.0137453
chrZ_pat	43000000	43100000	0.0136011
chrZ_pat	43100000	43200000	0.0151425
chrZ_pat	43200000	43300000	0.0129802
chrZ_pat	43300000	43400000	0.0141259
chrZ_pat	43400000	43500000	0.0151946
chrZ_pat	43500000	43600000	0.0160994
chrZ_pat	43600000	43700000	0.013427
chrZ_pat	43700000	43800000	0.0139252
chrZ_pat	43800000	43900000	0.0140243
chrZ_pat	43900000	44000000	0.0138772
chrZ_pat	44000000	44100000	0.0137112
chrZ_pat	44100000	44200000	0.0133186
chrZ_pat	44200000	44300000	0.0140982
chrZ_pat	44300000	44400000	0.0135652
chrZ_pat	44400000	44500000	0.0149118
chrZ_pat	44500000	44600000	0.0151226
chrZ_pat	44600000	44700000	0.0168465
chrZ_pat	44700000	44800000	0.0157895
chrZ_pat	44800000	44900000	0.0156949
chrZ_pat	44900000	45000000	0.0171254
chrZ_pat	45000000	45100000	0.0170371
chrZ_pat	45100000	45200000	0.0161721
chrZ_pat	45200000	45300000	0.0142158
chrZ_pat	45300000	45400000	0.0124313
chrZ_pat	45400000	45500000	0.0095804
chrZ_pat	45500000	45600000	0.0106291
chrZ_pat	45600000	45700000	0.0116696
chrZ_pat	45700000	45800000	0.00971188
chrZ_pat	45800000	45900000	0.00886709
chrZ_pat	45900000	46000000	0.0107734
chrZ_pat	46000000	46100000	0.0113697
chrZ_pat	46100000	46200000	0.0128241
chrZ_pat	46200000	46300000	0.0128729
chrZ_pat	46300000	46400000	0.0159284
chrZ_pat	46400000	46500000	0.0185988
chrZ_pat	46500000	46600000	0.0195317
chrZ_pat	46600000	46700000	0.0201608
chrZ_pat	46700000	46800000	0.0157832
chrZ_pat	46800000	46900000	0.00800381
chrZ_pat	46900000	47000000	0.0130552
chrZ_pat	47000000	47100000	0.016376
chrZ_pat	47100000	47200000	0.0155502
chrZ_pat	47200000	47300000	0.017094
chrZ_pat	47300000	47400000	0.0174728
chrZ_pat	47400000	47500000	0.015045
chrZ_pat	47500000	47600000	0.0120442
chrZ_pat	47600000	47700000	0.0117198
chrZ_pat	47700000	47800000	0.0153495
chrZ_pat	47800000	47900000	0.0135924
chrZ_pat	47900000	48000000	0.0157314
chrZ_pat	48000000	48100000	0.0115098
chrZ_pat	48100000	48200000	0.00965084
chrZ_pat	48200000	48300000	0.0106759
chrZ_pat	48300000	48400000	0.0144994
chrZ_pat	48400000	48500000	0.0107503
chrZ_pat	48500000	48600000	0.0141389
chrZ_pat	48600000	48700000	0.015732
chrZ_pat	48700000	48800000	0.0144404
chrZ_pat	48800000	48900000	0.0130547
chrZ_pat	48900000	49000000	0.0103027
chrZ_pat	49000000	49100000	0.0146324
chrZ_pat	49100000	49200000	0.0136317
chrZ_pat	49200000	49300000	0.0114544
chrZ_pat	49300000	49400000	0.0101336
chrZ_pat	49400000	49500000	0.0136789
chrZ_pat	49500000	49600000	0.0121978
chrZ_pat	49600000	49700000	0.00862185
chrZ_pat	49700000	49800000	0.00927995
chrZ_pat	49800000	49900000	0.00869071
chrZ_pat	49900000	50000000	0.0125949
chrZ_pat	50000000	50100000	0.0151124
chrZ_pat	50100000	50200000	0.0148449
chrZ_pat	50200000	50300000	0.0153641
chrZ_pat	50300000	50400000	0.0151225
chrZ_pat	50400000	50500000	0.0109095
chrZ_pat	50500000	50600000	0.00947316
chrZ_pat	50600000	50700000	0.0132554
chrZ_pat	50700000	50800000	0.0144156
chrZ_pat	50800000	50900000	0.0148912
chrZ_pat	50900000	51000000	0.0147182
chrZ_pat	51000000	51100000	0.0140224
chrZ_pat	51100000	51200000	0.0102775
chrZ_pat	51200000	51300000	0.0137635
chrZ_pat	51300000	51400000	0.0164267
chrZ_pat	51400000	51500000	0.0141465
chrZ_pat	51500000	51600000	0.0104925
chrZ_pat	51600000	51700000	0.0147149
chrZ_pat	51700000	51800000	0.0135775
chrZ_pat	51800000	51900000	0.00943381
chrZ_pat	51900000	52000000	0.00996697
chrZ_pat	52000000	52100000	0.01042
chrZ_pat	52100000	52200000	0.0147535
chrZ_pat	52200000	52300000	0.0149892
chrZ_pat	52300000	52400000	0.0128257
chrZ_pat	52400000	52500000	0.0110523
chrZ_pat	52500000	52600000	0.0134168
chrZ_pat	52600000	52700000	0.0147815
chrZ_pat	52700000	52800000	0.0139755
chrZ_pat	52800000	52900000	0.013709
chrZ_pat	52900000	53000000	0.0122877
chrZ_pat	53000000	53100000	0.01036
chrZ_pat	53100000	53200000	0.0144298
chrZ_pat	53200000	53300000	0.0147009
chrZ_pat	53300000	53400000	0.013874
chrZ_pat	53400000	53500000	0.0132795
chrZ_pat	53500000	53600000	0.0146188
chrZ_pat	53600000	53700000	0.0140055
chrZ_pat	53700000	53800000	0.0139924
chrZ_pat	53800000	53900000	0.0134945
chrZ_pat	53900000	54000000	0.0107452
chrZ_pat	54000000	54100000	0.009714
chrZ_pat	54100000	54200000	0.00985823
chrZ_pat	54200000	54300000	0.0108802
chrZ_pat	54300000	54400000	0.0117869
chrZ_pat	54400000	54500000	0.012404
chrZ_pat	54500000	54600000	0.0105387
chrZ_pat	54600000	54700000	0.0134479
chrZ_pat	54700000	54800000	0.0151974
chrZ_pat	54800000	54900000	0.0172066
chrZ_pat	54900000	55000000	0.00936186
chrZ_pat	55000000	55100000	0.0106805
chrZ_pat	55100000	55200000	0.0168469
chrZ_pat	55200000	55300000	0.0141695
chrZ_pat	55300000	55400000	0.0147093
chrZ_pat	55400000	55500000	0.0141802
chrZ_pat	55500000	55600000	0.0122356
chrZ_pat	55600000	55700000	0.0104611
chrZ_pat	55700000	55800000	0.010573
chrZ_pat	55800000	55900000	0.0150555
chrZ_pat	55900000	56000000	0.015013
chrZ_pat	56000000	56100000	0.0153758
chrZ_pat	56100000	56200000	0.0142
chrZ_pat	56200000	56300000	0.0140079
chrZ_pat	56300000	56400000	0.0136417
chrZ_pat	56400000	56500000	0.0139815
chrZ_pat	56500000	56600000	0.0138436
chrZ_pat	56600000	56700000	0.0136443
chrZ_pat	56700000	56800000	0.0137306
chrZ_pat	56800000	56900000	0.0141544
chrZ_pat	56900000	57000000	0.0115712
chrZ_pat	57000000	57100000	0.0104552
chrZ_pat	57100000	57200000	0.0110552
chrZ_pat	57200000	57300000	0.00980844
chrZ_pat	57300000	57400000	0.0121304
chrZ_pat	57400000	57500000	0.0127883
chrZ_pat	57500000	57600000	0.00992151
chrZ_pat	57600000	57700000	0.00932672
chrZ_pat	57700000	57800000	0.0143163
chrZ_pat	57800000	57900000	0.0146344
chrZ_pat	57900000	58000000	0.0145179
chrZ_pat	58000000	58100000	0.0141817
chrZ_pat	58100000	58200000	0.0146936
chrZ_pat	58200000	58300000	0.0132041
chrZ_pat	58300000	58400000	0.0105101
chrZ_pat	58400000	58500000	0.0124876
chrZ_pat	58500000	58600000	0.0129884
chrZ_pat	58600000	58700000	0.0100279
chrZ_pat	58700000	58800000	0.00920257
chrZ_pat	58800000	58900000	0.011131
chrZ_pat	58900000	59000000	0.00942121
chrZ_pat	59000000	59100000	0.0117736
chrZ_pat	59100000	59200000	0.0112968
chrZ_pat	59200000	59300000	0.0132256
chrZ_pat	59300000	59400000	0.0116581
chrZ_pat	59400000	59500000	0.0144842
chrZ_pat	59500000	59600000	0.0138896
chrZ_pat	59600000	59700000	0.0117339
chrZ_pat	59700000	59800000	0.00821205
chrZ_pat	59800000	59900000	0.0103439
chrZ_pat	59900000	60000000	0.0134586
chrZ_pat	60000000	60100000	0.0151995
chrZ_pat	60100000	60200000	0.0156772
chrZ_pat	60200000	60300000	0.0153151
chrZ_pat	60300000	60400000	0.0145442
chrZ_pat	60400000	60500000	0.013296
chrZ_pat	60500000	60600000	0.00832886
chrZ_pat	60600000	60700000	0.0118416
chrZ_pat	60700000	60800000	0.014353
chrZ_pat	60800000	60900000	0.013618
chrZ_pat	60900000	61000000	0.0149313
chrZ_pat	61000000	61100000	0.014487
chrZ_pat	61100000	61200000	0.0135556
chrZ_pat	61200000	61300000	0.0126166
chrZ_pat	61300000	61400000	0.0134633
chrZ_pat	61400000	61500000	0.0148098
chrZ_pat	61500000	61600000	0.0138258
chrZ_pat	61600000	61700000	0.0151215
chrZ_pat	61700000	61800000	0.0134595
chrZ_pat	61800000	61900000	0.01185
chrZ_pat	61900000	62000000	0.0114288
chrZ_pat	62000000	62100000	0.0145799
chrZ_pat	62100000	62200000	0.015548
chrZ_pat	62200000	62300000	0.0169134
chrZ_pat	62300000	62400000	0.0147337
chrZ_pat	62400000	62500000	0.0108513
chrZ_pat	62500000	62600000	0.0111939
chrZ_pat	62600000	62700000	0.0125518
chrZ_pat	62700000	62800000	0.0101469
chrZ_pat	62800000	62900000	0.0152085
chrZ_pat	62900000	63000000	0.0135071
chrZ_pat	63000000	63100000	0.012929
chrZ_pat	63100000	63200000	0.0233709
chrZ_pat	63200000	63300000	
chrZ_pat	63300000	63400000	
chrZ_pat	63400000	63500000	
chrZ_pat	63500000	63600000	
chrZ_pat	63600000	63700000	
chrZ_pat	63700000	63800000	0.0204871
chrZ_pat	63800000	63900000	0.0203523
chrZ_pat	63900000	64000000	0.0246564
chrZ_pat	64000000	64100000	0.0147526
chrZ_pat	64100000	64200000	0.0134612
chrZ_pat	64200000	64300000	0.0130348
chrZ_pat	64300000	64400000	0.00956613
chrZ_pat	64400000	64500000	0.01403
chrZ_pat	64500000	64600000	0.0135638
chrZ_pat	64600000	64700000	0.0133594
chrZ_pat	64700000	64800000	0.0168061
chrZ_pat	64800000	64900000	
chrZ_pat	64900000	65000000	0.0195648
chrZ_pat	65000000	65100000	0.0099433
chrZ_pat	65100000	65200000	0.0129915
chrZ_pat	65200000	65300000	0.0102134
chrZ_pat	65300000	65400000	0.0134499
chrZ_pat	65400000	65500000	0.0143516
chrZ_pat	65500000	65600000	0.0113133
chrZ_pat	65600000	65700000	0.0118304
chrZ_pat	65700000	65800000	0.0150672
chrZ_pat	65800000	65900000	0.015083
chrZ_pat	65900000	66000000	0.0163846
chrZ_pat	66000000	66100000	0.0105452
chrZ_pat	66100000	66200000	0.00868632
chrZ_pat	66200000	66300000	0.00882701
chrZ_pat	66300000	66400000	0.0148085
chrZ_pat	66400000	66500000	0.0106682
chrZ_pat	66500000	66600000	0.0143685
chrZ_pat	66600000	66700000	0.0149248
chrZ_pat	66700000	66800000	0.0152242
chrZ_pat	66800000	66900000	0.0139888
chrZ_pat	66900000	67000000	0.00989603
chrZ_pat	67000000	67100000	0.0151546
chrZ_pat	67100000	67200000	0.00952938
chrZ_pat	67200000	67300000	0.0089242
chrZ_pat	67300000	67400000	0.0142342
chrZ_pat	67400000	67500000	0.0101618
chrZ_pat	67500000	67600000	0.0147107
chrZ_pat	67600000	67700000	0.0168037
chrZ_pat	67700000	67800000	0.0134403
chrZ_pat	67800000	67900000	0.00812464
chrZ_pat	67900000	68000000	0.0159981
chrZ_pat	68000000	68100000	0.0169265
chrZ_pat	68100000	68200000	0.0182569
chrZ_pat	68200000	68300000	0.0173735
chrZ_pat	68300000	68400000	0.0162701
chrZ_pat	68400000	68500000	0.011946
chrZ_pat	68500000	68600000	0.00926899
chrZ_pat	68600000	68700000	0.0132049
chrZ_pat	68700000	68800000	0.0133605
chrZ_pat	68800000	68900000	0.0122761
chrZ_pat	68900000	69000000	0.0102796
chrZ_pat	69000000	69100000	0.0134182
chrZ_pat	69100000	69200000	0.014408
chrZ_pat	69200000	69300000	0.0111799
chrZ_pat	69300000	69400000	0.00847836
chrZ_pat	69400000	69500000	0.0087997
chrZ_pat	69500000	69600000	0.00973802
chrZ_pat	69600000	69700000	0.00993583
chrZ_pat	69700000	69800000	0.0099319
chrZ_pat	69800000	69900000	0.0106134
chrZ_pat	69900000	70000000	0.010218
chrZ_pat	70000000	70100000	0.0112294
chrZ_pat	70100000	70200000	0.0121719
chrZ_pat	70200000	70300000	0.0135255
chrZ_pat	70300000	70400000	0.0138662
chrZ_pat	70400000	70500000	0.0145763
chrZ_pat	70500000	70600000	0.0153022
chrZ_pat	70600000	70700000	0.0136363
chrZ_pat	70700000	70800000	0.013468
chrZ_pat	70800000	70900000	0.0132494
chrZ_pat	70900000	71000000	0.0138143
chrZ_pat	71000000	71100000	0.0135998
chrZ_pat	71100000	71200000	0.0135926
chrZ_pat	71200000	71300000	0.0131328
chrZ_pat	71300000	71400000	0.0132078
chrZ_pat	71400000	71500000	0.0129619
chrZ_pat	71500000	71600000	0.0131013
chrZ_pat	71600000	71700000	0.0131075
chrZ_pat	71700000	71800000	0.0135429
chrZ_pat	71800000	71900000	0.0132235
chrZ_pat	71900000	72000000	0.0142917
chrZ_pat	72000000	72100000	0.0141099
chrZ_pat	72100000	72200000	0.014358
chrZ_pat	72200000	72300000	0.0137738
chrZ_pat	72300000	72400000	0.0145069
chrZ_pat	72400000	72500000	0.0139391
chrZ_pat	72500000	72600000	0.0149574
chrZ_pat	72600000	72700000	0.0148676
chrZ_pat	72700000	72800000	0.013387
chrZ_pat	72800000	72900000	0.0137787
chrZ_pat	72900000	73000000	0.0128762
chrZ_pat	73000000	73100000	0.0113448
chrZ_pat	73100000	73200000	0.0126926
chrZ_pat	73200000	73300000	0.0123018
chrZ_pat	73300000	73400000	0.0127598
chrZ_pat	73400000	73500000	0.0127253
chrZ_pat	73500000	73600000	0.00879744
chrZ_pat	73600000	73700000	0.0112271
chrZ_pat	73700000	73800000	0.0137449
chrZ_pat	73800000	73900000	0.0145937
chrZ_pat	73900000	74000000	0.0143981
chrZ_pat	74000000	74100000	0.0143167
chrZ_pat	74100000	74200000	0.0145482
chrZ_pat	74200000	74300000	0.0137667
chrZ_pat	74300000	74400000	0.0131929
chrZ_pat	74400000	74500000	0.0132989
chrZ_pat	74500000	74600000	0.0144232
chrZ_pat	74600000	74700000	0.0144177
chrZ_pat	74700000	74800000	0.0134544
chrZ_pat	74800000	74900000	0.0139268
chrZ_pat	74900000	75000000	0.0147093
chrZ_pat	75000000	75100000	0.0109985
chrZ_pat	75100000	75200000	0.0102423
chrZ_pat	75200000	75300000	0.0122813
chrZ_pat	75300000	75400000	0.0130707
chrZ_pat	75400000	75500000	0.0143453
chrZ_pat	75500000	75600000	0.0150432
chrZ_pat	75600000	75700000	0.0115623
chrZ_pat	75700000	75800000	0.0113485
chrZ_pat	75800000	75900000	0.0108923
chrZ_pat	75900000	76000000	0.0117709
chrZ_pat	76000000	76100000	0.0183571
chrZ_pat	76100000	76200000	0.0178251
chrZ_pat	76200000	76300000	0.0274416
chrZ_pat	76300000	76400000	0.0223508
chrZ_pat	76400000	76500000	
chrZ_pat	76500000	76600000	0.022588
chrZ_pat	76600000	76700000	0.0165817
chrZ_pat	76700000	76800000	0.00550809
chrZ_pat	76800000	76900000	0.00421994
chrZ_pat	76900000	77000000	0.0082706
chrZ_pat	77000000	77100000	0.0240596
chrZ_pat	77100000	77200000	0.0171751
chrZ_pat	77200000	77300000	0.0113402
chrZ_pat	77300000	77400000	0.0113277
chrZ_pat	77400000	77500000	0.0150017
chrZ_pat	77500000	77600000	0.0155876
chrZ_pat	77600000	77700000	0.0141123
chrZ_pat	77700000	77800000	0.0110789
chrZ_pat	77800000	77900000	0.011002
chrZ_pat	77900000	78000000	0.0157971
chrZ_pat	78000000	78100000	0.0153003
chrZ_pat	78100000	78200000	0.0151813
chrZ_pat	78200000	78300000	0.0154524
chrZ_pat	78300000	78400000	0.0158537
chrZ_pat	78400000	78500000	0.0106227
chrZ_pat	78500000	78600000	0.0133716
chrZ_pat	78600000	78700000	0.0116907
chrZ_pat	78700000	78800000	0.0127355
chrZ_pat	78800000	78900000	0.0101647
chrZ_pat	78900000	79000000	0.0120253
chrZ_pat	79000000	79100000	0.0116687
chrZ_pat	79100000	79200000	0.0116456
chrZ_pat	79200000	79300000	0.0126796
chrZ_pat	79300000	79400000	0.0135112
chrZ_pat	79400000	79500000	0.0142501
chrZ_pat	79500000	79600000	0.0139804
chrZ_pat	79600000	79700000	0.0142047
chrZ_pat	79700000	79800000	0.0141089
chrZ_pat	79800000	79900000	0.0151544
chrZ_pat	79900000	80000000	0.0153492
chrZ_pat	80000000	80100000	0.0142787
chrZ_pat	80100000	80200000	0.0156111
chrZ_pat	80200000	80300000	0.0165448
chrZ_pat	80300000	80400000	0.0165417
chrZ_pat	80400000	80500000	0.0162179
chrZ_pat	80500000	80600000	0.0134757
chrZ_pat	80600000	80700000	0.0112666
chrZ_pat	80700000	80800000	0.0175677
chrZ_pat	80800000	80900000	0.0185686
chrZ_pat	80900000	81000000	0.0153286
chrZ_pat	81000000	81100000	0.0122275
chrZ_pat	81100000	81200000	0.0101371
chrZ_pat	81200000	81300000	0.011981
chrZ_pat	81300000	81400000	0.0180386
chrZ_pat	81400000	81500000	0.018657
chrZ_pat	81500000	81600000	0.0125027
chrZ_pat	81600000	81700000	0.0107227
chrZ_pat	81700000	81800000	0.0131634
chrZ_pat	81800000	81900000	0.0143548
chrZ_pat	81900000	82000000	0.0166175
chrZ_pat	82000000	82100000	0.0187242
chrZ_pat	82100000	82200000	0.0120014
chrZ_pat	82200000	82218670	
