chrom	start	end	weight
chr1_pat	0	100000	
chr1_pat	100000	200000	
chr1_pat	200000	300000	
chr1_pat	300000	400000	
chr1_pat	400000	500000	
chr1_pat	500000	600000	
chr1_pat	600000	700000	
chr1_pat	700000	800000	
chr1_pat	800000	900000	
chr1_pat	900000	1000000	
chr1_pat	1000000	1100000	0.0123205
chr1_pat	1100000	1200000	0.0172953
chr1_pat	1200000	1300000	0.0184165
chr1_pat	1300000	1400000	0.0207998
chr1_pat	1400000	1500000	0.018801
chr1_pat	1500000	1600000	0.0203233
chr1_pat	1600000	1700000	
chr1_pat	1700000	1800000	
chr1_pat	1800000	1900000	
chr1_pat	1900000	2000000	
chr1_pat	2000000	2100000	
chr1_pat	2100000	2200000	
chr1_pat	2200000	2300000	
chr1_pat	2300000	2400000	
chr1_pat	2400000	2500000	0.0215959
chr1_pat	2500000	2600000	0.0173161
chr1_pat	2600000	2700000	0.016246
chr1_pat	2700000	2800000	0.0163507
chr1_pat	2800000	2900000	0.0131524
chr1_pat	2900000	3000000	0.0131774
chr1_pat	3000000	3100000	0.0131801
chr1_pat	3100000	3200000	0.0134265
chr1_pat	3200000	3300000	0.0138106
chr1_pat	3300000	3400000	0.0166627
chr1_pat	3400000	3500000	0.0161476
chr1_pat	3500000	3600000	0.0182046
chr1_pat	3600000	3700000	0.0182152
chr1_pat	3700000	3800000	0.0177412
chr1_pat	3800000	3900000	0.0180002
chr1_pat	3900000	4000000	0.0170195
chr1_pat	4000000	4100000	0.014679
chr1_pat	4100000	4200000	0.0161116
chr1_pat	4200000	4300000	0.0128698
chr1_pat	4300000	4400000	0.0111542
chr1_pat	4400000	4500000	0.0124088
chr1_pat	4500000	4600000	0.0129239
chr1_pat	4600000	4700000	0.0159897
chr1_pat	4700000	4800000	0.0142426
chr1_pat	4800000	4900000	0.0119681
chr1_pat	4900000	5000000	0.0164715
chr1_pat	5000000	5100000	0.0132408
chr1_pat	5100000	5200000	0.012925
chr1_pat	5200000	5300000	0.0147077
chr1_pat	5300000	5400000	0.0131123
chr1_pat	5400000	5500000	0.0109882
chr1_pat	5500000	5600000	0.0137422
chr1_pat	5600000	5700000	0.014896
chr1_pat	5700000	5800000	0.0146434
chr1_pat	5800000	5900000	0.0149005
chr1_pat	5900000	6000000	0.014961
chr1_pat	6000000	6100000	0.0153967
chr1_pat	6100000	6200000	0.0150035
chr1_pat	6200000	6300000	0.0150712
chr1_pat	6300000	6400000	0.0150564
chr1_pat	6400000	6500000	0.0146357
chr1_pat	6500000	6600000	0.0140436
chr1_pat	6600000	6700000	0.0153979
chr1_pat	6700000	6800000	0.0144246
chr1_pat	6800000	6900000	0.0148359
chr1_pat	6900000	7000000	0.0141202
chr1_pat	7000000	7100000	0.014333
chr1_pat	7100000	7200000	0.0142943
chr1_pat	7200000	7300000	0.0148749
chr1_pat	7300000	7400000	0.014494
chr1_pat	7400000	7500000	0.0139206
chr1_pat	7500000	7600000	0.0145386
chr1_pat	7600000	7700000	0.01597
chr1_pat	7700000	7800000	0.0157225
chr1_pat	7800000	7900000	0.0165585
chr1_pat	7900000	8000000	0.0160077
chr1_pat	8000000	8100000	0.0163676
chr1_pat	8100000	8200000	0.0170144
chr1_pat	8200000	8300000	0.0160907
chr1_pat	8300000	8400000	0.0160594
chr1_pat	8400000	8500000	0.0153696
chr1_pat	8500000	8600000	0.0149811
chr1_pat	8600000	8700000	0.018435
chr1_pat	8700000	8800000	0.0170806
chr1_pat	8800000	8900000	0.0179207
chr1_pat	8900000	9000000	0.017043
chr1_pat	9000000	9100000	0.0141964
chr1_pat	9100000	9200000	0.015476
chr1_pat	9200000	9300000	0.0175141
chr1_pat	9300000	9400000	0.0150564
chr1_pat	9400000	9500000	0.0160597
chr1_pat	9500000	9600000	0.0162938
chr1_pat	9600000	9700000	0.01644
chr1_pat	9700000	9800000	0.0157297
chr1_pat	9800000	9900000	0.0156699
chr1_pat	9900000	10000000	0.015606
chr1_pat	10000000	10100000	0.0182071
chr1_pat	10100000	10200000	0.0178078
chr1_pat	10200000	10300000	0.0159323
chr1_pat	10300000	10400000	0.0180363
chr1_pat	10400000	10500000	0.0183783
chr1_pat	10500000	10600000	0.0168517
chr1_pat	10600000	10700000	0.0158995
chr1_pat	10700000	10800000	0.0165886
chr1_pat	10800000	10900000	0.0158989
chr1_pat	10900000	11000000	0.014848
chr1_pat	11000000	11100000	0.0154899
chr1_pat	11100000	11200000	0.0167733
chr1_pat	11200000	11300000	0.0150583
chr1_pat	11300000	11400000	0.0146599
chr1_pat	11400000	11500000	0.0142544
chr1_pat	11500000	11600000	0.0147609
chr1_pat	11600000	11700000	0.017796
chr1_pat	11700000	11800000	0.0165245
chr1_pat	11800000	11900000	0.0148496
chr1_pat	11900000	12000000	0.0167874
chr1_pat	12000000	12100000	0.0168846
chr1_pat	12100000	12200000	0.0163628
chr1_pat	12200000	12300000	0.0159863
chr1_pat	12300000	12400000	0.015578
chr1_pat	12400000	12500000	0.0170716
chr1_pat	12500000	12600000	0.0173942
chr1_pat	12600000	12700000	0.0172333
chr1_pat	12700000	12800000	0.0164224
chr1_pat	12800000	12900000	0.0164123
chr1_pat	12900000	13000000	0.0163161
chr1_pat	13000000	13100000	0.0174106
chr1_pat	13100000	13200000	0.0182004
chr1_pat	13200000	13300000	0.0163469
chr1_pat	13300000	13400000	0.0191847
chr1_pat	13400000	13500000	0.0193315
chr1_pat	13500000	13600000	0.0184533
chr1_pat	13600000	13700000	0.0187923
chr1_pat	13700000	13800000	0.0171609
chr1_pat	13800000	13900000	0.0158882
chr1_pat	13900000	14000000	0.0175216
chr1_pat	14000000	14100000	0.0207136
chr1_pat	14100000	14200000	0.0143974
chr1_pat	14200000	14300000	0.019082
chr1_pat	14300000	14400000	0.0195559
chr1_pat	14400000	14500000	0.0227673
chr1_pat	14500000	14600000	0.0237879
chr1_pat	14600000	14700000	0.0220491
chr1_pat	14700000	14800000	0.0212259
chr1_pat	14800000	14900000	0.0168499
chr1_pat	14900000	15000000	0.0158929
chr1_pat	15000000	15100000	0.0138
chr1_pat	15100000	15200000	0.012936
chr1_pat	15200000	15300000	0.011789
chr1_pat	15300000	15400000	0.0148081
chr1_pat	15400000	15500000	0.0163255
chr1_pat	15500000	15600000	0.018713
chr1_pat	15600000	15700000	0.0178502
chr1_pat	15700000	15800000	0.0178171
chr1_pat	15800000	15900000	0.0166775
chr1_pat	15900000	16000000	0.0177054
chr1_pat	16000000	16100000	0.0178482
chr1_pat	16100000	16200000	0.0175792
chr1_pat	16200000	16300000	0.0171913
chr1_pat	16300000	16400000	0.0195156
chr1_pat	16400000	16500000	0.017397
chr1_pat	16500000	16600000	0.0129095
chr1_pat	16600000	16700000	0.018323
chr1_pat	16700000	16800000	0.0200497
chr1_pat	16800000	16900000	0.0194964
chr1_pat	16900000	17000000	0.0205586
chr1_pat	17000000	17100000	0.0200862
chr1_pat	17100000	17200000	0.0174807
chr1_pat	17200000	17300000	0.0142706
chr1_pat	17300000	17400000	0.0153832
chr1_pat	17400000	17500000	0.0183322
chr1_pat	17500000	17600000	0.020416
chr1_pat	17600000	17700000	0.0186194
chr1_pat	17700000	17800000	0.0225984
chr1_pat	17800000	17900000	0.0223735
chr1_pat	17900000	18000000	0.0226173
chr1_pat	18000000	18100000	0.0151994
chr1_pat	18100000	18200000	0.0142252
chr1_pat	18200000	18300000	0.0165813
chr1_pat	18300000	18400000	0.0159039
chr1_pat	18400000	18500000	0.0148989
chr1_pat	18500000	18600000	0.0123896
chr1_pat	18600000	18700000	0.0203842
chr1_pat	18700000	18800000	0.0192506
chr1_pat	18800000	18900000	0.0231598
chr1_pat	18900000	19000000	0.0268528
chr1_pat	19000000	19100000	0.0257613
chr1_pat	19100000	19200000	0.0283241
chr1_pat	19200000	19300000	0.0861241
chr1_pat	19300000	19400000	
chr1_pat	19400000	19500000	
chr1_pat	19500000	19600000	
chr1_pat	19600000	19700000	
chr1_pat	19700000	19800000	
chr1_pat	19800000	19900000	
chr1_pat	19900000	20000000	
chr1_pat	20000000	20100000	
chr1_pat	20100000	20200000	
chr1_pat	20200000	20300000	
chr1_pat	20300000	20400000	
chr1_pat	20400000	20500000	
chr1_pat	20500000	20600000	
chr1_pat	20600000	20700000	
chr1_pat	20700000	20800000	
chr1_pat	20800000	20900000	
chr1_pat	20900000	21000000	
chr1_pat	21000000	21100000	
chr1_pat	21100000	21200000	
chr1_pat	21200000	21300000	
chr1_pat	21300000	21400000	
chr1_pat	21400000	21500000	
chr1_pat	21500000	21600000	
chr1_pat	21600000	21700000	
chr1_pat	21700000	21800000	
chr1_pat	21800000	21900000	0.0981918
chr1_pat	21900000	22000000	0.0304028
chr1_pat	22000000	22100000	0.0390878
chr1_pat	22100000	22200000	0.037524
chr1_pat	22200000	22300000	0.0278816
chr1_pat	22300000	22400000	0.023315
chr1_pat	22400000	22500000	0.0243534
chr1_pat	22500000	22600000	0.0272398
chr1_pat	22600000	22700000	0.0483236
chr1_pat	22700000	22800000	0.030359
chr1_pat	22800000	22900000	0.0305066
chr1_pat	22900000	23000000	0.0263875
chr1_pat	23000000	23100000	0.0172945
chr1_pat	23100000	23200000	0.0253708
chr1_pat	23200000	23300000	0.0283138
chr1_pat	23300000	23400000	0.0311755
chr1_pat	23400000	23500000	0.0309395
chr1_pat	23500000	23600000	0.0327155
chr1_pat	23600000	23700000	0.0351429
chr1_pat	23700000	23800000	0.0294458
chr1_pat	23800000	23900000	0.027872
chr1_pat	23900000	24000000	0.0268685
chr1_pat	24000000	24100000	0.0313098
chr1_pat	24100000	24200000	0.0298758
chr1_pat	24200000	24300000	0.0262205
chr1_pat	24300000	24400000	0.0259409
chr1_pat	24400000	24500000	0.0296664
chr1_pat	24500000	24600000	0.0253004
chr1_pat	24600000	24700000	0.0288059
chr1_pat	24700000	24800000	0.0250034
chr1_pat	24800000	24900000	0.0226834
chr1_pat	24900000	25000000	0.0190347
chr1_pat	25000000	25100000	0.0161742
chr1_pat	25100000	25200000	0.0217121
chr1_pat	25200000	25300000	0.0212285
chr1_pat	25300000	25400000	0.0205302
chr1_pat	25400000	25500000	0.0216955
chr1_pat	25500000	25600000	0.0182896
chr1_pat	25600000	25700000	0.0154495
chr1_pat	25700000	25800000	0.0205118
chr1_pat	25800000	25900000	0.0256798
chr1_pat	25900000	26000000	0.016869
chr1_pat	26000000	26100000	0.0237692
chr1_pat	26100000	26200000	0.0220737
chr1_pat	26200000	26300000	0.0163265
chr1_pat	26300000	26400000	0.0182927
chr1_pat	26400000	26500000	0.0142478
chr1_pat	26500000	26600000	
chr1_pat	26600000	26700000	
chr1_pat	26700000	26800000	0.0810737
chr1_pat	26800000	26900000	
chr1_pat	26900000	27000000	0.0255814
chr1_pat	27000000	27100000	0.0270621
chr1_pat	27100000	27200000	0.0309454
chr1_pat	27200000	27300000	0.0375953
chr1_pat	27300000	27400000	0.0258849
chr1_pat	27400000	27500000	0.0232744
chr1_pat	27500000	27600000	0.0218568
chr1_pat	27600000	27700000	0.0179321
chr1_pat	27700000	27800000	0.0242271
chr1_pat	27800000	27900000	0.0132875
chr1_pat	27900000	28000000	0.0184818
chr1_pat	28000000	28100000	0.0172815
chr1_pat	28100000	28200000	0.0162517
chr1_pat	28200000	28300000	0.0168015
chr1_pat	28300000	28400000	0.0168534
chr1_pat	28400000	28500000	0.0155434
chr1_pat	28500000	28600000	0.0217675
chr1_pat	28600000	28700000	0.0205065
chr1_pat	28700000	28800000	0.016878
chr1_pat	28800000	28900000	0.0153639
chr1_pat	28900000	29000000	0.0320727
chr1_pat	29000000	29100000	0.0219899
chr1_pat	29100000	29200000	0.0278429
chr1_pat	29200000	29300000	0.0240686
chr1_pat	29300000	29400000	0.0174861
chr1_pat	29400000	29500000	0.0204552
chr1_pat	29500000	29600000	0.0206776
chr1_pat	29600000	29700000	0.0167329
chr1_pat	29700000	29800000	0.0188829
chr1_pat	29800000	29900000	0.0150486
chr1_pat	29900000	30000000	0.0220244
chr1_pat	30000000	30100000	0.0224654
chr1_pat	30100000	30200000	0.0225325
chr1_pat	30200000	30300000	0.0209239
chr1_pat	30300000	30400000	0.0220522
chr1_pat	30400000	30500000	0.0197143
chr1_pat	30500000	30600000	0.0233168
chr1_pat	30600000	30700000	0.0222028
chr1_pat	30700000	30800000	0.0160539
chr1_pat	30800000	30900000	0.021262
chr1_pat	30900000	31000000	0.0196169
chr1_pat	31000000	31100000	0.0141064
chr1_pat	31100000	31200000	0.0151417
chr1_pat	31200000	31300000	0.0210806
chr1_pat	31300000	31400000	0.0202076
chr1_pat	31400000	31500000	0.0281865
chr1_pat	31500000	31600000	0.0321877
chr1_pat	31600000	31700000	0.0343288
chr1_pat	31700000	31800000	0.0416027
chr1_pat	31800000	31900000	0.0312621
chr1_pat	31900000	32000000	0.0347332
chr1_pat	32000000	32100000	0.0305817
chr1_pat	32100000	32200000	0.0394682
chr1_pat	32200000	32300000	0.0258517
chr1_pat	32300000	32400000	0.02568
chr1_pat	32400000	32500000	0.0335851
chr1_pat	32500000	32600000	0.0263617
chr1_pat	32600000	32700000	0.0217438
chr1_pat	32700000	32800000	0.0211936
chr1_pat	32800000	32900000	0.0505366
chr1_pat	32900000	33000000	0.0249428
chr1_pat	33000000	33100000	0.0245624
chr1_pat	33100000	33200000	0.023784
chr1_pat	33200000	33300000	0.0282994
chr1_pat	33300000	33400000	0.0281237
chr1_pat	33400000	33500000	0.0238017
chr1_pat	33500000	33600000	0.0249071
chr1_pat	33600000	33700000	0.0252911
chr1_pat	33700000	33800000	0.0643109
chr1_pat	33800000	33900000	0.0422153
chr1_pat	33900000	34000000	0.0267584
chr1_pat	34000000	34100000	0.0240769
chr1_pat	34100000	34200000	0.0248374
chr1_pat	34200000	34300000	0.0242964
chr1_pat	34300000	34400000	0.0241174
chr1_pat	34400000	34500000	0.0229088
chr1_pat	34500000	34600000	0.0307886
chr1_pat	34600000	34700000	0.0258983
chr1_pat	34700000	34800000	0.0150096
chr1_pat	34800000	34900000	0.0170923
chr1_pat	34900000	35000000	0.0197808
chr1_pat	35000000	35100000	0.0262399
chr1_pat	35100000	35200000	0.0232601
chr1_pat	35200000	35300000	0.0220374
chr1_pat	35300000	35400000	0.0264447
chr1_pat	35400000	35500000	
chr1_pat	35500000	35600000	
chr1_pat	35600000	35700000	0.0451487
chr1_pat	35700000	35800000	0.0257796
chr1_pat	35800000	35900000	0.0280429
chr1_pat	35900000	36000000	0.0302943
chr1_pat	36000000	36100000	0.0256245
chr1_pat	36100000	36200000	0.0226061
chr1_pat	36200000	36300000	0.020162
chr1_pat	36300000	36400000	0.023765
chr1_pat	36400000	36500000	0.0207269
chr1_pat	36500000	36600000	0.0255192
chr1_pat	36600000	36700000	0.023393
chr1_pat	36700000	36800000	0.024519
chr1_pat	36800000	36900000	0.0307504
chr1_pat	36900000	37000000	0.0319665
chr1_pat	37000000	37100000	0.0272583
chr1_pat	37100000	37200000	0.0280917
chr1_pat	37200000	37300000	0.0363745
chr1_pat	37300000	37400000	0.0311473
chr1_pat	37400000	37500000	0.0292982
chr1_pat	37500000	37600000	0.0416346
chr1_pat	37600000	37700000	0.0188144
chr1_pat	37700000	37800000	0.0199544
chr1_pat	37800000	37900000	0.0137859
chr1_pat	37900000	38000000	0.0202836
chr1_pat	38000000	38100000	0.0183638
chr1_pat	38100000	38200000	0.0251789
chr1_pat	38200000	38300000	0.0234929
chr1_pat	38300000	38400000	0.0249487
chr1_pat	38400000	38500000	0.016528
chr1_pat	38500000	38600000	0.0261604
chr1_pat	38600000	38700000	0.0260496
chr1_pat	38700000	38800000	0.0238884
chr1_pat	38800000	38900000	0.025496
chr1_pat	38900000	39000000	0.0263599
chr1_pat	39000000	39100000	0.0262462
chr1_pat	39100000	39200000	0.0260986
chr1_pat	39200000	39300000	0.0367941
chr1_pat	39300000	39400000	0.0251241
chr1_pat	39400000	39500000	0.0503113
chr1_pat	39500000	39600000	0.0256798
chr1_pat	39600000	39700000	0.0302856
chr1_pat	39700000	39800000	0.0267336
chr1_pat	39800000	39900000	0.0229989
chr1_pat	39900000	40000000	0.0242968
chr1_pat	40000000	40100000	0.0254224
chr1_pat	40100000	40200000	0.0279836
chr1_pat	40200000	40300000	0.0231237
chr1_pat	40300000	40400000	0.0257349
chr1_pat	40400000	40500000	0.0251599
chr1_pat	40500000	40600000	0.0295167
chr1_pat	40600000	40700000	0.0359438
chr1_pat	40700000	40800000	0.0253808
chr1_pat	40800000	40900000	0.0404007
chr1_pat	40900000	41000000	0.0208542
chr1_pat	41000000	41100000	0.0228954
chr1_pat	41100000	41200000	0.0158287
chr1_pat	41200000	41300000	0.0191953
chr1_pat	41300000	41400000	0.0265964
chr1_pat	41400000	41500000	0.0319375
chr1_pat	41500000	41600000	0.0259043
chr1_pat	41600000	41700000	0.0238357
chr1_pat	41700000	41800000	0.0237248
chr1_pat	41800000	41900000	0.0246672
chr1_pat	41900000	42000000	0.0302757
chr1_pat	42000000	42100000	0.0342053
chr1_pat	42100000	42200000	0.0336665
chr1_pat	42200000	42300000	0.0262707
chr1_pat	42300000	42400000	0.034636
chr1_pat	42400000	42500000	0.0262933
chr1_pat	42500000	42600000	0.0576677
chr1_pat	42600000	42700000	0.020068
chr1_pat	42700000	42800000	0.0170524
chr1_pat	42800000	42900000	0.0242622
chr1_pat	42900000	43000000	0.0180073
chr1_pat	43000000	43100000	0.0850507
chr1_pat	43100000	43200000	0.0238353
chr1_pat	43200000	43300000	0.0305383
chr1_pat	43300000	43400000	0.0266895
chr1_pat	43400000	43500000	0.0283982
chr1_pat	43500000	43600000	0.0301942
chr1_pat	43600000	43700000	0.0213267
chr1_pat	43700000	43800000	0.0320143
chr1_pat	43800000	43900000	0.0225045
chr1_pat	43900000	44000000	0.0319203
chr1_pat	44000000	44100000	0.0191964
chr1_pat	44100000	44200000	0.0243948
chr1_pat	44200000	44300000	0.0408369
chr1_pat	44300000	44400000	0.0678248
chr1_pat	44400000	44500000	0.0336979
chr1_pat	44500000	44600000	0.0365604
chr1_pat	44600000	44700000	0.0315844
chr1_pat	44700000	44800000	0.0273651
chr1_pat	44800000	44900000	0.0207759
chr1_pat	44900000	45000000	0.0296172
chr1_pat	45000000	45100000	0.0196829
chr1_pat	45100000	45200000	0.0281892
chr1_pat	45200000	45300000	0.0324895
chr1_pat	45300000	45400000	0.0194404
chr1_pat	45400000	45500000	0.0260946
chr1_pat	45500000	45600000	0.043776
chr1_pat	45600000	45700000	0.0214505
chr1_pat	45700000	45800000	0.0250757
chr1_pat	45800000	45900000	
chr1_pat	45900000	46000000	
chr1_pat	46000000	46100000	0.0488221
chr1_pat	46100000	46200000	0.0672214
chr1_pat	46200000	46300000	0.0641509
chr1_pat	46300000	46400000	0.0335042
chr1_pat	46400000	46500000	0.0309144
chr1_pat	46500000	46600000	0.0451712
chr1_pat	46600000	46700000	0.040436
chr1_pat	46700000	46800000	0.0360139
chr1_pat	46800000	46900000	0.0570345
chr1_pat	46900000	47000000	
chr1_pat	47000000	47100000	0.0494886
chr1_pat	47100000	47200000	0.0293811
chr1_pat	47200000	47300000	0.0494151
chr1_pat	47300000	47400000	0.0392865
chr1_pat	47400000	47500000	0.0182332
chr1_pat	47500000	47600000	0.018032
chr1_pat	47600000	47700000	0.0156861
chr1_pat	47700000	47800000	0.0265054
chr1_pat	47800000	47900000	0.0276858
chr1_pat	47900000	48000000	0.0228942
chr1_pat	48000000	48100000	0.0334697
chr1_pat	48100000	48200000	0.0312822
chr1_pat	48200000	48300000	0.0359345
chr1_pat	48300000	48400000	0.0247024
chr1_pat	48400000	48500000	0.0222755
chr1_pat	48500000	48600000	0.0263011
chr1_pat	48600000	48700000	0.0265163
chr1_pat	48700000	48800000	0.0358503
chr1_pat	48800000	48900000	0.0425008
chr1_pat	48900000	49000000	0.0383735
chr1_pat	49000000	49100000	0.0712176
chr1_pat	49100000	49200000	0.029993
chr1_pat	49200000	49300000	0.0323936
chr1_pat	49300000	49400000	0.0523002
chr1_pat	49400000	49500000	
chr1_pat	49500000	49600000	0.0632255
chr1_pat	49600000	49700000	0.0342955
chr1_pat	49700000	49800000	0.0405113
chr1_pat	49800000	49900000	0.0316961
chr1_pat	49900000	50000000	0.0319375
chr1_pat	50000000	50100000	
chr1_pat	50100000	50200000	0.048862
chr1_pat	50200000	50300000	0.0550671
chr1_pat	50300000	50400000	0.0256604
chr1_pat	50400000	50500000	0.0308675
chr1_pat	50500000	50600000	0.0279715
chr1_pat	50600000	50700000	0.0342512
chr1_pat	50700000	50800000	0.0253804
chr1_pat	50800000	50900000	0.0347046
chr1_pat	50900000	51000000	0.0320795
chr1_pat	51000000	51100000	0.0330984
chr1_pat	51100000	51200000	0.0306421
chr1_pat	51200000	51300000	0.0251216
chr1_pat	51300000	51400000	0.03333
chr1_pat	51400000	51500000	0.0347205
chr1_pat	51500000	51600000	0.0289704
chr1_pat	51600000	51700000	0.0348517
chr1_pat	51700000	51800000	
chr1_pat	51800000	51900000	
chr1_pat	51900000	52000000	
chr1_pat	52000000	52100000	
chr1_pat	52100000	52200000	
chr1_pat	52200000	52300000	
chr1_pat	52300000	52400000	
chr1_pat	52400000	52500000	
chr1_pat	52500000	52600000	
chr1_pat	52600000	52700000	
chr1_pat	52700000	52800000	
chr1_pat	52800000	52900000	
chr1_pat	52900000	53000000	
chr1_pat	53000000	53100000	
chr1_pat	53100000	53200000	0.0388998
chr1_pat	53200000	53300000	0.0299883
chr1_pat	53300000	53400000	0.0300349
chr1_pat	53400000	53500000	0.0382142
chr1_pat	53500000	53600000	
chr1_pat	53600000	53700000	0.0296011
chr1_pat	53700000	53800000	0.033786
chr1_pat	53800000	53900000	0.0288872
chr1_pat	53900000	54000000	0.0486647
chr1_pat	54000000	54100000	0.0267989
chr1_pat	54100000	54200000	0.02459
chr1_pat	54200000	54300000	
chr1_pat	54300000	54400000	0.0309338
chr1_pat	54400000	54500000	0.0227993
chr1_pat	54500000	54600000	0.0222407
chr1_pat	54600000	54700000	0.0433087
chr1_pat	54700000	54800000	0.0378675
chr1_pat	54800000	54900000	0.0266392
chr1_pat	54900000	55000000	0.0306794
chr1_pat	55000000	55100000	0.0451147
chr1_pat	55100000	55200000	0.0244963
chr1_pat	55200000	55300000	0.0337408
chr1_pat	55300000	55400000	0.0305205
chr1_pat	55400000	55500000	0.0463973
chr1_pat	55500000	55600000	0.0352064
chr1_pat	55600000	55700000	0.0423068
chr1_pat	55700000	55800000	
chr1_pat	55800000	55900000	
chr1_pat	55900000	56000000	
chr1_pat	56000000	56100000	
chr1_pat	56100000	56200000	
chr1_pat	56200000	56300000	0.0337883
chr1_pat	56300000	56400000	0.026065
chr1_pat	56400000	56500000	0.0284207
chr1_pat	56500000	56600000	0.0354758
chr1_pat	56600000	56700000	0.027869
chr1_pat	56700000	56800000	0.0377582
chr1_pat	56800000	56900000	0.0488067
chr1_pat	56900000	57000000	0.0702062
chr1_pat	57000000	57100000	
chr1_pat	57100000	57200000	0.0265195
chr1_pat	57200000	57300000	0.0371614
chr1_pat	57300000	57400000	0.0355186
chr1_pat	57400000	57500000	0.0326723
chr1_pat	57500000	57600000	0.0332165
chr1_pat	57600000	57700000	0.0370712
chr1_pat	57700000	57800000	0.0172605
chr1_pat	57800000	57900000	0.0159754
chr1_pat	57900000	58000000	0.015651
chr1_pat	58000000	58100000	0.0265279
chr1_pat	58100000	58200000	0.0514267
chr1_pat	58200000	58300000	0.0303406
chr1_pat	58300000	58400000	0.0420622
chr1_pat	58400000	58500000	0.0286542
chr1_pat	58500000	58600000	
chr1_pat	58600000	58700000	0.0226797
chr1_pat	58700000	58800000	0.0436267
chr1_pat	58800000	58900000	0.0600721
chr1_pat	58900000	59000000	0.0278084
chr1_pat	59000000	59100000	0.0259157
chr1_pat	59100000	59200000	0.0241237
chr1_pat	59200000	59300000	0.0195746
chr1_pat	59300000	59400000	0.0286576
chr1_pat	59400000	59500000	0.0323825
chr1_pat	59500000	59600000	0.0177665
chr1_pat	59600000	59700000	0.0181165
chr1_pat	59700000	59800000	0.0204173
chr1_pat	59800000	59900000	0.022034
chr1_pat	59900000	60000000	0.0127942
chr1_pat	60000000	60100000	0.0239695
chr1_pat	60100000	60200000	0.0184059
chr1_pat	60200000	60300000	0.0154774
chr1_pat	60300000	60400000	0.0210716
chr1_pat	60400000	60500000	0.0271289
chr1_pat	60500000	60600000	0.0200022
chr1_pat	60600000	60700000	0.0137723
chr1_pat	60700000	60800000	0.0160657
chr1_pat	60800000	60900000	0.0200171
chr1_pat	60900000	61000000	0.0191932
chr1_pat	61000000	61100000	0.0137935
chr1_pat	61100000	61200000	0.0149523
chr1_pat	61200000	61300000	0.0152292
chr1_pat	61300000	61400000	0.0368928
chr1_pat	61400000	61500000	0.0324511
chr1_pat	61500000	61600000	0.0454167
chr1_pat	61600000	61700000	0.0347655
chr1_pat	61700000	61800000	0.041017
chr1_pat	61800000	61900000	0.0210592
chr1_pat	61900000	62000000	0.0199665
chr1_pat	62000000	62100000	0.0198008
chr1_pat	62100000	62200000	0.0209707
chr1_pat	62200000	62300000	0.0165805
chr1_pat	62300000	62400000	0.0182506
chr1_pat	62400000	62500000	0.0195011
chr1_pat	62500000	62600000	0.0295109
chr1_pat	62600000	62700000	0.0339262
chr1_pat	62700000	62800000	0.0236806
chr1_pat	62800000	62900000	0.0198209
chr1_pat	62900000	63000000	0.0342701
chr1_pat	63000000	63100000	0.0279556
chr1_pat	63100000	63200000	0.0264072
chr1_pat	63200000	63300000	0.0231259
chr1_pat	63300000	63400000	0.0223724
chr1_pat	63400000	63500000	0.0217851
chr1_pat	63500000	63600000	0.0225923
chr1_pat	63600000	63700000	0.022856
chr1_pat	63700000	63800000	0.0317522
chr1_pat	63800000	63900000	0.0231435
chr1_pat	63900000	64000000	0.0396202
chr1_pat	64000000	64100000	0.0349583
chr1_pat	64100000	64200000	0.061127
chr1_pat	64200000	64300000	0.0463664
chr1_pat	64300000	64400000	0.0296688
chr1_pat	64400000	64500000	0.0219474
chr1_pat	64500000	64600000	0.0180807
chr1_pat	64600000	64700000	0.0270243
chr1_pat	64700000	64800000	0.0286852
chr1_pat	64800000	64900000	0.0250933
chr1_pat	64900000	65000000	0.0502479
chr1_pat	65000000	65100000	0.0262465
chr1_pat	65100000	65200000	0.0214866
chr1_pat	65200000	65300000	0.0186206
chr1_pat	65300000	65400000	0.0209411
chr1_pat	65400000	65500000	0.0219681
chr1_pat	65500000	65600000	0.0285633
chr1_pat	65600000	65700000	0.0238124
chr1_pat	65700000	65800000	0.0217093
chr1_pat	65800000	65900000	0.0221919
chr1_pat	65900000	66000000	0.0200225
chr1_pat	66000000	66100000	0.0199424
chr1_pat	66100000	66200000	0.0164689
chr1_pat	66200000	66300000	0.0167093
chr1_pat	66300000	66400000	0.0305476
chr1_pat	66400000	66500000	0.0193606
chr1_pat	66500000	66600000	0.0173596
chr1_pat	66600000	66700000	0.016876
chr1_pat	66700000	66800000	0.0165125
chr1_pat	66800000	66900000	0.0209205
chr1_pat	66900000	67000000	0.021994
chr1_pat	67000000	67100000	0.0181065
chr1_pat	67100000	67200000	0.0146251
chr1_pat	67200000	67300000	0.0249825
chr1_pat	67300000	67400000	0.0193883
chr1_pat	67400000	67500000	0.0137684
chr1_pat	67500000	67600000	0.0267587
chr1_pat	67600000	67700000	0.0151695
chr1_pat	67700000	67800000	0.0166583
chr1_pat	67800000	67900000	0.0236152
chr1_pat	67900000	68000000	0.0168108
chr1_pat	68000000	68100000	0.0169242
chr1_pat	68100000	68200000	0.0202575
chr1_pat	68200000	68300000	0.0215609
chr1_pat	68300000	68400000	0.0182048
chr1_pat	68400000	68500000	0.0139964
chr1_pat	68500000	68600000	0.0226511
chr1_pat	68600000	68700000	0.0318079
chr1_pat	68700000	68800000	0.0224999
chr1_pat	68800000	68900000	0.0141355
chr1_pat	68900000	69000000	0.0192358
chr1_pat	69000000	69100000	0.0193007
chr1_pat	69100000	69200000	0.0173584
chr1_pat	69200000	69300000	0.0239948
chr1_pat	69300000	69400000	0.0178014
chr1_pat	69400000	69500000	0.0374928
chr1_pat	69500000	69600000	0.0261098
chr1_pat	69600000	69700000	0.0284081
chr1_pat	69700000	69800000	0.0400193
chr1_pat	69800000	69900000	0.0239078
chr1_pat	69900000	70000000	0.0326769
chr1_pat	70000000	70100000	0.0468558
chr1_pat	70100000	70200000	0.0197396
chr1_pat	70200000	70300000	0.0128048
chr1_pat	70300000	70400000	0.0162209
chr1_pat	70400000	70500000	0.0222407
chr1_pat	70500000	70600000	0.0155745
chr1_pat	70600000	70700000	0.0183423
chr1_pat	70700000	70800000	0.0167304
chr1_pat	70800000	70900000	0.0179514
chr1_pat	70900000	71000000	0.017263
chr1_pat	71000000	71100000	0.0292435
chr1_pat	71100000	71200000	
chr1_pat	71200000	71300000	0.0148638
chr1_pat	71300000	71400000	0.0509461
chr1_pat	71400000	71500000	0.0292268
chr1_pat	71500000	71600000	0.0305364
chr1_pat	71600000	71700000	0.0208729
chr1_pat	71700000	71800000	0.0222198
chr1_pat	71800000	71900000	0.0249285
chr1_pat	71900000	72000000	0.0255101
chr1_pat	72000000	72100000	0.050179
chr1_pat	72100000	72200000	0.0247275
chr1_pat	72200000	72300000	0.0376693
chr1_pat	72300000	72400000	0.0602846
chr1_pat	72400000	72500000	0.0211423
chr1_pat	72500000	72600000	0.0283049
chr1_pat	72600000	72700000	0.0210283
chr1_pat	72700000	72800000	0.0208413
chr1_pat	72800000	72900000	0.0263625
chr1_pat	72900000	73000000	0.0180846
chr1_pat	73000000	73100000	0.0223131
chr1_pat	73100000	73200000	0.0260617
chr1_pat	73200000	73300000	0.0407866
chr1_pat	73300000	73400000	0.0253619
chr1_pat	73400000	73500000	0.0209222
chr1_pat	73500000	73600000	0.0213432
chr1_pat	73600000	73700000	0.0273633
chr1_pat	73700000	73800000	0.0221688
chr1_pat	73800000	73900000	0.0288183
chr1_pat	73900000	74000000	0.0218523
chr1_pat	74000000	74100000	0.0216067
chr1_pat	74100000	74200000	0.0255212
chr1_pat	74200000	74300000	0.0336069
chr1_pat	74300000	74400000	0.0218829
chr1_pat	74400000	74500000	0.0630378
chr1_pat	74500000	74600000	0.0492417
chr1_pat	74600000	74700000	0.0255836
chr1_pat	74700000	74800000	0.0214558
chr1_pat	74800000	74900000	0.0221529
chr1_pat	74900000	75000000	0.0214853
chr1_pat	75000000	75100000	0.01716
chr1_pat	75100000	75200000	0.0255682
chr1_pat	75200000	75300000	0.0212976
chr1_pat	75300000	75400000	0.0202515
chr1_pat	75400000	75500000	0.0197154
chr1_pat	75500000	75600000	0.0170586
chr1_pat	75600000	75700000	0.0186271
chr1_pat	75700000	75800000	0.0242046
chr1_pat	75800000	75900000	0.0208747
chr1_pat	75900000	76000000	0.0195907
chr1_pat	76000000	76100000	0.0204764
chr1_pat	76100000	76200000	0.018572
chr1_pat	76200000	76300000	0.0180765
chr1_pat	76300000	76400000	0.017929
chr1_pat	76400000	76500000	0.0350743
chr1_pat	76500000	76600000	0.0196429
chr1_pat	76600000	76700000	0.0202808
chr1_pat	76700000	76800000	0.0156804
chr1_pat	76800000	76900000	0.0174229
chr1_pat	76900000	77000000	0.014186
chr1_pat	77000000	77100000	0.0227437
chr1_pat	77100000	77200000	0.0281471
chr1_pat	77200000	77300000	0.0201127
chr1_pat	77300000	77400000	0.0249553
chr1_pat	77400000	77500000	0.025587
chr1_pat	77500000	77600000	0.0193626
chr1_pat	77600000	77700000	0.0189674
chr1_pat	77700000	77800000	0.0181746
chr1_pat	77800000	77900000	0.0209921
chr1_pat	77900000	78000000	0.0249989
chr1_pat	78000000	78100000	0.0189302
chr1_pat	78100000	78200000	0.0361219
chr1_pat	78200000	78300000	0.0289071
chr1_pat	78300000	78400000	0.0210311
chr1_pat	78400000	78500000	0.0223145
chr1_pat	78500000	78600000	0.0143916
chr1_pat	78600000	78700000	0.0160515
chr1_pat	78700000	78800000	0.0318015
chr1_pat	78800000	78900000	0.0327093
chr1_pat	78900000	79000000	0.0219893
chr1_pat	79000000	79100000	0.0204598
chr1_pat	79100000	79200000	0.0325101
chr1_pat	79200000	79300000	0.0217592
chr1_pat	79300000	79400000	0.0224877
chr1_pat	79400000	79500000	0.0204647
chr1_pat	79500000	79600000	0.0223608
chr1_pat	79600000	79700000	0.0366092
chr1_pat	79700000	79800000	0.0251665
chr1_pat	79800000	79900000	0.0463568
chr1_pat	79900000	80000000	0.037214
chr1_pat	80000000	80100000	0.0372758
chr1_pat	80100000	80200000	0.0226066
chr1_pat	80200000	80300000	0.0247499
chr1_pat	80300000	80400000	0.0251106
chr1_pat	80400000	80500000	0.0305384
chr1_pat	80500000	80600000	0.021325
chr1_pat	80600000	80700000	0.0206973
chr1_pat	80700000	80800000	0.0231054
chr1_pat	80800000	80900000	0.0266616
chr1_pat	80900000	81000000	0.021793
chr1_pat	81000000	81100000	0.0206309
chr1_pat	81100000	81200000	0.0152788
chr1_pat	81200000	81300000	0.0169158
chr1_pat	81300000	81400000	0.0251581
chr1_pat	81400000	81500000	0.0212804
chr1_pat	81500000	81600000	0.0208508
chr1_pat	81600000	81700000	0.0163848
chr1_pat	81700000	81800000	0.0166657
chr1_pat	81800000	81900000	0.0145186
chr1_pat	81900000	82000000	0.0208376
chr1_pat	82000000	82100000	0.025597
chr1_pat	82100000	82200000	0.0238139
chr1_pat	82200000	82300000	0.0280714
chr1_pat	82300000	82400000	0.0237567
chr1_pat	82400000	82500000	0.0277992
chr1_pat	82500000	82600000	0.028896
chr1_pat	82600000	82700000	0.0194457
chr1_pat	82700000	82800000	0.0183975
chr1_pat	82800000	82900000	0.0163526
chr1_pat	82900000	83000000	0.0142693
chr1_pat	83000000	83100000	0.0129568
chr1_pat	83100000	83200000	0.0168284
chr1_pat	83200000	83300000	0.0129726
chr1_pat	83300000	83400000	0.0215384
chr1_pat	83400000	83500000	0.0237024
chr1_pat	83500000	83600000	0.0306246
chr1_pat	83600000	83700000	0.0229774
chr1_pat	83700000	83800000	0.0296771
chr1_pat	83800000	83900000	0.0197729
chr1_pat	83900000	84000000	0.0206781
chr1_pat	84000000	84100000	0.0216021
chr1_pat	84100000	84200000	0.0197031
chr1_pat	84200000	84300000	0.0186573
chr1_pat	84300000	84400000	0.0180041
chr1_pat	84400000	84500000	0.0216541
chr1_pat	84500000	84600000	0.0151682
chr1_pat	84600000	84700000	
chr1_pat	84700000	84800000	0.039619
chr1_pat	84800000	84900000	0.0169814
chr1_pat	84900000	85000000	0.0124385
chr1_pat	85000000	85100000	0.0168717
chr1_pat	85100000	85200000	0.0152618
chr1_pat	85200000	85300000	0.0128352
chr1_pat	85300000	85400000	0.0158789
chr1_pat	85400000	85500000	0.0234097
chr1_pat	85500000	85600000	0.0237506
chr1_pat	85600000	85700000	0.022677
chr1_pat	85700000	85800000	0.018494
chr1_pat	85800000	85900000	0.019951
chr1_pat	85900000	86000000	0.0197094
chr1_pat	86000000	86100000	0.0174142
chr1_pat	86100000	86200000	0.016299
chr1_pat	86200000	86300000	0.0208061
chr1_pat	86300000	86400000	0.0231775
chr1_pat	86400000	86500000	0.0186244
chr1_pat	86500000	86600000	0.035737
chr1_pat	86600000	86700000	0.0176289
chr1_pat	86700000	86800000	0.0237766
chr1_pat	86800000	86900000	0.0281346
chr1_pat	86900000	87000000	0.0657951
chr1_pat	87000000	87100000	0.0369474
chr1_pat	87100000	87200000	0.0362689
chr1_pat	87200000	87300000	0.0297062
chr1_pat	87300000	87400000	0.0316407
chr1_pat	87400000	87500000	0.0402954
chr1_pat	87500000	87600000	0.0497882
chr1_pat	87600000	87700000	0.0267557
chr1_pat	87700000	87800000	0.0191315
chr1_pat	87800000	87900000	0.013208
chr1_pat	87900000	88000000	0.0221101
chr1_pat	88000000	88100000	0.0198681
chr1_pat	88100000	88200000	0.0159332
chr1_pat	88200000	88300000	0.0179168
chr1_pat	88300000	88400000	0.0213404
chr1_pat	88400000	88500000	0.0193073
chr1_pat	88500000	88600000	0.0188013
chr1_pat	88600000	88700000	0.0191853
chr1_pat	88700000	88800000	0.017459
chr1_pat	88800000	88900000	0.0167074
chr1_pat	88900000	89000000	0.0133759
chr1_pat	89000000	89100000	0.0192884
chr1_pat	89100000	89200000	0.0191301
chr1_pat	89200000	89300000	0.0203827
chr1_pat	89300000	89400000	0.0198351
chr1_pat	89400000	89500000	0.0178808
chr1_pat	89500000	89600000	0.0130178
chr1_pat	89600000	89700000	0.0193896
chr1_pat	89700000	89800000	0.0276088
chr1_pat	89800000	89900000	0.0164997
chr1_pat	89900000	90000000	0.0133924
chr1_pat	90000000	90100000	0.0140543
chr1_pat	90100000	90200000	0.0114236
chr1_pat	90200000	90300000	0.0171684
chr1_pat	90300000	90400000	0.0167146
chr1_pat	90400000	90500000	0.0191815
chr1_pat	90500000	90600000	0.0155722
chr1_pat	90600000	90700000	0.0174962
chr1_pat	90700000	90800000	0.0297068
chr1_pat	90800000	90900000	0.0196805
chr1_pat	90900000	91000000	0.0237151
chr1_pat	91000000	91100000	0.020429
chr1_pat	91100000	91200000	0.0174566
chr1_pat	91200000	91300000	0.0194834
chr1_pat	91300000	91400000	0.0166582
chr1_pat	91400000	91500000	0.0116499
chr1_pat	91500000	91600000	0.0183552
chr1_pat	91600000	91700000	0.0193575
chr1_pat	91700000	91800000	0.0199114
chr1_pat	91800000	91900000	0.0196951
chr1_pat	91900000	92000000	0.0212543
chr1_pat	92000000	92100000	0.0256921
chr1_pat	92100000	92200000	0.0200771
chr1_pat	92200000	92300000	0.018633
chr1_pat	92300000	92400000	0.0165443
chr1_pat	92400000	92500000	0.0152668
chr1_pat	92500000	92600000	0.0180009
chr1_pat	92600000	92700000	0.0192671
chr1_pat	92700000	92800000	0.0185242
chr1_pat	92800000	92900000	0.0188106
chr1_pat	92900000	93000000	0.0228982
chr1_pat	93000000	93100000	0.0225609
chr1_pat	93100000	93200000	0.0192242
chr1_pat	93200000	93300000	0.0255391
chr1_pat	93300000	93400000	0.0189132
chr1_pat	93400000	93500000	0.0174649
chr1_pat	93500000	93600000	0.0160748
chr1_pat	93600000	93700000	0.0182369
chr1_pat	93700000	93800000	0.0199204
chr1_pat	93800000	93900000	0.0197147
chr1_pat	93900000	94000000	0.019193
chr1_pat	94000000	94100000	0.0233032
chr1_pat	94100000	94200000	0.017026
chr1_pat	94200000	94300000	0.0183936
chr1_pat	94300000	94400000	0.0204992
chr1_pat	94400000	94500000	0.0200985
chr1_pat	94500000	94600000	0.0311606
chr1_pat	94600000	94700000	0.0208775
chr1_pat	94700000	94800000	0.0209083
chr1_pat	94800000	94900000	0.0192845
chr1_pat	94900000	95000000	0.0153712
chr1_pat	95000000	95100000	0.0159462
chr1_pat	95100000	95200000	0.0214699
chr1_pat	95200000	95300000	0.0193957
chr1_pat	95300000	95400000	0.0160895
chr1_pat	95400000	95500000	0.0161431
chr1_pat	95500000	95600000	0.0171814
chr1_pat	95600000	95700000	0.0157018
chr1_pat	95700000	95800000	0.0135156
chr1_pat	95800000	95900000	0.0143003
chr1_pat	95900000	96000000	0.0160266
chr1_pat	96000000	96100000	0.0166212
chr1_pat	96100000	96200000	0.017787
chr1_pat	96200000	96300000	0.0165234
chr1_pat	96300000	96400000	0.0167203
chr1_pat	96400000	96500000	0.0165096
chr1_pat	96500000	96600000	0.0186512
chr1_pat	96600000	96700000	0.0144235
chr1_pat	96700000	96800000	0.0128465
chr1_pat	96800000	96900000	0.0159504
chr1_pat	96900000	97000000	0.0138893
chr1_pat	97000000	97100000	0.0190061
chr1_pat	97100000	97200000	0.0161814
chr1_pat	97200000	97300000	0.0186816
chr1_pat	97300000	97400000	0.0165082
chr1_pat	97400000	97500000	0.0136291
chr1_pat	97500000	97600000	0.0189231
chr1_pat	97600000	97700000	0.0214073
chr1_pat	97700000	97800000	0.0145488
chr1_pat	97800000	97900000	0.0112078
chr1_pat	97900000	98000000	0.0157162
chr1_pat	98000000	98100000	0.0159759
chr1_pat	98100000	98200000	0.0175966
chr1_pat	98200000	98300000	0.0178879
chr1_pat	98300000	98400000	0.0170763
chr1_pat	98400000	98500000	0.0146775
chr1_pat	98500000	98600000	0.013845
chr1_pat	98600000	98700000	0.0141097
chr1_pat	98700000	98800000	0.0142291
chr1_pat	98800000	98900000	0.0161608
chr1_pat	98900000	99000000	0.0122782
chr1_pat	99000000	99100000	0.0147132
chr1_pat	99100000	99200000	0.0151198
chr1_pat	99200000	99300000	0.0153007
chr1_pat	99300000	99400000	0.0118409
chr1_pat	99400000	99500000	0.013264
chr1_pat	99500000	99600000	0.016096
chr1_pat	99600000	99700000	0.0182245
chr1_pat	99700000	99800000	0.0184654
chr1_pat	99800000	99900000	0.0163324
chr1_pat	99900000	100000000	0.0177313
chr1_pat	100000000	100100000	0.015557
chr1_pat	100100000	100200000	0.0140636
chr1_pat	100200000	100300000	0.01905
chr1_pat	100300000	100400000	0.0147746
chr1_pat	100400000	100500000	0.0131972
chr1_pat	100500000	100600000	0.0128863
chr1_pat	100600000	100700000	0.0148515
chr1_pat	100700000	100800000	0.0155778
chr1_pat	100800000	100900000	0.0169659
chr1_pat	100900000	101000000	0.0146791
chr1_pat	101000000	101100000	0.0137661
chr1_pat	101100000	101200000	0.0159911
chr1_pat	101200000	101300000	0.0137595
chr1_pat	101300000	101400000	0.013493
chr1_pat	101400000	101500000	0.0141334
chr1_pat	101500000	101600000	0.0160962
chr1_pat	101600000	101700000	0.0129237
chr1_pat	101700000	101800000	0.0142357
chr1_pat	101800000	101900000	0.0166572
chr1_pat	101900000	102000000	0.0155963
chr1_pat	102000000	102100000	0.0171139
chr1_pat	102100000	102200000	0.0168663
chr1_pat	102200000	102300000	0.0187059
chr1_pat	102300000	102400000	0.018827
chr1_pat	102400000	102500000	0.0116827
chr1_pat	102500000	102600000	0.0123739
chr1_pat	102600000	102700000	0.0122397
chr1_pat	102700000	102800000	0.0141293
chr1_pat	102800000	102900000	0.0160206
chr1_pat	102900000	103000000	0.0186832
chr1_pat	103000000	103100000	0.0179739
chr1_pat	103100000	103200000	0.0173307
chr1_pat	103200000	103300000	0.0151615
chr1_pat	103300000	103400000	0.0139136
chr1_pat	103400000	103500000	0.0138028
chr1_pat	103500000	103600000	0.0140549
chr1_pat	103600000	103700000	0.0149418
chr1_pat	103700000	103800000	0.0140116
chr1_pat	103800000	103900000	0.0158169
chr1_pat	103900000	104000000	0.0154706
chr1_pat	104000000	104100000	0.014282
chr1_pat	104100000	104200000	0.0139223
chr1_pat	104200000	104300000	0.0155296
chr1_pat	104300000	104400000	0.0141803
chr1_pat	104400000	104500000	0.0148117
chr1_pat	104500000	104600000	0.0144063
chr1_pat	104600000	104700000	0.0149114
chr1_pat	104700000	104800000	0.014915
chr1_pat	104800000	104900000	0.0140428
chr1_pat	104900000	105000000	0.0114459
chr1_pat	105000000	105100000	0.0157902
chr1_pat	105100000	105200000	0.0208632
chr1_pat	105200000	105300000	0.015604
chr1_pat	105300000	105400000	0.0144372
chr1_pat	105400000	105500000	0.0145651
chr1_pat	105500000	105600000	0.0153564
chr1_pat	105600000	105700000	0.0148041
chr1_pat	105700000	105800000	0.0136504
chr1_pat	105800000	105900000	0.0140838
chr1_pat	105900000	106000000	0.0147038
chr1_pat	106000000	106100000	0.0198678
chr1_pat	106100000	106200000	0.0161001
chr1_pat	106200000	106300000	0.015547
chr1_pat	106300000	106400000	0.0161165
chr1_pat	106400000	106500000	0.0153242
chr1_pat	106500000	106600000	0.0153664
chr1_pat	106600000	106700000	0.0155546
chr1_pat	106700000	106800000	0.0145153
chr1_pat	106800000	106900000	0.0135553
chr1_pat	106900000	107000000	0.01374
chr1_pat	107000000	107100000	0.0155932
chr1_pat	107100000	107200000	0.0147618
chr1_pat	107200000	107300000	0.0137465
chr1_pat	107300000	107400000	0.0146868
chr1_pat	107400000	107500000	0.0144818
chr1_pat	107500000	107600000	0.0168922
chr1_pat	107600000	107700000	0.0148918
chr1_pat	107700000	107800000	0.0174627
chr1_pat	107800000	107900000	0.017564
chr1_pat	107900000	108000000	0.0161892
chr1_pat	108000000	108100000	0.018129
chr1_pat	108100000	108200000	0.0138424
chr1_pat	108200000	108300000	0.0120529
chr1_pat	108300000	108400000	0.0109247
chr1_pat	108400000	108500000	0.0109515
chr1_pat	108500000	108600000	0.014507
chr1_pat	108600000	108700000	0.0154156
chr1_pat	108700000	108800000	0.0158071
chr1_pat	108800000	108900000	0.017591
chr1_pat	108900000	109000000	0.0163257
chr1_pat	109000000	109100000	0.0155372
chr1_pat	109100000	109200000	0.0144733
chr1_pat	109200000	109300000	0.0170434
chr1_pat	109300000	109400000	0.0135691
chr1_pat	109400000	109500000	0.0103947
chr1_pat	109500000	109600000	0.0126512
chr1_pat	109600000	109700000	0.016067
chr1_pat	109700000	109800000	0.0193164
chr1_pat	109800000	109900000	0.0162758
chr1_pat	109900000	110000000	0.0164103
chr1_pat	110000000	110100000	0.0127305
chr1_pat	110100000	110200000	0.012454
chr1_pat	110200000	110300000	0.0160892
chr1_pat	110300000	110400000	0.0118371
chr1_pat	110400000	110500000	0.0393184
chr1_pat	110500000	110600000	
chr1_pat	110600000	110700000	0.0161789
chr1_pat	110700000	110800000	0.0146494
chr1_pat	110800000	110900000	0.0128479
chr1_pat	110900000	111000000	0.0149063
chr1_pat	111000000	111100000	0.01698
chr1_pat	111100000	111200000	0.0155252
chr1_pat	111200000	111300000	0.0127054
chr1_pat	111300000	111400000	0.0134107
chr1_pat	111400000	111500000	0.0161435
chr1_pat	111500000	111600000	0.0170519
chr1_pat	111600000	111700000	0.0160473
chr1_pat	111700000	111800000	0.016373
chr1_pat	111800000	111900000	0.0157887
chr1_pat	111900000	112000000	0.0171435
chr1_pat	112000000	112100000	0.0171172
chr1_pat	112100000	112200000	0.01504
chr1_pat	112200000	112300000	0.0167355
chr1_pat	112300000	112400000	0.0128329
chr1_pat	112400000	112500000	0.0129838
chr1_pat	112500000	112600000	0.0146573
chr1_pat	112600000	112700000	0.0156699
chr1_pat	112700000	112800000	0.0173818
chr1_pat	112800000	112900000	0.0156642
chr1_pat	112900000	113000000	0.0163335
chr1_pat	113000000	113100000	0.0152579
chr1_pat	113100000	113200000	0.0155509
chr1_pat	113200000	113300000	0.0147575
chr1_pat	113300000	113400000	0.0105573
chr1_pat	113400000	113500000	0.00994637
chr1_pat	113500000	113600000	0.0136927
chr1_pat	113600000	113700000	0.0150118
chr1_pat	113700000	113800000	0.0143825
chr1_pat	113800000	113900000	0.0103606
chr1_pat	113900000	114000000	0.0137309
chr1_pat	114000000	114100000	0.013811
chr1_pat	114100000	114200000	0.0132131
chr1_pat	114200000	114300000	0.0108511
chr1_pat	114300000	114400000	0.0123385
chr1_pat	114400000	114500000	0.014586
chr1_pat	114500000	114600000	0.0114393
chr1_pat	114600000	114700000	0.011894
chr1_pat	114700000	114800000	0.0143523
chr1_pat	114800000	114900000	0.016212
chr1_pat	114900000	115000000	0.0130851
chr1_pat	115000000	115100000	0.0122585
chr1_pat	115100000	115200000	0.0138012
chr1_pat	115200000	115300000	0.0119609
chr1_pat	115300000	115400000	0.0214967
chr1_pat	115400000	115500000	0.0127687
chr1_pat	115500000	115600000	0.0144409
chr1_pat	115600000	115700000	0.0146074
chr1_pat	115700000	115800000	0.0240052
chr1_pat	115800000	115900000	0.0324754
chr1_pat	115900000	115996361	
chr1A_pat	0	100000	
chr1A_pat	100000	200000	0.0836085
chr1A_pat	200000	300000	0.0211198
chr1A_pat	300000	400000	0.0198446
chr1A_pat	400000	500000	0.0156957
chr1A_pat	500000	600000	0.0137602
chr1A_pat	600000	700000	0.0244794
chr1A_pat	700000	800000	0.0200912
chr1A_pat	800000	900000	0.0196975
chr1A_pat	900000	1000000	0.013064
chr1A_pat	1000000	1100000	0.0114049
chr1A_pat	1100000	1200000	0.0116783
chr1A_pat	1200000	1300000	0.0101506
chr1A_pat	1300000	1400000	0.00993438
chr1A_pat	1400000	1500000	0.00930558
chr1A_pat	1500000	1600000	0.00946519
chr1A_pat	1600000	1700000	0.0107415
chr1A_pat	1700000	1800000	0.0121265
chr1A_pat	1800000	1900000	0.0129233
chr1A_pat	1900000	2000000	0.0145813
chr1A_pat	2000000	2100000	0.0132365
chr1A_pat	2100000	2200000	0.0128058
chr1A_pat	2200000	2300000	0.0147913
chr1A_pat	2300000	2400000	0.0168472
chr1A_pat	2400000	2500000	0.0173304
chr1A_pat	2500000	2600000	0.0168617
chr1A_pat	2600000	2700000	0.0166353
chr1A_pat	2700000	2800000	0.0173157
chr1A_pat	2800000	2900000	0.0177904
chr1A_pat	2900000	3000000	0.0168797
chr1A_pat	3000000	3100000	0.0185103
chr1A_pat	3100000	3200000	0.0140247
chr1A_pat	3200000	3300000	0.0123993
chr1A_pat	3300000	3400000	0.0128167
chr1A_pat	3400000	3500000	0.0122313
chr1A_pat	3500000	3600000	
chr1A_pat	3600000	3700000	
chr1A_pat	3700000	3800000	
chr1A_pat	3800000	3900000	
chr1A_pat	3900000	4000000	
chr1A_pat	4000000	4100000	
chr1A_pat	4100000	4200000	
chr1A_pat	4200000	4300000	0.0611813
chr1A_pat	4300000	4400000	0.0170303
chr1A_pat	4400000	4500000	0.0162541
chr1A_pat	4500000	4600000	0.0191473
chr1A_pat	4600000	4700000	0.0192858
chr1A_pat	4700000	4800000	0.0155719
chr1A_pat	4800000	4900000	0.0158808
chr1A_pat	4900000	5000000	0.0154517
chr1A_pat	5000000	5100000	0.0147906
chr1A_pat	5100000	5200000	0.0163894
chr1A_pat	5200000	5300000	0.014838
chr1A_pat	5300000	5400000	0.0164943
chr1A_pat	5400000	5500000	0.0162795
chr1A_pat	5500000	5600000	0.0201761
chr1A_pat	5600000	5700000	0.0172336
chr1A_pat	5700000	5800000	0.0184302
chr1A_pat	5800000	5900000	0.020238
chr1A_pat	5900000	6000000	0.014143
chr1A_pat	6000000	6100000	0.0121805
chr1A_pat	6100000	6200000	0.010921
chr1A_pat	6200000	6300000	0.0112695
chr1A_pat	6300000	6400000	0.0155549
chr1A_pat	6400000	6500000	0.0160158
chr1A_pat	6500000	6600000	0.0162477
chr1A_pat	6600000	6700000	0.0129306
chr1A_pat	6700000	6800000	0.0135315
chr1A_pat	6800000	6900000	0.0175308
chr1A_pat	6900000	7000000	0.0180445
chr1A_pat	7000000	7100000	0.0170836
chr1A_pat	7100000	7200000	0.0165209
chr1A_pat	7200000	7300000	0.0164773
chr1A_pat	7300000	7400000	0.0120551
chr1A_pat	7400000	7500000	0.0141271
chr1A_pat	7500000	7600000	0.0163088
chr1A_pat	7600000	7700000	0.0171141
chr1A_pat	7700000	7800000	0.0149518
chr1A_pat	7800000	7900000	0.0142784
chr1A_pat	7900000	8000000	0.0141487
chr1A_pat	8000000	8100000	0.0161352
chr1A_pat	8100000	8200000	0.0182018
chr1A_pat	8200000	8300000	0.0147742
chr1A_pat	8300000	8400000	0.0145521
chr1A_pat	8400000	8500000	0.0145515
chr1A_pat	8500000	8600000	0.0163008
chr1A_pat	8600000	8700000	0.0195872
chr1A_pat	8700000	8800000	0.0170989
chr1A_pat	8800000	8900000	0.0158948
chr1A_pat	8900000	9000000	0.0145038
chr1A_pat	9000000	9100000	0.0143944
chr1A_pat	9100000	9200000	0.0151602
chr1A_pat	9200000	9300000	0.0146382
chr1A_pat	9300000	9400000	0.0156432
chr1A_pat	9400000	9500000	0.0146043
chr1A_pat	9500000	9600000	0.0149797
chr1A_pat	9600000	9700000	0.0170826
chr1A_pat	9700000	9800000	0.017777
chr1A_pat	9800000	9900000	0.0144494
chr1A_pat	9900000	10000000	0.0168197
chr1A_pat	10000000	10100000	0.0162163
chr1A_pat	10100000	10200000	0.0178321
chr1A_pat	10200000	10300000	0.0142379
chr1A_pat	10300000	10400000	0.0138517
chr1A_pat	10400000	10500000	0.0157528
chr1A_pat	10500000	10600000	0.0159969
chr1A_pat	10600000	10700000	0.0161774
chr1A_pat	10700000	10800000	0.0156423
chr1A_pat	10800000	10900000	0.0156639
chr1A_pat	10900000	11000000	0.0149099
chr1A_pat	11000000	11100000	0.0159831
chr1A_pat	11100000	11200000	0.0148074
chr1A_pat	11200000	11300000	0.0143244
chr1A_pat	11300000	11400000	0.0155382
chr1A_pat	11400000	11500000	0.016029
chr1A_pat	11500000	11600000	0.0156759
chr1A_pat	11600000	11700000	0.0168539
chr1A_pat	11700000	11800000	0.0161725
chr1A_pat	11800000	11900000	0.0103003
chr1A_pat	11900000	12000000	0.0141966
chr1A_pat	12000000	12100000	0.0145663
chr1A_pat	12100000	12200000	0.0126309
chr1A_pat	12200000	12300000	0.0113802
chr1A_pat	12300000	12400000	0.0121687
chr1A_pat	12400000	12500000	0.0180276
chr1A_pat	12500000	12600000	0.0179599
chr1A_pat	12600000	12700000	0.0177687
chr1A_pat	12700000	12800000	0.0158988
chr1A_pat	12800000	12900000	0.0186582
chr1A_pat	12900000	13000000	0.0178693
chr1A_pat	13000000	13100000	0.0127741
chr1A_pat	13100000	13200000	0.0149307
chr1A_pat	13200000	13300000	0.0160997
chr1A_pat	13300000	13400000	0.0152554
chr1A_pat	13400000	13500000	0.0169057
chr1A_pat	13500000	13600000	0.0132107
chr1A_pat	13600000	13700000	0.0158462
chr1A_pat	13700000	13800000	0.0146931
chr1A_pat	13800000	13900000	0.0130791
chr1A_pat	13900000	14000000	0.0194137
chr1A_pat	14000000	14100000	0.0140441
chr1A_pat	14100000	14200000	0.0127505
chr1A_pat	14200000	14300000	0.0144481
chr1A_pat	14300000	14400000	0.015052
chr1A_pat	14400000	14500000	0.0169309
chr1A_pat	14500000	14600000	0.0170463
chr1A_pat	14600000	14700000	0.021182
chr1A_pat	14700000	14800000	0.0178835
chr1A_pat	14800000	14900000	0.0416165
chr1A_pat	14900000	15000000	0.0182388
chr1A_pat	15000000	15100000	0.0153474
chr1A_pat	15100000	15200000	0.0155335
chr1A_pat	15200000	15300000	0.017711
chr1A_pat	15300000	15400000	0.0161589
chr1A_pat	15400000	15500000	0.0179291
chr1A_pat	15500000	15600000	0.0189988
chr1A_pat	15600000	15700000	0.0130276
chr1A_pat	15700000	15800000	0.0215398
chr1A_pat	15800000	15900000	0.022559
chr1A_pat	15900000	16000000	0.0209098
chr1A_pat	16000000	16100000	0.0175204
chr1A_pat	16100000	16200000	0.0195491
chr1A_pat	16200000	16300000	0.0195139
chr1A_pat	16300000	16400000	0.0186301
chr1A_pat	16400000	16500000	0.015141
chr1A_pat	16500000	16600000	0.0196218
chr1A_pat	16600000	16700000	0.0299395
chr1A_pat	16700000	16800000	0.0250605
chr1A_pat	16800000	16900000	0.0209187
chr1A_pat	16900000	17000000	0.0241882
chr1A_pat	17000000	17100000	0.0239873
chr1A_pat	17100000	17200000	0.0192429
chr1A_pat	17200000	17300000	0.0221833
chr1A_pat	17300000	17400000	0.0177532
chr1A_pat	17400000	17500000	0.0231278
chr1A_pat	17500000	17600000	0.0222903
chr1A_pat	17600000	17700000	0.0190184
chr1A_pat	17700000	17800000	0.0200672
chr1A_pat	17800000	17900000	0.0189262
chr1A_pat	17900000	18000000	0.0160296
chr1A_pat	18000000	18100000	0.0222577
chr1A_pat	18100000	18200000	0.0206223
chr1A_pat	18200000	18300000	0.0227311
chr1A_pat	18300000	18400000	0.0396149
chr1A_pat	18400000	18500000	0.0247046
chr1A_pat	18500000	18600000	0.0481501
chr1A_pat	18600000	18700000	0.0214975
chr1A_pat	18700000	18800000	0.0271677
chr1A_pat	18800000	18900000	0.0232451
chr1A_pat	18900000	19000000	0.0221421
chr1A_pat	19000000	19100000	0.0251154
chr1A_pat	19100000	19200000	0.020941
chr1A_pat	19200000	19300000	0.0168972
chr1A_pat	19300000	19400000	0.0302771
chr1A_pat	19400000	19500000	0.0124462
chr1A_pat	19500000	19600000	0.0136593
chr1A_pat	19600000	19700000	0.0208381
chr1A_pat	19700000	19800000	0.0229614
chr1A_pat	19800000	19900000	0.0198315
chr1A_pat	19900000	20000000	0.0183809
chr1A_pat	20000000	20100000	0.0321365
chr1A_pat	20100000	20200000	0.0493752
chr1A_pat	20200000	20300000	0.0233542
chr1A_pat	20300000	20400000	0.0260987
chr1A_pat	20400000	20500000	0.0258985
chr1A_pat	20500000	20600000	0.0196629
chr1A_pat	20600000	20700000	0.0199318
chr1A_pat	20700000	20800000	0.0238575
chr1A_pat	20800000	20900000	0.0151063
chr1A_pat	20900000	21000000	0.0154272
chr1A_pat	21000000	21100000	0.0198718
chr1A_pat	21100000	21200000	0.0193052
chr1A_pat	21200000	21300000	0.0182597
chr1A_pat	21300000	21400000	0.0185994
chr1A_pat	21400000	21500000	0.0131298
chr1A_pat	21500000	21600000	0.0199159
chr1A_pat	21600000	21700000	0.0260766
chr1A_pat	21700000	21800000	0.0253127
chr1A_pat	21800000	21900000	0.0236613
chr1A_pat	21900000	22000000	0.0242996
chr1A_pat	22000000	22100000	0.0181941
chr1A_pat	22100000	22200000	0.0237373
chr1A_pat	22200000	22300000	0.0188291
chr1A_pat	22300000	22400000	0.0200796
chr1A_pat	22400000	22500000	0.0165902
chr1A_pat	22500000	22600000	0.0237026
chr1A_pat	22600000	22700000	0.0229262
chr1A_pat	22700000	22800000	0.0229049
chr1A_pat	22800000	22900000	0.0283535
chr1A_pat	22900000	23000000	0.0223169
chr1A_pat	23000000	23100000	0.026096
chr1A_pat	23100000	23200000	0.030464
chr1A_pat	23200000	23300000	0.0230617
chr1A_pat	23300000	23400000	0.0241616
chr1A_pat	23400000	23500000	0.0195864
chr1A_pat	23500000	23600000	0.0267948
chr1A_pat	23600000	23700000	0.0310206
chr1A_pat	23700000	23800000	0.0210955
chr1A_pat	23800000	23900000	0.0236009
chr1A_pat	23900000	24000000	0.0143889
chr1A_pat	24000000	24100000	0.0241187
chr1A_pat	24100000	24200000	0.0263943
chr1A_pat	24200000	24300000	0.0205124
chr1A_pat	24300000	24400000	0.020618
chr1A_pat	24400000	24500000	0.0290977
chr1A_pat	24500000	24600000	0.0516716
chr1A_pat	24600000	24700000	0.0427226
chr1A_pat	24700000	24800000	0.0591043
chr1A_pat	24800000	24900000	0.038492
chr1A_pat	24900000	25000000	0.0244287
chr1A_pat	25000000	25100000	0.0324757
chr1A_pat	25100000	25200000	0.0527345
chr1A_pat	25200000	25300000	0.0301834
chr1A_pat	25300000	25400000	0.0277907
chr1A_pat	25400000	25500000	0.0289864
chr1A_pat	25500000	25600000	0.0404583
chr1A_pat	25600000	25700000	0.0250351
chr1A_pat	25700000	25800000	0.0286936
chr1A_pat	25800000	25900000	0.0244417
chr1A_pat	25900000	26000000	0.0228184
chr1A_pat	26000000	26100000	0.0139994
chr1A_pat	26100000	26200000	0.024344
chr1A_pat	26200000	26300000	0.0281603
chr1A_pat	26300000	26400000	0.0259443
chr1A_pat	26400000	26500000	0.0185318
chr1A_pat	26500000	26600000	0.0264239
chr1A_pat	26600000	26700000	0.023623
chr1A_pat	26700000	26800000	0.0371084
chr1A_pat	26800000	26900000	0.0355734
chr1A_pat	26900000	27000000	0.0212387
chr1A_pat	27000000	27100000	0.0191561
chr1A_pat	27100000	27200000	0.0298582
chr1A_pat	27200000	27300000	0.0579139
chr1A_pat	27300000	27400000	0.019981
chr1A_pat	27400000	27500000	0.0162753
chr1A_pat	27500000	27600000	0.0173509
chr1A_pat	27600000	27700000	0.0213569
chr1A_pat	27700000	27800000	0.0242372
chr1A_pat	27800000	27900000	0.025182
chr1A_pat	27900000	28000000	0.0207682
chr1A_pat	28000000	28100000	0.0326111
chr1A_pat	28100000	28200000	0.0258024
chr1A_pat	28200000	28300000	0.0321371
chr1A_pat	28300000	28400000	0.0206716
chr1A_pat	28400000	28500000	0.0145985
chr1A_pat	28500000	28600000	0.0206522
chr1A_pat	28600000	28700000	0.0255755
chr1A_pat	28700000	28800000	0.0305478
chr1A_pat	28800000	28900000	0.0513016
chr1A_pat	28900000	29000000	0.0181489
chr1A_pat	29000000	29100000	0.0237758
chr1A_pat	29100000	29200000	0.0240063
chr1A_pat	29200000	29300000	0.0236816
chr1A_pat	29300000	29400000	0.0252656
chr1A_pat	29400000	29500000	0.0217346
chr1A_pat	29500000	29600000	0.0197259
chr1A_pat	29600000	29700000	0.0209215
chr1A_pat	29700000	29800000	0.0337084
chr1A_pat	29800000	29900000	0.0193765
chr1A_pat	29900000	30000000	0.0282612
chr1A_pat	30000000	30100000	0.0274566
chr1A_pat	30100000	30200000	0.0302501
chr1A_pat	30200000	30300000	0.0183694
chr1A_pat	30300000	30400000	0.0229877
chr1A_pat	30400000	30500000	0.0843459
chr1A_pat	30500000	30600000	0.0409634
chr1A_pat	30600000	30700000	0.036671
chr1A_pat	30700000	30800000	0.0402052
chr1A_pat	30800000	30900000	0.0466382
chr1A_pat	30900000	31000000	0.0292905
chr1A_pat	31000000	31100000	0.044131
chr1A_pat	31100000	31200000	0.0630203
chr1A_pat	31200000	31300000	0.0357289
chr1A_pat	31300000	31400000	0.0363342
chr1A_pat	31400000	31500000	0.0298504
chr1A_pat	31500000	31600000	0.040915
chr1A_pat	31600000	31700000	0.0236136
chr1A_pat	31700000	31800000	0.0183775
chr1A_pat	31800000	31900000	0.0288701
chr1A_pat	31900000	32000000	0.0169587
chr1A_pat	32000000	32100000	0.0247572
chr1A_pat	32100000	32200000	0.0177365
chr1A_pat	32200000	32300000	0.019631
chr1A_pat	32300000	32400000	0.0120766
chr1A_pat	32400000	32500000	0.0242115
chr1A_pat	32500000	32600000	0.0170672
chr1A_pat	32600000	32700000	0.0212885
chr1A_pat	32700000	32800000	0.0253609
chr1A_pat	32800000	32900000	0.0472201
chr1A_pat	32900000	33000000	0.0259917
chr1A_pat	33000000	33100000	0.0324388
chr1A_pat	33100000	33200000	0.0172189
chr1A_pat	33200000	33300000	0.0284722
chr1A_pat	33300000	33400000	0.0233372
chr1A_pat	33400000	33500000	0.0192688
chr1A_pat	33500000	33600000	0.0161603
chr1A_pat	33600000	33700000	0.0252607
chr1A_pat	33700000	33800000	0.02891
chr1A_pat	33800000	33900000	0.0199024
chr1A_pat	33900000	34000000	0.0208658
chr1A_pat	34000000	34100000	0.0186308
chr1A_pat	34100000	34200000	0.0277662
chr1A_pat	34200000	34300000	0.0223412
chr1A_pat	34300000	34400000	0.0202735
chr1A_pat	34400000	34500000	0.0355307
chr1A_pat	34500000	34600000	
chr1A_pat	34600000	34700000	0.0458215
chr1A_pat	34700000	34800000	0.060233
chr1A_pat	34800000	34900000	
chr1A_pat	34900000	35000000	0.0288366
chr1A_pat	35000000	35100000	0.0218438
chr1A_pat	35100000	35200000	0.0232846
chr1A_pat	35200000	35300000	0.0269347
chr1A_pat	35300000	35400000	0.0431469
chr1A_pat	35400000	35500000	0.0708643
chr1A_pat	35500000	35600000	0.0405883
chr1A_pat	35600000	35700000	0.0427849
chr1A_pat	35700000	35800000	0.0283419
chr1A_pat	35800000	35900000	0.060989
chr1A_pat	35900000	36000000	0.0279164
chr1A_pat	36000000	36100000	0.0260917
chr1A_pat	36100000	36200000	0.0223993
chr1A_pat	36200000	36300000	0.0261782
chr1A_pat	36300000	36400000	0.0210581
chr1A_pat	36400000	36500000	0.0179404
chr1A_pat	36500000	36600000	0.0259139
chr1A_pat	36600000	36700000	0.0204813
chr1A_pat	36700000	36800000	0.0284646
chr1A_pat	36800000	36900000	0.0700582
chr1A_pat	36900000	37000000	0.0249882
chr1A_pat	37000000	37100000	0.0298044
chr1A_pat	37100000	37200000	0.0274623
chr1A_pat	37200000	37300000	0.0268318
chr1A_pat	37300000	37400000	
chr1A_pat	37400000	37500000	0.0630825
chr1A_pat	37500000	37600000	0.0409316
chr1A_pat	37600000	37700000	0.0481777
chr1A_pat	37700000	37800000	0.0297006
chr1A_pat	37800000	37900000	0.025972
chr1A_pat	37900000	38000000	0.0379536
chr1A_pat	38000000	38100000	0.028929
chr1A_pat	38100000	38200000	0.0321457
chr1A_pat	38200000	38300000	0.0203187
chr1A_pat	38300000	38400000	0.0176222
chr1A_pat	38400000	38500000	0.0235947
chr1A_pat	38500000	38600000	0.0418487
chr1A_pat	38600000	38700000	0.0221325
chr1A_pat	38700000	38800000	0.0274885
chr1A_pat	38800000	38900000	0.0647615
chr1A_pat	38900000	39000000	0.0216328
chr1A_pat	39000000	39100000	0.0285152
chr1A_pat	39100000	39200000	0.0239822
chr1A_pat	39200000	39300000	0.0182701
chr1A_pat	39300000	39400000	0.05106
chr1A_pat	39400000	39500000	0.0224432
chr1A_pat	39500000	39600000	0.0227573
chr1A_pat	39600000	39700000	0.036452
chr1A_pat	39700000	39800000	0.0268771
chr1A_pat	39800000	39900000	0.0313957
chr1A_pat	39900000	40000000	0.0418221
chr1A_pat	40000000	40100000	0.0303639
chr1A_pat	40100000	40200000	0.046112
chr1A_pat	40200000	40300000	0.0405694
chr1A_pat	40300000	40400000	0.0425272
chr1A_pat	40400000	40500000	0.0372188
chr1A_pat	40500000	40600000	0.0224047
chr1A_pat	40600000	40700000	0.032213
chr1A_pat	40700000	40800000	0.0390662
chr1A_pat	40800000	40900000	0.0202615
chr1A_pat	40900000	41000000	0.0229439
chr1A_pat	41000000	41100000	0.0266226
chr1A_pat	41100000	41200000	0.0234357
chr1A_pat	41200000	41300000	0.0274658
chr1A_pat	41300000	41400000	
chr1A_pat	41400000	41500000	0.0787421
chr1A_pat	41500000	41600000	0.0495492
chr1A_pat	41600000	41700000	0.0364199
chr1A_pat	41700000	41800000	0.0398509
chr1A_pat	41800000	41900000	0.0394544
chr1A_pat	41900000	42000000	0.0682679
chr1A_pat	42000000	42100000	
chr1A_pat	42100000	42200000	0.0475313
chr1A_pat	42200000	42300000	0.0319183
chr1A_pat	42300000	42400000	0.04706
chr1A_pat	42400000	42500000	0.0270026
chr1A_pat	42500000	42600000	0.0291583
chr1A_pat	42600000	42700000	0.0328191
chr1A_pat	42700000	42800000	0.0249088
chr1A_pat	42800000	42900000	0.0253251
chr1A_pat	42900000	43000000	0.0228877
chr1A_pat	43000000	43100000	0.0264963
chr1A_pat	43100000	43200000	0.0246507
chr1A_pat	43200000	43300000	0.0189368
chr1A_pat	43300000	43400000	0.0283488
chr1A_pat	43400000	43500000	0.0274359
chr1A_pat	43500000	43600000	0.0199497
chr1A_pat	43600000	43700000	0.029079
chr1A_pat	43700000	43800000	0.0129642
chr1A_pat	43800000	43900000	0.0166659
chr1A_pat	43900000	44000000	0.0144849
chr1A_pat	44000000	44100000	0.0228246
chr1A_pat	44100000	44200000	0.0431649
chr1A_pat	44200000	44300000	0.0306137
chr1A_pat	44300000	44400000	0.0190417
chr1A_pat	44400000	44500000	0.021142
chr1A_pat	44500000	44600000	0.0279098
chr1A_pat	44600000	44700000	0.031719
chr1A_pat	44700000	44800000	0.0316921
chr1A_pat	44800000	44900000	0.0429504
chr1A_pat	44900000	45000000	0.0419772
chr1A_pat	45000000	45100000	0.0123726
chr1A_pat	45100000	45200000	0.0264199
chr1A_pat	45200000	45300000	0.0224442
chr1A_pat	45300000	45400000	0.0299555
chr1A_pat	45400000	45500000	0.0276967
chr1A_pat	45500000	45600000	0.0294375
chr1A_pat	45600000	45700000	0.0275034
chr1A_pat	45700000	45800000	0.0252377
chr1A_pat	45800000	45900000	0.0194927
chr1A_pat	45900000	46000000	0.0228982
chr1A_pat	46000000	46100000	0.0180062
chr1A_pat	46100000	46200000	0.0322603
chr1A_pat	46200000	46300000	0.0388364
chr1A_pat	46300000	46400000	0.0152154
chr1A_pat	46400000	46500000	0.0114649
chr1A_pat	46500000	46600000	0.0134081
chr1A_pat	46600000	46700000	0.0250923
chr1A_pat	46700000	46800000	0.0273044
chr1A_pat	46800000	46900000	0.0345335
chr1A_pat	46900000	47000000	0.0358424
chr1A_pat	47000000	47100000	0.0266719
chr1A_pat	47100000	47200000	0.0205941
chr1A_pat	47200000	47300000	0.0197866
chr1A_pat	47300000	47400000	0.032368
chr1A_pat	47400000	47500000	0.0221906
chr1A_pat	47500000	47600000	0.0196473
chr1A_pat	47600000	47700000	0.0302299
chr1A_pat	47700000	47800000	0.017716
chr1A_pat	47800000	47900000	0.0185939
chr1A_pat	47900000	48000000	0.0144718
chr1A_pat	48000000	48100000	0.0160306
chr1A_pat	48100000	48200000	0.0148268
chr1A_pat	48200000	48300000	
chr1A_pat	48300000	48400000	0.0156403
chr1A_pat	48400000	48500000	0.0155921
chr1A_pat	48500000	48600000	0.0189903
chr1A_pat	48600000	48700000	0.0172529
chr1A_pat	48700000	48800000	0.0221068
chr1A_pat	48800000	48900000	0.0188567
chr1A_pat	48900000	49000000	0.0258859
chr1A_pat	49000000	49100000	0.0342815
chr1A_pat	49100000	49200000	0.0197947
chr1A_pat	49200000	49300000	0.0147274
chr1A_pat	49300000	49400000	0.0205067
chr1A_pat	49400000	49500000	0.0188518
chr1A_pat	49500000	49600000	0.0173948
chr1A_pat	49600000	49700000	0.0177044
chr1A_pat	49700000	49800000	0.014763
chr1A_pat	49800000	49900000	0.0137203
chr1A_pat	49900000	50000000	0.0192484
chr1A_pat	50000000	50100000	0.0262018
chr1A_pat	50100000	50200000	0.0202206
chr1A_pat	50200000	50300000	0.0184657
chr1A_pat	50300000	50400000	0.0225125
chr1A_pat	50400000	50500000	0.0159989
chr1A_pat	50500000	50600000	0.0186685
chr1A_pat	50600000	50700000	0.0287225
chr1A_pat	50700000	50800000	0.0219545
chr1A_pat	50800000	50900000	0.0171337
chr1A_pat	50900000	51000000	0.0195262
chr1A_pat	51000000	51100000	0.0229444
chr1A_pat	51100000	51200000	0.0281123
chr1A_pat	51200000	51300000	0.0221786
chr1A_pat	51300000	51400000	0.0222002
chr1A_pat	51400000	51500000	0.0205294
chr1A_pat	51500000	51600000	0.0223086
chr1A_pat	51600000	51700000	0.0233369
chr1A_pat	51700000	51800000	0.0184933
chr1A_pat	51800000	51900000	0.0146138
chr1A_pat	51900000	52000000	0.0155829
chr1A_pat	52000000	52100000	0.0152525
chr1A_pat	52100000	52200000	0.024107
chr1A_pat	52200000	52300000	0.0200632
chr1A_pat	52300000	52400000	0.0163663
chr1A_pat	52400000	52500000	0.0154041
chr1A_pat	52500000	52600000	0.0168251
chr1A_pat	52600000	52700000	0.0160943
chr1A_pat	52700000	52800000	0.0239654
chr1A_pat	52800000	52900000	0.0202648
chr1A_pat	52900000	53000000	0.0165483
chr1A_pat	53000000	53100000	0.0206518
chr1A_pat	53100000	53200000	0.0210099
chr1A_pat	53200000	53300000	0.0206008
chr1A_pat	53300000	53400000	0.0144603
chr1A_pat	53400000	53500000	0.0153255
chr1A_pat	53500000	53600000	0.02143
chr1A_pat	53600000	53700000	0.0202405
chr1A_pat	53700000	53800000	0.0196125
chr1A_pat	53800000	53900000	0.0247838
chr1A_pat	53900000	54000000	0.0310484
chr1A_pat	54000000	54100000	0.0149971
chr1A_pat	54100000	54200000	0.014432
chr1A_pat	54200000	54300000	0.0184495
chr1A_pat	54300000	54400000	0.0135291
chr1A_pat	54400000	54500000	0.0199741
chr1A_pat	54500000	54600000	0.0215428
chr1A_pat	54600000	54700000	0.0230684
chr1A_pat	54700000	54800000	0.0230017
chr1A_pat	54800000	54900000	0.0198625
chr1A_pat	54900000	55000000	0.021223
chr1A_pat	55000000	55100000	0.0208731
chr1A_pat	55100000	55200000	0.019709
chr1A_pat	55200000	55300000	0.017052
chr1A_pat	55300000	55400000	0.019777
chr1A_pat	55400000	55500000	0.0162493
chr1A_pat	55500000	55600000	0.0101569
chr1A_pat	55600000	55700000	0.0162472
chr1A_pat	55700000	55800000	0.0200697
chr1A_pat	55800000	55900000	0.0164736
chr1A_pat	55900000	56000000	0.0147162
chr1A_pat	56000000	56100000	0.0177422
chr1A_pat	56100000	56200000	0.0210897
chr1A_pat	56200000	56300000	0.0190956
chr1A_pat	56300000	56400000	0.0145967
chr1A_pat	56400000	56500000	0.0178506
chr1A_pat	56500000	56600000	0.0172267
chr1A_pat	56600000	56700000	0.0192587
chr1A_pat	56700000	56800000	0.0196801
chr1A_pat	56800000	56900000	0.0199086
chr1A_pat	56900000	57000000	0.0218011
chr1A_pat	57000000	57100000	0.0243214
chr1A_pat	57100000	57200000	0.0199773
chr1A_pat	57200000	57300000	0.0223327
chr1A_pat	57300000	57400000	0.0168705
chr1A_pat	57400000	57500000	0.022368
chr1A_pat	57500000	57600000	0.0245346
chr1A_pat	57600000	57700000	0.0179073
chr1A_pat	57700000	57800000	0.015836
chr1A_pat	57800000	57900000	0.0170531
chr1A_pat	57900000	58000000	0.0202423
chr1A_pat	58000000	58100000	0.0201904
chr1A_pat	58100000	58200000	0.0199854
chr1A_pat	58200000	58300000	0.0511487
chr1A_pat	58300000	58400000	
chr1A_pat	58400000	58500000	0.0559281
chr1A_pat	58500000	58600000	0.0782688
chr1A_pat	58600000	58700000	0.0668795
chr1A_pat	58700000	58800000	
chr1A_pat	58800000	58900000	
chr1A_pat	58900000	59000000	
chr1A_pat	59000000	59100000	
chr1A_pat	59100000	59200000	
chr1A_pat	59200000	59300000	
chr1A_pat	59300000	59400000	
chr1A_pat	59400000	59500000	
chr1A_pat	59500000	59600000	
chr1A_pat	59600000	59700000	
chr1A_pat	59700000	59800000	
chr1A_pat	59800000	59900000	
chr1A_pat	59900000	60000000	
chr1A_pat	60000000	60100000	
chr1A_pat	60100000	60200000	
chr1A_pat	60200000	60300000	
chr1A_pat	60300000	60400000	
chr1A_pat	60400000	60500000	
chr1A_pat	60500000	60600000	
chr1A_pat	60600000	60700000	
chr1A_pat	60700000	60800000	
chr1A_pat	60800000	60900000	0.0717571
chr1A_pat	60900000	61000000	0.026845
chr1A_pat	61000000	61100000	0.0222083
chr1A_pat	61100000	61200000	0.0611503
chr1A_pat	61200000	61300000	0.015659
chr1A_pat	61300000	61400000	0.0237718
chr1A_pat	61400000	61500000	0.0227797
chr1A_pat	61500000	61600000	0.0233212
chr1A_pat	61600000	61700000	0.0199387
chr1A_pat	61700000	61800000	0.0237547
chr1A_pat	61800000	61900000	0.0252833
chr1A_pat	61900000	62000000	0.0241907
chr1A_pat	62000000	62100000	0.0263149
chr1A_pat	62100000	62200000	0.0204525
chr1A_pat	62200000	62300000	0.0234785
chr1A_pat	62300000	62400000	0.0215203
chr1A_pat	62400000	62500000	0.0155281
chr1A_pat	62500000	62600000	0.0193149
chr1A_pat	62600000	62700000	0.0247693
chr1A_pat	62700000	62800000	0.0229617
chr1A_pat	62800000	62900000	0.0147815
chr1A_pat	62900000	63000000	0.0202625
chr1A_pat	63000000	63100000	0.0265978
chr1A_pat	63100000	63200000	0.0210557
chr1A_pat	63200000	63300000	0.0231337
chr1A_pat	63300000	63400000	0.0176986
chr1A_pat	63400000	63500000	0.018557
chr1A_pat	63500000	63600000	0.0143502
chr1A_pat	63600000	63700000	0.0191478
chr1A_pat	63700000	63800000	0.0198532
chr1A_pat	63800000	63900000	0.0188283
chr1A_pat	63900000	64000000	0.0161518
chr1A_pat	64000000	64100000	0.0169934
chr1A_pat	64100000	64200000	0.0176871
chr1A_pat	64200000	64300000	0.0160853
chr1A_pat	64300000	64400000	0.0143922
chr1A_pat	64400000	64500000	0.0247456
chr1A_pat	64500000	64600000	0.0233639
chr1A_pat	64600000	64700000	0.0251653
chr1A_pat	64700000	64800000	0.0227839
chr1A_pat	64800000	64900000	0.023359
chr1A_pat	64900000	65000000	0.021197
chr1A_pat	65000000	65100000	0.016765
chr1A_pat	65100000	65200000	0.0149058
chr1A_pat	65200000	65300000	0.0143165
chr1A_pat	65300000	65400000	0.0220938
chr1A_pat	65400000	65500000	0.0146908
chr1A_pat	65500000	65600000	0.0344704
chr1A_pat	65600000	65700000	
chr1A_pat	65700000	65800000	0.0305666
chr1A_pat	65800000	65900000	0.0217517
chr1A_pat	65900000	66000000	0.0208071
chr1A_pat	66000000	66100000	0.019752
chr1A_pat	66100000	66200000	0.0193967
chr1A_pat	66200000	66300000	0.0181351
chr1A_pat	66300000	66400000	0.0148165
chr1A_pat	66400000	66500000	0.019055
chr1A_pat	66500000	66600000	0.0202699
chr1A_pat	66600000	66700000	0.0200306
chr1A_pat	66700000	66800000	0.0183474
chr1A_pat	66800000	66900000	0.0184239
chr1A_pat	66900000	67000000	0.0176981
chr1A_pat	67000000	67100000	0.0192034
chr1A_pat	67100000	67200000	0.0198035
chr1A_pat	67200000	67300000	0.0197733
chr1A_pat	67300000	67400000	0.0225917
chr1A_pat	67400000	67500000	0.0231859
chr1A_pat	67500000	67600000	0.020469
chr1A_pat	67600000	67700000	0.0202566
chr1A_pat	67700000	67800000	0.01838
chr1A_pat	67800000	67900000	0.0213359
chr1A_pat	67900000	68000000	0.0200909
chr1A_pat	68000000	68100000	0.0196874
chr1A_pat	68100000	68200000	0.0202334
chr1A_pat	68200000	68300000	0.02144
chr1A_pat	68300000	68400000	0.023271
chr1A_pat	68400000	68500000	0.0252537
chr1A_pat	68500000	68600000	0.016807
chr1A_pat	68600000	68700000	0.0150634
chr1A_pat	68700000	68800000	0.0171222
chr1A_pat	68800000	68900000	0.0148825
chr1A_pat	68900000	69000000	0.0207841
chr1A_pat	69000000	69100000	0.0197474
chr1A_pat	69100000	69200000	0.0234256
chr1A_pat	69200000	69300000	0.0217143
chr1A_pat	69300000	69400000	0.0230988
chr1A_pat	69400000	69500000	0.0209254
chr1A_pat	69500000	69600000	0.0207019
chr1A_pat	69600000	69700000	0.0214054
chr1A_pat	69700000	69800000	0.0146123
chr1A_pat	69800000	69900000	0.0243362
chr1A_pat	69900000	70000000	0.0186791
chr1A_pat	70000000	70100000	0.0166502
chr1A_pat	70100000	70200000	0.0140915
chr1A_pat	70200000	70300000	0.0192989
chr1A_pat	70300000	70400000	0.0132301
chr1A_pat	70400000	70500000	0.0169347
chr1A_pat	70500000	70600000	0.0255186
chr1A_pat	70600000	70700000	0.0192797
chr1A_pat	70700000	70800000	0.0202199
chr1A_pat	70800000	70900000	0.0224427
chr1A_pat	70900000	71000000	0.0221901
chr1A_pat	71000000	71100000	0.0253625
chr1A_pat	71100000	71200000	0.0187174
chr1A_pat	71200000	71300000	0.0227377
chr1A_pat	71300000	71400000	0.0216554
chr1A_pat	71400000	71500000	0.0228949
chr1A_pat	71500000	71600000	0.0241668
chr1A_pat	71600000	71700000	0.0178545
chr1A_pat	71700000	71800000	0.0178399
chr1A_pat	71800000	71900000	0.0281948
chr1A_pat	71900000	72000000	0.0702664
chr1A_pat	72000000	72100000	
chr1A_pat	72100000	72200000	
chr1A_pat	72200000	72300000	
chr1A_pat	72300000	72373967	
chr2_pat	0	100000	
chr2_pat	100000	200000	
chr2_pat	200000	300000	0.0445399
chr2_pat	300000	400000	0.0303238
chr2_pat	400000	500000	0.0234233
chr2_pat	500000	600000	0.027055
chr2_pat	600000	700000	0.0258432
chr2_pat	700000	800000	0.0116936
chr2_pat	800000	900000	0.0121595
chr2_pat	900000	1000000	0.0150149
chr2_pat	1000000	1100000	0.015463
chr2_pat	1100000	1200000	0.0122995
chr2_pat	1200000	1300000	0.0110125
chr2_pat	1300000	1400000	0.0124569
chr2_pat	1400000	1500000	0.0144119
chr2_pat	1500000	1600000	0.0119261
chr2_pat	1600000	1700000	0.0126486
chr2_pat	1700000	1800000	0.0105945
chr2_pat	1800000	1900000	0.014087
chr2_pat	1900000	2000000	0.015274
chr2_pat	2000000	2100000	0.0159433
chr2_pat	2100000	2200000	0.0183582
chr2_pat	2200000	2300000	0.0199943
chr2_pat	2300000	2400000	0.0188602
chr2_pat	2400000	2500000	0.0150789
chr2_pat	2500000	2600000	0.0111369
chr2_pat	2600000	2700000	0.0152301
chr2_pat	2700000	2800000	0.0159106
chr2_pat	2800000	2900000	0.0157108
chr2_pat	2900000	3000000	0.0163263
chr2_pat	3000000	3100000	0.0160082
chr2_pat	3100000	3200000	0.0159368
chr2_pat	3200000	3300000	0.0149391
chr2_pat	3300000	3400000	0.0162764
chr2_pat	3400000	3500000	0.0154574
chr2_pat	3500000	3600000	0.0156404
chr2_pat	3600000	3700000	0.0160463
chr2_pat	3700000	3800000	0.0163306
chr2_pat	3800000	3900000	0.0174528
chr2_pat	3900000	4000000	0.0164637
chr2_pat	4000000	4100000	0.0185083
chr2_pat	4100000	4200000	0.0176828
chr2_pat	4200000	4300000	0.0175685
chr2_pat	4300000	4400000	0.016236
chr2_pat	4400000	4500000	0.0194157
chr2_pat	4500000	4600000	0.0202826
chr2_pat	4600000	4700000	0.018384
chr2_pat	4700000	4800000	0.0171821
chr2_pat	4800000	4900000	0.0161064
chr2_pat	4900000	5000000	0.0142488
chr2_pat	5000000	5100000	0.016745
chr2_pat	5100000	5200000	0.015749
chr2_pat	5200000	5300000	0.0158549
chr2_pat	5300000	5400000	0.0125322
chr2_pat	5400000	5500000	0.0153052
chr2_pat	5500000	5600000	0.0189478
chr2_pat	5600000	5700000	0.0194606
chr2_pat	5700000	5800000	0.0186781
chr2_pat	5800000	5900000	0.0172127
chr2_pat	5900000	6000000	0.0213339
chr2_pat	6000000	6100000	0.0202452
chr2_pat	6100000	6200000	0.0201095
chr2_pat	6200000	6300000	0.0191245
chr2_pat	6300000	6400000	0.0164629
chr2_pat	6400000	6500000	0.0118558
chr2_pat	6500000	6600000	0.0158327
chr2_pat	6600000	6700000	0.0177825
chr2_pat	6700000	6800000	0.0116861
chr2_pat	6800000	6900000	0.0138664
chr2_pat	6900000	7000000	0.0156922
chr2_pat	7000000	7100000	0.0173001
chr2_pat	7100000	7200000	0.019538
chr2_pat	7200000	7300000	0.0190763
chr2_pat	7300000	7400000	0.0215237
chr2_pat	7400000	7500000	0.0210365
chr2_pat	7500000	7600000	0.0196271
chr2_pat	7600000	7700000	0.0214104
chr2_pat	7700000	7800000	0.0197842
chr2_pat	7800000	7900000	0.0186459
chr2_pat	7900000	8000000	0.0174569
chr2_pat	8000000	8100000	0.0191012
chr2_pat	8100000	8200000	0.0195314
chr2_pat	8200000	8300000	0.0235751
chr2_pat	8300000	8400000	0.0118292
chr2_pat	8400000	8500000	0.0177731
chr2_pat	8500000	8600000	0.020021
chr2_pat	8600000	8700000	0.0202641
chr2_pat	8700000	8800000	0.0195338
chr2_pat	8800000	8900000	0.0133412
chr2_pat	8900000	9000000	0.0168133
chr2_pat	9000000	9100000	0.0118197
chr2_pat	9100000	9200000	0.0179089
chr2_pat	9200000	9300000	0.0228902
chr2_pat	9300000	9400000	0.0206356
chr2_pat	9400000	9500000	0.0209603
chr2_pat	9500000	9600000	0.0186702
chr2_pat	9600000	9700000	0.0200692
chr2_pat	9700000	9800000	0.032599
chr2_pat	9800000	9900000	0.0132158
chr2_pat	9900000	10000000	0.0161158
chr2_pat	10000000	10100000	0.0193672
chr2_pat	10100000	10200000	0.0173973
chr2_pat	10200000	10300000	0.0169158
chr2_pat	10300000	10400000	0.0191058
chr2_pat	10400000	10500000	0.0205598
chr2_pat	10500000	10600000	0.0226505
chr2_pat	10600000	10700000	0.0205366
chr2_pat	10700000	10800000	0.0163328
chr2_pat	10800000	10900000	0.0143983
chr2_pat	10900000	11000000	0.0193173
chr2_pat	11000000	11100000	0.0230109
chr2_pat	11100000	11200000	0.0218439
chr2_pat	11200000	11300000	0.0247201
chr2_pat	11300000	11400000	0.0190129
chr2_pat	11400000	11500000	0.0276943
chr2_pat	11500000	11600000	0.0171139
chr2_pat	11600000	11700000	0.0184815
chr2_pat	11700000	11800000	0.01835
chr2_pat	11800000	11900000	0.0188269
chr2_pat	11900000	12000000	0.0189624
chr2_pat	12000000	12100000	0.0177073
chr2_pat	12100000	12200000	0.0194666
chr2_pat	12200000	12300000	0.0213314
chr2_pat	12300000	12400000	0.0197639
chr2_pat	12400000	12500000	0.0232564
chr2_pat	12500000	12600000	0.0212426
chr2_pat	12600000	12700000	0.0211572
chr2_pat	12700000	12800000	0.0188323
chr2_pat	12800000	12900000	0.0192926
chr2_pat	12900000	13000000	0.019437
chr2_pat	13000000	13100000	0.0207947
chr2_pat	13100000	13200000	0.0231897
chr2_pat	13200000	13300000	0.0186847
chr2_pat	13300000	13400000	0.0221877
chr2_pat	13400000	13500000	0.0182076
chr2_pat	13500000	13600000	0.0159009
chr2_pat	13600000	13700000	0.0163985
chr2_pat	13700000	13800000	0.0197405
chr2_pat	13800000	13900000	0.0249252
chr2_pat	13900000	14000000	0.0202401
chr2_pat	14000000	14100000	0.0251158
chr2_pat	14100000	14200000	0.0235265
chr2_pat	14200000	14300000	0.0258438
chr2_pat	14300000	14400000	0.0230755
chr2_pat	14400000	14500000	0.0217917
chr2_pat	14500000	14600000	0.0208523
chr2_pat	14600000	14700000	0.0159592
chr2_pat	14700000	14800000	0.0136019
chr2_pat	14800000	14900000	0.0175483
chr2_pat	14900000	15000000	0.0227629
chr2_pat	15000000	15100000	0.0211356
chr2_pat	15100000	15200000	0.0209575
chr2_pat	15200000	15300000	0.0196385
chr2_pat	15300000	15400000	0.0204467
chr2_pat	15400000	15500000	0.0203967
chr2_pat	15500000	15600000	0.0230426
chr2_pat	15600000	15700000	0.0197619
chr2_pat	15700000	15800000	0.0203678
chr2_pat	15800000	15900000	0.0255581
chr2_pat	15900000	16000000	0.0218265
chr2_pat	16000000	16100000	0.0138718
chr2_pat	16100000	16200000	0.0222687
chr2_pat	16200000	16300000	0.0215862
chr2_pat	16300000	16400000	0.0264665
chr2_pat	16400000	16500000	0.0256353
chr2_pat	16500000	16600000	0.0188605
chr2_pat	16600000	16700000	0.0177398
chr2_pat	16700000	16800000	0.0186619
chr2_pat	16800000	16900000	0.0180603
chr2_pat	16900000	17000000	0.0190429
chr2_pat	17000000	17100000	0.0238322
chr2_pat	17100000	17200000	0.0234171
chr2_pat	17200000	17300000	0.0215244
chr2_pat	17300000	17400000	0.0202795
chr2_pat	17400000	17500000	0.018108
chr2_pat	17500000	17600000	0.0205871
chr2_pat	17600000	17700000	0.0181887
chr2_pat	17700000	17800000	0.0270268
chr2_pat	17800000	17900000	0.0242102
chr2_pat	17900000	18000000	0.0227944
chr2_pat	18000000	18100000	0.0236432
chr2_pat	18100000	18200000	0.0164581
chr2_pat	18200000	18300000	0.0200102
chr2_pat	18300000	18400000	0.0196684
chr2_pat	18400000	18500000	0.0337123
chr2_pat	18500000	18600000	0.0249167
chr2_pat	18600000	18700000	0.0218111
chr2_pat	18700000	18800000	0.0374878
chr2_pat	18800000	18900000	0.0168992
chr2_pat	18900000	19000000	0.0199847
chr2_pat	19000000	19100000	0.0239035
chr2_pat	19100000	19200000	0.0311468
chr2_pat	19200000	19300000	0.0236283
chr2_pat	19300000	19400000	0.0248882
chr2_pat	19400000	19500000	0.0305087
chr2_pat	19500000	19600000	0.0235725
chr2_pat	19600000	19700000	0.0244473
chr2_pat	19700000	19800000	0.0234893
chr2_pat	19800000	19900000	0.0283625
chr2_pat	19900000	20000000	0.0215115
chr2_pat	20000000	20100000	0.0179262
chr2_pat	20100000	20200000	0.0209528
chr2_pat	20200000	20300000	0.0231827
chr2_pat	20300000	20400000	0.0287693
chr2_pat	20400000	20500000	0.0286027
chr2_pat	20500000	20600000	0.0261968
chr2_pat	20600000	20700000	0.0160867
chr2_pat	20700000	20800000	0.0197707
chr2_pat	20800000	20900000	0.0198583
chr2_pat	20900000	21000000	0.022187
chr2_pat	21000000	21100000	0.0246806
chr2_pat	21100000	21200000	0.0235503
chr2_pat	21200000	21300000	0.0165079
chr2_pat	21300000	21400000	0.0274391
chr2_pat	21400000	21500000	
chr2_pat	21500000	21600000	
chr2_pat	21600000	21700000	
chr2_pat	21700000	21800000	
chr2_pat	21800000	21900000	
chr2_pat	21900000	22000000	
chr2_pat	22000000	22100000	
chr2_pat	22100000	22200000	
chr2_pat	22200000	22300000	
chr2_pat	22300000	22400000	
chr2_pat	22400000	22500000	
chr2_pat	22500000	22600000	
chr2_pat	22600000	22700000	
chr2_pat	22700000	22800000	
chr2_pat	22800000	22900000	
chr2_pat	22900000	23000000	
chr2_pat	23000000	23100000	
chr2_pat	23100000	23200000	
chr2_pat	23200000	23300000	
chr2_pat	23300000	23400000	
chr2_pat	23400000	23500000	
chr2_pat	23500000	23600000	
chr2_pat	23600000	23700000	
chr2_pat	23700000	23800000	
chr2_pat	23800000	23900000	
chr2_pat	23900000	24000000	
chr2_pat	24000000	24100000	
chr2_pat	24100000	24200000	
chr2_pat	24200000	24300000	
chr2_pat	24300000	24400000	
chr2_pat	24400000	24500000	
chr2_pat	24500000	24600000	
chr2_pat	24600000	24700000	
chr2_pat	24700000	24800000	
chr2_pat	24800000	24900000	
chr2_pat	24900000	25000000	
chr2_pat	25000000	25100000	
chr2_pat	25100000	25200000	
chr2_pat	25200000	25300000	
chr2_pat	25300000	25400000	
chr2_pat	25400000	25500000	
chr2_pat	25500000	25600000	
chr2_pat	25600000	25700000	
chr2_pat	25700000	25800000	
chr2_pat	25800000	25900000	
chr2_pat	25900000	26000000	
chr2_pat	26000000	26100000	
chr2_pat	26100000	26200000	
chr2_pat	26200000	26300000	
chr2_pat	26300000	26400000	
chr2_pat	26400000	26500000	
chr2_pat	26500000	26600000	
chr2_pat	26600000	26700000	
chr2_pat	26700000	26800000	
chr2_pat	26800000	26900000	
chr2_pat	26900000	27000000	
chr2_pat	27000000	27100000	
chr2_pat	27100000	27200000	
chr2_pat	27200000	27300000	
chr2_pat	27300000	27400000	
chr2_pat	27400000	27500000	
chr2_pat	27500000	27600000	
chr2_pat	27600000	27700000	
chr2_pat	27700000	27800000	
chr2_pat	27800000	27900000	
chr2_pat	27900000	28000000	
chr2_pat	28000000	28100000	
chr2_pat	28100000	28200000	
chr2_pat	28200000	28300000	
chr2_pat	28300000	28400000	
chr2_pat	28400000	28500000	
chr2_pat	28500000	28600000	
chr2_pat	28600000	28700000	
chr2_pat	28700000	28800000	
chr2_pat	28800000	28900000	
chr2_pat	28900000	29000000	
chr2_pat	29000000	29100000	
chr2_pat	29100000	29200000	
chr2_pat	29200000	29300000	
chr2_pat	29300000	29400000	
chr2_pat	29400000	29500000	
chr2_pat	29500000	29600000	
chr2_pat	29600000	29700000	
chr2_pat	29700000	29800000	
chr2_pat	29800000	29900000	
chr2_pat	29900000	30000000	
chr2_pat	30000000	30100000	
chr2_pat	30100000	30200000	
chr2_pat	30200000	30300000	
chr2_pat	30300000	30400000	
chr2_pat	30400000	30500000	
chr2_pat	30500000	30600000	
chr2_pat	30600000	30700000	
chr2_pat	30700000	30800000	
chr2_pat	30800000	30900000	
chr2_pat	30900000	31000000	
chr2_pat	31000000	31100000	
chr2_pat	31100000	31200000	
chr2_pat	31200000	31300000	
chr2_pat	31300000	31400000	
chr2_pat	31400000	31500000	
chr2_pat	31500000	31600000	
chr2_pat	31600000	31700000	
chr2_pat	31700000	31800000	
chr2_pat	31800000	31900000	
chr2_pat	31900000	32000000	
chr2_pat	32000000	32100000	
chr2_pat	32100000	32200000	
chr2_pat	32200000	32300000	
chr2_pat	32300000	32400000	
chr2_pat	32400000	32500000	
chr2_pat	32500000	32600000	
chr2_pat	32600000	32700000	
chr2_pat	32700000	32800000	
chr2_pat	32800000	32900000	
chr2_pat	32900000	33000000	
chr2_pat	33000000	33100000	
chr2_pat	33100000	33200000	
chr2_pat	33200000	33300000	
chr2_pat	33300000	33400000	
chr2_pat	33400000	33500000	
chr2_pat	33500000	33600000	
chr2_pat	33600000	33700000	
chr2_pat	33700000	33800000	
chr2_pat	33800000	33900000	
chr2_pat	33900000	34000000	
chr2_pat	34000000	34100000	
chr2_pat	34100000	34200000	
chr2_pat	34200000	34300000	
chr2_pat	34300000	34400000	
chr2_pat	34400000	34500000	
chr2_pat	34500000	34600000	
chr2_pat	34600000	34700000	
chr2_pat	34700000	34800000	
chr2_pat	34800000	34900000	
chr2_pat	34900000	35000000	
chr2_pat	35000000	35100000	
chr2_pat	35100000	35200000	
chr2_pat	35200000	35300000	
chr2_pat	35300000	35400000	
chr2_pat	35400000	35500000	
chr2_pat	35500000	35600000	
chr2_pat	35600000	35700000	
chr2_pat	35700000	35800000	
chr2_pat	35800000	35900000	
chr2_pat	35900000	36000000	
chr2_pat	36000000	36100000	
chr2_pat	36100000	36200000	
chr2_pat	36200000	36300000	
chr2_pat	36300000	36400000	
chr2_pat	36400000	36500000	
chr2_pat	36500000	36600000	
chr2_pat	36600000	36700000	
chr2_pat	36700000	36800000	
chr2_pat	36800000	36900000	
chr2_pat	36900000	37000000	
chr2_pat	37000000	37100000	
chr2_pat	37100000	37200000	
chr2_pat	37200000	37300000	
chr2_pat	37300000	37400000	
chr2_pat	37400000	37500000	
chr2_pat	37500000	37600000	
chr2_pat	37600000	37700000	
chr2_pat	37700000	37800000	
chr2_pat	37800000	37900000	
chr2_pat	37900000	38000000	
chr2_pat	38000000	38100000	
chr2_pat	38100000	38200000	
chr2_pat	38200000	38300000	
chr2_pat	38300000	38400000	
chr2_pat	38400000	38500000	
chr2_pat	38500000	38600000	
chr2_pat	38600000	38700000	
chr2_pat	38700000	38800000	
chr2_pat	38800000	38900000	
chr2_pat	38900000	39000000	
chr2_pat	39000000	39100000	
chr2_pat	39100000	39200000	
chr2_pat	39200000	39300000	
chr2_pat	39300000	39400000	
chr2_pat	39400000	39500000	
chr2_pat	39500000	39600000	
chr2_pat	39600000	39700000	
chr2_pat	39700000	39800000	
chr2_pat	39800000	39900000	
chr2_pat	39900000	40000000	
chr2_pat	40000000	40100000	
chr2_pat	40100000	40200000	
chr2_pat	40200000	40300000	
chr2_pat	40300000	40400000	
chr2_pat	40400000	40500000	
chr2_pat	40500000	40600000	
chr2_pat	40600000	40700000	
chr2_pat	40700000	40800000	
chr2_pat	40800000	40900000	
chr2_pat	40900000	41000000	
chr2_pat	41000000	41100000	
chr2_pat	41100000	41200000	
chr2_pat	41200000	41300000	
chr2_pat	41300000	41400000	
chr2_pat	41400000	41500000	
chr2_pat	41500000	41600000	
chr2_pat	41600000	41700000	
chr2_pat	41700000	41800000	
chr2_pat	41800000	41900000	
chr2_pat	41900000	42000000	
chr2_pat	42000000	42100000	
chr2_pat	42100000	42200000	
chr2_pat	42200000	42300000	
chr2_pat	42300000	42400000	
chr2_pat	42400000	42500000	
chr2_pat	42500000	42600000	
chr2_pat	42600000	42700000	
chr2_pat	42700000	42800000	
chr2_pat	42800000	42900000	
chr2_pat	42900000	43000000	
chr2_pat	43000000	43100000	
chr2_pat	43100000	43200000	
chr2_pat	43200000	43300000	
chr2_pat	43300000	43400000	
chr2_pat	43400000	43500000	
chr2_pat	43500000	43600000	
chr2_pat	43600000	43700000	
chr2_pat	43700000	43800000	
chr2_pat	43800000	43900000	
chr2_pat	43900000	44000000	
chr2_pat	44000000	44100000	
chr2_pat	44100000	44200000	
chr2_pat	44200000	44300000	
chr2_pat	44300000	44400000	
chr2_pat	44400000	44500000	
chr2_pat	44500000	44600000	
chr2_pat	44600000	44700000	
chr2_pat	44700000	44800000	
chr2_pat	44800000	44900000	
chr2_pat	44900000	45000000	
chr2_pat	45000000	45100000	
chr2_pat	45100000	45200000	
chr2_pat	45200000	45300000	
chr2_pat	45300000	45400000	
chr2_pat	45400000	45500000	
chr2_pat	45500000	45600000	
chr2_pat	45600000	45700000	
chr2_pat	45700000	45800000	
chr2_pat	45800000	45900000	
chr2_pat	45900000	46000000	
chr2_pat	46000000	46100000	
chr2_pat	46100000	46200000	
chr2_pat	46200000	46300000	
chr2_pat	46300000	46400000	
chr2_pat	46400000	46500000	
chr2_pat	46500000	46600000	
chr2_pat	46600000	46700000	
chr2_pat	46700000	46800000	
chr2_pat	46800000	46900000	
chr2_pat	46900000	47000000	
chr2_pat	47000000	47100000	
chr2_pat	47100000	47200000	
chr2_pat	47200000	47300000	
chr2_pat	47300000	47400000	
chr2_pat	47400000	47500000	
chr2_pat	47500000	47600000	
chr2_pat	47600000	47700000	
chr2_pat	47700000	47800000	
chr2_pat	47800000	47900000	
chr2_pat	47900000	48000000	
chr2_pat	48000000	48100000	
chr2_pat	48100000	48200000	
chr2_pat	48200000	48300000	
chr2_pat	48300000	48400000	
chr2_pat	48400000	48500000	
chr2_pat	48500000	48600000	
chr2_pat	48600000	48700000	
chr2_pat	48700000	48800000	
chr2_pat	48800000	48900000	
chr2_pat	48900000	49000000	
chr2_pat	49000000	49100000	
chr2_pat	49100000	49200000	
chr2_pat	49200000	49300000	
chr2_pat	49300000	49400000	
chr2_pat	49400000	49500000	
chr2_pat	49500000	49600000	
chr2_pat	49600000	49700000	
chr2_pat	49700000	49800000	
chr2_pat	49800000	49900000	
chr2_pat	49900000	50000000	
chr2_pat	50000000	50100000	
chr2_pat	50100000	50200000	
chr2_pat	50200000	50300000	
chr2_pat	50300000	50400000	
chr2_pat	50400000	50500000	
chr2_pat	50500000	50600000	
chr2_pat	50600000	50700000	
chr2_pat	50700000	50800000	
chr2_pat	50800000	50900000	
chr2_pat	50900000	51000000	
chr2_pat	51000000	51100000	
chr2_pat	51100000	51200000	
chr2_pat	51200000	51300000	
chr2_pat	51300000	51400000	
chr2_pat	51400000	51500000	
chr2_pat	51500000	51600000	
chr2_pat	51600000	51700000	
chr2_pat	51700000	51800000	
chr2_pat	51800000	51900000	
chr2_pat	51900000	52000000	
chr2_pat	52000000	52100000	
chr2_pat	52100000	52200000	
chr2_pat	52200000	52300000	
chr2_pat	52300000	52400000	
chr2_pat	52400000	52500000	
chr2_pat	52500000	52600000	
chr2_pat	52600000	52700000	
chr2_pat	52700000	52800000	
chr2_pat	52800000	52900000	
chr2_pat	52900000	53000000	
chr2_pat	53000000	53100000	
chr2_pat	53100000	53200000	
chr2_pat	53200000	53300000	
chr2_pat	53300000	53400000	
chr2_pat	53400000	53500000	
chr2_pat	53500000	53600000	
chr2_pat	53600000	53700000	
chr2_pat	53700000	53800000	
chr2_pat	53800000	53900000	
chr2_pat	53900000	54000000	
chr2_pat	54000000	54100000	
chr2_pat	54100000	54200000	
chr2_pat	54200000	54300000	
chr2_pat	54300000	54400000	
chr2_pat	54400000	54500000	
chr2_pat	54500000	54600000	
chr2_pat	54600000	54700000	
chr2_pat	54700000	54800000	
chr2_pat	54800000	54900000	
chr2_pat	54900000	55000000	
chr2_pat	55000000	55100000	
chr2_pat	55100000	55200000	
chr2_pat	55200000	55300000	
chr2_pat	55300000	55400000	
chr2_pat	55400000	55500000	
chr2_pat	55500000	55600000	
chr2_pat	55600000	55700000	
chr2_pat	55700000	55800000	
chr2_pat	55800000	55900000	
chr2_pat	55900000	56000000	
chr2_pat	56000000	56100000	
chr2_pat	56100000	56200000	
chr2_pat	56200000	56300000	
chr2_pat	56300000	56400000	
chr2_pat	56400000	56500000	
chr2_pat	56500000	56600000	
chr2_pat	56600000	56700000	
chr2_pat	56700000	56800000	
chr2_pat	56800000	56900000	
chr2_pat	56900000	57000000	
chr2_pat	57000000	57100000	
chr2_pat	57100000	57200000	
chr2_pat	57200000	57300000	
chr2_pat	57300000	57400000	
chr2_pat	57400000	57500000	
chr2_pat	57500000	57600000	
chr2_pat	57600000	57700000	
chr2_pat	57700000	57800000	
chr2_pat	57800000	57900000	
chr2_pat	57900000	58000000	
chr2_pat	58000000	58100000	
chr2_pat	58100000	58200000	
chr2_pat	58200000	58300000	
chr2_pat	58300000	58400000	
chr2_pat	58400000	58500000	
chr2_pat	58500000	58600000	
chr2_pat	58600000	58700000	
chr2_pat	58700000	58800000	
chr2_pat	58800000	58900000	
chr2_pat	58900000	59000000	
chr2_pat	59000000	59100000	
chr2_pat	59100000	59200000	
chr2_pat	59200000	59300000	
chr2_pat	59300000	59400000	
chr2_pat	59400000	59500000	
chr2_pat	59500000	59600000	
chr2_pat	59600000	59700000	
chr2_pat	59700000	59800000	
chr2_pat	59800000	59900000	
chr2_pat	59900000	60000000	
chr2_pat	60000000	60100000	
chr2_pat	60100000	60200000	
chr2_pat	60200000	60300000	
chr2_pat	60300000	60400000	
chr2_pat	60400000	60500000	
chr2_pat	60500000	60600000	
chr2_pat	60600000	60700000	
chr2_pat	60700000	60800000	
chr2_pat	60800000	60900000	
chr2_pat	60900000	61000000	
chr2_pat	61000000	61100000	
chr2_pat	61100000	61200000	
chr2_pat	61200000	61300000	
chr2_pat	61300000	61400000	
chr2_pat	61400000	61500000	
chr2_pat	61500000	61600000	
chr2_pat	61600000	61700000	
chr2_pat	61700000	61800000	
chr2_pat	61800000	61900000	
chr2_pat	61900000	62000000	
chr2_pat	62000000	62100000	
chr2_pat	62100000	62200000	
chr2_pat	62200000	62300000	
chr2_pat	62300000	62400000	
chr2_pat	62400000	62500000	
chr2_pat	62500000	62600000	
chr2_pat	62600000	62700000	
chr2_pat	62700000	62800000	
chr2_pat	62800000	62900000	
chr2_pat	62900000	63000000	
chr2_pat	63000000	63100000	
chr2_pat	63100000	63200000	
chr2_pat	63200000	63300000	
chr2_pat	63300000	63400000	
chr2_pat	63400000	63500000	
chr2_pat	63500000	63600000	
chr2_pat	63600000	63700000	
chr2_pat	63700000	63800000	
chr2_pat	63800000	63900000	
chr2_pat	63900000	64000000	
chr2_pat	64000000	64100000	
chr2_pat	64100000	64200000	
chr2_pat	64200000	64300000	
chr2_pat	64300000	64400000	
chr2_pat	64400000	64500000	
chr2_pat	64500000	64600000	
chr2_pat	64600000	64700000	
chr2_pat	64700000	64800000	
chr2_pat	64800000	64900000	
chr2_pat	64900000	65000000	
chr2_pat	65000000	65100000	
chr2_pat	65100000	65200000	
chr2_pat	65200000	65300000	
chr2_pat	65300000	65400000	
chr2_pat	65400000	65500000	
chr2_pat	65500000	65600000	
chr2_pat	65600000	65700000	
chr2_pat	65700000	65800000	
chr2_pat	65800000	65900000	
chr2_pat	65900000	66000000	
chr2_pat	66000000	66100000	
chr2_pat	66100000	66200000	
chr2_pat	66200000	66300000	
chr2_pat	66300000	66400000	
chr2_pat	66400000	66500000	
chr2_pat	66500000	66600000	
chr2_pat	66600000	66700000	
chr2_pat	66700000	66800000	
chr2_pat	66800000	66900000	
chr2_pat	66900000	67000000	
chr2_pat	67000000	67100000	
chr2_pat	67100000	67200000	
chr2_pat	67200000	67300000	
chr2_pat	67300000	67400000	
chr2_pat	67400000	67500000	
chr2_pat	67500000	67600000	
chr2_pat	67600000	67700000	
chr2_pat	67700000	67800000	
chr2_pat	67800000	67900000	
chr2_pat	67900000	68000000	
chr2_pat	68000000	68100000	
chr2_pat	68100000	68200000	
chr2_pat	68200000	68300000	
chr2_pat	68300000	68400000	
chr2_pat	68400000	68500000	
chr2_pat	68500000	68600000	
chr2_pat	68600000	68700000	
chr2_pat	68700000	68800000	
chr2_pat	68800000	68900000	
chr2_pat	68900000	69000000	
chr2_pat	69000000	69100000	
chr2_pat	69100000	69200000	
chr2_pat	69200000	69300000	
chr2_pat	69300000	69400000	
chr2_pat	69400000	69500000	
chr2_pat	69500000	69600000	
chr2_pat	69600000	69700000	
chr2_pat	69700000	69800000	
chr2_pat	69800000	69900000	
chr2_pat	69900000	70000000	
chr2_pat	70000000	70100000	
chr2_pat	70100000	70200000	
chr2_pat	70200000	70300000	
chr2_pat	70300000	70400000	
chr2_pat	70400000	70500000	
chr2_pat	70500000	70600000	
chr2_pat	70600000	70700000	
chr2_pat	70700000	70800000	
chr2_pat	70800000	70900000	
chr2_pat	70900000	71000000	
chr2_pat	71000000	71100000	
chr2_pat	71100000	71200000	
chr2_pat	71200000	71300000	
chr2_pat	71300000	71400000	
chr2_pat	71400000	71500000	
chr2_pat	71500000	71600000	
chr2_pat	71600000	71700000	
chr2_pat	71700000	71800000	
chr2_pat	71800000	71900000	
chr2_pat	71900000	72000000	
chr2_pat	72000000	72100000	
chr2_pat	72100000	72200000	
chr2_pat	72200000	72300000	
chr2_pat	72300000	72400000	
chr2_pat	72400000	72500000	
chr2_pat	72500000	72600000	
chr2_pat	72600000	72700000	
chr2_pat	72700000	72800000	
chr2_pat	72800000	72900000	
chr2_pat	72900000	73000000	
chr2_pat	73000000	73100000	
chr2_pat	73100000	73200000	
chr2_pat	73200000	73300000	
chr2_pat	73300000	73400000	
chr2_pat	73400000	73500000	
chr2_pat	73500000	73600000	
chr2_pat	73600000	73700000	
chr2_pat	73700000	73800000	
chr2_pat	73800000	73900000	
chr2_pat	73900000	74000000	
chr2_pat	74000000	74100000	
chr2_pat	74100000	74200000	
chr2_pat	74200000	74300000	
chr2_pat	74300000	74400000	
chr2_pat	74400000	74500000	
chr2_pat	74500000	74600000	
chr2_pat	74600000	74700000	
chr2_pat	74700000	74800000	
chr2_pat	74800000	74900000	
chr2_pat	74900000	75000000	
chr2_pat	75000000	75100000	
chr2_pat	75100000	75200000	
chr2_pat	75200000	75300000	
chr2_pat	75300000	75400000	
chr2_pat	75400000	75500000	
chr2_pat	75500000	75600000	
chr2_pat	75600000	75700000	
chr2_pat	75700000	75800000	
chr2_pat	75800000	75900000	
chr2_pat	75900000	76000000	
chr2_pat	76000000	76100000	
chr2_pat	76100000	76200000	
chr2_pat	76200000	76300000	
chr2_pat	76300000	76400000	
chr2_pat	76400000	76500000	
chr2_pat	76500000	76600000	
chr2_pat	76600000	76700000	
chr2_pat	76700000	76800000	
chr2_pat	76800000	76900000	
chr2_pat	76900000	77000000	
chr2_pat	77000000	77100000	
chr2_pat	77100000	77200000	
chr2_pat	77200000	77300000	
chr2_pat	77300000	77400000	
chr2_pat	77400000	77500000	
chr2_pat	77500000	77600000	
chr2_pat	77600000	77700000	
chr2_pat	77700000	77800000	
chr2_pat	77800000	77900000	
chr2_pat	77900000	78000000	
chr2_pat	78000000	78100000	
chr2_pat	78100000	78200000	
chr2_pat	78200000	78300000	
chr2_pat	78300000	78400000	
chr2_pat	78400000	78500000	
chr2_pat	78500000	78600000	
chr2_pat	78600000	78700000	
chr2_pat	78700000	78800000	
chr2_pat	78800000	78900000	
chr2_pat	78900000	79000000	
chr2_pat	79000000	79100000	
chr2_pat	79100000	79200000	
chr2_pat	79200000	79300000	
chr2_pat	79300000	79400000	
chr2_pat	79400000	79500000	
chr2_pat	79500000	79600000	
chr2_pat	79600000	79700000	
chr2_pat	79700000	79800000	
chr2_pat	79800000	79900000	
chr2_pat	79900000	80000000	
chr2_pat	80000000	80100000	
chr2_pat	80100000	80200000	
chr2_pat	80200000	80300000	
chr2_pat	80300000	80400000	
chr2_pat	80400000	80500000	
chr2_pat	80500000	80600000	
chr2_pat	80600000	80700000	
chr2_pat	80700000	80800000	
chr2_pat	80800000	80900000	
chr2_pat	80900000	81000000	
chr2_pat	81000000	81100000	
chr2_pat	81100000	81200000	
chr2_pat	81200000	81300000	
chr2_pat	81300000	81400000	
chr2_pat	81400000	81500000	
chr2_pat	81500000	81600000	
chr2_pat	81600000	81700000	
chr2_pat	81700000	81800000	
chr2_pat	81800000	81900000	
chr2_pat	81900000	82000000	
chr2_pat	82000000	82100000	
chr2_pat	82100000	82200000	
chr2_pat	82200000	82300000	
chr2_pat	82300000	82400000	
chr2_pat	82400000	82500000	
chr2_pat	82500000	82600000	
chr2_pat	82600000	82700000	
chr2_pat	82700000	82800000	
chr2_pat	82800000	82900000	
chr2_pat	82900000	83000000	
chr2_pat	83000000	83100000	
chr2_pat	83100000	83200000	
chr2_pat	83200000	83300000	
chr2_pat	83300000	83400000	
chr2_pat	83400000	83500000	
chr2_pat	83500000	83600000	
chr2_pat	83600000	83700000	
chr2_pat	83700000	83800000	
chr2_pat	83800000	83900000	
chr2_pat	83900000	84000000	
chr2_pat	84000000	84100000	
chr2_pat	84100000	84200000	
chr2_pat	84200000	84300000	
chr2_pat	84300000	84400000	
chr2_pat	84400000	84500000	
chr2_pat	84500000	84600000	
chr2_pat	84600000	84700000	
chr2_pat	84700000	84800000	
chr2_pat	84800000	84900000	
chr2_pat	84900000	85000000	
chr2_pat	85000000	85100000	
chr2_pat	85100000	85200000	
chr2_pat	85200000	85300000	
chr2_pat	85300000	85400000	
chr2_pat	85400000	85500000	
chr2_pat	85500000	85600000	
chr2_pat	85600000	85700000	
chr2_pat	85700000	85800000	
chr2_pat	85800000	85900000	
chr2_pat	85900000	86000000	
chr2_pat	86000000	86100000	
chr2_pat	86100000	86200000	
chr2_pat	86200000	86300000	
chr2_pat	86300000	86400000	
chr2_pat	86400000	86500000	
chr2_pat	86500000	86600000	
chr2_pat	86600000	86700000	
chr2_pat	86700000	86800000	
chr2_pat	86800000	86900000	
chr2_pat	86900000	87000000	
chr2_pat	87000000	87100000	
chr2_pat	87100000	87200000	
chr2_pat	87200000	87300000	
chr2_pat	87300000	87400000	
chr2_pat	87400000	87500000	
chr2_pat	87500000	87600000	
chr2_pat	87600000	87700000	
chr2_pat	87700000	87800000	
chr2_pat	87800000	87900000	
chr2_pat	87900000	88000000	
chr2_pat	88000000	88100000	
chr2_pat	88100000	88200000	
chr2_pat	88200000	88300000	
chr2_pat	88300000	88400000	
chr2_pat	88400000	88500000	
chr2_pat	88500000	88600000	
chr2_pat	88600000	88700000	
chr2_pat	88700000	88800000	
chr2_pat	88800000	88900000	
chr2_pat	88900000	89000000	
chr2_pat	89000000	89100000	
chr2_pat	89100000	89200000	
chr2_pat	89200000	89300000	
chr2_pat	89300000	89400000	
chr2_pat	89400000	89500000	
chr2_pat	89500000	89600000	
chr2_pat	89600000	89700000	
chr2_pat	89700000	89800000	
chr2_pat	89800000	89900000	
chr2_pat	89900000	90000000	
chr2_pat	90000000	90100000	
chr2_pat	90100000	90200000	
chr2_pat	90200000	90300000	
chr2_pat	90300000	90400000	
chr2_pat	90400000	90500000	
chr2_pat	90500000	90600000	
chr2_pat	90600000	90700000	
chr2_pat	90700000	90800000	
chr2_pat	90800000	90900000	
chr2_pat	90900000	91000000	
chr2_pat	91000000	91100000	
chr2_pat	91100000	91200000	
chr2_pat	91200000	91300000	
chr2_pat	91300000	91400000	
chr2_pat	91400000	91500000	
chr2_pat	91500000	91600000	
chr2_pat	91600000	91700000	
chr2_pat	91700000	91800000	
chr2_pat	91800000	91900000	
chr2_pat	91900000	92000000	
chr2_pat	92000000	92100000	
chr2_pat	92100000	92200000	
chr2_pat	92200000	92300000	
chr2_pat	92300000	92400000	
chr2_pat	92400000	92500000	
chr2_pat	92500000	92600000	
chr2_pat	92600000	92700000	
chr2_pat	92700000	92800000	
chr2_pat	92800000	92900000	
chr2_pat	92900000	93000000	
chr2_pat	93000000	93100000	
chr2_pat	93100000	93200000	
chr2_pat	93200000	93300000	
chr2_pat	93300000	93400000	
chr2_pat	93400000	93500000	
chr2_pat	93500000	93600000	
chr2_pat	93600000	93700000	
chr2_pat	93700000	93800000	
chr2_pat	93800000	93900000	
chr2_pat	93900000	94000000	
chr2_pat	94000000	94100000	
chr2_pat	94100000	94200000	
chr2_pat	94200000	94300000	
chr2_pat	94300000	94400000	
chr2_pat	94400000	94500000	
chr2_pat	94500000	94600000	
chr2_pat	94600000	94700000	
chr2_pat	94700000	94800000	
chr2_pat	94800000	94900000	
chr2_pat	94900000	95000000	
chr2_pat	95000000	95100000	
chr2_pat	95100000	95200000	
chr2_pat	95200000	95300000	
chr2_pat	95300000	95400000	
chr2_pat	95400000	95500000	
chr2_pat	95500000	95600000	
chr2_pat	95600000	95700000	
chr2_pat	95700000	95800000	
chr2_pat	95800000	95900000	
chr2_pat	95900000	96000000	
chr2_pat	96000000	96100000	
chr2_pat	96100000	96200000	
chr2_pat	96200000	96300000	
chr2_pat	96300000	96400000	
chr2_pat	96400000	96500000	
chr2_pat	96500000	96600000	
chr2_pat	96600000	96700000	
chr2_pat	96700000	96800000	
chr2_pat	96800000	96900000	
chr2_pat	96900000	97000000	
chr2_pat	97000000	97100000	
chr2_pat	97100000	97200000	
chr2_pat	97200000	97300000	
chr2_pat	97300000	97400000	
chr2_pat	97400000	97500000	
chr2_pat	97500000	97600000	
chr2_pat	97600000	97700000	
chr2_pat	97700000	97800000	
chr2_pat	97800000	97900000	
chr2_pat	97900000	98000000	
chr2_pat	98000000	98100000	
chr2_pat	98100000	98200000	
chr2_pat	98200000	98300000	
chr2_pat	98300000	98400000	
chr2_pat	98400000	98500000	
chr2_pat	98500000	98600000	
chr2_pat	98600000	98700000	
chr2_pat	98700000	98800000	
chr2_pat	98800000	98900000	
chr2_pat	98900000	99000000	
chr2_pat	99000000	99100000	
chr2_pat	99100000	99200000	
chr2_pat	99200000	99300000	
chr2_pat	99300000	99400000	
chr2_pat	99400000	99500000	
chr2_pat	99500000	99600000	
chr2_pat	99600000	99700000	
chr2_pat	99700000	99800000	
chr2_pat	99800000	99900000	
chr2_pat	99900000	100000000	
chr2_pat	100000000	100100000	
chr2_pat	100100000	100200000	
chr2_pat	100200000	100300000	
chr2_pat	100300000	100400000	
chr2_pat	100400000	100500000	
chr2_pat	100500000	100600000	
chr2_pat	100600000	100700000	
chr2_pat	100700000	100800000	
chr2_pat	100800000	100900000	
chr2_pat	100900000	101000000	
chr2_pat	101000000	101100000	
chr2_pat	101100000	101200000	
chr2_pat	101200000	101300000	
chr2_pat	101300000	101400000	
chr2_pat	101400000	101500000	
chr2_pat	101500000	101600000	
chr2_pat	101600000	101700000	
chr2_pat	101700000	101800000	
chr2_pat	101800000	101900000	
chr2_pat	101900000	102000000	
chr2_pat	102000000	102100000	
chr2_pat	102100000	102200000	
chr2_pat	102200000	102300000	
chr2_pat	102300000	102400000	
chr2_pat	102400000	102500000	
chr2_pat	102500000	102600000	
chr2_pat	102600000	102700000	
chr2_pat	102700000	102800000	
chr2_pat	102800000	102900000	
chr2_pat	102900000	103000000	
chr2_pat	103000000	103100000	
chr2_pat	103100000	103200000	
chr2_pat	103200000	103300000	
chr2_pat	103300000	103400000	
chr2_pat	103400000	103500000	
chr2_pat	103500000	103600000	
chr2_pat	103600000	103700000	
chr2_pat	103700000	103800000	
chr2_pat	103800000	103900000	
chr2_pat	103900000	104000000	
chr2_pat	104000000	104100000	
chr2_pat	104100000	104200000	
chr2_pat	104200000	104300000	
chr2_pat	104300000	104400000	
chr2_pat	104400000	104500000	
chr2_pat	104500000	104600000	
chr2_pat	104600000	104700000	
chr2_pat	104700000	104800000	
chr2_pat	104800000	104900000	
chr2_pat	104900000	105000000	
chr2_pat	105000000	105100000	
chr2_pat	105100000	105200000	
chr2_pat	105200000	105300000	
chr2_pat	105300000	105400000	
chr2_pat	105400000	105500000	
chr2_pat	105500000	105600000	
chr2_pat	105600000	105700000	
chr2_pat	105700000	105800000	
chr2_pat	105800000	105900000	
chr2_pat	105900000	106000000	
chr2_pat	106000000	106100000	
chr2_pat	106100000	106200000	
chr2_pat	106200000	106300000	
chr2_pat	106300000	106400000	
chr2_pat	106400000	106500000	
chr2_pat	106500000	106600000	
chr2_pat	106600000	106700000	
chr2_pat	106700000	106800000	
chr2_pat	106800000	106900000	
chr2_pat	106900000	107000000	
chr2_pat	107000000	107100000	
chr2_pat	107100000	107200000	
chr2_pat	107200000	107300000	
chr2_pat	107300000	107400000	
chr2_pat	107400000	107500000	
chr2_pat	107500000	107600000	
chr2_pat	107600000	107700000	
chr2_pat	107700000	107800000	
chr2_pat	107800000	107900000	
chr2_pat	107900000	108000000	
chr2_pat	108000000	108100000	
chr2_pat	108100000	108200000	
chr2_pat	108200000	108300000	
chr2_pat	108300000	108400000	
chr2_pat	108400000	108500000	
chr2_pat	108500000	108600000	
chr2_pat	108600000	108700000	
chr2_pat	108700000	108800000	
chr2_pat	108800000	108900000	
chr2_pat	108900000	109000000	
chr2_pat	109000000	109100000	
chr2_pat	109100000	109200000	
chr2_pat	109200000	109300000	
chr2_pat	109300000	109400000	
chr2_pat	109400000	109500000	
chr2_pat	109500000	109600000	
chr2_pat	109600000	109700000	
chr2_pat	109700000	109800000	
chr2_pat	109800000	109900000	
chr2_pat	109900000	110000000	
chr2_pat	110000000	110100000	
chr2_pat	110100000	110200000	
chr2_pat	110200000	110300000	
chr2_pat	110300000	110400000	
chr2_pat	110400000	110500000	
chr2_pat	110500000	110600000	
chr2_pat	110600000	110700000	
chr2_pat	110700000	110800000	
chr2_pat	110800000	110900000	
chr2_pat	110900000	111000000	
chr2_pat	111000000	111100000	
chr2_pat	111100000	111200000	
chr2_pat	111200000	111300000	
chr2_pat	111300000	111400000	
chr2_pat	111400000	111500000	
chr2_pat	111500000	111600000	
chr2_pat	111600000	111700000	
chr2_pat	111700000	111800000	
chr2_pat	111800000	111900000	
chr2_pat	111900000	112000000	
chr2_pat	112000000	112100000	
chr2_pat	112100000	112200000	
chr2_pat	112200000	112300000	
chr2_pat	112300000	112400000	
chr2_pat	112400000	112500000	
chr2_pat	112500000	112600000	
chr2_pat	112600000	112700000	
chr2_pat	112700000	112800000	
chr2_pat	112800000	112900000	
chr2_pat	112900000	113000000	
chr2_pat	113000000	113100000	
chr2_pat	113100000	113200000	
chr2_pat	113200000	113300000	
chr2_pat	113300000	113400000	
chr2_pat	113400000	113500000	
chr2_pat	113500000	113600000	
chr2_pat	113600000	113700000	
chr2_pat	113700000	113800000	
chr2_pat	113800000	113900000	
chr2_pat	113900000	114000000	
chr2_pat	114000000	114100000	
chr2_pat	114100000	114200000	
chr2_pat	114200000	114300000	
chr2_pat	114300000	114400000	
chr2_pat	114400000	114500000	
chr2_pat	114500000	114600000	
chr2_pat	114600000	114700000	
chr2_pat	114700000	114800000	
chr2_pat	114800000	114900000	
chr2_pat	114900000	115000000	
chr2_pat	115000000	115100000	
chr2_pat	115100000	115200000	
chr2_pat	115200000	115300000	
chr2_pat	115300000	115400000	
chr2_pat	115400000	115500000	
chr2_pat	115500000	115600000	
chr2_pat	115600000	115700000	
chr2_pat	115700000	115800000	
chr2_pat	115800000	115900000	
chr2_pat	115900000	116000000	
chr2_pat	116000000	116100000	
chr2_pat	116100000	116200000	
chr2_pat	116200000	116300000	
chr2_pat	116300000	116400000	
chr2_pat	116400000	116500000	
chr2_pat	116500000	116600000	
chr2_pat	116600000	116700000	
chr2_pat	116700000	116800000	
chr2_pat	116800000	116900000	
chr2_pat	116900000	117000000	
chr2_pat	117000000	117100000	
chr2_pat	117100000	117200000	
chr2_pat	117200000	117300000	
chr2_pat	117300000	117400000	
chr2_pat	117400000	117500000	
chr2_pat	117500000	117600000	
chr2_pat	117600000	117700000	
chr2_pat	117700000	117800000	
chr2_pat	117800000	117900000	
chr2_pat	117900000	118000000	
chr2_pat	118000000	118100000	
chr2_pat	118100000	118200000	
chr2_pat	118200000	118300000	
chr2_pat	118300000	118400000	
chr2_pat	118400000	118500000	
chr2_pat	118500000	118600000	
chr2_pat	118600000	118700000	
chr2_pat	118700000	118800000	
chr2_pat	118800000	118900000	
chr2_pat	118900000	119000000	
chr2_pat	119000000	119100000	
chr2_pat	119100000	119200000	
chr2_pat	119200000	119300000	
chr2_pat	119300000	119400000	
chr2_pat	119400000	119500000	
chr2_pat	119500000	119600000	
chr2_pat	119600000	119700000	
chr2_pat	119700000	119800000	
chr2_pat	119800000	119900000	
chr2_pat	119900000	120000000	
chr2_pat	120000000	120100000	
chr2_pat	120100000	120200000	
chr2_pat	120200000	120300000	
chr2_pat	120300000	120400000	
chr2_pat	120400000	120500000	
chr2_pat	120500000	120600000	
chr2_pat	120600000	120700000	
chr2_pat	120700000	120800000	
chr2_pat	120800000	120900000	
chr2_pat	120900000	121000000	
chr2_pat	121000000	121100000	
chr2_pat	121100000	121200000	
chr2_pat	121200000	121300000	
chr2_pat	121300000	121400000	
chr2_pat	121400000	121500000	
chr2_pat	121500000	121600000	
chr2_pat	121600000	121700000	
chr2_pat	121700000	121800000	
chr2_pat	121800000	121900000	
chr2_pat	121900000	122000000	
chr2_pat	122000000	122100000	
chr2_pat	122100000	122200000	
chr2_pat	122200000	122300000	
chr2_pat	122300000	122400000	
chr2_pat	122400000	122500000	
chr2_pat	122500000	122600000	
chr2_pat	122600000	122700000	
chr2_pat	122700000	122800000	
chr2_pat	122800000	122900000	
chr2_pat	122900000	123000000	
chr2_pat	123000000	123100000	
chr2_pat	123100000	123200000	
chr2_pat	123200000	123300000	
chr2_pat	123300000	123400000	
chr2_pat	123400000	123500000	
chr2_pat	123500000	123600000	
chr2_pat	123600000	123700000	
chr2_pat	123700000	123800000	
chr2_pat	123800000	123900000	
chr2_pat	123900000	124000000	
chr2_pat	124000000	124100000	
chr2_pat	124100000	124200000	
chr2_pat	124200000	124300000	
chr2_pat	124300000	124400000	
chr2_pat	124400000	124500000	
chr2_pat	124500000	124600000	
chr2_pat	124600000	124700000	
chr2_pat	124700000	124800000	
chr2_pat	124800000	124900000	
chr2_pat	124900000	125000000	
chr2_pat	125000000	125100000	
chr2_pat	125100000	125200000	
chr2_pat	125200000	125300000	
chr2_pat	125300000	125400000	
chr2_pat	125400000	125500000	
chr2_pat	125500000	125600000	
chr2_pat	125600000	125700000	
chr2_pat	125700000	125800000	
chr2_pat	125800000	125900000	
chr2_pat	125900000	126000000	
chr2_pat	126000000	126100000	
chr2_pat	126100000	126200000	
chr2_pat	126200000	126300000	
chr2_pat	126300000	126400000	
chr2_pat	126400000	126500000	
chr2_pat	126500000	126600000	
chr2_pat	126600000	126700000	
chr2_pat	126700000	126800000	
chr2_pat	126800000	126900000	
chr2_pat	126900000	127000000	
chr2_pat	127000000	127100000	
chr2_pat	127100000	127200000	
chr2_pat	127200000	127300000	
chr2_pat	127300000	127400000	
chr2_pat	127400000	127500000	
chr2_pat	127500000	127600000	
chr2_pat	127600000	127700000	
chr2_pat	127700000	127800000	
chr2_pat	127800000	127900000	
chr2_pat	127900000	128000000	
chr2_pat	128000000	128100000	
chr2_pat	128100000	128200000	
chr2_pat	128200000	128300000	
chr2_pat	128300000	128400000	
chr2_pat	128400000	128500000	
chr2_pat	128500000	128600000	
chr2_pat	128600000	128700000	
chr2_pat	128700000	128800000	
chr2_pat	128800000	128900000	
chr2_pat	128900000	129000000	
chr2_pat	129000000	129100000	
chr2_pat	129100000	129200000	
chr2_pat	129200000	129300000	
chr2_pat	129300000	129400000	
chr2_pat	129400000	129500000	
chr2_pat	129500000	129600000	
chr2_pat	129600000	129700000	
chr2_pat	129700000	129800000	
chr2_pat	129800000	129900000	
chr2_pat	129900000	130000000	
chr2_pat	130000000	130100000	
chr2_pat	130100000	130200000	
chr2_pat	130200000	130300000	
chr2_pat	130300000	130400000	
chr2_pat	130400000	130500000	
chr2_pat	130500000	130600000	
chr2_pat	130600000	130700000	
chr2_pat	130700000	130800000	
chr2_pat	130800000	130900000	
chr2_pat	130900000	131000000	
chr2_pat	131000000	131100000	
chr2_pat	131100000	131200000	
chr2_pat	131200000	131300000	
chr2_pat	131300000	131400000	
chr2_pat	131400000	131500000	
chr2_pat	131500000	131600000	
chr2_pat	131600000	131700000	
chr2_pat	131700000	131800000	
chr2_pat	131800000	131900000	
chr2_pat	131900000	132000000	
chr2_pat	132000000	132100000	
chr2_pat	132100000	132200000	
chr2_pat	132200000	132300000	
chr2_pat	132300000	132400000	
chr2_pat	132400000	132500000	
chr2_pat	132500000	132600000	
chr2_pat	132600000	132700000	
chr2_pat	132700000	132800000	
chr2_pat	132800000	132900000	
chr2_pat	132900000	133000000	
chr2_pat	133000000	133100000	
chr2_pat	133100000	133200000	
chr2_pat	133200000	133300000	
chr2_pat	133300000	133400000	
chr2_pat	133400000	133500000	
chr2_pat	133500000	133600000	
chr2_pat	133600000	133700000	
chr2_pat	133700000	133800000	
chr2_pat	133800000	133900000	
chr2_pat	133900000	134000000	
chr2_pat	134000000	134100000	
chr2_pat	134100000	134200000	
chr2_pat	134200000	134300000	
chr2_pat	134300000	134400000	
chr2_pat	134400000	134500000	
chr2_pat	134500000	134600000	
chr2_pat	134600000	134700000	
chr2_pat	134700000	134800000	
chr2_pat	134800000	134900000	
chr2_pat	134900000	135000000	
chr2_pat	135000000	135100000	
chr2_pat	135100000	135200000	
chr2_pat	135200000	135300000	
chr2_pat	135300000	135400000	
chr2_pat	135400000	135500000	
chr2_pat	135500000	135600000	
chr2_pat	135600000	135700000	
chr2_pat	135700000	135800000	
chr2_pat	135800000	135900000	
chr2_pat	135900000	136000000	
chr2_pat	136000000	136100000	
chr2_pat	136100000	136200000	
chr2_pat	136200000	136300000	
chr2_pat	136300000	136400000	
chr2_pat	136400000	136500000	
chr2_pat	136500000	136600000	
chr2_pat	136600000	136700000	
chr2_pat	136700000	136800000	
chr2_pat	136800000	136900000	
chr2_pat	136900000	137000000	
chr2_pat	137000000	137100000	
chr2_pat	137100000	137200000	
chr2_pat	137200000	137300000	
chr2_pat	137300000	137400000	
chr2_pat	137400000	137500000	
chr2_pat	137500000	137600000	
chr2_pat	137600000	137700000	
chr2_pat	137700000	137800000	
chr2_pat	137800000	137900000	
chr2_pat	137900000	138000000	
chr2_pat	138000000	138100000	
chr2_pat	138100000	138200000	
chr2_pat	138200000	138300000	
chr2_pat	138300000	138400000	
chr2_pat	138400000	138500000	
chr2_pat	138500000	138600000	
chr2_pat	138600000	138700000	
chr2_pat	138700000	138800000	
chr2_pat	138800000	138900000	
chr2_pat	138900000	139000000	
chr2_pat	139000000	139100000	
chr2_pat	139100000	139200000	
chr2_pat	139200000	139300000	
chr2_pat	139300000	139400000	
chr2_pat	139400000	139500000	
chr2_pat	139500000	139600000	
chr2_pat	139600000	139700000	
chr2_pat	139700000	139800000	
chr2_pat	139800000	139900000	
chr2_pat	139900000	140000000	
chr2_pat	140000000	140100000	
chr2_pat	140100000	140200000	
chr2_pat	140200000	140300000	
chr2_pat	140300000	140400000	
chr2_pat	140400000	140500000	
chr2_pat	140500000	140600000	
chr2_pat	140600000	140700000	
chr2_pat	140700000	140800000	
chr2_pat	140800000	140900000	
chr2_pat	140900000	141000000	
chr2_pat	141000000	141100000	
chr2_pat	141100000	141200000	
chr2_pat	141200000	141300000	
chr2_pat	141300000	141400000	
chr2_pat	141400000	141500000	
chr2_pat	141500000	141600000	
chr2_pat	141600000	141700000	
chr2_pat	141700000	141800000	
chr2_pat	141800000	141900000	
chr2_pat	141900000	142000000	
chr2_pat	142000000	142100000	
chr2_pat	142100000	142200000	
chr2_pat	142200000	142300000	
chr2_pat	142300000	142400000	
chr2_pat	142400000	142500000	
chr2_pat	142500000	142600000	
chr2_pat	142600000	142700000	
chr2_pat	142700000	142800000	
chr2_pat	142800000	142900000	
chr2_pat	142900000	143000000	
chr2_pat	143000000	143100000	
chr2_pat	143100000	143200000	
chr2_pat	143200000	143300000	
chr2_pat	143300000	143400000	
chr2_pat	143400000	143500000	
chr2_pat	143500000	143600000	
chr2_pat	143600000	143700000	
chr2_pat	143700000	143800000	
chr2_pat	143800000	143900000	
chr2_pat	143900000	144000000	
chr2_pat	144000000	144100000	
chr2_pat	144100000	144200000	
chr2_pat	144200000	144300000	
chr2_pat	144300000	144400000	
chr2_pat	144400000	144500000	
chr2_pat	144500000	144600000	
chr2_pat	144600000	144700000	
chr2_pat	144700000	144800000	
chr2_pat	144800000	144900000	
chr2_pat	144900000	145000000	
chr2_pat	145000000	145100000	
chr2_pat	145100000	145200000	
chr2_pat	145200000	145300000	
chr2_pat	145300000	145400000	
chr2_pat	145400000	145500000	
chr2_pat	145500000	145600000	
chr2_pat	145600000	145700000	
chr2_pat	145700000	145800000	
chr2_pat	145800000	145900000	
chr2_pat	145900000	146000000	
chr2_pat	146000000	146100000	
chr2_pat	146100000	146200000	
chr2_pat	146200000	146300000	
chr2_pat	146300000	146400000	
chr2_pat	146400000	146500000	
chr2_pat	146500000	146600000	
chr2_pat	146600000	146700000	
chr2_pat	146700000	146800000	
chr2_pat	146800000	146900000	
chr2_pat	146900000	147000000	
chr2_pat	147000000	147100000	
chr2_pat	147100000	147200000	
chr2_pat	147200000	147300000	
chr2_pat	147300000	147400000	
chr2_pat	147400000	147500000	
chr2_pat	147500000	147600000	
chr2_pat	147600000	147700000	
chr2_pat	147700000	147800000	
chr2_pat	147800000	147900000	
chr2_pat	147900000	148000000	
chr2_pat	148000000	148100000	
chr2_pat	148100000	148200000	
chr2_pat	148200000	148300000	
chr2_pat	148300000	148400000	
chr2_pat	148400000	148500000	
chr2_pat	148500000	148600000	
chr2_pat	148600000	148700000	
chr2_pat	148700000	148800000	
chr2_pat	148800000	148900000	
chr2_pat	148900000	149000000	
chr2_pat	149000000	149100000	
chr2_pat	149100000	149200000	0.0313552
chr2_pat	149200000	149300000	0.0325221
chr2_pat	149300000	149400000	0.0325815
chr2_pat	149400000	149500000	0.0288762
chr2_pat	149500000	149600000	0.0305182
chr2_pat	149600000	149700000	0.0274651
chr2_pat	149700000	149800000	0.0289336
chr2_pat	149800000	149900000	0.0263103
chr2_pat	149900000	150000000	0.0265727
chr2_pat	150000000	150100000	0.0227166
chr2_pat	150100000	150200000	0.0249695
chr2_pat	150200000	150300000	0.0194789
chr2_pat	150300000	150400000	0.0198215
chr2_pat	150400000	150500000	0.0207667
chr2_pat	150500000	150600000	0.0159839
chr2_pat	150600000	150700000	0.0200908
chr2_pat	150700000	150800000	0.0260433
chr2_pat	150800000	150900000	0.0124693
chr2_pat	150900000	151000000	0.0169173
chr2_pat	151000000	151100000	0.02226
chr2_pat	151100000	151200000	
chr2_pat	151200000	151300000	
chr2_pat	151300000	151400000	
chr2_pat	151400000	151500000	
chr2_pat	151500000	151600000	0.0220209
chr2_pat	151600000	151700000	0.0172413
chr2_pat	151700000	151800000	0.012811
chr2_pat	151800000	151900000	0.0140847
chr2_pat	151900000	152000000	0.028318
chr2_pat	152000000	152100000	0.0258155
chr2_pat	152100000	152200000	0.0254474
chr2_pat	152200000	152300000	0.0123961
chr2_pat	152300000	152400000	0.019818
chr2_pat	152400000	152500000	0.10931
chr2_pat	152500000	152562993	
chr3_pat	0	100000	
chr3_pat	100000	200000	0.0409987
chr3_pat	200000	300000	0.0251633
chr3_pat	300000	400000	0.0171553
chr3_pat	400000	500000	0.0168259
chr3_pat	500000	600000	0.0202729
chr3_pat	600000	700000	0.013517
chr3_pat	700000	800000	0.0113705
chr3_pat	800000	900000	0.0126559
chr3_pat	900000	1000000	0.0125217
chr3_pat	1000000	1100000	0.0124826
chr3_pat	1100000	1200000	0.00803597
chr3_pat	1200000	1300000	0.0101897
chr3_pat	1300000	1400000	0.0114053
chr3_pat	1400000	1500000	0.0100293
chr3_pat	1500000	1600000	0.00876093
chr3_pat	1600000	1700000	0.00873986
chr3_pat	1700000	1800000	0.0095925
chr3_pat	1800000	1900000	0.011323
chr3_pat	1900000	2000000	0.015756
chr3_pat	2000000	2100000	0.0119859
chr3_pat	2100000	2200000	0.0104241
chr3_pat	2200000	2300000	0.0165954
chr3_pat	2300000	2400000	0.0114866
chr3_pat	2400000	2500000	0.0125718
chr3_pat	2500000	2600000	0.0148539
chr3_pat	2600000	2700000	0.01301
chr3_pat	2700000	2800000	0.0144365
chr3_pat	2800000	2900000	0.0135939
chr3_pat	2900000	3000000	0.0157408
chr3_pat	3000000	3100000	0.0152398
chr3_pat	3100000	3200000	0.0147872
chr3_pat	3200000	3300000	0.0142764
chr3_pat	3300000	3400000	0.0148929
chr3_pat	3400000	3500000	0.0137234
chr3_pat	3500000	3600000	0.0103977
chr3_pat	3600000	3700000	0.014791
chr3_pat	3700000	3800000	0.0121825
chr3_pat	3800000	3900000	0.0157437
chr3_pat	3900000	4000000	0.0158811
chr3_pat	4000000	4100000	0.0114919
chr3_pat	4100000	4200000	0.0164213
chr3_pat	4200000	4300000	0.0159401
chr3_pat	4300000	4400000	0.0153652
chr3_pat	4400000	4500000	0.0157405
chr3_pat	4500000	4600000	0.0152449
chr3_pat	4600000	4700000	0.0162903
chr3_pat	4700000	4800000	0.017591
chr3_pat	4800000	4900000	0.0181226
chr3_pat	4900000	5000000	0.0164488
chr3_pat	5000000	5100000	0.0162562
chr3_pat	5100000	5200000	0.0157674
chr3_pat	5200000	5300000	0.00998161
chr3_pat	5300000	5400000	0.0119042
chr3_pat	5400000	5500000	0.0189464
chr3_pat	5500000	5600000	0.0196891
chr3_pat	5600000	5700000	0.0180462
chr3_pat	5700000	5800000	0.0165238
chr3_pat	5800000	5900000	0.0148214
chr3_pat	5900000	6000000	0.0179751
chr3_pat	6000000	6100000	0.0182452
chr3_pat	6100000	6200000	0.0148588
chr3_pat	6200000	6300000	0.0168563
chr3_pat	6300000	6400000	0.013515
chr3_pat	6400000	6500000	0.0136759
chr3_pat	6500000	6600000	0.0159785
chr3_pat	6600000	6700000	0.0160282
chr3_pat	6700000	6800000	0.0181845
chr3_pat	6800000	6900000	0.0176752
chr3_pat	6900000	7000000	0.015078
chr3_pat	7000000	7100000	0.016156
chr3_pat	7100000	7200000	0.0170256
chr3_pat	7200000	7300000	0.0179353
chr3_pat	7300000	7400000	0.0144808
chr3_pat	7400000	7500000	0.0116255
chr3_pat	7500000	7600000	0.0137563
chr3_pat	7600000	7700000	0.0117979
chr3_pat	7700000	7800000	0.0164447
chr3_pat	7800000	7900000	0.0196822
chr3_pat	7900000	8000000	0.0208654
chr3_pat	8000000	8100000	0.0195405
chr3_pat	8100000	8200000	0.0188897
chr3_pat	8200000	8300000	0.0244629
chr3_pat	8300000	8400000	0.0218674
chr3_pat	8400000	8500000	0.0206911
chr3_pat	8500000	8600000	0.0218436
chr3_pat	8600000	8700000	0.0177055
chr3_pat	8700000	8800000	0.0199826
chr3_pat	8800000	8900000	0.0197967
chr3_pat	8900000	9000000	0.0290853
chr3_pat	9000000	9100000	0.0200938
chr3_pat	9100000	9200000	0.0246006
chr3_pat	9200000	9300000	0.0234427
chr3_pat	9300000	9400000	0.0185252
chr3_pat	9400000	9500000	0.0321193
chr3_pat	9500000	9600000	0.0246884
chr3_pat	9600000	9700000	0.0201741
chr3_pat	9700000	9800000	0.0178985
chr3_pat	9800000	9900000	0.0192984
chr3_pat	9900000	10000000	0.0184147
chr3_pat	10000000	10100000	0.0139346
chr3_pat	10100000	10200000	0.0210293
chr3_pat	10200000	10300000	0.015162
chr3_pat	10300000	10400000	0.0224878
chr3_pat	10400000	10500000	
chr3_pat	10500000	10600000	
chr3_pat	10600000	10700000	
chr3_pat	10700000	10800000	
chr3_pat	10800000	10900000	
chr3_pat	10900000	11000000	
chr3_pat	11000000	11100000	
chr3_pat	11100000	11200000	
chr3_pat	11200000	11300000	
chr3_pat	11300000	11400000	
chr3_pat	11400000	11500000	
chr3_pat	11500000	11600000	
chr3_pat	11600000	11700000	
chr3_pat	11700000	11800000	
chr3_pat	11800000	11900000	
chr3_pat	11900000	12000000	
chr3_pat	12000000	12100000	
chr3_pat	12100000	12200000	
chr3_pat	12200000	12300000	
chr3_pat	12300000	12400000	
chr3_pat	12400000	12500000	
chr3_pat	12500000	12600000	
chr3_pat	12600000	12700000	
chr3_pat	12700000	12800000	
chr3_pat	12800000	12900000	
chr3_pat	12900000	13000000	
chr3_pat	13000000	13100000	
chr3_pat	13100000	13200000	
chr3_pat	13200000	13300000	
chr3_pat	13300000	13400000	
chr3_pat	13400000	13500000	
chr3_pat	13500000	13600000	
chr3_pat	13600000	13700000	
chr3_pat	13700000	13800000	
chr3_pat	13800000	13900000	
chr3_pat	13900000	14000000	
chr3_pat	14000000	14100000	
chr3_pat	14100000	14200000	
chr3_pat	14200000	14300000	
chr3_pat	14300000	14400000	
chr3_pat	14400000	14500000	
chr3_pat	14500000	14600000	
chr3_pat	14600000	14700000	
chr3_pat	14700000	14800000	
chr3_pat	14800000	14900000	
chr3_pat	14900000	15000000	
chr3_pat	15000000	15100000	
chr3_pat	15100000	15200000	
chr3_pat	15200000	15300000	
chr3_pat	15300000	15400000	
chr3_pat	15400000	15500000	
chr3_pat	15500000	15600000	
chr3_pat	15600000	15700000	
chr3_pat	15700000	15800000	0.0425813
chr3_pat	15800000	15900000	0.0187758
chr3_pat	15900000	16000000	0.0136795
chr3_pat	16000000	16100000	0.0152625
chr3_pat	16100000	16200000	0.0139247
chr3_pat	16200000	16300000	0.0230805
chr3_pat	16300000	16400000	0.0150903
chr3_pat	16400000	16500000	0.0384764
chr3_pat	16500000	16600000	0.0188403
chr3_pat	16600000	16700000	0.020537
chr3_pat	16700000	16800000	0.0180407
chr3_pat	16800000	16900000	0.0171474
chr3_pat	16900000	17000000	0.0170972
chr3_pat	17000000	17100000	0.0172482
chr3_pat	17100000	17200000	0.0134248
chr3_pat	17200000	17300000	0.0188189
chr3_pat	17300000	17400000	0.0164806
chr3_pat	17400000	17500000	0.0167501
chr3_pat	17500000	17600000	0.0248063
chr3_pat	17600000	17700000	0.0276197
chr3_pat	17700000	17800000	0.0347172
chr3_pat	17800000	17900000	0.0260657
chr3_pat	17900000	18000000	0.0266711
chr3_pat	18000000	18100000	0.034347
chr3_pat	18100000	18200000	0.0267661
chr3_pat	18200000	18300000	0.025246
chr3_pat	18300000	18400000	0.011748
chr3_pat	18400000	18500000	0.025073
chr3_pat	18500000	18600000	0.0230751
chr3_pat	18600000	18700000	0.0273272
chr3_pat	18700000	18800000	0.0337315
chr3_pat	18800000	18900000	0.0236676
chr3_pat	18900000	19000000	0.0207105
chr3_pat	19000000	19100000	0.0384757
chr3_pat	19100000	19200000	0.0290985
chr3_pat	19200000	19300000	0.0403615
chr3_pat	19300000	19400000	0.0196682
chr3_pat	19400000	19500000	0.0204795
chr3_pat	19500000	19600000	0.0224546
chr3_pat	19600000	19700000	0.014095
chr3_pat	19700000	19800000	0.0155129
chr3_pat	19800000	19900000	0.0263004
chr3_pat	19900000	20000000	0.0308722
chr3_pat	20000000	20100000	0.0307152
chr3_pat	20100000	20200000	0.0239952
chr3_pat	20200000	20300000	0.0249327
chr3_pat	20300000	20400000	0.027989
chr3_pat	20400000	20500000	0.0214059
chr3_pat	20500000	20600000	0.0289584
chr3_pat	20600000	20700000	0.0196107
chr3_pat	20700000	20800000	0.0203959
chr3_pat	20800000	20900000	0.0200228
chr3_pat	20900000	21000000	0.0298038
chr3_pat	21000000	21100000	0.0216349
chr3_pat	21100000	21200000	0.0175551
chr3_pat	21200000	21300000	0.0187213
chr3_pat	21300000	21400000	0.0198358
chr3_pat	21400000	21500000	0.0144403
chr3_pat	21500000	21600000	0.0181877
chr3_pat	21600000	21700000	0.0165278
chr3_pat	21700000	21800000	0.0183502
chr3_pat	21800000	21900000	0.0168087
chr3_pat	21900000	22000000	0.0201985
chr3_pat	22000000	22100000	0.028681
chr3_pat	22100000	22200000	0.0232221
chr3_pat	22200000	22300000	0.0180623
chr3_pat	22300000	22400000	0.0228621
chr3_pat	22400000	22500000	0.017786
chr3_pat	22500000	22600000	0.0203889
chr3_pat	22600000	22700000	0.025521
chr3_pat	22700000	22800000	0.022456
chr3_pat	22800000	22900000	0.0226621
chr3_pat	22900000	23000000	0.0391943
chr3_pat	23000000	23100000	0.043808
chr3_pat	23100000	23200000	0.0281234
chr3_pat	23200000	23300000	0.0399642
chr3_pat	23300000	23400000	0.0245558
chr3_pat	23400000	23500000	0.0234343
chr3_pat	23500000	23600000	0.0255048
chr3_pat	23600000	23700000	0.0183277
chr3_pat	23700000	23800000	0.0240498
chr3_pat	23800000	23900000	0.0578178
chr3_pat	23900000	24000000	0.034198
chr3_pat	24000000	24100000	0.020307
chr3_pat	24100000	24200000	0.0283574
chr3_pat	24200000	24300000	0.0293531
chr3_pat	24300000	24400000	0.0289713
chr3_pat	24400000	24500000	0.027067
chr3_pat	24500000	24600000	0.0227198
chr3_pat	24600000	24700000	0.0268073
chr3_pat	24700000	24800000	0.0338398
chr3_pat	24800000	24900000	0.0165927
chr3_pat	24900000	25000000	0.0218889
chr3_pat	25000000	25100000	0.015849
chr3_pat	25100000	25200000	0.0126315
chr3_pat	25200000	25300000	0.0289648
chr3_pat	25300000	25400000	0.0138073
chr3_pat	25400000	25500000	0.0214571
chr3_pat	25500000	25600000	0.0226306
chr3_pat	25600000	25700000	0.0218086
chr3_pat	25700000	25800000	0.0179079
chr3_pat	25800000	25900000	0.0209466
chr3_pat	25900000	26000000	0.0210078
chr3_pat	26000000	26100000	0.0228401
chr3_pat	26100000	26200000	0.0326528
chr3_pat	26200000	26300000	0.0204035
chr3_pat	26300000	26400000	0.0179616
chr3_pat	26400000	26500000	0.0227782
chr3_pat	26500000	26600000	0.0188858
chr3_pat	26600000	26700000	0.0194152
chr3_pat	26700000	26800000	0.0146988
chr3_pat	26800000	26900000	0.0172104
chr3_pat	26900000	27000000	0.0178543
chr3_pat	27000000	27100000	0.0252692
chr3_pat	27100000	27200000	0.0218084
chr3_pat	27200000	27300000	0.0195468
chr3_pat	27300000	27400000	0.0191722
chr3_pat	27400000	27500000	0.0299025
chr3_pat	27500000	27600000	0.020235
chr3_pat	27600000	27700000	0.0227875
chr3_pat	27700000	27800000	0.0198833
chr3_pat	27800000	27900000	0.020146
chr3_pat	27900000	28000000	0.0196826
chr3_pat	28000000	28100000	0.0262339
chr3_pat	28100000	28200000	0.0763097
chr3_pat	28200000	28300000	0.0218376
chr3_pat	28300000	28400000	0.0317712
chr3_pat	28400000	28500000	0.020909
chr3_pat	28500000	28600000	0.0335955
chr3_pat	28600000	28700000	0.0916154
chr3_pat	28700000	28800000	0.0598386
chr3_pat	28800000	28900000	0.0406849
chr3_pat	28900000	29000000	0.04092
chr3_pat	29000000	29100000	0.0238288
chr3_pat	29100000	29200000	0.0172885
chr3_pat	29200000	29300000	0.023041
chr3_pat	29300000	29400000	0.0495176
chr3_pat	29400000	29500000	0.0297721
chr3_pat	29500000	29600000	0.0252551
chr3_pat	29600000	29700000	0.0238255
chr3_pat	29700000	29800000	0.0225474
chr3_pat	29800000	29900000	0.0311003
chr3_pat	29900000	30000000	0.0226298
chr3_pat	30000000	30100000	0.0497652
chr3_pat	30100000	30200000	0.0350882
chr3_pat	30200000	30300000	0.0234854
chr3_pat	30300000	30400000	0.0162345
chr3_pat	30400000	30500000	0.0309475
chr3_pat	30500000	30600000	0.0416711
chr3_pat	30600000	30700000	0.0268658
chr3_pat	30700000	30800000	0.0332804
chr3_pat	30800000	30900000	0.0170564
chr3_pat	30900000	31000000	0.0278176
chr3_pat	31000000	31100000	0.0223993
chr3_pat	31100000	31200000	0.0245637
chr3_pat	31200000	31300000	0.0270175
chr3_pat	31300000	31400000	0.0254158
chr3_pat	31400000	31500000	0.021503
chr3_pat	31500000	31600000	0.0251363
chr3_pat	31600000	31700000	0.0242866
chr3_pat	31700000	31800000	0.0297435
chr3_pat	31800000	31900000	0.02537
chr3_pat	31900000	32000000	0.0311166
chr3_pat	32000000	32100000	0.0193013
chr3_pat	32100000	32200000	0.0706612
chr3_pat	32200000	32300000	0.0227007
chr3_pat	32300000	32400000	0.0213509
chr3_pat	32400000	32500000	0.0180276
chr3_pat	32500000	32600000	0.0301948
chr3_pat	32600000	32700000	0.0188908
chr3_pat	32700000	32800000	0.0202091
chr3_pat	32800000	32900000	0.0175423
chr3_pat	32900000	33000000	0.020672
chr3_pat	33000000	33100000	0.0214937
chr3_pat	33100000	33200000	0.0326836
chr3_pat	33200000	33300000	0.0502094
chr3_pat	33300000	33400000	0.055037
chr3_pat	33400000	33500000	0.0272002
chr3_pat	33500000	33600000	0.028519
chr3_pat	33600000	33700000	0.0286802
chr3_pat	33700000	33800000	0.0247969
chr3_pat	33800000	33900000	0.0287536
chr3_pat	33900000	34000000	0.0254483
chr3_pat	34000000	34100000	0.0240083
chr3_pat	34100000	34200000	0.0134079
chr3_pat	34200000	34300000	0.0149521
chr3_pat	34300000	34400000	0.0450399
chr3_pat	34400000	34500000	0.025586
chr3_pat	34500000	34600000	0.0212734
chr3_pat	34600000	34700000	0.0254616
chr3_pat	34700000	34800000	0.0238798
chr3_pat	34800000	34900000	0.0300588
chr3_pat	34900000	35000000	0.0226107
chr3_pat	35000000	35100000	0.038091
chr3_pat	35100000	35200000	0.0151389
chr3_pat	35200000	35300000	0.0192744
chr3_pat	35300000	35400000	0.0224756
chr3_pat	35400000	35500000	0.0138721
chr3_pat	35500000	35600000	0.0127449
chr3_pat	35600000	35700000	0.021424
chr3_pat	35700000	35800000	0.0188914
chr3_pat	35800000	35900000	0.0157009
chr3_pat	35900000	36000000	0.0167552
chr3_pat	36000000	36100000	0.0265454
chr3_pat	36100000	36200000	0.0434678
chr3_pat	36200000	36300000	0.0299551
chr3_pat	36300000	36400000	0.0234375
chr3_pat	36400000	36500000	0.0209803
chr3_pat	36500000	36600000	0.0195713
chr3_pat	36600000	36700000	0.0165498
chr3_pat	36700000	36800000	0.0316341
chr3_pat	36800000	36900000	0.0197099
chr3_pat	36900000	37000000	0.0447221
chr3_pat	37000000	37100000	0.0179069
chr3_pat	37100000	37200000	0.0161301
chr3_pat	37200000	37300000	0.0239422
chr3_pat	37300000	37400000	0.0264108
chr3_pat	37400000	37500000	0.0259476
chr3_pat	37500000	37600000	0.0436306
chr3_pat	37600000	37700000	0.0159025
chr3_pat	37700000	37800000	0.0174546
chr3_pat	37800000	37900000	0.02162
chr3_pat	37900000	38000000	0.0381425
chr3_pat	38000000	38100000	0.0665312
chr3_pat	38100000	38200000	0.0432694
chr3_pat	38200000	38300000	0.028207
chr3_pat	38300000	38400000	0.0721182
chr3_pat	38400000	38500000	0.0371273
chr3_pat	38500000	38600000	0.0290792
chr3_pat	38600000	38700000	0.0260361
chr3_pat	38700000	38800000	0.0635316
chr3_pat	38800000	38900000	0.0359232
chr3_pat	38900000	39000000	0.0289714
chr3_pat	39000000	39100000	0.0278594
chr3_pat	39100000	39200000	0.0223922
chr3_pat	39200000	39300000	0.022735
chr3_pat	39300000	39400000	0.0369435
chr3_pat	39400000	39500000	0.0511331
chr3_pat	39500000	39600000	0.0346204
chr3_pat	39600000	39700000	0.0549275
chr3_pat	39700000	39800000	
chr3_pat	39800000	39900000	
chr3_pat	39900000	40000000	0.0476989
chr3_pat	40000000	40100000	0.0321118
chr3_pat	40100000	40200000	0.0324595
chr3_pat	40200000	40300000	0.0223239
chr3_pat	40300000	40400000	0.0300453
chr3_pat	40400000	40500000	0.02579
chr3_pat	40500000	40600000	0.0249725
chr3_pat	40600000	40700000	0.0171275
chr3_pat	40700000	40800000	0.0152989
chr3_pat	40800000	40900000	0.0185939
chr3_pat	40900000	41000000	0.0231986
chr3_pat	41000000	41100000	0.0220002
chr3_pat	41100000	41200000	0.0219481
chr3_pat	41200000	41300000	0.0308587
chr3_pat	41300000	41400000	0.0261676
chr3_pat	41400000	41500000	0.0262618
chr3_pat	41500000	41600000	0.0383266
chr3_pat	41600000	41700000	0.0367506
chr3_pat	41700000	41800000	0.0208431
chr3_pat	41800000	41900000	0.0232045
chr3_pat	41900000	42000000	0.0180479
chr3_pat	42000000	42100000	0.0158485
chr3_pat	42100000	42200000	0.0218396
chr3_pat	42200000	42300000	0.0197722
chr3_pat	42300000	42400000	0.0274087
chr3_pat	42400000	42500000	0.0256724
chr3_pat	42500000	42600000	0.0262744
chr3_pat	42600000	42700000	0.0213991
chr3_pat	42700000	42800000	0.0425168
chr3_pat	42800000	42900000	0.0234796
chr3_pat	42900000	43000000	0.0246659
chr3_pat	43000000	43100000	0.0467767
chr3_pat	43100000	43200000	0.0366742
chr3_pat	43200000	43300000	0.0275001
chr3_pat	43300000	43400000	0.029214
chr3_pat	43400000	43500000	0.040925
chr3_pat	43500000	43600000	0.0425835
chr3_pat	43600000	43700000	0.0222555
chr3_pat	43700000	43800000	0.0253043
chr3_pat	43800000	43900000	0.0431068
chr3_pat	43900000	44000000	0.0258651
chr3_pat	44000000	44100000	0.0308142
chr3_pat	44100000	44200000	0.0267511
chr3_pat	44200000	44300000	0.0323881
chr3_pat	44300000	44400000	0.0210476
chr3_pat	44400000	44500000	0.0165894
chr3_pat	44500000	44600000	0.0262086
chr3_pat	44600000	44700000	0.017845
chr3_pat	44700000	44800000	0.0188873
chr3_pat	44800000	44900000	0.0337956
chr3_pat	44900000	45000000	0.0418308
chr3_pat	45000000	45100000	0.0315858
chr3_pat	45100000	45200000	0.0420599
chr3_pat	45200000	45300000	0.0225226
chr3_pat	45300000	45400000	0.0180918
chr3_pat	45400000	45500000	0.023634
chr3_pat	45500000	45600000	0.0247706
chr3_pat	45600000	45700000	0.0293378
chr3_pat	45700000	45800000	0.0254055
chr3_pat	45800000	45900000	0.0160757
chr3_pat	45900000	46000000	0.0157115
chr3_pat	46000000	46100000	0.0160987
chr3_pat	46100000	46200000	0.0135781
chr3_pat	46200000	46300000	0.0165973
chr3_pat	46300000	46400000	0.0227996
chr3_pat	46400000	46500000	0.0177575
chr3_pat	46500000	46600000	0.0152209
chr3_pat	46600000	46700000	0.0142471
chr3_pat	46700000	46800000	0.020812
chr3_pat	46800000	46900000	0.0137287
chr3_pat	46900000	47000000	0.0167885
chr3_pat	47000000	47100000	0.0172879
chr3_pat	47100000	47200000	0.0139537
chr3_pat	47200000	47300000	0.0180669
chr3_pat	47300000	47400000	0.0217426
chr3_pat	47400000	47500000	0.0230378
chr3_pat	47500000	47600000	0.0209815
chr3_pat	47600000	47700000	0.0193707
chr3_pat	47700000	47800000	0.0160988
chr3_pat	47800000	47900000	0.021831
chr3_pat	47900000	48000000	0.0292279
chr3_pat	48000000	48100000	0.0390027
chr3_pat	48100000	48200000	0.0384567
chr3_pat	48200000	48300000	0.0285268
chr3_pat	48300000	48400000	0.0279197
chr3_pat	48400000	48500000	0.0368594
chr3_pat	48500000	48600000	0.0656592
chr3_pat	48600000	48700000	0.0390302
chr3_pat	48700000	48800000	0.0329331
chr3_pat	48800000	48900000	
chr3_pat	48900000	49000000	
chr3_pat	49000000	49100000	
chr3_pat	49100000	49200000	0.0547247
chr3_pat	49200000	49300000	
chr3_pat	49300000	49400000	
chr3_pat	49400000	49500000	0.0292608
chr3_pat	49500000	49600000	0.0196601
chr3_pat	49600000	49700000	0.0420793
chr3_pat	49700000	49800000	0.0152709
chr3_pat	49800000	49900000	0.0244819
chr3_pat	49900000	50000000	0.0229601
chr3_pat	50000000	50100000	0.0293914
chr3_pat	50100000	50200000	0.0153211
chr3_pat	50200000	50300000	0.0209649
chr3_pat	50300000	50400000	0.0224826
chr3_pat	50400000	50500000	0.0197436
chr3_pat	50500000	50600000	0.0177885
chr3_pat	50600000	50700000	0.0166304
chr3_pat	50700000	50800000	0.0192359
chr3_pat	50800000	50900000	0.0250763
chr3_pat	50900000	51000000	0.024622
chr3_pat	51000000	51100000	0.0238646
chr3_pat	51100000	51200000	0.0368353
chr3_pat	51200000	51300000	0.0226017
chr3_pat	51300000	51400000	0.0296768
chr3_pat	51400000	51500000	0.0254828
chr3_pat	51500000	51600000	0.0275177
chr3_pat	51600000	51700000	0.0333929
chr3_pat	51700000	51800000	0.0224747
chr3_pat	51800000	51900000	0.0273997
chr3_pat	51900000	52000000	0.0267858
chr3_pat	52000000	52100000	0.0153867
chr3_pat	52100000	52200000	0.0180313
chr3_pat	52200000	52300000	0.0264486
chr3_pat	52300000	52400000	0.0256521
chr3_pat	52400000	52500000	0.0224264
chr3_pat	52500000	52600000	0.0228894
chr3_pat	52600000	52700000	0.0271742
chr3_pat	52700000	52800000	0.023214
chr3_pat	52800000	52900000	0.0469852
chr3_pat	52900000	53000000	0.0251623
chr3_pat	53000000	53100000	0.0275872
chr3_pat	53100000	53200000	0.0239824
chr3_pat	53200000	53300000	0.0202819
chr3_pat	53300000	53400000	0.0209991
chr3_pat	53400000	53500000	0.0225143
chr3_pat	53500000	53600000	0.0180293
chr3_pat	53600000	53700000	0.0159098
chr3_pat	53700000	53800000	0.0276213
chr3_pat	53800000	53900000	0.0480707
chr3_pat	53900000	54000000	0.0561922
chr3_pat	54000000	54100000	0.0366942
chr3_pat	54100000	54200000	0.0208899
chr3_pat	54200000	54300000	0.0801018
chr3_pat	54300000	54400000	0.0292029
chr3_pat	54400000	54500000	0.044298
chr3_pat	54500000	54600000	0.0414608
chr3_pat	54600000	54700000	0.0399782
chr3_pat	54700000	54800000	0.0239659
chr3_pat	54800000	54900000	0.0328477
chr3_pat	54900000	55000000	
chr3_pat	55000000	55100000	
chr3_pat	55100000	55200000	
chr3_pat	55200000	55300000	0.0272441
chr3_pat	55300000	55400000	0.0235801
chr3_pat	55400000	55500000	0.0297405
chr3_pat	55500000	55600000	0.0210036
chr3_pat	55600000	55700000	0.025608
chr3_pat	55700000	55800000	0.0348806
chr3_pat	55800000	55900000	0.036048
chr3_pat	55900000	56000000	0.0246027
chr3_pat	56000000	56100000	0.0187934
chr3_pat	56100000	56200000	0.0142483
chr3_pat	56200000	56300000	0.0242725
chr3_pat	56300000	56400000	0.0280127
chr3_pat	56400000	56500000	0.0239812
chr3_pat	56500000	56600000	0.0302888
chr3_pat	56600000	56700000	0.0225775
chr3_pat	56700000	56800000	0.0262938
chr3_pat	56800000	56900000	0.0284431
chr3_pat	56900000	57000000	0.0256377
chr3_pat	57000000	57100000	0.0370578
chr3_pat	57100000	57200000	0.0183039
chr3_pat	57200000	57300000	0.0287846
chr3_pat	57300000	57400000	0.0225721
chr3_pat	57400000	57500000	0.0235717
chr3_pat	57500000	57600000	0.0179431
chr3_pat	57600000	57700000	0.0240695
chr3_pat	57700000	57800000	0.0205247
chr3_pat	57800000	57900000	0.0177687
chr3_pat	57900000	58000000	0.0148431
chr3_pat	58000000	58100000	0.0134911
chr3_pat	58100000	58200000	0.0228847
chr3_pat	58200000	58300000	0.0194153
chr3_pat	58300000	58400000	0.0121948
chr3_pat	58400000	58500000	0.0281516
chr3_pat	58500000	58600000	0.086827
chr3_pat	58600000	58700000	0.0253489
chr3_pat	58700000	58800000	0.0270434
chr3_pat	58800000	58900000	0.022728
chr3_pat	58900000	59000000	0.0241185
chr3_pat	59000000	59100000	0.0160388
chr3_pat	59100000	59200000	0.0258194
chr3_pat	59200000	59300000	0.0236337
chr3_pat	59300000	59400000	0.0242929
chr3_pat	59400000	59500000	0.0264399
chr3_pat	59500000	59600000	0.0218394
chr3_pat	59600000	59700000	0.027602
chr3_pat	59700000	59800000	0.0189926
chr3_pat	59800000	59900000	0.0251654
chr3_pat	59900000	60000000	0.0220513
chr3_pat	60000000	60100000	0.025123
chr3_pat	60100000	60200000	0.0305334
chr3_pat	60200000	60300000	0.0256353
chr3_pat	60300000	60400000	0.0399653
chr3_pat	60400000	60500000	0.0332448
chr3_pat	60500000	60600000	0.0205484
chr3_pat	60600000	60700000	0.0213425
chr3_pat	60700000	60800000	0.0179009
chr3_pat	60800000	60900000	0.03211
chr3_pat	60900000	61000000	0.034533
chr3_pat	61000000	61100000	0.0327756
chr3_pat	61100000	61200000	0.0537742
chr3_pat	61200000	61300000	0.0547622
chr3_pat	61300000	61400000	0.0399551
chr3_pat	61400000	61500000	0.0243115
chr3_pat	61500000	61600000	0.0241071
chr3_pat	61600000	61700000	0.0272106
chr3_pat	61700000	61800000	0.0209633
chr3_pat	61800000	61900000	0.031056
chr3_pat	61900000	62000000	0.0270677
chr3_pat	62000000	62100000	0.0134857
chr3_pat	62100000	62200000	0.0388962
chr3_pat	62200000	62300000	0.0189336
chr3_pat	62300000	62400000	0.0168186
chr3_pat	62400000	62500000	0.02159
chr3_pat	62500000	62600000	0.0568513
chr3_pat	62600000	62700000	0.0150608
chr3_pat	62700000	62800000	0.0548103
chr3_pat	62800000	62900000	0.0172485
chr3_pat	62900000	63000000	0.0279595
chr3_pat	63000000	63100000	0.0257297
chr3_pat	63100000	63200000	0.0321342
chr3_pat	63200000	63300000	0.0190729
chr3_pat	63300000	63400000	0.032027
chr3_pat	63400000	63500000	0.0270659
chr3_pat	63500000	63600000	0.0318271
chr3_pat	63600000	63700000	0.0313439
chr3_pat	63700000	63800000	0.0373742
chr3_pat	63800000	63900000	0.0372267
chr3_pat	63900000	64000000	0.0517646
chr3_pat	64000000	64100000	0.0430012
chr3_pat	64100000	64200000	0.0439992
chr3_pat	64200000	64300000	0.0230189
chr3_pat	64300000	64400000	0.0180388
chr3_pat	64400000	64500000	0.0295035
chr3_pat	64500000	64600000	0.0299938
chr3_pat	64600000	64700000	0.0217939
chr3_pat	64700000	64800000	0.022269
chr3_pat	64800000	64900000	0.0259563
chr3_pat	64900000	65000000	0.031761
chr3_pat	65000000	65100000	0.0193424
chr3_pat	65100000	65200000	0.0177075
chr3_pat	65200000	65300000	0.0304594
chr3_pat	65300000	65400000	0.0221907
chr3_pat	65400000	65500000	0.0458157
chr3_pat	65500000	65600000	0.0826504
chr3_pat	65600000	65700000	
chr3_pat	65700000	65800000	0.0368473
chr3_pat	65800000	65900000	0.0165616
chr3_pat	65900000	66000000	0.0206007
chr3_pat	66000000	66100000	0.023413
chr3_pat	66100000	66200000	0.0231437
chr3_pat	66200000	66300000	0.0291612
chr3_pat	66300000	66400000	0.0237015
chr3_pat	66400000	66500000	0.016627
chr3_pat	66500000	66600000	0.0196134
chr3_pat	66600000	66700000	0.0231676
chr3_pat	66700000	66800000	0.0228541
chr3_pat	66800000	66900000	0.0208179
chr3_pat	66900000	67000000	0.0256913
chr3_pat	67000000	67100000	0.0255166
chr3_pat	67100000	67200000	0.0239881
chr3_pat	67200000	67300000	0.0382138
chr3_pat	67300000	67400000	0.0252836
chr3_pat	67400000	67500000	0.0247017
chr3_pat	67500000	67600000	0.0232706
chr3_pat	67600000	67700000	0.0257634
chr3_pat	67700000	67800000	0.0227058
chr3_pat	67800000	67900000	0.0220051
chr3_pat	67900000	68000000	0.0221178
chr3_pat	68000000	68100000	0.0180057
chr3_pat	68100000	68200000	0.0160259
chr3_pat	68200000	68300000	0.0204123
chr3_pat	68300000	68400000	0.0236221
chr3_pat	68400000	68500000	0.0208562
chr3_pat	68500000	68600000	0.0343835
chr3_pat	68600000	68700000	0.0414269
chr3_pat	68700000	68800000	0.0397613
chr3_pat	68800000	68900000	0.0476464
chr3_pat	68900000	69000000	0.0499098
chr3_pat	69000000	69100000	0.0379841
chr3_pat	69100000	69200000	0.0296473
chr3_pat	69200000	69300000	0.03372
chr3_pat	69300000	69400000	0.0217896
chr3_pat	69400000	69500000	0.0304125
chr3_pat	69500000	69600000	0.0232009
chr3_pat	69600000	69700000	0.0442735
chr3_pat	69700000	69800000	0.0299288
chr3_pat	69800000	69900000	0.0582403
chr3_pat	69900000	70000000	0.0245963
chr3_pat	70000000	70100000	0.0235608
chr3_pat	70100000	70200000	0.0143429
chr3_pat	70200000	70300000	0.0185915
chr3_pat	70300000	70400000	0.0205304
chr3_pat	70400000	70500000	0.0213571
chr3_pat	70500000	70600000	0.0154699
chr3_pat	70600000	70700000	0.0162044
chr3_pat	70700000	70800000	0.0287824
chr3_pat	70800000	70900000	0.0223506
chr3_pat	70900000	71000000	0.0189895
chr3_pat	71000000	71100000	0.0229948
chr3_pat	71100000	71200000	0.0264542
chr3_pat	71200000	71300000	0.0220261
chr3_pat	71300000	71400000	0.0292749
chr3_pat	71400000	71500000	0.0253729
chr3_pat	71500000	71600000	0.0277753
chr3_pat	71600000	71700000	0.0253015
chr3_pat	71700000	71800000	0.0241939
chr3_pat	71800000	71900000	0.0295951
chr3_pat	71900000	72000000	0.0241122
chr3_pat	72000000	72100000	0.0278373
chr3_pat	72100000	72200000	0.0215618
chr3_pat	72200000	72300000	0.0165065
chr3_pat	72300000	72400000	0.0185794
chr3_pat	72400000	72500000	0.0297332
chr3_pat	72500000	72600000	0.0178667
chr3_pat	72600000	72700000	0.019875
chr3_pat	72700000	72800000	0.0255191
chr3_pat	72800000	72900000	0.0261384
chr3_pat	72900000	73000000	0.02477
chr3_pat	73000000	73100000	0.0173364
chr3_pat	73100000	73200000	0.0201392
chr3_pat	73200000	73300000	0.0196056
chr3_pat	73300000	73400000	0.0199862
chr3_pat	73400000	73500000	0.0383989
chr3_pat	73500000	73600000	0.0248044
chr3_pat	73600000	73700000	0.0262458
chr3_pat	73700000	73800000	0.0198418
chr3_pat	73800000	73900000	0.028099
chr3_pat	73900000	74000000	0.03512
chr3_pat	74000000	74100000	0.0290304
chr3_pat	74100000	74200000	0.0657071
chr3_pat	74200000	74300000	0.053786
chr3_pat	74300000	74400000	0.0347728
chr3_pat	74400000	74500000	0.0326197
chr3_pat	74500000	74600000	0.0400329
chr3_pat	74600000	74700000	0.0668388
chr3_pat	74700000	74800000	0.0329323
chr3_pat	74800000	74900000	0.0259451
chr3_pat	74900000	75000000	0.0419167
chr3_pat	75000000	75100000	0.074553
chr3_pat	75100000	75200000	0.0220838
chr3_pat	75200000	75300000	0.0251817
chr3_pat	75300000	75400000	0.0524391
chr3_pat	75400000	75500000	0.0414007
chr3_pat	75500000	75600000	0.0216983
chr3_pat	75600000	75700000	0.0482626
chr3_pat	75700000	75800000	0.0736697
chr3_pat	75800000	75900000	0.0750774
chr3_pat	75900000	76000000	0.0491759
chr3_pat	76000000	76100000	
chr3_pat	76100000	76200000	
chr3_pat	76200000	76300000	0.0822162
chr3_pat	76300000	76400000	0.0801034
chr3_pat	76400000	76500000	0.0440891
chr3_pat	76500000	76600000	0.0854968
chr3_pat	76600000	76700000	0.0861396
chr3_pat	76700000	76800000	
chr3_pat	76800000	76900000	0.10389
chr3_pat	76900000	77000000	
chr3_pat	77000000	77100000	
chr3_pat	77100000	77200000	
chr3_pat	77200000	77300000	
chr3_pat	77300000	77400000	
chr3_pat	77400000	77500000	
chr3_pat	77500000	77600000	
chr3_pat	77600000	77700000	
chr3_pat	77700000	77800000	
chr3_pat	77800000	77900000	
chr3_pat	77900000	78000000	
chr3_pat	78000000	78100000	
chr3_pat	78100000	78200000	
chr3_pat	78200000	78300000	
chr3_pat	78300000	78400000	
chr3_pat	78400000	78500000	
chr3_pat	78500000	78600000	
chr3_pat	78600000	78700000	
chr3_pat	78700000	78800000	
chr3_pat	78800000	78900000	
chr3_pat	78900000	79000000	
chr3_pat	79000000	79100000	
chr3_pat	79100000	79200000	
chr3_pat	79200000	79300000	
chr3_pat	79300000	79400000	
chr3_pat	79400000	79500000	
chr3_pat	79500000	79600000	
chr3_pat	79600000	79700000	
chr3_pat	79700000	79800000	
chr3_pat	79800000	79900000	
chr3_pat	79900000	80000000	
chr3_pat	80000000	80100000	0.085923
chr3_pat	80100000	80200000	0.0542166
chr3_pat	80200000	80300000	0.0526809
chr3_pat	80300000	80400000	0.0599504
chr3_pat	80400000	80500000	0.0802095
chr3_pat	80500000	80600000	
chr3_pat	80600000	80700000	
chr3_pat	80700000	80800000	0.039159
chr3_pat	80800000	80900000	0.0506043
chr3_pat	80900000	81000000	0.0329099
chr3_pat	81000000	81100000	0.0335219
chr3_pat	81100000	81200000	0.0492808
chr3_pat	81200000	81300000	0.0631119
chr3_pat	81300000	81400000	0.0345363
chr3_pat	81400000	81500000	0.0292895
chr3_pat	81500000	81600000	0.0261416
chr3_pat	81600000	81700000	0.0286932
chr3_pat	81700000	81800000	0.0309252
chr3_pat	81800000	81900000	0.0441422
chr3_pat	81900000	82000000	0.0347216
chr3_pat	82000000	82100000	0.0248399
chr3_pat	82100000	82200000	0.0277194
chr3_pat	82200000	82300000	0.0194589
chr3_pat	82300000	82400000	0.0267335
chr3_pat	82400000	82500000	0.0175222
chr3_pat	82500000	82600000	0.0231096
chr3_pat	82600000	82700000	0.0223694
chr3_pat	82700000	82800000	0.0236324
chr3_pat	82800000	82900000	0.0313844
chr3_pat	82900000	83000000	0.0267823
chr3_pat	83000000	83100000	0.0338918
chr3_pat	83100000	83200000	0.0238201
chr3_pat	83200000	83300000	0.0160234
chr3_pat	83300000	83400000	0.0277594
chr3_pat	83400000	83500000	0.0247202
chr3_pat	83500000	83600000	0.0247934
chr3_pat	83600000	83700000	0.0384526
chr3_pat	83700000	83800000	0.060081
chr3_pat	83800000	83900000	0.0219379
chr3_pat	83900000	84000000	0.0234527
chr3_pat	84000000	84100000	0.0208278
chr3_pat	84100000	84200000	0.0241306
chr3_pat	84200000	84300000	0.0207496
chr3_pat	84300000	84400000	0.0274045
chr3_pat	84400000	84500000	0.0211571
chr3_pat	84500000	84600000	0.0244309
chr3_pat	84600000	84700000	0.01948
chr3_pat	84700000	84800000	0.0179163
chr3_pat	84800000	84900000	0.0226409
chr3_pat	84900000	85000000	0.016028
chr3_pat	85000000	85100000	0.017934
chr3_pat	85100000	85200000	0.0256793
chr3_pat	85200000	85300000	0.026708
chr3_pat	85300000	85400000	0.0246598
chr3_pat	85400000	85500000	0.0184547
chr3_pat	85500000	85600000	0.0232426
chr3_pat	85600000	85700000	0.0197779
chr3_pat	85700000	85800000	0.0153032
chr3_pat	85800000	85900000	0.0250126
chr3_pat	85900000	86000000	0.0278279
chr3_pat	86000000	86100000	0.0264181
chr3_pat	86100000	86200000	0.0193926
chr3_pat	86200000	86300000	0.01824
chr3_pat	86300000	86400000	0.0163567
chr3_pat	86400000	86500000	0.0143384
chr3_pat	86500000	86600000	0.0227898
chr3_pat	86600000	86700000	0.016573
chr3_pat	86700000	86800000	0.0185734
chr3_pat	86800000	86900000	0.0184814
chr3_pat	86900000	87000000	0.0157904
chr3_pat	87000000	87100000	0.0109114
chr3_pat	87100000	87200000	0.0134318
chr3_pat	87200000	87300000	0.0175367
chr3_pat	87300000	87400000	0.0179279
chr3_pat	87400000	87500000	0.028801
chr3_pat	87500000	87600000	0.015799
chr3_pat	87600000	87700000	0.0161685
chr3_pat	87700000	87800000	0.0202899
chr3_pat	87800000	87900000	0.0224355
chr3_pat	87900000	88000000	0.0377626
chr3_pat	88000000	88100000	0.0335137
chr3_pat	88100000	88200000	0.0547376
chr3_pat	88200000	88300000	0.0243
chr3_pat	88300000	88400000	0.0252089
chr3_pat	88400000	88500000	0.0223834
chr3_pat	88500000	88600000	0.0397753
chr3_pat	88600000	88700000	0.0384309
chr3_pat	88700000	88800000	0.0410927
chr3_pat	88800000	88900000	0.0365176
chr3_pat	88900000	89000000	0.033168
chr3_pat	89000000	89100000	0.0349925
chr3_pat	89100000	89200000	0.0362269
chr3_pat	89200000	89300000	0.0251386
chr3_pat	89300000	89400000	0.039566
chr3_pat	89400000	89500000	0.028169
chr3_pat	89500000	89600000	0.0226157
chr3_pat	89600000	89700000	0.0238389
chr3_pat	89700000	89800000	0.0269771
chr3_pat	89800000	89900000	0.0179971
chr3_pat	89900000	90000000	0.029566
chr3_pat	90000000	90100000	0.0288549
chr3_pat	90100000	90200000	0.0313194
chr3_pat	90200000	90300000	0.0258168
chr3_pat	90300000	90400000	0.0219986
chr3_pat	90400000	90500000	0.017142
chr3_pat	90500000	90600000	0.0167349
chr3_pat	90600000	90700000	0.0225385
chr3_pat	90700000	90800000	0.0221369
chr3_pat	90800000	90900000	0.0230745
chr3_pat	90900000	91000000	0.0218171
chr3_pat	91000000	91100000	0.0267275
chr3_pat	91100000	91200000	0.0207547
chr3_pat	91200000	91300000	0.0215603
chr3_pat	91300000	91400000	0.0209396
chr3_pat	91400000	91500000	0.0195376
chr3_pat	91500000	91600000	0.0217713
chr3_pat	91600000	91700000	0.0230423
chr3_pat	91700000	91800000	0.0309042
chr3_pat	91800000	91900000	0.0209459
chr3_pat	91900000	92000000	0.0177597
chr3_pat	92000000	92100000	0.0195247
chr3_pat	92100000	92200000	0.0168532
chr3_pat	92200000	92300000	0.0154138
chr3_pat	92300000	92400000	0.0130376
chr3_pat	92400000	92500000	0.0210504
chr3_pat	92500000	92600000	0.0221758
chr3_pat	92600000	92700000	0.0240144
chr3_pat	92700000	92800000	0.0238469
chr3_pat	92800000	92900000	0.0291648
chr3_pat	92900000	93000000	0.0298849
chr3_pat	93000000	93100000	0.0230176
chr3_pat	93100000	93200000	0.0240894
chr3_pat	93200000	93300000	0.0265779
chr3_pat	93300000	93400000	0.0231581
chr3_pat	93400000	93500000	0.02276
chr3_pat	93500000	93600000	0.0231775
chr3_pat	93600000	93700000	0.0228534
chr3_pat	93700000	93800000	0.0273713
chr3_pat	93800000	93900000	0.0439556
chr3_pat	93900000	94000000	0.0322056
chr3_pat	94000000	94100000	0.0261336
chr3_pat	94100000	94200000	0.0212623
chr3_pat	94200000	94300000	0.0219501
chr3_pat	94300000	94400000	0.0152167
chr3_pat	94400000	94500000	0.0151759
chr3_pat	94500000	94600000	0.0170858
chr3_pat	94600000	94700000	0.0187249
chr3_pat	94700000	94800000	0.017892
chr3_pat	94800000	94900000	0.0136867
chr3_pat	94900000	95000000	0.0228403
chr3_pat	95000000	95100000	0.0219002
chr3_pat	95100000	95200000	0.0223015
chr3_pat	95200000	95300000	0.0194783
chr3_pat	95300000	95400000	0.0138861
chr3_pat	95400000	95500000	0.0156311
chr3_pat	95500000	95600000	0.0186373
chr3_pat	95600000	95700000	0.0158175
chr3_pat	95700000	95800000	0.0186162
chr3_pat	95800000	95900000	0.0165791
chr3_pat	95900000	96000000	0.0122208
chr3_pat	96000000	96100000	0.0163872
chr3_pat	96100000	96200000	0.0188845
chr3_pat	96200000	96300000	0.019438
chr3_pat	96300000	96400000	0.0235963
chr3_pat	96400000	96500000	0.0171545
chr3_pat	96500000	96600000	0.0189032
chr3_pat	96600000	96700000	0.020252
chr3_pat	96700000	96800000	0.0208509
chr3_pat	96800000	96900000	0.0172683
chr3_pat	96900000	97000000	0.0210402
chr3_pat	97000000	97100000	0.0172264
chr3_pat	97100000	97200000	0.013557
chr3_pat	97200000	97300000	0.0131282
chr3_pat	97300000	97400000	0.0141014
chr3_pat	97400000	97500000	0.0131892
chr3_pat	97500000	97600000	0.0172533
chr3_pat	97600000	97700000	0.0125517
chr3_pat	97700000	97800000	0.0149437
chr3_pat	97800000	97900000	0.0127534
chr3_pat	97900000	98000000	0.0163359
chr3_pat	98000000	98100000	0.0128212
chr3_pat	98100000	98200000	0.0167126
chr3_pat	98200000	98300000	0.0174604
chr3_pat	98300000	98400000	0.0180733
chr3_pat	98400000	98500000	0.0171014
chr3_pat	98500000	98600000	0.0186761
chr3_pat	98600000	98700000	0.0206219
chr3_pat	98700000	98800000	0.0220954
chr3_pat	98800000	98900000	0.0206166
chr3_pat	98900000	99000000	0.0222195
chr3_pat	99000000	99100000	0.0187424
chr3_pat	99100000	99200000	0.0130104
chr3_pat	99200000	99300000	0.0153172
chr3_pat	99300000	99400000	0.0180512
chr3_pat	99400000	99500000	0.0168784
chr3_pat	99500000	99600000	0.0163361
chr3_pat	99600000	99700000	0.015108
chr3_pat	99700000	99800000	0.0148344
chr3_pat	99800000	99900000	0.0167747
chr3_pat	99900000	100000000	0.0190656
chr3_pat	100000000	100100000	0.0197588
chr3_pat	100100000	100200000	0.0216579
chr3_pat	100200000	100300000	0.0178638
chr3_pat	100300000	100400000	0.0182471
chr3_pat	100400000	100500000	0.017756
chr3_pat	100500000	100600000	0.0156017
chr3_pat	100600000	100700000	0.0168904
chr3_pat	100700000	100800000	0.017006
chr3_pat	100800000	100900000	0.0158973
chr3_pat	100900000	101000000	0.0170833
chr3_pat	101000000	101100000	0.0183889
chr3_pat	101100000	101200000	0.0173983
chr3_pat	101200000	101300000	0.0193529
chr3_pat	101300000	101400000	0.0208521
chr3_pat	101400000	101500000	0.0197584
chr3_pat	101500000	101600000	0.0155323
chr3_pat	101600000	101700000	0.0113397
chr3_pat	101700000	101800000	0.0155515
chr3_pat	101800000	101900000	0.0150857
chr3_pat	101900000	102000000	0.0193339
chr3_pat	102000000	102100000	0.0181345
chr3_pat	102100000	102200000	0.0221924
chr3_pat	102200000	102300000	0.020789
chr3_pat	102300000	102400000	0.0178922
chr3_pat	102400000	102500000	0.0144976
chr3_pat	102500000	102600000	0.0127982
chr3_pat	102600000	102700000	0.0129518
chr3_pat	102700000	102800000	0.0144256
chr3_pat	102800000	102900000	0.0161628
chr3_pat	102900000	103000000	0.0128106
chr3_pat	103000000	103100000	0.0152262
chr3_pat	103100000	103200000	0.0206468
chr3_pat	103200000	103300000	0.0204277
chr3_pat	103300000	103400000	0.0222843
chr3_pat	103400000	103500000	0.0235934
chr3_pat	103500000	103600000	0.0194299
chr3_pat	103600000	103700000	0.018153
chr3_pat	103700000	103800000	0.0146927
chr3_pat	103800000	103900000	0.0181936
chr3_pat	103900000	104000000	0.0150711
chr3_pat	104000000	104100000	0.0130425
chr3_pat	104100000	104200000	0.0168594
chr3_pat	104200000	104300000	0.0169935
chr3_pat	104300000	104400000	0.0177137
chr3_pat	104400000	104500000	0.0195375
chr3_pat	104500000	104600000	0.01916
chr3_pat	104600000	104700000	0.0205217
chr3_pat	104700000	104800000	0.0196476
chr3_pat	104800000	104900000	0.018474
chr3_pat	104900000	105000000	0.0184042
chr3_pat	105000000	105100000	0.0155071
chr3_pat	105100000	105200000	0.0169925
chr3_pat	105200000	105300000	0.0171113
chr3_pat	105300000	105400000	0.0174013
chr3_pat	105400000	105500000	0.0185133
chr3_pat	105500000	105600000	0.0175639
chr3_pat	105600000	105700000	0.0163731
chr3_pat	105700000	105800000	0.0167316
chr3_pat	105800000	105900000	0.0181939
chr3_pat	105900000	106000000	0.0134413
chr3_pat	106000000	106100000	0.0114774
chr3_pat	106100000	106200000	0.0155443
chr3_pat	106200000	106300000	0.0135744
chr3_pat	106300000	106400000	0.0193628
chr3_pat	106400000	106500000	0.0200557
chr3_pat	106500000	106600000	0.017149
chr3_pat	106600000	106700000	0.0155009
chr3_pat	106700000	106800000	0.0180428
chr3_pat	106800000	106900000	0.0132721
chr3_pat	106900000	107000000	0.0146493
chr3_pat	107000000	107100000	0.0158246
chr3_pat	107100000	107200000	0.0182072
chr3_pat	107200000	107300000	0.0154366
chr3_pat	107300000	107400000	0.0176026
chr3_pat	107400000	107500000	0.0159077
chr3_pat	107500000	107600000	0.0172217
chr3_pat	107600000	107700000	0.0140679
chr3_pat	107700000	107800000	0.0104164
chr3_pat	107800000	107900000	0.0166461
chr3_pat	107900000	108000000	0.0202393
chr3_pat	108000000	108100000	0.0156949
chr3_pat	108100000	108200000	0.0161497
chr3_pat	108200000	108300000	0.0114473
chr3_pat	108300000	108400000	0.0132066
chr3_pat	108400000	108500000	0.016961
chr3_pat	108500000	108600000	0.0176344
chr3_pat	108600000	108700000	0.0164341
chr3_pat	108700000	108800000	0.0161363
chr3_pat	108800000	108900000	0.0163337
chr3_pat	108900000	109000000	0.0165441
chr3_pat	109000000	109100000	0.0153725
chr3_pat	109100000	109200000	0.014104
chr3_pat	109200000	109300000	0.0099415
chr3_pat	109300000	109400000	0.0166182
chr3_pat	109400000	109500000	0.0157732
chr3_pat	109500000	109600000	0.0147475
chr3_pat	109600000	109700000	0.0150724
chr3_pat	109700000	109800000	0.0154946
chr3_pat	109800000	109900000	0.0159477
chr3_pat	109900000	110000000	0.0161991
chr3_pat	110000000	110100000	0.0176486
chr3_pat	110100000	110200000	0.0139212
chr3_pat	110200000	110300000	0.0115241
chr3_pat	110300000	110400000	0.0173824
chr3_pat	110400000	110500000	0.0185902
chr3_pat	110500000	110600000	0.0174701
chr3_pat	110600000	110700000	0.0167911
chr3_pat	110700000	110800000	0.0161833
chr3_pat	110800000	110900000	0.0157382
chr3_pat	110900000	111000000	0.0174078
chr3_pat	111000000	111100000	0.0292542
chr3_pat	111100000	111200000	0.0196399
chr3_pat	111200000	111300000	0.0145159
chr3_pat	111300000	111400000	0.014374
chr3_pat	111400000	111500000	0.0149585
chr3_pat	111500000	111600000	0.0157497
chr3_pat	111600000	111700000	0.00985088
chr3_pat	111700000	111800000	0.010787
chr3_pat	111800000	111900000	0.0155719
chr3_pat	111900000	112000000	0.0161978
chr3_pat	112000000	112100000	0.0158294
chr3_pat	112100000	112200000	0.0170239
chr3_pat	112200000	112300000	0.0211422
chr3_pat	112300000	112400000	0.0210552
chr3_pat	112400000	112500000	0.0196159
chr3_pat	112500000	112600000	0.0172025
chr3_pat	112600000	112700000	0.0182859
chr3_pat	112700000	112800000	0.018469
chr3_pat	112800000	112900000	0.017912
chr3_pat	112900000	113000000	0.0161602
chr3_pat	113000000	113100000	0.0135392
chr3_pat	113100000	113200000	0.0124945
chr3_pat	113200000	113300000	0.0171628
chr3_pat	113300000	113400000	0.0129053
chr3_pat	113400000	113500000	0.0124739
chr3_pat	113500000	113600000	0.0124617
chr3_pat	113600000	113700000	0.0168994
chr3_pat	113700000	113800000	0.020495
chr3_pat	113800000	113900000	0.0172535
chr3_pat	113900000	114000000	0.0156906
chr3_pat	114000000	114100000	0.0153527
chr3_pat	114100000	114200000	0.0114175
chr3_pat	114200000	114300000	0.0114266
chr3_pat	114300000	114400000	0.0137762
chr3_pat	114400000	114500000	0.019216
chr3_pat	114500000	114600000	0.0174663
chr3_pat	114600000	114700000	0.0142934
chr3_pat	114700000	114800000	0.0276337
chr3_pat	114800000	114900000	0.101328
chr3_pat	114900000	115000000	
chr3_pat	115000000	115100000	
chr3_pat	115100000	115134639	
chr4_pat	0	100000	0.0796566
chr4_pat	100000	200000	0.0343272
chr4_pat	200000	300000	0.0350609
chr4_pat	300000	400000	0.0247747
chr4_pat	400000	500000	0.0206381
chr4_pat	500000	600000	0.0150244
chr4_pat	600000	700000	0.0120411
chr4_pat	700000	800000	0.0134927
chr4_pat	800000	900000	0.0151746
chr4_pat	900000	1000000	0.0115883
chr4_pat	1000000	1100000	0.0142716
chr4_pat	1100000	1200000	0.0130818
chr4_pat	1200000	1300000	0.0114192
chr4_pat	1300000	1400000	0.0113829
chr4_pat	1400000	1500000	0.0101471
chr4_pat	1500000	1600000	0.0116107
chr4_pat	1600000	1700000	0.0112022
chr4_pat	1700000	1800000	0.01459
chr4_pat	1800000	1900000	0.0112833
chr4_pat	1900000	2000000	0.0110242
chr4_pat	2000000	2100000	0.0140377
chr4_pat	2100000	2200000	0.014963
chr4_pat	2200000	2300000	0.0165413
chr4_pat	2300000	2400000	0.0179779
chr4_pat	2400000	2500000	0.0176493
chr4_pat	2500000	2600000	0.0169595
chr4_pat	2600000	2700000	0.0112341
chr4_pat	2700000	2800000	0.0134545
chr4_pat	2800000	2900000	0.0104731
chr4_pat	2900000	3000000	0.0109591
chr4_pat	3000000	3100000	0.0119236
chr4_pat	3100000	3200000	0.0117532
chr4_pat	3200000	3300000	0.0150586
chr4_pat	3300000	3400000	0.01494
chr4_pat	3400000	3500000	0.0144277
chr4_pat	3500000	3600000	0.0152622
chr4_pat	3600000	3700000	0.0158575
chr4_pat	3700000	3800000	0.0146744
chr4_pat	3800000	3900000	0.0145557
chr4_pat	3900000	4000000	0.0162404
chr4_pat	4000000	4100000	0.015718
chr4_pat	4100000	4200000	0.014411
chr4_pat	4200000	4300000	0.0136859
chr4_pat	4300000	4400000	0.014039
chr4_pat	4400000	4500000	0.015034
chr4_pat	4500000	4600000	0.0144133
chr4_pat	4600000	4700000	0.0133328
chr4_pat	4700000	4800000	0.0156067
chr4_pat	4800000	4900000	0.0147247
chr4_pat	4900000	5000000	0.0151191
chr4_pat	5000000	5100000	0.0152476
chr4_pat	5100000	5200000	0.0162436
chr4_pat	5200000	5300000	0.0165176
chr4_pat	5300000	5400000	0.0132452
chr4_pat	5400000	5500000	0.0128462
chr4_pat	5500000	5600000	0.0201206
chr4_pat	5600000	5700000	0.0160824
chr4_pat	5700000	5800000	0.0106169
chr4_pat	5800000	5900000	0.0104504
chr4_pat	5900000	6000000	0.0110225
chr4_pat	6000000	6100000	0.0194594
chr4_pat	6100000	6200000	0.019152
chr4_pat	6200000	6300000	0.019832
chr4_pat	6300000	6400000	0.0191036
chr4_pat	6400000	6500000	0.0167102
chr4_pat	6500000	6600000	0.026098
chr4_pat	6600000	6700000	0.0137247
chr4_pat	6700000	6800000	0.0136732
chr4_pat	6800000	6900000	0.0148095
chr4_pat	6900000	7000000	0.0108058
chr4_pat	7000000	7100000	0.0159417
chr4_pat	7100000	7200000	0.0174005
chr4_pat	7200000	7300000	0.0171596
chr4_pat	7300000	7400000	0.0136202
chr4_pat	7400000	7500000	0.0126484
chr4_pat	7500000	7600000	0.0105653
chr4_pat	7600000	7700000	0.0165749
chr4_pat	7700000	7800000	0.0181908
chr4_pat	7800000	7900000	0.0184994
chr4_pat	7900000	8000000	0.0182139
chr4_pat	8000000	8100000	0.0160003
chr4_pat	8100000	8200000	0.0136667
chr4_pat	8200000	8300000	0.0125952
chr4_pat	8300000	8400000	0.0142348
chr4_pat	8400000	8500000	0.0178113
chr4_pat	8500000	8600000	0.0141664
chr4_pat	8600000	8700000	0.0145473
chr4_pat	8700000	8800000	0.0147637
chr4_pat	8800000	8900000	0.0147304
chr4_pat	8900000	9000000	0.00994199
chr4_pat	9000000	9100000	0.0140378
chr4_pat	9100000	9200000	0.0120961
chr4_pat	9200000	9300000	0.0117586
chr4_pat	9300000	9400000	0.0116721
chr4_pat	9400000	9500000	0.0158247
chr4_pat	9500000	9600000	0.0173952
chr4_pat	9600000	9700000	0.0151023
chr4_pat	9700000	9800000	0.0163038
chr4_pat	9800000	9900000	0.0152402
chr4_pat	9900000	10000000	0.0157707
chr4_pat	10000000	10100000	0.0184234
chr4_pat	10100000	10200000	0.0162091
chr4_pat	10200000	10300000	0.0168957
chr4_pat	10300000	10400000	0.0172081
chr4_pat	10400000	10500000	0.0168672
chr4_pat	10500000	10600000	0.0162637
chr4_pat	10600000	10700000	0.0155568
chr4_pat	10700000	10800000	0.0155945
chr4_pat	10800000	10900000	0.0181124
chr4_pat	10900000	11000000	0.0158977
chr4_pat	11000000	11100000	0.0174652
chr4_pat	11100000	11200000	0.0161131
chr4_pat	11200000	11300000	0.016583
chr4_pat	11300000	11400000	0.0170813
chr4_pat	11400000	11500000	0.017436
chr4_pat	11500000	11600000	0.0172935
chr4_pat	11600000	11700000	0.0120847
chr4_pat	11700000	11800000	0.0123411
chr4_pat	11800000	11900000	0.012776
chr4_pat	11900000	12000000	0.0169321
chr4_pat	12000000	12100000	0.0133793
chr4_pat	12100000	12200000	0.0109187
chr4_pat	12200000	12300000	0.0124153
chr4_pat	12300000	12400000	0.015461
chr4_pat	12400000	12500000	0.0166981
chr4_pat	12500000	12600000	0.0166303
chr4_pat	12600000	12700000	0.0163331
chr4_pat	12700000	12800000	0.0171201
chr4_pat	12800000	12900000	0.0169662
chr4_pat	12900000	13000000	0.0158883
chr4_pat	13000000	13100000	0.0171874
chr4_pat	13100000	13200000	0.0153332
chr4_pat	13200000	13300000	0.0156453
chr4_pat	13300000	13400000	0.015206
chr4_pat	13400000	13500000	0.0176659
chr4_pat	13500000	13600000	0.0187605
chr4_pat	13600000	13700000	0.0179105
chr4_pat	13700000	13800000	0.0172333
chr4_pat	13800000	13900000	0.0174118
chr4_pat	13900000	14000000	0.0197267
chr4_pat	14000000	14100000	0.0205463
chr4_pat	14100000	14200000	0.0186562
chr4_pat	14200000	14300000	0.0151303
chr4_pat	14300000	14400000	0.0190421
chr4_pat	14400000	14500000	0.0179236
chr4_pat	14500000	14600000	0.0203514
chr4_pat	14600000	14700000	0.0198721
chr4_pat	14700000	14800000	0.0193287
chr4_pat	14800000	14900000	0.0190456
chr4_pat	14900000	15000000	0.0123435
chr4_pat	15000000	15100000	0.0150391
chr4_pat	15100000	15200000	0.0195287
chr4_pat	15200000	15300000	0.0139829
chr4_pat	15300000	15400000	0.0207813
chr4_pat	15400000	15500000	0.0207932
chr4_pat	15500000	15600000	0.0239972
chr4_pat	15600000	15700000	0.0205381
chr4_pat	15700000	15800000	0.0137891
chr4_pat	15800000	15900000	0.0219253
chr4_pat	15900000	16000000	0.0178621
chr4_pat	16000000	16100000	0.0195625
chr4_pat	16100000	16200000	0.0187617
chr4_pat	16200000	16300000	0.0210627
chr4_pat	16300000	16400000	0.0201701
chr4_pat	16400000	16500000	0.0200984
chr4_pat	16500000	16600000	0.0192497
chr4_pat	16600000	16700000	0.0208316
chr4_pat	16700000	16800000	0.0187565
chr4_pat	16800000	16900000	0.0168086
chr4_pat	16900000	17000000	0.0199813
chr4_pat	17000000	17100000	0.0189547
chr4_pat	17100000	17200000	0.0193644
chr4_pat	17200000	17300000	0.0176091
chr4_pat	17300000	17400000	0.0255292
chr4_pat	17400000	17500000	0.0187574
chr4_pat	17500000	17600000	0.0253444
chr4_pat	17600000	17700000	0.0381492
chr4_pat	17700000	17800000	0.0275648
chr4_pat	17800000	17900000	0.0295121
chr4_pat	17900000	18000000	0.0187043
chr4_pat	18000000	18100000	0.01496
chr4_pat	18100000	18200000	0.0192504
chr4_pat	18200000	18300000	0.0123791
chr4_pat	18300000	18400000	0.0149524
chr4_pat	18400000	18500000	0.02092
chr4_pat	18500000	18600000	0.0283104
chr4_pat	18600000	18700000	0.017435
chr4_pat	18700000	18800000	0.027038
chr4_pat	18800000	18900000	0.0397432
chr4_pat	18900000	19000000	0.0307202
chr4_pat	19000000	19100000	0.0390478
chr4_pat	19100000	19200000	0.0297159
chr4_pat	19200000	19300000	0.0194379
chr4_pat	19300000	19400000	0.0192604
chr4_pat	19400000	19500000	0.0212404
chr4_pat	19500000	19600000	0.0213837
chr4_pat	19600000	19700000	0.0252217
chr4_pat	19700000	19800000	0.0317473
chr4_pat	19800000	19900000	0.0418343
chr4_pat	19900000	20000000	0.0398445
chr4_pat	20000000	20100000	0.0250774
chr4_pat	20100000	20200000	0.0314723
chr4_pat	20200000	20300000	0.032992
chr4_pat	20300000	20400000	0.0340405
chr4_pat	20400000	20500000	0.0320561
chr4_pat	20500000	20600000	0.0268194
chr4_pat	20600000	20700000	0.0318795
chr4_pat	20700000	20800000	0.0282785
chr4_pat	20800000	20900000	0.0261461
chr4_pat	20900000	21000000	0.0262153
chr4_pat	21000000	21100000	0.0292321
chr4_pat	21100000	21200000	0.0309028
chr4_pat	21200000	21300000	0.0371591
chr4_pat	21300000	21400000	0.0338292
chr4_pat	21400000	21500000	
chr4_pat	21500000	21600000	
chr4_pat	21600000	21700000	
chr4_pat	21700000	21800000	0.0301997
chr4_pat	21800000	21900000	0.025075
chr4_pat	21900000	22000000	0.0244942
chr4_pat	22000000	22100000	0.0246731
chr4_pat	22100000	22200000	0.0161754
chr4_pat	22200000	22300000	0.0231745
chr4_pat	22300000	22400000	0.0176142
chr4_pat	22400000	22500000	0.0156093
chr4_pat	22500000	22600000	0.0178764
chr4_pat	22600000	22700000	0.0136648
chr4_pat	22700000	22800000	0.0314323
chr4_pat	22800000	22900000	0.0168777
chr4_pat	22900000	23000000	0.0160344
chr4_pat	23000000	23100000	0.0194166
chr4_pat	23100000	23200000	0.0188831
chr4_pat	23200000	23300000	0.0201479
chr4_pat	23300000	23400000	0.0200918
chr4_pat	23400000	23500000	0.020908
chr4_pat	23500000	23600000	0.0225533
chr4_pat	23600000	23700000	0.0167176
chr4_pat	23700000	23800000	0.0220717
chr4_pat	23800000	23900000	0.0194288
chr4_pat	23900000	24000000	0.0212326
chr4_pat	24000000	24100000	0.0246704
chr4_pat	24100000	24200000	0.0307537
chr4_pat	24200000	24300000	0.0199742
chr4_pat	24300000	24400000	0.0243683
chr4_pat	24400000	24500000	0.0215211
chr4_pat	24500000	24600000	0.0209139
chr4_pat	24600000	24700000	0.0290326
chr4_pat	24700000	24800000	0.0212175
chr4_pat	24800000	24900000	0.025265
chr4_pat	24900000	25000000	0.031588
chr4_pat	25000000	25100000	
chr4_pat	25100000	25200000	0.0342928
chr4_pat	25200000	25300000	0.021741
chr4_pat	25300000	25400000	0.0175431
chr4_pat	25400000	25500000	0.0202187
chr4_pat	25500000	25600000	0.023506
chr4_pat	25600000	25700000	0.016826
chr4_pat	25700000	25800000	0.018549
chr4_pat	25800000	25900000	0.0132661
chr4_pat	25900000	26000000	0.0170465
chr4_pat	26000000	26100000	0.0244579
chr4_pat	26100000	26200000	0.0187488
chr4_pat	26200000	26300000	0.0187718
chr4_pat	26300000	26400000	0.0192289
chr4_pat	26400000	26500000	0.0174618
chr4_pat	26500000	26600000	0.0237017
chr4_pat	26600000	26700000	0.0223738
chr4_pat	26700000	26800000	0.0173202
chr4_pat	26800000	26900000	0.0202364
chr4_pat	26900000	27000000	0.0202181
chr4_pat	27000000	27100000	0.0250938
chr4_pat	27100000	27200000	0.0134434
chr4_pat	27200000	27300000	0.0150674
chr4_pat	27300000	27400000	0.0184909
chr4_pat	27400000	27500000	0.0181998
chr4_pat	27500000	27600000	0.0147525
chr4_pat	27600000	27700000	0.0202608
chr4_pat	27700000	27800000	0.0276122
chr4_pat	27800000	27900000	0.0317297
chr4_pat	27900000	28000000	0.0328631
chr4_pat	28000000	28100000	0.0332482
chr4_pat	28100000	28200000	0.0237497
chr4_pat	28200000	28300000	0.023143
chr4_pat	28300000	28400000	
chr4_pat	28400000	28500000	0.0612363
chr4_pat	28500000	28600000	0.0238535
chr4_pat	28600000	28700000	0.0246171
chr4_pat	28700000	28800000	0.0222446
chr4_pat	28800000	28900000	0.0214246
chr4_pat	28900000	29000000	0.0225602
chr4_pat	29000000	29100000	0.0231581
chr4_pat	29100000	29200000	0.0200732
chr4_pat	29200000	29300000	0.0132828
chr4_pat	29300000	29400000	0.022067
chr4_pat	29400000	29500000	0.0230218
chr4_pat	29500000	29600000	0.0290364
chr4_pat	29600000	29700000	0.0177885
chr4_pat	29700000	29800000	0.0319591
chr4_pat	29800000	29900000	0.041777
chr4_pat	29900000	30000000	0.0228719
chr4_pat	30000000	30100000	0.0213368
chr4_pat	30100000	30200000	0.0282687
chr4_pat	30200000	30300000	0.0299263
chr4_pat	30300000	30400000	0.0231111
chr4_pat	30400000	30500000	0.0258482
chr4_pat	30500000	30600000	0.0333808
chr4_pat	30600000	30700000	
chr4_pat	30700000	30800000	0.0291492
chr4_pat	30800000	30900000	0.028643
chr4_pat	30900000	31000000	0.0552073
chr4_pat	31000000	31100000	0.0285406
chr4_pat	31100000	31200000	0.0287281
chr4_pat	31200000	31300000	0.0234876
chr4_pat	31300000	31400000	0.0323095
chr4_pat	31400000	31500000	
chr4_pat	31500000	31600000	0.0188431
chr4_pat	31600000	31700000	0.0222904
chr4_pat	31700000	31800000	0.0136511
chr4_pat	31800000	31900000	0.0147777
chr4_pat	31900000	32000000	0.0341251
chr4_pat	32000000	32100000	0.0187431
chr4_pat	32100000	32200000	0.0181906
chr4_pat	32200000	32300000	0.0220838
chr4_pat	32300000	32400000	0.01972
chr4_pat	32400000	32500000	0.0446735
chr4_pat	32500000	32600000	0.0356197
chr4_pat	32600000	32700000	0.0234329
chr4_pat	32700000	32800000	0.0235487
chr4_pat	32800000	32900000	0.0249337
chr4_pat	32900000	33000000	
chr4_pat	33000000	33100000	
chr4_pat	33100000	33200000	
chr4_pat	33200000	33300000	
chr4_pat	33300000	33400000	0.0522424
chr4_pat	33400000	33500000	0.0230099
chr4_pat	33500000	33600000	0.0291656
chr4_pat	33600000	33700000	0.0283655
chr4_pat	33700000	33800000	0.0233223
chr4_pat	33800000	33900000	0.0237817
chr4_pat	33900000	34000000	0.0453263
chr4_pat	34000000	34100000	0.0323734
chr4_pat	34100000	34200000	0.0487826
chr4_pat	34200000	34300000	0.0521699
chr4_pat	34300000	34400000	0.0258426
chr4_pat	34400000	34500000	0.0455792
chr4_pat	34500000	34600000	0.0695216
chr4_pat	34600000	34700000	0.0264416
chr4_pat	34700000	34800000	0.0151437
chr4_pat	34800000	34900000	0.0239479
chr4_pat	34900000	35000000	0.0186395
chr4_pat	35000000	35100000	0.024517
chr4_pat	35100000	35200000	0.0187008
chr4_pat	35200000	35300000	0.0189512
chr4_pat	35300000	35400000	0.0314956
chr4_pat	35400000	35500000	0.0272211
chr4_pat	35500000	35600000	0.0171782
chr4_pat	35600000	35700000	0.0222544
chr4_pat	35700000	35800000	0.0222024
chr4_pat	35800000	35900000	0.0232997
chr4_pat	35900000	36000000	0.016001
chr4_pat	36000000	36100000	0.0237641
chr4_pat	36100000	36200000	0.0253309
chr4_pat	36200000	36300000	0.0210887
chr4_pat	36300000	36400000	0.0218347
chr4_pat	36400000	36500000	0.0235006
chr4_pat	36500000	36600000	0.0257642
chr4_pat	36600000	36700000	0.0213835
chr4_pat	36700000	36800000	0.0211802
chr4_pat	36800000	36900000	0.0204847
chr4_pat	36900000	37000000	0.0176646
chr4_pat	37000000	37100000	0.0211974
chr4_pat	37100000	37200000	0.0162319
chr4_pat	37200000	37300000	0.0177733
chr4_pat	37300000	37400000	0.0220873
chr4_pat	37400000	37500000	0.0284984
chr4_pat	37500000	37600000	0.0368031
chr4_pat	37600000	37700000	0.0210961
chr4_pat	37700000	37800000	0.0246655
chr4_pat	37800000	37900000	0.0268643
chr4_pat	37900000	38000000	0.035594
chr4_pat	38000000	38100000	0.0203002
chr4_pat	38100000	38200000	0.0223779
chr4_pat	38200000	38300000	0.0243149
chr4_pat	38300000	38400000	0.0227713
chr4_pat	38400000	38500000	0.0260507
chr4_pat	38500000	38600000	0.0224464
chr4_pat	38600000	38700000	0.0145624
chr4_pat	38700000	38800000	0.0184693
chr4_pat	38800000	38900000	0.0252082
chr4_pat	38900000	39000000	0.0205593
chr4_pat	39000000	39100000	0.0221081
chr4_pat	39100000	39200000	0.020353
chr4_pat	39200000	39300000	0.0211045
chr4_pat	39300000	39400000	0.0232566
chr4_pat	39400000	39500000	0.0216737
chr4_pat	39500000	39600000	0.0218377
chr4_pat	39600000	39700000	0.0276923
chr4_pat	39700000	39800000	0.0208353
chr4_pat	39800000	39900000	0.0227735
chr4_pat	39900000	40000000	0.0231021
chr4_pat	40000000	40100000	0.0264217
chr4_pat	40100000	40200000	0.0325162
chr4_pat	40200000	40300000	0.0221841
chr4_pat	40300000	40400000	0.0225952
chr4_pat	40400000	40500000	0.0253804
chr4_pat	40500000	40600000	0.0164438
chr4_pat	40600000	40700000	0.0167689
chr4_pat	40700000	40800000	0.0228457
chr4_pat	40800000	40900000	0.0234342
chr4_pat	40900000	41000000	0.0246348
chr4_pat	41000000	41100000	0.0233193
chr4_pat	41100000	41200000	0.0258789
chr4_pat	41200000	41300000	0.0261063
chr4_pat	41300000	41400000	0.0191691
chr4_pat	41400000	41500000	0.0197616
chr4_pat	41500000	41600000	0.0163665
chr4_pat	41600000	41700000	0.0222543
chr4_pat	41700000	41800000	0.0211384
chr4_pat	41800000	41900000	0.0207114
chr4_pat	41900000	42000000	0.0280691
chr4_pat	42000000	42100000	0.0141836
chr4_pat	42100000	42200000	0.0197674
chr4_pat	42200000	42300000	0.0274915
chr4_pat	42300000	42400000	0.025469
chr4_pat	42400000	42500000	0.0179832
chr4_pat	42500000	42600000	0.0143174
chr4_pat	42600000	42700000	0.0161961
chr4_pat	42700000	42800000	0.0270538
chr4_pat	42800000	42900000	0.0203466
chr4_pat	42900000	43000000	0.0152973
chr4_pat	43000000	43100000	0.020055
chr4_pat	43100000	43200000	0.0278013
chr4_pat	43200000	43300000	0.0208275
chr4_pat	43300000	43400000	0.0302212
chr4_pat	43400000	43500000	0.0244502
chr4_pat	43500000	43600000	0.0172146
chr4_pat	43600000	43700000	0.0180581
chr4_pat	43700000	43800000	0.0131698
chr4_pat	43800000	43900000	0.0173725
chr4_pat	43900000	44000000	0.0165524
chr4_pat	44000000	44100000	0.0151483
chr4_pat	44100000	44200000	0.0279592
chr4_pat	44200000	44300000	0.0284909
chr4_pat	44300000	44400000	0.023344
chr4_pat	44400000	44500000	0.0259373
chr4_pat	44500000	44600000	0.0284511
chr4_pat	44600000	44700000	0.0187902
chr4_pat	44700000	44800000	0.0200374
chr4_pat	44800000	44900000	0.0167403
chr4_pat	44900000	45000000	0.0159239
chr4_pat	45000000	45100000	0.0168254
chr4_pat	45100000	45200000	0.0208359
chr4_pat	45200000	45300000	0.0257451
chr4_pat	45300000	45400000	0.030529
chr4_pat	45400000	45500000	0.025705
chr4_pat	45500000	45600000	0.0232674
chr4_pat	45600000	45700000	0.00517516
chr4_pat	45700000	45800000	0.0220397
chr4_pat	45800000	45900000	0.0208068
chr4_pat	45900000	46000000	0.0174344
chr4_pat	46000000	46100000	0.011783
chr4_pat	46100000	46200000	0.0156375
chr4_pat	46200000	46300000	0.0243926
chr4_pat	46300000	46400000	0.024606
chr4_pat	46400000	46500000	0.0219856
chr4_pat	46500000	46600000	0.0147526
chr4_pat	46600000	46700000	0.0221386
chr4_pat	46700000	46800000	0.0246235
chr4_pat	46800000	46900000	0.0174093
chr4_pat	46900000	47000000	0.0262324
chr4_pat	47000000	47100000	0.0227824
chr4_pat	47100000	47200000	0.0266108
chr4_pat	47200000	47300000	0.0198421
chr4_pat	47300000	47400000	0.0206293
chr4_pat	47400000	47500000	0.0498147
chr4_pat	47500000	47600000	
chr4_pat	47600000	47700000	
chr4_pat	47700000	47800000	0.0493672
chr4_pat	47800000	47900000	0.0163276
chr4_pat	47900000	48000000	0.0215626
chr4_pat	48000000	48100000	0.0211599
chr4_pat	48100000	48200000	0.0324441
chr4_pat	48200000	48300000	0.0263216
chr4_pat	48300000	48400000	0.0218745
chr4_pat	48400000	48500000	0.0175428
chr4_pat	48500000	48600000	0.0166554
chr4_pat	48600000	48700000	0.0212577
chr4_pat	48700000	48800000	0.0206509
chr4_pat	48800000	48900000	0.0210082
chr4_pat	48900000	49000000	0.0220612
chr4_pat	49000000	49100000	0.0266201
chr4_pat	49100000	49200000	0.0246905
chr4_pat	49200000	49300000	0.0321165
chr4_pat	49300000	49400000	0.0544479
chr4_pat	49400000	49500000	0.0159879
chr4_pat	49500000	49600000	0.0181901
chr4_pat	49600000	49700000	0.0132438
chr4_pat	49700000	49800000	0.0200322
chr4_pat	49800000	49900000	0.0200853
chr4_pat	49900000	50000000	0.0225038
chr4_pat	50000000	50100000	0.0232039
chr4_pat	50100000	50200000	0.0201993
chr4_pat	50200000	50300000	0.0195825
chr4_pat	50300000	50400000	0.0222273
chr4_pat	50400000	50500000	0.0240263
chr4_pat	50500000	50600000	0.0222426
chr4_pat	50600000	50700000	0.0249275
chr4_pat	50700000	50800000	0.0231462
chr4_pat	50800000	50900000	0.0293183
chr4_pat	50900000	51000000	0.0226358
chr4_pat	51000000	51100000	0.0317726
chr4_pat	51100000	51200000	0.0218209
chr4_pat	51200000	51300000	0.023331
chr4_pat	51300000	51400000	0.0189991
chr4_pat	51400000	51500000	0.0164008
chr4_pat	51500000	51600000	0.0219138
chr4_pat	51600000	51700000	0.0239553
chr4_pat	51700000	51800000	0.0215931
chr4_pat	51800000	51900000	0.0273368
chr4_pat	51900000	52000000	0.0249963
chr4_pat	52000000	52100000	0.0265205
chr4_pat	52100000	52200000	0.0246403
chr4_pat	52200000	52300000	0.0250483
chr4_pat	52300000	52400000	0.0251693
chr4_pat	52400000	52500000	0.0220676
chr4_pat	52500000	52600000	0.0205515
chr4_pat	52600000	52700000	0.0223857
chr4_pat	52700000	52800000	0.0233935
chr4_pat	52800000	52900000	0.0214053
chr4_pat	52900000	53000000	0.0227614
chr4_pat	53000000	53100000	0.0221947
chr4_pat	53100000	53200000	0.0223282
chr4_pat	53200000	53300000	0.0240002
chr4_pat	53300000	53400000	0.0286385
chr4_pat	53400000	53500000	0.0304409
chr4_pat	53500000	53600000	0.0159091
chr4_pat	53600000	53700000	0.0280669
chr4_pat	53700000	53800000	0.0328557
chr4_pat	53800000	53900000	0.0391594
chr4_pat	53900000	54000000	0.0519632
chr4_pat	54000000	54100000	0.0562203
chr4_pat	54100000	54200000	0.047629
chr4_pat	54200000	54300000	0.0721543
chr4_pat	54300000	54400000	0.0649824
chr4_pat	54400000	54500000	0.0635262
chr4_pat	54500000	54600000	0.0632064
chr4_pat	54600000	54700000	0.0666467
chr4_pat	54700000	54800000	
chr4_pat	54800000	54900000	
chr4_pat	54900000	55000000	0.0727044
chr4_pat	55000000	55100000	
chr4_pat	55100000	55200000	0.0746683
chr4_pat	55200000	55300000	0.0740055
chr4_pat	55300000	55400000	0.0764903
chr4_pat	55400000	55500000	
chr4_pat	55500000	55600000	0.07604
chr4_pat	55600000	55700000	
chr4_pat	55700000	55800000	
chr4_pat	55800000	55900000	
chr4_pat	55900000	56000000	
chr4_pat	56000000	56100000	
chr4_pat	56100000	56200000	
chr4_pat	56200000	56300000	
chr4_pat	56300000	56400000	
chr4_pat	56400000	56500000	0.0695563
chr4_pat	56500000	56600000	0.07057
chr4_pat	56600000	56700000	0.0880243
chr4_pat	56700000	56800000	0.0638458
chr4_pat	56800000	56900000	0.0867318
chr4_pat	56900000	57000000	
chr4_pat	57000000	57100000	0.0620575
chr4_pat	57100000	57200000	
chr4_pat	57200000	57300000	0.0558402
chr4_pat	57300000	57400000	0.0286043
chr4_pat	57400000	57500000	0.0548259
chr4_pat	57500000	57600000	0.0466483
chr4_pat	57600000	57700000	0.032159
chr4_pat	57700000	57800000	0.0200826
chr4_pat	57800000	57900000	0.0239349
chr4_pat	57900000	58000000	0.0236523
chr4_pat	58000000	58100000	0.0189711
chr4_pat	58100000	58200000	0.0240374
chr4_pat	58200000	58300000	0.021535
chr4_pat	58300000	58400000	0.020094
chr4_pat	58400000	58500000	0.0199647
chr4_pat	58500000	58600000	0.0191439
chr4_pat	58600000	58700000	0.014214
chr4_pat	58700000	58800000	0.0189966
chr4_pat	58800000	58900000	0.0206594
chr4_pat	58900000	59000000	0.0230243
chr4_pat	59000000	59100000	0.0225881
chr4_pat	59100000	59200000	0.0212152
chr4_pat	59200000	59300000	0.0221053
chr4_pat	59300000	59400000	0.0208488
chr4_pat	59400000	59500000	0.0181115
chr4_pat	59500000	59600000	0.0176378
chr4_pat	59600000	59700000	0.0195044
chr4_pat	59700000	59800000	0.0214002
chr4_pat	59800000	59900000	0.0188247
chr4_pat	59900000	60000000	0.0180117
chr4_pat	60000000	60100000	0.0199854
chr4_pat	60100000	60200000	0.0653611
chr4_pat	60200000	60300000	
chr4_pat	60300000	60400000	
chr4_pat	60400000	60500000	
chr4_pat	60500000	60600000	
chr4_pat	60600000	60700000	
chr4_pat	60700000	60800000	
chr4_pat	60800000	60900000	
chr4_pat	60900000	61000000	
chr4_pat	61000000	61100000	0.0156718
chr4_pat	61100000	61200000	0.0143901
chr4_pat	61200000	61300000	0.0133274
chr4_pat	61300000	61400000	0.0189019
chr4_pat	61400000	61500000	0.0123583
chr4_pat	61500000	61600000	0.0166436
chr4_pat	61600000	61700000	0.0163387
chr4_pat	61700000	61800000	0.0166977
chr4_pat	61800000	61900000	0.0143422
chr4_pat	61900000	62000000	0.0152172
chr4_pat	62000000	62100000	0.017592
chr4_pat	62100000	62200000	0.0159139
chr4_pat	62200000	62300000	0.0128782
chr4_pat	62300000	62400000	0.0157016
chr4_pat	62400000	62500000	0.0187733
chr4_pat	62500000	62600000	0.0192228
chr4_pat	62600000	62700000	0.015246
chr4_pat	62700000	62800000	0.0199484
chr4_pat	62800000	62900000	0.0140738
chr4_pat	62900000	63000000	0.0163284
chr4_pat	63000000	63100000	0.0199338
chr4_pat	63100000	63200000	0.0210645
chr4_pat	63200000	63300000	0.0244361
chr4_pat	63300000	63400000	
chr4_pat	63400000	63500000	0.026412
chr4_pat	63500000	63600000	0.0121234
chr4_pat	63600000	63700000	0.01331
chr4_pat	63700000	63800000	0.0119407
chr4_pat	63800000	63900000	0.0178148
chr4_pat	63900000	64000000	0.0238311
chr4_pat	64000000	64100000	0.0191534
chr4_pat	64100000	64200000	0.0185896
chr4_pat	64200000	64300000	0.0192026
chr4_pat	64300000	64400000	0.0190934
chr4_pat	64400000	64500000	0.0211277
chr4_pat	64500000	64600000	0.0196539
chr4_pat	64600000	64700000	0.01937
chr4_pat	64700000	64800000	0.0190979
chr4_pat	64800000	64900000	0.0201143
chr4_pat	64900000	65000000	0.019434
chr4_pat	65000000	65100000	0.0189731
chr4_pat	65100000	65200000	0.0232806
chr4_pat	65200000	65300000	0.0184798
chr4_pat	65300000	65400000	0.0172288
chr4_pat	65400000	65500000	0.0153735
chr4_pat	65500000	65600000	0.0111392
chr4_pat	65600000	65700000	0.014189
chr4_pat	65700000	65800000	0.0191385
chr4_pat	65800000	65900000	0.0208694
chr4_pat	65900000	66000000	0.0188849
chr4_pat	66000000	66100000	0.0186877
chr4_pat	66100000	66200000	0.0144343
chr4_pat	66200000	66300000	0.0157989
chr4_pat	66300000	66400000	0.0152683
chr4_pat	66400000	66500000	0.0132373
chr4_pat	66500000	66600000	0.0137483
chr4_pat	66600000	66700000	0.0176286
chr4_pat	66700000	66800000	0.0178404
chr4_pat	66800000	66900000	0.0168385
chr4_pat	66900000	67000000	0.0174682
chr4_pat	67000000	67100000	0.0181484
chr4_pat	67100000	67200000	0.0177978
chr4_pat	67200000	67300000	0.0193766
chr4_pat	67300000	67400000	0.0200817
chr4_pat	67400000	67500000	0.017462
chr4_pat	67500000	67600000	0.0192021
chr4_pat	67600000	67700000	0.0188367
chr4_pat	67700000	67800000	0.0206008
chr4_pat	67800000	67900000	0.0197484
chr4_pat	67900000	68000000	0.0179439
chr4_pat	68000000	68100000	0.0153716
chr4_pat	68100000	68200000	0.0119054
chr4_pat	68200000	68300000	0.0109227
chr4_pat	68300000	68400000	0.0167738
chr4_pat	68400000	68500000	0.0131865
chr4_pat	68500000	68600000	0.0208387
chr4_pat	68600000	68700000	0.0188167
chr4_pat	68700000	68800000	0.0133837
chr4_pat	68800000	68900000	0.0141321
chr4_pat	68900000	69000000	0.0127485
chr4_pat	69000000	69100000	0.0127456
chr4_pat	69100000	69200000	0.0149468
chr4_pat	69200000	69300000	0.0101637
chr4_pat	69300000	69400000	0.0167919
chr4_pat	69400000	69500000	0.0160924
chr4_pat	69500000	69600000	0.0157971
chr4_pat	69600000	69700000	0.0213622
chr4_pat	69700000	69800000	0.0235482
chr4_pat	69800000	69900000	0.0231353
chr4_pat	69900000	70000000	0.0138776
chr4_pat	70000000	70100000	0.0150731
chr4_pat	70100000	70200000	0.0159858
chr4_pat	70200000	70300000	0.0160897
chr4_pat	70300000	70400000	0.0372821
chr4_pat	70400000	70500000	
chr4_pat	70500000	70600000	0.0148019
chr4_pat	70600000	70700000	0.0151011
chr4_pat	70700000	70800000	0.0150644
chr4_pat	70800000	70900000	0.0136738
chr4_pat	70900000	71000000	0.0146666
chr4_pat	71000000	71100000	0.0150163
chr4_pat	71100000	71200000	0.0147743
chr4_pat	71200000	71300000	0.0155016
chr4_pat	71300000	71400000	0.0155058
chr4_pat	71400000	71500000	0.0162307
chr4_pat	71500000	71600000	0.0161293
chr4_pat	71600000	71700000	0.0167907
chr4_pat	71700000	71800000	0.0160696
chr4_pat	71800000	71900000	0.016182
chr4_pat	71900000	72000000	0.0180817
chr4_pat	72000000	72100000	0.0159283
chr4_pat	72100000	72200000	0.0156069
chr4_pat	72200000	72300000	0.0157713
chr4_pat	72300000	72400000	0.0145604
chr4_pat	72400000	72500000	0.0150947
chr4_pat	72500000	72600000	0.0158328
chr4_pat	72600000	72700000	0.0162349
chr4_pat	72700000	72800000	0.0149102
chr4_pat	72800000	72900000	0.020662
chr4_pat	72900000	73000000	0.023989
chr4_pat	73000000	73100000	0.0681855
chr4_pat	73100000	73200000	
chr4_pat	73200000	73300000	
chr4_pat	73300000	73325478	
chr4A_pat	0	100000	0.0763756
chr4A_pat	100000	200000	0.0720311
chr4A_pat	200000	300000	0.077305
chr4A_pat	300000	400000	0.0689403
chr4A_pat	400000	500000	0.0259921
chr4A_pat	500000	600000	0.0210925
chr4A_pat	600000	700000	0.0224905
chr4A_pat	700000	800000	0.0188708
chr4A_pat	800000	900000	0.017782
chr4A_pat	900000	1000000	0.0235871
chr4A_pat	1000000	1100000	0.0263574
chr4A_pat	1100000	1200000	0.022035
chr4A_pat	1200000	1300000	0.0231132
chr4A_pat	1300000	1400000	0.0208395
chr4A_pat	1400000	1500000	0.0185269
chr4A_pat	1500000	1600000	0.0185932
chr4A_pat	1600000	1700000	0.0148756
chr4A_pat	1700000	1800000	0.0176075
chr4A_pat	1800000	1900000	0.0191014
chr4A_pat	1900000	2000000	0.0194101
chr4A_pat	2000000	2100000	0.0187517
chr4A_pat	2100000	2200000	0.0177994
chr4A_pat	2200000	2300000	0.0190743
chr4A_pat	2300000	2400000	0.0195151
chr4A_pat	2400000	2500000	0.0181653
chr4A_pat	2500000	2600000	0.0181003
chr4A_pat	2600000	2700000	0.0176373
chr4A_pat	2700000	2800000	0.0175171
chr4A_pat	2800000	2900000	0.0174852
chr4A_pat	2900000	3000000	0.0177785
chr4A_pat	3000000	3100000	0.0176105
chr4A_pat	3100000	3200000	0.0163566
chr4A_pat	3200000	3300000	0.0177256
chr4A_pat	3300000	3400000	0.0168858
chr4A_pat	3400000	3500000	0.0175944
chr4A_pat	3500000	3600000	0.0162218
chr4A_pat	3600000	3700000	0.014806
chr4A_pat	3700000	3800000	0.0182985
chr4A_pat	3800000	3900000	0.0183095
chr4A_pat	3900000	4000000	0.0165792
chr4A_pat	4000000	4100000	0.0145862
chr4A_pat	4100000	4200000	0.0175066
chr4A_pat	4200000	4300000	0.0147067
chr4A_pat	4300000	4400000	0.0151378
chr4A_pat	4400000	4500000	0.0217279
chr4A_pat	4500000	4600000	0.0231394
chr4A_pat	4600000	4700000	0.0150837
chr4A_pat	4700000	4800000	0.0116539
chr4A_pat	4800000	4900000	0.014478
chr4A_pat	4900000	5000000	0.0117669
chr4A_pat	5000000	5100000	0.0155213
chr4A_pat	5100000	5200000	0.0131389
chr4A_pat	5200000	5300000	0.0151542
chr4A_pat	5300000	5400000	0.0179891
chr4A_pat	5400000	5500000	0.0194937
chr4A_pat	5500000	5600000	0.0174569
chr4A_pat	5600000	5700000	0.0216303
chr4A_pat	5700000	5800000	0.0214166
chr4A_pat	5800000	5900000	0.0183974
chr4A_pat	5900000	6000000	0.0151771
chr4A_pat	6000000	6100000	0.0208716
chr4A_pat	6100000	6200000	0.0129695
chr4A_pat	6200000	6300000	0.0161412
chr4A_pat	6300000	6400000	0.0161748
chr4A_pat	6400000	6500000	0.0178032
chr4A_pat	6500000	6600000	0.0125119
chr4A_pat	6600000	6700000	0.0145511
chr4A_pat	6700000	6800000	0.0144742
chr4A_pat	6800000	6900000	0.0214745
chr4A_pat	6900000	7000000	0.0244217
chr4A_pat	7000000	7100000	0.0201311
chr4A_pat	7100000	7200000	0.0180955
chr4A_pat	7200000	7300000	0.0190634
chr4A_pat	7300000	7400000	0.0156164
chr4A_pat	7400000	7500000	0.0136021
chr4A_pat	7500000	7600000	0.0154298
chr4A_pat	7600000	7700000	0.0217932
chr4A_pat	7700000	7800000	0.0177679
chr4A_pat	7800000	7900000	0.0139427
chr4A_pat	7900000	8000000	0.0171222
chr4A_pat	8000000	8100000	0.0167283
chr4A_pat	8100000	8200000	0.0190321
chr4A_pat	8200000	8300000	0.0207495
chr4A_pat	8300000	8400000	0.0201453
chr4A_pat	8400000	8500000	0.019453
chr4A_pat	8500000	8600000	0.013999
chr4A_pat	8600000	8700000	0.0141726
chr4A_pat	8700000	8800000	0.0129258
chr4A_pat	8800000	8900000	0.012181
chr4A_pat	8900000	9000000	0.0130551
chr4A_pat	9000000	9100000	0.0199028
chr4A_pat	9100000	9200000	0.021348
chr4A_pat	9200000	9300000	0.0214396
chr4A_pat	9300000	9400000	0.0202989
chr4A_pat	9400000	9500000	0.0193329
chr4A_pat	9500000	9600000	0.0125606
chr4A_pat	9600000	9700000	0.0121909
chr4A_pat	9700000	9800000	0.0179017
chr4A_pat	9800000	9900000	0.0195858
chr4A_pat	9900000	10000000	0.019886
chr4A_pat	10000000	10100000	0.0189706
chr4A_pat	10100000	10200000	0.0188343
chr4A_pat	10200000	10300000	0.0286894
chr4A_pat	10300000	10400000	0.0242983
chr4A_pat	10400000	10500000	0.0194051
chr4A_pat	10500000	10600000	0.0198116
chr4A_pat	10600000	10700000	0.0184831
chr4A_pat	10700000	10800000	0.0179149
chr4A_pat	10800000	10900000	0.016641
chr4A_pat	10900000	11000000	0.012884
chr4A_pat	11000000	11100000	0.0206277
chr4A_pat	11100000	11200000	0.0132915
chr4A_pat	11200000	11300000	0.0168315
chr4A_pat	11300000	11400000	0.0136956
chr4A_pat	11400000	11500000	0.0123972
chr4A_pat	11500000	11600000	0.0126862
chr4A_pat	11600000	11700000	0.018308
chr4A_pat	11700000	11800000	0.0175105
chr4A_pat	11800000	11900000	0.0164028
chr4A_pat	11900000	12000000	0.0173159
chr4A_pat	12000000	12100000	0.0169204
chr4A_pat	12100000	12200000	0.0177847
chr4A_pat	12200000	12300000	0.0149727
chr4A_pat	12300000	12400000	0.0126473
chr4A_pat	12400000	12500000	0.0189392
chr4A_pat	12500000	12600000	0.0167659
chr4A_pat	12600000	12700000	0.0182686
chr4A_pat	12700000	12800000	0.0256405
chr4A_pat	12800000	12900000	0.0264433
chr4A_pat	12900000	13000000	0.0264092
chr4A_pat	13000000	13100000	0.0276517
chr4A_pat	13100000	13200000	0.0182907
chr4A_pat	13200000	13300000	0.0213014
chr4A_pat	13300000	13400000	0.0246367
chr4A_pat	13400000	13500000	0.0235229
chr4A_pat	13500000	13600000	0.0240382
chr4A_pat	13600000	13700000	0.0230104
chr4A_pat	13700000	13800000	0.0219851
chr4A_pat	13800000	13900000	0.0198866
chr4A_pat	13900000	14000000	0.0200055
chr4A_pat	14000000	14100000	0.0206515
chr4A_pat	14100000	14200000	0.0212918
chr4A_pat	14200000	14300000	0.0178728
chr4A_pat	14300000	14400000	0.020989
chr4A_pat	14400000	14500000	0.0193444
chr4A_pat	14500000	14600000	0.0113194
chr4A_pat	14600000	14700000	0.0157733
chr4A_pat	14700000	14800000	0.0205972
chr4A_pat	14800000	14900000	0.0191226
chr4A_pat	14900000	15000000	0.0139357
chr4A_pat	15000000	15100000	0.0133285
chr4A_pat	15100000	15200000	0.0125711
chr4A_pat	15200000	15300000	0.0174869
chr4A_pat	15300000	15400000	0.0136584
chr4A_pat	15400000	15500000	0.0162869
chr4A_pat	15500000	15600000	0.0140626
chr4A_pat	15600000	15700000	0.013165
chr4A_pat	15700000	15800000	0.0180172
chr4A_pat	15800000	15900000	0.0211215
chr4A_pat	15900000	16000000	0.0197547
chr4A_pat	16000000	16100000	0.0196943
chr4A_pat	16100000	16200000	0.0207027
chr4A_pat	16200000	16300000	0.0162221
chr4A_pat	16300000	16400000	0.0132629
chr4A_pat	16400000	16500000	0.0182869
chr4A_pat	16500000	16600000	0.022764
chr4A_pat	16600000	16700000	0.0179839
chr4A_pat	16700000	16800000	0.014523
chr4A_pat	16800000	16900000	0.0201159
chr4A_pat	16900000	17000000	0.0137737
chr4A_pat	17000000	17100000	0.0120845
chr4A_pat	17100000	17200000	0.0225997
chr4A_pat	17200000	17300000	0.0222188
chr4A_pat	17300000	17400000	0.0206191
chr4A_pat	17400000	17500000	0.0204771
chr4A_pat	17500000	17600000	0.020066
chr4A_pat	17600000	17700000	0.0207902
chr4A_pat	17700000	17800000	0.0226591
chr4A_pat	17800000	17900000	0.0283947
chr4A_pat	17900000	18000000	0.0248961
chr4A_pat	18000000	18100000	0.0246972
chr4A_pat	18100000	18200000	0.0184578
chr4A_pat	18200000	18300000	0.0184523
chr4A_pat	18300000	18400000	0.0164587
chr4A_pat	18400000	18500000	0.0157611
chr4A_pat	18500000	18600000	0.0162814
chr4A_pat	18600000	18700000	0.0241081
chr4A_pat	18700000	18800000	0.0902621
chr4A_pat	18800000	18900000	
chr4A_pat	18900000	19000000	
chr4A_pat	19000000	19100000	
chr4A_pat	19100000	19200000	
chr4A_pat	19200000	19300000	
chr4A_pat	19300000	19400000	
chr4A_pat	19400000	19500000	
chr4A_pat	19500000	19525173	
chr5_pat	0	100000	
chr5_pat	100000	200000	
chr5_pat	200000	300000	0.0143241
chr5_pat	300000	400000	0.0232156
chr5_pat	400000	500000	0.017131
chr5_pat	500000	600000	0.0140332
chr5_pat	600000	700000	0.0168744
chr5_pat	700000	800000	0.0186174
chr5_pat	800000	900000	0.0217954
chr5_pat	900000	1000000	0.018928
chr5_pat	1000000	1100000	0.0157546
chr5_pat	1100000	1200000	0.0157425
chr5_pat	1200000	1300000	0.0171967
chr5_pat	1300000	1400000	0.0164968
chr5_pat	1400000	1500000	0.0188755
chr5_pat	1500000	1600000	0.0163874
chr5_pat	1600000	1700000	0.0160296
chr5_pat	1700000	1800000	0.0150143
chr5_pat	1800000	1900000	0.0128203
chr5_pat	1900000	2000000	0.016324
chr5_pat	2000000	2100000	0.0143137
chr5_pat	2100000	2200000	0.0135396
chr5_pat	2200000	2300000	0.0136442
chr5_pat	2300000	2400000	0.0135898
chr5_pat	2400000	2500000	0.0134996
chr5_pat	2500000	2600000	0.0170717
chr5_pat	2600000	2700000	0.0171616
chr5_pat	2700000	2800000	0.0171858
chr5_pat	2800000	2900000	0.0164885
chr5_pat	2900000	3000000	0.0155465
chr5_pat	3000000	3100000	0.0106753
chr5_pat	3100000	3200000	0.0109443
chr5_pat	3200000	3300000	0.0168176
chr5_pat	3300000	3400000	0.0186581
chr5_pat	3400000	3500000	0.0194332
chr5_pat	3500000	3600000	0.0221471
chr5_pat	3600000	3700000	0.0200577
chr5_pat	3700000	3800000	0.0171189
chr5_pat	3800000	3900000	0.0179266
chr5_pat	3900000	4000000	0.0140903
chr5_pat	4000000	4100000	0.015141
chr5_pat	4100000	4200000	0.0144958
chr5_pat	4200000	4300000	0.0114933
chr5_pat	4300000	4400000	0.0107389
chr5_pat	4400000	4500000	0.0164845
chr5_pat	4500000	4600000	0.0173788
chr5_pat	4600000	4700000	0.0171758
chr5_pat	4700000	4800000	0.0128389
chr5_pat	4800000	4900000	0.0130793
chr5_pat	4900000	5000000	0.0115045
chr5_pat	5000000	5100000	0.0182375
chr5_pat	5100000	5200000	0.0505476
chr5_pat	5200000	5300000	0.0203033
chr5_pat	5300000	5400000	0.0106532
chr5_pat	5400000	5500000	0.0158488
chr5_pat	5500000	5600000	0.0129693
chr5_pat	5600000	5700000	0.0157961
chr5_pat	5700000	5800000	0.0156219
chr5_pat	5800000	5900000	0.0150552
chr5_pat	5900000	6000000	0.0147874
chr5_pat	6000000	6100000	0.0150487
chr5_pat	6100000	6200000	0.0135663
chr5_pat	6200000	6300000	0.0167014
chr5_pat	6300000	6400000	0.0114497
chr5_pat	6400000	6500000	0.01192
chr5_pat	6500000	6600000	0.0175896
chr5_pat	6600000	6700000	0.00922772
chr5_pat	6700000	6800000	0.0159551
chr5_pat	6800000	6900000	0.0132147
chr5_pat	6900000	7000000	0.0116943
chr5_pat	7000000	7100000	0.0147475
chr5_pat	7100000	7200000	0.0163334
chr5_pat	7200000	7300000	0.0132216
chr5_pat	7300000	7400000	0.0107436
chr5_pat	7400000	7500000	0.0155803
chr5_pat	7500000	7600000	0.0216274
chr5_pat	7600000	7700000	0.0217121
chr5_pat	7700000	7800000	0.0228146
chr5_pat	7800000	7900000	0.020664
chr5_pat	7900000	8000000	0.02002
chr5_pat	8000000	8100000	0.0177228
chr5_pat	8100000	8200000	0.0222282
chr5_pat	8200000	8300000	0.0215455
chr5_pat	8300000	8400000	0.0222322
chr5_pat	8400000	8500000	0.0193316
chr5_pat	8500000	8600000	0.013774
chr5_pat	8600000	8700000	0.0137021
chr5_pat	8700000	8800000	0.0186625
chr5_pat	8800000	8900000	0.0188887
chr5_pat	8900000	9000000	0.0183773
chr5_pat	9000000	9100000	0.0188043
chr5_pat	9100000	9200000	0.0184606
chr5_pat	9200000	9300000	0.0145841
chr5_pat	9300000	9400000	0.0158521
chr5_pat	9400000	9500000	0.0158506
chr5_pat	9500000	9600000	0.0162654
chr5_pat	9600000	9700000	0.0115687
chr5_pat	9700000	9800000	0.0168824
chr5_pat	9800000	9900000	0.0186832
chr5_pat	9900000	10000000	0.021563
chr5_pat	10000000	10100000	0.0228527
chr5_pat	10100000	10200000	0.0173864
chr5_pat	10200000	10300000	0.0144318
chr5_pat	10300000	10400000	0.0144729
chr5_pat	10400000	10500000	0.0168171
chr5_pat	10500000	10600000	0.0155086
chr5_pat	10600000	10700000	0.0178217
chr5_pat	10700000	10800000	0.0164588
chr5_pat	10800000	10900000	0.0163883
chr5_pat	10900000	11000000	0.0180706
chr5_pat	11000000	11100000	0.0179856
chr5_pat	11100000	11200000	0.0175416
chr5_pat	11200000	11300000	0.0174316
chr5_pat	11300000	11400000	0.0155923
chr5_pat	11400000	11500000	0.0108327
chr5_pat	11500000	11600000	0.0146051
chr5_pat	11600000	11700000	0.014139
chr5_pat	11700000	11800000	0.0196515
chr5_pat	11800000	11900000	0.0231339
chr5_pat	11900000	12000000	0.018278
chr5_pat	12000000	12100000	0.0253973
chr5_pat	12100000	12200000	0.016748
chr5_pat	12200000	12300000	0.0135845
chr5_pat	12300000	12400000	0.0163713
chr5_pat	12400000	12500000	0.0186436
chr5_pat	12500000	12600000	0.0190092
chr5_pat	12600000	12700000	0.0210447
chr5_pat	12700000	12800000	0.0176404
chr5_pat	12800000	12900000	0.0200962
chr5_pat	12900000	13000000	0.0194725
chr5_pat	13000000	13100000	0.0128736
chr5_pat	13100000	13200000	0.0124932
chr5_pat	13200000	13300000	0.0105255
chr5_pat	13300000	13400000	0.0200432
chr5_pat	13400000	13500000	0.0152943
chr5_pat	13500000	13600000	0.0150706
chr5_pat	13600000	13700000	0.0136546
chr5_pat	13700000	13800000	0.0134095
chr5_pat	13800000	13900000	0.0166303
chr5_pat	13900000	14000000	0.0147547
chr5_pat	14000000	14100000	0.0120892
chr5_pat	14100000	14200000	0.0148226
chr5_pat	14200000	14300000	0.0181604
chr5_pat	14300000	14400000	0.019512
chr5_pat	14400000	14500000	0.017602
chr5_pat	14500000	14600000	0.0169331
chr5_pat	14600000	14700000	0.0173238
chr5_pat	14700000	14800000	0.0142796
chr5_pat	14800000	14900000	0.0184699
chr5_pat	14900000	15000000	0.0196668
chr5_pat	15000000	15100000	0.0233461
chr5_pat	15100000	15200000	0.0139427
chr5_pat	15200000	15300000	0.0161004
chr5_pat	15300000	15400000	0.0173159
chr5_pat	15400000	15500000	0.0170063
chr5_pat	15500000	15600000	0.0129975
chr5_pat	15600000	15700000	0.0197666
chr5_pat	15700000	15800000	0.0165241
chr5_pat	15800000	15900000	0.0199814
chr5_pat	15900000	16000000	0.0284813
chr5_pat	16000000	16100000	0.0298673
chr5_pat	16100000	16200000	0.0181184
chr5_pat	16200000	16300000	0.0121259
chr5_pat	16300000	16400000	0.0170648
chr5_pat	16400000	16500000	0.0191712
chr5_pat	16500000	16600000	0.0226863
chr5_pat	16600000	16700000	0.0203394
chr5_pat	16700000	16800000	0.0187135
chr5_pat	16800000	16900000	0.013419
chr5_pat	16900000	17000000	0.0193027
chr5_pat	17000000	17100000	0.0251896
chr5_pat	17100000	17200000	0.0315829
chr5_pat	17200000	17300000	0.0307257
chr5_pat	17300000	17400000	0.0245999
chr5_pat	17400000	17500000	0.0250676
chr5_pat	17500000	17600000	0.0529551
chr5_pat	17600000	17700000	
chr5_pat	17700000	17800000	0.0649884
chr5_pat	17800000	17900000	
chr5_pat	17900000	18000000	
chr5_pat	18000000	18100000	
chr5_pat	18100000	18200000	
chr5_pat	18200000	18300000	
chr5_pat	18300000	18400000	
chr5_pat	18400000	18500000	
chr5_pat	18500000	18600000	
chr5_pat	18600000	18700000	
chr5_pat	18700000	18800000	
chr5_pat	18800000	18900000	
chr5_pat	18900000	19000000	
chr5_pat	19000000	19100000	
chr5_pat	19100000	19200000	
chr5_pat	19200000	19300000	
chr5_pat	19300000	19400000	
chr5_pat	19400000	19500000	0.0246866
chr5_pat	19500000	19600000	0.0223008
chr5_pat	19600000	19700000	0.0198567
chr5_pat	19700000	19800000	0.0155454
chr5_pat	19800000	19900000	0.0238107
chr5_pat	19900000	20000000	0.0164247
chr5_pat	20000000	20100000	0.0200806
chr5_pat	20100000	20200000	0.0209769
chr5_pat	20200000	20300000	0.0152864
chr5_pat	20300000	20400000	0.0258277
chr5_pat	20400000	20500000	0.0246394
chr5_pat	20500000	20600000	0.0202708
chr5_pat	20600000	20700000	0.0318427
chr5_pat	20700000	20800000	0.0204383
chr5_pat	20800000	20900000	0.0212327
chr5_pat	20900000	21000000	0.0209101
chr5_pat	21000000	21100000	0.0167018
chr5_pat	21100000	21200000	0.0149622
chr5_pat	21200000	21300000	0.0217945
chr5_pat	21300000	21400000	0.0261238
chr5_pat	21400000	21500000	0.0213533
chr5_pat	21500000	21600000	0.024107
chr5_pat	21600000	21700000	0.0236691
chr5_pat	21700000	21800000	0.0202811
chr5_pat	21800000	21900000	0.0203479
chr5_pat	21900000	22000000	0.0262014
chr5_pat	22000000	22100000	0.0282028
chr5_pat	22100000	22200000	0.020138
chr5_pat	22200000	22300000	0.0234059
chr5_pat	22300000	22400000	0.0226187
chr5_pat	22400000	22500000	0.019807
chr5_pat	22500000	22600000	0.0205499
chr5_pat	22600000	22700000	0.0227357
chr5_pat	22700000	22800000	0.0229382
chr5_pat	22800000	22900000	0.0195418
chr5_pat	22900000	23000000	0.0204398
chr5_pat	23000000	23100000	0.0225979
chr5_pat	23100000	23200000	0.0129106
chr5_pat	23200000	23300000	0.0189603
chr5_pat	23300000	23400000	0.0167239
chr5_pat	23400000	23500000	0.0156475
chr5_pat	23500000	23600000	0.0152572
chr5_pat	23600000	23700000	0.0238371
chr5_pat	23700000	23800000	0.0222369
chr5_pat	23800000	23900000	0.0193473
chr5_pat	23900000	24000000	0.0204106
chr5_pat	24000000	24100000	0.0194366
chr5_pat	24100000	24200000	0.0159659
chr5_pat	24200000	24300000	0.0192057
chr5_pat	24300000	24400000	0.0197843
chr5_pat	24400000	24500000	0.0241419
chr5_pat	24500000	24600000	0.0215703
chr5_pat	24600000	24700000	0.0175404
chr5_pat	24700000	24800000	0.0143832
chr5_pat	24800000	24900000	0.0143809
chr5_pat	24900000	25000000	0.0170003
chr5_pat	25000000	25100000	0.0156764
chr5_pat	25100000	25200000	0.0125393
chr5_pat	25200000	25300000	0.0153582
chr5_pat	25300000	25400000	0.0148054
chr5_pat	25400000	25500000	0.0142802
chr5_pat	25500000	25600000	0.014928
chr5_pat	25600000	25700000	0.015234
chr5_pat	25700000	25800000	0.0181406
chr5_pat	25800000	25900000	0.0179594
chr5_pat	25900000	26000000	0.0169117
chr5_pat	26000000	26100000	0.0155836
chr5_pat	26100000	26200000	0.0221656
chr5_pat	26200000	26300000	0.0203773
chr5_pat	26300000	26400000	0.0151555
chr5_pat	26400000	26500000	0.0182444
chr5_pat	26500000	26600000	0.0211347
chr5_pat	26600000	26700000	0.0117731
chr5_pat	26700000	26800000	0.0133538
chr5_pat	26800000	26900000	0.0123285
chr5_pat	26900000	27000000	0.0193476
chr5_pat	27000000	27100000	0.0137774
chr5_pat	27100000	27200000	0.0201701
chr5_pat	27200000	27300000	0.0194118
chr5_pat	27300000	27400000	0.0203916
chr5_pat	27400000	27500000	0.0174551
chr5_pat	27500000	27600000	0.0125747
chr5_pat	27600000	27700000	0.0184128
chr5_pat	27700000	27800000	0.0163201
chr5_pat	27800000	27900000	0.0129798
chr5_pat	27900000	28000000	0.0156461
chr5_pat	28000000	28100000	0.0174496
chr5_pat	28100000	28200000	0.0173768
chr5_pat	28200000	28300000	0.0123741
chr5_pat	28300000	28400000	0.0165651
chr5_pat	28400000	28500000	0.0168962
chr5_pat	28500000	28600000	0.0191024
chr5_pat	28600000	28700000	0.0115642
chr5_pat	28700000	28800000	0.0163156
chr5_pat	28800000	28900000	0.0196667
chr5_pat	28900000	29000000	0.0145612
chr5_pat	29000000	29100000	0.0209502
chr5_pat	29100000	29200000	0.0211369
chr5_pat	29200000	29300000	0.0227792
chr5_pat	29300000	29400000	0.0229527
chr5_pat	29400000	29500000	0.0200371
chr5_pat	29500000	29600000	0.0125916
chr5_pat	29600000	29700000	0.01798
chr5_pat	29700000	29800000	0.0147177
chr5_pat	29800000	29900000	0.0186422
chr5_pat	29900000	30000000	0.0256395
chr5_pat	30000000	30100000	0.0267073
chr5_pat	30100000	30200000	0.0164287
chr5_pat	30200000	30300000	0.0135679
chr5_pat	30300000	30400000	0.016253
chr5_pat	30400000	30500000	0.0229219
chr5_pat	30500000	30600000	0.0117557
chr5_pat	30600000	30700000	0.0157377
chr5_pat	30700000	30800000	0.015609
chr5_pat	30800000	30900000	0.0216874
chr5_pat	30900000	31000000	0.0208033
chr5_pat	31000000	31100000	0.014846
chr5_pat	31100000	31200000	0.0140532
chr5_pat	31200000	31300000	0.0177007
chr5_pat	31300000	31400000	0.0129099
chr5_pat	31400000	31500000	0.0135129
chr5_pat	31500000	31600000	0.0164379
chr5_pat	31600000	31700000	0.0183769
chr5_pat	31700000	31800000	0.0168663
chr5_pat	31800000	31900000	0.0182989
chr5_pat	31900000	32000000	0.0160763
chr5_pat	32000000	32100000	0.0158754
chr5_pat	32100000	32200000	0.0208315
chr5_pat	32200000	32300000	0.0194485
chr5_pat	32300000	32400000	0.0244004
chr5_pat	32400000	32500000	0.0231122
chr5_pat	32500000	32600000	0.0122977
chr5_pat	32600000	32700000	0.017718
chr5_pat	32700000	32800000	0.0182975
chr5_pat	32800000	32900000	0.0190043
chr5_pat	32900000	33000000	0.0213915
chr5_pat	33000000	33100000	0.0227233
chr5_pat	33100000	33200000	0.0161839
chr5_pat	33200000	33300000	0.0196795
chr5_pat	33300000	33400000	0.0218626
chr5_pat	33400000	33500000	0.0300483
chr5_pat	33500000	33600000	0.0339878
chr5_pat	33600000	33700000	0.0430611
chr5_pat	33700000	33800000	0.0329804
chr5_pat	33800000	33900000	0.0326579
chr5_pat	33900000	34000000	0.0268527
chr5_pat	34000000	34100000	0.0267389
chr5_pat	34100000	34200000	0.0311834
chr5_pat	34200000	34300000	0.0234979
chr5_pat	34300000	34400000	0.0261347
chr5_pat	34400000	34500000	0.032755
chr5_pat	34500000	34600000	0.0240652
chr5_pat	34600000	34700000	0.0275872
chr5_pat	34700000	34800000	0.0133117
chr5_pat	34800000	34900000	0.017776
chr5_pat	34900000	35000000	0.019026
chr5_pat	35000000	35100000	0.019133
chr5_pat	35100000	35200000	0.0176059
chr5_pat	35200000	35300000	0.0206371
chr5_pat	35300000	35400000	0.0263764
chr5_pat	35400000	35500000	0.0235414
chr5_pat	35500000	35600000	0.0240862
chr5_pat	35600000	35700000	0.0269864
chr5_pat	35700000	35800000	0.0247683
chr5_pat	35800000	35900000	0.0197202
chr5_pat	35900000	36000000	0.0216738
chr5_pat	36000000	36100000	0.0250743
chr5_pat	36100000	36200000	0.0251818
chr5_pat	36200000	36300000	0.030584
chr5_pat	36300000	36400000	0.0323322
chr5_pat	36400000	36500000	0.0304428
chr5_pat	36500000	36600000	0.0288304
chr5_pat	36600000	36700000	0.0224123
chr5_pat	36700000	36800000	0.02372
chr5_pat	36800000	36900000	0.0219002
chr5_pat	36900000	37000000	0.0221249
chr5_pat	37000000	37100000	0.0162999
chr5_pat	37100000	37200000	0.0154784
chr5_pat	37200000	37300000	0.0143591
chr5_pat	37300000	37400000	0.0192278
chr5_pat	37400000	37500000	0.0175526
chr5_pat	37500000	37600000	0.0159327
chr5_pat	37600000	37700000	0.0266412
chr5_pat	37700000	37800000	0.0307021
chr5_pat	37800000	37900000	0.0261619
chr5_pat	37900000	38000000	0.027073
chr5_pat	38000000	38100000	0.0274523
chr5_pat	38100000	38200000	0.0292675
chr5_pat	38200000	38300000	0.0322743
chr5_pat	38300000	38400000	0.032578
chr5_pat	38400000	38500000	0.0210045
chr5_pat	38500000	38600000	0.0204468
chr5_pat	38600000	38700000	0.0146434
chr5_pat	38700000	38800000	0.0132055
chr5_pat	38800000	38900000	0.013363
chr5_pat	38900000	39000000	0.0141118
chr5_pat	39000000	39100000	0.023799
chr5_pat	39100000	39200000	0.0156632
chr5_pat	39200000	39300000	0.0208717
chr5_pat	39300000	39400000	0.0195805
chr5_pat	39400000	39500000	0.023802
chr5_pat	39500000	39600000	0.0221539
chr5_pat	39600000	39700000	0.0220153
chr5_pat	39700000	39800000	0.0244189
chr5_pat	39800000	39900000	0.0187672
chr5_pat	39900000	40000000	0.0240877
chr5_pat	40000000	40100000	0.02203
chr5_pat	40100000	40200000	0.0204236
chr5_pat	40200000	40300000	0.0207986
chr5_pat	40300000	40400000	0.0182317
chr5_pat	40400000	40500000	0.0148653
chr5_pat	40500000	40600000	0.0132484
chr5_pat	40600000	40700000	0.0173767
chr5_pat	40700000	40800000	0.0144671
chr5_pat	40800000	40900000	0.0182546
chr5_pat	40900000	41000000	0.0126938
chr5_pat	41000000	41100000	0.0126477
chr5_pat	41100000	41200000	0.0157201
chr5_pat	41200000	41300000	0.0152374
chr5_pat	41300000	41400000	0.0205827
chr5_pat	41400000	41500000	0.018879
chr5_pat	41500000	41600000	0.0162288
chr5_pat	41600000	41700000	0.020829
chr5_pat	41700000	41800000	0.016755
chr5_pat	41800000	41900000	0.0126354
chr5_pat	41900000	42000000	0.0314773
chr5_pat	42000000	42100000	0.0195528
chr5_pat	42100000	42200000	0.0148533
chr5_pat	42200000	42300000	0.0154379
chr5_pat	42300000	42400000	0.0125568
chr5_pat	42400000	42500000	0.0223561
chr5_pat	42500000	42600000	0.0231277
chr5_pat	42600000	42700000	0.0210527
chr5_pat	42700000	42800000	0.0211976
chr5_pat	42800000	42900000	0.0208689
chr5_pat	42900000	43000000	0.0209574
chr5_pat	43000000	43100000	0.0236051
chr5_pat	43100000	43200000	0.0244088
chr5_pat	43200000	43300000	0.0271519
chr5_pat	43300000	43400000	0.0334902
chr5_pat	43400000	43500000	0.0275683
chr5_pat	43500000	43600000	0.0392808
chr5_pat	43600000	43700000	0.0235954
chr5_pat	43700000	43800000	0.0145846
chr5_pat	43800000	43900000	0.013869
chr5_pat	43900000	44000000	0.0134402
chr5_pat	44000000	44100000	0.0211177
chr5_pat	44100000	44200000	0.0187851
chr5_pat	44200000	44300000	0.0286347
chr5_pat	44300000	44400000	0.0242519
chr5_pat	44400000	44500000	0.0245716
chr5_pat	44500000	44600000	0.0196
chr5_pat	44600000	44700000	0.0337241
chr5_pat	44700000	44800000	0.0199853
chr5_pat	44800000	44900000	0.0207195
chr5_pat	44900000	45000000	0.0229238
chr5_pat	45000000	45100000	0.0259254
chr5_pat	45100000	45200000	0.0252191
chr5_pat	45200000	45300000	0.0244923
chr5_pat	45300000	45400000	0.0236791
chr5_pat	45400000	45500000	0.019314
chr5_pat	45500000	45600000	0.0197507
chr5_pat	45600000	45700000	0.0218769
chr5_pat	45700000	45800000	0.0191758
chr5_pat	45800000	45900000	0.0198796
chr5_pat	45900000	46000000	0.0212986
chr5_pat	46000000	46100000	0.023328
chr5_pat	46100000	46200000	0.0182788
chr5_pat	46200000	46300000	0.0177768
chr5_pat	46300000	46400000	0.0153307
chr5_pat	46400000	46500000	0.0184921
chr5_pat	46500000	46600000	0.0179815
chr5_pat	46600000	46700000	0.0180554
chr5_pat	46700000	46800000	0.0180453
chr5_pat	46800000	46900000	0.0167004
chr5_pat	46900000	47000000	0.0165146
chr5_pat	47000000	47100000	0.014528
chr5_pat	47100000	47200000	0.0129932
chr5_pat	47200000	47300000	0.0176884
chr5_pat	47300000	47400000	0.014507
chr5_pat	47400000	47500000	0.0176451
chr5_pat	47500000	47600000	0.017486
chr5_pat	47600000	47700000	0.013661
chr5_pat	47700000	47800000	0.0163769
chr5_pat	47800000	47900000	0.0118588
chr5_pat	47900000	48000000	0.0193207
chr5_pat	48000000	48100000	0.0175791
chr5_pat	48100000	48200000	0.0144434
chr5_pat	48200000	48300000	0.0159341
chr5_pat	48300000	48400000	0.0121603
chr5_pat	48400000	48500000	0.0125238
chr5_pat	48500000	48600000	0.0183031
chr5_pat	48600000	48700000	0.0192514
chr5_pat	48700000	48800000	0.017546
chr5_pat	48800000	48900000	
chr5_pat	48900000	49000000	
chr5_pat	49000000	49100000	
chr5_pat	49100000	49200000	
chr5_pat	49200000	49300000	
chr5_pat	49300000	49400000	0.0295397
chr5_pat	49400000	49500000	0.0120525
chr5_pat	49500000	49600000	0.018051
chr5_pat	49600000	49700000	0.0185473
chr5_pat	49700000	49800000	0.0177747
chr5_pat	49800000	49900000	0.0133703
chr5_pat	49900000	50000000	0.0148244
chr5_pat	50000000	50100000	0.0160324
chr5_pat	50100000	50200000	0.0220898
chr5_pat	50200000	50300000	0.0200506
chr5_pat	50300000	50400000	0.0298739
chr5_pat	50400000	50500000	0.0222658
chr5_pat	50500000	50600000	0.026264
chr5_pat	50600000	50700000	0.0249419
chr5_pat	50700000	50800000	0.0257295
chr5_pat	50800000	50900000	0.0439708
chr5_pat	50900000	51000000	0.0259903
chr5_pat	51000000	51100000	0.0258332
chr5_pat	51100000	51200000	0.0242197
chr5_pat	51200000	51300000	0.0300262
chr5_pat	51300000	51400000	0.0215636
chr5_pat	51400000	51500000	0.0137144
chr5_pat	51500000	51600000	0.0194449
chr5_pat	51600000	51700000	0.0169816
chr5_pat	51700000	51800000	0.0151917
chr5_pat	51800000	51900000	0.0190616
chr5_pat	51900000	52000000	0.0175368
chr5_pat	52000000	52100000	0.0106277
chr5_pat	52100000	52200000	0.0162706
chr5_pat	52200000	52300000	0.0188246
chr5_pat	52300000	52400000	0.0231405
chr5_pat	52400000	52500000	0.0158378
chr5_pat	52500000	52600000	0.0237704
chr5_pat	52600000	52700000	0.0246615
chr5_pat	52700000	52800000	0.0239362
chr5_pat	52800000	52900000	0.0146495
chr5_pat	52900000	53000000	0.0137005
chr5_pat	53000000	53100000	0.0117544
chr5_pat	53100000	53200000	0.0133061
chr5_pat	53200000	53300000	0.0151457
chr5_pat	53300000	53400000	0.0173687
chr5_pat	53400000	53500000	0.0195498
chr5_pat	53500000	53600000	0.0137039
chr5_pat	53600000	53700000	0.0215552
chr5_pat	53700000	53800000	0.0168653
chr5_pat	53800000	53900000	0.0124289
chr5_pat	53900000	54000000	0.0170915
chr5_pat	54000000	54100000	0.0132689
chr5_pat	54100000	54200000	0.0127103
chr5_pat	54200000	54300000	0.0152807
chr5_pat	54300000	54400000	0.0193991
chr5_pat	54400000	54500000	0.0191727
chr5_pat	54500000	54600000	0.0176998
chr5_pat	54600000	54700000	0.0170627
chr5_pat	54700000	54800000	0.0174168
chr5_pat	54800000	54900000	0.017954
chr5_pat	54900000	55000000	0.0180781
chr5_pat	55000000	55100000	0.0178395
chr5_pat	55100000	55200000	0.0161866
chr5_pat	55200000	55300000	0.0165684
chr5_pat	55300000	55400000	0.0171954
chr5_pat	55400000	55500000	0.0190144
chr5_pat	55500000	55600000	0.0175963
chr5_pat	55600000	55700000	0.0136777
chr5_pat	55700000	55800000	0.0160937
chr5_pat	55800000	55900000	0.0210911
chr5_pat	55900000	56000000	0.0177463
chr5_pat	56000000	56100000	0.015955
chr5_pat	56100000	56200000	0.0182404
chr5_pat	56200000	56300000	0.0206406
chr5_pat	56300000	56400000	0.0194135
chr5_pat	56400000	56500000	0.0192238
chr5_pat	56500000	56600000	0.0154795
chr5_pat	56600000	56700000	0.0127004
chr5_pat	56700000	56800000	0.0150657
chr5_pat	56800000	56900000	0.0159288
chr5_pat	56900000	57000000	0.0160852
chr5_pat	57000000	57100000	0.015927
chr5_pat	57100000	57200000	0.0125452
chr5_pat	57200000	57300000	0.0144228
chr5_pat	57300000	57400000	0.018965
chr5_pat	57400000	57500000	0.0171201
chr5_pat	57500000	57600000	0.0175101
chr5_pat	57600000	57700000	0.0173061
chr5_pat	57700000	57800000	0.018554
chr5_pat	57800000	57900000	0.015502
chr5_pat	57900000	58000000	0.0176012
chr5_pat	58000000	58100000	0.0187643
chr5_pat	58100000	58200000	0.0148261
chr5_pat	58200000	58300000	0.0131278
chr5_pat	58300000	58400000	0.0183788
chr5_pat	58400000	58500000	0.0139302
chr5_pat	58500000	58600000	0.0126573
chr5_pat	58600000	58700000	0.016893
chr5_pat	58700000	58800000	0.0147642
chr5_pat	58800000	58900000	0.0186596
chr5_pat	58900000	59000000	0.0216323
chr5_pat	59000000	59100000	0.0201241
chr5_pat	59100000	59200000	0.0173176
chr5_pat	59200000	59300000	0.0107553
chr5_pat	59300000	59400000	0.0125528
chr5_pat	59400000	59500000	0.016854
chr5_pat	59500000	59600000	0.0146787
chr5_pat	59600000	59700000	0.0135671
chr5_pat	59700000	59800000	0.0177431
chr5_pat	59800000	59900000	0.0220196
chr5_pat	59900000	60000000	0.0186463
chr5_pat	60000000	60100000	0.0169934
chr5_pat	60100000	60200000	0.0148698
chr5_pat	60200000	60300000	0.0180077
chr5_pat	60300000	60400000	0.0138466
chr5_pat	60400000	60500000	0.0117958
chr5_pat	60500000	60600000	0.0166469
chr5_pat	60600000	60700000	0.014033
chr5_pat	60700000	60800000	0.0153123
chr5_pat	60800000	60900000	0.0193988
chr5_pat	60900000	61000000	0.0214045
chr5_pat	61000000	61100000	0.0182296
chr5_pat	61100000	61200000	0.0137264
chr5_pat	61200000	61300000	0.0118166
chr5_pat	61300000	61400000	0.0123554
chr5_pat	61400000	61500000	0.0134748
chr5_pat	61500000	61600000	0.0161061
chr5_pat	61600000	61700000	0.0364755
chr5_pat	61700000	61800000	0.0150151
chr5_pat	61800000	61900000	0.0113781
chr5_pat	61900000	62000000	0.0123849
chr5_pat	62000000	62100000	0.0103299
chr5_pat	62100000	62200000	0.0140596
chr5_pat	62200000	62300000	0.0134929
chr5_pat	62300000	62400000	0.0133262
chr5_pat	62400000	62500000	0.0138506
chr5_pat	62500000	62600000	0.0138948
chr5_pat	62600000	62700000	0.0133778
chr5_pat	62700000	62800000	0.0142861
chr5_pat	62800000	62900000	0.0115624
chr5_pat	62900000	63000000	0.0123227
chr5_pat	63000000	63100000	0.0174327
chr5_pat	63100000	63200000	0.0191943
chr5_pat	63200000	63300000	0.0496707
chr5_pat	63300000	63400000	0.0468536
chr5_pat	63400000	63500000	0.0226947
chr5_pat	63500000	63600000	0.035188
chr5_pat	63600000	63700000	0.083805
chr5_pat	63700000	63800000	
chr5_pat	63800000	63896914	
chr6_pat	0	100000	
chr6_pat	100000	200000	
chr6_pat	200000	300000	
chr6_pat	300000	400000	0.0737039
chr6_pat	400000	500000	
chr6_pat	500000	600000	0.0593997
chr6_pat	600000	700000	0.0462176
chr6_pat	700000	800000	0.0264216
chr6_pat	800000	900000	0.0217339
chr6_pat	900000	1000000	0.0194649
chr6_pat	1000000	1100000	0.0186829
chr6_pat	1100000	1200000	0.0194576
chr6_pat	1200000	1300000	0.0203272
chr6_pat	1300000	1400000	0.0188105
chr6_pat	1400000	1500000	0.020672
chr6_pat	1500000	1600000	0.0196501
chr6_pat	1600000	1700000	0.011882
chr6_pat	1700000	1800000	0.0147939
chr6_pat	1800000	1900000	0.0126929
chr6_pat	1900000	2000000	0.0134206
chr6_pat	2000000	2100000	0.012672
chr6_pat	2100000	2200000	0.0131903
chr6_pat	2200000	2300000	0.0218006
chr6_pat	2300000	2400000	0.0194925
chr6_pat	2400000	2500000	0.013915
chr6_pat	2500000	2600000	0.0224025
chr6_pat	2600000	2700000	0.0190172
chr6_pat	2700000	2800000	0.0219043
chr6_pat	2800000	2900000	0.0223468
chr6_pat	2900000	3000000	0.0194625
chr6_pat	3000000	3100000	0.0238172
chr6_pat	3100000	3200000	0.0191376
chr6_pat	3200000	3300000	0.014229
chr6_pat	3300000	3400000	0.0145101
chr6_pat	3400000	3500000	0.0171151
chr6_pat	3500000	3600000	0.0171773
chr6_pat	3600000	3700000	0.0126354
chr6_pat	3700000	3800000	0.0198521
chr6_pat	3800000	3900000	0.0141942
chr6_pat	3900000	4000000	0.0139059
chr6_pat	4000000	4100000	0.0111849
chr6_pat	4100000	4200000	0.0187996
chr6_pat	4200000	4300000	0.0219776
chr6_pat	4300000	4400000	0.0181808
chr6_pat	4400000	4500000	0.0187796
chr6_pat	4500000	4600000	0.0189223
chr6_pat	4600000	4700000	0.020085
chr6_pat	4700000	4800000	0.0188995
chr6_pat	4800000	4900000	0.0188474
chr6_pat	4900000	5000000	0.0190493
chr6_pat	5000000	5100000	0.0185525
chr6_pat	5100000	5200000	0.0177698
chr6_pat	5200000	5300000	0.0206329
chr6_pat	5300000	5400000	0.0198631
chr6_pat	5400000	5500000	0.0254437
chr6_pat	5500000	5600000	0.0607234
chr6_pat	5600000	5700000	
chr6_pat	5700000	5800000	
chr6_pat	5800000	5900000	
chr6_pat	5900000	6000000	
chr6_pat	6000000	6100000	
chr6_pat	6100000	6200000	
chr6_pat	6200000	6300000	
chr6_pat	6300000	6400000	
chr6_pat	6400000	6500000	
chr6_pat	6500000	6600000	
chr6_pat	6600000	6700000	0.042756
chr6_pat	6700000	6800000	0.0234032
chr6_pat	6800000	6900000	0.0499807
chr6_pat	6900000	7000000	
chr6_pat	7000000	7100000	0.0479355
chr6_pat	7100000	7200000	0.015517
chr6_pat	7200000	7300000	0.0111424
chr6_pat	7300000	7400000	0.0142553
chr6_pat	7400000	7500000	0.0154263
chr6_pat	7500000	7600000	0.01653
chr6_pat	7600000	7700000	0.0418598
chr6_pat	7700000	7800000	0.0166814
chr6_pat	7800000	7900000	0.0172895
chr6_pat	7900000	8000000	0.0211714
chr6_pat	8000000	8100000	0.0174437
chr6_pat	8100000	8200000	0.0180821
chr6_pat	8200000	8300000	0.0139648
chr6_pat	8300000	8400000	0.0182163
chr6_pat	8400000	8500000	0.0192942
chr6_pat	8500000	8600000	0.0216872
chr6_pat	8600000	8700000	0.0168747
chr6_pat	8700000	8800000	0.0186577
chr6_pat	8800000	8900000	0.0193721
chr6_pat	8900000	9000000	0.019273
chr6_pat	9000000	9100000	0.0184751
chr6_pat	9100000	9200000	0.0159958
chr6_pat	9200000	9300000	0.0195645
chr6_pat	9300000	9400000	0.0174319
chr6_pat	9400000	9500000	0.0201286
chr6_pat	9500000	9600000	0.0182397
chr6_pat	9600000	9700000	0.0204237
chr6_pat	9700000	9800000	0.0203336
chr6_pat	9800000	9900000	0.0192645
chr6_pat	9900000	10000000	0.0188972
chr6_pat	10000000	10100000	0.0184948
chr6_pat	10100000	10200000	0.0180664
chr6_pat	10200000	10300000	0.0190523
chr6_pat	10300000	10400000	0.0134427
chr6_pat	10400000	10500000	0.0150709
chr6_pat	10500000	10600000	0.0190066
chr6_pat	10600000	10700000	0.0222803
chr6_pat	10700000	10800000	0.0175472
chr6_pat	10800000	10900000	0.0116365
chr6_pat	10900000	11000000	0.0143658
chr6_pat	11000000	11100000	0.0190172
chr6_pat	11100000	11200000	0.0201896
chr6_pat	11200000	11300000	0.0148449
chr6_pat	11300000	11400000	0.0185631
chr6_pat	11400000	11500000	0.0208841
chr6_pat	11500000	11600000	0.0190158
chr6_pat	11600000	11700000	0.0183893
chr6_pat	11700000	11800000	0.0182909
chr6_pat	11800000	11900000	0.0197304
chr6_pat	11900000	12000000	0.017955
chr6_pat	12000000	12100000	0.0178426
chr6_pat	12100000	12200000	0.0174482
chr6_pat	12200000	12300000	0.0171021
chr6_pat	12300000	12400000	0.0132059
chr6_pat	12400000	12500000	0.0163285
chr6_pat	12500000	12600000	0.017626
chr6_pat	12600000	12700000	0.0154481
chr6_pat	12700000	12800000	0.0159759
chr6_pat	12800000	12900000	0.018702
chr6_pat	12900000	13000000	0.018314
chr6_pat	13000000	13100000	0.0140491
chr6_pat	13100000	13200000	0.0129815
chr6_pat	13200000	13300000	0.0217052
chr6_pat	13300000	13400000	0.0200025
chr6_pat	13400000	13500000	0.0218569
chr6_pat	13500000	13600000	0.0202725
chr6_pat	13600000	13700000	0.0243306
chr6_pat	13700000	13800000	0.019549
chr6_pat	13800000	13900000	0.0217369
chr6_pat	13900000	14000000	0.0205636
chr6_pat	14000000	14100000	0.0214859
chr6_pat	14100000	14200000	0.0201154
chr6_pat	14200000	14300000	0.0127249
chr6_pat	14300000	14400000	0.0210439
chr6_pat	14400000	14500000	0.0268938
chr6_pat	14500000	14600000	0.0305746
chr6_pat	14600000	14700000	0.0226799
chr6_pat	14700000	14800000	0.0459655
chr6_pat	14800000	14900000	0.0287014
chr6_pat	14900000	15000000	0.0290652
chr6_pat	15000000	15100000	0.0269016
chr6_pat	15100000	15200000	0.028826
chr6_pat	15200000	15300000	0.034945
chr6_pat	15300000	15400000	0.0774428
chr6_pat	15400000	15500000	0.034838
chr6_pat	15500000	15600000	0.033703
chr6_pat	15600000	15700000	0.0285676
chr6_pat	15700000	15800000	0.0307423
chr6_pat	15800000	15900000	0.0237012
chr6_pat	15900000	16000000	0.0254315
chr6_pat	16000000	16100000	0.0241188
chr6_pat	16100000	16200000	0.0208035
chr6_pat	16200000	16300000	0.0310963
chr6_pat	16300000	16400000	0.0205767
chr6_pat	16400000	16500000	0.0186755
chr6_pat	16500000	16600000	0.0209187
chr6_pat	16600000	16700000	0.0135718
chr6_pat	16700000	16800000	0.0172367
chr6_pat	16800000	16900000	0.0155289
chr6_pat	16900000	17000000	0.0125348
chr6_pat	17000000	17100000	0.0173721
chr6_pat	17100000	17200000	0.0185154
chr6_pat	17200000	17300000	0.0165991
chr6_pat	17300000	17400000	0.0168301
chr6_pat	17400000	17500000	0.0265424
chr6_pat	17500000	17600000	0.0243071
chr6_pat	17600000	17700000	0.0217408
chr6_pat	17700000	17800000	0.0157083
chr6_pat	17800000	17900000	0.0166645
chr6_pat	17900000	18000000	0.0182994
chr6_pat	18000000	18100000	0.0196873
chr6_pat	18100000	18200000	0.0234636
chr6_pat	18200000	18300000	0.0273289
chr6_pat	18300000	18400000	0.0271539
chr6_pat	18400000	18500000	0.021304
chr6_pat	18500000	18600000	0.0185984
chr6_pat	18600000	18700000	0.0145611
chr6_pat	18700000	18800000	0.0217627
chr6_pat	18800000	18900000	0.0149857
chr6_pat	18900000	19000000	0.0248351
chr6_pat	19000000	19100000	0.0222391
chr6_pat	19100000	19200000	0.0236402
chr6_pat	19200000	19300000	0.0188854
chr6_pat	19300000	19400000	0.0263065
chr6_pat	19400000	19500000	0.0228548
chr6_pat	19500000	19600000	0.0212267
chr6_pat	19600000	19700000	0.0185364
chr6_pat	19700000	19800000	0.0161834
chr6_pat	19800000	19900000	0.0216939
chr6_pat	19900000	20000000	0.0233272
chr6_pat	20000000	20100000	0.0212363
chr6_pat	20100000	20200000	0.0207225
chr6_pat	20200000	20300000	0.0210898
chr6_pat	20300000	20400000	0.0191663
chr6_pat	20400000	20500000	0.0171537
chr6_pat	20500000	20600000	0.0196222
chr6_pat	20600000	20700000	0.0187967
chr6_pat	20700000	20800000	0.0208968
chr6_pat	20800000	20900000	0.0181642
chr6_pat	20900000	21000000	0.0123041
chr6_pat	21000000	21100000	0.0153228
chr6_pat	21100000	21200000	0.0207491
chr6_pat	21200000	21300000	0.0228086
chr6_pat	21300000	21400000	0.0163643
chr6_pat	21400000	21500000	0.0204513
chr6_pat	21500000	21600000	0.0156931
chr6_pat	21600000	21700000	0.0153972
chr6_pat	21700000	21800000	0.0168628
chr6_pat	21800000	21900000	0.014055
chr6_pat	21900000	22000000	0.0148916
chr6_pat	22000000	22100000	0.0205236
chr6_pat	22100000	22200000	0.0201096
chr6_pat	22200000	22300000	0.0198745
chr6_pat	22300000	22400000	0.0175755
chr6_pat	22400000	22500000	0.0207473
chr6_pat	22500000	22600000	0.0229707
chr6_pat	22600000	22700000	0.0208801
chr6_pat	22700000	22800000	0.0204354
chr6_pat	22800000	22900000	0.0152633
chr6_pat	22900000	23000000	0.0124599
chr6_pat	23000000	23100000	0.0214891
chr6_pat	23100000	23200000	0.0238784
chr6_pat	23200000	23300000	0.01677
chr6_pat	23300000	23400000	0.0185828
chr6_pat	23400000	23500000	0.0191931
chr6_pat	23500000	23600000	0.0153543
chr6_pat	23600000	23700000	0.0148684
chr6_pat	23700000	23800000	0.015399
chr6_pat	23800000	23900000	0.0192226
chr6_pat	23900000	24000000	0.0160682
chr6_pat	24000000	24100000	0.0182692
chr6_pat	24100000	24200000	0.0252739
chr6_pat	24200000	24300000	0.0178874
chr6_pat	24300000	24400000	0.0135037
chr6_pat	24400000	24500000	0.0155176
chr6_pat	24500000	24600000	0.017786
chr6_pat	24600000	24700000	0.0132331
chr6_pat	24700000	24800000	0.0155518
chr6_pat	24800000	24900000	0.0136191
chr6_pat	24900000	25000000	0.0192223
chr6_pat	25000000	25100000	0.0201537
chr6_pat	25100000	25200000	0.0230178
chr6_pat	25200000	25300000	0.0227959
chr6_pat	25300000	25400000	0.0209199
chr6_pat	25400000	25500000	0.0194872
chr6_pat	25500000	25600000	0.017309
chr6_pat	25600000	25700000	0.0184554
chr6_pat	25700000	25800000	0.0194642
chr6_pat	25800000	25900000	0.0188971
chr6_pat	25900000	26000000	0.0198248
chr6_pat	26000000	26100000	0.0208503
chr6_pat	26100000	26200000	0.0174963
chr6_pat	26200000	26300000	0.0174977
chr6_pat	26300000	26400000	0.0176394
chr6_pat	26400000	26500000	0.0175408
chr6_pat	26500000	26600000	0.0190432
chr6_pat	26600000	26700000	0.0195168
chr6_pat	26700000	26800000	0.0293563
chr6_pat	26800000	26900000	0.0208975
chr6_pat	26900000	27000000	0.0178285
chr6_pat	27000000	27100000	0.0170419
chr6_pat	27100000	27200000	0.0100076
chr6_pat	27200000	27300000	0.015922
chr6_pat	27300000	27400000	0.0152877
chr6_pat	27400000	27500000	0.0171639
chr6_pat	27500000	27600000	0.0125826
chr6_pat	27600000	27700000	0.0195754
chr6_pat	27700000	27800000	0.0206518
chr6_pat	27800000	27900000	0.0175664
chr6_pat	27900000	28000000	0.0167424
chr6_pat	28000000	28100000	0.0136997
chr6_pat	28100000	28200000	0.0164969
chr6_pat	28200000	28300000	0.0200483
chr6_pat	28300000	28400000	0.0211361
chr6_pat	28400000	28500000	0.0197183
chr6_pat	28500000	28600000	0.0204247
chr6_pat	28600000	28700000	0.0199756
chr6_pat	28700000	28800000	0.0191283
chr6_pat	28800000	28900000	0.0167004
chr6_pat	28900000	29000000	0.01351
chr6_pat	29000000	29100000	0.0109283
chr6_pat	29100000	29200000	0.0179936
chr6_pat	29200000	29300000	0.0186315
chr6_pat	29300000	29400000	0.0168106
chr6_pat	29400000	29500000	0.0128784
chr6_pat	29500000	29600000	0.0172922
chr6_pat	29600000	29700000	0.0179689
chr6_pat	29700000	29800000	0.0162954
chr6_pat	29800000	29900000	0.0173491
chr6_pat	29900000	30000000	0.0195699
chr6_pat	30000000	30100000	0.0183431
chr6_pat	30100000	30200000	0.0186049
chr6_pat	30200000	30300000	0.0171357
chr6_pat	30300000	30400000	0.0177781
chr6_pat	30400000	30500000	0.0196698
chr6_pat	30500000	30600000	0.0137915
chr6_pat	30600000	30700000	0.0127163
chr6_pat	30700000	30800000	0.0194459
chr6_pat	30800000	30900000	0.0202587
chr6_pat	30900000	31000000	0.0186459
chr6_pat	31000000	31100000	0.0168492
chr6_pat	31100000	31200000	0.0173109
chr6_pat	31200000	31300000	0.0143217
chr6_pat	31300000	31400000	0.0150448
chr6_pat	31400000	31500000	0.0117806
chr6_pat	31500000	31600000	0.013765
chr6_pat	31600000	31700000	0.0180193
chr6_pat	31700000	31800000	0.0136135
chr6_pat	31800000	31900000	0.0119721
chr6_pat	31900000	32000000	0.0161152
chr6_pat	32000000	32100000	0.0160933
chr6_pat	32100000	32200000	0.0143956
chr6_pat	32200000	32300000	0.0161075
chr6_pat	32300000	32400000	0.0188955
chr6_pat	32400000	32500000	0.0198808
chr6_pat	32500000	32600000	0.0114701
chr6_pat	32600000	32700000	0.0178226
chr6_pat	32700000	32800000	0.0152637
chr6_pat	32800000	32900000	0.0160235
chr6_pat	32900000	33000000	0.0116756
chr6_pat	33000000	33100000	0.0191698
chr6_pat	33100000	33200000	0.0187382
chr6_pat	33200000	33300000	0.016642
chr6_pat	33300000	33400000	0.0172313
chr6_pat	33400000	33500000	0.0199102
chr6_pat	33500000	33600000	
chr6_pat	33600000	33700000	0.0216182
chr6_pat	33700000	33800000	0.0116169
chr6_pat	33800000	33900000	0.0194959
chr6_pat	33900000	34000000	0.0198508
chr6_pat	34000000	34100000	0.0171022
chr6_pat	34100000	34200000	0.0124911
chr6_pat	34200000	34300000	0.0172515
chr6_pat	34300000	34400000	0.0198458
chr6_pat	34400000	34500000	0.0169888
chr6_pat	34500000	34600000	0.0157003
chr6_pat	34600000	34700000	0.0219083
chr6_pat	34700000	34800000	0.0170875
chr6_pat	34800000	34900000	0.0165479
chr6_pat	34900000	35000000	0.012757
chr6_pat	35000000	35100000	0.0180528
chr6_pat	35100000	35200000	0.0228126
chr6_pat	35200000	35300000	0.0214211
chr6_pat	35300000	35400000	
chr6_pat	35400000	35500000	
chr6_pat	35500000	35600000	
chr6_pat	35600000	35700000	0.0349072
chr6_pat	35700000	35800000	0.0196113
chr6_pat	35800000	35900000	0.0266231
chr6_pat	35900000	36000000	0.0146556
chr6_pat	36000000	36100000	0.0178436
chr6_pat	36100000	36200000	0.0172437
chr6_pat	36200000	36300000	0.0203469
chr6_pat	36300000	36400000	0.0141829
chr6_pat	36400000	36500000	0.0190012
chr6_pat	36500000	36600000	0.0154102
chr6_pat	36600000	36700000	0.0206875
chr6_pat	36700000	36800000	0.0423577
chr6_pat	36800000	36900000	
chr6_pat	36900000	37000000	0.0945073
chr6_pat	37000000	37036084	
chr7_pat	0	100000	
chr7_pat	100000	200000	
chr7_pat	200000	300000	
chr7_pat	300000	400000	
chr7_pat	400000	500000	
chr7_pat	500000	600000	
chr7_pat	600000	700000	
chr7_pat	700000	800000	0.0384418
chr7_pat	800000	900000	0.0317419
chr7_pat	900000	1000000	0.0272238
chr7_pat	1000000	1100000	0.0213949
chr7_pat	1100000	1200000	0.0239331
chr7_pat	1200000	1300000	0.0265728
chr7_pat	1300000	1400000	0.0249756
chr7_pat	1400000	1500000	0.0236769
chr7_pat	1500000	1600000	0.0243524
chr7_pat	1600000	1700000	0.0307703
chr7_pat	1700000	1800000	0.0328113
chr7_pat	1800000	1900000	0.0140661
chr7_pat	1900000	2000000	0.0245846
chr7_pat	2000000	2100000	0.023241
chr7_pat	2100000	2200000	0.0227291
chr7_pat	2200000	2300000	0.0169578
chr7_pat	2300000	2400000	
chr7_pat	2400000	2500000	
chr7_pat	2500000	2600000	
chr7_pat	2600000	2700000	
chr7_pat	2700000	2800000	
chr7_pat	2800000	2900000	
chr7_pat	2900000	3000000	
chr7_pat	3000000	3100000	
chr7_pat	3100000	3200000	
chr7_pat	3200000	3300000	
chr7_pat	3300000	3400000	0.0303153
chr7_pat	3400000	3500000	0.0230592
chr7_pat	3500000	3600000	0.0233113
chr7_pat	3600000	3700000	0.0351835
chr7_pat	3700000	3800000	0.0281322
chr7_pat	3800000	3900000	0.0345148
chr7_pat	3900000	4000000	
chr7_pat	4000000	4100000	
chr7_pat	4100000	4200000	
chr7_pat	4200000	4300000	
chr7_pat	4300000	4400000	
chr7_pat	4400000	4500000	
chr7_pat	4500000	4600000	
chr7_pat	4600000	4700000	
chr7_pat	4700000	4800000	
chr7_pat	4800000	4900000	
chr7_pat	4900000	5000000	
chr7_pat	5000000	5100000	
chr7_pat	5100000	5200000	0.0531161
chr7_pat	5200000	5300000	0.0308547
chr7_pat	5300000	5400000	0.0277025
chr7_pat	5400000	5500000	0.0284134
chr7_pat	5500000	5600000	0.0280548
chr7_pat	5600000	5700000	0.0252521
chr7_pat	5700000	5800000	0.0191457
chr7_pat	5800000	5900000	0.0211714
chr7_pat	5900000	6000000	0.0200917
chr7_pat	6000000	6100000	0.0235651
chr7_pat	6100000	6200000	0.0231434
chr7_pat	6200000	6300000	0.0183554
chr7_pat	6300000	6400000	0.0238242
chr7_pat	6400000	6500000	0.0266326
chr7_pat	6500000	6600000	0.0226329
chr7_pat	6600000	6700000	0.0214758
chr7_pat	6700000	6800000	0.0180104
chr7_pat	6800000	6900000	0.0147741
chr7_pat	6900000	7000000	0.0140865
chr7_pat	7000000	7100000	0.0125888
chr7_pat	7100000	7200000	0.0155882
chr7_pat	7200000	7300000	0.0227737
chr7_pat	7300000	7400000	0.0245361
chr7_pat	7400000	7500000	0.0253436
chr7_pat	7500000	7600000	0.0223772
chr7_pat	7600000	7700000	0.0263264
chr7_pat	7700000	7800000	0.0170127
chr7_pat	7800000	7900000	0.0146921
chr7_pat	7900000	8000000	0.0124615
chr7_pat	8000000	8100000	0.0170345
chr7_pat	8100000	8200000	0.019025
chr7_pat	8200000	8300000	0.020876
chr7_pat	8300000	8400000	0.019023
chr7_pat	8400000	8500000	0.0171634
chr7_pat	8500000	8600000	0.0166212
chr7_pat	8600000	8700000	0.0176573
chr7_pat	8700000	8800000	0.0202745
chr7_pat	8800000	8900000	0.0219413
chr7_pat	8900000	9000000	0.01886
chr7_pat	9000000	9100000	0.0173634
chr7_pat	9100000	9200000	0.0170595
chr7_pat	9200000	9300000	0.0170427
chr7_pat	9300000	9400000	0.0157971
chr7_pat	9400000	9500000	0.0192717
chr7_pat	9500000	9600000	0.0208895
chr7_pat	9600000	9700000	0.0176591
chr7_pat	9700000	9800000	0.0288024
chr7_pat	9800000	9900000	0.0229397
chr7_pat	9900000	10000000	0.0347233
chr7_pat	10000000	10100000	0.0235554
chr7_pat	10100000	10200000	0.0277539
chr7_pat	10200000	10300000	0.0416963
chr7_pat	10300000	10400000	0.0407098
chr7_pat	10400000	10500000	0.037972
chr7_pat	10500000	10600000	0.0382691
chr7_pat	10600000	10700000	0.0410433
chr7_pat	10700000	10800000	0.0362379
chr7_pat	10800000	10900000	0.0241657
chr7_pat	10900000	11000000	0.0226246
chr7_pat	11000000	11100000	0.0259395
chr7_pat	11100000	11200000	0.0375605
chr7_pat	11200000	11300000	0.0332435
chr7_pat	11300000	11400000	0.0204171
chr7_pat	11400000	11500000	0.0279907
chr7_pat	11500000	11600000	0.033495
chr7_pat	11600000	11700000	0.0449106
chr7_pat	11700000	11800000	
chr7_pat	11800000	11900000	
chr7_pat	11900000	12000000	0.0187601
chr7_pat	12000000	12100000	0.0145208
chr7_pat	12100000	12200000	0.0196759
chr7_pat	12200000	12300000	0.0186018
chr7_pat	12300000	12400000	0.0176263
chr7_pat	12400000	12500000	0.018975
chr7_pat	12500000	12600000	0.0196859
chr7_pat	12600000	12700000	0.0177017
chr7_pat	12700000	12800000	0.019998
chr7_pat	12800000	12900000	0.0166652
chr7_pat	12900000	13000000	0.0187486
chr7_pat	13000000	13100000	0.0187747
chr7_pat	13100000	13200000	0.0204684
chr7_pat	13200000	13300000	0.0258722
chr7_pat	13300000	13400000	0.0255447
chr7_pat	13400000	13500000	0.0263305
chr7_pat	13500000	13600000	0.0268901
chr7_pat	13600000	13700000	0.0231247
chr7_pat	13700000	13800000	0.0235022
chr7_pat	13800000	13900000	0.0188935
chr7_pat	13900000	14000000	0.0240008
chr7_pat	14000000	14100000	0.0193512
chr7_pat	14100000	14200000	0.0198373
chr7_pat	14200000	14300000	0.0183395
chr7_pat	14300000	14400000	0.0204534
chr7_pat	14400000	14500000	0.0190803
chr7_pat	14500000	14600000	0.0194187
chr7_pat	14600000	14700000	0.0212954
chr7_pat	14700000	14800000	0.0247158
chr7_pat	14800000	14900000	0.0190569
chr7_pat	14900000	15000000	0.0213602
chr7_pat	15000000	15100000	0.0246015
chr7_pat	15100000	15200000	0.0168358
chr7_pat	15200000	15300000	0.0120965
chr7_pat	15300000	15400000	0.0121252
chr7_pat	15400000	15500000	0.0180216
chr7_pat	15500000	15600000	0.0188377
chr7_pat	15600000	15700000	0.0195152
chr7_pat	15700000	15800000	0.0141691
chr7_pat	15800000	15900000	0.0136833
chr7_pat	15900000	16000000	0.0141825
chr7_pat	16000000	16100000	0.0166158
chr7_pat	16100000	16200000	0.0163097
chr7_pat	16200000	16300000	0.016923
chr7_pat	16300000	16400000	0.0164486
chr7_pat	16400000	16500000	0.0205557
chr7_pat	16500000	16600000	0.0166439
chr7_pat	16600000	16700000	0.023495
chr7_pat	16700000	16800000	0.0192204
chr7_pat	16800000	16900000	0.0154092
chr7_pat	16900000	17000000	0.0172502
chr7_pat	17000000	17100000	0.0137082
chr7_pat	17100000	17200000	0.0180112
chr7_pat	17200000	17300000	0.0155932
chr7_pat	17300000	17400000	0.0158192
chr7_pat	17400000	17500000	0.0203439
chr7_pat	17500000	17600000	0.017166
chr7_pat	17600000	17700000	0.0210917
chr7_pat	17700000	17800000	0.0224732
chr7_pat	17800000	17900000	0.0217637
chr7_pat	17900000	18000000	0.0268397
chr7_pat	18000000	18100000	0.0256094
chr7_pat	18100000	18200000	0.0162978
chr7_pat	18200000	18300000	0.0161044
chr7_pat	18300000	18400000	0.0157614
chr7_pat	18400000	18500000	0.0173052
chr7_pat	18500000	18600000	0.0314837
chr7_pat	18600000	18700000	0.0548768
chr7_pat	18700000	18800000	0.0421317
chr7_pat	18800000	18900000	0.0291819
chr7_pat	18900000	19000000	0.0170165
chr7_pat	19000000	19100000	0.0172439
chr7_pat	19100000	19200000	0.0134837
chr7_pat	19200000	19300000	0.0164749
chr7_pat	19300000	19400000	0.0205657
chr7_pat	19400000	19500000	0.0173972
chr7_pat	19500000	19600000	0.0193594
chr7_pat	19600000	19700000	0.0149032
chr7_pat	19700000	19800000	0.0195582
chr7_pat	19800000	19900000	0.0216142
chr7_pat	19900000	20000000	0.0203072
chr7_pat	20000000	20100000	0.0191459
chr7_pat	20100000	20200000	0.0140721
chr7_pat	20200000	20300000	0.0147199
chr7_pat	20300000	20400000	0.0174214
chr7_pat	20400000	20500000	0.0216859
chr7_pat	20500000	20600000	0.0224889
chr7_pat	20600000	20700000	0.0213721
chr7_pat	20700000	20800000	0.027812
chr7_pat	20800000	20900000	0.0210097
chr7_pat	20900000	21000000	0.0208245
chr7_pat	21000000	21100000	0.0204299
chr7_pat	21100000	21200000	0.0231482
chr7_pat	21200000	21300000	0.0273685
chr7_pat	21300000	21400000	0.0259604
chr7_pat	21400000	21500000	0.0145766
chr7_pat	21500000	21600000	0.0468414
chr7_pat	21600000	21700000	0.0211541
chr7_pat	21700000	21800000	0.0192457
chr7_pat	21800000	21900000	0.0210081
chr7_pat	21900000	22000000	0.0370767
chr7_pat	22000000	22100000	0.0169776
chr7_pat	22100000	22200000	0.0188105
chr7_pat	22200000	22300000	0.0161568
chr7_pat	22300000	22400000	0.0263805
chr7_pat	22400000	22500000	0.0210415
chr7_pat	22500000	22600000	0.0162341
chr7_pat	22600000	22700000	0.0160312
chr7_pat	22700000	22800000	0.0170928
chr7_pat	22800000	22900000	0.0246822
chr7_pat	22900000	23000000	0.0304141
chr7_pat	23000000	23100000	0.0183225
chr7_pat	23100000	23200000	0.0299795
chr7_pat	23200000	23300000	0.0269607
chr7_pat	23300000	23400000	0.0310773
chr7_pat	23400000	23500000	0.0269364
chr7_pat	23500000	23600000	0.0194523
chr7_pat	23600000	23700000	0.0191695
chr7_pat	23700000	23800000	0.0177903
chr7_pat	23800000	23900000	0.0104906
chr7_pat	23900000	24000000	0.0175158
chr7_pat	24000000	24100000	0.0166272
chr7_pat	24100000	24200000	0.0196955
chr7_pat	24200000	24300000	0.0146819
chr7_pat	24300000	24400000	0.0161377
chr7_pat	24400000	24500000	0.015475
chr7_pat	24500000	24600000	0.0189198
chr7_pat	24600000	24700000	0.0197203
chr7_pat	24700000	24800000	0.0175544
chr7_pat	24800000	24900000	0.0175521
chr7_pat	24900000	25000000	0.0185175
chr7_pat	25000000	25100000	0.0201073
chr7_pat	25100000	25200000	0.0195484
chr7_pat	25200000	25300000	0.0210658
chr7_pat	25300000	25400000	0.0206879
chr7_pat	25400000	25500000	0.0191779
chr7_pat	25500000	25600000	0.0201608
chr7_pat	25600000	25700000	0.0240451
chr7_pat	25700000	25800000	0.0183134
chr7_pat	25800000	25900000	0.0238854
chr7_pat	25900000	26000000	0.0158283
chr7_pat	26000000	26100000	0.0131647
chr7_pat	26100000	26200000	0.0186749
chr7_pat	26200000	26300000	0.0143973
chr7_pat	26300000	26400000	0.0178094
chr7_pat	26400000	26500000	0.011559
chr7_pat	26500000	26600000	0.018408
chr7_pat	26600000	26700000	0.01926
chr7_pat	26700000	26800000	0.0195469
chr7_pat	26800000	26900000	0.0199553
chr7_pat	26900000	27000000	0.0192481
chr7_pat	27000000	27100000	0.0176223
chr7_pat	27100000	27200000	0.0165166
chr7_pat	27200000	27300000	0.0153829
chr7_pat	27300000	27400000	0.0177859
chr7_pat	27400000	27500000	0.0166689
chr7_pat	27500000	27600000	0.0133445
chr7_pat	27600000	27700000	0.0203359
chr7_pat	27700000	27800000	0.0159496
chr7_pat	27800000	27900000	0.0168339
chr7_pat	27900000	28000000	0.0186632
chr7_pat	28000000	28100000	0.020417
chr7_pat	28100000	28200000	0.0179347
chr7_pat	28200000	28300000	0.0179997
chr7_pat	28300000	28400000	0.0176495
chr7_pat	28400000	28500000	0.0162474
chr7_pat	28500000	28600000	0.0167993
chr7_pat	28600000	28700000	0.0147073
chr7_pat	28700000	28800000	0.0168737
chr7_pat	28800000	28900000	0.0160759
chr7_pat	28900000	29000000	0.0186042
chr7_pat	29000000	29100000	0.0199828
chr7_pat	29100000	29200000	0.0223641
chr7_pat	29200000	29300000	0.0193181
chr7_pat	29300000	29400000	0.0128025
chr7_pat	29400000	29500000	0.0171017
chr7_pat	29500000	29600000	0.0229556
chr7_pat	29600000	29700000	0.0222365
chr7_pat	29700000	29800000	0.0207951
chr7_pat	29800000	29900000	0.0185591
chr7_pat	29900000	30000000	0.0203801
chr7_pat	30000000	30100000	0.0218969
chr7_pat	30100000	30200000	0.0206696
chr7_pat	30200000	30300000	0.0207002
chr7_pat	30300000	30400000	0.0182004
chr7_pat	30400000	30500000	0.0170639
chr7_pat	30500000	30600000	0.0142031
chr7_pat	30600000	30700000	0.0206492
chr7_pat	30700000	30800000	0.0192283
chr7_pat	30800000	30900000	0.0191788
chr7_pat	30900000	31000000	0.0185014
chr7_pat	31000000	31100000	0.0143142
chr7_pat	31100000	31200000	0.0155313
chr7_pat	31200000	31300000	0.0157082
chr7_pat	31300000	31400000	0.0149203
chr7_pat	31400000	31500000	0.0159723
chr7_pat	31500000	31600000	0.0160765
chr7_pat	31600000	31700000	0.0170823
chr7_pat	31700000	31800000	0.0165416
chr7_pat	31800000	31900000	0.0142076
chr7_pat	31900000	32000000	0.0174585
chr7_pat	32000000	32100000	0.0130772
chr7_pat	32100000	32200000	0.0187646
chr7_pat	32200000	32300000	0.0189619
chr7_pat	32300000	32400000	0.0177068
chr7_pat	32400000	32500000	0.0178986
chr7_pat	32500000	32600000	0.0188149
chr7_pat	32600000	32700000	0.0168038
chr7_pat	32700000	32800000	0.0166598
chr7_pat	32800000	32900000	0.0169079
chr7_pat	32900000	33000000	0.0134887
chr7_pat	33000000	33100000	0.0136528
chr7_pat	33100000	33200000	0.0138253
chr7_pat	33200000	33300000	0.0164771
chr7_pat	33300000	33400000	0.0183555
chr7_pat	33400000	33500000	0.0183054
chr7_pat	33500000	33600000	0.0181988
chr7_pat	33600000	33700000	0.0191116
chr7_pat	33700000	33800000	0.0190311
chr7_pat	33800000	33900000	0.0140587
chr7_pat	33900000	34000000	0.0169466
chr7_pat	34000000	34100000	0.0167109
chr7_pat	34100000	34200000	0.0168336
chr7_pat	34200000	34300000	0.0169467
chr7_pat	34300000	34400000	0.017602
chr7_pat	34400000	34500000	0.0150322
chr7_pat	34500000	34600000	0.0154838
chr7_pat	34600000	34700000	0.0155854
chr7_pat	34700000	34800000	0.0163868
chr7_pat	34800000	34900000	0.0164773
chr7_pat	34900000	35000000	0.0172896
chr7_pat	35000000	35100000	0.0180235
chr7_pat	35100000	35200000	0.0172079
chr7_pat	35200000	35300000	0.0182811
chr7_pat	35300000	35400000	0.0187221
chr7_pat	35400000	35500000	0.0218897
chr7_pat	35500000	35600000	0.0204937
chr7_pat	35600000	35700000	0.0214257
chr7_pat	35700000	35800000	0.0180388
chr7_pat	35800000	35900000	0.0166233
chr7_pat	35900000	36000000	0.0155406
chr7_pat	36000000	36100000	0.0169877
chr7_pat	36100000	36200000	0.0184438
chr7_pat	36200000	36300000	0.0182124
chr7_pat	36300000	36400000	0.0189037
chr7_pat	36400000	36500000	0.0167401
chr7_pat	36500000	36600000	0.0162077
chr7_pat	36600000	36700000	0.0177128
chr7_pat	36700000	36800000	0.0177766
chr7_pat	36800000	36900000	0.016448
chr7_pat	36900000	37000000	0.0159188
chr7_pat	37000000	37100000	0.0166322
chr7_pat	37100000	37200000	0.0126008
chr7_pat	37200000	37300000	0.0139876
chr7_pat	37300000	37400000	0.0140014
chr7_pat	37400000	37500000	0.0170634
chr7_pat	37500000	37600000	0.013343
chr7_pat	37600000	37700000	0.0153333
chr7_pat	37700000	37800000	0.0151743
chr7_pat	37800000	37900000	0.0122579
chr7_pat	37900000	38000000	0.0155381
chr7_pat	38000000	38100000	0.0137037
chr7_pat	38100000	38200000	0.0134118
chr7_pat	38200000	38300000	0.0112661
chr7_pat	38300000	38400000	0.0124076
chr7_pat	38400000	38500000	0.0186031
chr7_pat	38500000	38600000	0.0242881
chr7_pat	38600000	38700000	0.0213264
chr7_pat	38700000	38800000	0.0183017
chr7_pat	38800000	38900000	0.0177234
chr7_pat	38900000	39000000	0.0212388
chr7_pat	39000000	39100000	0.029793
chr7_pat	39100000	39200000	0.0529169
chr7_pat	39200000	39300000	
chr7_pat	39300000	39386660	0.0885273
chr8_pat	0	100000	0.0606807
chr8_pat	100000	200000	0.0497702
chr8_pat	200000	300000	0.0386244
chr8_pat	300000	400000	0.0218789
chr8_pat	400000	500000	0.0211613
chr8_pat	500000	600000	0.0202852
chr8_pat	600000	700000	0.0195228
chr8_pat	700000	800000	0.0132347
chr8_pat	800000	900000	0.0157174
chr8_pat	900000	1000000	0.0114178
chr8_pat	1000000	1100000	0.014214
chr8_pat	1100000	1200000	0.0111734
chr8_pat	1200000	1300000	0.0122787
chr8_pat	1300000	1400000	0.0150436
chr8_pat	1400000	1500000	0.0145129
chr8_pat	1500000	1600000	0.0142485
chr8_pat	1600000	1700000	0.0105764
chr8_pat	1700000	1800000	0.0170818
chr8_pat	1800000	1900000	0.0160128
chr8_pat	1900000	2000000	0.0174134
chr8_pat	2000000	2100000	0.0164332
chr8_pat	2100000	2200000	0.0189265
chr8_pat	2200000	2300000	0.0144769
chr8_pat	2300000	2400000	0.0163385
chr8_pat	2400000	2500000	0.0186527
chr8_pat	2500000	2600000	0.0166555
chr8_pat	2600000	2700000	0.0205761
chr8_pat	2700000	2800000	0.0178663
chr8_pat	2800000	2900000	0.0194317
chr8_pat	2900000	3000000	0.0213613
chr8_pat	3000000	3100000	0.0210449
chr8_pat	3100000	3200000	0.0213832
chr8_pat	3200000	3300000	0.0157923
chr8_pat	3300000	3400000	0.0168663
chr8_pat	3400000	3500000	0.019977
chr8_pat	3500000	3600000	0.0145465
chr8_pat	3600000	3700000	0.0166005
chr8_pat	3700000	3800000	0.0194586
chr8_pat	3800000	3900000	0.0203389
chr8_pat	3900000	4000000	0.0194815
chr8_pat	4000000	4100000	0.0196589
chr8_pat	4100000	4200000	0.020322
chr8_pat	4200000	4300000	0.0241214
chr8_pat	4300000	4400000	0.0201687
chr8_pat	4400000	4500000	0.020033
chr8_pat	4500000	4600000	0.0214987
chr8_pat	4600000	4700000	0.0198907
chr8_pat	4700000	4800000	0.0165606
chr8_pat	4800000	4900000	0.0156842
chr8_pat	4900000	5000000	0.0121551
chr8_pat	5000000	5100000	0.0205466
chr8_pat	5100000	5200000	0.0195827
chr8_pat	5200000	5300000	0.0182338
chr8_pat	5300000	5400000	0.0180579
chr8_pat	5400000	5500000	0.014994
chr8_pat	5500000	5600000	0.013211
chr8_pat	5600000	5700000	0.0132514
chr8_pat	5700000	5800000	0.0137456
chr8_pat	5800000	5900000	0.0132021
chr8_pat	5900000	6000000	0.0117715
chr8_pat	6000000	6100000	0.0128213
chr8_pat	6100000	6200000	0.0123325
chr8_pat	6200000	6300000	0.0150921
chr8_pat	6300000	6400000	0.0179843
chr8_pat	6400000	6500000	0.0201309
chr8_pat	6500000	6600000	0.0213014
chr8_pat	6600000	6700000	0.0200683
chr8_pat	6700000	6800000	0.0186502
chr8_pat	6800000	6900000	0.0191845
chr8_pat	6900000	7000000	0.0189833
chr8_pat	7000000	7100000	0.019747
chr8_pat	7100000	7200000	0.0164901
chr8_pat	7200000	7300000	0.0178652
chr8_pat	7300000	7400000	0.0197058
chr8_pat	7400000	7500000	0.0202806
chr8_pat	7500000	7600000	0.0200866
chr8_pat	7600000	7700000	0.0162925
chr8_pat	7700000	7800000	0.0168957
chr8_pat	7800000	7900000	0.0182179
chr8_pat	7900000	8000000	0.0178048
chr8_pat	8000000	8100000	0.0183264
chr8_pat	8100000	8200000	0.0215506
chr8_pat	8200000	8300000	0.0207028
chr8_pat	8300000	8400000	0.0121814
chr8_pat	8400000	8500000	0.0131926
chr8_pat	8500000	8600000	0.0198543
chr8_pat	8600000	8700000	0.0206379
chr8_pat	8700000	8800000	0.0135477
chr8_pat	8800000	8900000	0.0145021
chr8_pat	8900000	9000000	0.0169883
chr8_pat	9000000	9100000	0.0152815
chr8_pat	9100000	9200000	0.0135847
chr8_pat	9200000	9300000	0.0113347
chr8_pat	9300000	9400000	0.0136208
chr8_pat	9400000	9500000	0.0173388
chr8_pat	9500000	9600000	0.013961
chr8_pat	9600000	9700000	0.0180756
chr8_pat	9700000	9800000	0.012923
chr8_pat	9800000	9900000	0.0169705
chr8_pat	9900000	10000000	0.0214732
chr8_pat	10000000	10100000	0.018317
chr8_pat	10100000	10200000	0.0177033
chr8_pat	10200000	10300000	0.018853
chr8_pat	10300000	10400000	0.0198315
chr8_pat	10400000	10500000	0.0150282
chr8_pat	10500000	10600000	0.0183044
chr8_pat	10600000	10700000	0.0251579
chr8_pat	10700000	10800000	0.0234646
chr8_pat	10800000	10900000	0.0208326
chr8_pat	10900000	11000000	0.0155306
chr8_pat	11000000	11100000	0.0147843
chr8_pat	11100000	11200000	0.0167008
chr8_pat	11200000	11300000	0.0204498
chr8_pat	11300000	11400000	0.0211947
chr8_pat	11400000	11500000	0.0181328
chr8_pat	11500000	11600000	0.0156609
chr8_pat	11600000	11700000	0.0154112
chr8_pat	11700000	11800000	0.0124176
chr8_pat	11800000	11900000	0.0147656
chr8_pat	11900000	12000000	0.0180856
chr8_pat	12000000	12100000	0.022986
chr8_pat	12100000	12200000	0.0230495
chr8_pat	12200000	12300000	0.023171
chr8_pat	12300000	12400000	0.0198123
chr8_pat	12400000	12500000	0.0183452
chr8_pat	12500000	12600000	0.0196525
chr8_pat	12600000	12700000	0.0242799
chr8_pat	12700000	12800000	0.0208628
chr8_pat	12800000	12900000	0.0238342
chr8_pat	12900000	13000000	0.0270331
chr8_pat	13000000	13100000	0.0272946
chr8_pat	13100000	13200000	0.0264997
chr8_pat	13200000	13300000	0.0264488
chr8_pat	13300000	13400000	0.0231626
chr8_pat	13400000	13500000	0.0230876
chr8_pat	13500000	13600000	0.0265092
chr8_pat	13600000	13700000	0.0220711
chr8_pat	13700000	13800000	0.023209
chr8_pat	13800000	13900000	0.0185167
chr8_pat	13900000	14000000	0.0127301
chr8_pat	14000000	14100000	0.012876
chr8_pat	14100000	14200000	0.0143693
chr8_pat	14200000	14300000	0.0117777
chr8_pat	14300000	14400000	0.0146431
chr8_pat	14400000	14500000	0.0218517
chr8_pat	14500000	14600000	0.0168007
chr8_pat	14600000	14700000	0.0143034
chr8_pat	14700000	14800000	0.0181381
chr8_pat	14800000	14900000	0.0271891
chr8_pat	14900000	15000000	0.0369751
chr8_pat	15000000	15100000	0.0337427
chr8_pat	15100000	15200000	0.0230754
chr8_pat	15200000	15300000	0.0283292
chr8_pat	15300000	15400000	0.0224925
chr8_pat	15400000	15500000	0.0139475
chr8_pat	15500000	15600000	0.0176382
chr8_pat	15600000	15700000	0.0128684
chr8_pat	15700000	15800000	0.0149593
chr8_pat	15800000	15900000	0.0226016
chr8_pat	15900000	16000000	0.0244738
chr8_pat	16000000	16100000	0.0167026
chr8_pat	16100000	16200000	0.0175091
chr8_pat	16200000	16300000	0.0187919
chr8_pat	16300000	16400000	0.0184654
chr8_pat	16400000	16500000	0.0168764
chr8_pat	16500000	16600000	0.0157752
chr8_pat	16600000	16700000	0.0135158
chr8_pat	16700000	16800000	0.0139832
chr8_pat	16800000	16900000	0.0187535
chr8_pat	16900000	17000000	0.0143572
chr8_pat	17000000	17100000	0.0219417
chr8_pat	17100000	17200000	0.0185339
chr8_pat	17200000	17300000	0.0216047
chr8_pat	17300000	17400000	0.0188199
chr8_pat	17400000	17500000	0.022932
chr8_pat	17500000	17600000	0.02499
chr8_pat	17600000	17700000	0.0246893
chr8_pat	17700000	17800000	0.0158765
chr8_pat	17800000	17900000	0.0204627
chr8_pat	17900000	18000000	0.0226618
chr8_pat	18000000	18100000	0.0235254
chr8_pat	18100000	18200000	0.020386
chr8_pat	18200000	18300000	0.027047
chr8_pat	18300000	18400000	0.0216851
chr8_pat	18400000	18500000	0.0198281
chr8_pat	18500000	18600000	0.0330709
chr8_pat	18600000	18700000	0.0134931
chr8_pat	18700000	18800000	0.0168883
chr8_pat	18800000	18900000	0.0128266
chr8_pat	18900000	19000000	0.0150623
chr8_pat	19000000	19100000	0.0156245
chr8_pat	19100000	19200000	0.018208
chr8_pat	19200000	19300000	0.0175299
chr8_pat	19300000	19400000	0.0199814
chr8_pat	19400000	19500000	0.0198989
chr8_pat	19500000	19600000	0.0190018
chr8_pat	19600000	19700000	0.0151849
chr8_pat	19700000	19800000	0.0187545
chr8_pat	19800000	19900000	0.0226936
chr8_pat	19900000	20000000	0.0220116
chr8_pat	20000000	20100000	0.0204209
chr8_pat	20100000	20200000	0.0208172
chr8_pat	20200000	20300000	0.0181101
chr8_pat	20300000	20400000	0.0229272
chr8_pat	20400000	20500000	0.0247493
chr8_pat	20500000	20600000	0.0238487
chr8_pat	20600000	20700000	0.0208743
chr8_pat	20700000	20800000	0.0199263
chr8_pat	20800000	20900000	0.0134826
chr8_pat	20900000	21000000	0.0131473
chr8_pat	21000000	21100000	0.0126765
chr8_pat	21100000	21200000	0.0135424
chr8_pat	21200000	21300000	0.0179543
chr8_pat	21300000	21400000	0.0252592
chr8_pat	21400000	21500000	0.0283556
chr8_pat	21500000	21600000	0.0183309
chr8_pat	21600000	21700000	0.0195753
chr8_pat	21700000	21800000	0.0185942
chr8_pat	21800000	21900000	0.0200196
chr8_pat	21900000	22000000	0.0160859
chr8_pat	22000000	22100000	0.019188
chr8_pat	22100000	22200000	0.0184602
chr8_pat	22200000	22300000	0.0203031
chr8_pat	22300000	22400000	0.0152718
chr8_pat	22400000	22500000	0.0199379
chr8_pat	22500000	22600000	0.0200425
chr8_pat	22600000	22700000	0.0208708
chr8_pat	22700000	22800000	0.0217034
chr8_pat	22800000	22900000	0.0248627
chr8_pat	22900000	23000000	0.0220386
chr8_pat	23000000	23100000	0.0205154
chr8_pat	23100000	23200000	0.0169579
chr8_pat	23200000	23300000	0.0131481
chr8_pat	23300000	23400000	0.0119377
chr8_pat	23400000	23500000	0.0124934
chr8_pat	23500000	23600000	0.0159636
chr8_pat	23600000	23700000	0.0135111
chr8_pat	23700000	23800000	0.0186106
chr8_pat	23800000	23900000	0.0149707
chr8_pat	23900000	24000000	0.0192164
chr8_pat	24000000	24100000	0.0147086
chr8_pat	24100000	24200000	0.0150429
chr8_pat	24200000	24300000	0.0167038
chr8_pat	24300000	24400000	0.0197235
chr8_pat	24400000	24500000	0.0194463
chr8_pat	24500000	24600000	0.0135396
chr8_pat	24600000	24700000	0.0206677
chr8_pat	24700000	24800000	0.0185231
chr8_pat	24800000	24900000	0.0207444
chr8_pat	24900000	25000000	0.0224891
chr8_pat	25000000	25100000	0.0219572
chr8_pat	25100000	25200000	0.02158
chr8_pat	25200000	25300000	0.023091
chr8_pat	25300000	25400000	0.0222384
chr8_pat	25400000	25500000	0.0263148
chr8_pat	25500000	25600000	0.0247445
chr8_pat	25600000	25700000	0.0327306
chr8_pat	25700000	25800000	0.0383922
chr8_pat	25800000	25900000	0.0405437
chr8_pat	25900000	26000000	0.0454994
chr8_pat	26000000	26100000	0.0420631
chr8_pat	26100000	26200000	0.0447122
chr8_pat	26200000	26300000	0.0734349
chr8_pat	26300000	26400000	0.0621768
chr8_pat	26400000	26500000	0.0672452
chr8_pat	26500000	26600000	
chr8_pat	26600000	26700000	
chr8_pat	26700000	26800000	
chr8_pat	26800000	26900000	
chr8_pat	26900000	27000000	
chr8_pat	27000000	27100000	
chr8_pat	27100000	27200000	
chr8_pat	27200000	27300000	
chr8_pat	27300000	27400000	
chr8_pat	27400000	27500000	
chr8_pat	27500000	27600000	
chr8_pat	27600000	27700000	
chr8_pat	27700000	27800000	0.0708984
chr8_pat	27800000	27900000	0.0541677
chr8_pat	27900000	28000000	0.0315252
chr8_pat	28000000	28100000	0.0237249
chr8_pat	28100000	28200000	0.0237182
chr8_pat	28200000	28300000	0.0224172
chr8_pat	28300000	28400000	0.0235227
chr8_pat	28400000	28500000	0.0186223
chr8_pat	28500000	28600000	0.0242712
chr8_pat	28600000	28700000	0.0147217
chr8_pat	28700000	28800000	0.0195088
chr8_pat	28800000	28900000	0.0157188
chr8_pat	28900000	29000000	0.0195043
chr8_pat	29000000	29100000	0.0205697
chr8_pat	29100000	29200000	0.0125093
chr8_pat	29200000	29300000	0.0227541
chr8_pat	29300000	29400000	0.0254569
chr8_pat	29400000	29500000	
chr8_pat	29500000	29600000	
chr8_pat	29600000	29700000	0.0207636
chr8_pat	29700000	29800000	0.0458323
chr8_pat	29800000	29900000	0.0240905
chr8_pat	29900000	30000000	0.0248186
chr8_pat	30000000	30100000	0.0161092
chr8_pat	30100000	30200000	0.0165554
chr8_pat	30200000	30300000	0.0228151
chr8_pat	30300000	30400000	0.0264962
chr8_pat	30400000	30500000	0.0272468
chr8_pat	30500000	30600000	0.0164923
chr8_pat	30600000	30700000	0.0152333
chr8_pat	30700000	30800000	0.0214097
chr8_pat	30800000	30900000	0.0142198
chr8_pat	30900000	31000000	0.0252902
chr8_pat	31000000	31100000	0.0241878
chr8_pat	31100000	31200000	
chr8_pat	31200000	31300000	
chr8_pat	31300000	31400000	
chr8_pat	31400000	31500000	
chr8_pat	31500000	31600000	
chr8_pat	31600000	31700000	
chr8_pat	31700000	31800000	
chr8_pat	31800000	31900000	
chr8_pat	31900000	32000000	
chr8_pat	32000000	32100000	
chr8_pat	32100000	32200000	
chr8_pat	32200000	32300000	
chr8_pat	32300000	32400000	
chr8_pat	32400000	32500000	
chr8_pat	32500000	32600000	
chr8_pat	32600000	32694906	
chr9_pat	0	100000	
chr9_pat	100000	200000	
chr9_pat	200000	300000	
chr9_pat	300000	400000	
chr9_pat	400000	500000	
chr9_pat	500000	600000	
chr9_pat	600000	700000	
chr9_pat	700000	800000	
chr9_pat	800000	900000	
chr9_pat	900000	1000000	
chr9_pat	1000000	1100000	0.0678269
chr9_pat	1100000	1200000	0.0588565
chr9_pat	1200000	1300000	0.0311815
chr9_pat	1300000	1400000	0.0321991
chr9_pat	1400000	1500000	0.0337865
chr9_pat	1500000	1600000	0.0164541
chr9_pat	1600000	1700000	0.01877
chr9_pat	1700000	1800000	0.0171313
chr9_pat	1800000	1900000	0.0194951
chr9_pat	1900000	2000000	0.021787
chr9_pat	2000000	2100000	0.0145418
chr9_pat	2100000	2200000	0.0237025
chr9_pat	2200000	2300000	0.0239135
chr9_pat	2300000	2400000	0.0253387
chr9_pat	2400000	2500000	0.0263128
chr9_pat	2500000	2600000	0.0263003
chr9_pat	2600000	2700000	0.0254088
chr9_pat	2700000	2800000	0.0236109
chr9_pat	2800000	2900000	0.0193242
chr9_pat	2900000	3000000	0.0157336
chr9_pat	3000000	3100000	0.0234786
chr9_pat	3100000	3200000	0.0239525
chr9_pat	3200000	3300000	0.0184388
chr9_pat	3300000	3400000	0.0412761
chr9_pat	3400000	3500000	
chr9_pat	3500000	3600000	
chr9_pat	3600000	3700000	
chr9_pat	3700000	3800000	0.0262565
chr9_pat	3800000	3900000	0.0226162
chr9_pat	3900000	4000000	0.0239065
chr9_pat	4000000	4100000	0.0241249
chr9_pat	4100000	4200000	0.0279862
chr9_pat	4200000	4300000	0.0297618
chr9_pat	4300000	4400000	0.0247372
chr9_pat	4400000	4500000	0.0144519
chr9_pat	4500000	4600000	0.0184012
chr9_pat	4600000	4700000	0.0167534
chr9_pat	4700000	4800000	0.0137425
chr9_pat	4800000	4900000	0.026808
chr9_pat	4900000	5000000	0.0254972
chr9_pat	5000000	5100000	0.0255903
chr9_pat	5100000	5200000	0.0176528
chr9_pat	5200000	5300000	0.0300017
chr9_pat	5300000	5400000	0.0225664
chr9_pat	5400000	5500000	0.0226687
chr9_pat	5500000	5600000	0.0153632
chr9_pat	5600000	5700000	0.0124421
chr9_pat	5700000	5800000	0.0180977
chr9_pat	5800000	5900000	0.0229705
chr9_pat	5900000	6000000	0.0204194
chr9_pat	6000000	6100000	0.0207974
chr9_pat	6100000	6200000	0.0191956
chr9_pat	6200000	6300000	0.0213752
chr9_pat	6300000	6400000	0.023075
chr9_pat	6400000	6500000	0.0170752
chr9_pat	6500000	6600000	0.0160428
chr9_pat	6600000	6700000	0.0149656
chr9_pat	6700000	6800000	0.0132413
chr9_pat	6800000	6900000	0.0133352
chr9_pat	6900000	7000000	0.0162215
chr9_pat	7000000	7100000	0.0194356
chr9_pat	7100000	7200000	0.0135147
chr9_pat	7200000	7300000	0.0179453
chr9_pat	7300000	7400000	0.0153128
chr9_pat	7400000	7500000	0.0152064
chr9_pat	7500000	7600000	0.019071
chr9_pat	7600000	7700000	0.0220156
chr9_pat	7700000	7800000	0.0230039
chr9_pat	7800000	7900000	0.0164376
chr9_pat	7900000	8000000	0.0176756
chr9_pat	8000000	8100000	0.0194102
chr9_pat	8100000	8200000	0.0203758
chr9_pat	8200000	8300000	0.0194696
chr9_pat	8300000	8400000	0.0195398
chr9_pat	8400000	8500000	0.0190294
chr9_pat	8500000	8600000	0.0212981
chr9_pat	8600000	8700000	0.0232056
chr9_pat	8700000	8800000	0.0235675
chr9_pat	8800000	8900000	0.0220814
chr9_pat	8900000	9000000	0.0203282
chr9_pat	9000000	9100000	0.0225496
chr9_pat	9100000	9200000	0.0143511
chr9_pat	9200000	9300000	0.0163797
chr9_pat	9300000	9400000	0.0194886
chr9_pat	9400000	9500000	0.0142467
chr9_pat	9500000	9600000	0.0162848
chr9_pat	9600000	9700000	0.0136114
chr9_pat	9700000	9800000	0.0136503
chr9_pat	9800000	9900000	0.0140614
chr9_pat	9900000	10000000	0.0239505
chr9_pat	10000000	10100000	0.0198739
chr9_pat	10100000	10200000	0.0205077
chr9_pat	10200000	10300000	0.0217618
chr9_pat	10300000	10400000	0.0195819
chr9_pat	10400000	10500000	0.0151775
chr9_pat	10500000	10600000	0.0144108
chr9_pat	10600000	10700000	0.0108676
chr9_pat	10700000	10800000	0.0165998
chr9_pat	10800000	10900000	0.0244698
chr9_pat	10900000	11000000	0.0185161
chr9_pat	11000000	11100000	0.0186424
chr9_pat	11100000	11200000	0.0204495
chr9_pat	11200000	11300000	0.0183259
chr9_pat	11300000	11400000	0.0139495
chr9_pat	11400000	11500000	0.0161534
chr9_pat	11500000	11600000	0.0127758
chr9_pat	11600000	11700000	0.0135604
chr9_pat	11700000	11800000	0.0171439
chr9_pat	11800000	11900000	0.0165227
chr9_pat	11900000	12000000	0.0208338
chr9_pat	12000000	12100000	0.0182497
chr9_pat	12100000	12200000	0.0182445
chr9_pat	12200000	12300000	0.0173859
chr9_pat	12300000	12400000	0.018165
chr9_pat	12400000	12500000	0.0179217
chr9_pat	12500000	12600000	0.0187799
chr9_pat	12600000	12700000	0.0202675
chr9_pat	12700000	12800000	0.0173738
chr9_pat	12800000	12900000	0.019564
chr9_pat	12900000	13000000	0.0188958
chr9_pat	13000000	13100000	0.027172
chr9_pat	13100000	13200000	0.0358745
chr9_pat	13200000	13300000	0.0280078
chr9_pat	13300000	13400000	0.0288983
chr9_pat	13400000	13500000	0.0242083
chr9_pat	13500000	13600000	0.0286929
chr9_pat	13600000	13700000	0.0250696
chr9_pat	13700000	13800000	0.0193061
chr9_pat	13800000	13900000	0.0146746
chr9_pat	13900000	14000000	0.0186554
chr9_pat	14000000	14100000	0.0117666
chr9_pat	14100000	14200000	0.0155301
chr9_pat	14200000	14300000	0.0168437
chr9_pat	14300000	14400000	0.0173687
chr9_pat	14400000	14500000	0.0198506
chr9_pat	14500000	14600000	0.0148699
chr9_pat	14600000	14700000	0.0230365
chr9_pat	14700000	14800000	0.0182854
chr9_pat	14800000	14900000	0.0220755
chr9_pat	14900000	15000000	0.0239066
chr9_pat	15000000	15100000	0.0222151
chr9_pat	15100000	15200000	0.0225515
chr9_pat	15200000	15300000	0.0200822
chr9_pat	15300000	15400000	0.0192024
chr9_pat	15400000	15500000	0.0608391
chr9_pat	15500000	15600000	
chr9_pat	15600000	15700000	
chr9_pat	15700000	15800000	0.0515106
chr9_pat	15800000	15900000	0.0224957
chr9_pat	15900000	16000000	0.0238075
chr9_pat	16000000	16100000	0.0222114
chr9_pat	16100000	16200000	0.0227684
chr9_pat	16200000	16300000	0.019221
chr9_pat	16300000	16400000	0.0198616
chr9_pat	16400000	16500000	0.0161192
chr9_pat	16500000	16600000	0.0163382
chr9_pat	16600000	16700000	0.0185845
chr9_pat	16700000	16800000	0.0134869
chr9_pat	16800000	16900000	0.0126374
chr9_pat	16900000	17000000	0.017503
chr9_pat	17000000	17100000	0.0168873
chr9_pat	17100000	17200000	0.014572
chr9_pat	17200000	17300000	0.0170005
chr9_pat	17300000	17400000	0.0183442
chr9_pat	17400000	17500000	0.0146366
chr9_pat	17500000	17600000	0.0133349
chr9_pat	17600000	17700000	0.0130288
chr9_pat	17700000	17800000	0.0196744
chr9_pat	17800000	17900000	0.0248111
chr9_pat	17900000	18000000	0.0282792
chr9_pat	18000000	18100000	0.019673
chr9_pat	18100000	18200000	0.0171323
chr9_pat	18200000	18300000	0.0141213
chr9_pat	18300000	18400000	0.0148652
chr9_pat	18400000	18500000	0.0164512
chr9_pat	18500000	18600000	0.0202397
chr9_pat	18600000	18700000	0.0206039
chr9_pat	18700000	18800000	0.02166
chr9_pat	18800000	18900000	0.0205821
chr9_pat	18900000	19000000	0.0226129
chr9_pat	19000000	19100000	0.0191929
chr9_pat	19100000	19200000	0.0112402
chr9_pat	19200000	19300000	0.0140724
chr9_pat	19300000	19400000	0.0169319
chr9_pat	19400000	19500000	0.0172785
chr9_pat	19500000	19600000	0.0124654
chr9_pat	19600000	19700000	0.0103779
chr9_pat	19700000	19800000	0.0168078
chr9_pat	19800000	19900000	0.0191101
chr9_pat	19900000	20000000	0.0205629
chr9_pat	20000000	20100000	0.0177838
chr9_pat	20100000	20200000	0.0168877
chr9_pat	20200000	20300000	0.0162653
chr9_pat	20300000	20400000	0.0185727
chr9_pat	20400000	20500000	0.0190465
chr9_pat	20500000	20600000	0.0176799
chr9_pat	20600000	20700000	0.0171941
chr9_pat	20700000	20800000	0.0181561
chr9_pat	20800000	20900000	0.0186968
chr9_pat	20900000	21000000	0.0191316
chr9_pat	21000000	21100000	0.0188157
chr9_pat	21100000	21200000	0.0177009
chr9_pat	21200000	21300000	0.0220572
chr9_pat	21300000	21400000	0.0202623
chr9_pat	21400000	21500000	0.0194179
chr9_pat	21500000	21600000	0.0155414
chr9_pat	21600000	21700000	0.0174058
chr9_pat	21700000	21800000	0.0185833
chr9_pat	21800000	21900000	0.0182509
chr9_pat	21900000	22000000	0.0125345
chr9_pat	22000000	22100000	0.013772
chr9_pat	22100000	22200000	0.0120185
chr9_pat	22200000	22300000	0.0151839
chr9_pat	22300000	22400000	0.0139412
chr9_pat	22400000	22500000	0.0242637
chr9_pat	22500000	22600000	0.0236901
chr9_pat	22600000	22700000	0.0229433
chr9_pat	22700000	22800000	0.0208158
chr9_pat	22800000	22900000	0.0204086
chr9_pat	22900000	23000000	0.0195289
chr9_pat	23000000	23100000	0.0136859
chr9_pat	23100000	23200000	0.0145607
chr9_pat	23200000	23300000	0.0181014
chr9_pat	23300000	23400000	0.0191785
chr9_pat	23400000	23500000	0.0180308
chr9_pat	23500000	23600000	0.017175
chr9_pat	23600000	23700000	0.018209
chr9_pat	23700000	23800000	0.0245251
chr9_pat	23800000	23900000	
chr9_pat	23900000	24000000	
chr9_pat	24000000	24100000	
chr9_pat	24100000	24200000	
chr9_pat	24200000	24300000	
chr9_pat	24300000	24400000	
chr9_pat	24400000	24500000	
chr9_pat	24500000	24600000	
chr9_pat	24600000	24700000	
chr9_pat	24700000	24800000	
chr9_pat	24800000	24900000	
chr9_pat	24900000	25000000	0.0734488
chr9_pat	25000000	25100000	0.0216901
chr9_pat	25100000	25200000	0.0146605
chr9_pat	25200000	25300000	0.0167085
chr9_pat	25300000	25400000	0.0152271
chr9_pat	25400000	25500000	0.0205342
chr9_pat	25500000	25600000	0.016382
chr9_pat	25600000	25700000	0.0159852
chr9_pat	25700000	25800000	0.0151268
chr9_pat	25800000	25900000	0.0242135
chr9_pat	25900000	26000000	0.0294815
chr9_pat	26000000	26100000	0.0571285
chr9_pat	26100000	26200000	
chr9_pat	26200000	26241639	
chr10_pat	0	100000	
chr10_pat	100000	200000	
chr10_pat	200000	300000	
chr10_pat	300000	400000	
chr10_pat	400000	500000	0.0732624
chr10_pat	500000	600000	0.0562026
chr10_pat	600000	700000	0.0510174
chr10_pat	700000	800000	0.0324833
chr10_pat	800000	900000	0.0229113
chr10_pat	900000	1000000	0.0223746
chr10_pat	1000000	1100000	0.0231198
chr10_pat	1100000	1200000	0.0201325
chr10_pat	1200000	1300000	0.0148576
chr10_pat	1300000	1400000	0.0161743
chr10_pat	1400000	1500000	0.0225377
chr10_pat	1500000	1600000	0.0238644
chr10_pat	1600000	1700000	0.0278348
chr10_pat	1700000	1800000	0.0209577
chr10_pat	1800000	1900000	0.0178074
chr10_pat	1900000	2000000	0.0279901
chr10_pat	2000000	2100000	0.015216
chr10_pat	2100000	2200000	0.0166708
chr10_pat	2200000	2300000	0.0112065
chr10_pat	2300000	2400000	0.0170978
chr10_pat	2400000	2500000	0.0126959
chr10_pat	2500000	2600000	0.0128369
chr10_pat	2600000	2700000	0.0166715
chr10_pat	2700000	2800000	0.0180962
chr10_pat	2800000	2900000	0.0203707
chr10_pat	2900000	3000000	0.025208
chr10_pat	3000000	3100000	0.0180649
chr10_pat	3100000	3200000	0.013503
chr10_pat	3200000	3300000	0.016286
chr10_pat	3300000	3400000	0.0203191
chr10_pat	3400000	3500000	0.0201248
chr10_pat	3500000	3600000	0.0122953
chr10_pat	3600000	3700000	0.0158139
chr10_pat	3700000	3800000	0.0171569
chr10_pat	3800000	3900000	0.0183731
chr10_pat	3900000	4000000	0.0130778
chr10_pat	4000000	4100000	0.0146111
chr10_pat	4100000	4200000	0.0146457
chr10_pat	4200000	4300000	0.0191644
chr10_pat	4300000	4400000	0.0163136
chr10_pat	4400000	4500000	0.0188894
chr10_pat	4500000	4600000	0.0245037
chr10_pat	4600000	4700000	0.0337755
chr10_pat	4700000	4800000	0.0332669
chr10_pat	4800000	4900000	0.0269707
chr10_pat	4900000	5000000	0.0252339
chr10_pat	5000000	5100000	0.0158216
chr10_pat	5100000	5200000	0.0224317
chr10_pat	5200000	5300000	0.0226829
chr10_pat	5300000	5400000	0.0162859
chr10_pat	5400000	5500000	0.0186301
chr10_pat	5500000	5600000	0.0160929
chr10_pat	5600000	5700000	0.0146672
chr10_pat	5700000	5800000	0.0156992
chr10_pat	5800000	5900000	0.0191789
chr10_pat	5900000	6000000	0.0159053
chr10_pat	6000000	6100000	0.0191062
chr10_pat	6100000	6200000	0.0125239
chr10_pat	6200000	6300000	0.0185632
chr10_pat	6300000	6400000	0.0203149
chr10_pat	6400000	6500000	0.0202276
chr10_pat	6500000	6600000	0.0200336
chr10_pat	6600000	6700000	0.017755
chr10_pat	6700000	6800000	0.0130844
chr10_pat	6800000	6900000	0.0118395
chr10_pat	6900000	7000000	0.0225038
chr10_pat	7000000	7100000	0.0244219
chr10_pat	7100000	7200000	0.0183782
chr10_pat	7200000	7300000	0.0185382
chr10_pat	7300000	7400000	0.0185912
chr10_pat	7400000	7500000	0.0165177
chr10_pat	7500000	7600000	0.0141758
chr10_pat	7600000	7700000	0.0147711
chr10_pat	7700000	7800000	0.0179153
chr10_pat	7800000	7900000	0.0133517
chr10_pat	7900000	8000000	0.015137
chr10_pat	8000000	8100000	0.0181283
chr10_pat	8100000	8200000	0.0169316
chr10_pat	8200000	8300000	0.0217672
chr10_pat	8300000	8400000	0.0221555
chr10_pat	8400000	8500000	0.0222906
chr10_pat	8500000	8600000	0.0241111
chr10_pat	8600000	8700000	0.0129811
chr10_pat	8700000	8800000	0.0169254
chr10_pat	8800000	8900000	0.0149036
chr10_pat	8900000	9000000	0.0141358
chr10_pat	9000000	9100000	0.0139429
chr10_pat	9100000	9200000	0.0174604
chr10_pat	9200000	9300000	0.0190117
chr10_pat	9300000	9400000	0.0204426
chr10_pat	9400000	9500000	0.0180243
chr10_pat	9500000	9600000	0.0232552
chr10_pat	9600000	9700000	0.0224942
chr10_pat	9700000	9800000	0.0231173
chr10_pat	9800000	9900000	0.0323764
chr10_pat	9900000	10000000	0.0292653
chr10_pat	10000000	10100000	0.0163263
chr10_pat	10100000	10200000	0.0165044
chr10_pat	10200000	10300000	0.0148493
chr10_pat	10300000	10400000	0.0136419
chr10_pat	10400000	10500000	0.0195997
chr10_pat	10500000	10600000	0.0191728
chr10_pat	10600000	10700000	0.0105179
chr10_pat	10700000	10800000	0.0133008
chr10_pat	10800000	10900000	0.0186813
chr10_pat	10900000	11000000	0.0183059
chr10_pat	11000000	11100000	0.0151737
chr10_pat	11100000	11200000	0.0130079
chr10_pat	11200000	11300000	0.023647
chr10_pat	11300000	11400000	0.0137858
chr10_pat	11400000	11500000	0.0179112
chr10_pat	11500000	11600000	0.0187987
chr10_pat	11600000	11700000	0.0161753
chr10_pat	11700000	11800000	0.0196223
chr10_pat	11800000	11900000	0.0219342
chr10_pat	11900000	12000000	0.0225848
chr10_pat	12000000	12100000	0.0167531
chr10_pat	12100000	12200000	0.0127344
chr10_pat	12200000	12300000	0.0153101
chr10_pat	12300000	12400000	0.0175854
chr10_pat	12400000	12500000	0.0175081
chr10_pat	12500000	12600000	0.0128984
chr10_pat	12600000	12700000	0.0168537
chr10_pat	12700000	12800000	0.0198756
chr10_pat	12800000	12900000	0.015774
chr10_pat	12900000	13000000	0.0315698
chr10_pat	13000000	13100000	0.0138567
chr10_pat	13100000	13200000	0.0204954
chr10_pat	13200000	13300000	0.0153273
chr10_pat	13300000	13400000	0.0230754
chr10_pat	13400000	13500000	0.0237293
chr10_pat	13500000	13600000	0.024686
chr10_pat	13600000	13700000	0.0220096
chr10_pat	13700000	13800000	0.0204926
chr10_pat	13800000	13900000	0.0218214
chr10_pat	13900000	14000000	0.0203072
chr10_pat	14000000	14100000	0.0152999
chr10_pat	14100000	14200000	0.0172259
chr10_pat	14200000	14300000	0.0193243
chr10_pat	14300000	14400000	0.0182848
chr10_pat	14400000	14500000	0.0179024
chr10_pat	14500000	14600000	0.0193653
chr10_pat	14600000	14700000	0.024188
chr10_pat	14700000	14800000	0.0192571
chr10_pat	14800000	14900000	0.0125981
chr10_pat	14900000	15000000	0.021172
chr10_pat	15000000	15100000	0.0204571
chr10_pat	15100000	15200000	0.0185329
chr10_pat	15200000	15300000	0.0211569
chr10_pat	15300000	15400000	0.0220352
chr10_pat	15400000	15500000	0.0242537
chr10_pat	15500000	15600000	0.0232298
chr10_pat	15600000	15700000	0.0237281
chr10_pat	15700000	15800000	0.0227617
chr10_pat	15800000	15900000	0.0219168
chr10_pat	15900000	16000000	0.0226853
chr10_pat	16000000	16100000	0.0208713
chr10_pat	16100000	16200000	0.0264219
chr10_pat	16200000	16300000	0.0221842
chr10_pat	16300000	16400000	0.021166
chr10_pat	16400000	16500000	0.0230429
chr10_pat	16500000	16600000	0.0201866
chr10_pat	16600000	16700000	0.0229506
chr10_pat	16700000	16800000	0.0161802
chr10_pat	16800000	16900000	0.0206422
chr10_pat	16900000	17000000	0.0219959
chr10_pat	17000000	17100000	0.0221589
chr10_pat	17100000	17200000	0.0178427
chr10_pat	17200000	17300000	0.0149667
chr10_pat	17300000	17400000	0.0162164
chr10_pat	17400000	17500000	0.0174181
chr10_pat	17500000	17600000	0.020383
chr10_pat	17600000	17700000	0.0143426
chr10_pat	17700000	17800000	0.0217956
chr10_pat	17800000	17900000	0.0202023
chr10_pat	17900000	18000000	0.0160837
chr10_pat	18000000	18100000	0.0134715
chr10_pat	18100000	18200000	0.0165613
chr10_pat	18200000	18300000	0.0258582
chr10_pat	18300000	18400000	0.0235751
chr10_pat	18400000	18500000	0.0131
chr10_pat	18500000	18600000	0.0142448
chr10_pat	18600000	18700000	0.0215657
chr10_pat	18700000	18800000	0.0219304
chr10_pat	18800000	18900000	0.0128346
chr10_pat	18900000	19000000	0.0176125
chr10_pat	19000000	19100000	0.0136468
chr10_pat	19100000	19200000	0.0177284
chr10_pat	19200000	19300000	0.0193959
chr10_pat	19300000	19400000	0.0147098
chr10_pat	19400000	19500000	0.0184983
chr10_pat	19500000	19600000	0.0112248
chr10_pat	19600000	19700000	0.0220293
chr10_pat	19700000	19800000	0.0230163
chr10_pat	19800000	19900000	0.0126899
chr10_pat	19900000	20000000	0.0183647
chr10_pat	20000000	20100000	0.0119347
chr10_pat	20100000	20200000	0.0141078
chr10_pat	20200000	20300000	0.0163764
chr10_pat	20300000	20400000	0.0228889
chr10_pat	20400000	20500000	0.0217193
chr10_pat	20500000	20600000	0.0797805
chr10_pat	20600000	20700000	0.048957
chr10_pat	20700000	20761298	
chr11_pat	0	100000	
chr11_pat	100000	200000	
chr11_pat	200000	300000	
chr11_pat	300000	400000	
chr11_pat	400000	500000	
chr11_pat	500000	600000	0.111245
chr11_pat	600000	700000	0.0903814
chr11_pat	700000	800000	0.110551
chr11_pat	800000	900000	0.0993223
chr11_pat	900000	1000000	0.0762123
chr11_pat	1000000	1100000	0.0666042
chr11_pat	1100000	1200000	0.0613826
chr11_pat	1200000	1300000	0.0959213
chr11_pat	1300000	1400000	0.0736178
chr11_pat	1400000	1500000	0.0520018
chr11_pat	1500000	1600000	0.0657876
chr11_pat	1600000	1700000	0.0528079
chr11_pat	1700000	1800000	0.0941571
chr11_pat	1800000	1900000	0.0703493
chr11_pat	1900000	2000000	0.0924982
chr11_pat	2000000	2100000	
chr11_pat	2100000	2200000	
chr11_pat	2200000	2300000	
chr11_pat	2300000	2400000	
chr11_pat	2400000	2500000	
chr11_pat	2500000	2600000	
chr11_pat	2600000	2700000	
chr11_pat	2700000	2800000	
chr11_pat	2800000	2900000	
chr11_pat	2900000	3000000	0.060367
chr11_pat	3000000	3100000	0.0494186
chr11_pat	3100000	3200000	0.0575493
chr11_pat	3200000	3300000	0.0599569
chr11_pat	3300000	3400000	0.053154
chr11_pat	3400000	3500000	0.0737138
chr11_pat	3500000	3600000	0.0385994
chr11_pat	3600000	3700000	0.04257
chr11_pat	3700000	3800000	0.0515423
chr11_pat	3800000	3900000	0.054326
chr11_pat	3900000	4000000	0.0682749
chr11_pat	4000000	4100000	0.0586976
chr11_pat	4100000	4200000	0.0525759
chr11_pat	4200000	4300000	0.0779011
chr11_pat	4300000	4400000	0.0488376
chr11_pat	4400000	4500000	0.0327272
chr11_pat	4500000	4600000	0.0360372
chr11_pat	4600000	4700000	0.0300253
chr11_pat	4700000	4800000	0.0273935
chr11_pat	4800000	4900000	0.0405256
chr11_pat	4900000	5000000	0.0530351
chr11_pat	5000000	5100000	0.037254
chr11_pat	5100000	5200000	0.0393365
chr11_pat	5200000	5300000	0.0304275
chr11_pat	5300000	5400000	0.0240352
chr11_pat	5400000	5500000	0.022764
chr11_pat	5500000	5600000	0.0281777
chr11_pat	5600000	5700000	0.0293758
chr11_pat	5700000	5800000	0.0246255
chr11_pat	5800000	5900000	0.0278837
chr11_pat	5900000	6000000	0.0254097
chr11_pat	6000000	6100000	0.0203628
chr11_pat	6100000	6200000	0.0174849
chr11_pat	6200000	6300000	0.0329773
chr11_pat	6300000	6400000	0.0277047
chr11_pat	6400000	6500000	0.0290992
chr11_pat	6500000	6600000	0.0318793
chr11_pat	6600000	6700000	0.038445
chr11_pat	6700000	6800000	0.0346619
chr11_pat	6800000	6900000	0.0419828
chr11_pat	6900000	7000000	0.0510891
chr11_pat	7000000	7100000	0.0394399
chr11_pat	7100000	7200000	0.0367274
chr11_pat	7200000	7300000	0.0444125
chr11_pat	7300000	7400000	0.0280686
chr11_pat	7400000	7500000	0.0313531
chr11_pat	7500000	7600000	0.0233163
chr11_pat	7600000	7700000	0.0216702
chr11_pat	7700000	7800000	0.025024
chr11_pat	7800000	7900000	0.0225505
chr11_pat	7900000	8000000	0.0352088
chr11_pat	8000000	8100000	0.0238978
chr11_pat	8100000	8200000	0.0277915
chr11_pat	8200000	8300000	0.0306125
chr11_pat	8300000	8400000	0.0247985
chr11_pat	8400000	8500000	0.0221544
chr11_pat	8500000	8600000	0.0249582
chr11_pat	8600000	8700000	0.0259375
chr11_pat	8700000	8800000	0.0269939
chr11_pat	8800000	8900000	
chr11_pat	8900000	9000000	
chr11_pat	9000000	9100000	
chr11_pat	9100000	9200000	
chr11_pat	9200000	9300000	
chr11_pat	9300000	9400000	
chr11_pat	9400000	9500000	
chr11_pat	9500000	9600000	0.112713
chr11_pat	9600000	9700000	
chr11_pat	9700000	9800000	
chr11_pat	9800000	9900000	
chr11_pat	9900000	10000000	
chr11_pat	10000000	10100000	
chr11_pat	10100000	10200000	
chr11_pat	10200000	10300000	
chr11_pat	10300000	10400000	
chr11_pat	10400000	10500000	
chr11_pat	10500000	10600000	
chr11_pat	10600000	10700000	
chr11_pat	10700000	10800000	
chr11_pat	10800000	10900000	0.0545769
chr11_pat	10900000	11000000	0.0516673
chr11_pat	11000000	11100000	0.0590838
chr11_pat	11100000	11200000	0.0697054
chr11_pat	11200000	11300000	0.0773027
chr11_pat	11300000	11400000	0.0627912
chr11_pat	11400000	11500000	0.0829639
chr11_pat	11500000	11600000	0.0839726
chr11_pat	11600000	11700000	0.0766117
chr11_pat	11700000	11800000	0.0973244
chr11_pat	11800000	11900000	
chr11_pat	11900000	12000000	0.109902
chr11_pat	12000000	12100000	
chr11_pat	12100000	12200000	0.0812166
chr11_pat	12200000	12300000	0.11862
chr11_pat	12300000	12400000	0.0731301
chr11_pat	12400000	12500000	0.0715591
chr11_pat	12500000	12600000	0.0163853
chr11_pat	12600000	12700000	0.0133346
chr11_pat	12700000	12800000	0.0221148
chr11_pat	12800000	12900000	0.0206315
chr11_pat	12900000	13000000	0.0244503
chr11_pat	13000000	13100000	0.0229559
chr11_pat	13100000	13200000	0.0217259
chr11_pat	13200000	13300000	0.0206645
chr11_pat	13300000	13400000	0.0155181
chr11_pat	13400000	13500000	0.0153643
chr11_pat	13500000	13600000	0.0161147
chr11_pat	13600000	13700000	0.0136335
chr11_pat	13700000	13800000	0.0147393
chr11_pat	13800000	13900000	0.0133995
chr11_pat	13900000	14000000	0.0164679
chr11_pat	14000000	14100000	0.0185708
chr11_pat	14100000	14200000	0.017049
chr11_pat	14200000	14300000	0.0191207
chr11_pat	14300000	14400000	0.0173206
chr11_pat	14400000	14500000	0.0207213
chr11_pat	14500000	14600000	0.0194228
chr11_pat	14600000	14700000	0.025426
chr11_pat	14700000	14800000	0.0267775
chr11_pat	14800000	14900000	0.0263013
chr11_pat	14900000	15000000	0.0246638
chr11_pat	15000000	15100000	0.0237001
chr11_pat	15100000	15200000	0.0242713
chr11_pat	15200000	15300000	0.0253309
chr11_pat	15300000	15400000	0.0288956
chr11_pat	15400000	15500000	0.0204539
chr11_pat	15500000	15600000	0.023571
chr11_pat	15600000	15700000	0.022777
chr11_pat	15700000	15800000	0.0205992
chr11_pat	15800000	15900000	0.0154639
chr11_pat	15900000	16000000	0.0170625
chr11_pat	16000000	16100000	0.0139048
chr11_pat	16100000	16200000	0.0199084
chr11_pat	16200000	16300000	0.0269302
chr11_pat	16300000	16400000	0.0213291
chr11_pat	16400000	16500000	0.0243893
chr11_pat	16500000	16600000	0.0208778
chr11_pat	16600000	16700000	0.020399
chr11_pat	16700000	16800000	0.0245959
chr11_pat	16800000	16900000	0.0219885
chr11_pat	16900000	17000000	0.0253298
chr11_pat	17000000	17100000	0.0209848
chr11_pat	17100000	17200000	0.0602844
chr11_pat	17200000	17300000	0.0748511
chr11_pat	17300000	17400000	0.0227796
chr11_pat	17400000	17500000	0.0223308
chr11_pat	17500000	17600000	0.0194487
chr11_pat	17600000	17700000	0.0209886
chr11_pat	17700000	17800000	0.0229005
chr11_pat	17800000	17900000	0.0223257
chr11_pat	17900000	18000000	0.022432
chr11_pat	18000000	18100000	0.0231972
chr11_pat	18100000	18200000	0.0141834
chr11_pat	18200000	18300000	0.0140134
chr11_pat	18300000	18400000	0.0182496
chr11_pat	18400000	18500000	0.0218164
chr11_pat	18500000	18600000	0.0170376
chr11_pat	18600000	18700000	0.0182829
chr11_pat	18700000	18800000	0.0216374
chr11_pat	18800000	18900000	0.0205171
chr11_pat	18900000	19000000	0.0218603
chr11_pat	19000000	19100000	0.0158797
chr11_pat	19100000	19200000	0.0134214
chr11_pat	19200000	19300000	0.0179368
chr11_pat	19300000	19400000	0.0211675
chr11_pat	19400000	19500000	0.0147784
chr11_pat	19500000	19600000	0.0184345
chr11_pat	19600000	19700000	0.0185071
chr11_pat	19700000	19800000	0.0294896
chr11_pat	19800000	19900000	0.0158108
chr11_pat	19900000	20000000	0.0163945
chr11_pat	20000000	20100000	0.055907
chr11_pat	20100000	20200000	0.022256
chr11_pat	20200000	20300000	0.0248212
chr11_pat	20300000	20400000	0.0222499
chr11_pat	20400000	20500000	0.0228
chr11_pat	20500000	20600000	0.0249869
chr11_pat	20600000	20700000	0.0325475
chr11_pat	20700000	20800000	
chr11_pat	20800000	20900000	
chr11_pat	20900000	21000000	
chr11_pat	21000000	21100000	
chr11_pat	21100000	21200000	
chr11_pat	21200000	21300000	
chr11_pat	21300000	21400000	
chr11_pat	21400000	21500000	
chr11_pat	21500000	21600000	
chr11_pat	21600000	21694367	
chr12_pat	0	100000	
chr12_pat	100000	200000	
chr12_pat	200000	300000	
chr12_pat	300000	400000	
chr12_pat	400000	500000	
chr12_pat	500000	600000	
chr12_pat	600000	700000	
chr12_pat	700000	800000	0.0296015
chr12_pat	800000	900000	0.0206368
chr12_pat	900000	1000000	0.0200888
chr12_pat	1000000	1100000	0.0204457
chr12_pat	1100000	1200000	0.0155727
chr12_pat	1200000	1300000	0.0178053
chr12_pat	1300000	1400000	0.0204046
chr12_pat	1400000	1500000	0.0162509
chr12_pat	1500000	1600000	0.0206465
chr12_pat	1600000	1700000	0.0163203
chr12_pat	1700000	1800000	0.018825
chr12_pat	1800000	1900000	0.0199213
chr12_pat	1900000	2000000	0.0195429
chr12_pat	2000000	2100000	0.0215294
chr12_pat	2100000	2200000	0.0188486
chr12_pat	2200000	2300000	0.0186383
chr12_pat	2300000	2400000	0.0182539
chr12_pat	2400000	2500000	0.0178512
chr12_pat	2500000	2600000	0.0196717
chr12_pat	2600000	2700000	0.0186939
chr12_pat	2700000	2800000	0.019261
chr12_pat	2800000	2900000	0.020584
chr12_pat	2900000	3000000	0.0203177
chr12_pat	3000000	3100000	0.0203791
chr12_pat	3100000	3200000	0.0220184
chr12_pat	3200000	3300000	0.0219131
chr12_pat	3300000	3400000	0.0114008
chr12_pat	3400000	3500000	0.01669
chr12_pat	3500000	3600000	0.0196792
chr12_pat	3600000	3700000	0.0192732
chr12_pat	3700000	3800000	0.0203715
chr12_pat	3800000	3900000	0.0226819
chr12_pat	3900000	4000000	0.0240811
chr12_pat	4000000	4100000	0.0232113
chr12_pat	4100000	4200000	0.0234304
chr12_pat	4200000	4300000	0.0252619
chr12_pat	4300000	4400000	0.0227791
chr12_pat	4400000	4500000	0.0151482
chr12_pat	4500000	4600000	0.0136025
chr12_pat	4600000	4700000	0.0195743
chr12_pat	4700000	4800000	0.0139288
chr12_pat	4800000	4900000	0.0183718
chr12_pat	4900000	5000000	0.0200003
chr12_pat	5000000	5100000	0.0215133
chr12_pat	5100000	5200000	0.0202145
chr12_pat	5200000	5300000	0.018289
chr12_pat	5300000	5400000	0.0175315
chr12_pat	5400000	5500000	0.0166299
chr12_pat	5500000	5600000	0.017998
chr12_pat	5600000	5700000	0.0166328
chr12_pat	5700000	5800000	0.0169802
chr12_pat	5800000	5900000	0.0181827
chr12_pat	5900000	6000000	0.0193087
chr12_pat	6000000	6100000	0.0217736
chr12_pat	6100000	6200000	0.0218968
chr12_pat	6200000	6300000	0.0210136
chr12_pat	6300000	6400000	0.0210432
chr12_pat	6400000	6500000	0.0220399
chr12_pat	6500000	6600000	0.0198329
chr12_pat	6600000	6700000	0.0135355
chr12_pat	6700000	6800000	0.0156011
chr12_pat	6800000	6900000	0.0209699
chr12_pat	6900000	7000000	0.0207506
chr12_pat	7000000	7100000	0.0230287
chr12_pat	7100000	7200000	0.0311258
chr12_pat	7200000	7300000	0.0177606
chr12_pat	7300000	7400000	0.0204343
chr12_pat	7400000	7500000	0.0194915
chr12_pat	7500000	7600000	0.0196252
chr12_pat	7600000	7700000	0.0135496
chr12_pat	7700000	7800000	0.0168679
chr12_pat	7800000	7900000	0.020997
chr12_pat	7900000	8000000	0.0209313
chr12_pat	8000000	8100000	0.0219845
chr12_pat	8100000	8200000	0.0252223
chr12_pat	8200000	8300000	0.0241558
chr12_pat	8300000	8400000	0.021374
chr12_pat	8400000	8500000	0.0195163
chr12_pat	8500000	8600000	0.0176544
chr12_pat	8600000	8700000	0.0135194
chr12_pat	8700000	8800000	0.0123197
chr12_pat	8800000	8900000	0.0157242
chr12_pat	8900000	9000000	0.016974
chr12_pat	9000000	9100000	0.0147071
chr12_pat	9100000	9200000	0.0172615
chr12_pat	9200000	9300000	0.014977
chr12_pat	9300000	9400000	0.0144021
chr12_pat	9400000	9500000	0.0176403
chr12_pat	9500000	9600000	0.0133635
chr12_pat	9600000	9700000	0.0171552
chr12_pat	9700000	9800000	0.0129013
chr12_pat	9800000	9900000	0.0154435
chr12_pat	9900000	10000000	0.0187446
chr12_pat	10000000	10100000	0.0130772
chr12_pat	10100000	10200000	0.012274
chr12_pat	10200000	10300000	0.0204996
chr12_pat	10300000	10400000	0.0247012
chr12_pat	10400000	10500000	0.0219711
chr12_pat	10500000	10600000	0.0204522
chr12_pat	10600000	10700000	0.0229581
chr12_pat	10700000	10800000	0.019571
chr12_pat	10800000	10900000	0.0141059
chr12_pat	10900000	11000000	0.0137863
chr12_pat	11000000	11100000	0.0148947
chr12_pat	11100000	11200000	0.0160274
chr12_pat	11200000	11300000	0.0210296
chr12_pat	11300000	11400000	0.0227186
chr12_pat	11400000	11500000	0.0213352
chr12_pat	11500000	11600000	0.0137887
chr12_pat	11600000	11700000	0.0193244
chr12_pat	11700000	11800000	0.0145496
chr12_pat	11800000	11900000	0.01962
chr12_pat	11900000	12000000	0.0140217
chr12_pat	12000000	12100000	0.0137529
chr12_pat	12100000	12200000	0.0157042
chr12_pat	12200000	12300000	0.0186836
chr12_pat	12300000	12400000	0.0186795
chr12_pat	12400000	12500000	0.0224481
chr12_pat	12500000	12600000	0.0218193
chr12_pat	12600000	12700000	0.0207416
chr12_pat	12700000	12800000	0.0213455
chr12_pat	12800000	12900000	0.0257404
chr12_pat	12900000	13000000	0.0199906
chr12_pat	13000000	13100000	0.0188926
chr12_pat	13100000	13200000	0.0168665
chr12_pat	13200000	13300000	0.0210114
chr12_pat	13300000	13400000	0.0179275
chr12_pat	13400000	13500000	0.0141222
chr12_pat	13500000	13600000	0.0191956
chr12_pat	13600000	13700000	0.0167943
chr12_pat	13700000	13800000	0.0119762
chr12_pat	13800000	13900000	0.0121605
chr12_pat	13900000	14000000	0.0225894
chr12_pat	14000000	14100000	0.0188872
chr12_pat	14100000	14200000	0.0187891
chr12_pat	14200000	14300000	0.0183485
chr12_pat	14300000	14400000	0.0167619
chr12_pat	14400000	14500000	0.0183392
chr12_pat	14500000	14600000	0.0204939
chr12_pat	14600000	14700000	0.0228003
chr12_pat	14700000	14800000	0.0166781
chr12_pat	14800000	14900000	0.0171226
chr12_pat	14900000	15000000	0.0131784
chr12_pat	15000000	15100000	0.0182634
chr12_pat	15100000	15200000	0.0206963
chr12_pat	15200000	15300000	0.0295572
chr12_pat	15300000	15400000	0.0245213
chr12_pat	15400000	15500000	0.0236804
chr12_pat	15500000	15600000	0.0212293
chr12_pat	15600000	15700000	0.0212732
chr12_pat	15700000	15800000	0.029381
chr12_pat	15800000	15900000	0.0241032
chr12_pat	15900000	16000000	0.0194295
chr12_pat	16000000	16100000	0.0187513
chr12_pat	16100000	16200000	0.0177603
chr12_pat	16200000	16300000	0.0250706
chr12_pat	16300000	16400000	0.023697
chr12_pat	16400000	16500000	0.0156267
chr12_pat	16500000	16600000	0.0192244
chr12_pat	16600000	16700000	0.0254818
chr12_pat	16700000	16800000	0.0307106
chr12_pat	16800000	16900000	0.029315
chr12_pat	16900000	17000000	0.0201954
chr12_pat	17000000	17100000	0.0253532
chr12_pat	17100000	17200000	0.0247393
chr12_pat	17200000	17300000	0.0170085
chr12_pat	17300000	17400000	0.0258307
chr12_pat	17400000	17500000	0.0275779
chr12_pat	17500000	17600000	0.0253171
chr12_pat	17600000	17700000	0.02475
chr12_pat	17700000	17800000	0.0236869
chr12_pat	17800000	17900000	0.0227001
chr12_pat	17900000	18000000	0.0200528
chr12_pat	18000000	18100000	0.0188925
chr12_pat	18100000	18200000	0.0174666
chr12_pat	18200000	18300000	0.0167693
chr12_pat	18300000	18400000	0.0216119
chr12_pat	18400000	18500000	0.0245589
chr12_pat	18500000	18600000	0.0226513
chr12_pat	18600000	18700000	0.0168354
chr12_pat	18700000	18800000	0.015766
chr12_pat	18800000	18900000	0.0178142
chr12_pat	18900000	19000000	0.019563
chr12_pat	19000000	19100000	0.0256801
chr12_pat	19100000	19200000	0.026787
chr12_pat	19200000	19300000	0.0218363
chr12_pat	19300000	19400000	0.0266926
chr12_pat	19400000	19500000	0.0273131
chr12_pat	19500000	19600000	0.0308424
chr12_pat	19600000	19700000	0.021384
chr12_pat	19700000	19800000	0.0399645
chr12_pat	19800000	19900000	0.0678622
chr12_pat	19900000	20000000	
chr12_pat	20000000	20100000	
chr12_pat	20100000	20200000	
chr12_pat	20200000	20300000	
chr12_pat	20300000	20400000	
chr12_pat	20400000	20500000	
chr12_pat	20500000	20600000	
chr12_pat	20600000	20700000	
chr12_pat	20700000	20770244	
chr13_pat	0	100000	
chr13_pat	100000	200000	0.108483
chr13_pat	200000	300000	0.065674
chr13_pat	300000	400000	0.0351478
chr13_pat	400000	500000	0.0319862
chr13_pat	500000	600000	0.0387788
chr13_pat	600000	700000	0.0247851
chr13_pat	700000	800000	0.0264053
chr13_pat	800000	900000	0.029259
chr13_pat	900000	1000000	0.0415245
chr13_pat	1000000	1100000	0.039718
chr13_pat	1100000	1200000	0.0362607
chr13_pat	1200000	1300000	0.0366154
chr13_pat	1300000	1400000	0.0276751
chr13_pat	1400000	1500000	0.0307454
chr13_pat	1500000	1600000	0.0213328
chr13_pat	1600000	1700000	0.0262725
chr13_pat	1700000	1800000	0.0156749
chr13_pat	1800000	1900000	0.0252465
chr13_pat	1900000	2000000	0.033251
chr13_pat	2000000	2100000	0.0303135
chr13_pat	2100000	2200000	0.0296622
chr13_pat	2200000	2300000	0.0231473
chr13_pat	2300000	2400000	0.0225697
chr13_pat	2400000	2500000	0.0246833
chr13_pat	2500000	2600000	0.0226436
chr13_pat	2600000	2700000	0.0217351
chr13_pat	2700000	2800000	0.0233593
chr13_pat	2800000	2900000	0.0232431
chr13_pat	2900000	3000000	0.0246844
chr13_pat	3000000	3100000	0.026481
chr13_pat	3100000	3200000	0.025787
chr13_pat	3200000	3300000	0.019029
chr13_pat	3300000	3400000	0.0502421
chr13_pat	3400000	3500000	
chr13_pat	3500000	3600000	
chr13_pat	3600000	3700000	
chr13_pat	3700000	3800000	
chr13_pat	3800000	3900000	
chr13_pat	3900000	4000000	
chr13_pat	4000000	4100000	
chr13_pat	4100000	4200000	
chr13_pat	4200000	4300000	
chr13_pat	4300000	4400000	
chr13_pat	4400000	4500000	
chr13_pat	4500000	4600000	
chr13_pat	4600000	4700000	
chr13_pat	4700000	4800000	
chr13_pat	4800000	4900000	
chr13_pat	4900000	5000000	0.024073
chr13_pat	5000000	5100000	0.027795
chr13_pat	5100000	5200000	0.0237148
chr13_pat	5200000	5300000	0.0244347
chr13_pat	5300000	5400000	0.0240898
chr13_pat	5400000	5500000	0.0304123
chr13_pat	5500000	5600000	0.0241724
chr13_pat	5600000	5700000	0.0215114
chr13_pat	5700000	5800000	0.0182424
chr13_pat	5800000	5900000	0.0142615
chr13_pat	5900000	6000000	0.0219543
chr13_pat	6000000	6100000	0.0245553
chr13_pat	6100000	6200000	0.0251795
chr13_pat	6200000	6300000	0.0284458
chr13_pat	6300000	6400000	0.0242574
chr13_pat	6400000	6500000	0.0204501
chr13_pat	6500000	6600000	0.0259058
chr13_pat	6600000	6700000	0.0199973
chr13_pat	6700000	6800000	0.0252254
chr13_pat	6800000	6900000	0.0277751
chr13_pat	6900000	7000000	0.0379117
chr13_pat	7000000	7100000	0.029587
chr13_pat	7100000	7200000	0.0329364
chr13_pat	7200000	7300000	0.0185816
chr13_pat	7300000	7400000	0.0182921
chr13_pat	7400000	7500000	0.0243901
chr13_pat	7500000	7600000	0.0182741
chr13_pat	7600000	7700000	0.0265183
chr13_pat	7700000	7800000	0.0205784
chr13_pat	7800000	7900000	0.0272959
chr13_pat	7900000	8000000	0.0273762
chr13_pat	8000000	8100000	0.0221496
chr13_pat	8100000	8200000	0.0225077
chr13_pat	8200000	8300000	0.027636
chr13_pat	8300000	8400000	0.0258979
chr13_pat	8400000	8500000	0.0250452
chr13_pat	8500000	8600000	0.0183565
chr13_pat	8600000	8700000	0.0258237
chr13_pat	8700000	8800000	0.0247174
chr13_pat	8800000	8900000	0.014649
chr13_pat	8900000	9000000	0.0239064
chr13_pat	9000000	9100000	0.0224828
chr13_pat	9100000	9200000	0.0180792
chr13_pat	9200000	9300000	0.0204826
chr13_pat	9300000	9400000	0.0232073
chr13_pat	9400000	9500000	0.0263995
chr13_pat	9500000	9600000	0.0247665
chr13_pat	9600000	9700000	0.0224698
chr13_pat	9700000	9800000	0.0228258
chr13_pat	9800000	9900000	0.0354047
chr13_pat	9900000	10000000	0.027952
chr13_pat	10000000	10100000	0.0260168
chr13_pat	10100000	10200000	0.0308817
chr13_pat	10200000	10300000	0.0308978
chr13_pat	10300000	10400000	0.0285163
chr13_pat	10400000	10500000	0.0274593
chr13_pat	10500000	10600000	0.0386617
chr13_pat	10600000	10700000	0.0403687
chr13_pat	10700000	10800000	0.0279493
chr13_pat	10800000	10900000	0.0434833
chr13_pat	10900000	11000000	0.0165197
chr13_pat	11000000	11100000	0.0204968
chr13_pat	11100000	11200000	0.0185445
chr13_pat	11200000	11300000	0.0243147
chr13_pat	11300000	11400000	0.0185828
chr13_pat	11400000	11500000	0.0181417
chr13_pat	11500000	11600000	0.0200129
chr13_pat	11600000	11700000	0.0191379
chr13_pat	11700000	11800000	0.0189096
chr13_pat	11800000	11900000	0.0187827
chr13_pat	11900000	12000000	0.0132685
chr13_pat	12000000	12100000	0.0185966
chr13_pat	12100000	12200000	0.0207353
chr13_pat	12200000	12300000	0.0252237
chr13_pat	12300000	12400000	0.0261266
chr13_pat	12400000	12500000	0.0200295
chr13_pat	12500000	12600000	0.0200084
chr13_pat	12600000	12700000	0.0200553
chr13_pat	12700000	12800000	0.0215432
chr13_pat	12800000	12900000	0.0209655
chr13_pat	12900000	13000000	0.0222654
chr13_pat	13000000	13100000	0.0236043
chr13_pat	13100000	13200000	0.02136
chr13_pat	13200000	13300000	0.0225486
chr13_pat	13300000	13400000	0.0228551
chr13_pat	13400000	13500000	0.0197924
chr13_pat	13500000	13600000	0.0228812
chr13_pat	13600000	13700000	0.0237309
chr13_pat	13700000	13800000	0.0158372
chr13_pat	13800000	13900000	0.0177516
chr13_pat	13900000	14000000	0.0204544
chr13_pat	14000000	14100000	0.0228028
chr13_pat	14100000	14200000	0.0213974
chr13_pat	14200000	14300000	0.0209648
chr13_pat	14300000	14400000	0.0185972
chr13_pat	14400000	14500000	0.0165648
chr13_pat	14500000	14600000	0.0185182
chr13_pat	14600000	14700000	0.0186763
chr13_pat	14700000	14800000	0.0120535
chr13_pat	14800000	14900000	0.0176616
chr13_pat	14900000	15000000	0.0187147
chr13_pat	15000000	15100000	0.0210791
chr13_pat	15100000	15200000	0.0198538
chr13_pat	15200000	15300000	0.0178563
chr13_pat	15300000	15400000	0.0145809
chr13_pat	15400000	15500000	0.0119165
chr13_pat	15500000	15600000	0.0185701
chr13_pat	15600000	15700000	0.0211604
chr13_pat	15700000	15800000	0.0242829
chr13_pat	15800000	15900000	0.0280302
chr13_pat	15900000	16000000	0.0145573
chr13_pat	16000000	16100000	0.0214464
chr13_pat	16100000	16200000	0.0243507
chr13_pat	16200000	16300000	0.0211682
chr13_pat	16300000	16400000	0.0218423
chr13_pat	16400000	16500000	0.0291738
chr13_pat	16500000	16600000	0.027215
chr13_pat	16600000	16700000	0.012506
chr13_pat	16700000	16800000	
chr13_pat	16800000	16900000	
chr13_pat	16900000	17000000	0.020746
chr13_pat	17000000	17100000	0.0137358
chr13_pat	17100000	17200000	0.0136205
chr13_pat	17200000	17300000	0.0236756
chr13_pat	17300000	17400000	0.023907
chr13_pat	17400000	17500000	0.0198342
chr13_pat	17500000	17600000	0.020657
chr13_pat	17600000	17700000	0.0435834
chr13_pat	17700000	17800000	0.0440737
chr13_pat	17800000	17900000	0.0337381
chr13_pat	17900000	18000000	0.0708746
chr13_pat	18000000	18100000	
chr13_pat	18100000	18200000	0.0667228
chr13_pat	18200000	18300000	
chr13_pat	18300000	18400000	
chr13_pat	18400000	18500000	
chr13_pat	18500000	18600000	
chr13_pat	18600000	18700000	
chr13_pat	18700000	18800000	
chr13_pat	18800000	18838779	
chr14_pat	0	100000	
chr14_pat	100000	200000	
chr14_pat	200000	300000	
chr14_pat	300000	400000	0.0432125
chr14_pat	400000	500000	0.0284614
chr14_pat	500000	600000	0.03012
chr14_pat	600000	700000	0.0322807
chr14_pat	700000	800000	0.0186695
chr14_pat	800000	900000	0.0271364
chr14_pat	900000	1000000	0.0249424
chr14_pat	1000000	1100000	0.0224909
chr14_pat	1100000	1200000	0.0227539
chr14_pat	1200000	1300000	0.0295991
chr14_pat	1300000	1400000	0.0242086
chr14_pat	1400000	1500000	0.0209962
chr14_pat	1500000	1600000	0.0289379
chr14_pat	1600000	1700000	0.0282121
chr14_pat	1700000	1800000	0.0306518
chr14_pat	1800000	1900000	0.0249907
chr14_pat	1900000	2000000	0.0308258
chr14_pat	2000000	2100000	0.0327854
chr14_pat	2100000	2200000	0.03212
chr14_pat	2200000	2300000	0.0350013
chr14_pat	2300000	2400000	0.0376825
chr14_pat	2400000	2500000	0.0461703
chr14_pat	2500000	2600000	0.0286583
chr14_pat	2600000	2700000	0.0208274
chr14_pat	2700000	2800000	0.028471
chr14_pat	2800000	2900000	0.0219053
chr14_pat	2900000	3000000	0.0217943
chr14_pat	3000000	3100000	0.0500957
chr14_pat	3100000	3200000	
chr14_pat	3200000	3300000	0.0456238
chr14_pat	3300000	3400000	0.0339659
chr14_pat	3400000	3500000	0.0290299
chr14_pat	3500000	3600000	0.0244131
chr14_pat	3600000	3700000	0.0214528
chr14_pat	3700000	3800000	0.0204591
chr14_pat	3800000	3900000	0.0324323
chr14_pat	3900000	4000000	0.0347073
chr14_pat	4000000	4100000	0.0223907
chr14_pat	4100000	4200000	0.0261863
chr14_pat	4200000	4300000	0.0245687
chr14_pat	4300000	4400000	0.0244706
chr14_pat	4400000	4500000	0.031048
chr14_pat	4500000	4600000	0.0279112
chr14_pat	4600000	4700000	0.0278442
chr14_pat	4700000	4800000	0.0236446
chr14_pat	4800000	4900000	0.0225201
chr14_pat	4900000	5000000	0.0214646
chr14_pat	5000000	5100000	0.0207973
chr14_pat	5100000	5200000	0.0212689
chr14_pat	5200000	5300000	0.0176916
chr14_pat	5300000	5400000	0.0177319
chr14_pat	5400000	5500000	0.0188744
chr14_pat	5500000	5600000	0.0189175
chr14_pat	5600000	5700000	0.0126562
chr14_pat	5700000	5800000	0.0278884
chr14_pat	5800000	5900000	0.0283642
chr14_pat	5900000	6000000	0.0164485
chr14_pat	6000000	6100000	0.0141287
chr14_pat	6100000	6200000	0.0225086
chr14_pat	6200000	6300000	0.0223307
chr14_pat	6300000	6400000	0.0172711
chr14_pat	6400000	6500000	0.0185734
chr14_pat	6500000	6600000	0.0173753
chr14_pat	6600000	6700000	0.020065
chr14_pat	6700000	6800000	0.0165489
chr14_pat	6800000	6900000	0.0192035
chr14_pat	6900000	7000000	0.0210489
chr14_pat	7000000	7100000	0.0225079
chr14_pat	7100000	7200000	0.0314683
chr14_pat	7200000	7300000	0.0221204
chr14_pat	7300000	7400000	0.0249927
chr14_pat	7400000	7500000	0.0205031
chr14_pat	7500000	7600000	0.0312094
chr14_pat	7600000	7700000	0.0295963
chr14_pat	7700000	7800000	0.0275611
chr14_pat	7800000	7900000	0.0327644
chr14_pat	7900000	8000000	0.0504041
chr14_pat	8000000	8100000	0.022664
chr14_pat	8100000	8200000	0.0558951
chr14_pat	8200000	8300000	0.0223059
chr14_pat	8300000	8400000	0.0208547
chr14_pat	8400000	8500000	0.0196506
chr14_pat	8500000	8600000	0.0187379
chr14_pat	8600000	8700000	0.0124923
chr14_pat	8700000	8800000	0.0125902
chr14_pat	8800000	8900000	0.0141751
chr14_pat	8900000	9000000	0.0121198
chr14_pat	9000000	9100000	0.0141371
chr14_pat	9100000	9200000	0.0177428
chr14_pat	9200000	9300000	0.0187646
chr14_pat	9300000	9400000	0.0208537
chr14_pat	9400000	9500000	0.0205222
chr14_pat	9500000	9600000	0.019849
chr14_pat	9600000	9700000	0.0159486
chr14_pat	9700000	9800000	0.013247
chr14_pat	9800000	9900000	0.0127095
chr14_pat	9900000	10000000	0.0178993
chr14_pat	10000000	10100000	0.0178887
chr14_pat	10100000	10200000	0.0144137
chr14_pat	10200000	10300000	0.0147854
chr14_pat	10300000	10400000	0.017072
chr14_pat	10400000	10500000	0.0199767
chr14_pat	10500000	10600000	0.0181516
chr14_pat	10600000	10700000	0.0175982
chr14_pat	10700000	10800000	0.0187972
chr14_pat	10800000	10900000	0.0181349
chr14_pat	10900000	11000000	0.0126478
chr14_pat	11000000	11100000	0.012011
chr14_pat	11100000	11200000	0.0161578
chr14_pat	11200000	11300000	0.0178704
chr14_pat	11300000	11400000	0.0200386
chr14_pat	11400000	11500000	0.0216441
chr14_pat	11500000	11600000	0.0186536
chr14_pat	11600000	11700000	0.0178722
chr14_pat	11700000	11800000	0.0189414
chr14_pat	11800000	11900000	0.0188606
chr14_pat	11900000	12000000	0.02043
chr14_pat	12000000	12100000	0.0182488
chr14_pat	12100000	12200000	0.0200934
chr14_pat	12200000	12300000	0.0200652
chr14_pat	12300000	12400000	0.0195605
chr14_pat	12400000	12500000	0.0167332
chr14_pat	12500000	12600000	0.0185291
chr14_pat	12600000	12700000	0.0184756
chr14_pat	12700000	12800000	0.0206238
chr14_pat	12800000	12900000	0.0194224
chr14_pat	12900000	13000000	0.021318
chr14_pat	13000000	13100000	0.0207434
chr14_pat	13100000	13200000	0.0252999
chr14_pat	13200000	13300000	0.0158446
chr14_pat	13300000	13400000	0.0142953
chr14_pat	13400000	13500000	0.0131635
chr14_pat	13500000	13600000	0.0158492
chr14_pat	13600000	13700000	0.0109862
chr14_pat	13700000	13800000	0.0127699
chr14_pat	13800000	13900000	0.0150539
chr14_pat	13900000	14000000	0.0142052
chr14_pat	14000000	14100000	0.0148757
chr14_pat	14100000	14200000	0.0168447
chr14_pat	14200000	14300000	0.012861
chr14_pat	14300000	14400000	0.0176026
chr14_pat	14400000	14500000	0.0127191
chr14_pat	14500000	14600000	0.0173576
chr14_pat	14600000	14700000	0.0153628
chr14_pat	14700000	14800000	0.0137905
chr14_pat	14800000	14900000	0.0155051
chr14_pat	14900000	15000000	0.0130709
chr14_pat	15000000	15100000	0.0166586
chr14_pat	15100000	15200000	0.0125983
chr14_pat	15200000	15300000	0.0153731
chr14_pat	15300000	15400000	0.017221
chr14_pat	15400000	15500000	0.0242221
chr14_pat	15500000	15600000	
chr14_pat	15600000	15700000	
chr14_pat	15700000	15800000	
chr14_pat	15800000	15900000	0.0454492
chr14_pat	15900000	16000000	0.0623253
chr14_pat	16000000	16100000	0.0776229
chr14_pat	16100000	16200000	
chr14_pat	16200000	16300000	
chr14_pat	16300000	16369598	
chr15_pat	0	100000	
chr15_pat	100000	200000	0.0718795
chr15_pat	200000	300000	0.0660117
chr15_pat	300000	400000	0.0675536
chr15_pat	400000	500000	0.0597522
chr15_pat	500000	600000	
chr15_pat	600000	700000	0.0492179
chr15_pat	700000	800000	0.0280093
chr15_pat	800000	900000	0.023594
chr15_pat	900000	1000000	0.020226
chr15_pat	1000000	1100000	0.0187269
chr15_pat	1100000	1200000	0.0148499
chr15_pat	1200000	1300000	0.012935
chr15_pat	1300000	1400000	0.0147117
chr15_pat	1400000	1500000	0.0160745
chr15_pat	1500000	1600000	0.0113395
chr15_pat	1600000	1700000	0.0126358
chr15_pat	1700000	1800000	0.0165168
chr15_pat	1800000	1900000	0.0188615
chr15_pat	1900000	2000000	0.0157573
chr15_pat	2000000	2100000	0.0166696
chr15_pat	2100000	2200000	0.0118415
chr15_pat	2200000	2300000	0.0168461
chr15_pat	2300000	2400000	0.0157423
chr15_pat	2400000	2500000	0.0153387
chr15_pat	2500000	2600000	0.0155188
chr15_pat	2600000	2700000	0.0164995
chr15_pat	2700000	2800000	0.0186563
chr15_pat	2800000	2900000	0.0217302
chr15_pat	2900000	3000000	0.0210694
chr15_pat	3000000	3100000	0.0156152
chr15_pat	3100000	3200000	0.0113927
chr15_pat	3200000	3300000	0.0166554
chr15_pat	3300000	3400000	0.0123786
chr15_pat	3400000	3500000	0.0150063
chr15_pat	3500000	3600000	0.0146998
chr15_pat	3600000	3700000	0.0144418
chr15_pat	3700000	3800000	0.0151246
chr15_pat	3800000	3900000	0.0168411
chr15_pat	3900000	4000000	0.0193111
chr15_pat	4000000	4100000	0.0131013
chr15_pat	4100000	4200000	0.0115267
chr15_pat	4200000	4300000	0.0156143
chr15_pat	4300000	4400000	0.0193936
chr15_pat	4400000	4500000	0.0186539
chr15_pat	4500000	4600000	0.0210978
chr15_pat	4600000	4700000	0.0241337
chr15_pat	4700000	4800000	0.0243135
chr15_pat	4800000	4900000	0.024312
chr15_pat	4900000	5000000	0.0301124
chr15_pat	5000000	5100000	0.0287258
chr15_pat	5100000	5200000	0.0141275
chr15_pat	5200000	5300000	0.0154766
chr15_pat	5300000	5400000	0.021797
chr15_pat	5400000	5500000	0.0127894
chr15_pat	5500000	5600000	0.0142125
chr15_pat	5600000	5700000	0.0185701
chr15_pat	5700000	5800000	0.0197107
chr15_pat	5800000	5900000	0.0167481
chr15_pat	5900000	6000000	0.0181162
chr15_pat	6000000	6100000	0.0137657
chr15_pat	6100000	6200000	0.0147171
chr15_pat	6200000	6300000	0.0125839
chr15_pat	6300000	6400000	0.0163363
chr15_pat	6400000	6500000	0.0235227
chr15_pat	6500000	6600000	0.0190271
chr15_pat	6600000	6700000	0.0221532
chr15_pat	6700000	6800000	0.0224814
chr15_pat	6800000	6900000	0.0178496
chr15_pat	6900000	7000000	0.012805
chr15_pat	7000000	7100000	0.0147035
chr15_pat	7100000	7200000	0.0131636
chr15_pat	7200000	7300000	0.0202863
chr15_pat	7300000	7400000	0.0232701
chr15_pat	7400000	7500000	0.0259305
chr15_pat	7500000	7600000	0.0201626
chr15_pat	7600000	7700000	0.020252
chr15_pat	7700000	7800000	0.0241046
chr15_pat	7800000	7900000	0.0217197
chr15_pat	7900000	8000000	0.022645
chr15_pat	8000000	8100000	0.0206954
chr15_pat	8100000	8200000	0.0206215
chr15_pat	8200000	8300000	0.0214131
chr15_pat	8300000	8400000	0.0155995
chr15_pat	8400000	8500000	0.0124542
chr15_pat	8500000	8600000	0.0151351
chr15_pat	8600000	8700000	0.0132559
chr15_pat	8700000	8800000	0.0188303
chr15_pat	8800000	8900000	0.019682
chr15_pat	8900000	9000000	0.0246168
chr15_pat	9000000	9100000	0.0284605
chr15_pat	9100000	9200000	0.0235145
chr15_pat	9200000	9300000	0.0149339
chr15_pat	9300000	9400000	0.0205308
chr15_pat	9400000	9500000	0.0170975
chr15_pat	9500000	9600000	0.0132649
chr15_pat	9600000	9700000	0.0149345
chr15_pat	9700000	9800000	0.018334
chr15_pat	9800000	9900000	0.0172821
chr15_pat	9900000	10000000	0.0117391
chr15_pat	10000000	10100000	0.0108073
chr15_pat	10100000	10200000	0.0151285
chr15_pat	10200000	10300000	0.0130396
chr15_pat	10300000	10400000	0.0119605
chr15_pat	10400000	10500000	0.0145999
chr15_pat	10500000	10600000	0.0191702
chr15_pat	10600000	10700000	0.0113263
chr15_pat	10700000	10800000	0.012899
chr15_pat	10800000	10900000	0.0160202
chr15_pat	10900000	11000000	0.0152134
chr15_pat	11000000	11100000	0.022687
chr15_pat	11100000	11200000	0.0186874
chr15_pat	11200000	11300000	0.0199696
chr15_pat	11300000	11400000	0.015763
chr15_pat	11400000	11500000	0.0153867
chr15_pat	11500000	11600000	0.0143905
chr15_pat	11600000	11700000	0.0121501
chr15_pat	11700000	11800000	0.0137338
chr15_pat	11800000	11900000	0.0215081
chr15_pat	11900000	12000000	0.0229641
chr15_pat	12000000	12100000	0.0224083
chr15_pat	12100000	12200000	0.0219469
chr15_pat	12200000	12300000	0.0147707
chr15_pat	12300000	12400000	0.0214018
chr15_pat	12400000	12500000	0.0212487
chr15_pat	12500000	12600000	0.0155428
chr15_pat	12600000	12700000	0.0202308
chr15_pat	12700000	12800000	0.019908
chr15_pat	12800000	12900000	0.0182507
chr15_pat	12900000	13000000	0.0156787
chr15_pat	13000000	13100000	0.0180409
chr15_pat	13100000	13200000	0.0212379
chr15_pat	13200000	13300000	0.0255875
chr15_pat	13300000	13400000	0.0257727
chr15_pat	13400000	13500000	0.0175243
chr15_pat	13500000	13600000	0.0394675
chr15_pat	13600000	13700000	0.0599912
chr15_pat	13700000	13800000	
chr15_pat	13800000	13859831	
chr16_pat	0	100000	
chr16_pat	100000	200000	
chr16_pat	200000	300000	0.195126
chr16_pat	300000	400000	
chr16_pat	400000	500000	
chr16_pat	500000	600000	0.229987
chr16_pat	600000	700000	0.0973137
chr16_pat	700000	800000	0.0225254
chr16_pat	800000	900000	0.0430582
chr16_pat	900000	1000000	
chr16_pat	1000000	1100000	0.0574017
chr16_pat	1100000	1200000	0.0227763
chr16_pat	1200000	1300000	0.0160961
chr16_pat	1300000	1400000	0.0159295
chr16_pat	1400000	1500000	0.0199125
chr16_pat	1500000	1600000	0.018412
chr16_pat	1600000	1700000	0.0202182
chr16_pat	1700000	1800000	0.015632
chr16_pat	1800000	1900000	0.0220128
chr16_pat	1900000	2000000	0.0173868
chr16_pat	2000000	2100000	0.034382
chr16_pat	2100000	2200000	0.0449368
chr16_pat	2200000	2300000	0.0773267
chr16_pat	2300000	2400000	0.131523
chr16_pat	2400000	2500000	0.0528843
chr16_pat	2500000	2600000	0.184897
chr16_pat	2600000	2700000	0.0607111
chr16_pat	2700000	2800000	0.0460032
chr16_pat	2800000	2900000	0.0428856
chr16_pat	2900000	3000000	0.0495585
chr16_pat	3000000	3100000	0.0501517
chr16_pat	3100000	3200000	0.0467903
chr16_pat	3200000	3300000	0.046119
chr16_pat	3300000	3400000	0.0396522
chr16_pat	3400000	3500000	0.0431812
chr16_pat	3500000	3600000	0.072954
chr16_pat	3600000	3700000	0.0532677
chr16_pat	3700000	3800000	0.0499681
chr16_pat	3800000	3900000	0.0441687
chr16_pat	3900000	4000000	0.0843805
chr16_pat	4000000	4100000	0.176459
chr16_pat	4100000	4200000	0.109773
chr16_pat	4200000	4300000	0.12917
chr16_pat	4300000	4400000	0.287621
chr16_pat	4400000	4500000	
chr16_pat	4500000	4600000	
chr16_pat	4600000	4700000	
chr16_pat	4700000	4800000	
chr16_pat	4800000	4801875	
chr17_pat	0	100000	
chr17_pat	100000	200000	
chr17_pat	200000	300000	
chr17_pat	300000	400000	
chr17_pat	400000	500000	
chr17_pat	500000	600000	
chr17_pat	600000	700000	
chr17_pat	700000	800000	
chr17_pat	800000	900000	0.0566527
chr17_pat	900000	1000000	0.0297139
chr17_pat	1000000	1100000	0.0188521
chr17_pat	1100000	1200000	0.0165746
chr17_pat	1200000	1300000	0.0202554
chr17_pat	1300000	1400000	0.0188203
chr17_pat	1400000	1500000	0.0162032
chr17_pat	1500000	1600000	0.0117793
chr17_pat	1600000	1700000	0.0113692
chr17_pat	1700000	1800000	0.0151969
chr17_pat	1800000	1900000	0.018888
chr17_pat	1900000	2000000	0.0173842
chr17_pat	2000000	2100000	0.0152859
chr17_pat	2100000	2200000	0.015493
chr17_pat	2200000	2300000	0.0175412
chr17_pat	2300000	2400000	0.0219885
chr17_pat	2400000	2500000	0.0753416
chr17_pat	2500000	2600000	0.0205522
chr17_pat	2600000	2700000	0.0191819
chr17_pat	2700000	2800000	0.0166275
chr17_pat	2800000	2900000	0.0149689
chr17_pat	2900000	3000000	0.0185849
chr17_pat	3000000	3100000	0.0202475
chr17_pat	3100000	3200000	0.0189645
chr17_pat	3200000	3300000	0.0191538
chr17_pat	3300000	3400000	0.0238516
chr17_pat	3400000	3500000	0.0251102
chr17_pat	3500000	3600000	0.0249849
chr17_pat	3600000	3700000	0.0244072
chr17_pat	3700000	3800000	0.02027
chr17_pat	3800000	3900000	0.0213936
chr17_pat	3900000	4000000	0.02323
chr17_pat	4000000	4100000	0.0203754
chr17_pat	4100000	4200000	0.0209237
chr17_pat	4200000	4300000	0.0207963
chr17_pat	4300000	4400000	0.0181724
chr17_pat	4400000	4500000	0.0210992
chr17_pat	4500000	4600000	0.0222011
chr17_pat	4600000	4700000	0.0221608
chr17_pat	4700000	4800000	0.0220135
chr17_pat	4800000	4900000	0.0248805
chr17_pat	4900000	5000000	0.021889
chr17_pat	5000000	5100000	0.02237
chr17_pat	5100000	5200000	0.0143298
chr17_pat	5200000	5300000	0.0198363
chr17_pat	5300000	5400000	0.0231271
chr17_pat	5400000	5500000	0.015568
chr17_pat	5500000	5600000	0.0158462
chr17_pat	5600000	5700000	0.0144559
chr17_pat	5700000	5800000	0.0184428
chr17_pat	5800000	5900000	0.0134488
chr17_pat	5900000	6000000	0.0130464
chr17_pat	6000000	6100000	0.01442
chr17_pat	6100000	6200000	0.0147146
chr17_pat	6200000	6300000	0.0220082
chr17_pat	6300000	6400000	0.012962
chr17_pat	6400000	6500000	0.0197702
chr17_pat	6500000	6600000	0.0164184
chr17_pat	6600000	6700000	0.0173985
chr17_pat	6700000	6800000	0.0145495
chr17_pat	6800000	6900000	0.0170524
chr17_pat	6900000	7000000	0.0123542
chr17_pat	7000000	7100000	0.0185132
chr17_pat	7100000	7200000	0.0202688
chr17_pat	7200000	7300000	0.0222513
chr17_pat	7300000	7400000	0.019686
chr17_pat	7400000	7500000	0.0155931
chr17_pat	7500000	7600000	0.0136292
chr17_pat	7600000	7700000	0.0131251
chr17_pat	7700000	7800000	0.0158636
chr17_pat	7800000	7900000	0.0220837
chr17_pat	7900000	8000000	0.0220426
chr17_pat	8000000	8100000	0.0141765
chr17_pat	8100000	8200000	0.0186524
chr17_pat	8200000	8300000	0.0166491
chr17_pat	8300000	8400000	0.0210587
chr17_pat	8400000	8500000	0.0203947
chr17_pat	8500000	8600000	0.0215011
chr17_pat	8600000	8700000	0.0162301
chr17_pat	8700000	8800000	0.0228132
chr17_pat	8800000	8900000	0.0115602
chr17_pat	8900000	9000000	0.0199342
chr17_pat	9000000	9100000	0.0181048
chr17_pat	9100000	9200000	0.0175618
chr17_pat	9200000	9300000	0.0198978
chr17_pat	9300000	9400000	0.0147978
chr17_pat	9400000	9500000	0.0179628
chr17_pat	9500000	9600000	0.0209094
chr17_pat	9600000	9700000	0.0225049
chr17_pat	9700000	9800000	0.0189151
chr17_pat	9800000	9900000	0.0160583
chr17_pat	9900000	10000000	0.0202714
chr17_pat	10000000	10100000	0.0234565
chr17_pat	10100000	10200000	0.0234957
chr17_pat	10200000	10300000	0.0290894
chr17_pat	10300000	10400000	0.0168585
chr17_pat	10400000	10500000	0.0233641
chr17_pat	10500000	10600000	0.0164373
chr17_pat	10600000	10700000	0.0190267
chr17_pat	10700000	10800000	0.0264984
chr17_pat	10800000	10900000	0.0351753
chr17_pat	10900000	11000000	0.0243667
chr17_pat	11000000	11100000	0.0507582
chr17_pat	11100000	11200000	
chr17_pat	11200000	11300000	
chr17_pat	11300000	11400000	
chr17_pat	11400000	11415815	
chr18_pat	0	100000	
chr18_pat	100000	200000	
chr18_pat	200000	300000	
chr18_pat	300000	400000	
chr18_pat	400000	500000	
chr18_pat	500000	600000	
chr18_pat	600000	700000	
chr18_pat	700000	800000	0.0380967
chr18_pat	800000	900000	0.0305636
chr18_pat	900000	1000000	0.027114
chr18_pat	1000000	1100000	0.0227572
chr18_pat	1100000	1200000	0.0213554
chr18_pat	1200000	1300000	0.0176237
chr18_pat	1300000	1400000	0.0141256
chr18_pat	1400000	1500000	0.0225599
chr18_pat	1500000	1600000	0.0174851
chr18_pat	1600000	1700000	0.0224525
chr18_pat	1700000	1800000	0.021499
chr18_pat	1800000	1900000	0.0229801
chr18_pat	1900000	2000000	0.0316249
chr18_pat	2000000	2100000	0.0267747
chr18_pat	2100000	2200000	0.0364214
chr18_pat	2200000	2300000	0.0238912
chr18_pat	2300000	2400000	0.0219031
chr18_pat	2400000	2500000	0.0235651
chr18_pat	2500000	2600000	0.0221412
chr18_pat	2600000	2700000	0.0186711
chr18_pat	2700000	2800000	0.0151989
chr18_pat	2800000	2900000	0.0136835
chr18_pat	2900000	3000000	0.0151896
chr18_pat	3000000	3100000	0.0220431
chr18_pat	3100000	3200000	0.0202533
chr18_pat	3200000	3300000	0.0185572
chr18_pat	3300000	3400000	0.021109
chr18_pat	3400000	3500000	0.0225054
chr18_pat	3500000	3600000	0.015845
chr18_pat	3600000	3700000	0.0173763
chr18_pat	3700000	3800000	0.0175906
chr18_pat	3800000	3900000	0.0154505
chr18_pat	3900000	4000000	0.0157136
chr18_pat	4000000	4100000	0.0150666
chr18_pat	4100000	4200000	0.0193044
chr18_pat	4200000	4300000	0.012867
chr18_pat	4300000	4400000	0.0176628
chr18_pat	4400000	4500000	0.021278
chr18_pat	4500000	4600000	0.0206807
chr18_pat	4600000	4700000	0.0206841
chr18_pat	4700000	4800000	0.0194622
chr18_pat	4800000	4900000	0.0245664
chr18_pat	4900000	5000000	0.0209203
chr18_pat	5000000	5100000	0.0196486
chr18_pat	5100000	5200000	0.0163559
chr18_pat	5200000	5300000	0.0195
chr18_pat	5300000	5400000	0.0191138
chr18_pat	5400000	5500000	0.0221002
chr18_pat	5500000	5600000	0.0187486
chr18_pat	5600000	5700000	0.0219455
chr18_pat	5700000	5800000	0.0213231
chr18_pat	5800000	5900000	0.0151197
chr18_pat	5900000	6000000	0.0195297
chr18_pat	6000000	6100000	0.0227933
chr18_pat	6100000	6200000	0.0206178
chr18_pat	6200000	6300000	0.017383
chr18_pat	6300000	6400000	0.0201151
chr18_pat	6400000	6500000	0.0213232
chr18_pat	6500000	6600000	0.0216866
chr18_pat	6600000	6700000	0.0214379
chr18_pat	6700000	6800000	0.017379
chr18_pat	6800000	6900000	0.0166088
chr18_pat	6900000	7000000	0.0125346
chr18_pat	7000000	7100000	0.0144043
chr18_pat	7100000	7200000	0.0182041
chr18_pat	7200000	7300000	0.0164762
chr18_pat	7300000	7400000	0.0166416
chr18_pat	7400000	7500000	0.0239002
chr18_pat	7500000	7600000	0.0192163
chr18_pat	7600000	7700000	0.0182013
chr18_pat	7700000	7800000	0.0124833
chr18_pat	7800000	7900000	0.0188674
chr18_pat	7900000	8000000	0.0142804
chr18_pat	8000000	8100000	0.0138679
chr18_pat	8100000	8200000	0.0158838
chr18_pat	8200000	8300000	0.0164551
chr18_pat	8300000	8400000	0.0178669
chr18_pat	8400000	8500000	0.0134834
chr18_pat	8500000	8600000	0.0152308
chr18_pat	8600000	8700000	0.0198903
chr18_pat	8700000	8800000	0.0207731
chr18_pat	8800000	8900000	0.016155
chr18_pat	8900000	9000000	0.0139339
chr18_pat	9000000	9100000	0.0173078
chr18_pat	9100000	9200000	0.0196237
chr18_pat	9200000	9300000	0.0197351
chr18_pat	9300000	9400000	0.0177594
chr18_pat	9400000	9500000	
chr18_pat	9500000	9600000	
chr18_pat	9600000	9700000	
chr18_pat	9700000	9800000	
chr18_pat	9800000	9900000	0.0313561
chr18_pat	9900000	10000000	0.022018
chr18_pat	10000000	10100000	0.0239773
chr18_pat	10100000	10200000	0.0226325
chr18_pat	10200000	10300000	0.022485
chr18_pat	10300000	10400000	0.0213471
chr18_pat	10400000	10500000	0.0182594
chr18_pat	10500000	10600000	0.0221179
chr18_pat	10600000	10700000	0.0246636
chr18_pat	10700000	10800000	0.0313018
chr18_pat	10800000	10900000	0.0380904
chr18_pat	10900000	11000000	0.0512744
chr18_pat	11000000	11100000	
chr18_pat	11100000	11200000	
chr18_pat	11200000	11267241	
chr19_pat	0	100000	
chr19_pat	100000	200000	
chr19_pat	200000	300000	
chr19_pat	300000	400000	
chr19_pat	400000	500000	
chr19_pat	500000	600000	
chr19_pat	600000	700000	
chr19_pat	700000	800000	
chr19_pat	800000	900000	
chr19_pat	900000	1000000	
chr19_pat	1000000	1100000	
chr19_pat	1100000	1200000	
chr19_pat	1200000	1300000	
chr19_pat	1300000	1400000	
chr19_pat	1400000	1500000	
chr19_pat	1500000	1600000	
chr19_pat	1600000	1700000	
chr19_pat	1700000	1800000	
chr19_pat	1800000	1900000	
chr19_pat	1900000	2000000	
chr19_pat	2000000	2100000	
chr19_pat	2100000	2200000	
chr19_pat	2200000	2300000	
chr19_pat	2300000	2400000	
chr19_pat	2400000	2500000	
chr19_pat	2500000	2600000	
chr19_pat	2600000	2700000	
chr19_pat	2700000	2800000	
chr19_pat	2800000	2900000	
chr19_pat	2900000	3000000	
chr19_pat	3000000	3100000	
chr19_pat	3100000	3200000	
chr19_pat	3200000	3300000	
chr19_pat	3300000	3400000	
chr19_pat	3400000	3500000	
chr19_pat	3500000	3600000	
chr19_pat	3600000	3700000	
chr19_pat	3700000	3800000	
chr19_pat	3800000	3900000	
chr19_pat	3900000	4000000	
chr19_pat	4000000	4100000	
chr19_pat	4100000	4200000	
chr19_pat	4200000	4300000	
chr19_pat	4300000	4400000	
chr19_pat	4400000	4500000	
chr19_pat	4500000	4600000	
chr19_pat	4600000	4700000	
chr19_pat	4700000	4800000	
chr19_pat	4800000	4900000	
chr19_pat	4900000	5000000	
chr19_pat	5000000	5100000	
chr19_pat	5100000	5200000	
chr19_pat	5200000	5300000	
chr19_pat	5300000	5400000	
chr19_pat	5400000	5500000	
chr19_pat	5500000	5600000	0.0615176
chr19_pat	5600000	5700000	0.0190074
chr19_pat	5700000	5800000	0.0154275
chr19_pat	5800000	5900000	0.018418
chr19_pat	5900000	6000000	0.0189698
chr19_pat	6000000	6100000	0.0155004
chr19_pat	6100000	6200000	0.0154765
chr19_pat	6200000	6300000	0.0239442
chr19_pat	6300000	6400000	0.0208649
chr19_pat	6400000	6500000	0.0236201
chr19_pat	6500000	6600000	0.0232501
chr19_pat	6600000	6700000	0.0220118
chr19_pat	6700000	6800000	0.0245586
chr19_pat	6800000	6900000	0.0167445
chr19_pat	6900000	7000000	0.0138394
chr19_pat	7000000	7100000	0.0209294
chr19_pat	7100000	7200000	0.0177541
chr19_pat	7200000	7300000	0.0133434
chr19_pat	7300000	7400000	0.0178281
chr19_pat	7400000	7500000	0.0204658
chr19_pat	7500000	7600000	0.0146237
chr19_pat	7600000	7700000	0.0188461
chr19_pat	7700000	7800000	0.0178484
chr19_pat	7800000	7900000	0.0177231
chr19_pat	7900000	8000000	0.014811
chr19_pat	8000000	8100000	0.0190842
chr19_pat	8100000	8200000	0.0212745
chr19_pat	8200000	8300000	0.0217029
chr19_pat	8300000	8400000	0.0327587
chr19_pat	8400000	8500000	0.0188236
chr19_pat	8500000	8600000	0.0191606
chr19_pat	8600000	8700000	0.0193556
chr19_pat	8700000	8800000	0.0237829
chr19_pat	8800000	8900000	0.0238136
chr19_pat	8900000	9000000	0.023348
chr19_pat	9000000	9100000	0.02349
chr19_pat	9100000	9200000	0.0218955
chr19_pat	9200000	9300000	0.0218139
chr19_pat	9300000	9400000	0.0223734
chr19_pat	9400000	9500000	0.0240382
chr19_pat	9500000	9600000	0.0254086
chr19_pat	9600000	9700000	0.0253848
chr19_pat	9700000	9800000	0.0238071
chr19_pat	9800000	9900000	0.0233451
chr19_pat	9900000	10000000	0.0226947
chr19_pat	10000000	10100000	0.0184109
chr19_pat	10100000	10200000	0.0207622
chr19_pat	10200000	10300000	0.022611
chr19_pat	10300000	10400000	0.0249627
chr19_pat	10400000	10500000	
chr19_pat	10500000	10600000	
chr19_pat	10600000	10700000	
chr19_pat	10700000	10800000	
chr19_pat	10800000	10900000	
chr19_pat	10900000	11000000	
chr19_pat	11000000	11100000	
chr19_pat	11100000	11183127	
chr20_pat	0	100000	
chr20_pat	100000	200000	
chr20_pat	200000	300000	
chr20_pat	300000	400000	
chr20_pat	400000	500000	
chr20_pat	500000	600000	
chr20_pat	600000	700000	
chr20_pat	700000	800000	0.0854384
chr20_pat	800000	900000	0.042795
chr20_pat	900000	1000000	0.0228166
chr20_pat	1000000	1100000	0.0165218
chr20_pat	1100000	1200000	0.0193998
chr20_pat	1200000	1300000	0.0221424
chr20_pat	1300000	1400000	0.0242238
chr20_pat	1400000	1500000	0.0209337
chr20_pat	1500000	1600000	
chr20_pat	1600000	1700000	
chr20_pat	1700000	1800000	
chr20_pat	1800000	1900000	
chr20_pat	1900000	2000000	0.0526048
chr20_pat	2000000	2100000	0.0123649
chr20_pat	2100000	2200000	0.0157034
chr20_pat	2200000	2300000	0.0152787
chr20_pat	2300000	2400000	0.0186072
chr20_pat	2400000	2500000	0.0189709
chr20_pat	2500000	2600000	0.0205069
chr20_pat	2600000	2700000	0.0212085
chr20_pat	2700000	2800000	0.0230814
chr20_pat	2800000	2900000	0.0195843
chr20_pat	2900000	3000000	0.0120093
chr20_pat	3000000	3100000	0.0153662
chr20_pat	3100000	3200000	0.0174687
chr20_pat	3200000	3300000	0.0198333
chr20_pat	3300000	3400000	0.0210336
chr20_pat	3400000	3500000	0.0151615
chr20_pat	3500000	3600000	0.0118743
chr20_pat	3600000	3700000	0.0167742
chr20_pat	3700000	3800000	0.019514
chr20_pat	3800000	3900000	0.019222
chr20_pat	3900000	4000000	0.0189058
chr20_pat	4000000	4100000	0.017687
chr20_pat	4100000	4200000	0.0211151
chr20_pat	4200000	4300000	0.0221109
chr20_pat	4300000	4400000	0.022383
chr20_pat	4400000	4500000	0.0203859
chr20_pat	4500000	4600000	0.0188389
chr20_pat	4600000	4700000	0.0140669
chr20_pat	4700000	4800000	0.0176961
chr20_pat	4800000	4900000	0.0163314
chr20_pat	4900000	5000000	0.0155508
chr20_pat	5000000	5100000	0.0204264
chr20_pat	5100000	5200000	0.0220041
chr20_pat	5200000	5300000	0.0199824
chr20_pat	5300000	5400000	0.0193877
chr20_pat	5400000	5500000	0.0207347
chr20_pat	5500000	5600000	0.0203936
chr20_pat	5600000	5700000	0.0210298
chr20_pat	5700000	5800000	0.0246238
chr20_pat	5800000	5900000	0.0216231
chr20_pat	5900000	6000000	0.0129133
chr20_pat	6000000	6100000	0.0188708
chr20_pat	6100000	6200000	0.0185501
chr20_pat	6200000	6300000	0.0154015
chr20_pat	6300000	6400000	0.0169071
chr20_pat	6400000	6500000	0.0137195
chr20_pat	6500000	6600000	0.0226007
chr20_pat	6600000	6700000	0.0136045
chr20_pat	6700000	6800000	0.0151144
chr20_pat	6800000	6900000	0.0196282
chr20_pat	6900000	7000000	0.0236396
chr20_pat	7000000	7100000	0.0205137
chr20_pat	7100000	7200000	0.0161267
chr20_pat	7200000	7300000	0.0142982
chr20_pat	7300000	7400000	0.0267886
chr20_pat	7400000	7500000	
chr20_pat	7500000	7600000	
chr20_pat	7600000	7700000	
chr20_pat	7700000	7800000	
chr20_pat	7800000	7900000	0.0476733
chr20_pat	7900000	8000000	0.0256144
chr20_pat	8000000	8100000	0.0143184
chr20_pat	8100000	8200000	0.01411
chr20_pat	8200000	8300000	0.0172521
chr20_pat	8300000	8400000	0.0172061
chr20_pat	8400000	8500000	0.0180901
chr20_pat	8500000	8600000	0.0154613
chr20_pat	8600000	8700000	0.0151051
chr20_pat	8700000	8800000	0.0156156
chr20_pat	8800000	8900000	0.0155035
chr20_pat	8900000	9000000	0.0177505
chr20_pat	9000000	9100000	0.0220885
chr20_pat	9100000	9200000	0.0239587
chr20_pat	9200000	9300000	0.0147194
chr20_pat	9300000	9400000	0.0223201
chr20_pat	9400000	9500000	0.0205157
chr20_pat	9500000	9600000	0.0180291
chr20_pat	9600000	9700000	0.0178076
chr20_pat	9700000	9800000	0.0241442
chr20_pat	9800000	9900000	0.0208626
chr20_pat	9900000	10000000	0.0178796
chr20_pat	10000000	10100000	0.012219
chr20_pat	10100000	10200000	0.0156108
chr20_pat	10200000	10300000	0.0205138
chr20_pat	10300000	10400000	0.0249808
chr20_pat	10400000	10500000	0.0222751
chr20_pat	10500000	10600000	0.0129127
chr20_pat	10600000	10700000	0.0165412
chr20_pat	10700000	10800000	0.0150063
chr20_pat	10800000	10900000	0.0159409
chr20_pat	10900000	11000000	0.021929
chr20_pat	11000000	11100000	0.0216216
chr20_pat	11100000	11200000	0.0277285
chr20_pat	11200000	11300000	0.0213335
chr20_pat	11300000	11400000	0.0211352
chr20_pat	11400000	11500000	0.020912
chr20_pat	11500000	11600000	0.0187782
chr20_pat	11600000	11700000	0.0183445
chr20_pat	11700000	11800000	0.0193061
chr20_pat	11800000	11900000	0.0164225
chr20_pat	11900000	12000000	0.0123686
chr20_pat	12000000	12100000	0.0163945
chr20_pat	12100000	12200000	0.0166059
chr20_pat	12200000	12300000	0.0125708
chr20_pat	12300000	12400000	0.0188875
chr20_pat	12400000	12500000	0.0224236
chr20_pat	12500000	12600000	0.0198576
chr20_pat	12600000	12700000	0.0153086
chr20_pat	12700000	12800000	0.0146527
chr20_pat	12800000	12900000	0.0203548
chr20_pat	12900000	13000000	0.0202839
chr20_pat	13000000	13100000	0.0117473
chr20_pat	13100000	13200000	0.0124315
chr20_pat	13200000	13300000	0.0165976
chr20_pat	13300000	13400000	0.0153778
chr20_pat	13400000	13500000	0.0180545
chr20_pat	13500000	13600000	0.0204683
chr20_pat	13600000	13700000	0.0228392
chr20_pat	13700000	13800000	0.0235837
chr20_pat	13800000	13900000	0.0235312
chr20_pat	13900000	14000000	0.0193535
chr20_pat	14000000	14100000	0.0221609
chr20_pat	14100000	14200000	0.0213602
chr20_pat	14200000	14300000	0.021587
chr20_pat	14300000	14400000	0.0160815
chr20_pat	14400000	14500000	0.0125336
chr20_pat	14500000	14600000	0.0192629
chr20_pat	14600000	14700000	0.0167788
chr20_pat	14700000	14800000	0.0218387
chr20_pat	14800000	14900000	0.0285455
chr20_pat	14900000	15000000	0.0242177
chr20_pat	15000000	15100000	0.0451728
chr20_pat	15100000	15200000	0.0783073
chr20_pat	15200000	15300000	0.0732523
chr20_pat	15300000	15338504	
chr21_pat	0	100000	
chr21_pat	100000	200000	
chr21_pat	200000	300000	0.0256875
chr21_pat	300000	400000	0.0238461
chr21_pat	400000	500000	0.0218999
chr21_pat	500000	600000	0.02161
chr21_pat	600000	700000	0.0235427
chr21_pat	700000	800000	0.0204143
chr21_pat	800000	900000	0.0156247
chr21_pat	900000	1000000	0.0171982
chr21_pat	1000000	1100000	0.0152157
chr21_pat	1100000	1200000	0.0153478
chr21_pat	1200000	1300000	0.0235177
chr21_pat	1300000	1400000	0.0248278
chr21_pat	1400000	1500000	0.0196802
chr21_pat	1500000	1600000	0.0118946
chr21_pat	1600000	1700000	0.0143695
chr21_pat	1700000	1800000	0.0124676
chr21_pat	1800000	1900000	0.0136864
chr21_pat	1900000	2000000	0.0116818
chr21_pat	2000000	2100000	0.0151109
chr21_pat	2100000	2200000	0.0153235
chr21_pat	2200000	2300000	0.0203008
chr21_pat	2300000	2400000	0.017119
chr21_pat	2400000	2500000	0.0157269
chr21_pat	2500000	2600000	0.0157524
chr21_pat	2600000	2700000	0.0185717
chr21_pat	2700000	2800000	0.0176917
chr21_pat	2800000	2900000	0.0209872
chr21_pat	2900000	3000000	0.0183019
chr21_pat	3000000	3100000	0.0201507
chr21_pat	3100000	3200000	0.0140297
chr21_pat	3200000	3300000	0.0152209
chr21_pat	3300000	3400000	0.0230432
chr21_pat	3400000	3500000	0.0211923
chr21_pat	3500000	3600000	0.0178423
chr21_pat	3600000	3700000	0.0162316
chr21_pat	3700000	3800000	0.0213603
chr21_pat	3800000	3900000	0.0171012
chr21_pat	3900000	4000000	0.0179091
chr21_pat	4000000	4100000	0.0183969
chr21_pat	4100000	4200000	0.0183627
chr21_pat	4200000	4300000	0.0140819
chr21_pat	4300000	4400000	0.0176818
chr21_pat	4400000	4500000	0.0145608
chr21_pat	4500000	4600000	0.0113036
chr21_pat	4600000	4700000	0.012386
chr21_pat	4700000	4800000	0.0124888
chr21_pat	4800000	4900000	0.0255382
chr21_pat	4900000	5000000	
chr21_pat	5000000	5100000	0.0161551
chr21_pat	5100000	5200000	0.0166692
chr21_pat	5200000	5300000	0.0159045
chr21_pat	5300000	5400000	0.0146991
chr21_pat	5400000	5500000	0.0151433
chr21_pat	5500000	5600000	0.013685
chr21_pat	5600000	5700000	0.0156007
chr21_pat	5700000	5800000	0.0127517
chr21_pat	5800000	5900000	0.0114882
chr21_pat	5900000	6000000	0.00994691
chr21_pat	6000000	6100000	0.0127459
chr21_pat	6100000	6200000	0.0157152
chr21_pat	6200000	6300000	0.0234533
chr21_pat	6300000	6400000	0.0152827
chr21_pat	6400000	6500000	0.0142045
chr21_pat	6500000	6600000	0.0129103
chr21_pat	6600000	6700000	0.0144818
chr21_pat	6700000	6800000	0.0183637
chr21_pat	6800000	6900000	0.0154097
chr21_pat	6900000	7000000	0.0186139
chr21_pat	7000000	7100000	0.0213956
chr21_pat	7100000	7200000	0.0297718
chr21_pat	7200000	7300000	0.0652888
chr21_pat	7300000	7400000	
chr21_pat	7400000	7500000	
chr21_pat	7500000	7600000	
chr21_pat	7600000	7700000	
chr21_pat	7700000	7800000	
chr21_pat	7800000	7900000	
chr21_pat	7900000	7956264	
chr22_pat	0	100000	
chr22_pat	100000	200000	
chr22_pat	200000	300000	
chr22_pat	300000	400000	
chr22_pat	400000	500000	
chr22_pat	500000	600000	0.0883855
chr22_pat	600000	700000	0.0211283
chr22_pat	700000	800000	0.0180436
chr22_pat	800000	900000	0.0148345
chr22_pat	900000	1000000	0.0272633
chr22_pat	1000000	1100000	0.0278184
chr22_pat	1100000	1200000	0.0282028
chr22_pat	1200000	1300000	0.0331479
chr22_pat	1300000	1400000	0.025974
chr22_pat	1400000	1500000	0.02139
chr22_pat	1500000	1600000	0.0134929
chr22_pat	1600000	1700000	0.0163488
chr22_pat	1700000	1800000	0.0148637
chr22_pat	1800000	1900000	0.132886
chr22_pat	1900000	2000000	0.0210381
chr22_pat	2000000	2100000	0.0162236
chr22_pat	2100000	2200000	0.016835
chr22_pat	2200000	2300000	0.0161511
chr22_pat	2300000	2400000	0.0111455
chr22_pat	2400000	2500000	0.00915541
chr22_pat	2500000	2600000	0.016528
chr22_pat	2600000	2700000	0.0153732
chr22_pat	2700000	2800000	0.0147008
chr22_pat	2800000	2900000	0.0173891
chr22_pat	2900000	3000000	0.017447
chr22_pat	3000000	3100000	0.012293
chr22_pat	3100000	3200000	0.0161808
chr22_pat	3200000	3300000	
chr22_pat	3300000	3400000	
chr22_pat	3400000	3500000	
chr22_pat	3500000	3600000	
chr22_pat	3600000	3700000	
chr22_pat	3700000	3800000	
chr22_pat	3800000	3900000	
chr22_pat	3900000	4000000	
chr22_pat	4000000	4100000	
chr22_pat	4100000	4200000	
chr22_pat	4200000	4300000	0.0216543
chr22_pat	4300000	4400000	0.014937
chr22_pat	4400000	4500000	0.0161426
chr22_pat	4500000	4600000	0.0171064
chr22_pat	4600000	4700000	0.0204627
chr22_pat	4700000	4800000	0.0696825
chr22_pat	4800000	4900000	
chr22_pat	4900000	5000000	
chr22_pat	5000000	5100000	
chr22_pat	5100000	5200000	
chr22_pat	5200000	5300000	
chr22_pat	5300000	5320397	
chr23_pat	0	100000	
chr23_pat	100000	200000	
chr23_pat	200000	300000	
chr23_pat	300000	400000	
chr23_pat	400000	500000	
chr23_pat	500000	600000	0.0151872
chr23_pat	600000	700000	0.0200842
chr23_pat	700000	800000	0.0165114
chr23_pat	800000	900000	0.022556
chr23_pat	900000	1000000	0.0230876
chr23_pat	1000000	1100000	0.0230396
chr23_pat	1100000	1200000	0.0172427
chr23_pat	1200000	1300000	0.0279976
chr23_pat	1300000	1400000	
chr23_pat	1400000	1500000	0.0166801
chr23_pat	1500000	1600000	0.0168716
chr23_pat	1600000	1700000	0.0233607
chr23_pat	1700000	1800000	0.0162663
chr23_pat	1800000	1900000	0.0217414
chr23_pat	1900000	2000000	0.0187457
chr23_pat	2000000	2100000	0.0138587
chr23_pat	2100000	2200000	0.0135715
chr23_pat	2200000	2300000	0.0201202
chr23_pat	2300000	2400000	0.0119005
chr23_pat	2400000	2500000	0.0122791
chr23_pat	2500000	2600000	0.0187311
chr23_pat	2600000	2700000	0.0132541
chr23_pat	2700000	2800000	0.0178221
chr23_pat	2800000	2900000	0.0182463
chr23_pat	2900000	3000000	0.0110255
chr23_pat	3000000	3100000	0.0215098
chr23_pat	3100000	3200000	0.016691
chr23_pat	3200000	3300000	0.020325
chr23_pat	3300000	3400000	0.0151118
chr23_pat	3400000	3500000	0.0171244
chr23_pat	3500000	3600000	0.0191338
chr23_pat	3600000	3700000	0.0192102
chr23_pat	3700000	3800000	0.0155995
chr23_pat	3800000	3900000	0.0316047
chr23_pat	3900000	4000000	
chr23_pat	4000000	4100000	0.0217579
chr23_pat	4100000	4200000	0.0189423
chr23_pat	4200000	4300000	0.0281156
chr23_pat	4300000	4400000	0.015635
chr23_pat	4400000	4500000	0.015004
chr23_pat	4500000	4600000	0.0205532
chr23_pat	4600000	4700000	0.0173906
chr23_pat	4700000	4800000	0.0203348
chr23_pat	4800000	4900000	0.0265688
chr23_pat	4900000	5000000	0.0222832
chr23_pat	5000000	5100000	0.0193948
chr23_pat	5100000	5200000	0.0230787
chr23_pat	5200000	5300000	0.0227925
chr23_pat	5300000	5400000	0.0205152
chr23_pat	5400000	5500000	0.0194029
chr23_pat	5500000	5600000	0.0202338
chr23_pat	5600000	5700000	0.0170203
chr23_pat	5700000	5800000	0.013496
chr23_pat	5800000	5900000	0.0155086
chr23_pat	5900000	6000000	0.0173611
chr23_pat	6000000	6100000	0.0225161
chr23_pat	6100000	6200000	0.0323633
chr23_pat	6200000	6300000	0.0419014
chr23_pat	6300000	6400000	0.047555
chr23_pat	6400000	6500000	
chr23_pat	6500000	6600000	
chr23_pat	6600000	6700000	
chr23_pat	6700000	6800000	
chr23_pat	6800000	6900000	
chr23_pat	6900000	6983608	
chr24_pat	0	100000	
chr24_pat	100000	200000	
chr24_pat	200000	300000	
chr24_pat	300000	400000	
chr24_pat	400000	500000	
chr24_pat	500000	600000	
chr24_pat	600000	700000	0.0764984
chr24_pat	700000	800000	0.0367824
chr24_pat	800000	900000	0.0377907
chr24_pat	900000	1000000	0.0292056
chr24_pat	1000000	1100000	0.017439
chr24_pat	1100000	1200000	0.0182804
chr24_pat	1200000	1300000	0.017942
chr24_pat	1300000	1400000	0.0188034
chr24_pat	1400000	1500000	0.0181215
chr24_pat	1500000	1600000	0.022354
chr24_pat	1600000	1700000	0.0222665
chr24_pat	1700000	1800000	0.0217892
chr24_pat	1800000	1900000	0.0190006
chr24_pat	1900000	2000000	0.0136654
chr24_pat	2000000	2100000	0.0143551
chr24_pat	2100000	2200000	0.0138623
chr24_pat	2200000	2300000	0.0169238
chr24_pat	2300000	2400000	0.0226524
chr24_pat	2400000	2500000	0.0143192
chr24_pat	2500000	2600000	0.0205348
chr24_pat	2600000	2700000	0.015578
chr24_pat	2700000	2800000	0.0197133
chr24_pat	2800000	2900000	0.0209203
chr24_pat	2900000	3000000	0.022335
chr24_pat	3000000	3100000	0.0239467
chr24_pat	3100000	3200000	0.0277415
chr24_pat	3200000	3300000	0.0239606
chr24_pat	3300000	3400000	0.0263274
chr24_pat	3400000	3500000	0.0258302
chr24_pat	3500000	3600000	0.0255987
chr24_pat	3600000	3700000	0.0152753
chr24_pat	3700000	3800000	0.0198457
chr24_pat	3800000	3900000	0.0222983
chr24_pat	3900000	4000000	0.019953
chr24_pat	4000000	4100000	0.0184809
chr24_pat	4100000	4200000	0.0179743
chr24_pat	4200000	4300000	0.0164524
chr24_pat	4300000	4400000	0.0152517
chr24_pat	4400000	4500000	0.0159903
chr24_pat	4500000	4600000	0.0192689
chr24_pat	4600000	4700000	0.0199193
chr24_pat	4700000	4800000	0.019728
chr24_pat	4800000	4900000	0.0184961
chr24_pat	4900000	5000000	0.0168107
chr24_pat	5000000	5100000	0.0179836
chr24_pat	5100000	5200000	0.0187629
chr24_pat	5200000	5300000	0.0122007
chr24_pat	5300000	5400000	0.0203295
chr24_pat	5400000	5500000	0.0188848
chr24_pat	5500000	5600000	0.0192543
chr24_pat	5600000	5700000	0.0189829
chr24_pat	5700000	5800000	0.0198364
chr24_pat	5800000	5900000	0.0161304
chr24_pat	5900000	6000000	0.0184058
chr24_pat	6000000	6100000	0.0163476
chr24_pat	6100000	6200000	0.0134642
chr24_pat	6200000	6300000	0.0178004
chr24_pat	6300000	6400000	0.0205814
chr24_pat	6400000	6500000	0.0229468
chr24_pat	6500000	6600000	0.0244061
chr24_pat	6600000	6700000	0.0294606
chr24_pat	6700000	6800000	0.0195228
chr24_pat	6800000	6900000	0.015376
chr24_pat	6900000	7000000	0.0248572
chr24_pat	7000000	7100000	0.0313198
chr24_pat	7100000	7200000	0.0311511
chr24_pat	7200000	7300000	0.0232202
chr24_pat	7300000	7400000	0.0405158
chr24_pat	7400000	7500000	
chr24_pat	7500000	7600000	
chr24_pat	7600000	7700000	
chr24_pat	7700000	7800000	
chr24_pat	7800000	7804404	
chr25_pat	0	100000	
chr25_pat	100000	200000	
chr25_pat	200000	300000	
chr25_pat	300000	400000	
chr25_pat	400000	500000	
chr25_pat	500000	600000	0.103459
chr25_pat	600000	700000	0.0763949
chr25_pat	700000	800000	0.0457501
chr25_pat	800000	900000	0.0362847
chr25_pat	900000	1000000	0.0809364
chr25_pat	1000000	1100000	0.110285
chr25_pat	1100000	1200000	0.0920987
chr25_pat	1200000	1300000	0.0470597
chr25_pat	1300000	1400000	0.173572
chr25_pat	1400000	1500000	0.0749714
chr25_pat	1500000	1600000	0.095298
chr25_pat	1600000	1700000	0.0778813
chr25_pat	1700000	1800000	0.0872963
chr25_pat	1800000	1900000	0.0929426
chr25_pat	1900000	2000000	0.104483
chr25_pat	2000000	2100000	0.0565591
chr25_pat	2100000	2200000	0.139179
chr25_pat	2200000	2300000	0.0824726
chr25_pat	2300000	2400000	0.182471
chr25_pat	2400000	2500000	0.11141
chr25_pat	2500000	2600000	0.0641177
chr25_pat	2600000	2700000	0.0527201
chr25_pat	2700000	2800000	0.0596843
chr25_pat	2800000	2900000	0.119214
chr25_pat	2900000	3000000	0.0859911
chr25_pat	3000000	3100000	0.0678062
chr25_pat	3100000	3200000	0.086315
chr25_pat	3200000	3300000	0.112058
chr25_pat	3300000	3400000	0.135538
chr25_pat	3400000	3500000	0.0936213
chr25_pat	3500000	3600000	0.128579
chr25_pat	3600000	3700000	0.0387539
chr25_pat	3700000	3800000	0.0185965
chr25_pat	3800000	3900000	0.0158838
chr25_pat	3900000	4000000	0.0141643
chr25_pat	4000000	4100000	0.0145358
chr25_pat	4100000	4200000	0.0191601
chr25_pat	4200000	4300000	0.0242654
chr25_pat	4300000	4400000	0.0294554
chr25_pat	4400000	4500000	0.0135816
chr25_pat	4500000	4600000	0.0617232
chr25_pat	4600000	4700000	
chr25_pat	4700000	4800000	
chr25_pat	4800000	4900000	0.014309
chr25_pat	4900000	5000000	0.0121185
chr25_pat	5000000	5100000	0.0175179
chr25_pat	5100000	5200000	0.0188916
chr25_pat	5200000	5300000	0.0130984
chr25_pat	5300000	5400000	0.0207316
chr25_pat	5400000	5500000	0.0153252
chr25_pat	5500000	5600000	0.0160732
chr25_pat	5600000	5700000	0.0136974
chr25_pat	5700000	5800000	0.0140581
chr25_pat	5800000	5900000	0.0117563
chr25_pat	5900000	6000000	0.0168743
chr25_pat	6000000	6100000	0.0974813
chr25_pat	6100000	6200000	0.0319422
chr25_pat	6200000	6300000	0.0125548
chr25_pat	6300000	6400000	0.012467
chr25_pat	6400000	6500000	0.0147093
chr25_pat	6500000	6600000	0.0589165
chr25_pat	6600000	6700000	
chr25_pat	6700000	6800000	
chr25_pat	6800000	6891618	
chr26_pat	0	100000	
chr26_pat	100000	200000	
chr26_pat	200000	300000	
chr26_pat	300000	400000	
chr26_pat	400000	500000	
chr26_pat	500000	600000	
chr26_pat	600000	700000	
chr26_pat	700000	800000	0.026989
chr26_pat	800000	900000	0.0246418
chr26_pat	900000	1000000	0.0135553
chr26_pat	1000000	1100000	0.0146418
chr26_pat	1100000	1200000	0.0210189
chr26_pat	1200000	1300000	0.0129383
chr26_pat	1300000	1400000	0.0141474
chr26_pat	1400000	1500000	0.0169779
chr26_pat	1500000	1600000	0.0206676
chr26_pat	1600000	1700000	0.0144317
chr26_pat	1700000	1800000	0.0191707
chr26_pat	1800000	1900000	0.0146905
chr26_pat	1900000	2000000	0.0130515
chr26_pat	2000000	2100000	0.0189943
chr26_pat	2100000	2200000	0.021973
chr26_pat	2200000	2300000	0.0190847
chr26_pat	2300000	2400000	0.0227286
chr26_pat	2400000	2500000	0.0195634
chr26_pat	2500000	2600000	0.0128888
chr26_pat	2600000	2700000	0.0123197
chr26_pat	2700000	2800000	0.020175
chr26_pat	2800000	2900000	0.0149975
chr26_pat	2900000	3000000	0.0160203
chr26_pat	3000000	3100000	0.0204458
chr26_pat	3100000	3200000	0.018372
chr26_pat	3200000	3300000	0.0189142
chr26_pat	3300000	3400000	0.0154873
chr26_pat	3400000	3500000	0.0131469
chr26_pat	3500000	3600000	0.0188871
chr26_pat	3600000	3700000	0.03759
chr26_pat	3700000	3800000	0.0182199
chr26_pat	3800000	3900000	0.018533
chr26_pat	3900000	4000000	0.0100507
chr26_pat	4000000	4100000	0.0158703
chr26_pat	4100000	4200000	0.0115611
chr26_pat	4200000	4300000	0.0127425
chr26_pat	4300000	4400000	0.0120265
chr26_pat	4400000	4500000	0.0144775
chr26_pat	4500000	4600000	0.013129
chr26_pat	4600000	4700000	0.0102939
chr26_pat	4700000	4800000	0.0153695
chr26_pat	4800000	4900000	0.0232271
chr26_pat	4900000	5000000	0.0193453
chr26_pat	5000000	5100000	0.0842633
chr26_pat	5100000	5200000	0.0161097
chr26_pat	5200000	5300000	0.0188837
chr26_pat	5300000	5400000	0.0131843
chr26_pat	5400000	5500000	0.0167433
chr26_pat	5500000	5600000	0.0179902
chr26_pat	5600000	5700000	0.0186929
chr26_pat	5700000	5800000	0.0147792
chr26_pat	5800000	5900000	0.0133252
chr26_pat	5900000	6000000	0.020704
chr26_pat	6000000	6100000	0.0239391
chr26_pat	6100000	6200000	0.0260774
chr26_pat	6200000	6300000	0.0255114
chr26_pat	6300000	6400000	0.0446271
chr26_pat	6400000	6500000	
chr26_pat	6500000	6600000	
chr26_pat	6600000	6700000	
chr26_pat	6700000	6800000	
chr26_pat	6800000	6900000	
chr26_pat	6900000	7000000	
chr26_pat	7000000	7010313	
chr27_pat	0	100000	
chr27_pat	100000	200000	
chr27_pat	200000	300000	
chr27_pat	300000	400000	
chr27_pat	400000	500000	0.0262999
chr27_pat	500000	600000	0.0153557
chr27_pat	600000	700000	0.0199639
chr27_pat	700000	800000	0.020793
chr27_pat	800000	900000	0.0234185
chr27_pat	900000	1000000	0.0259588
chr27_pat	1000000	1100000	0.0267361
chr27_pat	1100000	1200000	0.0174561
chr27_pat	1200000	1300000	0.0328494
chr27_pat	1300000	1400000	0.0318901
chr27_pat	1400000	1500000	0.0348641
chr27_pat	1500000	1600000	0.0262035
chr27_pat	1600000	1700000	0.0186353
chr27_pat	1700000	1800000	0.0206507
chr27_pat	1800000	1900000	0.017454
chr27_pat	1900000	2000000	0.0146432
chr27_pat	2000000	2100000	0.0148277
chr27_pat	2100000	2200000	0.0161891
chr27_pat	2200000	2300000	0.0142388
chr27_pat	2300000	2400000	0.0190672
chr27_pat	2400000	2500000	0.0133666
chr27_pat	2500000	2600000	0.0138209
chr27_pat	2600000	2700000	0.0183239
chr27_pat	2700000	2800000	0.0160492
chr27_pat	2800000	2900000	0.0181563
chr27_pat	2900000	3000000	0.0225476
chr27_pat	3000000	3100000	0.0180223
chr27_pat	3100000	3200000	0.0197815
chr27_pat	3200000	3300000	0.0148093
chr27_pat	3300000	3400000	0.0183804
chr27_pat	3400000	3500000	0.018265
chr27_pat	3500000	3600000	0.0144808
chr27_pat	3600000	3700000	0.0155361
chr27_pat	3700000	3800000	0.0130556
chr27_pat	3800000	3900000	0.0200033
chr27_pat	3900000	4000000	0.0180123
chr27_pat	4000000	4100000	0.0143188
chr27_pat	4100000	4200000	0.0169595
chr27_pat	4200000	4300000	0.0196536
chr27_pat	4300000	4400000	0.0120967
chr27_pat	4400000	4500000	0.0125342
chr27_pat	4500000	4600000	0.0116865
chr27_pat	4600000	4700000	0.0228616
chr27_pat	4700000	4800000	0.0151003
chr27_pat	4800000	4900000	0.0126577
chr27_pat	4900000	5000000	0.0125202
chr27_pat	5000000	5100000	0.0327928
chr27_pat	5100000	5200000	0.0156438
chr27_pat	5200000	5300000	0.0198678
chr27_pat	5300000	5400000	0.0423419
chr27_pat	5400000	5500000	0.0481273
chr27_pat	5500000	5600000	
chr27_pat	5600000	5700000	
chr27_pat	5700000	5800000	
chr27_pat	5800000	5900000	
chr27_pat	5900000	5914140	
chr28_pat	0	100000	
chr28_pat	100000	200000	
chr28_pat	200000	300000	0.0480315
chr28_pat	300000	400000	0.0200047
chr28_pat	400000	500000	0.0187736
chr28_pat	500000	600000	0.0114693
chr28_pat	600000	700000	0.0189193
chr28_pat	700000	800000	0.0173633
chr28_pat	800000	900000	0.016853
chr28_pat	900000	1000000	0.0166805
chr28_pat	1000000	1100000	0.0126233
chr28_pat	1100000	1200000	0.0194868
chr28_pat	1200000	1300000	0.0133133
chr28_pat	1300000	1400000	0.0144516
chr28_pat	1400000	1500000	0.0182213
chr28_pat	1500000	1600000	0.0135541
chr28_pat	1600000	1700000	
chr28_pat	1700000	1800000	
chr28_pat	1800000	1900000	0.0204718
chr28_pat	1900000	2000000	0.0137826
chr28_pat	2000000	2100000	0.0231443
chr28_pat	2100000	2200000	0.022721
chr28_pat	2200000	2300000	0.0228265
chr28_pat	2300000	2400000	0.0212902
chr28_pat	2400000	2500000	0.0157696
chr28_pat	2500000	2600000	0.0134306
chr28_pat	2600000	2700000	0.0152965
chr28_pat	2700000	2800000	0.0167874
chr28_pat	2800000	2900000	0.0160523
chr28_pat	2900000	3000000	0.0175007
chr28_pat	3000000	3100000	0.0141066
chr28_pat	3100000	3200000	0.0185198
chr28_pat	3200000	3300000	0.0152762
chr28_pat	3300000	3400000	0.016722
chr28_pat	3400000	3500000	0.0172598
chr28_pat	3500000	3600000	0.0135734
chr28_pat	3600000	3700000	0.0157955
chr28_pat	3700000	3800000	0.026177
chr28_pat	3800000	3900000	
chr28_pat	3900000	4000000	
chr28_pat	4000000	4100000	
chr28_pat	4100000	4200000	
chr28_pat	4200000	4300000	0.0170978
chr28_pat	4300000	4400000	0.0139985
chr28_pat	4400000	4500000	0.0178681
chr28_pat	4500000	4600000	0.0218815
chr28_pat	4600000	4700000	0.014594
chr28_pat	4700000	4800000	0.0203239
chr28_pat	4800000	4900000	0.015679
chr28_pat	4900000	5000000	0.0159276
chr28_pat	5000000	5100000	0.0151812
chr28_pat	5100000	5200000	0.0198653
chr28_pat	5200000	5300000	0.0135265
chr28_pat	5300000	5400000	0.016467
chr28_pat	5400000	5500000	0.0175627
chr28_pat	5500000	5600000	0.0219648
chr28_pat	5600000	5700000	0.0197217
chr28_pat	5700000	5800000	0.0330981
chr28_pat	5800000	5900000	0.0683684
chr28_pat	5900000	6000000	
chr28_pat	6000000	6100000	
chr28_pat	6100000	6200000	
chr28_pat	6200000	6300000	
chr28_pat	6300000	6369381	
chr29_pat	0	100000	
chr29_pat	100000	200000	
chr29_pat	200000	300000	
chr29_pat	300000	400000	
chr29_pat	400000	500000	0.108392
chr29_pat	500000	600000	0.092491
chr29_pat	600000	700000	0.10838
chr29_pat	700000	800000	0.0945697
chr29_pat	800000	900000	0.0465977
chr29_pat	900000	1000000	0.0706577
chr29_pat	1000000	1100000	0.0568127
chr29_pat	1100000	1200000	0.0642402
chr29_pat	1200000	1300000	0.0551002
chr29_pat	1300000	1400000	0.113055
chr29_pat	1400000	1500000	0.0797623
chr29_pat	1500000	1600000	0.0893506
chr29_pat	1600000	1700000	0.103079
chr29_pat	1700000	1800000	0.0804172
chr29_pat	1800000	1900000	0.068846
chr29_pat	1900000	2000000	0.11316
chr29_pat	2000000	2100000	0.0727584
chr29_pat	2100000	2200000	0.0874839
chr29_pat	2200000	2300000	0.12639
chr29_pat	2300000	2400000	0.101769
chr29_pat	2400000	2500000	0.083188
chr29_pat	2500000	2600000	0.048931
chr29_pat	2600000	2700000	0.124693
chr29_pat	2700000	2800000	0.0385773
chr29_pat	2800000	2900000	0.073754
chr29_pat	2900000	3000000	0.0736349
chr29_pat	3000000	3100000	0.0289114
chr29_pat	3100000	3200000	0.0160676
chr29_pat	3200000	3300000	0.0216722
chr29_pat	3300000	3400000	0.0206751
chr29_pat	3400000	3500000	0.0162096
chr29_pat	3500000	3600000	0.0159783
chr29_pat	3600000	3700000	0.0251769
chr29_pat	3700000	3800000	0.0281516
chr29_pat	3800000	3900000	0.018586
chr29_pat	3900000	4000000	0.0212352
chr29_pat	4000000	4100000	0.0203367
chr29_pat	4100000	4200000	0.0209523
chr29_pat	4200000	4300000	0.0220577
chr29_pat	4300000	4400000	0.0247956
chr29_pat	4400000	4500000	0.0155775
chr29_pat	4500000	4600000	0.0191539
chr29_pat	4600000	4700000	0.0141895
chr29_pat	4700000	4800000	0.0129438
chr29_pat	4800000	4900000	0.0185104
chr29_pat	4900000	5000000	0.0162583
chr29_pat	5000000	5100000	0.0374147
chr29_pat	5100000	5200000	0.0235392
chr29_pat	5200000	5300000	0.032879
chr29_pat	5300000	5400000	
chr29_pat	5400000	5500000	0.0398203
chr29_pat	5500000	5600000	0.0155882
chr29_pat	5600000	5700000	0.0151564
chr29_pat	5700000	5800000	0.0353019
chr29_pat	5800000	5900000	0.119257
chr29_pat	5900000	6000000	
chr29_pat	6000000	6100000	
chr29_pat	6100000	6145158	
chr30_pat	0	100000	
chr30_pat	100000	200000	0.0210844
chr30_pat	200000	300000	0.0154278
chr30_pat	300000	400000	0.0140318
chr30_pat	400000	500000	0.0205683
chr30_pat	500000	600000	0.018069
chr30_pat	600000	700000	0.0186866
chr30_pat	700000	800000	0.0212413
chr30_pat	800000	900000	0.0121909
chr30_pat	900000	1000000	0.0456845
chr30_pat	1000000	1100000	
chr30_pat	1100000	1200000	
chr30_pat	1200000	1300000	
chr30_pat	1300000	1400000	0.0232841
chr30_pat	1400000	1500000	0.0137457
chr30_pat	1500000	1600000	0.0242783
chr30_pat	1600000	1700000	0.023816
chr30_pat	1700000	1800000	0.0232964
chr30_pat	1800000	1900000	0.0166089
chr30_pat	1900000	2000000	0.0236815
chr30_pat	2000000	2100000	0.0241505
chr30_pat	2100000	2200000	0.0163003
chr30_pat	2200000	2300000	0.0414776
chr30_pat	2300000	2400000	0.056942
chr30_pat	2400000	2500000	0.0493949
chr30_pat	2500000	2600000	0.0955595
chr30_pat	2600000	2700000	0.0592204
chr30_pat	2700000	2800000	0.0452128
chr30_pat	2800000	2900000	0.0391332
chr30_pat	2900000	3000000	0.0464577
chr30_pat	3000000	3100000	0.0318756
chr30_pat	3100000	3200000	0.0372898
chr30_pat	3200000	3300000	0.0389702
chr30_pat	3300000	3400000	0.0364101
chr30_pat	3400000	3500000	0.0504186
chr30_pat	3500000	3600000	0.0490248
chr30_pat	3600000	3700000	0.0470972
chr30_pat	3700000	3800000	0.0454359
chr30_pat	3800000	3900000	0.0413852
chr30_pat	3900000	4000000	0.0426369
chr30_pat	4000000	4100000	0.0648266
chr30_pat	4100000	4200000	0.0312168
chr30_pat	4200000	4300000	0.0340198
chr30_pat	4300000	4400000	0.0424588
chr30_pat	4400000	4500000	0.0385879
chr30_pat	4500000	4600000	0.0393015
chr30_pat	4600000	4700000	0.0528738
chr30_pat	4700000	4800000	0.0363808
chr30_pat	4800000	4900000	0.0538564
chr30_pat	4900000	5000000	0.0334319
chr30_pat	5000000	5100000	0.0597316
chr30_pat	5100000	5200000	0.0833205
chr30_pat	5200000	5300000	0.0440957
chr30_pat	5300000	5400000	0.0462841
chr30_pat	5400000	5500000	0.0357873
chr30_pat	5500000	5600000	0.0330112
chr30_pat	5600000	5700000	0.0448899
chr30_pat	5700000	5800000	0.0330206
chr30_pat	5800000	5900000	0.0460156
chr30_pat	5900000	6000000	0.0688902
chr30_pat	6000000	6100000	0.0304649
chr30_pat	6100000	6200000	0.0574464
chr30_pat	6200000	6300000	0.0425726
chr30_pat	6300000	6400000	0.0460968
chr30_pat	6400000	6500000	0.0404033
chr30_pat	6500000	6600000	0.0328007
chr30_pat	6600000	6700000	0.0332363
chr30_pat	6700000	6800000	0.0549262
chr30_pat	6800000	6900000	0.0385985
chr30_pat	6900000	7000000	0.0392229
chr30_pat	7000000	7100000	0.0330981
chr30_pat	7100000	7200000	0.0989909
chr30_pat	7200000	7300000	0.0383881
chr30_pat	7300000	7400000	0.0282357
chr30_pat	7400000	7500000	0.0399823
chr30_pat	7500000	7600000	0.0366927
chr30_pat	7600000	7700000	0.0379583
chr30_pat	7700000	7800000	0.0497726
chr30_pat	7800000	7900000	0.0396535
chr30_pat	7900000	8000000	0.0427459
chr30_pat	8000000	8100000	0.035944
chr30_pat	8100000	8200000	0.0335447
chr30_pat	8200000	8300000	0.0347931
chr30_pat	8300000	8400000	0.0307274
chr30_pat	8400000	8500000	0.0318919
chr30_pat	8500000	8600000	0.0368356
chr30_pat	8600000	8700000	0.0413322
chr30_pat	8700000	8800000	0.0338178
chr30_pat	8800000	8900000	0.0360292
chr30_pat	8900000	9000000	0.0324134
chr30_pat	9000000	9100000	0.0634527
chr30_pat	9100000	9200000	
chr30_pat	9200000	9300000	
chr30_pat	9300000	9400000	
chr30_pat	9400000	9417815	
chr31_pat	0	100000	
chr31_pat	100000	200000	0.0775113
chr31_pat	200000	300000	0.0160597
chr31_pat	300000	400000	0.0241258
chr31_pat	400000	500000	0.0189823
chr31_pat	500000	600000	0.0227713
chr31_pat	600000	700000	0.0229003
chr31_pat	700000	800000	0.0227693
chr31_pat	800000	900000	0.0250712
chr31_pat	900000	1000000	0.0278418
chr31_pat	1000000	1100000	0.0272658
chr31_pat	1100000	1200000	0.0205456
chr31_pat	1200000	1300000	0.0278472
chr31_pat	1300000	1400000	0.0272285
chr31_pat	1400000	1500000	0.0190173
chr31_pat	1500000	1600000	0.0298108
chr31_pat	1600000	1700000	0.0283162
chr31_pat	1700000	1800000	0.0227783
chr31_pat	1800000	1900000	0.0190693
chr31_pat	1900000	2000000	0.01875
chr31_pat	2000000	2100000	0.0194609
chr31_pat	2100000	2200000	0.0227633
chr31_pat	2200000	2300000	0.0149014
chr31_pat	2300000	2400000	0.0187891
chr31_pat	2400000	2500000	0.032723
chr31_pat	2500000	2600000	0.0569493
chr31_pat	2600000	2700000	0.0583964
chr31_pat	2700000	2800000	0.0598906
chr31_pat	2800000	2900000	0.0963419
chr31_pat	2900000	3000000	0.0675833
chr31_pat	3000000	3100000	0.0465241
chr31_pat	3100000	3200000	0.0509064
chr31_pat	3200000	3300000	0.0543107
chr31_pat	3300000	3400000	0.0521172
chr31_pat	3400000	3500000	0.0735952
chr31_pat	3500000	3600000	0.0355875
chr31_pat	3600000	3700000	0.0354794
chr31_pat	3700000	3800000	0.0444392
chr31_pat	3800000	3900000	0.0311918
chr31_pat	3900000	4000000	0.0306028
chr31_pat	4000000	4100000	0.0422203
chr31_pat	4100000	4200000	0.0613629
chr31_pat	4200000	4300000	0.0595627
chr31_pat	4300000	4400000	0.0963339
chr31_pat	4400000	4500000	0.0838488
chr31_pat	4500000	4600000	0.0905507
chr31_pat	4600000	4700000	0.109497
chr31_pat	4700000	4800000	
chr31_pat	4800000	4900000	
chr31_pat	4900000	5000000	
chr31_pat	5000000	5100000	
chr31_pat	5100000	5200000	
chr31_pat	5200000	5300000	
chr31_pat	5300000	5343098	
chr32_pat	0	100000	
chr32_pat	100000	200000	
chr32_pat	200000	300000	
chr32_pat	300000	400000	0.100174
chr32_pat	400000	500000	0.0213995
chr32_pat	500000	600000	0.0202405
chr32_pat	600000	700000	0.016363
chr32_pat	700000	800000	0.043288
chr32_pat	800000	900000	0.0244912
chr32_pat	900000	1000000	0.0179176
chr32_pat	1000000	1100000	0.0219204
chr32_pat	1100000	1200000	0.0147025
chr32_pat	1200000	1300000	0.0233491
chr32_pat	1300000	1400000	0.0246141
chr32_pat	1400000	1500000	0.0138028
chr32_pat	1500000	1600000	0.030015
chr32_pat	1600000	1700000	0.0237251
chr32_pat	1700000	1800000	0.0271513
chr32_pat	1800000	1900000	0.0244086
chr32_pat	1900000	2000000	0.0223916
chr32_pat	2000000	2100000	0.0313528
chr32_pat	2100000	2200000	
chr32_pat	2200000	2300000	
chr32_pat	2300000	2400000	
chr32_pat	2400000	2500000	
chr32_pat	2500000	2600000	
chr32_pat	2600000	2700000	
chr32_pat	2700000	2800000	
chr32_pat	2800000	2900000	
chr32_pat	2900000	3000000	0.129622
chr32_pat	3000000	3100000	0.203367
chr32_pat	3100000	3200000	
chr32_pat	3200000	3300000	
chr32_pat	3300000	3400000	0.0929809
chr32_pat	3400000	3500000	0.0490617
chr32_pat	3500000	3600000	0.0590851
chr32_pat	3600000	3700000	0.076607
chr32_pat	3700000	3800000	0.0686606
chr32_pat	3800000	3900000	0.0473914
chr32_pat	3900000	4000000	0.0582351
chr32_pat	4000000	4100000	0.0832596
chr32_pat	4100000	4200000	0.0563342
chr32_pat	4200000	4300000	0.0586851
chr32_pat	4300000	4400000	0.0404248
chr32_pat	4400000	4500000	0.0832684
chr32_pat	4500000	4600000	0.0576745
chr32_pat	4600000	4700000	0.0748354
chr32_pat	4700000	4800000	0.029356
chr32_pat	4800000	4900000	0.056987
chr32_pat	4900000	5000000	0.0684855
chr32_pat	5000000	5100000	0.122662
chr32_pat	5100000	5200000	0.23838
chr32_pat	5200000	5300000	
chr32_pat	5300000	5400000	
chr32_pat	5400000	5500000	
chr32_pat	5500000	5573168	
chr33_pat	0	100000	
chr33_pat	100000	200000	
chr33_pat	200000	300000	
chr33_pat	300000	400000	
chr33_pat	400000	500000	
chr33_pat	500000	600000	
chr33_pat	600000	700000	0.0386565
chr33_pat	700000	800000	0.0173232
chr33_pat	800000	900000	0.0203743
chr33_pat	900000	1000000	0.0270037
chr33_pat	1000000	1100000	0.0336488
chr33_pat	1100000	1200000	0.0239924
chr33_pat	1200000	1300000	0.0277272
chr33_pat	1300000	1400000	0.0158161
chr33_pat	1400000	1500000	0.0289105
chr33_pat	1500000	1600000	0.0307108
chr33_pat	1600000	1700000	0.0254447
chr33_pat	1700000	1800000	0.0298313
chr33_pat	1800000	1900000	0.0172454
chr33_pat	1900000	2000000	0.01804
chr33_pat	2000000	2100000	0.0482503
chr33_pat	2100000	2200000	0.121649
chr33_pat	2200000	2300000	0.186603
chr33_pat	2300000	2400000	0.0444346
chr33_pat	2400000	2500000	0.0669028
chr33_pat	2500000	2600000	0.0604452
chr33_pat	2600000	2700000	0.0599865
chr33_pat	2700000	2800000	0.0732063
chr33_pat	2800000	2900000	0.0626458
chr33_pat	2900000	3000000	0.0754109
chr33_pat	3000000	3100000	0.0489116
chr33_pat	3100000	3200000	0.0407438
chr33_pat	3200000	3300000	0.0552951
chr33_pat	3300000	3400000	0.0450055
chr33_pat	3400000	3500000	0.0422365
chr33_pat	3500000	3600000	0.0385476
chr33_pat	3600000	3700000	0.0496572
chr33_pat	3700000	3800000	0.078517
chr33_pat	3800000	3900000	0.0769837
chr33_pat	3900000	4000000	0.253117
chr33_pat	4000000	4100000	0.0685563
chr33_pat	4100000	4200000	0.142365
chr33_pat	4200000	4300000	
chr33_pat	4300000	4400000	0.188131
chr33_pat	4400000	4500000	
chr33_pat	4500000	4600000	
chr33_pat	4600000	4700000	
chr33_pat	4700000	4788276	
chr34_pat	0	100000	
chr34_pat	100000	200000	
chr34_pat	200000	300000	0.11395
chr34_pat	300000	400000	0.182628
chr34_pat	400000	500000	0.0534611
chr34_pat	500000	600000	0.0490883
chr34_pat	600000	700000	0.0519018
chr34_pat	700000	800000	0.0819052
chr34_pat	800000	900000	0.0530749
chr34_pat	900000	1000000	0.0786983
chr34_pat	1000000	1100000	0.0451812
chr34_pat	1100000	1200000	0.0624387
chr34_pat	1200000	1300000	0.0547079
chr34_pat	1300000	1400000	0.0454137
chr34_pat	1400000	1500000	0.165889
chr34_pat	1500000	1600000	0.0598274
chr34_pat	1600000	1700000	0.0981042
chr34_pat	1700000	1800000	0.133099
chr34_pat	1800000	1900000	0.0509884
chr34_pat	1900000	2000000	0.0380976
chr34_pat	2000000	2100000	0.062717
chr34_pat	2100000	2200000	0.0528982
chr34_pat	2200000	2300000	0.038498
chr34_pat	2300000	2400000	0.0684066
chr34_pat	2400000	2500000	0.0706052
chr34_pat	2500000	2600000	0.0931779
chr34_pat	2600000	2700000	0.0793375
chr34_pat	2700000	2800000	0.0331941
chr34_pat	2800000	2900000	0.0440357
chr34_pat	2900000	3000000	0.0401096
chr34_pat	3000000	3100000	0.098881
chr34_pat	3100000	3200000	0.0815841
chr34_pat	3200000	3300000	0.0317539
chr34_pat	3300000	3400000	0.0416287
chr34_pat	3400000	3500000	0.0235289
chr34_pat	3500000	3600000	0.0234425
chr34_pat	3600000	3700000	
chr34_pat	3700000	3800000	0.0136436
chr34_pat	3800000	3900000	0.0236652
chr34_pat	3900000	4000000	0.01524
chr34_pat	4000000	4100000	0.01635
chr34_pat	4100000	4200000	0.0154757
chr34_pat	4200000	4300000	0.0215425
chr34_pat	4300000	4400000	0.0217045
chr34_pat	4400000	4500000	0.0132518
chr34_pat	4500000	4600000	0.0358178
chr34_pat	4600000	4700000	0.0129859
chr34_pat	4700000	4800000	0.0113516
chr34_pat	4800000	4900000	0.0304565
chr34_pat	4900000	5000000	0.0768301
chr34_pat	5000000	5100000	
chr34_pat	5100000	5200000	
chr34_pat	5200000	5300000	
chr34_pat	5300000	5400000	
chr34_pat	5400000	5500000	
chr34_pat	5500000	5600000	
chr34_pat	5600000	5700000	
chr34_pat	5700000	5771162	0.344411
chr35_pat	0	100000	0.339203
chr35_pat	100000	200000	0.226316
chr35_pat	200000	300000	
chr35_pat	300000	400000	0.299676
chr35_pat	400000	500000	
chr35_pat	500000	600000	
chr35_pat	600000	700000	
chr35_pat	700000	800000	0.326655
chr35_pat	800000	900000	0.0216686
chr35_pat	900000	1000000	0.0303279
chr35_pat	1000000	1100000	0.0200024
chr35_pat	1100000	1200000	0.0213179
chr35_pat	1200000	1300000	0.0202591
chr35_pat	1300000	1400000	0.0208918
chr35_pat	1400000	1500000	0.0349331
chr35_pat	1500000	1600000	0.0172967
chr35_pat	1600000	1700000	0.0164469
chr35_pat	1700000	1800000	0.0195673
chr35_pat	1800000	1900000	0.0498585
chr35_pat	1900000	2000000	0.0409074
chr35_pat	2000000	2100000	
chr35_pat	2100000	2200000	
chr35_pat	2200000	2300000	
chr35_pat	2300000	2400000	
chr35_pat	2400000	2500000	
chr35_pat	2500000	2600000	
chr35_pat	2600000	2700000	
chr35_pat	2700000	2800000	
chr35_pat	2800000	2900000	
chr35_pat	2900000	3000000	
chr35_pat	3000000	3100000	
chr35_pat	3100000	3200000	
chr35_pat	3200000	3300000	
chr35_pat	3300000	3400000	
chr35_pat	3400000	3500000	
chr35_pat	3500000	3600000	
chr35_pat	3600000	3700000	
chr35_pat	3700000	3800000	
chr35_pat	3800000	3900000	
chr35_pat	3900000	4000000	
chr35_pat	4000000	4100000	
chr35_pat	4100000	4200000	
chr35_pat	4200000	4300000	
chr35_pat	4300000	4400000	
chr35_pat	4400000	4500000	
chr35_pat	4500000	4600000	
chr35_pat	4600000	4700000	
chr35_pat	4700000	4800000	
chr35_pat	4800000	4900000	
chr35_pat	4900000	4908640	
chr36_pat	0	100000	0.0220029
chr36_pat	100000	200000	0.0192558
chr36_pat	200000	300000	0.0197091
chr36_pat	300000	400000	0.0248417
chr36_pat	400000	500000	0.0244771
chr36_pat	500000	600000	0.0167601
chr36_pat	600000	700000	0.034409
chr36_pat	700000	800000	0.0200047
chr36_pat	800000	900000	0.0207639
chr36_pat	900000	1000000	0.0163188
chr36_pat	1000000	1100000	0.0201776
chr36_pat	1100000	1200000	0.0354512
chr36_pat	1200000	1300000	0.0354508
chr36_pat	1300000	1400000	0.0302968
chr36_pat	1400000	1500000	0.0293124
chr36_pat	1500000	1600000	0.0349465
chr36_pat	1600000	1700000	0.0315381
chr36_pat	1700000	1800000	0.0314951
chr36_pat	1800000	1900000	0.0306936
chr36_pat	1900000	2000000	0.0385142
chr36_pat	2000000	2100000	0.0339685
chr36_pat	2100000	2200000	0.0292272
chr36_pat	2200000	2300000	0.0318114
chr36_pat	2300000	2400000	0.0292147
chr36_pat	2400000	2500000	0.031529
chr36_pat	2500000	2600000	0.0431717
chr36_pat	2600000	2700000	0.0313438
chr36_pat	2700000	2800000	0.0284193
chr36_pat	2800000	2900000	0.0349388
chr36_pat	2900000	3000000	0.0272644
chr36_pat	3000000	3100000	0.0411725
chr36_pat	3100000	3200000	0.0319463
chr36_pat	3200000	3300000	0.0307585
chr36_pat	3300000	3400000	0.0278251
chr36_pat	3400000	3500000	0.0350527
chr36_pat	3500000	3600000	0.0315106
chr36_pat	3600000	3700000	0.0316036
chr36_pat	3700000	3800000	0.0328395
chr36_pat	3800000	3900000	0.0347604
chr36_pat	3900000	4000000	0.0330721
chr36_pat	4000000	4100000	0.0439836
chr36_pat	4100000	4200000	0.0401352
chr36_pat	4200000	4300000	0.0416038
chr36_pat	4300000	4400000	0.0351852
chr36_pat	4400000	4500000	0.058952
chr36_pat	4500000	4600000	
chr36_pat	4600000	4700000	
chr36_pat	4700000	4800000	
chr36_pat	4800000	4900000	
chr36_pat	4900000	5000000	
chr36_pat	5000000	5017237	
chr37_pat	0	100000	0.0424492
chr37_pat	100000	200000	0.0147876
chr37_pat	200000	300000	0.0212098
chr37_pat	300000	400000	0.0235037
chr37_pat	400000	500000	0.0208121
chr37_pat	500000	600000	0.0241029
chr37_pat	600000	700000	0.024645
chr37_pat	700000	800000	0.0174119
chr37_pat	800000	900000	0.0195458
chr37_pat	900000	1000000	0.0270642
chr37_pat	1000000	1100000	0.0646845
chr37_pat	1100000	1200000	0.0741316
chr37_pat	1200000	1300000	0.0245922
chr37_pat	1300000	1400000	0.0251632
chr37_pat	1400000	1500000	0.0237853
chr37_pat	1500000	1600000	0.0323097
chr37_pat	1600000	1700000	0.017235
chr37_pat	1700000	1800000	0.0225054
chr37_pat	1800000	1900000	0.0131172
chr37_pat	1900000	2000000	0.0572902
chr37_pat	2000000	2100000	0.043378
chr37_pat	2100000	2200000	0.0517711
chr37_pat	2200000	2300000	0.0512417
chr37_pat	2300000	2400000	0.0481911
chr37_pat	2400000	2500000	0.0713158
chr37_pat	2500000	2600000	0.0712136
chr37_pat	2600000	2700000	0.0448834
chr37_pat	2700000	2800000	0.0495735
chr37_pat	2800000	2900000	0.0443262
chr37_pat	2900000	3000000	0.0488879
chr37_pat	3000000	3100000	0.0531524
chr37_pat	3100000	3200000	0.0562671
chr37_pat	3200000	3300000	0.0552636
chr37_pat	3300000	3400000	0.0388186
chr37_pat	3400000	3500000	0.0593904
chr37_pat	3500000	3600000	0.0362779
chr37_pat	3600000	3700000	0.0781024
chr37_pat	3700000	3800000	0.0847411
chr37_pat	3800000	3900000	0.0664695
chr37_pat	3900000	4000000	
chr37_pat	4000000	4100000	
chr37_pat	4100000	4200000	
chr37_pat	4200000	4300000	
chr37_pat	4300000	4400000	0.085118
chr37_pat	4400000	4500000	0.0880328
chr37_pat	4500000	4600000	0.0457387
chr37_pat	4600000	4700000	0.035934
chr37_pat	4700000	4800000	0.0356608
chr37_pat	4800000	4900000	0.0416586
chr37_pat	4900000	5000000	0.0457754
chr37_pat	5000000	5100000	0.044524
chr37_pat	5100000	5200000	0.0488828
chr37_pat	5200000	5300000	0.076209
chr37_pat	5300000	5400000	0.171817
chr37_pat	5400000	5500000	
chr37_pat	5500000	5600000	
chr37_pat	5600000	5700000	
chr37_pat	5700000	5800000	
chr37_pat	5800000	5900000	
chr37_pat	5900000	5977964	
chr1_mat	0	100000	
chr1_mat	100000	200000	
chr1_mat	200000	300000	
chr1_mat	300000	400000	
chr1_mat	400000	500000	
chr1_mat	500000	600000	
chr1_mat	600000	700000	
chr1_mat	700000	800000	
chr1_mat	800000	900000	
chr1_mat	900000	1000000	
chr1_mat	1000000	1100000	0.0117933
chr1_mat	1100000	1200000	0.0175787
chr1_mat	1200000	1300000	0.0188714
chr1_mat	1300000	1400000	0.0203086
chr1_mat	1400000	1500000	0.0182094
chr1_mat	1500000	1600000	0.0227485
chr1_mat	1600000	1700000	
chr1_mat	1700000	1800000	
chr1_mat	1800000	1900000	
chr1_mat	1900000	2000000	
chr1_mat	2000000	2100000	
chr1_mat	2100000	2200000	
chr1_mat	2200000	2300000	
chr1_mat	2300000	2400000	
chr1_mat	2400000	2500000	0.019958
chr1_mat	2500000	2600000	0.0176229
chr1_mat	2600000	2700000	0.0161956
chr1_mat	2700000	2800000	0.0174124
chr1_mat	2800000	2900000	0.0146881
chr1_mat	2900000	3000000	0.0126951
chr1_mat	3000000	3100000	0.0149099
chr1_mat	3100000	3200000	0.0131233
chr1_mat	3200000	3300000	0.013906
chr1_mat	3300000	3400000	0.0168553
chr1_mat	3400000	3500000	0.0150451
chr1_mat	3500000	3600000	0.01741
chr1_mat	3600000	3700000	0.0167664
chr1_mat	3700000	3800000	0.0171094
chr1_mat	3800000	3900000	0.0180649
chr1_mat	3900000	4000000	0.0171601
chr1_mat	4000000	4100000	0.0136656
chr1_mat	4100000	4200000	0.0162226
chr1_mat	4200000	4300000	0.0134746
chr1_mat	4300000	4400000	0.0116438
chr1_mat	4400000	4500000	0.0124373
chr1_mat	4500000	4600000	0.0128402
chr1_mat	4600000	4700000	0.0163931
chr1_mat	4700000	4800000	0.013986
chr1_mat	4800000	4900000	0.0118616
chr1_mat	4900000	5000000	0.0163451
chr1_mat	5000000	5100000	0.0135872
chr1_mat	5100000	5200000	0.013353
chr1_mat	5200000	5300000	0.0149521
chr1_mat	5300000	5400000	0.0139185
chr1_mat	5400000	5500000	0.0118587
chr1_mat	5500000	5600000	0.013849
chr1_mat	5600000	5700000	0.0147992
chr1_mat	5700000	5800000	0.0143438
chr1_mat	5800000	5900000	0.0146713
chr1_mat	5900000	6000000	0.0143939
chr1_mat	6000000	6100000	0.015767
chr1_mat	6100000	6200000	0.0143413
chr1_mat	6200000	6300000	0.0150341
chr1_mat	6300000	6400000	0.0141818
chr1_mat	6400000	6500000	0.0143569
chr1_mat	6500000	6600000	0.014047
chr1_mat	6600000	6700000	0.0159681
chr1_mat	6700000	6800000	0.0143704
chr1_mat	6800000	6900000	0.0154428
chr1_mat	6900000	7000000	0.0148387
chr1_mat	7000000	7100000	0.0144594
chr1_mat	7100000	7200000	0.0146813
chr1_mat	7200000	7300000	0.0140882
chr1_mat	7300000	7400000	0.0145968
chr1_mat	7400000	7500000	0.0139914
chr1_mat	7500000	7600000	0.0144071
chr1_mat	7600000	7700000	0.0149632
chr1_mat	7700000	7800000	0.0143384
chr1_mat	7800000	7900000	0.0177718
chr1_mat	7900000	8000000	0.0160838
chr1_mat	8000000	8100000	0.0162139
chr1_mat	8100000	8200000	0.0182576
chr1_mat	8200000	8300000	0.0161673
chr1_mat	8300000	8400000	0.0163919
chr1_mat	8400000	8500000	0.0151079
chr1_mat	8500000	8600000	0.0151016
chr1_mat	8600000	8700000	0.0184195
chr1_mat	8700000	8800000	0.0173901
chr1_mat	8800000	8900000	0.0170609
chr1_mat	8900000	9000000	0.0175075
chr1_mat	9000000	9100000	0.0143569
chr1_mat	9100000	9200000	0.0148891
chr1_mat	9200000	9300000	0.017216
chr1_mat	9300000	9400000	0.0156772
chr1_mat	9400000	9500000	0.0158575
chr1_mat	9500000	9600000	0.0159044
chr1_mat	9600000	9700000	0.0159517
chr1_mat	9700000	9800000	0.0156983
chr1_mat	9800000	9900000	0.0162349
chr1_mat	9900000	10000000	0.0132617
chr1_mat	10000000	10100000	0.0173155
chr1_mat	10100000	10200000	0.0188934
chr1_mat	10200000	10300000	0.0162815
chr1_mat	10300000	10400000	0.0174912
chr1_mat	10400000	10500000	0.0188632
chr1_mat	10500000	10600000	0.0166518
chr1_mat	10600000	10700000	0.0157178
chr1_mat	10700000	10800000	0.0174371
chr1_mat	10800000	10900000	0.0166327
chr1_mat	10900000	11000000	0.0153935
chr1_mat	11000000	11100000	0.0152256
chr1_mat	11100000	11200000	0.0157521
chr1_mat	11200000	11300000	0.016474
chr1_mat	11300000	11400000	0.0153226
chr1_mat	11400000	11500000	0.0145071
chr1_mat	11500000	11600000	0.0150131
chr1_mat	11600000	11700000	0.0168722
chr1_mat	11700000	11800000	0.0158137
chr1_mat	11800000	11900000	0.0159695
chr1_mat	11900000	12000000	0.0179071
chr1_mat	12000000	12100000	0.0168697
chr1_mat	12100000	12200000	0.0167301
chr1_mat	12200000	12300000	0.0164502
chr1_mat	12300000	12400000	0.0159882
chr1_mat	12400000	12500000	0.0171598
chr1_mat	12500000	12600000	0.0178116
chr1_mat	12600000	12700000	0.0169805
chr1_mat	12700000	12800000	0.0174364
chr1_mat	12800000	12900000	0.0165183
chr1_mat	12900000	13000000	0.0159891
chr1_mat	13000000	13100000	0.0169857
chr1_mat	13100000	13200000	0.0179106
chr1_mat	13200000	13300000	0.0168616
chr1_mat	13300000	13400000	0.0189599
chr1_mat	13400000	13500000	0.0194793
chr1_mat	13500000	13600000	0.0195396
chr1_mat	13600000	13700000	0.0179534
chr1_mat	13700000	13800000	0.0190569
chr1_mat	13800000	13900000	0.0160145
chr1_mat	13900000	14000000	0.0179184
chr1_mat	14000000	14100000	0.0200362
chr1_mat	14100000	14200000	0.0140589
chr1_mat	14200000	14300000	0.0208594
chr1_mat	14300000	14400000	0.0192826
chr1_mat	14400000	14500000	0.021957
chr1_mat	14500000	14600000	0.0236522
chr1_mat	14600000	14700000	0.022129
chr1_mat	14700000	14800000	0.0216908
chr1_mat	14800000	14900000	0.0174845
chr1_mat	14900000	15000000	0.0158386
chr1_mat	15000000	15100000	0.0144521
chr1_mat	15100000	15200000	0.01349
chr1_mat	15200000	15300000	0.012093
chr1_mat	15300000	15400000	0.0138069
chr1_mat	15400000	15500000	0.0177203
chr1_mat	15500000	15600000	0.0187286
chr1_mat	15600000	15700000	0.0181343
chr1_mat	15700000	15800000	0.0176196
chr1_mat	15800000	15900000	0.017996
chr1_mat	15900000	16000000	0.0179203
chr1_mat	16000000	16100000	0.0180896
chr1_mat	16100000	16200000	0.0177756
chr1_mat	16200000	16300000	0.0176633
chr1_mat	16300000	16400000	0.0195781
chr1_mat	16400000	16500000	0.0172872
chr1_mat	16500000	16600000	0.0140107
chr1_mat	16600000	16700000	0.0172378
chr1_mat	16700000	16800000	0.0201269
chr1_mat	16800000	16900000	0.0185707
chr1_mat	16900000	17000000	0.0208942
chr1_mat	17000000	17100000	0.0229664
chr1_mat	17100000	17200000	0.0194075
chr1_mat	17200000	17300000	0.0161383
chr1_mat	17300000	17400000	0.0130222
chr1_mat	17400000	17500000	0.0181751
chr1_mat	17500000	17600000	0.0210574
chr1_mat	17600000	17700000	0.0185703
chr1_mat	17700000	17800000	0.0217666
chr1_mat	17800000	17900000	0.0215038
chr1_mat	17900000	18000000	0.0215938
chr1_mat	18000000	18100000	0.0148624
chr1_mat	18100000	18200000	0.0155033
chr1_mat	18200000	18300000	0.0144475
chr1_mat	18300000	18400000	0.0174852
chr1_mat	18400000	18500000	0.0157788
chr1_mat	18500000	18600000	0.0128849
chr1_mat	18600000	18700000	0.0170336
chr1_mat	18700000	18800000	0.0228484
chr1_mat	18800000	18900000	0.0235899
chr1_mat	18900000	19000000	0.0270686
chr1_mat	19000000	19100000	0.0292521
chr1_mat	19100000	19200000	0.0269862
chr1_mat	19200000	19300000	
chr1_mat	19300000	19400000	
chr1_mat	19400000	19500000	
chr1_mat	19500000	19600000	
chr1_mat	19600000	19700000	
chr1_mat	19700000	19800000	
chr1_mat	19800000	19900000	
chr1_mat	19900000	20000000	
chr1_mat	20000000	20100000	
chr1_mat	20100000	20200000	
chr1_mat	20200000	20300000	
chr1_mat	20300000	20400000	
chr1_mat	20400000	20500000	
chr1_mat	20500000	20600000	
chr1_mat	20600000	20700000	
chr1_mat	20700000	20800000	
chr1_mat	20800000	20900000	
chr1_mat	20900000	21000000	
chr1_mat	21000000	21100000	
chr1_mat	21100000	21200000	
chr1_mat	21200000	21300000	
chr1_mat	21300000	21400000	
chr1_mat	21400000	21500000	
chr1_mat	21500000	21600000	
chr1_mat	21600000	21700000	
chr1_mat	21700000	21800000	0.0709002
chr1_mat	21800000	21900000	0.0303852
chr1_mat	21900000	22000000	0.0387124
chr1_mat	22000000	22100000	0.0368522
chr1_mat	22100000	22200000	0.0254891
chr1_mat	22200000	22300000	0.0224547
chr1_mat	22300000	22400000	0.0222612
chr1_mat	22400000	22500000	0.0322173
chr1_mat	22500000	22600000	0.042988
chr1_mat	22600000	22700000	0.0299233
chr1_mat	22700000	22800000	0.0289754
chr1_mat	22800000	22900000	0.0283459
chr1_mat	22900000	23000000	0.0188945
chr1_mat	23000000	23100000	0.027173
chr1_mat	23100000	23200000	0.0273488
chr1_mat	23200000	23300000	0.0301286
chr1_mat	23300000	23400000	0.0335194
chr1_mat	23400000	23500000	0.0309917
chr1_mat	23500000	23600000	0.034393
chr1_mat	23600000	23700000	0.0291198
chr1_mat	23700000	23800000	0.0289687
chr1_mat	23800000	23900000	0.0257393
chr1_mat	23900000	24000000	0.03083
chr1_mat	24000000	24100000	0.0312694
chr1_mat	24100000	24200000	0.0270359
chr1_mat	24200000	24300000	0.0246974
chr1_mat	24300000	24400000	0.02871
chr1_mat	24400000	24500000	0.0256025
chr1_mat	24500000	24600000	0.0287759
chr1_mat	24600000	24700000	0.0252381
chr1_mat	24700000	24800000	0.0243031
chr1_mat	24800000	24900000	0.018972
chr1_mat	24900000	25000000	0.0168592
chr1_mat	25000000	25100000	0.0221014
chr1_mat	25100000	25200000	0.0187297
chr1_mat	25200000	25300000	0.0207419
chr1_mat	25300000	25400000	0.0183297
chr1_mat	25400000	25500000	0.0167905
chr1_mat	25500000	25600000	0.0156735
chr1_mat	25600000	25700000	0.0217485
chr1_mat	25700000	25800000	0.0196133
chr1_mat	25800000	25900000	0.0187944
chr1_mat	25900000	26000000	0.0230598
chr1_mat	26000000	26100000	0.0221398
chr1_mat	26100000	26200000	0.0172567
chr1_mat	26200000	26300000	0.0178292
chr1_mat	26300000	26400000	0.0158182
chr1_mat	26400000	26500000	
chr1_mat	26500000	26600000	
chr1_mat	26600000	26700000	
chr1_mat	26700000	26800000	
chr1_mat	26800000	26900000	0.0564891
chr1_mat	26900000	27000000	0.0234959
chr1_mat	27000000	27100000	0.0289472
chr1_mat	27100000	27200000	0.0317887
chr1_mat	27200000	27300000	0.03383
chr1_mat	27300000	27400000	0.0237019
chr1_mat	27400000	27500000	0.0230347
chr1_mat	27500000	27600000	0.0190915
chr1_mat	27600000	27700000	0.019116
chr1_mat	27700000	27800000	0.0187612
chr1_mat	27800000	27900000	0.0148197
chr1_mat	27900000	28000000	0.0197461
chr1_mat	28000000	28100000	0.0155309
chr1_mat	28100000	28200000	0.0154711
chr1_mat	28200000	28300000	0.0172735
chr1_mat	28300000	28400000	0.0152461
chr1_mat	28400000	28500000	0.0205529
chr1_mat	28500000	28600000	0.0203644
chr1_mat	28600000	28700000	0.0189221
chr1_mat	28700000	28800000	0.0188423
chr1_mat	28800000	28900000	0.0175063
chr1_mat	28900000	29000000	0.0381543
chr1_mat	29000000	29100000	0.0235615
chr1_mat	29100000	29200000	0.0255531
chr1_mat	29200000	29300000	0.0198443
chr1_mat	29300000	29400000	0.0186366
chr1_mat	29400000	29500000	0.0198022
chr1_mat	29500000	29600000	0.0171922
chr1_mat	29600000	29700000	0.0172872
chr1_mat	29700000	29800000	0.0145491
chr1_mat	29800000	29900000	0.019168
chr1_mat	29900000	30000000	0.0271111
chr1_mat	30000000	30100000	0.0205728
chr1_mat	30100000	30200000	0.0207601
chr1_mat	30200000	30300000	0.0209486
chr1_mat	30300000	30400000	0.0199271
chr1_mat	30400000	30500000	0.0243823
chr1_mat	30500000	30600000	0.0214741
chr1_mat	30600000	30700000	0.0154525
chr1_mat	30700000	30800000	0.0189284
chr1_mat	30800000	30900000	0.0185978
chr1_mat	30900000	31000000	0.0151597
chr1_mat	31000000	31100000	0.0149122
chr1_mat	31100000	31200000	0.0190693
chr1_mat	31200000	31300000	0.022626
chr1_mat	31300000	31400000	0.024889
chr1_mat	31400000	31500000	0.0353644
chr1_mat	31500000	31600000	0.0318596
chr1_mat	31600000	31700000	0.0429728
chr1_mat	31700000	31800000	0.0298004
chr1_mat	31800000	31900000	0.0369164
chr1_mat	31900000	32000000	0.0329458
chr1_mat	32000000	32100000	0.043977
chr1_mat	32100000	32200000	0.0257514
chr1_mat	32200000	32300000	0.0240211
chr1_mat	32300000	32400000	0.0307059
chr1_mat	32400000	32500000	0.0287099
chr1_mat	32500000	32600000	0.0220565
chr1_mat	32600000	32700000	0.0237142
chr1_mat	32700000	32800000	0.039382
chr1_mat	32800000	32900000	0.0264479
chr1_mat	32900000	33000000	0.0268105
chr1_mat	33000000	33100000	0.0218799
chr1_mat	33100000	33200000	0.030053
chr1_mat	33200000	33300000	0.0251514
chr1_mat	33300000	33400000	0.0271849
chr1_mat	33400000	33500000	0.027399
chr1_mat	33500000	33600000	0.0239316
chr1_mat	33600000	33700000	0.0441376
chr1_mat	33700000	33800000	0.0537427
chr1_mat	33800000	33900000	0.0304336
chr1_mat	33900000	34000000	0.0252822
chr1_mat	34000000	34100000	0.0255519
chr1_mat	34100000	34200000	0.0219845
chr1_mat	34200000	34300000	0.0259769
chr1_mat	34300000	34400000	0.0225749
chr1_mat	34400000	34500000	0.0266158
chr1_mat	34500000	34600000	0.03764
chr1_mat	34600000	34700000	0.0171021
chr1_mat	34700000	34800000	0.0170298
chr1_mat	34800000	34900000	0.0191645
chr1_mat	34900000	35000000	0.023463
chr1_mat	35000000	35100000	0.0285419
chr1_mat	35100000	35200000	0.0219
chr1_mat	35200000	35300000	0.0227833
chr1_mat	35300000	35400000	0.0566742
chr1_mat	35400000	35500000	
chr1_mat	35500000	35600000	
chr1_mat	35600000	35700000	0.0269251
chr1_mat	35700000	35800000	0.0246925
chr1_mat	35800000	35900000	0.0336922
chr1_mat	35900000	36000000	0.0252794
chr1_mat	36000000	36100000	0.0270997
chr1_mat	36100000	36200000	0.0162379
chr1_mat	36200000	36300000	0.0268568
chr1_mat	36300000	36400000	0.021889
chr1_mat	36400000	36500000	0.0230085
chr1_mat	36500000	36600000	0.0238013
chr1_mat	36600000	36700000	0.0238236
chr1_mat	36700000	36800000	0.028202
chr1_mat	36800000	36900000	0.0278405
chr1_mat	36900000	37000000	0.0284959
chr1_mat	37000000	37100000	0.0285153
chr1_mat	37100000	37200000	0.0277459
chr1_mat	37200000	37300000	0.0304644
chr1_mat	37300000	37400000	0.0412346
chr1_mat	37400000	37500000	0.0401618
chr1_mat	37500000	37600000	0.0211156
chr1_mat	37600000	37700000	0.0203593
chr1_mat	37700000	37800000	0.0141483
chr1_mat	37800000	37900000	0.0191568
chr1_mat	37900000	38000000	0.0191015
chr1_mat	38000000	38100000	0.0218744
chr1_mat	38100000	38200000	0.0256061
chr1_mat	38200000	38300000	0.0207538
chr1_mat	38300000	38400000	0.018979
chr1_mat	38400000	38500000	0.0254851
chr1_mat	38500000	38600000	0.0258899
chr1_mat	38600000	38700000	0.0240361
chr1_mat	38700000	38800000	0.0258318
chr1_mat	38800000	38900000	0.0253348
chr1_mat	38900000	39000000	0.0288189
chr1_mat	39000000	39100000	0.0244658
chr1_mat	39100000	39200000	0.0322789
chr1_mat	39200000	39300000	0.0270033
chr1_mat	39300000	39400000	0.0329682
chr1_mat	39400000	39500000	0.0290216
chr1_mat	39500000	39600000	0.0357162
chr1_mat	39600000	39700000	0.0268582
chr1_mat	39700000	39800000	0.0233574
chr1_mat	39800000	39900000	0.0226854
chr1_mat	39900000	40000000	0.0231476
chr1_mat	40000000	40100000	0.0300657
chr1_mat	40100000	40200000	0.0213973
chr1_mat	40200000	40300000	0.0316236
chr1_mat	40300000	40400000	0.0220009
chr1_mat	40400000	40500000	0.0358977
chr1_mat	40500000	40600000	0.034237
chr1_mat	40600000	40700000	0.0253913
chr1_mat	40700000	40800000	0.0327881
chr1_mat	40800000	40900000	0.0221787
chr1_mat	40900000	41000000	0.0216909
chr1_mat	41000000	41100000	0.0165819
chr1_mat	41100000	41200000	0.0198211
chr1_mat	41200000	41300000	0.0257006
chr1_mat	41300000	41400000	0.0262118
chr1_mat	41400000	41500000	0.0345739
chr1_mat	41500000	41600000	0.0222245
chr1_mat	41600000	41700000	0.0240492
chr1_mat	41700000	41800000	0.0232299
chr1_mat	41800000	41900000	0.0297182
chr1_mat	41900000	42000000	0.0328164
chr1_mat	42000000	42100000	0.0309858
chr1_mat	42100000	42200000	0.0399001
chr1_mat	42200000	42300000	0.0290571
chr1_mat	42300000	42400000	0.0224458
chr1_mat	42400000	42500000	0.0489942
chr1_mat	42500000	42600000	0.0269972
chr1_mat	42600000	42700000	0.0196428
chr1_mat	42700000	42800000	0.0180654
chr1_mat	42800000	42900000	0.0223214
chr1_mat	42900000	43000000	0.0299854
chr1_mat	43000000	43100000	0.0409878
chr1_mat	43100000	43200000	0.0236412
chr1_mat	43200000	43300000	0.0268753
chr1_mat	43300000	43400000	0.0278022
chr1_mat	43400000	43500000	0.0298679
chr1_mat	43500000	43600000	0.0260139
chr1_mat	43600000	43700000	0.0275256
chr1_mat	43700000	43800000	0.0224055
chr1_mat	43800000	43900000	0.0257566
chr1_mat	43900000	44000000	0.0251257
chr1_mat	44000000	44100000	0.0213312
chr1_mat	44100000	44200000	0.0332765
chr1_mat	44200000	44300000	0.0760341
chr1_mat	44300000	44400000	0.0373202
chr1_mat	44400000	44500000	0.0390029
chr1_mat	44500000	44600000	0.0341484
chr1_mat	44600000	44700000	0.0283011
chr1_mat	44700000	44800000	0.0207074
chr1_mat	44800000	44900000	0.024304
chr1_mat	44900000	45000000	0.0217008
chr1_mat	45000000	45100000	0.0244625
chr1_mat	45100000	45200000	0.0381412
chr1_mat	45200000	45300000	0.0195334
chr1_mat	45300000	45400000	0.0249436
chr1_mat	45400000	45500000	0.0265885
chr1_mat	45500000	45600000	0.0280014
chr1_mat	45600000	45700000	0.0235472
chr1_mat	45700000	45800000	0.0558785
chr1_mat	45800000	45900000	
chr1_mat	45900000	46000000	0.0613974
chr1_mat	46000000	46100000	0.0497422
chr1_mat	46100000	46200000	0.0768699
chr1_mat	46200000	46300000	0.0336151
chr1_mat	46300000	46400000	0.0287632
chr1_mat	46400000	46500000	0.0520689
chr1_mat	46500000	46600000	0.0416774
chr1_mat	46600000	46700000	0.0376391
chr1_mat	46700000	46800000	0.0409334
chr1_mat	46800000	46900000	
chr1_mat	46900000	47000000	0.0529232
chr1_mat	47000000	47100000	0.0290117
chr1_mat	47100000	47200000	0.0607221
chr1_mat	47200000	47300000	0.0411921
chr1_mat	47300000	47400000	0.0196414
chr1_mat	47400000	47500000	0.0163656
chr1_mat	47500000	47600000	0.0145455
chr1_mat	47600000	47700000	0.0272011
chr1_mat	47700000	47800000	0.0249713
chr1_mat	47800000	47900000	0.0242316
chr1_mat	47900000	48000000	0.0356685
chr1_mat	48000000	48100000	0.0259866
chr1_mat	48100000	48200000	0.0397672
chr1_mat	48200000	48300000	0.0222828
chr1_mat	48300000	48400000	0.0208388
chr1_mat	48400000	48500000	0.0247489
chr1_mat	48500000	48600000	0.0298098
chr1_mat	48600000	48700000	0.0290691
chr1_mat	48700000	48800000	0.0465289
chr1_mat	48800000	48900000	0.0364606
chr1_mat	48900000	49000000	0.0640882
chr1_mat	49000000	49100000	0.0363974
chr1_mat	49100000	49200000	0.0280197
chr1_mat	49200000	49300000	0.0567577
chr1_mat	49300000	49400000	
chr1_mat	49400000	49500000	0.0739032
chr1_mat	49500000	49600000	0.0326113
chr1_mat	49600000	49700000	0.0420659
chr1_mat	49700000	49800000	0.031436
chr1_mat	49800000	49900000	0.034846
chr1_mat	49900000	50000000	0.0722446
chr1_mat	50000000	50100000	0.0537274
chr1_mat	50100000	50200000	0.0517649
chr1_mat	50200000	50300000	0.025473
chr1_mat	50300000	50400000	0.0346301
chr1_mat	50400000	50500000	0.0258841
chr1_mat	50500000	50600000	0.0286607
chr1_mat	50600000	50700000	0.0275835
chr1_mat	50700000	50800000	0.0281198
chr1_mat	50800000	50900000	0.0364439
chr1_mat	50900000	51000000	0.0307939
chr1_mat	51000000	51100000	0.0300514
chr1_mat	51100000	51200000	0.0255137
chr1_mat	51200000	51300000	0.0314201
chr1_mat	51300000	51400000	0.0342796
chr1_mat	51400000	51500000	0.0359513
chr1_mat	51500000	51600000	0.031145
chr1_mat	51600000	51700000	
chr1_mat	51700000	51800000	
chr1_mat	51800000	51900000	
chr1_mat	51900000	52000000	
chr1_mat	52000000	52100000	
chr1_mat	52100000	52200000	
chr1_mat	52200000	52300000	
chr1_mat	52300000	52400000	
chr1_mat	52400000	52500000	
chr1_mat	52500000	52600000	
chr1_mat	52600000	52700000	
chr1_mat	52700000	52800000	
chr1_mat	52800000	52900000	
chr1_mat	52900000	53000000	
chr1_mat	53000000	53100000	0.0484572
chr1_mat	53100000	53200000	0.0307322
chr1_mat	53200000	53300000	0.0286515
chr1_mat	53300000	53400000	0.0369546
chr1_mat	53400000	53500000	
chr1_mat	53500000	53600000	0.0295928
chr1_mat	53600000	53700000	0.0320419
chr1_mat	53700000	53800000	0.0312603
chr1_mat	53800000	53900000	0.0374883
chr1_mat	53900000	54000000	0.0282379
chr1_mat	54000000	54100000	0.0251406
chr1_mat	54100000	54200000	0.069921
chr1_mat	54200000	54300000	0.0301881
chr1_mat	54300000	54400000	0.0221998
chr1_mat	54400000	54500000	0.0205598
chr1_mat	54500000	54600000	0.03774
chr1_mat	54600000	54700000	0.046776
chr1_mat	54700000	54800000	0.0262394
chr1_mat	54800000	54900000	0.0321045
chr1_mat	54900000	55000000	0.0471206
chr1_mat	55000000	55100000	0.0251087
chr1_mat	55100000	55200000	0.0283588
chr1_mat	55200000	55300000	0.0319787
chr1_mat	55300000	55400000	0.0480541
chr1_mat	55400000	55500000	0.033471
chr1_mat	55500000	55600000	0.0430973
chr1_mat	55600000	55700000	0.0728769
chr1_mat	55700000	55800000	
chr1_mat	55800000	55900000	
chr1_mat	55900000	56000000	
chr1_mat	56000000	56100000	
chr1_mat	56100000	56200000	0.0364983
chr1_mat	56200000	56300000	0.0264016
chr1_mat	56300000	56400000	0.0298279
chr1_mat	56400000	56500000	0.0291225
chr1_mat	56500000	56600000	0.028982
chr1_mat	56600000	56700000	0.0390699
chr1_mat	56700000	56800000	0.0472452
chr1_mat	56800000	56900000	0.064283
chr1_mat	56900000	57000000	
chr1_mat	57000000	57100000	0.0273834
chr1_mat	57100000	57200000	0.0375117
chr1_mat	57200000	57300000	0.0338105
chr1_mat	57300000	57400000	0.0334474
chr1_mat	57400000	57500000	0.031482
chr1_mat	57500000	57600000	0.0384121
chr1_mat	57600000	57700000	0.0184945
chr1_mat	57700000	57800000	0.015724
chr1_mat	57800000	57900000	0.0158589
chr1_mat	57900000	58000000	0.0229105
chr1_mat	58000000	58100000	0.0491209
chr1_mat	58100000	58200000	0.0232824
chr1_mat	58200000	58300000	0.031064
chr1_mat	58300000	58400000	0.0354237
chr1_mat	58400000	58500000	0.0555826
chr1_mat	58500000	58600000	0.0296444
chr1_mat	58600000	58700000	0.0310917
chr1_mat	58700000	58800000	0.0696167
chr1_mat	58800000	58900000	0.0306475
chr1_mat	58900000	59000000	0.026021
chr1_mat	59000000	59100000	0.0214794
chr1_mat	59100000	59200000	0.0219873
chr1_mat	59200000	59300000	0.0241615
chr1_mat	59300000	59400000	0.0395229
chr1_mat	59400000	59500000	0.0197239
chr1_mat	59500000	59600000	0.0168367
chr1_mat	59600000	59700000	0.0196567
chr1_mat	59700000	59800000	0.0214938
chr1_mat	59800000	59900000	0.0139119
chr1_mat	59900000	60000000	0.0214149
chr1_mat	60000000	60100000	0.0181007
chr1_mat	60100000	60200000	0.0177179
chr1_mat	60200000	60300000	0.0171305
chr1_mat	60300000	60400000	0.0260575
chr1_mat	60400000	60500000	0.0219034
chr1_mat	60500000	60600000	0.012861
chr1_mat	60600000	60700000	0.0156957
chr1_mat	60700000	60800000	0.0185456
chr1_mat	60800000	60900000	0.0191753
chr1_mat	60900000	61000000	0.0143687
chr1_mat	61000000	61100000	0.0142799
chr1_mat	61100000	61200000	0.0155164
chr1_mat	61200000	61300000	0.0300711
chr1_mat	61300000	61400000	0.0299239
chr1_mat	61400000	61500000	0.0464721
chr1_mat	61500000	61600000	0.0366573
chr1_mat	61600000	61700000	0.0457252
chr1_mat	61700000	61800000	0.0206953
chr1_mat	61800000	61900000	0.0212207
chr1_mat	61900000	62000000	0.0176423
chr1_mat	62000000	62100000	0.0212799
chr1_mat	62100000	62200000	0.0162767
chr1_mat	62200000	62300000	0.0142506
chr1_mat	62300000	62400000	0.0199889
chr1_mat	62400000	62500000	0.0268833
chr1_mat	62500000	62600000	0.0292643
chr1_mat	62600000	62700000	0.0280587
chr1_mat	62700000	62800000	0.0194262
chr1_mat	62800000	62900000	0.0284586
chr1_mat	62900000	63000000	0.0313729
chr1_mat	63000000	63100000	0.0254749
chr1_mat	63100000	63200000	0.0233095
chr1_mat	63200000	63300000	0.0238945
chr1_mat	63300000	63400000	0.0208275
chr1_mat	63400000	63500000	0.02145
chr1_mat	63500000	63600000	0.0227273
chr1_mat	63600000	63700000	0.0310493
chr1_mat	63700000	63800000	0.0222819
chr1_mat	63800000	63900000	0.0408366
chr1_mat	63900000	64000000	0.0353823
chr1_mat	64000000	64100000	0.0579301
chr1_mat	64100000	64200000	0.0505467
chr1_mat	64200000	64300000	0.0285649
chr1_mat	64300000	64400000	0.0232831
chr1_mat	64400000	64500000	0.0185115
chr1_mat	64500000	64600000	0.0247959
chr1_mat	64600000	64700000	0.0272674
chr1_mat	64700000	64800000	0.0240034
chr1_mat	64800000	64900000	0.0442796
chr1_mat	64900000	65000000	0.0277017
chr1_mat	65000000	65100000	0.0214044
chr1_mat	65100000	65200000	0.0183005
chr1_mat	65200000	65300000	0.0199399
chr1_mat	65300000	65400000	0.022683
chr1_mat	65400000	65500000	0.0288726
chr1_mat	65500000	65600000	0.0270938
chr1_mat	65600000	65700000	0.0190608
chr1_mat	65700000	65800000	0.0212692
chr1_mat	65800000	65900000	0.0196672
chr1_mat	65900000	66000000	0.0195153
chr1_mat	66000000	66100000	0.0179988
chr1_mat	66100000	66200000	0.0175686
chr1_mat	66200000	66300000	0.034187
chr1_mat	66300000	66400000	0.0177453
chr1_mat	66400000	66500000	0.016862
chr1_mat	66500000	66600000	0.017021
chr1_mat	66600000	66700000	0.0162938
chr1_mat	66700000	66800000	0.0209816
chr1_mat	66800000	66900000	0.0226096
chr1_mat	66900000	67000000	0.0183741
chr1_mat	67000000	67100000	0.0139208
chr1_mat	67100000	67200000	0.0239188
chr1_mat	67200000	67300000	0.0220741
chr1_mat	67300000	67400000	0.0140475
chr1_mat	67400000	67500000	0.0254329
chr1_mat	67500000	67600000	0.0161116
chr1_mat	67600000	67700000	0.0173371
chr1_mat	67700000	67800000	0.024081
chr1_mat	67800000	67900000	0.0168852
chr1_mat	67900000	68000000	0.0178392
chr1_mat	68000000	68100000	0.021958
chr1_mat	68100000	68200000	0.0215624
chr1_mat	68200000	68300000	0.0178938
chr1_mat	68300000	68400000	0.0145439
chr1_mat	68400000	68500000	0.0216557
chr1_mat	68500000	68600000	0.0320199
chr1_mat	68600000	68700000	0.0227677
chr1_mat	68700000	68800000	0.0129691
chr1_mat	68800000	68900000	0.019953
chr1_mat	68900000	69000000	0.0197534
chr1_mat	69000000	69100000	0.019056
chr1_mat	69100000	69200000	0.0232272
chr1_mat	69200000	69300000	0.0167747
chr1_mat	69300000	69400000	0.0343763
chr1_mat	69400000	69500000	0.0332451
chr1_mat	69500000	69600000	0.027548
chr1_mat	69600000	69700000	0.0393215
chr1_mat	69700000	69800000	0.0229895
chr1_mat	69800000	69900000	0.0327508
chr1_mat	69900000	70000000	0.0464022
chr1_mat	70000000	70100000	0.0219019
chr1_mat	70100000	70200000	0.0126262
chr1_mat	70200000	70300000	0.016094
chr1_mat	70300000	70400000	0.0216032
chr1_mat	70400000	70500000	0.0180747
chr1_mat	70500000	70600000	0.0188242
chr1_mat	70600000	70700000	0.018159
chr1_mat	70700000	70800000	0.0189356
chr1_mat	70800000	70900000	0.0163147
chr1_mat	70900000	71000000	0.0297712
chr1_mat	71000000	71100000	
chr1_mat	71100000	71200000	0.0154777
chr1_mat	71200000	71300000	0.0441303
chr1_mat	71300000	71400000	0.0304193
chr1_mat	71400000	71500000	0.0298785
chr1_mat	71500000	71600000	0.0233249
chr1_mat	71600000	71700000	0.021856
chr1_mat	71700000	71800000	0.0243475
chr1_mat	71800000	71900000	0.0260258
chr1_mat	71900000	72000000	0.0599531
chr1_mat	72000000	72100000	0.0247695
chr1_mat	72100000	72200000	0.0302916
chr1_mat	72200000	72300000	
chr1_mat	72300000	72400000	0.0225928
chr1_mat	72400000	72500000	0.0269369
chr1_mat	72500000	72600000	0.0238211
chr1_mat	72600000	72700000	0.0216288
chr1_mat	72700000	72800000	0.0214455
chr1_mat	72800000	72900000	0.0189198
chr1_mat	72900000	73000000	0.021366
chr1_mat	73000000	73100000	0.0258709
chr1_mat	73100000	73200000	0.0497971
chr1_mat	73200000	73300000	0.0248024
chr1_mat	73300000	73400000	0.0196173
chr1_mat	73400000	73500000	0.0209858
chr1_mat	73500000	73600000	0.02983
chr1_mat	73600000	73700000	0.0228886
chr1_mat	73700000	73800000	0.0294594
chr1_mat	73800000	73900000	0.023062
chr1_mat	73900000	74000000	0.0208839
chr1_mat	74000000	74100000	0.0224767
chr1_mat	74100000	74200000	0.0366065
chr1_mat	74200000	74300000	0.0203795
chr1_mat	74300000	74400000	0.0620054
chr1_mat	74400000	74500000	0.0563931
chr1_mat	74500000	74600000	0.0242818
chr1_mat	74600000	74700000	0.0219182
chr1_mat	74700000	74800000	0.0208739
chr1_mat	74800000	74900000	0.0228254
chr1_mat	74900000	75000000	0.0164574
chr1_mat	75000000	75100000	0.0245531
chr1_mat	75100000	75200000	0.0248016
chr1_mat	75200000	75300000	0.0200364
chr1_mat	75300000	75400000	0.0208712
chr1_mat	75400000	75500000	0.0175542
chr1_mat	75500000	75600000	0.0169732
chr1_mat	75600000	75700000	0.0220452
chr1_mat	75700000	75800000	0.0221528
chr1_mat	75800000	75900000	0.022921
chr1_mat	75900000	76000000	0.019922
chr1_mat	76000000	76100000	0.0187634
chr1_mat	76100000	76200000	0.0201948
chr1_mat	76200000	76300000	0.0164408
chr1_mat	76300000	76400000	0.0323058
chr1_mat	76400000	76500000	0.0217683
chr1_mat	76500000	76600000	0.019688
chr1_mat	76600000	76700000	0.0168578
chr1_mat	76700000	76800000	0.0164688
chr1_mat	76800000	76900000	0.014266
chr1_mat	76900000	77000000	0.0222168
chr1_mat	77000000	77100000	0.025064
chr1_mat	77100000	77200000	0.0239135
chr1_mat	77200000	77300000	0.0244594
chr1_mat	77300000	77400000	0.0245388
chr1_mat	77400000	77500000	0.0208522
chr1_mat	77500000	77600000	0.0183985
chr1_mat	77600000	77700000	0.0187688
chr1_mat	77700000	77800000	0.021551
chr1_mat	77800000	77900000	0.0242566
chr1_mat	77900000	78000000	0.0186063
chr1_mat	78000000	78100000	0.0280749
chr1_mat	78100000	78200000	0.0336612
chr1_mat	78200000	78300000	0.0243521
chr1_mat	78300000	78400000	0.0218026
chr1_mat	78400000	78500000	0.0148088
chr1_mat	78500000	78600000	0.0152217
chr1_mat	78600000	78700000	0.0264898
chr1_mat	78700000	78800000	0.0311179
chr1_mat	78800000	78900000	0.0248159
chr1_mat	78900000	79000000	0.0178139
chr1_mat	79000000	79100000	0.0317652
chr1_mat	79100000	79200000	0.0220324
chr1_mat	79200000	79300000	0.0218456
chr1_mat	79300000	79400000	0.0228574
chr1_mat	79400000	79500000	0.0220217
chr1_mat	79500000	79600000	0.0381118
chr1_mat	79600000	79700000	0.0265603
chr1_mat	79700000	79800000	0.0469638
chr1_mat	79800000	79900000	0.0389204
chr1_mat	79900000	80000000	0.036133
chr1_mat	80000000	80100000	0.0242513
chr1_mat	80100000	80200000	0.0277332
chr1_mat	80200000	80300000	0.0224705
chr1_mat	80300000	80400000	0.0306975
chr1_mat	80400000	80500000	0.0210308
chr1_mat	80500000	80600000	0.0195052
chr1_mat	80600000	80700000	0.0234421
chr1_mat	80700000	80800000	0.0269917
chr1_mat	80800000	80900000	0.0226931
chr1_mat	80900000	81000000	0.02123
chr1_mat	81000000	81100000	0.0181876
chr1_mat	81100000	81200000	0.0162911
chr1_mat	81200000	81300000	0.0281613
chr1_mat	81300000	81400000	0.0205856
chr1_mat	81400000	81500000	0.0215975
chr1_mat	81500000	81600000	0.0161483
chr1_mat	81600000	81700000	0.0173941
chr1_mat	81700000	81800000	0.0127285
chr1_mat	81800000	81900000	0.0230535
chr1_mat	81900000	82000000	0.0255803
chr1_mat	82000000	82100000	0.0239685
chr1_mat	82100000	82200000	0.0309262
chr1_mat	82200000	82300000	0.0242197
chr1_mat	82300000	82400000	0.0278841
chr1_mat	82400000	82500000	0.0284641
chr1_mat	82500000	82600000	0.0192488
chr1_mat	82600000	82700000	0.017965
chr1_mat	82700000	82800000	0.0162826
chr1_mat	82800000	82900000	0.01549
chr1_mat	82900000	83000000	0.0121201
chr1_mat	83000000	83100000	0.0173782
chr1_mat	83100000	83200000	0.0132911
chr1_mat	83200000	83300000	0.0177361
chr1_mat	83300000	83400000	0.0253855
chr1_mat	83400000	83500000	0.0327136
chr1_mat	83500000	83600000	0.0211481
chr1_mat	83600000	83700000	0.0330596
chr1_mat	83700000	83800000	0.020071
chr1_mat	83800000	83900000	0.0216443
chr1_mat	83900000	84000000	0.0205334
chr1_mat	84000000	84100000	0.0213558
chr1_mat	84100000	84200000	0.0183614
chr1_mat	84200000	84300000	0.0175924
chr1_mat	84300000	84400000	0.0201397
chr1_mat	84400000	84500000	0.0193543
chr1_mat	84500000	84600000	0.060794
chr1_mat	84600000	84700000	0.0752412
chr1_mat	84700000	84800000	0.0148009
chr1_mat	84800000	84900000	0.0147458
chr1_mat	84900000	85000000	0.0148737
chr1_mat	85000000	85100000	0.0168449
chr1_mat	85100000	85200000	0.011233
chr1_mat	85200000	85300000	0.0161063
chr1_mat	85300000	85400000	0.0229873
chr1_mat	85400000	85500000	0.0231847
chr1_mat	85500000	85600000	0.0239171
chr1_mat	85600000	85700000	0.0177645
chr1_mat	85700000	85800000	0.0205171
chr1_mat	85800000	85900000	0.0199791
chr1_mat	85900000	86000000	0.0176242
chr1_mat	86000000	86100000	0.0152801
chr1_mat	86100000	86200000	0.0231032
chr1_mat	86200000	86300000	0.0219042
chr1_mat	86300000	86400000	0.0195946
chr1_mat	86400000	86500000	0.0324949
chr1_mat	86500000	86600000	0.016799
chr1_mat	86600000	86700000	0.0226832
chr1_mat	86700000	86800000	0.0278374
chr1_mat	86800000	86900000	0.0698085
chr1_mat	86900000	87000000	0.0337046
chr1_mat	87000000	87100000	0.0353363
chr1_mat	87100000	87200000	0.0314099
chr1_mat	87200000	87300000	0.0290773
chr1_mat	87300000	87400000	0.0401133
chr1_mat	87400000	87500000	0.0606051
chr1_mat	87500000	87600000	0.0302834
chr1_mat	87600000	87700000	0.0200576
chr1_mat	87700000	87800000	0.0130703
chr1_mat	87800000	87900000	0.0193612
chr1_mat	87900000	88000000	0.0205714
chr1_mat	88000000	88100000	0.0308776
chr1_mat	88100000	88200000	0.0198862
chr1_mat	88200000	88300000	0.0187749
chr1_mat	88300000	88400000	0.0204436
chr1_mat	88400000	88500000	0.0184661
chr1_mat	88500000	88600000	0.020006
chr1_mat	88600000	88700000	0.0195946
chr1_mat	88700000	88800000	0.0201189
chr1_mat	88800000	88900000	0.0123234
chr1_mat	88900000	89000000	0.0182471
chr1_mat	89000000	89100000	0.019534
chr1_mat	89100000	89200000	0.0202286
chr1_mat	89200000	89300000	0.020931
chr1_mat	89300000	89400000	0.0203906
chr1_mat	89400000	89500000	0.013776
chr1_mat	89500000	89600000	0.0199765
chr1_mat	89600000	89700000	0.0256194
chr1_mat	89700000	89800000	0.0202099
chr1_mat	89800000	89900000	0.0134076
chr1_mat	89900000	90000000	0.0129652
chr1_mat	90000000	90100000	0.0131438
chr1_mat	90100000	90200000	0.0138706
chr1_mat	90200000	90300000	0.0170582
chr1_mat	90300000	90400000	0.0190924
chr1_mat	90400000	90500000	0.0178206
chr1_mat	90500000	90600000	0.0147418
chr1_mat	90600000	90700000	0.0257671
chr1_mat	90700000	90800000	0.0231317
chr1_mat	90800000	90900000	0.0207666
chr1_mat	90900000	91000000	0.0216272
chr1_mat	91000000	91100000	0.0176337
chr1_mat	91100000	91200000	0.0210414
chr1_mat	91200000	91300000	0.0162499
chr1_mat	91300000	91400000	0.0121092
chr1_mat	91400000	91500000	0.0153774
chr1_mat	91500000	91600000	0.0205072
chr1_mat	91600000	91700000	0.0186478
chr1_mat	91700000	91800000	0.0241402
chr1_mat	91800000	91900000	0.0196264
chr1_mat	91900000	92000000	0.0225603
chr1_mat	92000000	92100000	0.0226696
chr1_mat	92100000	92200000	0.0187306
chr1_mat	92200000	92300000	0.0176606
chr1_mat	92300000	92400000	0.015086
chr1_mat	92400000	92500000	0.0159236
chr1_mat	92500000	92600000	0.0212683
chr1_mat	92600000	92700000	0.018281
chr1_mat	92700000	92800000	0.0192965
chr1_mat	92800000	92900000	0.0206588
chr1_mat	92900000	93000000	0.0243375
chr1_mat	93000000	93100000	0.0187924
chr1_mat	93100000	93200000	0.0241051
chr1_mat	93200000	93300000	0.0187793
chr1_mat	93300000	93400000	0.0185519
chr1_mat	93400000	93500000	0.0154082
chr1_mat	93500000	93600000	0.0176772
chr1_mat	93600000	93700000	0.0189039
chr1_mat	93700000	93800000	0.0220759
chr1_mat	93800000	93900000	0.0197988
chr1_mat	93900000	94000000	0.0194738
chr1_mat	94000000	94100000	0.0182319
chr1_mat	94100000	94200000	0.0177015
chr1_mat	94200000	94300000	0.0213649
chr1_mat	94300000	94400000	0.0204007
chr1_mat	94400000	94500000	0.0278475
chr1_mat	94500000	94600000	0.0218211
chr1_mat	94600000	94700000	0.0206544
chr1_mat	94700000	94800000	0.0189257
chr1_mat	94800000	94900000	0.0146005
chr1_mat	94900000	95000000	0.0158423
chr1_mat	95000000	95100000	0.0207069
chr1_mat	95100000	95200000	0.0184382
chr1_mat	95200000	95300000	0.0157888
chr1_mat	95300000	95400000	0.0155647
chr1_mat	95400000	95500000	0.0176529
chr1_mat	95500000	95600000	0.0148022
chr1_mat	95600000	95700000	0.0149908
chr1_mat	95700000	95800000	0.0137189
chr1_mat	95800000	95900000	0.0170544
chr1_mat	95900000	96000000	0.015714
chr1_mat	96000000	96100000	0.0172731
chr1_mat	96100000	96200000	0.0180521
chr1_mat	96200000	96300000	0.0167073
chr1_mat	96300000	96400000	0.0167013
chr1_mat	96400000	96500000	0.0185091
chr1_mat	96500000	96600000	0.0157083
chr1_mat	96600000	96700000	0.0145712
chr1_mat	96700000	96800000	0.0154726
chr1_mat	96800000	96900000	0.0139967
chr1_mat	96900000	97000000	0.0188254
chr1_mat	97000000	97100000	0.0164321
chr1_mat	97100000	97200000	0.0185004
chr1_mat	97200000	97300000	0.0166973
chr1_mat	97300000	97400000	0.0136059
chr1_mat	97400000	97500000	0.0167323
chr1_mat	97500000	97600000	0.0262984
chr1_mat	97600000	97700000	0.0168335
chr1_mat	97700000	97800000	0.0130716
chr1_mat	97800000	97900000	0.0123878
chr1_mat	97900000	98000000	0.0175394
chr1_mat	98000000	98100000	0.0161951
chr1_mat	98100000	98200000	0.0154959
chr1_mat	98200000	98300000	0.0165683
chr1_mat	98300000	98400000	0.0177469
chr1_mat	98400000	98500000	0.013407
chr1_mat	98500000	98600000	0.0155016
chr1_mat	98600000	98700000	0.0144697
chr1_mat	98700000	98800000	0.0161662
chr1_mat	98800000	98900000	0.0126987
chr1_mat	98900000	99000000	0.0154535
chr1_mat	99000000	99100000	0.0172403
chr1_mat	99100000	99200000	0.0159396
chr1_mat	99200000	99300000	0.0117423
chr1_mat	99300000	99400000	0.0151349
chr1_mat	99400000	99500000	0.0163124
chr1_mat	99500000	99600000	0.0184885
chr1_mat	99600000	99700000	0.0195735
chr1_mat	99700000	99800000	0.0174745
chr1_mat	99800000	99900000	0.0175984
chr1_mat	99900000	100000000	0.0159136
chr1_mat	100000000	100100000	0.0142563
chr1_mat	100100000	100200000	0.0181431
chr1_mat	100200000	100300000	0.015334
chr1_mat	100300000	100400000	0.0143686
chr1_mat	100400000	100500000	0.0120269
chr1_mat	100500000	100600000	0.0148535
chr1_mat	100600000	100700000	0.016698
chr1_mat	100700000	100800000	0.0161218
chr1_mat	100800000	100900000	0.0142199
chr1_mat	100900000	101000000	0.0145789
chr1_mat	101000000	101100000	0.0157084
chr1_mat	101100000	101200000	0.0154755
chr1_mat	101200000	101300000	0.0164809
chr1_mat	101300000	101400000	0.0164346
chr1_mat	101400000	101500000	0.0176318
chr1_mat	101500000	101600000	0.0129866
chr1_mat	101600000	101700000	0.0142349
chr1_mat	101700000	101800000	0.0167244
chr1_mat	101800000	101900000	0.015565
chr1_mat	101900000	102000000	0.0163668
chr1_mat	102000000	102100000	0.0177473
chr1_mat	102100000	102200000	0.0183644
chr1_mat	102200000	102300000	0.0195215
chr1_mat	102300000	102400000	0.0121894
chr1_mat	102400000	102500000	0.0120673
chr1_mat	102500000	102600000	0.0135486
chr1_mat	102600000	102700000	0.0148744
chr1_mat	102700000	102800000	0.0155407
chr1_mat	102800000	102900000	0.0188889
chr1_mat	102900000	103000000	0.0165188
chr1_mat	103000000	103100000	0.0159353
chr1_mat	103100000	103200000	0.0158422
chr1_mat	103200000	103300000	0.014255
chr1_mat	103300000	103400000	0.0139735
chr1_mat	103400000	103500000	0.0141131
chr1_mat	103500000	103600000	0.0148567
chr1_mat	103600000	103700000	0.0144682
chr1_mat	103700000	103800000	0.0160707
chr1_mat	103800000	103900000	0.0147394
chr1_mat	103900000	104000000	0.0141549
chr1_mat	104000000	104100000	0.0151017
chr1_mat	104100000	104200000	0.0153506
chr1_mat	104200000	104300000	0.0140053
chr1_mat	104300000	104400000	0.0140769
chr1_mat	104400000	104500000	0.0142901
chr1_mat	104500000	104600000	0.01599
chr1_mat	104600000	104700000	0.0151407
chr1_mat	104700000	104800000	0.0140778
chr1_mat	104800000	104900000	0.0129346
chr1_mat	104900000	105000000	0.0130964
chr1_mat	105000000	105100000	0.0191023
chr1_mat	105100000	105200000	0.0158155
chr1_mat	105200000	105300000	0.0154408
chr1_mat	105300000	105400000	0.0140661
chr1_mat	105400000	105500000	0.0156332
chr1_mat	105500000	105600000	0.0143929
chr1_mat	105600000	105700000	0.0137072
chr1_mat	105700000	105800000	0.0139404
chr1_mat	105800000	105900000	0.0145195
chr1_mat	105900000	106000000	0.0183554
chr1_mat	106000000	106100000	0.0157781
chr1_mat	106100000	106200000	0.0148543
chr1_mat	106200000	106300000	0.0170562
chr1_mat	106300000	106400000	0.0140999
chr1_mat	106400000	106500000	0.0159145
chr1_mat	106500000	106600000	0.0140993
chr1_mat	106600000	106700000	0.0149633
chr1_mat	106700000	106800000	0.0129887
chr1_mat	106800000	106900000	0.0137806
chr1_mat	106900000	107000000	0.015429
chr1_mat	107000000	107100000	0.0150325
chr1_mat	107100000	107200000	0.0135936
chr1_mat	107200000	107300000	0.0153194
chr1_mat	107300000	107400000	0.0132232
chr1_mat	107400000	107500000	0.0171735
chr1_mat	107500000	107600000	0.0142642
chr1_mat	107600000	107700000	0.0168609
chr1_mat	107700000	107800000	0.0197683
chr1_mat	107800000	107900000	0.0176351
chr1_mat	107900000	108000000	0.0205835
chr1_mat	108000000	108100000	0.0136449
chr1_mat	108100000	108200000	0.0117408
chr1_mat	108200000	108300000	0.0112509
chr1_mat	108300000	108400000	0.0107034
chr1_mat	108400000	108500000	0.0150656
chr1_mat	108500000	108600000	0.0153756
chr1_mat	108600000	108700000	0.0161665
chr1_mat	108700000	108800000	0.0171537
chr1_mat	108800000	108900000	0.0162179
chr1_mat	108900000	109000000	0.0145918
chr1_mat	109000000	109100000	0.0142724
chr1_mat	109100000	109200000	0.0179019
chr1_mat	109200000	109300000	0.0130594
chr1_mat	109300000	109400000	0.0100319
chr1_mat	109400000	109500000	0.0124376
chr1_mat	109500000	109600000	0.0164304
chr1_mat	109600000	109700000	0.0189043
chr1_mat	109700000	109800000	0.0154415
chr1_mat	109800000	109900000	0.0178188
chr1_mat	109900000	110000000	0.013254
chr1_mat	110000000	110100000	0.0124467
chr1_mat	110100000	110200000	0.0162442
chr1_mat	110200000	110300000	0.0121219
chr1_mat	110300000	110400000	0.03364
chr1_mat	110400000	110500000	
chr1_mat	110500000	110600000	0.0183693
chr1_mat	110600000	110700000	0.0138072
chr1_mat	110700000	110800000	0.0134069
chr1_mat	110800000	110900000	0.0157921
chr1_mat	110900000	111000000	0.0156153
chr1_mat	111000000	111100000	0.0156065
chr1_mat	111100000	111200000	0.0125339
chr1_mat	111200000	111300000	0.0128096
chr1_mat	111300000	111400000	0.0163378
chr1_mat	111400000	111500000	0.0166354
chr1_mat	111500000	111600000	0.0165584
chr1_mat	111600000	111700000	0.0158767
chr1_mat	111700000	111800000	0.0160964
chr1_mat	111800000	111900000	0.0149664
chr1_mat	111900000	112000000	0.0175095
chr1_mat	112000000	112100000	0.0154518
chr1_mat	112100000	112200000	0.0170735
chr1_mat	112200000	112300000	0.0136498
chr1_mat	112300000	112400000	0.0141113
chr1_mat	112400000	112500000	0.0143823
chr1_mat	112500000	112600000	0.0172059
chr1_mat	112600000	112700000	0.0173797
chr1_mat	112700000	112800000	0.0163162
chr1_mat	112800000	112900000	0.0158677
chr1_mat	112900000	113000000	0.0165124
chr1_mat	113000000	113100000	0.0160802
chr1_mat	113100000	113200000	0.0151062
chr1_mat	113200000	113300000	0.0114758
chr1_mat	113300000	113400000	0.0101786
chr1_mat	113400000	113500000	0.0129114
chr1_mat	113500000	113600000	0.0152386
chr1_mat	113600000	113700000	0.0139714
chr1_mat	113700000	113800000	0.0107285
chr1_mat	113800000	113900000	0.0123981
chr1_mat	113900000	114000000	0.0132057
chr1_mat	114000000	114100000	0.0147311
chr1_mat	114100000	114200000	0.0106532
chr1_mat	114200000	114300000	0.0114221
chr1_mat	114300000	114400000	0.013202
chr1_mat	114400000	114500000	0.0124485
chr1_mat	114500000	114600000	0.011239
chr1_mat	114600000	114700000	0.0140939
chr1_mat	114700000	114800000	0.0149662
chr1_mat	114800000	114900000	0.0116692
chr1_mat	114900000	115000000	0.0122404
chr1_mat	115000000	115100000	0.0130928
chr1_mat	115100000	115200000	0.0118151
chr1_mat	115200000	115300000	0.0182729
chr1_mat	115300000	115400000	0.0135969
chr1_mat	115400000	115500000	0.0132436
chr1_mat	115500000	115600000	0.0148639
chr1_mat	115600000	115700000	0.024323
chr1_mat	115700000	115800000	0.0350317
chr1_mat	115800000	115900000	
chr1_mat	115900000	115909749	
chr1A_mat	0	100000	
chr1A_mat	100000	200000	0.092423
chr1A_mat	200000	300000	0.0273274
chr1A_mat	300000	400000	0.0206922
chr1A_mat	400000	500000	0.0145029
chr1A_mat	500000	600000	0.0150075
chr1A_mat	600000	700000	0.0177952
chr1A_mat	700000	800000	0.0205757
chr1A_mat	800000	900000	0.0194619
chr1A_mat	900000	1000000	0.0155977
chr1A_mat	1000000	1100000	0.011819
chr1A_mat	1100000	1200000	0.0125492
chr1A_mat	1200000	1300000	0.0102571
chr1A_mat	1300000	1400000	0.0106473
chr1A_mat	1400000	1500000	0.00945022
chr1A_mat	1500000	1600000	0.00825795
chr1A_mat	1600000	1700000	0.00984185
chr1A_mat	1700000	1800000	0.0120595
chr1A_mat	1800000	1900000	0.0126844
chr1A_mat	1900000	2000000	0.013323
chr1A_mat	2000000	2100000	0.0139654
chr1A_mat	2100000	2200000	0.0133035
chr1A_mat	2200000	2300000	0.01428
chr1A_mat	2300000	2400000	0.0159522
chr1A_mat	2400000	2500000	0.0174462
chr1A_mat	2500000	2600000	0.0164027
chr1A_mat	2600000	2700000	0.016539
chr1A_mat	2700000	2800000	0.016886
chr1A_mat	2800000	2900000	0.0179351
chr1A_mat	2900000	3000000	0.0170227
chr1A_mat	3000000	3100000	0.0177872
chr1A_mat	3100000	3200000	0.0146532
chr1A_mat	3200000	3300000	0.0117855
chr1A_mat	3300000	3400000	0.0123552
chr1A_mat	3400000	3500000	0.0131763
chr1A_mat	3500000	3600000	0.0528043
chr1A_mat	3600000	3700000	
chr1A_mat	3700000	3800000	
chr1A_mat	3800000	3900000	
chr1A_mat	3900000	4000000	
chr1A_mat	4000000	4100000	
chr1A_mat	4100000	4200000	
chr1A_mat	4200000	4300000	
chr1A_mat	4300000	4400000	0.0161534
chr1A_mat	4400000	4500000	0.0156572
chr1A_mat	4500000	4600000	0.0197702
chr1A_mat	4600000	4700000	0.0213052
chr1A_mat	4700000	4800000	0.0168989
chr1A_mat	4800000	4900000	0.0159983
chr1A_mat	4900000	5000000	0.0152453
chr1A_mat	5000000	5100000	0.0144368
chr1A_mat	5100000	5200000	0.0163093
chr1A_mat	5200000	5300000	0.0154698
chr1A_mat	5300000	5400000	0.0150237
chr1A_mat	5400000	5500000	0.0164869
chr1A_mat	5500000	5600000	0.019108
chr1A_mat	5600000	5700000	0.0171051
chr1A_mat	5700000	5800000	0.0177317
chr1A_mat	5800000	5900000	0.0218434
chr1A_mat	5900000	6000000	0.0159935
chr1A_mat	6000000	6100000	0.013048
chr1A_mat	6100000	6200000	0.0118344
chr1A_mat	6200000	6300000	0.0105929
chr1A_mat	6300000	6400000	0.0184961
chr1A_mat	6400000	6500000	0.0166427
chr1A_mat	6500000	6600000	0.018772
chr1A_mat	6600000	6700000	0.0130062
chr1A_mat	6700000	6800000	0.0124004
chr1A_mat	6800000	6900000	0.0168569
chr1A_mat	6900000	7000000	0.0186032
chr1A_mat	7000000	7100000	0.0173528
chr1A_mat	7100000	7200000	0.0167174
chr1A_mat	7200000	7300000	0.0147285
chr1A_mat	7300000	7400000	0.0132148
chr1A_mat	7400000	7500000	0.0130933
chr1A_mat	7500000	7600000	0.0158258
chr1A_mat	7600000	7700000	0.0171175
chr1A_mat	7700000	7800000	0.0156809
chr1A_mat	7800000	7900000	0.0149016
chr1A_mat	7900000	8000000	0.0142038
chr1A_mat	8000000	8100000	0.0167802
chr1A_mat	8100000	8200000	0.0201664
chr1A_mat	8200000	8300000	0.0145672
chr1A_mat	8300000	8400000	0.015083
chr1A_mat	8400000	8500000	0.0156723
chr1A_mat	8500000	8600000	0.0163118
chr1A_mat	8600000	8700000	0.0184645
chr1A_mat	8700000	8800000	0.0175677
chr1A_mat	8800000	8900000	0.0163594
chr1A_mat	8900000	9000000	0.0147881
chr1A_mat	9000000	9100000	0.0141167
chr1A_mat	9100000	9200000	0.0146105
chr1A_mat	9200000	9300000	0.0146232
chr1A_mat	9300000	9400000	0.0160917
chr1A_mat	9400000	9500000	0.0138821
chr1A_mat	9500000	9600000	0.0139328
chr1A_mat	9600000	9700000	0.017087
chr1A_mat	9700000	9800000	0.0184413
chr1A_mat	9800000	9900000	0.0148738
chr1A_mat	9900000	10000000	0.0167447
chr1A_mat	10000000	10100000	0.0163593
chr1A_mat	10100000	10200000	0.018441
chr1A_mat	10200000	10300000	0.014397
chr1A_mat	10300000	10400000	0.0135213
chr1A_mat	10400000	10500000	0.015067
chr1A_mat	10500000	10600000	0.0168405
chr1A_mat	10600000	10700000	0.0158964
chr1A_mat	10700000	10800000	0.0158799
chr1A_mat	10800000	10900000	0.0153733
chr1A_mat	10900000	11000000	0.015362
chr1A_mat	11000000	11100000	0.0155919
chr1A_mat	11100000	11200000	0.0144007
chr1A_mat	11200000	11300000	0.0145439
chr1A_mat	11300000	11400000	0.0146175
chr1A_mat	11400000	11500000	0.0160574
chr1A_mat	11500000	11600000	0.0155035
chr1A_mat	11600000	11700000	0.0150665
chr1A_mat	11700000	11800000	0.0140184
chr1A_mat	11800000	11900000	0.0109461
chr1A_mat	11900000	12000000	0.0127146
chr1A_mat	12000000	12100000	0.0138424
chr1A_mat	12100000	12200000	0.0122907
chr1A_mat	12200000	12300000	0.0120319
chr1A_mat	12300000	12400000	0.0104313
chr1A_mat	12400000	12500000	0.0182611
chr1A_mat	12500000	12600000	0.016763
chr1A_mat	12600000	12700000	0.0187982
chr1A_mat	12700000	12800000	0.0159829
chr1A_mat	12800000	12900000	0.0189902
chr1A_mat	12900000	13000000	0.0173366
chr1A_mat	13000000	13100000	0.0130802
chr1A_mat	13100000	13200000	0.0151943
chr1A_mat	13200000	13300000	0.0170529
chr1A_mat	13300000	13400000	0.013952
chr1A_mat	13400000	13500000	0.0158667
chr1A_mat	13500000	13600000	0.0136905
chr1A_mat	13600000	13700000	0.0142007
chr1A_mat	13700000	13800000	0.015865
chr1A_mat	13800000	13900000	0.0133816
chr1A_mat	13900000	14000000	0.0184432
chr1A_mat	14000000	14100000	0.0135912
chr1A_mat	14100000	14200000	0.0136006
chr1A_mat	14200000	14300000	0.0149204
chr1A_mat	14300000	14400000	0.0156852
chr1A_mat	14400000	14500000	0.0167772
chr1A_mat	14500000	14600000	0.0176319
chr1A_mat	14600000	14700000	0.0202765
chr1A_mat	14700000	14800000	0.0177735
chr1A_mat	14800000	14900000	0.0436582
chr1A_mat	14900000	15000000	0.0167723
chr1A_mat	15000000	15100000	0.0147655
chr1A_mat	15100000	15200000	0.0159457
chr1A_mat	15200000	15300000	0.0197603
chr1A_mat	15300000	15400000	0.0165055
chr1A_mat	15400000	15500000	0.0172185
chr1A_mat	15500000	15600000	0.0189545
chr1A_mat	15600000	15700000	0.0154882
chr1A_mat	15700000	15800000	0.0201508
chr1A_mat	15800000	15900000	0.0230216
chr1A_mat	15900000	16000000	0.0216313
chr1A_mat	16000000	16100000	0.0172919
chr1A_mat	16100000	16200000	0.0226916
chr1A_mat	16200000	16300000	0.0192714
chr1A_mat	16300000	16400000	0.0180871
chr1A_mat	16400000	16500000	0.0163453
chr1A_mat	16500000	16600000	0.0184604
chr1A_mat	16600000	16700000	0.0302093
chr1A_mat	16700000	16800000	0.0255679
chr1A_mat	16800000	16900000	0.0199647
chr1A_mat	16900000	17000000	0.023983
chr1A_mat	17000000	17100000	0.0254836
chr1A_mat	17100000	17200000	0.0213442
chr1A_mat	17200000	17300000	0.0209043
chr1A_mat	17300000	17400000	0.0187212
chr1A_mat	17400000	17500000	0.0212785
chr1A_mat	17500000	17600000	0.0218321
chr1A_mat	17600000	17700000	0.0192708
chr1A_mat	17700000	17800000	0.0185789
chr1A_mat	17800000	17900000	0.0186997
chr1A_mat	17900000	18000000	0.0167889
chr1A_mat	18000000	18100000	0.021572
chr1A_mat	18100000	18200000	0.0207786
chr1A_mat	18200000	18300000	0.0224249
chr1A_mat	18300000	18400000	0.0386378
chr1A_mat	18400000	18500000	0.0248352
chr1A_mat	18500000	18600000	0.0546119
chr1A_mat	18600000	18700000	0.0220634
chr1A_mat	18700000	18800000	0.027065
chr1A_mat	18800000	18900000	0.0211701
chr1A_mat	18900000	19000000	0.0228438
chr1A_mat	19000000	19100000	0.0249242
chr1A_mat	19100000	19200000	0.0201438
chr1A_mat	19200000	19300000	0.0176147
chr1A_mat	19300000	19400000	0.0284306
chr1A_mat	19400000	19500000	0.0125524
chr1A_mat	19500000	19600000	0.0144758
chr1A_mat	19600000	19700000	0.021304
chr1A_mat	19700000	19800000	0.0233711
chr1A_mat	19800000	19900000	0.020661
chr1A_mat	19900000	20000000	0.0200833
chr1A_mat	20000000	20100000	0.0274409
chr1A_mat	20100000	20200000	0.0467737
chr1A_mat	20200000	20300000	0.0268341
chr1A_mat	20300000	20400000	0.0265756
chr1A_mat	20400000	20500000	0.0234486
chr1A_mat	20500000	20600000	0.0212769
chr1A_mat	20600000	20700000	0.0198026
chr1A_mat	20700000	20800000	0.0224536
chr1A_mat	20800000	20900000	0.0159526
chr1A_mat	20900000	21000000	0.0153078
chr1A_mat	21000000	21100000	0.0182017
chr1A_mat	21100000	21200000	0.0197552
chr1A_mat	21200000	21300000	0.0199863
chr1A_mat	21300000	21400000	0.0199728
chr1A_mat	21400000	21500000	0.0142791
chr1A_mat	21500000	21600000	0.0198765
chr1A_mat	21600000	21700000	0.026586
chr1A_mat	21700000	21800000	0.026923
chr1A_mat	21800000	21900000	0.0238884
chr1A_mat	21900000	22000000	0.0251118
chr1A_mat	22000000	22100000	0.0178322
chr1A_mat	22100000	22200000	0.0248946
chr1A_mat	22200000	22300000	0.0188072
chr1A_mat	22300000	22400000	0.0191828
chr1A_mat	22400000	22500000	0.0188777
chr1A_mat	22500000	22600000	0.0201011
chr1A_mat	22600000	22700000	0.020956
chr1A_mat	22700000	22800000	0.0218181
chr1A_mat	22800000	22900000	0.0298488
chr1A_mat	22900000	23000000	0.0216793
chr1A_mat	23000000	23100000	0.0248893
chr1A_mat	23100000	23200000	0.0296288
chr1A_mat	23200000	23300000	0.0246679
chr1A_mat	23300000	23400000	0.024015
chr1A_mat	23400000	23500000	0.0261365
chr1A_mat	23500000	23600000	0.021644
chr1A_mat	23600000	23700000	0.0291787
chr1A_mat	23700000	23800000	0.0259599
chr1A_mat	23800000	23900000	0.0261701
chr1A_mat	23900000	24000000	0.0152203
chr1A_mat	24000000	24100000	0.0195278
chr1A_mat	24100000	24200000	0.0331806
chr1A_mat	24200000	24300000	0.0214208
chr1A_mat	24300000	24400000	0.0183906
chr1A_mat	24400000	24500000	0.0299723
chr1A_mat	24500000	24600000	0.0532906
chr1A_mat	24600000	24700000	0.0355029
chr1A_mat	24700000	24800000	0.0611594
chr1A_mat	24800000	24900000	0.0435964
chr1A_mat	24900000	25000000	0.0239464
chr1A_mat	25000000	25100000	0.0323753
chr1A_mat	25100000	25200000	0.0507034
chr1A_mat	25200000	25300000	0.0303586
chr1A_mat	25300000	25400000	0.0296782
chr1A_mat	25400000	25500000	0.0289572
chr1A_mat	25500000	25600000	0.0456551
chr1A_mat	25600000	25700000	0.0255568
chr1A_mat	25700000	25800000	0.0262305
chr1A_mat	25800000	25900000	0.0258793
chr1A_mat	25900000	26000000	0.0221933
chr1A_mat	26000000	26100000	0.0141537
chr1A_mat	26100000	26200000	0.0218782
chr1A_mat	26200000	26300000	0.0328268
chr1A_mat	26300000	26400000	0.026181
chr1A_mat	26400000	26500000	0.0190056
chr1A_mat	26500000	26600000	0.02514
chr1A_mat	26600000	26700000	0.0248892
chr1A_mat	26700000	26800000	0.0307642
chr1A_mat	26800000	26900000	0.0342566
chr1A_mat	26900000	27000000	0.0216935
chr1A_mat	27000000	27100000	0.0198263
chr1A_mat	27100000	27200000	0.0242348
chr1A_mat	27200000	27300000	0.0572273
chr1A_mat	27300000	27400000	0.0232793
chr1A_mat	27400000	27500000	0.0157001
chr1A_mat	27500000	27600000	0.0185528
chr1A_mat	27600000	27700000	0.0214528
chr1A_mat	27700000	27800000	0.0234832
chr1A_mat	27800000	27900000	0.0269786
chr1A_mat	27900000	28000000	0.0209459
chr1A_mat	28000000	28100000	0.0305156
chr1A_mat	28100000	28200000	0.0276667
chr1A_mat	28200000	28300000	0.0301814
chr1A_mat	28300000	28400000	0.0255673
chr1A_mat	28400000	28500000	0.0139751
chr1A_mat	28500000	28600000	0.0225674
chr1A_mat	28600000	28700000	0.0240512
chr1A_mat	28700000	28800000	0.0290635
chr1A_mat	28800000	28900000	0.0585461
chr1A_mat	28900000	29000000	0.0173095
chr1A_mat	29000000	29100000	0.0240476
chr1A_mat	29100000	29200000	0.0249466
chr1A_mat	29200000	29300000	0.0253232
chr1A_mat	29300000	29400000	0.0231898
chr1A_mat	29400000	29500000	0.0245757
chr1A_mat	29500000	29600000	0.0199226
chr1A_mat	29600000	29700000	0.0201677
chr1A_mat	29700000	29800000	0.0319805
chr1A_mat	29800000	29900000	0.0173915
chr1A_mat	29900000	30000000	0.0280295
chr1A_mat	30000000	30100000	0.0299422
chr1A_mat	30100000	30200000	0.0274544
chr1A_mat	30200000	30300000	0.0207386
chr1A_mat	30300000	30400000	0.0245662
chr1A_mat	30400000	30500000	0.073585
chr1A_mat	30500000	30600000	0.045581
chr1A_mat	30600000	30700000	0.0368752
chr1A_mat	30700000	30800000	0.0385242
chr1A_mat	30800000	30900000	0.0746467
chr1A_mat	30900000	31000000	0.0307832
chr1A_mat	31000000	31100000	0.0322225
chr1A_mat	31100000	31200000	0.0755187
chr1A_mat	31200000	31300000	0.0360727
chr1A_mat	31300000	31400000	0.036073
chr1A_mat	31400000	31500000	0.0298815
chr1A_mat	31500000	31600000	0.0487548
chr1A_mat	31600000	31700000	0.0221002
chr1A_mat	31700000	31800000	0.0199858
chr1A_mat	31800000	31900000	0.0260126
chr1A_mat	31900000	32000000	0.0176313
chr1A_mat	32000000	32100000	0.0277296
chr1A_mat	32100000	32200000	0.0190747
chr1A_mat	32200000	32300000	0.0202822
chr1A_mat	32300000	32400000	0.014211
chr1A_mat	32400000	32500000	0.0202032
chr1A_mat	32500000	32600000	0.016945
chr1A_mat	32600000	32700000	0.0219887
chr1A_mat	32700000	32800000	0.0229634
chr1A_mat	32800000	32900000	0.0381618
chr1A_mat	32900000	33000000	0.0391909
chr1A_mat	33000000	33100000	0.0307214
chr1A_mat	33100000	33200000	0.0177262
chr1A_mat	33200000	33300000	0.0289788
chr1A_mat	33300000	33400000	0.0228542
chr1A_mat	33400000	33500000	0.0214107
chr1A_mat	33500000	33600000	0.015563
chr1A_mat	33600000	33700000	0.0251097
chr1A_mat	33700000	33800000	0.0269414
chr1A_mat	33800000	33900000	0.0238365
chr1A_mat	33900000	34000000	0.0194363
chr1A_mat	34000000	34100000	0.0211766
chr1A_mat	34100000	34200000	0.0216715
chr1A_mat	34200000	34300000	0.0318814
chr1A_mat	34300000	34400000	0.0221886
chr1A_mat	34400000	34500000	0.0238427
chr1A_mat	34500000	34600000	
chr1A_mat	34600000	34700000	
chr1A_mat	34700000	34800000	0.0342506
chr1A_mat	34800000	34900000	
chr1A_mat	34900000	35000000	0.036745
chr1A_mat	35000000	35100000	0.0287986
chr1A_mat	35100000	35200000	0.0218178
chr1A_mat	35200000	35300000	0.0229492
chr1A_mat	35300000	35400000	0.0310116
chr1A_mat	35400000	35500000	
chr1A_mat	35500000	35600000	0.0475407
chr1A_mat	35600000	35700000	0.0362228
chr1A_mat	35700000	35800000	0.035435
chr1A_mat	35800000	35900000	0.0439744
chr1A_mat	35900000	36000000	0.0320275
chr1A_mat	36000000	36100000	0.0257505
chr1A_mat	36100000	36200000	0.0275715
chr1A_mat	36200000	36300000	0.0245463
chr1A_mat	36300000	36400000	0.0250802
chr1A_mat	36400000	36500000	0.0179852
chr1A_mat	36500000	36600000	0.0230129
chr1A_mat	36600000	36700000	0.0236592
chr1A_mat	36700000	36800000	0.020569
chr1A_mat	36800000	36900000	0.0678426
chr1A_mat	36900000	37000000	0.0331636
chr1A_mat	37000000	37100000	0.02496
chr1A_mat	37100000	37200000	0.0300566
chr1A_mat	37200000	37300000	0.0263393
chr1A_mat	37300000	37400000	0.0606412
chr1A_mat	37400000	37500000	
chr1A_mat	37500000	37600000	0.0319112
chr1A_mat	37600000	37700000	
chr1A_mat	37700000	37800000	0.0300988
chr1A_mat	37800000	37900000	0.0274272
chr1A_mat	37900000	38000000	0.0373847
chr1A_mat	38000000	38100000	0.0295861
chr1A_mat	38100000	38200000	0.0287087
chr1A_mat	38200000	38300000	0.0277032
chr1A_mat	38300000	38400000	0.0193697
chr1A_mat	38400000	38500000	0.0209985
chr1A_mat	38500000	38600000	0.0279093
chr1A_mat	38600000	38700000	0.0287159
chr1A_mat	38700000	38800000	0.0235684
chr1A_mat	38800000	38900000	0.0844197
chr1A_mat	38900000	39000000	0.0230999
chr1A_mat	39000000	39100000	0.0238776
chr1A_mat	39100000	39200000	0.0300253
chr1A_mat	39200000	39300000	0.0178906
chr1A_mat	39300000	39400000	0.0329214
chr1A_mat	39400000	39500000	0.0312783
chr1A_mat	39500000	39600000	0.0226465
chr1A_mat	39600000	39700000	0.0301903
chr1A_mat	39700000	39800000	0.0350379
chr1A_mat	39800000	39900000	0.0336928
chr1A_mat	39900000	40000000	0.0310861
chr1A_mat	40000000	40100000	0.0398183
chr1A_mat	40100000	40200000	0.0115578
chr1A_mat	40200000	40300000	0.03643
chr1A_mat	40300000	40400000	0.044903
chr1A_mat	40400000	40500000	0.050828
chr1A_mat	40500000	40600000	0.0235893
chr1A_mat	40600000	40700000	0.0319117
chr1A_mat	40700000	40800000	0.0319211
chr1A_mat	40800000	40900000	0.0247659
chr1A_mat	40900000	41000000	0.0211864
chr1A_mat	41000000	41100000	0.0289185
chr1A_mat	41100000	41200000	0.0240938
chr1A_mat	41200000	41300000	0.0236002
chr1A_mat	41300000	41400000	
chr1A_mat	41400000	41500000	
chr1A_mat	41500000	41600000	0.0403083
chr1A_mat	41600000	41700000	0.0380978
chr1A_mat	41700000	41800000	0.0407914
chr1A_mat	41800000	41900000	0.0426393
chr1A_mat	41900000	42000000	0.0503637
chr1A_mat	42000000	42100000	
chr1A_mat	42100000	42200000	0.0662621
chr1A_mat	42200000	42300000	0.0309028
chr1A_mat	42300000	42400000	0.0415362
chr1A_mat	42400000	42500000	0.0295466
chr1A_mat	42500000	42600000	0.0284797
chr1A_mat	42600000	42700000	0.0324781
chr1A_mat	42700000	42800000	0.0280422
chr1A_mat	42800000	42900000	0.0234177
chr1A_mat	42900000	43000000	0.0191701
chr1A_mat	43000000	43100000	0.0249643
chr1A_mat	43100000	43200000	0.024134
chr1A_mat	43200000	43300000	0.0203272
chr1A_mat	43300000	43400000	0.0276318
chr1A_mat	43400000	43500000	0.027017
chr1A_mat	43500000	43600000	0.0206254
chr1A_mat	43600000	43700000	0.0292617
chr1A_mat	43700000	43800000	0.0128717
chr1A_mat	43800000	43900000	0.0168833
chr1A_mat	43900000	44000000	0.0146528
chr1A_mat	44000000	44100000	0.0236361
chr1A_mat	44100000	44200000	0.0411876
chr1A_mat	44200000	44300000	0.0299884
chr1A_mat	44300000	44400000	0.0190771
chr1A_mat	44400000	44500000	0.0217556
chr1A_mat	44500000	44600000	0.0290938
chr1A_mat	44600000	44700000	0.0313461
chr1A_mat	44700000	44800000	0.0314155
chr1A_mat	44800000	44900000	0.0418188
chr1A_mat	44900000	45000000	0.0407334
chr1A_mat	45000000	45100000	0.0121449
chr1A_mat	45100000	45200000	0.026092
chr1A_mat	45200000	45300000	0.0219137
chr1A_mat	45300000	45400000	0.0307918
chr1A_mat	45400000	45500000	0.028868
chr1A_mat	45500000	45600000	0.0320181
chr1A_mat	45600000	45700000	0.0277209
chr1A_mat	45700000	45800000	0.0247911
chr1A_mat	45800000	45900000	0.0202662
chr1A_mat	45900000	46000000	0.0242299
chr1A_mat	46000000	46100000	0.0193224
chr1A_mat	46100000	46200000	0.0336506
chr1A_mat	46200000	46300000	0.0375935
chr1A_mat	46300000	46400000	0.0158829
chr1A_mat	46400000	46500000	0.0117286
chr1A_mat	46500000	46600000	0.0143496
chr1A_mat	46600000	46700000	0.028402
chr1A_mat	46700000	46800000	0.0260891
chr1A_mat	46800000	46900000	0.0359726
chr1A_mat	46900000	47000000	0.0360717
chr1A_mat	47000000	47100000	0.026803
chr1A_mat	47100000	47200000	0.0203297
chr1A_mat	47200000	47300000	0.0197236
chr1A_mat	47300000	47400000	0.0328669
chr1A_mat	47400000	47500000	0.0216147
chr1A_mat	47500000	47600000	0.019082
chr1A_mat	47600000	47700000	0.0279369
chr1A_mat	47700000	47800000	0.0177419
chr1A_mat	47800000	47900000	0.0186598
chr1A_mat	47900000	48000000	0.0139619
chr1A_mat	48000000	48100000	0.0159408
chr1A_mat	48100000	48200000	0.0151825
chr1A_mat	48200000	48300000	0.0267079
chr1A_mat	48300000	48400000	0.0153439
chr1A_mat	48400000	48500000	0.0173696
chr1A_mat	48500000	48600000	0.0173808
chr1A_mat	48600000	48700000	0.0197826
chr1A_mat	48700000	48800000	0.0198469
chr1A_mat	48800000	48900000	0.0252689
chr1A_mat	48900000	49000000	0.0285393
chr1A_mat	49000000	49100000	0.0316398
chr1A_mat	49100000	49200000	0.0143336
chr1A_mat	49200000	49300000	0.0168302
chr1A_mat	49300000	49400000	0.0190017
chr1A_mat	49400000	49500000	0.0171316
chr1A_mat	49500000	49600000	0.0181337
chr1A_mat	49600000	49700000	0.0171788
chr1A_mat	49700000	49800000	0.0119224
chr1A_mat	49800000	49900000	0.0171204
chr1A_mat	49900000	50000000	0.0248189
chr1A_mat	50000000	50100000	0.0215902
chr1A_mat	50100000	50200000	0.0183595
chr1A_mat	50200000	50300000	0.020159
chr1A_mat	50300000	50400000	0.0165809
chr1A_mat	50400000	50500000	0.018381
chr1A_mat	50500000	50600000	0.0229331
chr1A_mat	50600000	50700000	0.0283821
chr1A_mat	50700000	50800000	0.0185048
chr1A_mat	50800000	50900000	0.0164007
chr1A_mat	50900000	51000000	0.0225363
chr1A_mat	51000000	51100000	0.0262157
chr1A_mat	51100000	51200000	0.0252839
chr1A_mat	51200000	51300000	0.0230502
chr1A_mat	51300000	51400000	0.0211211
chr1A_mat	51400000	51500000	0.0214209
chr1A_mat	51500000	51600000	0.02317
chr1A_mat	51600000	51700000	0.0216666
chr1A_mat	51700000	51800000	0.015607
chr1A_mat	51800000	51900000	0.0148592
chr1A_mat	51900000	52000000	0.0154679
chr1A_mat	52000000	52100000	0.0181565
chr1A_mat	52100000	52200000	0.0218269
chr1A_mat	52200000	52300000	0.0148949
chr1A_mat	52300000	52400000	0.0173085
chr1A_mat	52400000	52500000	0.0176793
chr1A_mat	52500000	52600000	0.0111112
chr1A_mat	52600000	52700000	0.0304297
chr1A_mat	52700000	52800000	0.0206384
chr1A_mat	52800000	52900000	0.0184134
chr1A_mat	52900000	53000000	0.0173616
chr1A_mat	53000000	53100000	0.0205336
chr1A_mat	53100000	53200000	0.0200518
chr1A_mat	53200000	53300000	0.0166052
chr1A_mat	53300000	53400000	0.0135514
chr1A_mat	53400000	53500000	0.0182501
chr1A_mat	53500000	53600000	0.0214367
chr1A_mat	53600000	53700000	0.0209001
chr1A_mat	53700000	53800000	0.0211083
chr1A_mat	53800000	53900000	0.0288896
chr1A_mat	53900000	54000000	0.0184792
chr1A_mat	54000000	54100000	0.0145397
chr1A_mat	54100000	54200000	0.0188376
chr1A_mat	54200000	54300000	0.0155147
chr1A_mat	54300000	54400000	0.0158404
chr1A_mat	54400000	54500000	0.0225184
chr1A_mat	54500000	54600000	0.0201768
chr1A_mat	54600000	54700000	0.023081
chr1A_mat	54700000	54800000	0.0203604
chr1A_mat	54800000	54900000	0.020815
chr1A_mat	54900000	55000000	0.0203609
chr1A_mat	55000000	55100000	0.0213723
chr1A_mat	55100000	55200000	0.0192068
chr1A_mat	55200000	55300000	0.0176119
chr1A_mat	55300000	55400000	0.0189565
chr1A_mat	55400000	55500000	0.0110505
chr1A_mat	55500000	55600000	0.0133536
chr1A_mat	55600000	55700000	0.0195703
chr1A_mat	55700000	55800000	0.0200335
chr1A_mat	55800000	55900000	0.0127934
chr1A_mat	55900000	56000000	0.0191239
chr1A_mat	56000000	56100000	0.01948
chr1A_mat	56100000	56200000	0.0215608
chr1A_mat	56200000	56300000	0.0155932
chr1A_mat	56300000	56400000	0.016178
chr1A_mat	56400000	56500000	0.0174145
chr1A_mat	56500000	56600000	0.0199328
chr1A_mat	56600000	56700000	0.0202482
chr1A_mat	56700000	56800000	0.0190635
chr1A_mat	56800000	56900000	0.0213608
chr1A_mat	56900000	57000000	0.0241784
chr1A_mat	57000000	57100000	0.0201903
chr1A_mat	57100000	57200000	0.0216575
chr1A_mat	57200000	57300000	0.0183636
chr1A_mat	57300000	57400000	0.0205972
chr1A_mat	57400000	57500000	0.0214895
chr1A_mat	57500000	57600000	0.0212418
chr1A_mat	57600000	57700000	0.0146513
chr1A_mat	57700000	57800000	0.0185085
chr1A_mat	57800000	57900000	0.0184684
chr1A_mat	57900000	58000000	0.0200539
chr1A_mat	58000000	58100000	0.0225206
chr1A_mat	58100000	58200000	0.0320376
chr1A_mat	58200000	58300000	
chr1A_mat	58300000	58400000	0.0491839
chr1A_mat	58400000	58500000	0.0836357
chr1A_mat	58500000	58600000	0.0657395
chr1A_mat	58600000	58700000	
chr1A_mat	58700000	58800000	
chr1A_mat	58800000	58900000	
chr1A_mat	58900000	59000000	
chr1A_mat	59000000	59100000	
chr1A_mat	59100000	59200000	
chr1A_mat	59200000	59300000	
chr1A_mat	59300000	59400000	
chr1A_mat	59400000	59500000	
chr1A_mat	59500000	59600000	
chr1A_mat	59600000	59700000	
chr1A_mat	59700000	59800000	
chr1A_mat	59800000	59900000	
chr1A_mat	59900000	60000000	
chr1A_mat	60000000	60100000	
chr1A_mat	60100000	60200000	
chr1A_mat	60200000	60300000	
chr1A_mat	60300000	60400000	
chr1A_mat	60400000	60500000	
chr1A_mat	60500000	60600000	
chr1A_mat	60600000	60700000	
chr1A_mat	60700000	60800000	0.0321817
chr1A_mat	60800000	60900000	0.0223106
chr1A_mat	60900000	61000000	0.0439612
chr1A_mat	61000000	61100000	0.0205391
chr1A_mat	61100000	61200000	0.0198691
chr1A_mat	61200000	61300000	0.0219867
chr1A_mat	61300000	61400000	0.024601
chr1A_mat	61400000	61500000	0.0197233
chr1A_mat	61500000	61600000	0.0255023
chr1A_mat	61600000	61700000	0.0240257
chr1A_mat	61700000	61800000	0.0249462
chr1A_mat	61800000	61900000	0.0248987
chr1A_mat	61900000	62000000	0.0233255
chr1A_mat	62000000	62100000	0.0238864
chr1A_mat	62100000	62200000	0.0229283
chr1A_mat	62200000	62300000	0.0151563
chr1A_mat	62300000	62400000	0.0197324
chr1A_mat	62400000	62500000	0.0232274
chr1A_mat	62500000	62600000	0.0261556
chr1A_mat	62600000	62700000	0.015354
chr1A_mat	62700000	62800000	0.0194671
chr1A_mat	62800000	62900000	0.0236663
chr1A_mat	62900000	63000000	0.0245238
chr1A_mat	63000000	63100000	0.0207319
chr1A_mat	63100000	63200000	0.0217478
chr1A_mat	63200000	63300000	0.0169339
chr1A_mat	63300000	63400000	0.0158073
chr1A_mat	63400000	63500000	0.0167717
chr1A_mat	63500000	63600000	0.0198065
chr1A_mat	63600000	63700000	0.0194022
chr1A_mat	63700000	63800000	0.017675
chr1A_mat	63800000	63900000	0.0137522
chr1A_mat	63900000	64000000	0.0191986
chr1A_mat	64000000	64100000	0.0158261
chr1A_mat	64100000	64200000	0.0124182
chr1A_mat	64200000	64300000	0.0211424
chr1A_mat	64300000	64400000	0.0235515
chr1A_mat	64400000	64500000	0.0234841
chr1A_mat	64500000	64600000	0.0240966
chr1A_mat	64600000	64700000	0.0251461
chr1A_mat	64700000	64800000	0.0219406
chr1A_mat	64800000	64900000	0.0185735
chr1A_mat	64900000	65000000	0.0133283
chr1A_mat	65000000	65100000	0.0145773
chr1A_mat	65100000	65200000	0.0178826
chr1A_mat	65200000	65300000	0.0212125
chr1A_mat	65300000	65400000	0.0124078
chr1A_mat	65400000	65500000	
chr1A_mat	65500000	65600000	
chr1A_mat	65600000	65700000	0.0226112
chr1A_mat	65700000	65800000	0.0201726
chr1A_mat	65800000	65900000	0.0217621
chr1A_mat	65900000	66000000	0.0194879
chr1A_mat	66000000	66100000	0.0186001
chr1A_mat	66100000	66200000	0.0166577
chr1A_mat	66200000	66300000	0.014821
chr1A_mat	66300000	66400000	0.0193621
chr1A_mat	66400000	66500000	0.019429
chr1A_mat	66500000	66600000	0.0213994
chr1A_mat	66600000	66700000	0.0180945
chr1A_mat	66700000	66800000	0.0186483
chr1A_mat	66800000	66900000	0.019022
chr1A_mat	66900000	67000000	0.020396
chr1A_mat	67000000	67100000	0.0194933
chr1A_mat	67100000	67200000	0.0206438
chr1A_mat	67200000	67300000	0.023811
chr1A_mat	67300000	67400000	0.0206786
chr1A_mat	67400000	67500000	0.020151
chr1A_mat	67500000	67600000	0.0182572
chr1A_mat	67600000	67700000	0.0209852
chr1A_mat	67700000	67800000	0.02236
chr1A_mat	67800000	67900000	0.0197264
chr1A_mat	67900000	68000000	0.0212513
chr1A_mat	68000000	68100000	0.0201674
chr1A_mat	68100000	68200000	0.0226366
chr1A_mat	68200000	68300000	0.0258486
chr1A_mat	68300000	68400000	0.0196669
chr1A_mat	68400000	68500000	0.016388
chr1A_mat	68500000	68600000	0.0147561
chr1A_mat	68600000	68700000	0.0172041
chr1A_mat	68700000	68800000	0.016327
chr1A_mat	68800000	68900000	0.0174585
chr1A_mat	68900000	69000000	0.0223352
chr1A_mat	69000000	69100000	0.0212209
chr1A_mat	69100000	69200000	0.0234657
chr1A_mat	69200000	69300000	0.02291
chr1A_mat	69300000	69400000	0.0200186
chr1A_mat	69400000	69500000	0.0228871
chr1A_mat	69500000	69600000	0.0166717
chr1A_mat	69600000	69700000	0.0210393
chr1A_mat	69700000	69800000	0.0231504
chr1A_mat	69800000	69900000	0.0170083
chr1A_mat	69900000	70000000	0.0149899
chr1A_mat	70000000	70100000	0.0144743
chr1A_mat	70100000	70200000	0.022254
chr1A_mat	70200000	70300000	0.0133194
chr1A_mat	70300000	70400000	0.020242
chr1A_mat	70400000	70500000	0.0227196
chr1A_mat	70500000	70600000	0.017528
chr1A_mat	70600000	70700000	0.0232026
chr1A_mat	70700000	70800000	0.0228104
chr1A_mat	70800000	70900000	0.0229501
chr1A_mat	70900000	71000000	0.0245521
chr1A_mat	71000000	71100000	0.019905
chr1A_mat	71100000	71200000	0.0230116
chr1A_mat	71200000	71300000	0.0222474
chr1A_mat	71300000	71400000	0.0222717
chr1A_mat	71400000	71500000	0.019187
chr1A_mat	71500000	71600000	0.01662
chr1A_mat	71600000	71700000	0.0236477
chr1A_mat	71700000	71800000	0.0364319
chr1A_mat	71800000	71900000	0.0785785
chr1A_mat	71900000	72000000	
chr1A_mat	72000000	72089520	
chr2_mat	0	100000	
chr2_mat	100000	200000	0.0689119
chr2_mat	200000	300000	0.0320131
chr2_mat	300000	400000	0.0280896
chr2_mat	400000	500000	0.0221406
chr2_mat	500000	600000	0.0270783
chr2_mat	600000	700000	0.0152982
chr2_mat	700000	800000	0.0123433
chr2_mat	800000	900000	0.0128033
chr2_mat	900000	1000000	0.0162966
chr2_mat	1000000	1100000	0.0134277
chr2_mat	1100000	1200000	0.0107014
chr2_mat	1200000	1300000	0.0148894
chr2_mat	1300000	1400000	0.0112193
chr2_mat	1400000	1500000	0.0126952
chr2_mat	1500000	1600000	0.0131523
chr2_mat	1600000	1700000	0.0102906
chr2_mat	1700000	1800000	0.0135258
chr2_mat	1800000	1900000	0.0146284
chr2_mat	1900000	2000000	0.0158411
chr2_mat	2000000	2100000	0.0169494
chr2_mat	2100000	2200000	0.0204465
chr2_mat	2200000	2300000	0.0184105
chr2_mat	2300000	2400000	0.0184926
chr2_mat	2400000	2500000	0.0127463
chr2_mat	2500000	2600000	0.012486
chr2_mat	2600000	2700000	0.0127921
chr2_mat	2700000	2800000	0.013399
chr2_mat	2800000	2900000	0.0160391
chr2_mat	2900000	3000000	0.0172502
chr2_mat	3000000	3100000	0.0162847
chr2_mat	3100000	3200000	0.0165097
chr2_mat	3200000	3300000	0.0152999
chr2_mat	3300000	3400000	0.016141
chr2_mat	3400000	3500000	0.0161415
chr2_mat	3500000	3600000	0.0168777
chr2_mat	3600000	3700000	0.0168377
chr2_mat	3700000	3800000	0.0167719
chr2_mat	3800000	3900000	0.0169211
chr2_mat	3900000	4000000	0.0165191
chr2_mat	4000000	4100000	0.0173254
chr2_mat	4100000	4200000	0.0177234
chr2_mat	4200000	4300000	0.015684
chr2_mat	4300000	4400000	0.0186179
chr2_mat	4400000	4500000	0.0199153
chr2_mat	4500000	4600000	0.0184133
chr2_mat	4600000	4700000	0.01773
chr2_mat	4700000	4800000	0.0181104
chr2_mat	4800000	4900000	0.0148608
chr2_mat	4900000	5000000	0.0156285
chr2_mat	5000000	5100000	0.0157947
chr2_mat	5100000	5200000	0.01796
chr2_mat	5200000	5300000	0.0166786
chr2_mat	5300000	5400000	0.0114288
chr2_mat	5400000	5500000	0.017116
chr2_mat	5500000	5600000	0.0204935
chr2_mat	5600000	5700000	0.0201988
chr2_mat	5700000	5800000	0.0191774
chr2_mat	5800000	5900000	0.0208302
chr2_mat	5900000	6000000	0.0225657
chr2_mat	6000000	6100000	0.019256
chr2_mat	6100000	6200000	0.0204463
chr2_mat	6200000	6300000	0.0187498
chr2_mat	6300000	6400000	0.0155219
chr2_mat	6400000	6500000	0.0127088
chr2_mat	6500000	6600000	0.0180361
chr2_mat	6600000	6700000	0.0136778
chr2_mat	6700000	6800000	0.0130068
chr2_mat	6800000	6900000	0.0148487
chr2_mat	6900000	7000000	0.0168329
chr2_mat	7000000	7100000	0.0188685
chr2_mat	7100000	7200000	0.0194422
chr2_mat	7200000	7300000	0.0200519
chr2_mat	7300000	7400000	0.0211174
chr2_mat	7400000	7500000	0.02043
chr2_mat	7500000	7600000	0.0188292
chr2_mat	7600000	7700000	0.0212701
chr2_mat	7700000	7800000	0.020535
chr2_mat	7800000	7900000	0.0182773
chr2_mat	7900000	8000000	0.0181562
chr2_mat	8000000	8100000	0.0192307
chr2_mat	8100000	8200000	0.0221799
chr2_mat	8200000	8300000	0.016281
chr2_mat	8300000	8400000	0.013278
chr2_mat	8400000	8500000	0.0213897
chr2_mat	8500000	8600000	0.0198872
chr2_mat	8600000	8700000	0.0201984
chr2_mat	8700000	8800000	0.0183257
chr2_mat	8800000	8900000	0.0153336
chr2_mat	8900000	9000000	0.0160311
chr2_mat	9000000	9100000	0.0117198
chr2_mat	9100000	9200000	0.0205099
chr2_mat	9200000	9300000	0.0209227
chr2_mat	9300000	9400000	0.0209727
chr2_mat	9400000	9500000	0.0200334
chr2_mat	9500000	9600000	0.0187608
chr2_mat	9600000	9700000	0.0190132
chr2_mat	9700000	9800000	0.0166731
chr2_mat	9800000	9900000	0.0156307
chr2_mat	9900000	10000000	0.0181738
chr2_mat	10000000	10100000	0.0174522
chr2_mat	10100000	10200000	0.0184988
chr2_mat	10200000	10300000	0.0181917
chr2_mat	10300000	10400000	0.0181393
chr2_mat	10400000	10500000	0.0216883
chr2_mat	10500000	10600000	0.026343
chr2_mat	10600000	10700000	0.0188462
chr2_mat	10700000	10800000	0.0149899
chr2_mat	10800000	10900000	0.015159
chr2_mat	10900000	11000000	0.0216972
chr2_mat	11000000	11100000	0.0226315
chr2_mat	11100000	11200000	0.0233212
chr2_mat	11200000	11300000	0.0214839
chr2_mat	11300000	11400000	0.0247824
chr2_mat	11400000	11500000	0.0184809
chr2_mat	11500000	11600000	0.0177745
chr2_mat	11600000	11700000	0.0189928
chr2_mat	11700000	11800000	0.0190319
chr2_mat	11800000	11900000	0.0222879
chr2_mat	11900000	12000000	0.0156187
chr2_mat	12000000	12100000	0.0200903
chr2_mat	12100000	12200000	0.0203658
chr2_mat	12200000	12300000	0.0191432
chr2_mat	12300000	12400000	0.0219279
chr2_mat	12400000	12500000	0.0226719
chr2_mat	12500000	12600000	0.0218822
chr2_mat	12600000	12700000	0.0187916
chr2_mat	12700000	12800000	0.0189106
chr2_mat	12800000	12900000	0.0184026
chr2_mat	12900000	13000000	0.0205795
chr2_mat	13000000	13100000	0.0214404
chr2_mat	13100000	13200000	0.0214348
chr2_mat	13200000	13300000	0.0202366
chr2_mat	13300000	13400000	0.0205847
chr2_mat	13400000	13500000	0.0195896
chr2_mat	13500000	13600000	0.013035
chr2_mat	13600000	13700000	0.0199292
chr2_mat	13700000	13800000	0.0197142
chr2_mat	13800000	13900000	0.0234572
chr2_mat	13900000	14000000	0.0230647
chr2_mat	14000000	14100000	0.0253199
chr2_mat	14100000	14200000	0.0263708
chr2_mat	14200000	14300000	0.0228597
chr2_mat	14300000	14400000	0.0217573
chr2_mat	14400000	14500000	0.0231188
chr2_mat	14500000	14600000	0.0184821
chr2_mat	14600000	14700000	0.01322
chr2_mat	14700000	14800000	0.0161094
chr2_mat	14800000	14900000	0.0201645
chr2_mat	14900000	15000000	0.0229108
chr2_mat	15000000	15100000	0.0188228
chr2_mat	15100000	15200000	0.0199461
chr2_mat	15200000	15300000	0.0204897
chr2_mat	15300000	15400000	0.0195446
chr2_mat	15400000	15500000	0.0206098
chr2_mat	15500000	15600000	0.0214813
chr2_mat	15600000	15700000	0.0174845
chr2_mat	15700000	15800000	0.0225233
chr2_mat	15800000	15900000	0.0232584
chr2_mat	15900000	16000000	0.0167282
chr2_mat	16000000	16100000	0.0172231
chr2_mat	16100000	16200000	0.021369
chr2_mat	16200000	16300000	0.0262113
chr2_mat	16300000	16400000	0.0252146
chr2_mat	16400000	16500000	0.0186393
chr2_mat	16500000	16600000	0.0245243
chr2_mat	16600000	16700000	0.0160488
chr2_mat	16700000	16800000	0.0185222
chr2_mat	16800000	16900000	0.0169877
chr2_mat	16900000	17000000	0.0225248
chr2_mat	17000000	17100000	0.0227808
chr2_mat	17100000	17200000	0.0215857
chr2_mat	17200000	17300000	0.0215323
chr2_mat	17300000	17400000	0.0210871
chr2_mat	17400000	17500000	0.0183779
chr2_mat	17500000	17600000	0.0194166
chr2_mat	17600000	17700000	0.0235718
chr2_mat	17700000	17800000	0.0266668
chr2_mat	17800000	17900000	0.0256729
chr2_mat	17900000	18000000	0.023019
chr2_mat	18000000	18100000	0.016341
chr2_mat	18100000	18200000	0.0229005
chr2_mat	18200000	18300000	0.0199683
chr2_mat	18300000	18400000	0.0286783
chr2_mat	18400000	18500000	0.0221138
chr2_mat	18500000	18600000	0.0242133
chr2_mat	18600000	18700000	0.0383533
chr2_mat	18700000	18800000	0.0215862
chr2_mat	18800000	18900000	0.0178817
chr2_mat	18900000	19000000	0.021445
chr2_mat	19000000	19100000	0.0296407
chr2_mat	19100000	19200000	0.0254257
chr2_mat	19200000	19300000	0.0238498
chr2_mat	19300000	19400000	0.0304337
chr2_mat	19400000	19500000	0.0263496
chr2_mat	19500000	19600000	0.023556
chr2_mat	19600000	19700000	0.0285178
chr2_mat	19700000	19800000	0.0232472
chr2_mat	19800000	19900000	0.027403
chr2_mat	19900000	20000000	0.0177301
chr2_mat	20000000	20100000	0.0232158
chr2_mat	20100000	20200000	0.0231953
chr2_mat	20200000	20300000	0.0248419
chr2_mat	20300000	20400000	0.0329075
chr2_mat	20400000	20500000	0.0254366
chr2_mat	20500000	20600000	0.0191443
chr2_mat	20600000	20700000	0.0231679
chr2_mat	20700000	20800000	0.0163769
chr2_mat	20800000	20900000	0.0214007
chr2_mat	20900000	21000000	0.0240222
chr2_mat	21000000	21100000	0.027461
chr2_mat	21100000	21200000	0.0232421
chr2_mat	21200000	21300000	0.0144259
chr2_mat	21300000	21400000	
chr2_mat	21400000	21500000	
chr2_mat	21500000	21600000	
chr2_mat	21600000	21700000	
chr2_mat	21700000	21800000	
chr2_mat	21800000	21900000	
chr2_mat	21900000	22000000	
chr2_mat	22000000	22100000	
chr2_mat	22100000	22200000	
chr2_mat	22200000	22300000	
chr2_mat	22300000	22400000	
chr2_mat	22400000	22500000	
chr2_mat	22500000	22600000	
chr2_mat	22600000	22700000	
chr2_mat	22700000	22800000	
chr2_mat	22800000	22900000	
chr2_mat	22900000	23000000	
chr2_mat	23000000	23100000	
chr2_mat	23100000	23200000	
chr2_mat	23200000	23300000	
chr2_mat	23300000	23400000	
chr2_mat	23400000	23500000	
chr2_mat	23500000	23600000	
chr2_mat	23600000	23700000	
chr2_mat	23700000	23800000	
chr2_mat	23800000	23900000	
chr2_mat	23900000	24000000	
chr2_mat	24000000	24100000	
chr2_mat	24100000	24200000	
chr2_mat	24200000	24300000	
chr2_mat	24300000	24400000	
chr2_mat	24400000	24500000	
chr2_mat	24500000	24600000	
chr2_mat	24600000	24700000	
chr2_mat	24700000	24800000	
chr2_mat	24800000	24900000	
chr2_mat	24900000	25000000	
chr2_mat	25000000	25100000	
chr2_mat	25100000	25200000	
chr2_mat	25200000	25300000	
chr2_mat	25300000	25400000	
chr2_mat	25400000	25500000	
chr2_mat	25500000	25600000	
chr2_mat	25600000	25700000	
chr2_mat	25700000	25800000	
chr2_mat	25800000	25900000	
chr2_mat	25900000	26000000	
chr2_mat	26000000	26100000	
chr2_mat	26100000	26200000	
chr2_mat	26200000	26300000	
chr2_mat	26300000	26400000	
chr2_mat	26400000	26500000	
chr2_mat	26500000	26600000	
chr2_mat	26600000	26700000	
chr2_mat	26700000	26800000	
chr2_mat	26800000	26900000	
chr2_mat	26900000	27000000	
chr2_mat	27000000	27100000	
chr2_mat	27100000	27200000	
chr2_mat	27200000	27300000	
chr2_mat	27300000	27400000	
chr2_mat	27400000	27500000	
chr2_mat	27500000	27600000	
chr2_mat	27600000	27700000	
chr2_mat	27700000	27800000	
chr2_mat	27800000	27900000	
chr2_mat	27900000	28000000	
chr2_mat	28000000	28100000	
chr2_mat	28100000	28200000	
chr2_mat	28200000	28300000	
chr2_mat	28300000	28400000	
chr2_mat	28400000	28500000	
chr2_mat	28500000	28600000	
chr2_mat	28600000	28700000	
chr2_mat	28700000	28800000	
chr2_mat	28800000	28900000	
chr2_mat	28900000	29000000	
chr2_mat	29000000	29100000	
chr2_mat	29100000	29200000	
chr2_mat	29200000	29300000	
chr2_mat	29300000	29400000	
chr2_mat	29400000	29500000	
chr2_mat	29500000	29600000	
chr2_mat	29600000	29700000	
chr2_mat	29700000	29800000	
chr2_mat	29800000	29900000	
chr2_mat	29900000	30000000	
chr2_mat	30000000	30100000	
chr2_mat	30100000	30200000	
chr2_mat	30200000	30300000	
chr2_mat	30300000	30400000	
chr2_mat	30400000	30500000	
chr2_mat	30500000	30600000	
chr2_mat	30600000	30700000	
chr2_mat	30700000	30800000	
chr2_mat	30800000	30900000	
chr2_mat	30900000	31000000	
chr2_mat	31000000	31100000	
chr2_mat	31100000	31200000	
chr2_mat	31200000	31300000	
chr2_mat	31300000	31400000	
chr2_mat	31400000	31500000	
chr2_mat	31500000	31600000	
chr2_mat	31600000	31700000	
chr2_mat	31700000	31800000	
chr2_mat	31800000	31900000	
chr2_mat	31900000	32000000	
chr2_mat	32000000	32100000	
chr2_mat	32100000	32200000	
chr2_mat	32200000	32300000	
chr2_mat	32300000	32400000	
chr2_mat	32400000	32500000	
chr2_mat	32500000	32600000	
chr2_mat	32600000	32700000	
chr2_mat	32700000	32800000	
chr2_mat	32800000	32900000	
chr2_mat	32900000	33000000	
chr2_mat	33000000	33100000	
chr2_mat	33100000	33200000	
chr2_mat	33200000	33300000	
chr2_mat	33300000	33400000	
chr2_mat	33400000	33500000	
chr2_mat	33500000	33600000	
chr2_mat	33600000	33700000	
chr2_mat	33700000	33800000	
chr2_mat	33800000	33900000	
chr2_mat	33900000	34000000	
chr2_mat	34000000	34100000	
chr2_mat	34100000	34200000	
chr2_mat	34200000	34300000	
chr2_mat	34300000	34400000	
chr2_mat	34400000	34500000	
chr2_mat	34500000	34600000	
chr2_mat	34600000	34700000	
chr2_mat	34700000	34800000	
chr2_mat	34800000	34900000	
chr2_mat	34900000	35000000	
chr2_mat	35000000	35100000	
chr2_mat	35100000	35200000	
chr2_mat	35200000	35300000	
chr2_mat	35300000	35400000	
chr2_mat	35400000	35500000	
chr2_mat	35500000	35600000	
chr2_mat	35600000	35700000	
chr2_mat	35700000	35800000	
chr2_mat	35800000	35900000	
chr2_mat	35900000	36000000	
chr2_mat	36000000	36100000	
chr2_mat	36100000	36200000	
chr2_mat	36200000	36300000	
chr2_mat	36300000	36400000	
chr2_mat	36400000	36500000	
chr2_mat	36500000	36600000	
chr2_mat	36600000	36700000	
chr2_mat	36700000	36800000	
chr2_mat	36800000	36900000	
chr2_mat	36900000	37000000	
chr2_mat	37000000	37100000	
chr2_mat	37100000	37200000	
chr2_mat	37200000	37300000	
chr2_mat	37300000	37400000	
chr2_mat	37400000	37500000	
chr2_mat	37500000	37600000	
chr2_mat	37600000	37700000	
chr2_mat	37700000	37800000	
chr2_mat	37800000	37900000	
chr2_mat	37900000	38000000	
chr2_mat	38000000	38100000	
chr2_mat	38100000	38200000	
chr2_mat	38200000	38300000	
chr2_mat	38300000	38400000	
chr2_mat	38400000	38500000	
chr2_mat	38500000	38600000	
chr2_mat	38600000	38700000	
chr2_mat	38700000	38800000	
chr2_mat	38800000	38900000	
chr2_mat	38900000	39000000	
chr2_mat	39000000	39100000	
chr2_mat	39100000	39200000	
chr2_mat	39200000	39300000	
chr2_mat	39300000	39400000	
chr2_mat	39400000	39500000	
chr2_mat	39500000	39600000	
chr2_mat	39600000	39700000	
chr2_mat	39700000	39800000	
chr2_mat	39800000	39900000	
chr2_mat	39900000	40000000	
chr2_mat	40000000	40100000	
chr2_mat	40100000	40200000	
chr2_mat	40200000	40300000	
chr2_mat	40300000	40400000	
chr2_mat	40400000	40500000	
chr2_mat	40500000	40600000	
chr2_mat	40600000	40700000	
chr2_mat	40700000	40800000	
chr2_mat	40800000	40900000	
chr2_mat	40900000	41000000	
chr2_mat	41000000	41100000	
chr2_mat	41100000	41200000	
chr2_mat	41200000	41300000	
chr2_mat	41300000	41400000	
chr2_mat	41400000	41500000	
chr2_mat	41500000	41600000	
chr2_mat	41600000	41700000	
chr2_mat	41700000	41800000	
chr2_mat	41800000	41900000	
chr2_mat	41900000	42000000	
chr2_mat	42000000	42100000	
chr2_mat	42100000	42200000	
chr2_mat	42200000	42300000	
chr2_mat	42300000	42400000	
chr2_mat	42400000	42500000	
chr2_mat	42500000	42600000	
chr2_mat	42600000	42700000	
chr2_mat	42700000	42800000	
chr2_mat	42800000	42900000	
chr2_mat	42900000	43000000	
chr2_mat	43000000	43100000	
chr2_mat	43100000	43200000	
chr2_mat	43200000	43300000	
chr2_mat	43300000	43400000	
chr2_mat	43400000	43500000	
chr2_mat	43500000	43600000	
chr2_mat	43600000	43700000	
chr2_mat	43700000	43800000	
chr2_mat	43800000	43900000	
chr2_mat	43900000	44000000	
chr2_mat	44000000	44100000	
chr2_mat	44100000	44200000	
chr2_mat	44200000	44300000	
chr2_mat	44300000	44400000	
chr2_mat	44400000	44500000	
chr2_mat	44500000	44600000	
chr2_mat	44600000	44700000	
chr2_mat	44700000	44800000	
chr2_mat	44800000	44900000	
chr2_mat	44900000	45000000	
chr2_mat	45000000	45100000	
chr2_mat	45100000	45200000	
chr2_mat	45200000	45300000	
chr2_mat	45300000	45400000	
chr2_mat	45400000	45500000	
chr2_mat	45500000	45600000	
chr2_mat	45600000	45700000	
chr2_mat	45700000	45800000	
chr2_mat	45800000	45900000	
chr2_mat	45900000	46000000	
chr2_mat	46000000	46100000	
chr2_mat	46100000	46200000	
chr2_mat	46200000	46300000	
chr2_mat	46300000	46400000	
chr2_mat	46400000	46500000	
chr2_mat	46500000	46600000	
chr2_mat	46600000	46700000	
chr2_mat	46700000	46800000	
chr2_mat	46800000	46900000	
chr2_mat	46900000	47000000	
chr2_mat	47000000	47100000	
chr2_mat	47100000	47200000	
chr2_mat	47200000	47300000	
chr2_mat	47300000	47400000	
chr2_mat	47400000	47500000	
chr2_mat	47500000	47600000	
chr2_mat	47600000	47700000	
chr2_mat	47700000	47800000	
chr2_mat	47800000	47900000	
chr2_mat	47900000	48000000	
chr2_mat	48000000	48100000	
chr2_mat	48100000	48200000	
chr2_mat	48200000	48300000	
chr2_mat	48300000	48400000	
chr2_mat	48400000	48500000	
chr2_mat	48500000	48600000	
chr2_mat	48600000	48700000	
chr2_mat	48700000	48800000	
chr2_mat	48800000	48900000	
chr2_mat	48900000	49000000	
chr2_mat	49000000	49100000	
chr2_mat	49100000	49200000	
chr2_mat	49200000	49300000	
chr2_mat	49300000	49400000	
chr2_mat	49400000	49500000	
chr2_mat	49500000	49600000	
chr2_mat	49600000	49700000	
chr2_mat	49700000	49800000	
chr2_mat	49800000	49900000	
chr2_mat	49900000	50000000	
chr2_mat	50000000	50100000	
chr2_mat	50100000	50200000	
chr2_mat	50200000	50300000	
chr2_mat	50300000	50400000	
chr2_mat	50400000	50500000	
chr2_mat	50500000	50600000	
chr2_mat	50600000	50700000	
chr2_mat	50700000	50800000	
chr2_mat	50800000	50900000	
chr2_mat	50900000	51000000	
chr2_mat	51000000	51100000	
chr2_mat	51100000	51200000	
chr2_mat	51200000	51300000	
chr2_mat	51300000	51400000	
chr2_mat	51400000	51500000	
chr2_mat	51500000	51600000	
chr2_mat	51600000	51700000	
chr2_mat	51700000	51800000	
chr2_mat	51800000	51900000	
chr2_mat	51900000	52000000	
chr2_mat	52000000	52100000	
chr2_mat	52100000	52200000	
chr2_mat	52200000	52300000	
chr2_mat	52300000	52400000	
chr2_mat	52400000	52500000	
chr2_mat	52500000	52600000	
chr2_mat	52600000	52700000	
chr2_mat	52700000	52800000	
chr2_mat	52800000	52900000	
chr2_mat	52900000	53000000	
chr2_mat	53000000	53100000	
chr2_mat	53100000	53200000	
chr2_mat	53200000	53300000	
chr2_mat	53300000	53400000	
chr2_mat	53400000	53500000	
chr2_mat	53500000	53600000	
chr2_mat	53600000	53700000	
chr2_mat	53700000	53800000	
chr2_mat	53800000	53900000	
chr2_mat	53900000	54000000	
chr2_mat	54000000	54100000	
chr2_mat	54100000	54200000	
chr2_mat	54200000	54300000	
chr2_mat	54300000	54400000	
chr2_mat	54400000	54500000	
chr2_mat	54500000	54600000	
chr2_mat	54600000	54700000	
chr2_mat	54700000	54800000	
chr2_mat	54800000	54900000	
chr2_mat	54900000	55000000	
chr2_mat	55000000	55100000	
chr2_mat	55100000	55200000	
chr2_mat	55200000	55300000	
chr2_mat	55300000	55400000	
chr2_mat	55400000	55500000	
chr2_mat	55500000	55600000	
chr2_mat	55600000	55700000	
chr2_mat	55700000	55800000	
chr2_mat	55800000	55900000	
chr2_mat	55900000	56000000	
chr2_mat	56000000	56100000	
chr2_mat	56100000	56200000	
chr2_mat	56200000	56300000	
chr2_mat	56300000	56400000	
chr2_mat	56400000	56500000	
chr2_mat	56500000	56600000	
chr2_mat	56600000	56700000	
chr2_mat	56700000	56800000	
chr2_mat	56800000	56900000	
chr2_mat	56900000	57000000	
chr2_mat	57000000	57100000	
chr2_mat	57100000	57200000	
chr2_mat	57200000	57300000	
chr2_mat	57300000	57400000	
chr2_mat	57400000	57500000	
chr2_mat	57500000	57600000	
chr2_mat	57600000	57700000	
chr2_mat	57700000	57800000	
chr2_mat	57800000	57900000	
chr2_mat	57900000	58000000	
chr2_mat	58000000	58100000	
chr2_mat	58100000	58200000	
chr2_mat	58200000	58300000	
chr2_mat	58300000	58400000	
chr2_mat	58400000	58500000	
chr2_mat	58500000	58600000	
chr2_mat	58600000	58700000	
chr2_mat	58700000	58800000	
chr2_mat	58800000	58900000	
chr2_mat	58900000	59000000	
chr2_mat	59000000	59100000	
chr2_mat	59100000	59200000	
chr2_mat	59200000	59300000	
chr2_mat	59300000	59400000	
chr2_mat	59400000	59500000	
chr2_mat	59500000	59600000	
chr2_mat	59600000	59700000	
chr2_mat	59700000	59800000	
chr2_mat	59800000	59900000	
chr2_mat	59900000	60000000	
chr2_mat	60000000	60100000	
chr2_mat	60100000	60200000	
chr2_mat	60200000	60300000	
chr2_mat	60300000	60400000	
chr2_mat	60400000	60500000	
chr2_mat	60500000	60600000	
chr2_mat	60600000	60700000	
chr2_mat	60700000	60800000	
chr2_mat	60800000	60900000	
chr2_mat	60900000	61000000	
chr2_mat	61000000	61100000	
chr2_mat	61100000	61200000	
chr2_mat	61200000	61300000	
chr2_mat	61300000	61400000	
chr2_mat	61400000	61500000	
chr2_mat	61500000	61600000	
chr2_mat	61600000	61700000	
chr2_mat	61700000	61800000	
chr2_mat	61800000	61900000	
chr2_mat	61900000	62000000	
chr2_mat	62000000	62100000	
chr2_mat	62100000	62200000	
chr2_mat	62200000	62300000	
chr2_mat	62300000	62400000	
chr2_mat	62400000	62500000	
chr2_mat	62500000	62600000	
chr2_mat	62600000	62700000	
chr2_mat	62700000	62800000	
chr2_mat	62800000	62900000	
chr2_mat	62900000	63000000	
chr2_mat	63000000	63100000	
chr2_mat	63100000	63200000	
chr2_mat	63200000	63300000	
chr2_mat	63300000	63400000	
chr2_mat	63400000	63500000	
chr2_mat	63500000	63600000	
chr2_mat	63600000	63700000	
chr2_mat	63700000	63800000	
chr2_mat	63800000	63900000	
chr2_mat	63900000	64000000	
chr2_mat	64000000	64100000	
chr2_mat	64100000	64200000	
chr2_mat	64200000	64300000	
chr2_mat	64300000	64400000	
chr2_mat	64400000	64500000	
chr2_mat	64500000	64600000	
chr2_mat	64600000	64700000	
chr2_mat	64700000	64800000	
chr2_mat	64800000	64900000	
chr2_mat	64900000	65000000	
chr2_mat	65000000	65100000	
chr2_mat	65100000	65200000	
chr2_mat	65200000	65300000	
chr2_mat	65300000	65400000	
chr2_mat	65400000	65500000	
chr2_mat	65500000	65600000	
chr2_mat	65600000	65700000	
chr2_mat	65700000	65800000	
chr2_mat	65800000	65900000	
chr2_mat	65900000	66000000	
chr2_mat	66000000	66100000	
chr2_mat	66100000	66200000	
chr2_mat	66200000	66300000	
chr2_mat	66300000	66400000	
chr2_mat	66400000	66500000	
chr2_mat	66500000	66600000	
chr2_mat	66600000	66700000	
chr2_mat	66700000	66800000	
chr2_mat	66800000	66900000	
chr2_mat	66900000	67000000	
chr2_mat	67000000	67100000	
chr2_mat	67100000	67200000	
chr2_mat	67200000	67300000	
chr2_mat	67300000	67400000	
chr2_mat	67400000	67500000	
chr2_mat	67500000	67600000	
chr2_mat	67600000	67700000	
chr2_mat	67700000	67800000	
chr2_mat	67800000	67900000	
chr2_mat	67900000	68000000	
chr2_mat	68000000	68100000	
chr2_mat	68100000	68200000	
chr2_mat	68200000	68300000	
chr2_mat	68300000	68400000	
chr2_mat	68400000	68500000	
chr2_mat	68500000	68600000	
chr2_mat	68600000	68700000	
chr2_mat	68700000	68800000	
chr2_mat	68800000	68900000	
chr2_mat	68900000	69000000	
chr2_mat	69000000	69100000	
chr2_mat	69100000	69200000	
chr2_mat	69200000	69300000	
chr2_mat	69300000	69400000	
chr2_mat	69400000	69500000	
chr2_mat	69500000	69600000	
chr2_mat	69600000	69700000	
chr2_mat	69700000	69800000	
chr2_mat	69800000	69900000	
chr2_mat	69900000	70000000	
chr2_mat	70000000	70100000	
chr2_mat	70100000	70200000	
chr2_mat	70200000	70300000	
chr2_mat	70300000	70400000	
chr2_mat	70400000	70500000	
chr2_mat	70500000	70600000	
chr2_mat	70600000	70700000	
chr2_mat	70700000	70800000	
chr2_mat	70800000	70900000	
chr2_mat	70900000	71000000	
chr2_mat	71000000	71100000	
chr2_mat	71100000	71200000	
chr2_mat	71200000	71300000	
chr2_mat	71300000	71400000	
chr2_mat	71400000	71500000	
chr2_mat	71500000	71600000	
chr2_mat	71600000	71700000	
chr2_mat	71700000	71800000	
chr2_mat	71800000	71900000	
chr2_mat	71900000	72000000	
chr2_mat	72000000	72100000	
chr2_mat	72100000	72200000	
chr2_mat	72200000	72300000	
chr2_mat	72300000	72400000	
chr2_mat	72400000	72500000	
chr2_mat	72500000	72600000	
chr2_mat	72600000	72700000	
chr2_mat	72700000	72800000	
chr2_mat	72800000	72900000	
chr2_mat	72900000	73000000	
chr2_mat	73000000	73100000	
chr2_mat	73100000	73200000	
chr2_mat	73200000	73300000	
chr2_mat	73300000	73400000	
chr2_mat	73400000	73500000	
chr2_mat	73500000	73600000	
chr2_mat	73600000	73700000	
chr2_mat	73700000	73800000	
chr2_mat	73800000	73900000	
chr2_mat	73900000	74000000	
chr2_mat	74000000	74100000	
chr2_mat	74100000	74200000	
chr2_mat	74200000	74300000	
chr2_mat	74300000	74400000	
chr2_mat	74400000	74500000	
chr2_mat	74500000	74600000	
chr2_mat	74600000	74700000	
chr2_mat	74700000	74800000	
chr2_mat	74800000	74900000	
chr2_mat	74900000	75000000	
chr2_mat	75000000	75100000	
chr2_mat	75100000	75200000	
chr2_mat	75200000	75300000	
chr2_mat	75300000	75400000	
chr2_mat	75400000	75500000	
chr2_mat	75500000	75600000	
chr2_mat	75600000	75700000	
chr2_mat	75700000	75800000	
chr2_mat	75800000	75900000	
chr2_mat	75900000	76000000	
chr2_mat	76000000	76100000	
chr2_mat	76100000	76200000	
chr2_mat	76200000	76300000	
chr2_mat	76300000	76400000	
chr2_mat	76400000	76500000	
chr2_mat	76500000	76600000	
chr2_mat	76600000	76700000	
chr2_mat	76700000	76800000	
chr2_mat	76800000	76900000	
chr2_mat	76900000	77000000	
chr2_mat	77000000	77100000	
chr2_mat	77100000	77200000	
chr2_mat	77200000	77300000	
chr2_mat	77300000	77400000	
chr2_mat	77400000	77500000	
chr2_mat	77500000	77600000	
chr2_mat	77600000	77700000	
chr2_mat	77700000	77800000	
chr2_mat	77800000	77900000	
chr2_mat	77900000	78000000	
chr2_mat	78000000	78100000	
chr2_mat	78100000	78200000	
chr2_mat	78200000	78300000	
chr2_mat	78300000	78400000	
chr2_mat	78400000	78500000	
chr2_mat	78500000	78600000	
chr2_mat	78600000	78700000	
chr2_mat	78700000	78800000	
chr2_mat	78800000	78900000	
chr2_mat	78900000	79000000	
chr2_mat	79000000	79100000	
chr2_mat	79100000	79200000	
chr2_mat	79200000	79300000	
chr2_mat	79300000	79400000	
chr2_mat	79400000	79500000	
chr2_mat	79500000	79600000	
chr2_mat	79600000	79700000	
chr2_mat	79700000	79800000	
chr2_mat	79800000	79900000	
chr2_mat	79900000	80000000	
chr2_mat	80000000	80100000	
chr2_mat	80100000	80200000	
chr2_mat	80200000	80300000	
chr2_mat	80300000	80400000	
chr2_mat	80400000	80500000	
chr2_mat	80500000	80600000	
chr2_mat	80600000	80700000	
chr2_mat	80700000	80800000	
chr2_mat	80800000	80900000	
chr2_mat	80900000	81000000	
chr2_mat	81000000	81100000	
chr2_mat	81100000	81200000	
chr2_mat	81200000	81300000	
chr2_mat	81300000	81400000	
chr2_mat	81400000	81500000	
chr2_mat	81500000	81600000	
chr2_mat	81600000	81700000	
chr2_mat	81700000	81800000	
chr2_mat	81800000	81900000	
chr2_mat	81900000	82000000	
chr2_mat	82000000	82100000	
chr2_mat	82100000	82200000	
chr2_mat	82200000	82300000	
chr2_mat	82300000	82400000	
chr2_mat	82400000	82500000	
chr2_mat	82500000	82600000	
chr2_mat	82600000	82700000	
chr2_mat	82700000	82800000	
chr2_mat	82800000	82900000	
chr2_mat	82900000	83000000	
chr2_mat	83000000	83100000	
chr2_mat	83100000	83200000	
chr2_mat	83200000	83300000	
chr2_mat	83300000	83400000	
chr2_mat	83400000	83500000	
chr2_mat	83500000	83600000	
chr2_mat	83600000	83700000	
chr2_mat	83700000	83800000	
chr2_mat	83800000	83900000	
chr2_mat	83900000	84000000	
chr2_mat	84000000	84100000	
chr2_mat	84100000	84200000	
chr2_mat	84200000	84300000	
chr2_mat	84300000	84400000	
chr2_mat	84400000	84500000	
chr2_mat	84500000	84600000	
chr2_mat	84600000	84700000	
chr2_mat	84700000	84800000	
chr2_mat	84800000	84900000	
chr2_mat	84900000	85000000	
chr2_mat	85000000	85100000	
chr2_mat	85100000	85200000	
chr2_mat	85200000	85300000	
chr2_mat	85300000	85400000	
chr2_mat	85400000	85500000	
chr2_mat	85500000	85600000	
chr2_mat	85600000	85700000	
chr2_mat	85700000	85800000	
chr2_mat	85800000	85900000	
chr2_mat	85900000	86000000	
chr2_mat	86000000	86100000	
chr2_mat	86100000	86200000	
chr2_mat	86200000	86300000	
chr2_mat	86300000	86400000	
chr2_mat	86400000	86500000	
chr2_mat	86500000	86600000	
chr2_mat	86600000	86700000	
chr2_mat	86700000	86800000	
chr2_mat	86800000	86900000	
chr2_mat	86900000	87000000	
chr2_mat	87000000	87100000	
chr2_mat	87100000	87200000	
chr2_mat	87200000	87300000	
chr2_mat	87300000	87400000	
chr2_mat	87400000	87500000	
chr2_mat	87500000	87600000	
chr2_mat	87600000	87700000	
chr2_mat	87700000	87800000	
chr2_mat	87800000	87900000	
chr2_mat	87900000	88000000	
chr2_mat	88000000	88100000	
chr2_mat	88100000	88200000	
chr2_mat	88200000	88300000	
chr2_mat	88300000	88400000	
chr2_mat	88400000	88500000	
chr2_mat	88500000	88600000	
chr2_mat	88600000	88700000	
chr2_mat	88700000	88800000	
chr2_mat	88800000	88900000	
chr2_mat	88900000	89000000	
chr2_mat	89000000	89100000	
chr2_mat	89100000	89200000	
chr2_mat	89200000	89300000	
chr2_mat	89300000	89400000	
chr2_mat	89400000	89500000	
chr2_mat	89500000	89600000	
chr2_mat	89600000	89700000	
chr2_mat	89700000	89800000	
chr2_mat	89800000	89900000	
chr2_mat	89900000	90000000	
chr2_mat	90000000	90100000	
chr2_mat	90100000	90200000	
chr2_mat	90200000	90300000	
chr2_mat	90300000	90400000	
chr2_mat	90400000	90500000	
chr2_mat	90500000	90600000	
chr2_mat	90600000	90700000	
chr2_mat	90700000	90800000	
chr2_mat	90800000	90900000	
chr2_mat	90900000	91000000	
chr2_mat	91000000	91100000	
chr2_mat	91100000	91200000	
chr2_mat	91200000	91300000	
chr2_mat	91300000	91400000	
chr2_mat	91400000	91500000	
chr2_mat	91500000	91600000	
chr2_mat	91600000	91700000	
chr2_mat	91700000	91800000	
chr2_mat	91800000	91900000	
chr2_mat	91900000	92000000	
chr2_mat	92000000	92100000	
chr2_mat	92100000	92200000	
chr2_mat	92200000	92300000	
chr2_mat	92300000	92400000	
chr2_mat	92400000	92500000	
chr2_mat	92500000	92600000	
chr2_mat	92600000	92700000	
chr2_mat	92700000	92800000	
chr2_mat	92800000	92900000	
chr2_mat	92900000	93000000	
chr2_mat	93000000	93100000	
chr2_mat	93100000	93200000	
chr2_mat	93200000	93300000	
chr2_mat	93300000	93400000	
chr2_mat	93400000	93500000	
chr2_mat	93500000	93600000	
chr2_mat	93600000	93700000	
chr2_mat	93700000	93800000	
chr2_mat	93800000	93900000	
chr2_mat	93900000	94000000	
chr2_mat	94000000	94100000	
chr2_mat	94100000	94200000	
chr2_mat	94200000	94300000	
chr2_mat	94300000	94400000	
chr2_mat	94400000	94500000	
chr2_mat	94500000	94600000	
chr2_mat	94600000	94700000	
chr2_mat	94700000	94800000	
chr2_mat	94800000	94900000	
chr2_mat	94900000	95000000	
chr2_mat	95000000	95100000	
chr2_mat	95100000	95200000	
chr2_mat	95200000	95300000	
chr2_mat	95300000	95400000	
chr2_mat	95400000	95500000	
chr2_mat	95500000	95600000	
chr2_mat	95600000	95700000	
chr2_mat	95700000	95800000	
chr2_mat	95800000	95900000	
chr2_mat	95900000	96000000	
chr2_mat	96000000	96100000	
chr2_mat	96100000	96200000	
chr2_mat	96200000	96300000	
chr2_mat	96300000	96400000	
chr2_mat	96400000	96500000	
chr2_mat	96500000	96600000	
chr2_mat	96600000	96700000	
chr2_mat	96700000	96800000	
chr2_mat	96800000	96900000	
chr2_mat	96900000	97000000	
chr2_mat	97000000	97100000	
chr2_mat	97100000	97200000	
chr2_mat	97200000	97300000	
chr2_mat	97300000	97400000	
chr2_mat	97400000	97500000	
chr2_mat	97500000	97600000	
chr2_mat	97600000	97700000	
chr2_mat	97700000	97800000	
chr2_mat	97800000	97900000	
chr2_mat	97900000	98000000	
chr2_mat	98000000	98100000	
chr2_mat	98100000	98200000	
chr2_mat	98200000	98300000	
chr2_mat	98300000	98400000	
chr2_mat	98400000	98500000	
chr2_mat	98500000	98600000	
chr2_mat	98600000	98700000	
chr2_mat	98700000	98800000	
chr2_mat	98800000	98900000	
chr2_mat	98900000	99000000	
chr2_mat	99000000	99100000	
chr2_mat	99100000	99200000	
chr2_mat	99200000	99300000	
chr2_mat	99300000	99400000	
chr2_mat	99400000	99500000	
chr2_mat	99500000	99600000	
chr2_mat	99600000	99700000	
chr2_mat	99700000	99800000	
chr2_mat	99800000	99900000	
chr2_mat	99900000	100000000	
chr2_mat	100000000	100100000	
chr2_mat	100100000	100200000	
chr2_mat	100200000	100300000	
chr2_mat	100300000	100400000	
chr2_mat	100400000	100500000	
chr2_mat	100500000	100600000	
chr2_mat	100600000	100700000	
chr2_mat	100700000	100800000	
chr2_mat	100800000	100900000	
chr2_mat	100900000	101000000	
chr2_mat	101000000	101100000	
chr2_mat	101100000	101200000	
chr2_mat	101200000	101300000	
chr2_mat	101300000	101400000	
chr2_mat	101400000	101500000	
chr2_mat	101500000	101600000	
chr2_mat	101600000	101700000	
chr2_mat	101700000	101800000	
chr2_mat	101800000	101900000	
chr2_mat	101900000	102000000	
chr2_mat	102000000	102100000	
chr2_mat	102100000	102200000	
chr2_mat	102200000	102300000	
chr2_mat	102300000	102400000	
chr2_mat	102400000	102500000	
chr2_mat	102500000	102600000	
chr2_mat	102600000	102700000	
chr2_mat	102700000	102800000	
chr2_mat	102800000	102900000	
chr2_mat	102900000	103000000	
chr2_mat	103000000	103100000	
chr2_mat	103100000	103200000	
chr2_mat	103200000	103300000	
chr2_mat	103300000	103400000	
chr2_mat	103400000	103500000	
chr2_mat	103500000	103600000	
chr2_mat	103600000	103700000	
chr2_mat	103700000	103800000	
chr2_mat	103800000	103900000	
chr2_mat	103900000	104000000	
chr2_mat	104000000	104100000	
chr2_mat	104100000	104200000	
chr2_mat	104200000	104300000	
chr2_mat	104300000	104400000	
chr2_mat	104400000	104500000	
chr2_mat	104500000	104600000	
chr2_mat	104600000	104700000	
chr2_mat	104700000	104800000	
chr2_mat	104800000	104900000	
chr2_mat	104900000	105000000	
chr2_mat	105000000	105100000	
chr2_mat	105100000	105200000	
chr2_mat	105200000	105300000	
chr2_mat	105300000	105400000	
chr2_mat	105400000	105500000	
chr2_mat	105500000	105600000	
chr2_mat	105600000	105700000	
chr2_mat	105700000	105800000	
chr2_mat	105800000	105900000	
chr2_mat	105900000	106000000	
chr2_mat	106000000	106100000	
chr2_mat	106100000	106200000	
chr2_mat	106200000	106300000	
chr2_mat	106300000	106400000	
chr2_mat	106400000	106500000	
chr2_mat	106500000	106600000	
chr2_mat	106600000	106700000	
chr2_mat	106700000	106800000	
chr2_mat	106800000	106900000	
chr2_mat	106900000	107000000	
chr2_mat	107000000	107100000	
chr2_mat	107100000	107200000	
chr2_mat	107200000	107300000	
chr2_mat	107300000	107400000	
chr2_mat	107400000	107500000	
chr2_mat	107500000	107600000	
chr2_mat	107600000	107700000	
chr2_mat	107700000	107800000	
chr2_mat	107800000	107900000	
chr2_mat	107900000	108000000	
chr2_mat	108000000	108100000	
chr2_mat	108100000	108200000	
chr2_mat	108200000	108300000	
chr2_mat	108300000	108400000	
chr2_mat	108400000	108500000	
chr2_mat	108500000	108600000	
chr2_mat	108600000	108700000	
chr2_mat	108700000	108800000	
chr2_mat	108800000	108900000	
chr2_mat	108900000	109000000	
chr2_mat	109000000	109100000	
chr2_mat	109100000	109200000	
chr2_mat	109200000	109300000	
chr2_mat	109300000	109400000	
chr2_mat	109400000	109500000	
chr2_mat	109500000	109600000	
chr2_mat	109600000	109700000	
chr2_mat	109700000	109800000	
chr2_mat	109800000	109900000	
chr2_mat	109900000	110000000	
chr2_mat	110000000	110100000	
chr2_mat	110100000	110200000	
chr2_mat	110200000	110300000	
chr2_mat	110300000	110400000	
chr2_mat	110400000	110500000	
chr2_mat	110500000	110600000	
chr2_mat	110600000	110700000	
chr2_mat	110700000	110800000	
chr2_mat	110800000	110900000	
chr2_mat	110900000	111000000	
chr2_mat	111000000	111100000	
chr2_mat	111100000	111200000	
chr2_mat	111200000	111300000	
chr2_mat	111300000	111400000	
chr2_mat	111400000	111500000	
chr2_mat	111500000	111600000	
chr2_mat	111600000	111700000	
chr2_mat	111700000	111800000	
chr2_mat	111800000	111900000	
chr2_mat	111900000	112000000	
chr2_mat	112000000	112100000	
chr2_mat	112100000	112200000	
chr2_mat	112200000	112300000	
chr2_mat	112300000	112400000	
chr2_mat	112400000	112500000	
chr2_mat	112500000	112600000	
chr2_mat	112600000	112700000	
chr2_mat	112700000	112800000	
chr2_mat	112800000	112900000	
chr2_mat	112900000	113000000	
chr2_mat	113000000	113100000	
chr2_mat	113100000	113200000	
chr2_mat	113200000	113300000	
chr2_mat	113300000	113400000	
chr2_mat	113400000	113500000	
chr2_mat	113500000	113600000	
chr2_mat	113600000	113700000	
chr2_mat	113700000	113800000	
chr2_mat	113800000	113900000	
chr2_mat	113900000	114000000	
chr2_mat	114000000	114100000	
chr2_mat	114100000	114200000	
chr2_mat	114200000	114300000	
chr2_mat	114300000	114400000	
chr2_mat	114400000	114500000	
chr2_mat	114500000	114600000	
chr2_mat	114600000	114700000	
chr2_mat	114700000	114800000	
chr2_mat	114800000	114900000	
chr2_mat	114900000	115000000	
chr2_mat	115000000	115100000	
chr2_mat	115100000	115200000	
chr2_mat	115200000	115300000	
chr2_mat	115300000	115400000	
chr2_mat	115400000	115500000	
chr2_mat	115500000	115600000	
chr2_mat	115600000	115700000	
chr2_mat	115700000	115800000	
chr2_mat	115800000	115900000	
chr2_mat	115900000	116000000	
chr2_mat	116000000	116100000	
chr2_mat	116100000	116200000	
chr2_mat	116200000	116300000	
chr2_mat	116300000	116400000	
chr2_mat	116400000	116500000	
chr2_mat	116500000	116600000	
chr2_mat	116600000	116700000	
chr2_mat	116700000	116800000	
chr2_mat	116800000	116900000	
chr2_mat	116900000	117000000	
chr2_mat	117000000	117100000	
chr2_mat	117100000	117200000	
chr2_mat	117200000	117300000	
chr2_mat	117300000	117400000	
chr2_mat	117400000	117500000	
chr2_mat	117500000	117600000	
chr2_mat	117600000	117700000	
chr2_mat	117700000	117800000	
chr2_mat	117800000	117900000	
chr2_mat	117900000	118000000	
chr2_mat	118000000	118100000	
chr2_mat	118100000	118200000	
chr2_mat	118200000	118300000	
chr2_mat	118300000	118400000	
chr2_mat	118400000	118500000	
chr2_mat	118500000	118600000	
chr2_mat	118600000	118700000	
chr2_mat	118700000	118800000	
chr2_mat	118800000	118900000	
chr2_mat	118900000	119000000	
chr2_mat	119000000	119100000	
chr2_mat	119100000	119200000	
chr2_mat	119200000	119300000	
chr2_mat	119300000	119400000	
chr2_mat	119400000	119500000	
chr2_mat	119500000	119600000	
chr2_mat	119600000	119700000	
chr2_mat	119700000	119800000	
chr2_mat	119800000	119900000	
chr2_mat	119900000	120000000	
chr2_mat	120000000	120100000	
chr2_mat	120100000	120200000	
chr2_mat	120200000	120300000	
chr2_mat	120300000	120400000	
chr2_mat	120400000	120500000	
chr2_mat	120500000	120600000	
chr2_mat	120600000	120700000	
chr2_mat	120700000	120800000	
chr2_mat	120800000	120900000	
chr2_mat	120900000	121000000	
chr2_mat	121000000	121100000	
chr2_mat	121100000	121200000	
chr2_mat	121200000	121300000	
chr2_mat	121300000	121400000	
chr2_mat	121400000	121500000	
chr2_mat	121500000	121600000	
chr2_mat	121600000	121700000	
chr2_mat	121700000	121800000	
chr2_mat	121800000	121900000	
chr2_mat	121900000	122000000	
chr2_mat	122000000	122100000	
chr2_mat	122100000	122200000	
chr2_mat	122200000	122300000	
chr2_mat	122300000	122400000	
chr2_mat	122400000	122500000	
chr2_mat	122500000	122600000	
chr2_mat	122600000	122700000	
chr2_mat	122700000	122800000	
chr2_mat	122800000	122900000	
chr2_mat	122900000	123000000	
chr2_mat	123000000	123100000	
chr2_mat	123100000	123200000	
chr2_mat	123200000	123300000	
chr2_mat	123300000	123400000	
chr2_mat	123400000	123500000	
chr2_mat	123500000	123600000	
chr2_mat	123600000	123700000	
chr2_mat	123700000	123800000	
chr2_mat	123800000	123900000	
chr2_mat	123900000	124000000	
chr2_mat	124000000	124100000	
chr2_mat	124100000	124200000	
chr2_mat	124200000	124300000	
chr2_mat	124300000	124400000	
chr2_mat	124400000	124500000	
chr2_mat	124500000	124600000	
chr2_mat	124600000	124700000	
chr2_mat	124700000	124800000	
chr2_mat	124800000	124900000	
chr2_mat	124900000	125000000	
chr2_mat	125000000	125100000	
chr2_mat	125100000	125200000	
chr2_mat	125200000	125300000	
chr2_mat	125300000	125400000	
chr2_mat	125400000	125500000	
chr2_mat	125500000	125600000	
chr2_mat	125600000	125700000	
chr2_mat	125700000	125800000	
chr2_mat	125800000	125900000	
chr2_mat	125900000	126000000	
chr2_mat	126000000	126100000	
chr2_mat	126100000	126200000	
chr2_mat	126200000	126300000	
chr2_mat	126300000	126400000	
chr2_mat	126400000	126500000	
chr2_mat	126500000	126600000	
chr2_mat	126600000	126700000	
chr2_mat	126700000	126800000	
chr2_mat	126800000	126900000	
chr2_mat	126900000	127000000	
chr2_mat	127000000	127100000	
chr2_mat	127100000	127200000	
chr2_mat	127200000	127300000	
chr2_mat	127300000	127400000	
chr2_mat	127400000	127500000	
chr2_mat	127500000	127600000	
chr2_mat	127600000	127700000	
chr2_mat	127700000	127800000	
chr2_mat	127800000	127900000	
chr2_mat	127900000	128000000	
chr2_mat	128000000	128100000	
chr2_mat	128100000	128200000	
chr2_mat	128200000	128300000	
chr2_mat	128300000	128400000	
chr2_mat	128400000	128500000	
chr2_mat	128500000	128600000	
chr2_mat	128600000	128700000	
chr2_mat	128700000	128800000	
chr2_mat	128800000	128900000	
chr2_mat	128900000	129000000	
chr2_mat	129000000	129100000	
chr2_mat	129100000	129200000	
chr2_mat	129200000	129300000	
chr2_mat	129300000	129400000	
chr2_mat	129400000	129500000	
chr2_mat	129500000	129600000	
chr2_mat	129600000	129700000	
chr2_mat	129700000	129800000	
chr2_mat	129800000	129900000	
chr2_mat	129900000	130000000	
chr2_mat	130000000	130100000	
chr2_mat	130100000	130200000	
chr2_mat	130200000	130300000	
chr2_mat	130300000	130400000	
chr2_mat	130400000	130500000	
chr2_mat	130500000	130600000	
chr2_mat	130600000	130700000	
chr2_mat	130700000	130800000	
chr2_mat	130800000	130900000	
chr2_mat	130900000	131000000	
chr2_mat	131000000	131100000	
chr2_mat	131100000	131200000	
chr2_mat	131200000	131300000	
chr2_mat	131300000	131400000	
chr2_mat	131400000	131500000	
chr2_mat	131500000	131600000	
chr2_mat	131600000	131700000	
chr2_mat	131700000	131800000	
chr2_mat	131800000	131900000	
chr2_mat	131900000	132000000	
chr2_mat	132000000	132100000	
chr2_mat	132100000	132200000	
chr2_mat	132200000	132300000	
chr2_mat	132300000	132400000	
chr2_mat	132400000	132500000	
chr2_mat	132500000	132600000	
chr2_mat	132600000	132700000	
chr2_mat	132700000	132800000	
chr2_mat	132800000	132900000	
chr2_mat	132900000	133000000	
chr2_mat	133000000	133100000	
chr2_mat	133100000	133200000	
chr2_mat	133200000	133300000	
chr2_mat	133300000	133400000	
chr2_mat	133400000	133500000	
chr2_mat	133500000	133600000	
chr2_mat	133600000	133700000	
chr2_mat	133700000	133800000	
chr2_mat	133800000	133900000	
chr2_mat	133900000	134000000	
chr2_mat	134000000	134100000	
chr2_mat	134100000	134200000	
chr2_mat	134200000	134300000	
chr2_mat	134300000	134400000	
chr2_mat	134400000	134500000	
chr2_mat	134500000	134600000	
chr2_mat	134600000	134700000	
chr2_mat	134700000	134800000	
chr2_mat	134800000	134900000	
chr2_mat	134900000	135000000	
chr2_mat	135000000	135100000	
chr2_mat	135100000	135200000	
chr2_mat	135200000	135300000	
chr2_mat	135300000	135400000	
chr2_mat	135400000	135500000	
chr2_mat	135500000	135600000	
chr2_mat	135600000	135700000	
chr2_mat	135700000	135800000	
chr2_mat	135800000	135900000	
chr2_mat	135900000	136000000	
chr2_mat	136000000	136100000	
chr2_mat	136100000	136200000	
chr2_mat	136200000	136300000	
chr2_mat	136300000	136400000	
chr2_mat	136400000	136500000	
chr2_mat	136500000	136600000	
chr2_mat	136600000	136700000	
chr2_mat	136700000	136800000	
chr2_mat	136800000	136900000	
chr2_mat	136900000	137000000	
chr2_mat	137000000	137100000	
chr2_mat	137100000	137200000	
chr2_mat	137200000	137300000	
chr2_mat	137300000	137400000	
chr2_mat	137400000	137500000	
chr2_mat	137500000	137600000	
chr2_mat	137600000	137700000	
chr2_mat	137700000	137800000	
chr2_mat	137800000	137900000	
chr2_mat	137900000	138000000	
chr2_mat	138000000	138100000	
chr2_mat	138100000	138200000	
chr2_mat	138200000	138300000	
chr2_mat	138300000	138400000	
chr2_mat	138400000	138500000	
chr2_mat	138500000	138600000	
chr2_mat	138600000	138700000	
chr2_mat	138700000	138800000	
chr2_mat	138800000	138900000	
chr2_mat	138900000	139000000	
chr2_mat	139000000	139100000	
chr2_mat	139100000	139200000	
chr2_mat	139200000	139300000	
chr2_mat	139300000	139400000	
chr2_mat	139400000	139500000	
chr2_mat	139500000	139600000	
chr2_mat	139600000	139700000	
chr2_mat	139700000	139800000	
chr2_mat	139800000	139900000	
chr2_mat	139900000	140000000	
chr2_mat	140000000	140100000	
chr2_mat	140100000	140200000	
chr2_mat	140200000	140300000	
chr2_mat	140300000	140400000	
chr2_mat	140400000	140500000	
chr2_mat	140500000	140600000	
chr2_mat	140600000	140700000	
chr2_mat	140700000	140800000	
chr2_mat	140800000	140900000	
chr2_mat	140900000	141000000	
chr2_mat	141000000	141100000	
chr2_mat	141100000	141200000	
chr2_mat	141200000	141300000	
chr2_mat	141300000	141400000	
chr2_mat	141400000	141500000	
chr2_mat	141500000	141600000	
chr2_mat	141600000	141700000	
chr2_mat	141700000	141800000	
chr2_mat	141800000	141900000	
chr2_mat	141900000	142000000	
chr2_mat	142000000	142100000	
chr2_mat	142100000	142200000	
chr2_mat	142200000	142300000	
chr2_mat	142300000	142400000	
chr2_mat	142400000	142500000	
chr2_mat	142500000	142600000	
chr2_mat	142600000	142700000	
chr2_mat	142700000	142800000	
chr2_mat	142800000	142900000	
chr2_mat	142900000	143000000	
chr2_mat	143000000	143100000	
chr2_mat	143100000	143200000	
chr2_mat	143200000	143300000	
chr2_mat	143300000	143400000	
chr2_mat	143400000	143500000	
chr2_mat	143500000	143600000	
chr2_mat	143600000	143700000	
chr2_mat	143700000	143800000	
chr2_mat	143800000	143900000	
chr2_mat	143900000	144000000	
chr2_mat	144000000	144100000	
chr2_mat	144100000	144200000	
chr2_mat	144200000	144300000	
chr2_mat	144300000	144400000	
chr2_mat	144400000	144500000	
chr2_mat	144500000	144600000	
chr2_mat	144600000	144700000	
chr2_mat	144700000	144800000	
chr2_mat	144800000	144900000	
chr2_mat	144900000	145000000	
chr2_mat	145000000	145100000	
chr2_mat	145100000	145200000	
chr2_mat	145200000	145300000	
chr2_mat	145300000	145400000	
chr2_mat	145400000	145500000	
chr2_mat	145500000	145600000	
chr2_mat	145600000	145700000	
chr2_mat	145700000	145800000	
chr2_mat	145800000	145900000	
chr2_mat	145900000	146000000	
chr2_mat	146000000	146100000	
chr2_mat	146100000	146200000	
chr2_mat	146200000	146300000	
chr2_mat	146300000	146400000	
chr2_mat	146400000	146500000	
chr2_mat	146500000	146600000	
chr2_mat	146600000	146700000	
chr2_mat	146700000	146800000	
chr2_mat	146800000	146900000	
chr2_mat	146900000	147000000	
chr2_mat	147000000	147100000	
chr2_mat	147100000	147200000	
chr2_mat	147200000	147300000	
chr2_mat	147300000	147400000	
chr2_mat	147400000	147500000	
chr2_mat	147500000	147600000	
chr2_mat	147600000	147700000	
chr2_mat	147700000	147800000	
chr2_mat	147800000	147900000	
chr2_mat	147900000	148000000	
chr2_mat	148000000	148100000	
chr2_mat	148100000	148200000	
chr2_mat	148200000	148300000	
chr2_mat	148300000	148400000	
chr2_mat	148400000	148500000	
chr2_mat	148500000	148600000	
chr2_mat	148600000	148700000	
chr2_mat	148700000	148800000	
chr2_mat	148800000	148900000	
chr2_mat	148900000	149000000	
chr2_mat	149000000	149100000	0.0541523
chr2_mat	149100000	149200000	0.0301439
chr2_mat	149200000	149300000	0.0305835
chr2_mat	149300000	149400000	0.0301325
chr2_mat	149400000	149500000	0.0292916
chr2_mat	149500000	149600000	0.0306411
chr2_mat	149600000	149700000	0.0270286
chr2_mat	149700000	149800000	0.0260977
chr2_mat	149800000	149900000	0.0266452
chr2_mat	149900000	150000000	0.0216055
chr2_mat	150000000	150100000	0.0233079
chr2_mat	150100000	150200000	0.0206077
chr2_mat	150200000	150300000	0.0200386
chr2_mat	150300000	150400000	0.0212411
chr2_mat	150400000	150500000	0.0167717
chr2_mat	150500000	150600000	0.0200172
chr2_mat	150600000	150700000	0.0303068
chr2_mat	150700000	150800000	0.0178663
chr2_mat	150800000	150900000	0.013232
chr2_mat	150900000	151000000	0.0314136
chr2_mat	151000000	151100000	0.0238366
chr2_mat	151100000	151200000	
chr2_mat	151200000	151300000	
chr2_mat	151300000	151400000	
chr2_mat	151400000	151500000	0.0550125
chr2_mat	151500000	151600000	0.0232761
chr2_mat	151600000	151700000	0.0096511
chr2_mat	151700000	151800000	0.0136886
chr2_mat	151800000	151900000	0.018823
chr2_mat	151900000	152000000	0.0231067
chr2_mat	152000000	152100000	0.0321237
chr2_mat	152100000	152200000	0.0153257
chr2_mat	152200000	152300000	0.0142255
chr2_mat	152300000	152400000	0.0338739
chr2_mat	152400000	152500000	
chr2_mat	152500000	152518735	
chr3_mat	0	100000	
chr3_mat	100000	200000	0.0385601
chr3_mat	200000	300000	0.0231591
chr3_mat	300000	400000	0.0166452
chr3_mat	400000	500000	0.017113
chr3_mat	500000	600000	0.0198981
chr3_mat	600000	700000	0.0137961
chr3_mat	700000	800000	0.0111844
chr3_mat	800000	900000	0.0119138
chr3_mat	900000	1000000	0.0112732
chr3_mat	1000000	1100000	0.0120066
chr3_mat	1100000	1200000	0.00773593
chr3_mat	1200000	1300000	0.0113128
chr3_mat	1300000	1400000	0.00864647
chr3_mat	1400000	1500000	0.00842789
chr3_mat	1500000	1600000	0.00880674
chr3_mat	1600000	1700000	0.00974488
chr3_mat	1700000	1800000	0.0116945
chr3_mat	1800000	1900000	0.0145263
chr3_mat	1900000	2000000	0.0180601
chr3_mat	2000000	2100000	0.010941
chr3_mat	2100000	2200000	0.0130063
chr3_mat	2200000	2300000	0.0164503
chr3_mat	2300000	2400000	0.0127437
chr3_mat	2400000	2500000	0.0131359
chr3_mat	2500000	2600000	0.0143811
chr3_mat	2600000	2700000	0.0136954
chr3_mat	2700000	2800000	0.0152538
chr3_mat	2800000	2900000	0.0149155
chr3_mat	2900000	3000000	0.0157694
chr3_mat	3000000	3100000	0.0149838
chr3_mat	3100000	3200000	0.0139573
chr3_mat	3200000	3300000	0.0172532
chr3_mat	3300000	3400000	0.0146708
chr3_mat	3400000	3500000	0.0129742
chr3_mat	3500000	3600000	0.0110951
chr3_mat	3600000	3700000	0.0138479
chr3_mat	3700000	3800000	0.0117809
chr3_mat	3800000	3900000	0.0190987
chr3_mat	3900000	4000000	0.0141259
chr3_mat	4000000	4100000	0.0129744
chr3_mat	4100000	4200000	0.017585
chr3_mat	4200000	4300000	0.0166911
chr3_mat	4300000	4400000	0.0151913
chr3_mat	4400000	4500000	0.0154059
chr3_mat	4500000	4600000	0.0157754
chr3_mat	4600000	4700000	0.0180075
chr3_mat	4700000	4800000	0.0179063
chr3_mat	4800000	4900000	0.0160478
chr3_mat	4900000	5000000	0.0156224
chr3_mat	5000000	5100000	0.0166694
chr3_mat	5100000	5200000	0.0120955
chr3_mat	5200000	5300000	0.0101075
chr3_mat	5300000	5400000	0.0163995
chr3_mat	5400000	5500000	0.0187403
chr3_mat	5500000	5600000	0.0191327
chr3_mat	5600000	5700000	0.0163999
chr3_mat	5700000	5800000	0.0166969
chr3_mat	5800000	5900000	0.0164101
chr3_mat	5900000	6000000	0.0177341
chr3_mat	6000000	6100000	0.0168664
chr3_mat	6100000	6200000	0.0154698
chr3_mat	6200000	6300000	0.0156343
chr3_mat	6300000	6400000	0.0111272
chr3_mat	6400000	6500000	0.0177099
chr3_mat	6500000	6600000	0.0164485
chr3_mat	6600000	6700000	0.0170423
chr3_mat	6700000	6800000	0.0184063
chr3_mat	6800000	6900000	0.0168473
chr3_mat	6900000	7000000	0.0153712
chr3_mat	7000000	7100000	0.0163218
chr3_mat	7100000	7200000	0.0180565
chr3_mat	7200000	7300000	0.0182953
chr3_mat	7300000	7400000	0.0119053
chr3_mat	7400000	7500000	0.0126864
chr3_mat	7500000	7600000	0.0139362
chr3_mat	7600000	7700000	0.0121389
chr3_mat	7700000	7800000	0.0181702
chr3_mat	7800000	7900000	0.0190029
chr3_mat	7900000	8000000	0.0197947
chr3_mat	8000000	8100000	0.0183843
chr3_mat	8100000	8200000	0.0204864
chr3_mat	8200000	8300000	0.0266268
chr3_mat	8300000	8400000	0.0207781
chr3_mat	8400000	8500000	0.0214897
chr3_mat	8500000	8600000	0.0185851
chr3_mat	8600000	8700000	0.019102
chr3_mat	8700000	8800000	0.0199603
chr3_mat	8800000	8900000	0.0284796
chr3_mat	8900000	9000000	0.0226485
chr3_mat	9000000	9100000	0.0258818
chr3_mat	9100000	9200000	0.0211054
chr3_mat	9200000	9300000	0.0228156
chr3_mat	9300000	9400000	0.0214317
chr3_mat	9400000	9500000	0.0356217
chr3_mat	9500000	9600000	0.0231759
chr3_mat	9600000	9700000	0.0191629
chr3_mat	9700000	9800000	0.0147637
chr3_mat	9800000	9900000	0.0179602
chr3_mat	9900000	10000000	0.018332
chr3_mat	10000000	10100000	0.0138608
chr3_mat	10100000	10200000	0.0205739
chr3_mat	10200000	10300000	0.014454
chr3_mat	10300000	10400000	0.0347151
chr3_mat	10400000	10500000	
chr3_mat	10500000	10600000	
chr3_mat	10600000	10700000	
chr3_mat	10700000	10800000	
chr3_mat	10800000	10900000	
chr3_mat	10900000	11000000	
chr3_mat	11000000	11100000	
chr3_mat	11100000	11200000	
chr3_mat	11200000	11300000	
chr3_mat	11300000	11400000	
chr3_mat	11400000	11500000	
chr3_mat	11500000	11600000	
chr3_mat	11600000	11700000	
chr3_mat	11700000	11800000	
chr3_mat	11800000	11900000	
chr3_mat	11900000	12000000	
chr3_mat	12000000	12100000	
chr3_mat	12100000	12200000	
chr3_mat	12200000	12300000	
chr3_mat	12300000	12400000	
chr3_mat	12400000	12500000	
chr3_mat	12500000	12600000	
chr3_mat	12600000	12700000	
chr3_mat	12700000	12800000	
chr3_mat	12800000	12900000	
chr3_mat	12900000	13000000	
chr3_mat	13000000	13100000	
chr3_mat	13100000	13200000	
chr3_mat	13200000	13300000	
chr3_mat	13300000	13400000	
chr3_mat	13400000	13500000	
chr3_mat	13500000	13600000	
chr3_mat	13600000	13700000	
chr3_mat	13700000	13800000	
chr3_mat	13800000	13900000	
chr3_mat	13900000	14000000	
chr3_mat	14000000	14100000	
chr3_mat	14100000	14200000	
chr3_mat	14200000	14300000	
chr3_mat	14300000	14400000	
chr3_mat	14400000	14500000	
chr3_mat	14500000	14600000	
chr3_mat	14600000	14700000	
chr3_mat	14700000	14800000	
chr3_mat	14800000	14900000	
chr3_mat	14900000	15000000	
chr3_mat	15000000	15100000	
chr3_mat	15100000	15200000	
chr3_mat	15200000	15300000	
chr3_mat	15300000	15400000	
chr3_mat	15400000	15500000	
chr3_mat	15500000	15600000	
chr3_mat	15600000	15700000	
chr3_mat	15700000	15800000	0.0324428
chr3_mat	15800000	15900000	0.016614
chr3_mat	15900000	16000000	0.0139927
chr3_mat	16000000	16100000	0.014727
chr3_mat	16100000	16200000	0.0180803
chr3_mat	16200000	16300000	0.0219642
chr3_mat	16300000	16400000	0.0202771
chr3_mat	16400000	16500000	0.0234215
chr3_mat	16500000	16600000	0.0215903
chr3_mat	16600000	16700000	0.0190693
chr3_mat	16700000	16800000	0.0179167
chr3_mat	16800000	16900000	0.0185958
chr3_mat	16900000	17000000	0.0162583
chr3_mat	17000000	17100000	0.0201192
chr3_mat	17100000	17200000	0.011537
chr3_mat	17200000	17300000	0.0188353
chr3_mat	17300000	17400000	0.0177287
chr3_mat	17400000	17500000	0.0159755
chr3_mat	17500000	17600000	0.0284252
chr3_mat	17600000	17700000	0.0283019
chr3_mat	17700000	17800000	0.0347531
chr3_mat	17800000	17900000	0.0235194
chr3_mat	17900000	18000000	0.0259932
chr3_mat	18000000	18100000	0.039047
chr3_mat	18100000	18200000	0.0226948
chr3_mat	18200000	18300000	0.0214344
chr3_mat	18300000	18400000	0.0123528
chr3_mat	18400000	18500000	0.0220274
chr3_mat	18500000	18600000	0.0262169
chr3_mat	18600000	18700000	0.0276695
chr3_mat	18700000	18800000	0.0268643
chr3_mat	18800000	18900000	0.0208813
chr3_mat	18900000	19000000	0.0208061
chr3_mat	19000000	19100000	0.0380655
chr3_mat	19100000	19200000	0.0418925
chr3_mat	19200000	19300000	0.0257637
chr3_mat	19300000	19400000	0.0209232
chr3_mat	19400000	19500000	0.0187248
chr3_mat	19500000	19600000	0.0194841
chr3_mat	19600000	19700000	0.0148165
chr3_mat	19700000	19800000	0.0158418
chr3_mat	19800000	19900000	0.0360593
chr3_mat	19900000	20000000	0.0276938
chr3_mat	20000000	20100000	0.0297796
chr3_mat	20100000	20200000	0.0231451
chr3_mat	20200000	20300000	0.0240057
chr3_mat	20300000	20400000	0.0265902
chr3_mat	20400000	20500000	0.0236982
chr3_mat	20500000	20600000	0.0246778
chr3_mat	20600000	20700000	0.0203491
chr3_mat	20700000	20800000	0.0189013
chr3_mat	20800000	20900000	0.0221693
chr3_mat	20900000	21000000	0.0297176
chr3_mat	21000000	21100000	0.0197201
chr3_mat	21100000	21200000	0.0197787
chr3_mat	21200000	21300000	0.0171195
chr3_mat	21300000	21400000	0.0182035
chr3_mat	21400000	21500000	0.0146178
chr3_mat	21500000	21600000	0.0202673
chr3_mat	21600000	21700000	0.0166078
chr3_mat	21700000	21800000	0.0160179
chr3_mat	21800000	21900000	0.0176569
chr3_mat	21900000	22000000	0.0205815
chr3_mat	22000000	22100000	0.0362012
chr3_mat	22100000	22200000	0.0211221
chr3_mat	22200000	22300000	0.0208654
chr3_mat	22300000	22400000	0.0208213
chr3_mat	22400000	22500000	0.0163971
chr3_mat	22500000	22600000	0.0206375
chr3_mat	22600000	22700000	0.0300752
chr3_mat	22700000	22800000	0.0239631
chr3_mat	22800000	22900000	0.0260577
chr3_mat	22900000	23000000	0.0455064
chr3_mat	23000000	23100000	0.0448532
chr3_mat	23100000	23200000	0.0298716
chr3_mat	23200000	23300000	0.0349729
chr3_mat	23300000	23400000	0.0248932
chr3_mat	23400000	23500000	0.0245151
chr3_mat	23500000	23600000	0.0217598
chr3_mat	23600000	23700000	0.0184869
chr3_mat	23700000	23800000	0.0271906
chr3_mat	23800000	23900000	0.0668545
chr3_mat	23900000	24000000	0.0294619
chr3_mat	24000000	24100000	0.0220697
chr3_mat	24100000	24200000	0.0267809
chr3_mat	24200000	24300000	0.0296513
chr3_mat	24300000	24400000	0.0291679
chr3_mat	24400000	24500000	0.0260656
chr3_mat	24500000	24600000	0.0227842
chr3_mat	24600000	24700000	0.0262764
chr3_mat	24700000	24800000	0.0320551
chr3_mat	24800000	24900000	0.0168669
chr3_mat	24900000	25000000	0.0192953
chr3_mat	25000000	25100000	0.0146375
chr3_mat	25100000	25200000	0.0115676
chr3_mat	25200000	25300000	0.0336395
chr3_mat	25300000	25400000	0.0127917
chr3_mat	25400000	25500000	0.0239157
chr3_mat	25500000	25600000	0.0235632
chr3_mat	25600000	25700000	0.0229285
chr3_mat	25700000	25800000	0.0182432
chr3_mat	25800000	25900000	0.0205942
chr3_mat	25900000	26000000	0.0220825
chr3_mat	26000000	26100000	0.024704
chr3_mat	26100000	26200000	0.0327543
chr3_mat	26200000	26300000	0.0200053
chr3_mat	26300000	26400000	0.0175258
chr3_mat	26400000	26500000	0.022499
chr3_mat	26500000	26600000	0.0183859
chr3_mat	26600000	26700000	0.0198436
chr3_mat	26700000	26800000	0.014012
chr3_mat	26800000	26900000	0.0175663
chr3_mat	26900000	27000000	0.0183299
chr3_mat	27000000	27100000	0.0273037
chr3_mat	27100000	27200000	0.0199145
chr3_mat	27200000	27300000	0.019087
chr3_mat	27300000	27400000	0.0200407
chr3_mat	27400000	27500000	0.0258386
chr3_mat	27500000	27600000	0.0235755
chr3_mat	27600000	27700000	0.019729
chr3_mat	27700000	27800000	0.021594
chr3_mat	27800000	27900000	0.0191981
chr3_mat	27900000	28000000	0.0222802
chr3_mat	28000000	28100000	0.0292617
chr3_mat	28100000	28200000	0.0405487
chr3_mat	28200000	28300000	0.0224729
chr3_mat	28300000	28400000	0.0305719
chr3_mat	28400000	28500000	0.0221118
chr3_mat	28500000	28600000	0.045001
chr3_mat	28600000	28700000	0.0821458
chr3_mat	28700000	28800000	0.0520435
chr3_mat	28800000	28900000	0.0392809
chr3_mat	28900000	29000000	0.0457861
chr3_mat	29000000	29100000	0.018737
chr3_mat	29100000	29200000	0.0190168
chr3_mat	29200000	29300000	0.0296849
chr3_mat	29300000	29400000	0.0587176
chr3_mat	29400000	29500000	0.0267774
chr3_mat	29500000	29600000	0.0247091
chr3_mat	29600000	29700000	0.0220433
chr3_mat	29700000	29800000	0.0225169
chr3_mat	29800000	29900000	0.0306169
chr3_mat	29900000	30000000	0.0251665
chr3_mat	30000000	30100000	0.048565
chr3_mat	30100000	30200000	0.031385
chr3_mat	30200000	30300000	0.0234245
chr3_mat	30300000	30400000	0.0184903
chr3_mat	30400000	30500000	0.0334789
chr3_mat	30500000	30600000	0.0344829
chr3_mat	30600000	30700000	0.0266261
chr3_mat	30700000	30800000	0.0256298
chr3_mat	30800000	30900000	0.0195712
chr3_mat	30900000	31000000	0.0213622
chr3_mat	31000000	31100000	0.0239961
chr3_mat	31100000	31200000	0.025151
chr3_mat	31200000	31300000	0.027781
chr3_mat	31300000	31400000	0.0223999
chr3_mat	31400000	31500000	0.0190931
chr3_mat	31500000	31600000	0.0260946
chr3_mat	31600000	31700000	0.0261765
chr3_mat	31700000	31800000	0.0261879
chr3_mat	31800000	31900000	0.0361982
chr3_mat	31900000	32000000	0.0195634
chr3_mat	32000000	32100000	0.026075
chr3_mat	32100000	32200000	0.0464732
chr3_mat	32200000	32300000	0.0224244
chr3_mat	32300000	32400000	0.0198889
chr3_mat	32400000	32500000	0.0188928
chr3_mat	32500000	32600000	0.0326258
chr3_mat	32600000	32700000	0.0191651
chr3_mat	32700000	32800000	0.023514
chr3_mat	32800000	32900000	0.0174223
chr3_mat	32900000	33000000	0.0217132
chr3_mat	33000000	33100000	0.020654
chr3_mat	33100000	33200000	0.0346666
chr3_mat	33200000	33300000	0.0673382
chr3_mat	33300000	33400000	0.0602016
chr3_mat	33400000	33500000	0.0224991
chr3_mat	33500000	33600000	0.0333068
chr3_mat	33600000	33700000	0.0294806
chr3_mat	33700000	33800000	0.0255629
chr3_mat	33800000	33900000	0.0279532
chr3_mat	33900000	34000000	0.0265218
chr3_mat	34000000	34100000	0.0184921
chr3_mat	34100000	34200000	0.014342
chr3_mat	34200000	34300000	0.0146925
chr3_mat	34300000	34400000	0.056996
chr3_mat	34400000	34500000	0.0237945
chr3_mat	34500000	34600000	0.0219999
chr3_mat	34600000	34700000	0.0268111
chr3_mat	34700000	34800000	0.0231824
chr3_mat	34800000	34900000	0.0278284
chr3_mat	34900000	35000000	0.0247178
chr3_mat	35000000	35100000	0.0336763
chr3_mat	35100000	35200000	0.0141205
chr3_mat	35200000	35300000	0.0196609
chr3_mat	35300000	35400000	0.0215357
chr3_mat	35400000	35500000	0.0131495
chr3_mat	35500000	35600000	0.0133072
chr3_mat	35600000	35700000	0.0204331
chr3_mat	35700000	35800000	0.0197824
chr3_mat	35800000	35900000	0.0149605
chr3_mat	35900000	36000000	0.0173967
chr3_mat	36000000	36100000	0.0328152
chr3_mat	36100000	36200000	0.0374658
chr3_mat	36200000	36300000	0.0303471
chr3_mat	36300000	36400000	0.0214322
chr3_mat	36400000	36500000	0.0189352
chr3_mat	36500000	36600000	0.017206
chr3_mat	36600000	36700000	0.0199159
chr3_mat	36700000	36800000	0.0295462
chr3_mat	36800000	36900000	0.018942
chr3_mat	36900000	37000000	0.0422063
chr3_mat	37000000	37100000	0.0186456
chr3_mat	37100000	37200000	0.0163158
chr3_mat	37200000	37300000	0.0216626
chr3_mat	37300000	37400000	0.0266052
chr3_mat	37400000	37500000	0.0267709
chr3_mat	37500000	37600000	0.0472772
chr3_mat	37600000	37700000	0.0147949
chr3_mat	37700000	37800000	0.0170389
chr3_mat	37800000	37900000	0.0209012
chr3_mat	37900000	38000000	0.0368423
chr3_mat	38000000	38100000	0.0728622
chr3_mat	38100000	38200000	0.0462804
chr3_mat	38200000	38300000	0.0309173
chr3_mat	38300000	38400000	0.0730434
chr3_mat	38400000	38500000	0.0373325
chr3_mat	38500000	38600000	0.0276564
chr3_mat	38600000	38700000	0.0271443
chr3_mat	38700000	38800000	0.0596488
chr3_mat	38800000	38900000	0.0363911
chr3_mat	38900000	39000000	0.0276505
chr3_mat	39000000	39100000	0.0271841
chr3_mat	39100000	39200000	0.022176
chr3_mat	39200000	39300000	0.0238925
chr3_mat	39300000	39400000	0.0362512
chr3_mat	39400000	39500000	0.0597515
chr3_mat	39500000	39600000	0.0322488
chr3_mat	39600000	39700000	0.0447372
chr3_mat	39700000	39800000	
chr3_mat	39800000	39900000	
chr3_mat	39900000	40000000	0.0434075
chr3_mat	40000000	40100000	0.0310834
chr3_mat	40100000	40200000	0.0333923
chr3_mat	40200000	40300000	0.0246896
chr3_mat	40300000	40400000	0.0263591
chr3_mat	40400000	40500000	0.0261593
chr3_mat	40500000	40600000	0.0257501
chr3_mat	40600000	40700000	0.016739
chr3_mat	40700000	40800000	0.0187938
chr3_mat	40800000	40900000	0.0160451
chr3_mat	40900000	41000000	0.0224272
chr3_mat	41000000	41100000	0.0230013
chr3_mat	41100000	41200000	0.0205636
chr3_mat	41200000	41300000	0.0299867
chr3_mat	41300000	41400000	0.0283333
chr3_mat	41400000	41500000	0.0259203
chr3_mat	41500000	41600000	0.0414965
chr3_mat	41600000	41700000	0.0329149
chr3_mat	41700000	41800000	0.0244399
chr3_mat	41800000	41900000	0.0214947
chr3_mat	41900000	42000000	0.0224008
chr3_mat	42000000	42100000	0.0151803
chr3_mat	42100000	42200000	0.0205544
chr3_mat	42200000	42300000	0.0194663
chr3_mat	42300000	42400000	0.0247907
chr3_mat	42400000	42500000	0.0265454
chr3_mat	42500000	42600000	0.0234643
chr3_mat	42600000	42700000	0.0234918
chr3_mat	42700000	42800000	0.0415528
chr3_mat	42800000	42900000	0.022213
chr3_mat	42900000	43000000	0.0244807
chr3_mat	43000000	43100000	0.0401296
chr3_mat	43100000	43200000	0.0371174
chr3_mat	43200000	43300000	0.0269363
chr3_mat	43300000	43400000	0.0315799
chr3_mat	43400000	43500000	0.0328563
chr3_mat	43500000	43600000	0.0573782
chr3_mat	43600000	43700000	0.0241358
chr3_mat	43700000	43800000	0.0245444
chr3_mat	43800000	43900000	0.039126
chr3_mat	43900000	44000000	0.0352095
chr3_mat	44000000	44100000	0.0252016
chr3_mat	44100000	44200000	0.0318883
chr3_mat	44200000	44300000	0.0319703
chr3_mat	44300000	44400000	0.0244222
chr3_mat	44400000	44500000	0.0153486
chr3_mat	44500000	44600000	0.0402491
chr3_mat	44600000	44700000	0.0179567
chr3_mat	44700000	44800000	0.0155138
chr3_mat	44800000	44900000	0.0263612
chr3_mat	44900000	45000000	0.037827
chr3_mat	45000000	45100000	0.0408593
chr3_mat	45100000	45200000	0.0300273
chr3_mat	45200000	45300000	0.0346329
chr3_mat	45300000	45400000	0.0206852
chr3_mat	45400000	45500000	0.0198297
chr3_mat	45500000	45600000	0.0211061
chr3_mat	45600000	45700000	0.0294991
chr3_mat	45700000	45800000	0.0292679
chr3_mat	45800000	45900000	0.0220625
chr3_mat	45900000	46000000	0.0138161
chr3_mat	46000000	46100000	0.0179333
chr3_mat	46100000	46200000	0.0148208
chr3_mat	46200000	46300000	0.0148739
chr3_mat	46300000	46400000	0.01907
chr3_mat	46400000	46500000	0.0212824
chr3_mat	46500000	46600000	0.0187186
chr3_mat	46600000	46700000	0.0120158
chr3_mat	46700000	46800000	0.0154006
chr3_mat	46800000	46900000	0.0173647
chr3_mat	46900000	47000000	0.0147564
chr3_mat	47000000	47100000	0.0174631
chr3_mat	47100000	47200000	0.0164255
chr3_mat	47200000	47300000	0.0144996
chr3_mat	47300000	47400000	0.0182081
chr3_mat	47400000	47500000	0.0206267
chr3_mat	47500000	47600000	0.0265134
chr3_mat	47600000	47700000	0.019647
chr3_mat	47700000	47800000	0.0153639
chr3_mat	47800000	47900000	0.0238588
chr3_mat	47900000	48000000	0.0245235
chr3_mat	48000000	48100000	0.0298743
chr3_mat	48100000	48200000	0.059145
chr3_mat	48200000	48300000	0.0278023
chr3_mat	48300000	48400000	0.0305398
chr3_mat	48400000	48500000	0.0298707
chr3_mat	48500000	48600000	0.0485416
chr3_mat	48600000	48700000	0.0479093
chr3_mat	48700000	48800000	0.03028
chr3_mat	48800000	48900000	0.0790348
chr3_mat	48900000	49000000	
chr3_mat	49000000	49100000	
chr3_mat	49100000	49200000	0.0399616
chr3_mat	49200000	49300000	
chr3_mat	49300000	49400000	
chr3_mat	49400000	49500000	
chr3_mat	49500000	49600000	0.0203231
chr3_mat	49600000	49700000	0.0295069
chr3_mat	49700000	49800000	0.0162065
chr3_mat	49800000	49900000	0.0241855
chr3_mat	49900000	50000000	0.0225769
chr3_mat	50000000	50100000	0.022779
chr3_mat	50100000	50200000	0.0201239
chr3_mat	50200000	50300000	0.0214166
chr3_mat	50300000	50400000	0.0218318
chr3_mat	50400000	50500000	0.0210193
chr3_mat	50500000	50600000	0.0192528
chr3_mat	50600000	50700000	0.0183326
chr3_mat	50700000	50800000	0.0177016
chr3_mat	50800000	50900000	0.0240793
chr3_mat	50900000	51000000	0.0238742
chr3_mat	51000000	51100000	0.023057
chr3_mat	51100000	51200000	0.0397735
chr3_mat	51200000	51300000	0.0265528
chr3_mat	51300000	51400000	0.0270662
chr3_mat	51400000	51500000	0.0280038
chr3_mat	51500000	51600000	0.0242492
chr3_mat	51600000	51700000	0.026873
chr3_mat	51700000	51800000	0.0324152
chr3_mat	51800000	51900000	0.0243168
chr3_mat	51900000	52000000	0.0259158
chr3_mat	52000000	52100000	0.0197962
chr3_mat	52100000	52200000	0.0179692
chr3_mat	52200000	52300000	0.0201736
chr3_mat	52300000	52400000	0.0249734
chr3_mat	52400000	52500000	0.026228
chr3_mat	52500000	52600000	0.0220782
chr3_mat	52600000	52700000	0.0251254
chr3_mat	52700000	52800000	0.0247077
chr3_mat	52800000	52900000	0.0309353
chr3_mat	52900000	53000000	0.0332362
chr3_mat	53000000	53100000	0.0294275
chr3_mat	53100000	53200000	0.0237924
chr3_mat	53200000	53300000	0.0275423
chr3_mat	53300000	53400000	0.0173238
chr3_mat	53400000	53500000	0.0253094
chr3_mat	53500000	53600000	0.0219267
chr3_mat	53600000	53700000	0.0154266
chr3_mat	53700000	53800000	0.0228746
chr3_mat	53800000	53900000	0.0313323
chr3_mat	53900000	54000000	0.0594965
chr3_mat	54000000	54100000	0.0412442
chr3_mat	54100000	54200000	0.0358477
chr3_mat	54200000	54300000	0.0232436
chr3_mat	54300000	54400000	0.0481125
chr3_mat	54400000	54500000	0.036068
chr3_mat	54500000	54600000	0.0462108
chr3_mat	54600000	54700000	0.0506519
chr3_mat	54700000	54800000	0.0249569
chr3_mat	54800000	54900000	0.0262974
chr3_mat	54900000	55000000	0.0874431
chr3_mat	55000000	55100000	
chr3_mat	55100000	55200000	
chr3_mat	55200000	55300000	0.0679641
chr3_mat	55300000	55400000	0.0236518
chr3_mat	55400000	55500000	0.0271592
chr3_mat	55500000	55600000	0.0226236
chr3_mat	55600000	55700000	0.022537
chr3_mat	55700000	55800000	0.0349896
chr3_mat	55800000	55900000	0.0330352
chr3_mat	55900000	56000000	0.0306913
chr3_mat	56000000	56100000	0.0211214
chr3_mat	56100000	56200000	0.0142184
chr3_mat	56200000	56300000	0.0210873
chr3_mat	56300000	56400000	0.0264475
chr3_mat	56400000	56500000	0.0249906
chr3_mat	56500000	56600000	0.0321746
chr3_mat	56600000	56700000	0.0180014
chr3_mat	56700000	56800000	0.029374
chr3_mat	56800000	56900000	0.0282078
chr3_mat	56900000	57000000	0.0299852
chr3_mat	57000000	57100000	0.0264014
chr3_mat	57100000	57200000	0.0255046
chr3_mat	57200000	57300000	0.02215
chr3_mat	57300000	57400000	0.0287101
chr3_mat	57400000	57500000	0.0211329
chr3_mat	57500000	57600000	0.021874
chr3_mat	57600000	57700000	0.0227588
chr3_mat	57700000	57800000	0.0198653
chr3_mat	57800000	57900000	0.0196326
chr3_mat	57900000	58000000	0.0158132
chr3_mat	58000000	58100000	0.0141172
chr3_mat	58100000	58200000	0.0165305
chr3_mat	58200000	58300000	0.0239909
chr3_mat	58300000	58400000	0.0163371
chr3_mat	58400000	58500000	0.013482
chr3_mat	58500000	58600000	0.0476473
chr3_mat	58600000	58700000	0.0375492
chr3_mat	58700000	58800000	0.0200977
chr3_mat	58800000	58900000	0.024295
chr3_mat	58900000	59000000	0.0207235
chr3_mat	59000000	59100000	0.0205392
chr3_mat	59100000	59200000	0.0199171
chr3_mat	59200000	59300000	0.0209234
chr3_mat	59300000	59400000	0.0235045
chr3_mat	59400000	59500000	0.0283663
chr3_mat	59500000	59600000	0.0256645
chr3_mat	59600000	59700000	0.024041
chr3_mat	59700000	59800000	0.0307555
chr3_mat	59800000	59900000	0.0179276
chr3_mat	59900000	60000000	0.0264034
chr3_mat	60000000	60100000	0.0211346
chr3_mat	60100000	60200000	0.0302493
chr3_mat	60200000	60300000	0.0287923
chr3_mat	60300000	60400000	0.0261909
chr3_mat	60400000	60500000	
chr3_mat	60500000	60600000	0.021122
chr3_mat	60600000	60700000	0.0206048
chr3_mat	60700000	60800000	0.0241241
chr3_mat	60800000	60900000	0.0201727
chr3_mat	60900000	61000000	0.0366084
chr3_mat	61000000	61100000	0.0315042
chr3_mat	61100000	61200000	0.0288775
chr3_mat	61200000	61300000	
chr3_mat	61300000	61400000	0.041188
chr3_mat	61400000	61500000	0.0293131
chr3_mat	61500000	61600000	0.0254177
chr3_mat	61600000	61700000	0.0304641
chr3_mat	61700000	61800000	0.0207625
chr3_mat	61800000	61900000	0.0273087
chr3_mat	61900000	62000000	0.0351949
chr3_mat	62000000	62100000	0.0135289
chr3_mat	62100000	62200000	0.0323495
chr3_mat	62200000	62300000	0.0230571
chr3_mat	62300000	62400000	0.0197188
chr3_mat	62400000	62500000	0.0216879
chr3_mat	62500000	62600000	0.0239765
chr3_mat	62600000	62700000	0.0274379
chr3_mat	62700000	62800000	0.0180372
chr3_mat	62800000	62900000	0.0381826
chr3_mat	62900000	63000000	0.0184003
chr3_mat	63000000	63100000	0.0240051
chr3_mat	63100000	63200000	0.03491
chr3_mat	63200000	63300000	0.0220079
chr3_mat	63300000	63400000	0.0263933
chr3_mat	63400000	63500000	0.0267774
chr3_mat	63500000	63600000	0.0328449
chr3_mat	63600000	63700000	0.028193
chr3_mat	63700000	63800000	0.0351225
chr3_mat	63800000	63900000	0.04281
chr3_mat	63900000	64000000	0.036598
chr3_mat	64000000	64100000	0.0460736
chr3_mat	64100000	64200000	0.0643654
chr3_mat	64200000	64300000	0.0309751
chr3_mat	64300000	64400000	0.0212581
chr3_mat	64400000	64500000	0.0188729
chr3_mat	64500000	64600000	0.0293863
chr3_mat	64600000	64700000	0.028627
chr3_mat	64700000	64800000	0.0217997
chr3_mat	64800000	64900000	0.0195316
chr3_mat	64900000	65000000	0.0342962
chr3_mat	65000000	65100000	0.0246737
chr3_mat	65100000	65200000	0.0185326
chr3_mat	65200000	65300000	0.0213105
chr3_mat	65300000	65400000	0.0245471
chr3_mat	65400000	65500000	0.0250912
chr3_mat	65500000	65600000	0.0840378
chr3_mat	65600000	65700000	
chr3_mat	65700000	65800000	
chr3_mat	65800000	65900000	0.022261
chr3_mat	65900000	66000000	0.0207928
chr3_mat	66000000	66100000	0.0215253
chr3_mat	66100000	66200000	0.0221339
chr3_mat	66200000	66300000	0.0252195
chr3_mat	66300000	66400000	0.0252119
chr3_mat	66400000	66500000	0.0226983
chr3_mat	66500000	66600000	0.0126626
chr3_mat	66600000	66700000	0.0274888
chr3_mat	66700000	66800000	0.0244662
chr3_mat	66800000	66900000	0.0212329
chr3_mat	66900000	67000000	0.0232637
chr3_mat	67000000	67100000	0.0264442
chr3_mat	67100000	67200000	0.0225549
chr3_mat	67200000	67300000	0.0269053
chr3_mat	67300000	67400000	0.0363393
chr3_mat	67400000	67500000	0.0245496
chr3_mat	67500000	67600000	0.0257352
chr3_mat	67600000	67700000	0.0273624
chr3_mat	67700000	67800000	0.0262522
chr3_mat	67800000	67900000	0.0222564
chr3_mat	67900000	68000000	0.0213449
chr3_mat	68000000	68100000	0.0170968
chr3_mat	68100000	68200000	0.0173783
chr3_mat	68200000	68300000	0.0162057
chr3_mat	68300000	68400000	0.023126
chr3_mat	68400000	68500000	0.0222946
chr3_mat	68500000	68600000	0.025136
chr3_mat	68600000	68700000	0.0430953
chr3_mat	68700000	68800000	0.0388276
chr3_mat	68800000	68900000	0.0350805
chr3_mat	68900000	69000000	0.0811843
chr3_mat	69000000	69100000	0.0395819
chr3_mat	69100000	69200000	0.0346879
chr3_mat	69200000	69300000	0.0317777
chr3_mat	69300000	69400000	0.0242073
chr3_mat	69400000	69500000	0.0282532
chr3_mat	69500000	69600000	0.0285257
chr3_mat	69600000	69700000	0.0296072
chr3_mat	69700000	69800000	0.0405387
chr3_mat	69800000	69900000	0.0488462
chr3_mat	69900000	70000000	0.0292642
chr3_mat	70000000	70100000	0.0234691
chr3_mat	70100000	70200000	0.0215618
chr3_mat	70200000	70300000	0.0150044
chr3_mat	70300000	70400000	0.0191859
chr3_mat	70400000	70500000	0.0194698
chr3_mat	70500000	70600000	0.0177551
chr3_mat	70600000	70700000	0.0145126
chr3_mat	70700000	70800000	0.02127
chr3_mat	70800000	70900000	0.0254061
chr3_mat	70900000	71000000	0.0217392
chr3_mat	71000000	71100000	0.0215254
chr3_mat	71100000	71200000	0.022742
chr3_mat	71200000	71300000	0.0238399
chr3_mat	71300000	71400000	0.0274092
chr3_mat	71400000	71500000	0.026468
chr3_mat	71500000	71600000	0.0267591
chr3_mat	71600000	71700000	0.0248945
chr3_mat	71700000	71800000	0.0249251
chr3_mat	71800000	71900000	0.0248998
chr3_mat	71900000	72000000	0.0308745
chr3_mat	72000000	72100000	0.0245321
chr3_mat	72100000	72200000	0.0244766
chr3_mat	72200000	72300000	0.019109
chr3_mat	72300000	72400000	0.0166117
chr3_mat	72400000	72500000	0.024731
chr3_mat	72500000	72600000	0.0234145
chr3_mat	72600000	72700000	0.0181091
chr3_mat	72700000	72800000	0.0237256
chr3_mat	72800000	72900000	0.0263295
chr3_mat	72900000	73000000	0.0273032
chr3_mat	73000000	73100000	0.0178089
chr3_mat	73100000	73200000	0.0235746
chr3_mat	73200000	73300000	0.0172298
chr3_mat	73300000	73400000	0.0185209
chr3_mat	73400000	73500000	0.0317446
chr3_mat	73500000	73600000	0.0313836
chr3_mat	73600000	73700000	0.0249872
chr3_mat	73700000	73800000	0.0277273
chr3_mat	73800000	73900000	0.0228403
chr3_mat	73900000	74000000	0.0360515
chr3_mat	74000000	74100000	0.0274717
chr3_mat	74100000	74200000	0.0371469
chr3_mat	74200000	74300000	
chr3_mat	74300000	74400000	0.0395647
chr3_mat	74400000	74500000	0.0335568
chr3_mat	74500000	74600000	0.0336002
chr3_mat	74600000	74700000	
chr3_mat	74700000	74800000	0.0301894
chr3_mat	74800000	74900000	0.0352965
chr3_mat	74900000	75000000	0.0307696
chr3_mat	75000000	75100000	0.0721344
chr3_mat	75100000	75200000	0.0265997
chr3_mat	75200000	75300000	0.0228307
chr3_mat	75300000	75400000	0.0449913
chr3_mat	75400000	75500000	0.0456361
chr3_mat	75500000	75600000	0.021085
chr3_mat	75600000	75700000	0.0430675
chr3_mat	75700000	75800000	0.048643
chr3_mat	75800000	75900000	
chr3_mat	75900000	76000000	0.0475825
chr3_mat	76000000	76100000	0.0633053
chr3_mat	76100000	76200000	
chr3_mat	76200000	76300000	
chr3_mat	76300000	76400000	0.0755127
chr3_mat	76400000	76500000	0.0476741
chr3_mat	76500000	76600000	0.0676107
chr3_mat	76600000	76700000	0.0857282
chr3_mat	76700000	76800000	
chr3_mat	76800000	76900000	0.104589
chr3_mat	76900000	77000000	
chr3_mat	77000000	77100000	
chr3_mat	77100000	77200000	
chr3_mat	77200000	77300000	
chr3_mat	77300000	77400000	
chr3_mat	77400000	77500000	
chr3_mat	77500000	77600000	
chr3_mat	77600000	77700000	
chr3_mat	77700000	77800000	
chr3_mat	77800000	77900000	
chr3_mat	77900000	78000000	
chr3_mat	78000000	78100000	
chr3_mat	78100000	78200000	
chr3_mat	78200000	78300000	
chr3_mat	78300000	78400000	
chr3_mat	78400000	78500000	
chr3_mat	78500000	78600000	
chr3_mat	78600000	78700000	
chr3_mat	78700000	78800000	
chr3_mat	78800000	78900000	0.0893113
chr3_mat	78900000	79000000	
chr3_mat	79000000	79100000	
chr3_mat	79100000	79200000	
chr3_mat	79200000	79300000	
chr3_mat	79300000	79400000	
chr3_mat	79400000	79500000	
chr3_mat	79500000	79600000	0.111653
chr3_mat	79600000	79700000	
chr3_mat	79700000	79800000	
chr3_mat	79800000	79900000	
chr3_mat	79900000	80000000	
chr3_mat	80000000	80100000	
chr3_mat	80100000	80200000	
chr3_mat	80200000	80300000	
chr3_mat	80300000	80400000	
chr3_mat	80400000	80500000	0.067714
chr3_mat	80500000	80600000	0.0440929
chr3_mat	80600000	80700000	0.0577571
chr3_mat	80700000	80800000	0.0769429
chr3_mat	80800000	80900000	
chr3_mat	80900000	81000000	
chr3_mat	81000000	81100000	0.039161
chr3_mat	81100000	81200000	0.0447024
chr3_mat	81200000	81300000	0.0415225
chr3_mat	81300000	81400000	0.0281206
chr3_mat	81400000	81500000	0.0370266
chr3_mat	81500000	81600000	0.0721145
chr3_mat	81600000	81700000	0.0363427
chr3_mat	81700000	81800000	0.0295287
chr3_mat	81800000	81900000	0.0282089
chr3_mat	81900000	82000000	0.0270936
chr3_mat	82000000	82100000	0.0306434
chr3_mat	82100000	82200000	0.0477226
chr3_mat	82200000	82300000	0.0369886
chr3_mat	82300000	82400000	0.0287041
chr3_mat	82400000	82500000	0.0254289
chr3_mat	82500000	82600000	0.0181912
chr3_mat	82600000	82700000	0.0276769
chr3_mat	82700000	82800000	0.0219929
chr3_mat	82800000	82900000	0.0194055
chr3_mat	82900000	83000000	0.0227421
chr3_mat	83000000	83100000	0.023202
chr3_mat	83100000	83200000	0.0279741
chr3_mat	83200000	83300000	0.0289141
chr3_mat	83300000	83400000	0.0319076
chr3_mat	83400000	83500000	0.0328546
chr3_mat	83500000	83600000	0.0192476
chr3_mat	83600000	83700000	0.01533
chr3_mat	83700000	83800000	0.0325118
chr3_mat	83800000	83900000	0.0220482
chr3_mat	83900000	84000000	0.0280988
chr3_mat	84000000	84100000	0.0567879
chr3_mat	84100000	84200000	0.0318543
chr3_mat	84200000	84300000	0.027456
chr3_mat	84300000	84400000	0.0195274
chr3_mat	84400000	84500000	0.0231447
chr3_mat	84500000	84600000	0.0225632
chr3_mat	84600000	84700000	0.0227037
chr3_mat	84700000	84800000	0.0267307
chr3_mat	84800000	84900000	0.0209037
chr3_mat	84900000	85000000	0.0205609
chr3_mat	85000000	85100000	0.0193093
chr3_mat	85100000	85200000	0.0182243
chr3_mat	85200000	85300000	0.0209746
chr3_mat	85300000	85400000	0.0155714
chr3_mat	85400000	85500000	0.0214613
chr3_mat	85500000	85600000	0.0282639
chr3_mat	85600000	85700000	0.0251311
chr3_mat	85700000	85800000	0.0233452
chr3_mat	85800000	85900000	0.020951
chr3_mat	85900000	86000000	0.0196092
chr3_mat	86000000	86100000	0.0207556
chr3_mat	86100000	86200000	0.015807
chr3_mat	86200000	86300000	0.0267832
chr3_mat	86300000	86400000	0.0320672
chr3_mat	86400000	86500000	0.0214594
chr3_mat	86500000	86600000	0.0186467
chr3_mat	86600000	86700000	0.0156053
chr3_mat	86700000	86800000	0.0199354
chr3_mat	86800000	86900000	0.0153893
chr3_mat	86900000	87000000	0.0210698
chr3_mat	87000000	87100000	0.0181336
chr3_mat	87100000	87200000	0.0177252
chr3_mat	87200000	87300000	0.0164718
chr3_mat	87300000	87400000	0.0147173
chr3_mat	87400000	87500000	0.0115396
chr3_mat	87500000	87600000	0.01557
chr3_mat	87600000	87700000	0.016861
chr3_mat	87700000	87800000	0.0208421
chr3_mat	87800000	87900000	0.0243596
chr3_mat	87900000	88000000	0.0167363
chr3_mat	88000000	88100000	0.0153015
chr3_mat	88100000	88200000	0.0174601
chr3_mat	88200000	88300000	0.0292082
chr3_mat	88300000	88400000	0.0438027
chr3_mat	88400000	88500000	0.0427525
chr3_mat	88500000	88600000	0.0346886
chr3_mat	88600000	88700000	0.0259296
chr3_mat	88700000	88800000	0.0239076
chr3_mat	88800000	88900000	0.0253451
chr3_mat	88900000	89000000	0.0404745
chr3_mat	89000000	89100000	0.0519176
chr3_mat	89100000	89200000	0.0374069
chr3_mat	89200000	89300000	0.0343695
chr3_mat	89300000	89400000	0.0372666
chr3_mat	89400000	89500000	0.0341039
chr3_mat	89500000	89600000	0.0324842
chr3_mat	89600000	89700000	0.0236881
chr3_mat	89700000	89800000	0.0551562
chr3_mat	89800000	89900000	0.0256216
chr3_mat	89900000	90000000	0.0203552
chr3_mat	90000000	90100000	0.0338959
chr3_mat	90100000	90200000	0.017988
chr3_mat	90200000	90300000	0.0212513
chr3_mat	90300000	90400000	0.0274048
chr3_mat	90400000	90500000	0.0306189
chr3_mat	90500000	90600000	0.0323751
chr3_mat	90600000	90700000	0.0239945
chr3_mat	90700000	90800000	0.0235401
chr3_mat	90800000	90900000	0.0139536
chr3_mat	90900000	91000000	0.0203427
chr3_mat	91000000	91100000	0.0241842
chr3_mat	91100000	91200000	0.0228239
chr3_mat	91200000	91300000	0.0225271
chr3_mat	91300000	91400000	0.0217353
chr3_mat	91400000	91500000	0.0306981
chr3_mat	91500000	91600000	0.0198767
chr3_mat	91600000	91700000	0.0189131
chr3_mat	91700000	91800000	0.0214721
chr3_mat	91800000	91900000	0.0178248
chr3_mat	91900000	92000000	0.0245637
chr3_mat	92000000	92100000	0.0276075
chr3_mat	92100000	92200000	0.0256223
chr3_mat	92200000	92300000	0.0171064
chr3_mat	92300000	92400000	0.022091
chr3_mat	92400000	92500000	0.0189837
chr3_mat	92500000	92600000	0.0148231
chr3_mat	92600000	92700000	0.014362
chr3_mat	92700000	92800000	0.0148047
chr3_mat	92800000	92900000	0.019846
chr3_mat	92900000	93000000	0.0251604
chr3_mat	93000000	93100000	0.0256073
chr3_mat	93100000	93200000	0.0241474
chr3_mat	93200000	93300000	0.0337533
chr3_mat	93300000	93400000	0.0241628
chr3_mat	93400000	93500000	0.0223501
chr3_mat	93500000	93600000	0.0257039
chr3_mat	93600000	93700000	0.0269897
chr3_mat	93700000	93800000	0.0249285
chr3_mat	93800000	93900000	0.0215546
chr3_mat	93900000	94000000	0.0254107
chr3_mat	94000000	94100000	0.0256095
chr3_mat	94100000	94200000	0.029475
chr3_mat	94200000	94300000	0.036162
chr3_mat	94300000	94400000	0.0320436
chr3_mat	94400000	94500000	0.0241173
chr3_mat	94500000	94600000	0.0225306
chr3_mat	94600000	94700000	0.0230825
chr3_mat	94700000	94800000	0.0128784
chr3_mat	94800000	94900000	0.0175276
chr3_mat	94900000	95000000	0.017086
chr3_mat	95000000	95100000	0.01963
chr3_mat	95100000	95200000	0.0177888
chr3_mat	95200000	95300000	0.0133914
chr3_mat	95300000	95400000	0.0237834
chr3_mat	95400000	95500000	0.022967
chr3_mat	95500000	95600000	0.0226052
chr3_mat	95600000	95700000	0.0178442
chr3_mat	95700000	95800000	0.0155146
chr3_mat	95800000	95900000	0.0162489
chr3_mat	95900000	96000000	0.017554
chr3_mat	96000000	96100000	0.0149229
chr3_mat	96100000	96200000	0.0171063
chr3_mat	96200000	96300000	0.0159549
chr3_mat	96300000	96400000	0.0133293
chr3_mat	96400000	96500000	0.0160135
chr3_mat	96500000	96600000	0.0180136
chr3_mat	96600000	96700000	0.0216118
chr3_mat	96700000	96800000	0.0237923
chr3_mat	96800000	96900000	0.0171691
chr3_mat	96900000	97000000	0.0195301
chr3_mat	97000000	97100000	0.0203017
chr3_mat	97100000	97200000	0.0195463
chr3_mat	97200000	97300000	0.0170093
chr3_mat	97300000	97400000	0.0204152
chr3_mat	97400000	97500000	0.0164093
chr3_mat	97500000	97600000	0.0140495
chr3_mat	97600000	97700000	0.0132011
chr3_mat	97700000	97800000	0.0142893
chr3_mat	97800000	97900000	0.0132655
chr3_mat	97900000	98000000	0.0168779
chr3_mat	98000000	98100000	0.0127467
chr3_mat	98100000	98200000	0.0134432
chr3_mat	98200000	98300000	0.0129137
chr3_mat	98300000	98400000	0.0158562
chr3_mat	98400000	98500000	0.0131402
chr3_mat	98500000	98600000	0.0177012
chr3_mat	98600000	98700000	0.0166844
chr3_mat	98700000	98800000	0.0174076
chr3_mat	98800000	98900000	0.0172868
chr3_mat	98900000	99000000	0.0189422
chr3_mat	99000000	99100000	0.0210833
chr3_mat	99100000	99200000	0.0216932
chr3_mat	99200000	99300000	0.0224577
chr3_mat	99300000	99400000	0.0211341
chr3_mat	99400000	99500000	0.01828
chr3_mat	99500000	99600000	0.0124473
chr3_mat	99600000	99700000	0.0144292
chr3_mat	99700000	99800000	0.0181249
chr3_mat	99800000	99900000	0.0164836
chr3_mat	99900000	100000000	0.0147513
chr3_mat	100000000	100100000	0.0147923
chr3_mat	100100000	100200000	0.0152744
chr3_mat	100200000	100300000	0.0162431
chr3_mat	100300000	100400000	0.0193974
chr3_mat	100400000	100500000	0.020168
chr3_mat	100500000	100600000	0.0218178
chr3_mat	100600000	100700000	0.0182021
chr3_mat	100700000	100800000	0.0192666
chr3_mat	100800000	100900000	0.0170806
chr3_mat	100900000	101000000	0.015408
chr3_mat	101000000	101100000	0.0162829
chr3_mat	101100000	101200000	0.0166329
chr3_mat	101200000	101300000	0.0164197
chr3_mat	101300000	101400000	0.0167643
chr3_mat	101400000	101500000	0.0188707
chr3_mat	101500000	101600000	0.0167293
chr3_mat	101600000	101700000	0.0193203
chr3_mat	101700000	101800000	0.0202506
chr3_mat	101800000	101900000	0.0201112
chr3_mat	101900000	102000000	0.014735
chr3_mat	102000000	102100000	0.0113857
chr3_mat	102100000	102200000	0.0158543
chr3_mat	102200000	102300000	0.0150637
chr3_mat	102300000	102400000	0.019306
chr3_mat	102400000	102500000	0.0168068
chr3_mat	102500000	102600000	0.0221897
chr3_mat	102600000	102700000	0.0192881
chr3_mat	102700000	102800000	0.0164575
chr3_mat	102800000	102900000	0.0150771
chr3_mat	102900000	103000000	0.0126734
chr3_mat	103000000	103100000	0.0127817
chr3_mat	103100000	103200000	0.0144013
chr3_mat	103200000	103300000	0.0159609
chr3_mat	103300000	103400000	0.0133028
chr3_mat	103400000	103500000	0.0150787
chr3_mat	103500000	103600000	0.0215749
chr3_mat	103600000	103700000	0.02033
chr3_mat	103700000	103800000	0.0223006
chr3_mat	103800000	103900000	0.0232434
chr3_mat	103900000	104000000	0.0188833
chr3_mat	104000000	104100000	0.0178536
chr3_mat	104100000	104200000	0.0153435
chr3_mat	104200000	104300000	0.0167724
chr3_mat	104300000	104400000	0.0154427
chr3_mat	104400000	104500000	0.0139499
chr3_mat	104500000	104600000	0.018132
chr3_mat	104600000	104700000	0.0172792
chr3_mat	104700000	104800000	0.0182874
chr3_mat	104800000	104900000	0.0200244
chr3_mat	104900000	105000000	0.018353
chr3_mat	105000000	105100000	0.0206474
chr3_mat	105100000	105200000	0.0190368
chr3_mat	105200000	105300000	0.018555
chr3_mat	105300000	105400000	0.0194066
chr3_mat	105400000	105500000	0.0154811
chr3_mat	105500000	105600000	0.0175476
chr3_mat	105600000	105700000	0.017307
chr3_mat	105700000	105800000	0.0161495
chr3_mat	105800000	105900000	0.018792
chr3_mat	105900000	106000000	0.0159493
chr3_mat	106000000	106100000	0.0159868
chr3_mat	106100000	106200000	0.0169426
chr3_mat	106200000	106300000	0.0179361
chr3_mat	106300000	106400000	0.012333
chr3_mat	106400000	106500000	0.0120302
chr3_mat	106500000	106600000	0.0152969
chr3_mat	106600000	106700000	0.0134097
chr3_mat	106700000	106800000	0.019618
chr3_mat	106800000	106900000	0.0195554
chr3_mat	106900000	107000000	0.0163458
chr3_mat	107000000	107100000	0.0161579
chr3_mat	107100000	107200000	0.0182501
chr3_mat	107200000	107300000	0.0128353
chr3_mat	107300000	107400000	0.0143264
chr3_mat	107400000	107500000	0.0153966
chr3_mat	107500000	107600000	0.0189647
chr3_mat	107600000	107700000	0.0152993
chr3_mat	107700000	107800000	0.0177455
chr3_mat	107800000	107900000	0.014828
chr3_mat	107900000	108000000	0.0159896
chr3_mat	108000000	108100000	0.0138999
chr3_mat	108100000	108200000	0.0110964
chr3_mat	108200000	108300000	0.0167818
chr3_mat	108300000	108400000	0.0187266
chr3_mat	108400000	108500000	0.0143901
chr3_mat	108500000	108600000	0.0153487
chr3_mat	108600000	108700000	0.0127977
chr3_mat	108700000	108800000	0.0133087
chr3_mat	108800000	108900000	0.0172392
chr3_mat	108900000	109000000	0.016634
chr3_mat	109000000	109100000	0.0167629
chr3_mat	109100000	109200000	0.0159805
chr3_mat	109200000	109300000	0.0173089
chr3_mat	109300000	109400000	0.0171758
chr3_mat	109400000	109500000	0.0149586
chr3_mat	109500000	109600000	0.014774
chr3_mat	109600000	109700000	0.00988685
chr3_mat	109700000	109800000	0.0167939
chr3_mat	109800000	109900000	0.0160244
chr3_mat	109900000	110000000	0.014691
chr3_mat	110000000	110100000	0.0153935
chr3_mat	110100000	110200000	0.0162519
chr3_mat	110200000	110300000	0.0165116
chr3_mat	110300000	110400000	0.0156983
chr3_mat	110400000	110500000	0.0173798
chr3_mat	110500000	110600000	0.0148872
chr3_mat	110600000	110700000	0.0114259
chr3_mat	110700000	110800000	0.0167802
chr3_mat	110800000	110900000	0.0181103
chr3_mat	110900000	111000000	0.0164002
chr3_mat	111000000	111100000	0.0161638
chr3_mat	111100000	111200000	0.0163066
chr3_mat	111200000	111300000	0.0159136
chr3_mat	111300000	111400000	0.0165261
chr3_mat	111400000	111500000	0.0280422
chr3_mat	111500000	111600000	0.021159
chr3_mat	111600000	111700000	0.0148487
chr3_mat	111700000	111800000	0.0139044
chr3_mat	111800000	111900000	0.015238
chr3_mat	111900000	112000000	0.0151757
chr3_mat	112000000	112100000	0.0106983
chr3_mat	112100000	112200000	0.0110588
chr3_mat	112200000	112300000	0.0157392
chr3_mat	112300000	112400000	0.0167701
chr3_mat	112400000	112500000	0.0150696
chr3_mat	112500000	112600000	0.0162918
chr3_mat	112600000	112700000	0.0196131
chr3_mat	112700000	112800000	0.0206406
chr3_mat	112800000	112900000	0.0200593
chr3_mat	112900000	113000000	0.0186181
chr3_mat	113000000	113100000	0.0192151
chr3_mat	113100000	113200000	0.0192966
chr3_mat	113200000	113300000	0.0188299
chr3_mat	113300000	113400000	0.0167093
chr3_mat	113400000	113500000	0.0147135
chr3_mat	113500000	113600000	0.0112406
chr3_mat	113600000	113700000	0.0169267
chr3_mat	113700000	113800000	0.0122724
chr3_mat	113800000	113900000	0.0129789
chr3_mat	113900000	114000000	0.0129035
chr3_mat	114000000	114100000	0.0171822
chr3_mat	114100000	114200000	0.020726
chr3_mat	114200000	114300000	0.0178956
chr3_mat	114300000	114400000	0.0156591
chr3_mat	114400000	114500000	0.0143294
chr3_mat	114500000	114600000	0.0123935
chr3_mat	114600000	114700000	0.0110331
chr3_mat	114700000	114800000	0.0135836
chr3_mat	114800000	114900000	0.0189543
chr3_mat	114900000	115000000	0.0188417
chr3_mat	115000000	115100000	0.0146124
chr3_mat	115100000	115200000	0.0261879
chr3_mat	115200000	115300000	0.0988368
chr3_mat	115300000	115400000	0.105816
chr3_mat	115400000	115500000	
chr3_mat	115500000	115600000	
chr3_mat	115600000	115612305	
chr4_mat	0	100000	0.0922758
chr4_mat	100000	200000	0.0338747
chr4_mat	200000	300000	0.034648
chr4_mat	300000	400000	0.0270918
chr4_mat	400000	500000	0.0195246
chr4_mat	500000	600000	0.0150922
chr4_mat	600000	700000	0.0125911
chr4_mat	700000	800000	0.0109993
chr4_mat	800000	900000	0.0149833
chr4_mat	900000	1000000	0.0115317
chr4_mat	1000000	1100000	0.0131264
chr4_mat	1100000	1200000	0.0139268
chr4_mat	1200000	1300000	0.0118218
chr4_mat	1300000	1400000	0.0113227
chr4_mat	1400000	1500000	0.0101392
chr4_mat	1500000	1600000	0.0124873
chr4_mat	1600000	1700000	0.0103598
chr4_mat	1700000	1800000	0.0126043
chr4_mat	1800000	1900000	0.0129032
chr4_mat	1900000	2000000	0.0107911
chr4_mat	2000000	2100000	0.0140073
chr4_mat	2100000	2200000	0.0148051
chr4_mat	2200000	2300000	0.0168782
chr4_mat	2300000	2400000	0.0167876
chr4_mat	2400000	2500000	0.0173019
chr4_mat	2500000	2600000	0.0160899
chr4_mat	2600000	2700000	0.0111496
chr4_mat	2700000	2800000	0.0131386
chr4_mat	2800000	2900000	0.0109505
chr4_mat	2900000	3000000	0.0106065
chr4_mat	3000000	3100000	0.0112916
chr4_mat	3100000	3200000	0.0124945
chr4_mat	3200000	3300000	0.0152961
chr4_mat	3300000	3400000	0.0151464
chr4_mat	3400000	3500000	0.0152107
chr4_mat	3500000	3600000	0.0153159
chr4_mat	3600000	3700000	0.0158571
chr4_mat	3700000	3800000	0.0157732
chr4_mat	3800000	3900000	0.0148237
chr4_mat	3900000	4000000	0.0157072
chr4_mat	4000000	4100000	0.0153723
chr4_mat	4100000	4200000	0.0145521
chr4_mat	4200000	4300000	0.0147011
chr4_mat	4300000	4400000	0.0137596
chr4_mat	4400000	4500000	0.0147106
chr4_mat	4500000	4600000	0.0140787
chr4_mat	4600000	4700000	0.0137752
chr4_mat	4700000	4800000	0.0151088
chr4_mat	4800000	4900000	0.0141126
chr4_mat	4900000	5000000	0.0153456
chr4_mat	5000000	5100000	0.0153579
chr4_mat	5100000	5200000	0.0156912
chr4_mat	5200000	5300000	0.0170039
chr4_mat	5300000	5400000	0.0126208
chr4_mat	5400000	5500000	0.0150106
chr4_mat	5500000	5600000	0.0196677
chr4_mat	5600000	5700000	0.0169832
chr4_mat	5700000	5800000	0.0106519
chr4_mat	5800000	5900000	0.00958352
chr4_mat	5900000	6000000	0.011693
chr4_mat	6000000	6100000	0.019999
chr4_mat	6100000	6200000	0.0197782
chr4_mat	6200000	6300000	0.0205047
chr4_mat	6300000	6400000	0.0194005
chr4_mat	6400000	6500000	0.0178757
chr4_mat	6500000	6600000	0.035062
chr4_mat	6600000	6700000	0.0156737
chr4_mat	6700000	6800000	0.0127998
chr4_mat	6800000	6900000	0.0154146
chr4_mat	6900000	7000000	0.01058
chr4_mat	7000000	7100000	0.0151924
chr4_mat	7100000	7200000	0.0182096
chr4_mat	7200000	7300000	0.0168542
chr4_mat	7300000	7400000	0.013763
chr4_mat	7400000	7500000	0.0124863
chr4_mat	7500000	7600000	0.0107632
chr4_mat	7600000	7700000	0.0159165
chr4_mat	7700000	7800000	0.018834
chr4_mat	7800000	7900000	0.0185832
chr4_mat	7900000	8000000	0.0178507
chr4_mat	8000000	8100000	0.0184515
chr4_mat	8100000	8200000	0.0138347
chr4_mat	8200000	8300000	0.0134948
chr4_mat	8300000	8400000	0.0135997
chr4_mat	8400000	8500000	0.0177096
chr4_mat	8500000	8600000	0.0151839
chr4_mat	8600000	8700000	0.0137695
chr4_mat	8700000	8800000	0.015462
chr4_mat	8800000	8900000	0.014696
chr4_mat	8900000	9000000	0.0106033
chr4_mat	9000000	9100000	0.0130848
chr4_mat	9100000	9200000	0.0119057
chr4_mat	9200000	9300000	0.0113314
chr4_mat	9300000	9400000	0.0114878
chr4_mat	9400000	9500000	0.01594
chr4_mat	9500000	9600000	0.0170707
chr4_mat	9600000	9700000	0.0152209
chr4_mat	9700000	9800000	0.0162731
chr4_mat	9800000	9900000	0.0146855
chr4_mat	9900000	10000000	0.0149908
chr4_mat	10000000	10100000	0.0160731
chr4_mat	10100000	10200000	0.0155126
chr4_mat	10200000	10300000	0.0171294
chr4_mat	10300000	10400000	0.0173381
chr4_mat	10400000	10500000	0.0176463
chr4_mat	10500000	10600000	0.0155678
chr4_mat	10600000	10700000	0.0155251
chr4_mat	10700000	10800000	0.0154685
chr4_mat	10800000	10900000	0.0177661
chr4_mat	10900000	11000000	0.0160571
chr4_mat	11000000	11100000	0.0174326
chr4_mat	11100000	11200000	0.0163317
chr4_mat	11200000	11300000	0.0158662
chr4_mat	11300000	11400000	0.0169492
chr4_mat	11400000	11500000	0.018421
chr4_mat	11500000	11600000	0.0158304
chr4_mat	11600000	11700000	0.0119758
chr4_mat	11700000	11800000	0.0123909
chr4_mat	11800000	11900000	0.0127382
chr4_mat	11900000	12000000	0.0172936
chr4_mat	12000000	12100000	0.0129903
chr4_mat	12100000	12200000	0.010304
chr4_mat	12200000	12300000	0.0129529
chr4_mat	12300000	12400000	0.0169675
chr4_mat	12400000	12500000	0.0163018
chr4_mat	12500000	12600000	0.0169625
chr4_mat	12600000	12700000	0.0160596
chr4_mat	12700000	12800000	0.0156983
chr4_mat	12800000	12900000	0.0168567
chr4_mat	12900000	13000000	0.0173346
chr4_mat	13000000	13100000	0.0157687
chr4_mat	13100000	13200000	0.0157672
chr4_mat	13200000	13300000	0.0154201
chr4_mat	13300000	13400000	0.0165604
chr4_mat	13400000	13500000	0.019491
chr4_mat	13500000	13600000	0.0191227
chr4_mat	13600000	13700000	0.0178273
chr4_mat	13700000	13800000	0.0175385
chr4_mat	13800000	13900000	0.017272
chr4_mat	13900000	14000000	0.0186562
chr4_mat	14000000	14100000	0.0203544
chr4_mat	14100000	14200000	0.0191865
chr4_mat	14200000	14300000	0.0144964
chr4_mat	14300000	14400000	0.0189685
chr4_mat	14400000	14500000	0.018517
chr4_mat	14500000	14600000	0.0194572
chr4_mat	14600000	14700000	0.0206762
chr4_mat	14700000	14800000	0.019823
chr4_mat	14800000	14900000	0.0194019
chr4_mat	14900000	15000000	0.0133486
chr4_mat	15000000	15100000	0.0144687
chr4_mat	15100000	15200000	0.0198449
chr4_mat	15200000	15300000	0.0138897
chr4_mat	15300000	15400000	0.0205711
chr4_mat	15400000	15500000	0.0203194
chr4_mat	15500000	15600000	0.0237941
chr4_mat	15600000	15700000	0.020295
chr4_mat	15700000	15800000	0.0132993
chr4_mat	15800000	15900000	0.0226544
chr4_mat	15900000	16000000	0.0181826
chr4_mat	16000000	16100000	0.0211886
chr4_mat	16100000	16200000	0.0187407
chr4_mat	16200000	16300000	0.0216451
chr4_mat	16300000	16400000	0.0199369
chr4_mat	16400000	16500000	0.0196525
chr4_mat	16500000	16600000	0.0199902
chr4_mat	16600000	16700000	0.0201524
chr4_mat	16700000	16800000	0.019501
chr4_mat	16800000	16900000	0.0176297
chr4_mat	16900000	17000000	0.0203706
chr4_mat	17000000	17100000	0.0194466
chr4_mat	17100000	17200000	0.0196992
chr4_mat	17200000	17300000	0.0185669
chr4_mat	17300000	17400000	0.025979
chr4_mat	17400000	17500000	0.0182904
chr4_mat	17500000	17600000	0.0248274
chr4_mat	17600000	17700000	0.0329599
chr4_mat	17700000	17800000	0.0275723
chr4_mat	17800000	17900000	0.0280117
chr4_mat	17900000	18000000	0.0200629
chr4_mat	18000000	18100000	0.0139218
chr4_mat	18100000	18200000	0.0182516
chr4_mat	18200000	18300000	0.0122201
chr4_mat	18300000	18400000	0.0151596
chr4_mat	18400000	18500000	0.0227726
chr4_mat	18500000	18600000	0.0258639
chr4_mat	18600000	18700000	0.0190767
chr4_mat	18700000	18800000	0.0271268
chr4_mat	18800000	18900000	0.037632
chr4_mat	18900000	19000000	0.0317712
chr4_mat	19000000	19100000	0.0379448
chr4_mat	19100000	19200000	0.0299371
chr4_mat	19200000	19300000	0.0193046
chr4_mat	19300000	19400000	0.0196893
chr4_mat	19400000	19500000	0.0222186
chr4_mat	19500000	19600000	0.0222449
chr4_mat	19600000	19700000	0.0214798
chr4_mat	19700000	19800000	0.030744
chr4_mat	19800000	19900000	0.0310127
chr4_mat	19900000	20000000	0.0652498
chr4_mat	20000000	20100000	0.0250221
chr4_mat	20100000	20200000	0.0302191
chr4_mat	20200000	20300000	0.0334145
chr4_mat	20300000	20400000	0.0322929
chr4_mat	20400000	20500000	0.0299909
chr4_mat	20500000	20600000	0.0267212
chr4_mat	20600000	20700000	0.0274821
chr4_mat	20700000	20800000	0.0295732
chr4_mat	20800000	20900000	0.0265763
chr4_mat	20900000	21000000	0.0270591
chr4_mat	21000000	21100000	0.0247234
chr4_mat	21100000	21200000	0.0287848
chr4_mat	21200000	21300000	0.0372157
chr4_mat	21300000	21400000	0.0320457
chr4_mat	21400000	21500000	
chr4_mat	21500000	21600000	
chr4_mat	21600000	21700000	
chr4_mat	21700000	21800000	0.0323398
chr4_mat	21800000	21900000	0.0212293
chr4_mat	21900000	22000000	0.0264063
chr4_mat	22000000	22100000	0.0244728
chr4_mat	22100000	22200000	0.0169003
chr4_mat	22200000	22300000	0.0229372
chr4_mat	22300000	22400000	0.0192051
chr4_mat	22400000	22500000	0.0154462
chr4_mat	22500000	22600000	0.018206
chr4_mat	22600000	22700000	0.0143614
chr4_mat	22700000	22800000	0.0313803
chr4_mat	22800000	22900000	0.0181615
chr4_mat	22900000	23000000	0.0149644
chr4_mat	23000000	23100000	0.0204927
chr4_mat	23100000	23200000	0.0198226
chr4_mat	23200000	23300000	0.0198968
chr4_mat	23300000	23400000	0.0201283
chr4_mat	23400000	23500000	0.0231283
chr4_mat	23500000	23600000	0.0234353
chr4_mat	23600000	23700000	0.0162225
chr4_mat	23700000	23800000	0.0236553
chr4_mat	23800000	23900000	0.0179424
chr4_mat	23900000	24000000	0.0229
chr4_mat	24000000	24100000	0.0239887
chr4_mat	24100000	24200000	0.0325406
chr4_mat	24200000	24300000	0.0198333
chr4_mat	24300000	24400000	0.0240992
chr4_mat	24400000	24500000	0.0235916
chr4_mat	24500000	24600000	0.0194731
chr4_mat	24600000	24700000	0.0291862
chr4_mat	24700000	24800000	0.0205
chr4_mat	24800000	24900000	0.0258601
chr4_mat	24900000	25000000	0.0291227
chr4_mat	25000000	25100000	
chr4_mat	25100000	25200000	0.0345345
chr4_mat	25200000	25300000	0.0253693
chr4_mat	25300000	25400000	0.0172414
chr4_mat	25400000	25500000	0.0197575
chr4_mat	25500000	25600000	0.0236916
chr4_mat	25600000	25700000	0.0180518
chr4_mat	25700000	25800000	0.0189307
chr4_mat	25800000	25900000	0.0125965
chr4_mat	25900000	26000000	0.0174643
chr4_mat	26000000	26100000	0.0255698
chr4_mat	26100000	26200000	0.0194935
chr4_mat	26200000	26300000	0.0178105
chr4_mat	26300000	26400000	0.0181771
chr4_mat	26400000	26500000	0.016989
chr4_mat	26500000	26600000	0.0230947
chr4_mat	26600000	26700000	0.0226077
chr4_mat	26700000	26800000	0.0171311
chr4_mat	26800000	26900000	0.0208649
chr4_mat	26900000	27000000	0.0192773
chr4_mat	27000000	27100000	0.0258818
chr4_mat	27100000	27200000	0.0144917
chr4_mat	27200000	27300000	0.0147526
chr4_mat	27300000	27400000	0.0150704
chr4_mat	27400000	27500000	0.0205553
chr4_mat	27500000	27600000	0.0150493
chr4_mat	27600000	27700000	0.0177995
chr4_mat	27700000	27800000	0.0322485
chr4_mat	27800000	27900000	0.0266869
chr4_mat	27900000	28000000	0.0415341
chr4_mat	28000000	28100000	0.0285931
chr4_mat	28100000	28200000	0.027735
chr4_mat	28200000	28300000	0.0209881
chr4_mat	28300000	28400000	0.0825117
chr4_mat	28400000	28500000	
chr4_mat	28500000	28600000	0.026812
chr4_mat	28600000	28700000	0.0242487
chr4_mat	28700000	28800000	0.0223554
chr4_mat	28800000	28900000	0.0211709
chr4_mat	28900000	29000000	0.0229919
chr4_mat	29000000	29100000	0.0229998
chr4_mat	29100000	29200000	0.0220309
chr4_mat	29200000	29300000	0.0130749
chr4_mat	29300000	29400000	0.0209595
chr4_mat	29400000	29500000	0.0217825
chr4_mat	29500000	29600000	0.0318812
chr4_mat	29600000	29700000	0.0164666
chr4_mat	29700000	29800000	0.0250315
chr4_mat	29800000	29900000	0.0584855
chr4_mat	29900000	30000000	0.0254163
chr4_mat	30000000	30100000	0.0232503
chr4_mat	30100000	30200000	0.0253989
chr4_mat	30200000	30300000	0.0287995
chr4_mat	30300000	30400000	0.0284704
chr4_mat	30400000	30500000	0.0229165
chr4_mat	30500000	30600000	0.0256559
chr4_mat	30600000	30700000	
chr4_mat	30700000	30800000	0.0402826
chr4_mat	30800000	30900000	0.0268213
chr4_mat	30900000	31000000	0.0400401
chr4_mat	31000000	31100000	0.0368879
chr4_mat	31100000	31200000	0.0270672
chr4_mat	31200000	31300000	0.0245312
chr4_mat	31300000	31400000	0.0261899
chr4_mat	31400000	31500000	
chr4_mat	31500000	31600000	0.0267056
chr4_mat	31600000	31700000	0.0211801
chr4_mat	31700000	31800000	0.0171135
chr4_mat	31800000	31900000	0.012572
chr4_mat	31900000	32000000	0.0196508
chr4_mat	32000000	32100000	0.0486824
chr4_mat	32100000	32200000	0.0136312
chr4_mat	32200000	32300000	0.0230974
chr4_mat	32300000	32400000	0.0198649
chr4_mat	32400000	32500000	0.0293623
chr4_mat	32500000	32600000	0.0506437
chr4_mat	32600000	32700000	0.0236026
chr4_mat	32700000	32800000	0.0251109
chr4_mat	32800000	32900000	0.0234995
chr4_mat	32900000	33000000	0.0502592
chr4_mat	33000000	33100000	
chr4_mat	33100000	33200000	
chr4_mat	33200000	33300000	
chr4_mat	33300000	33400000	0.0837677
chr4_mat	33400000	33500000	0.0277239
chr4_mat	33500000	33600000	0.0248355
chr4_mat	33600000	33700000	0.0340022
chr4_mat	33700000	33800000	0.02566
chr4_mat	33800000	33900000	0.0216289
chr4_mat	33900000	34000000	0.0433838
chr4_mat	34000000	34100000	0.0338314
chr4_mat	34100000	34200000	0.0405837
chr4_mat	34200000	34300000	0.0572144
chr4_mat	34300000	34400000	0.0375781
chr4_mat	34400000	34500000	0.0535736
chr4_mat	34500000	34600000	0.0876117
chr4_mat	34600000	34700000	0.0300258
chr4_mat	34700000	34800000	0.0152012
chr4_mat	34800000	34900000	0.0250073
chr4_mat	34900000	35000000	0.0197204
chr4_mat	35000000	35100000	0.0239848
chr4_mat	35100000	35200000	0.0194606
chr4_mat	35200000	35300000	0.0179841
chr4_mat	35300000	35400000	0.0309104
chr4_mat	35400000	35500000	0.0297657
chr4_mat	35500000	35600000	0.0174832
chr4_mat	35600000	35700000	0.0218683
chr4_mat	35700000	35800000	0.0223897
chr4_mat	35800000	35900000	0.0234576
chr4_mat	35900000	36000000	0.0166895
chr4_mat	36000000	36100000	0.023528
chr4_mat	36100000	36200000	0.0253495
chr4_mat	36200000	36300000	0.0202546
chr4_mat	36300000	36400000	0.0214161
chr4_mat	36400000	36500000	0.0226394
chr4_mat	36500000	36600000	0.0239613
chr4_mat	36600000	36700000	0.020379
chr4_mat	36700000	36800000	0.0216252
chr4_mat	36800000	36900000	0.0214837
chr4_mat	36900000	37000000	0.0184365
chr4_mat	37000000	37100000	0.0211279
chr4_mat	37100000	37200000	0.0149001
chr4_mat	37200000	37300000	0.0185197
chr4_mat	37300000	37400000	0.0238855
chr4_mat	37400000	37500000	0.0274596
chr4_mat	37500000	37600000	0.0333186
chr4_mat	37600000	37700000	0.0221601
chr4_mat	37700000	37800000	0.0244486
chr4_mat	37800000	37900000	0.0274121
chr4_mat	37900000	38000000	0.03415
chr4_mat	38000000	38100000	0.0201172
chr4_mat	38100000	38200000	0.0217319
chr4_mat	38200000	38300000	0.0233738
chr4_mat	38300000	38400000	0.0225892
chr4_mat	38400000	38500000	0.02749
chr4_mat	38500000	38600000	0.0193052
chr4_mat	38600000	38700000	0.0163171
chr4_mat	38700000	38800000	0.0183373
chr4_mat	38800000	38900000	0.0230643
chr4_mat	38900000	39000000	0.0203964
chr4_mat	39000000	39100000	0.0214403
chr4_mat	39100000	39200000	0.0246216
chr4_mat	39200000	39300000	0.0226724
chr4_mat	39300000	39400000	0.0211221
chr4_mat	39400000	39500000	0.0222083
chr4_mat	39500000	39600000	0.0221047
chr4_mat	39600000	39700000	0.0288445
chr4_mat	39700000	39800000	0.0198655
chr4_mat	39800000	39900000	0.0229367
chr4_mat	39900000	40000000	0.0210326
chr4_mat	40000000	40100000	0.0266022
chr4_mat	40100000	40200000	0.0321298
chr4_mat	40200000	40300000	0.0217946
chr4_mat	40300000	40400000	0.0222253
chr4_mat	40400000	40500000	0.0283066
chr4_mat	40500000	40600000	0.0170902
chr4_mat	40600000	40700000	0.0175114
chr4_mat	40700000	40800000	0.0232717
chr4_mat	40800000	40900000	0.0226443
chr4_mat	40900000	41000000	0.0228897
chr4_mat	41000000	41100000	0.0231934
chr4_mat	41100000	41200000	0.0255206
chr4_mat	41200000	41300000	0.0252466
chr4_mat	41300000	41400000	0.0189059
chr4_mat	41400000	41500000	0.0195202
chr4_mat	41500000	41600000	0.0168625
chr4_mat	41600000	41700000	0.0218721
chr4_mat	41700000	41800000	0.0219984
chr4_mat	41800000	41900000	0.0208818
chr4_mat	41900000	42000000	0.0265043
chr4_mat	42000000	42100000	0.0167912
chr4_mat	42100000	42200000	0.0175753
chr4_mat	42200000	42300000	0.0273315
chr4_mat	42300000	42400000	0.0274491
chr4_mat	42400000	42500000	0.0176184
chr4_mat	42500000	42600000	0.0148464
chr4_mat	42600000	42700000	0.0147875
chr4_mat	42700000	42800000	0.0271099
chr4_mat	42800000	42900000	0.0206275
chr4_mat	42900000	43000000	0.0158689
chr4_mat	43000000	43100000	0.0195356
chr4_mat	43100000	43200000	0.028949
chr4_mat	43200000	43300000	0.0216252
chr4_mat	43300000	43400000	0.0285008
chr4_mat	43400000	43500000	0.023426
chr4_mat	43500000	43600000	0.0176383
chr4_mat	43600000	43700000	0.0181924
chr4_mat	43700000	43800000	0.0135185
chr4_mat	43800000	43900000	0.0164866
chr4_mat	43900000	44000000	0.0185338
chr4_mat	44000000	44100000	0.015768
chr4_mat	44100000	44200000	0.0284146
chr4_mat	44200000	44300000	0.026492
chr4_mat	44300000	44400000	0.0229366
chr4_mat	44400000	44500000	0.0251851
chr4_mat	44500000	44600000	0.0282655
chr4_mat	44600000	44700000	0.0198731
chr4_mat	44700000	44800000	0.0194762
chr4_mat	44800000	44900000	0.0179926
chr4_mat	44900000	45000000	0.0164217
chr4_mat	45000000	45100000	0.0165079
chr4_mat	45100000	45200000	0.0208749
chr4_mat	45200000	45300000	0.0283116
chr4_mat	45300000	45400000	0.0300772
chr4_mat	45400000	45500000	0.0255518
chr4_mat	45500000	45600000	0.0247239
chr4_mat	45600000	45700000	0.0274006
chr4_mat	45700000	45800000	0.022688
chr4_mat	45800000	45900000	0.020639
chr4_mat	45900000	46000000	0.017621
chr4_mat	46000000	46100000	0.011127
chr4_mat	46100000	46200000	0.0164446
chr4_mat	46200000	46300000	0.0233553
chr4_mat	46300000	46400000	0.0246741
chr4_mat	46400000	46500000	0.0210346
chr4_mat	46500000	46600000	0.0166971
chr4_mat	46600000	46700000	0.022178
chr4_mat	46700000	46800000	0.023784
chr4_mat	46800000	46900000	0.0171071
chr4_mat	46900000	47000000	0.026085
chr4_mat	47000000	47100000	0.0249824
chr4_mat	47100000	47200000	0.0259452
chr4_mat	47200000	47300000	0.0192789
chr4_mat	47300000	47400000	0.0220305
chr4_mat	47400000	47500000	0.0789414
chr4_mat	47500000	47600000	
chr4_mat	47600000	47700000	
chr4_mat	47700000	47800000	0.0211232
chr4_mat	47800000	47900000	0.0194173
chr4_mat	47900000	48000000	0.0220436
chr4_mat	48000000	48100000	0.0250148
chr4_mat	48100000	48200000	0.0310988
chr4_mat	48200000	48300000	0.0225413
chr4_mat	48300000	48400000	0.0234929
chr4_mat	48400000	48500000	0.016039
chr4_mat	48500000	48600000	0.0148634
chr4_mat	48600000	48700000	0.0289232
chr4_mat	48700000	48800000	0.020892
chr4_mat	48800000	48900000	0.0207502
chr4_mat	48900000	49000000	0.0250476
chr4_mat	49000000	49100000	0.0252866
chr4_mat	49100000	49200000	0.0268087
chr4_mat	49200000	49300000	0.0393767
chr4_mat	49300000	49400000	
chr4_mat	49400000	49500000	0.0160488
chr4_mat	49500000	49600000	0.0186848
chr4_mat	49600000	49700000	0.0132085
chr4_mat	49700000	49800000	0.0206233
chr4_mat	49800000	49900000	0.0197307
chr4_mat	49900000	50000000	0.0220941
chr4_mat	50000000	50100000	0.0254976
chr4_mat	50100000	50200000	0.0211793
chr4_mat	50200000	50300000	0.0198501
chr4_mat	50300000	50400000	0.0226855
chr4_mat	50400000	50500000	0.0253813
chr4_mat	50500000	50600000	0.0232475
chr4_mat	50600000	50700000	0.0270283
chr4_mat	50700000	50800000	0.0226309
chr4_mat	50800000	50900000	0.0304791
chr4_mat	50900000	51000000	0.0237495
chr4_mat	51000000	51100000	0.0304974
chr4_mat	51100000	51200000	0.0218395
chr4_mat	51200000	51300000	0.0245846
chr4_mat	51300000	51400000	0.0186687
chr4_mat	51400000	51500000	0.0177402
chr4_mat	51500000	51600000	0.02235
chr4_mat	51600000	51700000	0.0235531
chr4_mat	51700000	51800000	0.0224015
chr4_mat	51800000	51900000	0.0257185
chr4_mat	51900000	52000000	0.0240403
chr4_mat	52000000	52100000	0.0262023
chr4_mat	52100000	52200000	0.026105
chr4_mat	52200000	52300000	0.0258099
chr4_mat	52300000	52400000	0.023095
chr4_mat	52400000	52500000	0.0233832
chr4_mat	52500000	52600000	0.0231343
chr4_mat	52600000	52700000	0.0255058
chr4_mat	52700000	52800000	0.0245782
chr4_mat	52800000	52900000	0.0211957
chr4_mat	52900000	53000000	0.0225379
chr4_mat	53000000	53100000	0.0218554
chr4_mat	53100000	53200000	0.0221303
chr4_mat	53200000	53300000	0.0255418
chr4_mat	53300000	53400000	0.0271463
chr4_mat	53400000	53500000	0.0278573
chr4_mat	53500000	53600000	0.0146174
chr4_mat	53600000	53700000	0.0266519
chr4_mat	53700000	53800000	0.0365069
chr4_mat	53800000	53900000	0.0375658
chr4_mat	53900000	54000000	0.0564785
chr4_mat	54000000	54100000	0.0585819
chr4_mat	54100000	54200000	0.0466642
chr4_mat	54200000	54300000	0.0701324
chr4_mat	54300000	54400000	0.0701676
chr4_mat	54400000	54500000	0.0644725
chr4_mat	54500000	54600000	0.0653153
chr4_mat	54600000	54700000	0.068341
chr4_mat	54700000	54800000	
chr4_mat	54800000	54900000	0.0794974
chr4_mat	54900000	55000000	
chr4_mat	55000000	55100000	0.0821479
chr4_mat	55100000	55200000	
chr4_mat	55200000	55300000	0.0663267
chr4_mat	55300000	55400000	
chr4_mat	55400000	55500000	
chr4_mat	55500000	55600000	
chr4_mat	55600000	55700000	
chr4_mat	55700000	55800000	
chr4_mat	55800000	55900000	
chr4_mat	55900000	56000000	
chr4_mat	56000000	56100000	
chr4_mat	56100000	56200000	
chr4_mat	56200000	56300000	
chr4_mat	56300000	56400000	
chr4_mat	56400000	56500000	0.0588728
chr4_mat	56500000	56600000	0.0762738
chr4_mat	56600000	56700000	0.0855586
chr4_mat	56700000	56800000	0.0681321
chr4_mat	56800000	56900000	
chr4_mat	56900000	57000000	
chr4_mat	57000000	57100000	0.0683171
chr4_mat	57100000	57200000	
chr4_mat	57200000	57300000	0.053752
chr4_mat	57300000	57400000	0.0307875
chr4_mat	57400000	57500000	0.0456749
chr4_mat	57500000	57600000	0.0488346
chr4_mat	57600000	57700000	0.0310201
chr4_mat	57700000	57800000	0.0200844
chr4_mat	57800000	57900000	0.0232122
chr4_mat	57900000	58000000	0.0227003
chr4_mat	58000000	58100000	0.0201034
chr4_mat	58100000	58200000	0.0220969
chr4_mat	58200000	58300000	0.0211097
chr4_mat	58300000	58400000	0.0216047
chr4_mat	58400000	58500000	0.0197883
chr4_mat	58500000	58600000	0.0195273
chr4_mat	58600000	58700000	0.0137936
chr4_mat	58700000	58800000	0.0187218
chr4_mat	58800000	58900000	0.0229301
chr4_mat	58900000	59000000	0.0237173
chr4_mat	59000000	59100000	0.0228246
chr4_mat	59100000	59200000	0.0222714
chr4_mat	59200000	59300000	0.0231105
chr4_mat	59300000	59400000	0.0202346
chr4_mat	59400000	59500000	0.0177767
chr4_mat	59500000	59600000	0.0179889
chr4_mat	59600000	59700000	0.0204231
chr4_mat	59700000	59800000	0.0215408
chr4_mat	59800000	59900000	0.0198389
chr4_mat	59900000	60000000	0.018285
chr4_mat	60000000	60100000	0.02137
chr4_mat	60100000	60200000	0.053243
chr4_mat	60200000	60300000	
chr4_mat	60300000	60400000	
chr4_mat	60400000	60500000	
chr4_mat	60500000	60600000	
chr4_mat	60600000	60700000	
chr4_mat	60700000	60800000	
chr4_mat	60800000	60900000	
chr4_mat	60900000	61000000	
chr4_mat	61000000	61100000	
chr4_mat	61100000	61200000	
chr4_mat	61200000	61300000	0.038353
chr4_mat	61300000	61400000	0.0124291
chr4_mat	61400000	61500000	0.0129758
chr4_mat	61500000	61600000	0.0171774
chr4_mat	61600000	61700000	0.0128685
chr4_mat	61700000	61800000	0.0172671
chr4_mat	61800000	61900000	0.0165816
chr4_mat	61900000	62000000	0.0161823
chr4_mat	62000000	62100000	0.0151371
chr4_mat	62100000	62200000	0.0135026
chr4_mat	62200000	62300000	0.016313
chr4_mat	62300000	62400000	0.01819
chr4_mat	62400000	62500000	0.0146836
chr4_mat	62500000	62600000	0.0151281
chr4_mat	62600000	62700000	0.0173802
chr4_mat	62700000	62800000	0.0194018
chr4_mat	62800000	62900000	0.0170686
chr4_mat	62900000	63000000	0.0157764
chr4_mat	63000000	63100000	0.0187801
chr4_mat	63100000	63200000	0.013024
chr4_mat	63200000	63300000	0.0197733
chr4_mat	63300000	63400000	0.0205917
chr4_mat	63400000	63500000	0.0237091
chr4_mat	63500000	63600000	0.040616
chr4_mat	63600000	63700000	
chr4_mat	63700000	63800000	
chr4_mat	63800000	63900000	
chr4_mat	63900000	64000000	0.0172046
chr4_mat	64000000	64100000	0.0124204
chr4_mat	64100000	64200000	0.0127268
chr4_mat	64200000	64300000	0.0131476
chr4_mat	64300000	64400000	0.0188023
chr4_mat	64400000	64500000	0.0216165
chr4_mat	64500000	64600000	0.019471
chr4_mat	64600000	64700000	0.0187656
chr4_mat	64700000	64800000	0.019641
chr4_mat	64800000	64900000	0.0199321
chr4_mat	64900000	65000000	0.0200907
chr4_mat	65000000	65100000	0.0197271
chr4_mat	65100000	65200000	0.0201391
chr4_mat	65200000	65300000	0.0200146
chr4_mat	65300000	65400000	0.0196102
chr4_mat	65400000	65500000	0.0181325
chr4_mat	65500000	65600000	0.0190394
chr4_mat	65600000	65700000	0.0227175
chr4_mat	65700000	65800000	0.0183047
chr4_mat	65800000	65900000	0.0166734
chr4_mat	65900000	66000000	0.0143468
chr4_mat	66000000	66100000	0.0122154
chr4_mat	66100000	66200000	0.0145499
chr4_mat	66200000	66300000	0.0187015
chr4_mat	66300000	66400000	0.0208926
chr4_mat	66400000	66500000	0.0190884
chr4_mat	66500000	66600000	0.0180999
chr4_mat	66600000	66700000	0.014443
chr4_mat	66700000	66800000	0.015087
chr4_mat	66800000	66900000	0.0166338
chr4_mat	66900000	67000000	0.014112
chr4_mat	67000000	67100000	0.0136669
chr4_mat	67100000	67200000	0.0214534
chr4_mat	67200000	67300000	0.0172246
chr4_mat	67300000	67400000	0.0174348
chr4_mat	67400000	67500000	0.0191083
chr4_mat	67500000	67600000	0.0116458
chr4_mat	67600000	67700000	0.017143
chr4_mat	67700000	67800000	0.0188329
chr4_mat	67800000	67900000	0.0196402
chr4_mat	67900000	68000000	0.0193181
chr4_mat	68000000	68100000	0.0189431
chr4_mat	68100000	68200000	0.0179745
chr4_mat	68200000	68300000	0.0209236
chr4_mat	68300000	68400000	0.0208311
chr4_mat	68400000	68500000	0.0187566
chr4_mat	68500000	68600000	0.0155921
chr4_mat	68600000	68700000	0.0124916
chr4_mat	68700000	68800000	0.0110024
chr4_mat	68800000	68900000	0.0163753
chr4_mat	68900000	69000000	0.0130728
chr4_mat	69000000	69100000	0.0191689
chr4_mat	69100000	69200000	0.0200315
chr4_mat	69200000	69300000	0.0129018
chr4_mat	69300000	69400000	0.0136866
chr4_mat	69400000	69500000	0.0125604
chr4_mat	69500000	69600000	0.00822297
chr4_mat	69600000	69700000	0.0155051
chr4_mat	69700000	69800000	0.0106163
chr4_mat	69800000	69900000	0.0164464
chr4_mat	69900000	70000000	0.0154413
chr4_mat	70000000	70100000	0.0156822
chr4_mat	70100000	70200000	0.0198109
chr4_mat	70200000	70300000	0.0239871
chr4_mat	70300000	70400000	0.0238475
chr4_mat	70400000	70500000	0.0147627
chr4_mat	70500000	70600000	0.0152009
chr4_mat	70600000	70700000	0.0161716
chr4_mat	70700000	70800000	0.0160095
chr4_mat	70800000	70900000	0.0300406
chr4_mat	70900000	71000000	
chr4_mat	71000000	71100000	0.0146755
chr4_mat	71100000	71200000	0.0147513
chr4_mat	71200000	71300000	0.0146293
chr4_mat	71300000	71400000	0.0140955
chr4_mat	71400000	71500000	0.0147181
chr4_mat	71500000	71600000	0.0166567
chr4_mat	71600000	71700000	0.014994
chr4_mat	71700000	71800000	0.0146145
chr4_mat	71800000	71900000	0.0152672
chr4_mat	71900000	72000000	0.015679
chr4_mat	72000000	72100000	0.0164554
chr4_mat	72100000	72200000	0.0170827
chr4_mat	72200000	72300000	0.0157064
chr4_mat	72300000	72400000	0.0168953
chr4_mat	72400000	72500000	0.0166404
chr4_mat	72500000	72600000	0.0173495
chr4_mat	72600000	72700000	0.0161803
chr4_mat	72700000	72800000	0.0162468
chr4_mat	72800000	72900000	0.0147793
chr4_mat	72900000	73000000	0.015181
chr4_mat	73000000	73100000	0.0154685
chr4_mat	73100000	73200000	0.0172515
chr4_mat	73200000	73300000	0.0155057
chr4_mat	73300000	73400000	0.0183296
chr4_mat	73400000	73500000	0.0213025
chr4_mat	73500000	73600000	0.0456461
chr4_mat	73600000	73700000	
chr4_mat	73700000	73776267	
chr4A_mat	0	100000	
chr4A_mat	100000	200000	0.0780821
chr4A_mat	200000	300000	0.0791548
chr4A_mat	300000	400000	0.0636528
chr4A_mat	400000	500000	0.0262166
chr4A_mat	500000	600000	0.0226683
chr4A_mat	600000	700000	0.0237204
chr4A_mat	700000	800000	0.0201122
chr4A_mat	800000	900000	0.0179427
chr4A_mat	900000	1000000	0.0239738
chr4A_mat	1000000	1100000	0.0256844
chr4A_mat	1100000	1200000	0.021248
chr4A_mat	1200000	1300000	0.0211617
chr4A_mat	1300000	1400000	0.0204136
chr4A_mat	1400000	1500000	0.0185018
chr4A_mat	1500000	1600000	0.0187849
chr4A_mat	1600000	1700000	0.0163085
chr4A_mat	1700000	1800000	0.0168575
chr4A_mat	1800000	1900000	0.0183987
chr4A_mat	1900000	2000000	0.0195231
chr4A_mat	2000000	2100000	0.0186945
chr4A_mat	2100000	2200000	0.0187539
chr4A_mat	2200000	2300000	0.0191031
chr4A_mat	2300000	2400000	0.0190583
chr4A_mat	2400000	2500000	0.0170644
chr4A_mat	2500000	2600000	0.0178409
chr4A_mat	2600000	2700000	0.017284
chr4A_mat	2700000	2800000	0.017766
chr4A_mat	2800000	2900000	0.0172116
chr4A_mat	2900000	3000000	0.0177009
chr4A_mat	3000000	3100000	0.0170089
chr4A_mat	3100000	3200000	0.0165721
chr4A_mat	3200000	3300000	0.0175019
chr4A_mat	3300000	3400000	0.0166156
chr4A_mat	3400000	3500000	0.0185158
chr4A_mat	3500000	3600000	0.0163549
chr4A_mat	3600000	3700000	0.018746
chr4A_mat	3700000	3800000	0.0201646
chr4A_mat	3800000	3900000	0.0181813
chr4A_mat	3900000	4000000	0.016392
chr4A_mat	4000000	4100000	0.0148692
chr4A_mat	4100000	4200000	0.0182722
chr4A_mat	4200000	4300000	0.0157255
chr4A_mat	4300000	4400000	0.0162239
chr4A_mat	4400000	4500000	0.0213197
chr4A_mat	4500000	4600000	0.022281
chr4A_mat	4600000	4700000	0.0145996
chr4A_mat	4700000	4800000	0.0115804
chr4A_mat	4800000	4900000	0.0146415
chr4A_mat	4900000	5000000	0.0112203
chr4A_mat	5000000	5100000	0.0165448
chr4A_mat	5100000	5200000	0.0136105
chr4A_mat	5200000	5300000	0.0153208
chr4A_mat	5300000	5400000	0.0171719
chr4A_mat	5400000	5500000	0.0202814
chr4A_mat	5500000	5600000	0.0186171
chr4A_mat	5600000	5700000	0.0210131
chr4A_mat	5700000	5800000	0.0221592
chr4A_mat	5800000	5900000	0.0185751
chr4A_mat	5900000	6000000	0.0153917
chr4A_mat	6000000	6100000	0.0211494
chr4A_mat	6100000	6200000	0.013743
chr4A_mat	6200000	6300000	0.0159544
chr4A_mat	6300000	6400000	0.0164418
chr4A_mat	6400000	6500000	0.0184056
chr4A_mat	6500000	6600000	0.0127006
chr4A_mat	6600000	6700000	0.0147095
chr4A_mat	6700000	6800000	0.0134934
chr4A_mat	6800000	6900000	0.0196135
chr4A_mat	6900000	7000000	0.0195842
chr4A_mat	7000000	7100000	0.018416
chr4A_mat	7100000	7200000	0.0176962
chr4A_mat	7200000	7300000	0.0197958
chr4A_mat	7300000	7400000	0.0157291
chr4A_mat	7400000	7500000	0.0131889
chr4A_mat	7500000	7600000	0.0153698
chr4A_mat	7600000	7700000	0.0225669
chr4A_mat	7700000	7800000	0.0182822
chr4A_mat	7800000	7900000	0.0146395
chr4A_mat	7900000	8000000	0.0175187
chr4A_mat	8000000	8100000	0.0161182
chr4A_mat	8100000	8200000	0.0196566
chr4A_mat	8200000	8300000	0.0202903
chr4A_mat	8300000	8400000	0.0196457
chr4A_mat	8400000	8500000	0.01918
chr4A_mat	8500000	8600000	0.0142981
chr4A_mat	8600000	8700000	0.014753
chr4A_mat	8700000	8800000	0.0135466
chr4A_mat	8800000	8900000	0.012094
chr4A_mat	8900000	9000000	0.0126833
chr4A_mat	9000000	9100000	0.0198587
chr4A_mat	9100000	9200000	0.0197609
chr4A_mat	9200000	9300000	0.0224531
chr4A_mat	9300000	9400000	0.0208883
chr4A_mat	9400000	9500000	0.0196708
chr4A_mat	9500000	9600000	0.013897
chr4A_mat	9600000	9700000	0.0120864
chr4A_mat	9700000	9800000	0.0174275
chr4A_mat	9800000	9900000	0.0207335
chr4A_mat	9900000	10000000	0.0201153
chr4A_mat	10000000	10100000	0.0190685
chr4A_mat	10100000	10200000	0.019896
chr4A_mat	10200000	10300000	0.0267738
chr4A_mat	10300000	10400000	0.0259106
chr4A_mat	10400000	10500000	0.0185199
chr4A_mat	10500000	10600000	0.019539
chr4A_mat	10600000	10700000	0.0187155
chr4A_mat	10700000	10800000	0.0167137
chr4A_mat	10800000	10900000	0.0156805
chr4A_mat	10900000	11000000	0.0133768
chr4A_mat	11000000	11100000	0.0217401
chr4A_mat	11100000	11200000	0.0128025
chr4A_mat	11200000	11300000	0.0180883
chr4A_mat	11300000	11400000	0.0132718
chr4A_mat	11400000	11500000	0.0120611
chr4A_mat	11500000	11600000	0.0133919
chr4A_mat	11600000	11700000	0.018436
chr4A_mat	11700000	11800000	0.0179872
chr4A_mat	11800000	11900000	0.0166336
chr4A_mat	11900000	12000000	0.017748
chr4A_mat	12000000	12100000	0.0161284
chr4A_mat	12100000	12200000	0.0179371
chr4A_mat	12200000	12300000	0.0141263
chr4A_mat	12300000	12400000	0.0130506
chr4A_mat	12400000	12500000	0.0197342
chr4A_mat	12500000	12600000	0.0171472
chr4A_mat	12600000	12700000	0.018416
chr4A_mat	12700000	12800000	0.0251228
chr4A_mat	12800000	12900000	0.0254033
chr4A_mat	12900000	13000000	0.0254532
chr4A_mat	13000000	13100000	0.0256566
chr4A_mat	13100000	13200000	0.0191044
chr4A_mat	13200000	13300000	0.0213516
chr4A_mat	13300000	13400000	0.0251157
chr4A_mat	13400000	13500000	0.0244685
chr4A_mat	13500000	13600000	0.0263819
chr4A_mat	13600000	13700000	0.0225926
chr4A_mat	13700000	13800000	0.0212538
chr4A_mat	13800000	13900000	0.0201467
chr4A_mat	13900000	14000000	0.0194193
chr4A_mat	14000000	14100000	0.0211811
chr4A_mat	14100000	14200000	0.020853
chr4A_mat	14200000	14300000	0.0187704
chr4A_mat	14300000	14400000	0.0225228
chr4A_mat	14400000	14500000	0.0210092
chr4A_mat	14500000	14600000	0.0116975
chr4A_mat	14600000	14700000	0.0152176
chr4A_mat	14700000	14800000	0.0192002
chr4A_mat	14800000	14900000	0.0186977
chr4A_mat	14900000	15000000	0.0143938
chr4A_mat	15000000	15100000	0.0138444
chr4A_mat	15100000	15200000	0.012643
chr4A_mat	15200000	15300000	0.0160262
chr4A_mat	15300000	15400000	0.0152965
chr4A_mat	15400000	15500000	0.0154328
chr4A_mat	15500000	15600000	0.0161818
chr4A_mat	15600000	15700000	0.0118415
chr4A_mat	15700000	15800000	0.0169547
chr4A_mat	15800000	15900000	0.0224334
chr4A_mat	15900000	16000000	0.0194685
chr4A_mat	16000000	16100000	0.0180872
chr4A_mat	16100000	16200000	0.0211012
chr4A_mat	16200000	16300000	0.0168211
chr4A_mat	16300000	16400000	0.0126397
chr4A_mat	16400000	16500000	0.0194696
chr4A_mat	16500000	16600000	0.0207253
chr4A_mat	16600000	16700000	0.0216275
chr4A_mat	16700000	16800000	0.0139275
chr4A_mat	16800000	16900000	0.0183844
chr4A_mat	16900000	17000000	0.0160051
chr4A_mat	17000000	17100000	0.0102245
chr4A_mat	17100000	17200000	0.022323
chr4A_mat	17200000	17300000	0.0226282
chr4A_mat	17300000	17400000	0.0201223
chr4A_mat	17400000	17500000	0.0198101
chr4A_mat	17500000	17600000	0.0196749
chr4A_mat	17600000	17700000	0.0202285
chr4A_mat	17700000	17800000	0.0230823
chr4A_mat	17800000	17900000	0.0279186
chr4A_mat	17900000	18000000	0.0230815
chr4A_mat	18000000	18100000	0.0240953
chr4A_mat	18100000	18200000	0.0199986
chr4A_mat	18200000	18300000	0.0217814
chr4A_mat	18300000	18400000	0.0147058
chr4A_mat	18400000	18500000	0.0152119
chr4A_mat	18500000	18600000	0.0190642
chr4A_mat	18600000	18700000	0.0178313
chr4A_mat	18700000	18800000	
chr4A_mat	18800000	18900000	
chr4A_mat	18900000	19000000	
chr4A_mat	19000000	19100000	
chr4A_mat	19100000	19200000	
chr4A_mat	19200000	19300000	
chr4A_mat	19300000	19400000	
chr4A_mat	19400000	19500000	0.0725701
chr4A_mat	19500000	19545315	
chr5_mat	0	100000	
chr5_mat	100000	200000	0.0538968
chr5_mat	200000	300000	0.015531
chr5_mat	300000	400000	0.0222242
chr5_mat	400000	500000	0.0187159
chr5_mat	500000	600000	0.0146459
chr5_mat	600000	700000	0.0175317
chr5_mat	700000	800000	0.0196404
chr5_mat	800000	900000	0.0240603
chr5_mat	900000	1000000	0.0237164
chr5_mat	1000000	1100000	
chr5_mat	1100000	1200000	0.0313721
chr5_mat	1200000	1300000	0.0233207
chr5_mat	1300000	1400000	0.0213785
chr5_mat	1400000	1500000	0.0177952
chr5_mat	1500000	1600000	0.0187695
chr5_mat	1600000	1700000	0.0191297
chr5_mat	1700000	1800000	0.0179139
chr5_mat	1800000	1900000	0.0212641
chr5_mat	1900000	2000000	0.0154607
chr5_mat	2000000	2100000	0.0254383
chr5_mat	2100000	2200000	
chr5_mat	2200000	2300000	0.0334276
chr5_mat	2300000	2400000	0.0204953
chr5_mat	2400000	2500000	0.0194752
chr5_mat	2500000	2600000	0.0180197
chr5_mat	2600000	2700000	0.0212602
chr5_mat	2700000	2800000	0.0191316
chr5_mat	2800000	2900000	0.0192605
chr5_mat	2900000	3000000	0.0163717
chr5_mat	3000000	3100000	0.0136159
chr5_mat	3100000	3200000	0.017084
chr5_mat	3200000	3300000	0.0239499
chr5_mat	3300000	3400000	0.0195239
chr5_mat	3400000	3500000	0.0186966
chr5_mat	3500000	3600000	0.0175933
chr5_mat	3600000	3700000	0.0138162
chr5_mat	3700000	3800000	0.0140124
chr5_mat	3800000	3900000	0.0119924
chr5_mat	3900000	4000000	0.0163656
chr5_mat	4000000	4100000	0.017834
chr5_mat	4100000	4200000	0.0185613
chr5_mat	4200000	4300000	0.0177321
chr5_mat	4300000	4400000	0.0171178
chr5_mat	4400000	4500000	0.0161978
chr5_mat	4500000	4600000	0.0172001
chr5_mat	4600000	4700000	0.0177601
chr5_mat	4700000	4800000	0.0174696
chr5_mat	4800000	4900000	0.0164393
chr5_mat	4900000	5000000	0.0130965
chr5_mat	5000000	5100000	0.0148515
chr5_mat	5100000	5200000	0.0199143
chr5_mat	5200000	5300000	0.0218529
chr5_mat	5300000	5400000	0.0206488
chr5_mat	5400000	5500000	0.016948
chr5_mat	5500000	5600000	0.0167877
chr5_mat	5600000	5700000	0.0111052
chr5_mat	5700000	5800000	0.0161179
chr5_mat	5800000	5900000	0.0136294
chr5_mat	5900000	6000000	0.0158247
chr5_mat	6000000	6100000	0.0136334
chr5_mat	6100000	6200000	0.0172431
chr5_mat	6200000	6300000	0.0206379
chr5_mat	6300000	6400000	0.0194628
chr5_mat	6400000	6500000	0.0207999
chr5_mat	6500000	6600000	0.0178385
chr5_mat	6600000	6700000	0.0154503
chr5_mat	6700000	6800000	0.0417192
chr5_mat	6800000	6900000	
chr5_mat	6900000	7000000	0.0563817
chr5_mat	7000000	7100000	
chr5_mat	7100000	7200000	
chr5_mat	7200000	7300000	
chr5_mat	7300000	7400000	
chr5_mat	7400000	7500000	
chr5_mat	7500000	7600000	
chr5_mat	7600000	7700000	
chr5_mat	7700000	7800000	
chr5_mat	7800000	7900000	
chr5_mat	7900000	8000000	
chr5_mat	8000000	8100000	
chr5_mat	8100000	8200000	
chr5_mat	8200000	8300000	
chr5_mat	8300000	8400000	
chr5_mat	8400000	8500000	
chr5_mat	8500000	8600000	
chr5_mat	8600000	8700000	
chr5_mat	8700000	8800000	
chr5_mat	8800000	8900000	0.0659833
chr5_mat	8900000	9000000	
chr5_mat	9000000	9100000	
chr5_mat	9100000	9200000	
chr5_mat	9200000	9300000	
chr5_mat	9300000	9400000	
chr5_mat	9400000	9500000	
chr5_mat	9500000	9600000	0.0626044
chr5_mat	9600000	9700000	0.0290909
chr5_mat	9700000	9800000	0.0189646
chr5_mat	9800000	9900000	0.0212214
chr5_mat	9900000	10000000	0.0226495
chr5_mat	10000000	10100000	0.0244573
chr5_mat	10100000	10200000	0.0183029
chr5_mat	10200000	10300000	0.0202251
chr5_mat	10300000	10400000	0.0213847
chr5_mat	10400000	10500000	0.0214729
chr5_mat	10500000	10600000	0.0246049
chr5_mat	10600000	10700000	0.0214711
chr5_mat	10700000	10800000	0.0192803
chr5_mat	10800000	10900000	0.010753
chr5_mat	10900000	11000000	0.0134191
chr5_mat	11000000	11100000	0.0179022
chr5_mat	11100000	11200000	0.0138394
chr5_mat	11200000	11300000	0.0107972
chr5_mat	11300000	11400000	0.0152808
chr5_mat	11400000	11500000	0.0109708
chr5_mat	11500000	11600000	0.0116313
chr5_mat	11600000	11700000	0.0156361
chr5_mat	11700000	11800000	0.0108865
chr5_mat	11800000	11900000	0.0132846
chr5_mat	11900000	12000000	0.0146995
chr5_mat	12000000	12100000	0.0147854
chr5_mat	12100000	12200000	0.014161
chr5_mat	12200000	12300000	0.0158168
chr5_mat	12300000	12400000	0.0165873
chr5_mat	12400000	12500000	0.0154331
chr5_mat	12500000	12600000	0.0172704
chr5_mat	12600000	12700000	0.012407
chr5_mat	12700000	12800000	0.0114221
chr5_mat	12800000	12900000	0.0146737
chr5_mat	12900000	13000000	0.0610511
chr5_mat	13000000	13100000	0.0165079
chr5_mat	13100000	13200000	0.0112539
chr5_mat	13200000	13300000	0.0122457
chr5_mat	13300000	13400000	0.0162984
chr5_mat	13400000	13500000	0.0162664
chr5_mat	13500000	13600000	0.0181819
chr5_mat	13600000	13700000	0.0150864
chr5_mat	13700000	13800000	0.0108096
chr5_mat	13800000	13900000	0.0126215
chr5_mat	13900000	14000000	0.0123447
chr5_mat	14000000	14100000	0.0163597
chr5_mat	14100000	14200000	0.0138031
chr5_mat	14200000	14300000	0.0195733
chr5_mat	14300000	14400000	0.0183539
chr5_mat	14400000	14500000	0.0225481
chr5_mat	14500000	14600000	0.0231928
chr5_mat	14600000	14700000	0.0179409
chr5_mat	14700000	14800000	0.0205146
chr5_mat	14800000	14900000	0.0164098
chr5_mat	14900000	15000000	0.0105079
chr5_mat	15000000	15100000	0.0120742
chr5_mat	15100000	15200000	0.0163285
chr5_mat	15200000	15300000	0.0179306
chr5_mat	15300000	15400000	0.018503
chr5_mat	15400000	15500000	0.0178541
chr5_mat	15500000	15600000	0.0182094
chr5_mat	15600000	15700000	0.0134716
chr5_mat	15700000	15800000	0.0142034
chr5_mat	15800000	15900000	0.013827
chr5_mat	15900000	16000000	0.0135034
chr5_mat	16000000	16100000	0.0156873
chr5_mat	16100000	16200000	0.0177755
chr5_mat	16200000	16300000	0.0140816
chr5_mat	16300000	16400000	0.0172279
chr5_mat	16400000	16500000	0.0169192
chr5_mat	16500000	16600000	0.0169117
chr5_mat	16600000	16700000	0.0180758
chr5_mat	16700000	16800000	0.0182988
chr5_mat	16800000	16900000	0.0173765
chr5_mat	16900000	17000000	0.0157496
chr5_mat	17000000	17100000	0.0139459
chr5_mat	17100000	17200000	0.0218714
chr5_mat	17200000	17300000	0.0288049
chr5_mat	17300000	17400000	0.0308465
chr5_mat	17400000	17500000	0.0271733
chr5_mat	17500000	17600000	0.01903
chr5_mat	17600000	17700000	0.0136605
chr5_mat	17700000	17800000	0.0172181
chr5_mat	17800000	17900000	0.0189695
chr5_mat	17900000	18000000	0.0230912
chr5_mat	18000000	18100000	0.0217158
chr5_mat	18100000	18200000	0.0174731
chr5_mat	18200000	18300000	0.0120798
chr5_mat	18300000	18400000	0.0168368
chr5_mat	18400000	18500000	0.0278573
chr5_mat	18500000	18600000	0.0311037
chr5_mat	18600000	18700000	0.0178554
chr5_mat	18700000	18800000	0.0182191
chr5_mat	18800000	18900000	0.0189878
chr5_mat	18900000	19000000	0.0127667
chr5_mat	19000000	19100000	0.0158394
chr5_mat	19100000	19200000	0.0176857
chr5_mat	19200000	19300000	0.0162762
chr5_mat	19300000	19400000	0.0128999
chr5_mat	19400000	19500000	0.0254539
chr5_mat	19500000	19600000	0.0185325
chr5_mat	19600000	19700000	0.0197713
chr5_mat	19700000	19800000	0.0151927
chr5_mat	19800000	19900000	0.0155252
chr5_mat	19900000	20000000	0.0177675
chr5_mat	20000000	20100000	0.0192614
chr5_mat	20100000	20200000	0.0197218
chr5_mat	20200000	20300000	0.0184204
chr5_mat	20300000	20400000	0.0165603
chr5_mat	20400000	20500000	0.0131555
chr5_mat	20500000	20600000	0.0150029
chr5_mat	20600000	20700000	0.0174953
chr5_mat	20700000	20800000	0.0128669
chr5_mat	20800000	20900000	0.0139155
chr5_mat	20900000	21000000	0.0154391
chr5_mat	21000000	21100000	0.0158087
chr5_mat	21100000	21200000	0.0207778
chr5_mat	21200000	21300000	0.0105146
chr5_mat	21300000	21400000	0.0133344
chr5_mat	21400000	21500000	0.0210656
chr5_mat	21500000	21600000	0.0199654
chr5_mat	21600000	21700000	0.0277705
chr5_mat	21700000	21800000	0.0234672
chr5_mat	21800000	21900000	0.0222514
chr5_mat	21900000	22000000	0.0211769
chr5_mat	22000000	22100000	0.0198756
chr5_mat	22100000	22200000	0.0158233
chr5_mat	22200000	22300000	0.0161865
chr5_mat	22300000	22400000	0.0228444
chr5_mat	22400000	22500000	0.0234012
chr5_mat	22500000	22600000	0.0215631
chr5_mat	22600000	22700000	0.0232233
chr5_mat	22700000	22800000	0.0222135
chr5_mat	22800000	22900000	0.0211122
chr5_mat	22900000	23000000	0.0208916
chr5_mat	23000000	23100000	0.0263506
chr5_mat	23100000	23200000	0.0262662
chr5_mat	23200000	23300000	0.0197095
chr5_mat	23300000	23400000	0.0198845
chr5_mat	23400000	23500000	0.0217952
chr5_mat	23500000	23600000	0.0213243
chr5_mat	23600000	23700000	0.0193659
chr5_mat	23700000	23800000	0.0231877
chr5_mat	23800000	23900000	0.0230146
chr5_mat	23900000	24000000	0.0206988
chr5_mat	24000000	24100000	0.0218804
chr5_mat	24100000	24200000	0.0224207
chr5_mat	24200000	24300000	0.0125918
chr5_mat	24300000	24400000	0.0196379
chr5_mat	24400000	24500000	0.0174584
chr5_mat	24500000	24600000	0.0152928
chr5_mat	24600000	24700000	0.0159958
chr5_mat	24700000	24800000	0.0229546
chr5_mat	24800000	24900000	0.0215827
chr5_mat	24900000	25000000	0.018411
chr5_mat	25000000	25100000	0.0180501
chr5_mat	25100000	25200000	0.0178486
chr5_mat	25200000	25300000	0.0173262
chr5_mat	25300000	25400000	0.0174913
chr5_mat	25400000	25500000	0.0197935
chr5_mat	25500000	25600000	0.0242721
chr5_mat	25600000	25700000	0.0216071
chr5_mat	25700000	25800000	0.0182617
chr5_mat	25800000	25900000	0.0136958
chr5_mat	25900000	26000000	0.014366
chr5_mat	26000000	26100000	0.0169725
chr5_mat	26100000	26200000	0.0134185
chr5_mat	26200000	26300000	0.0145421
chr5_mat	26300000	26400000	0.0145915
chr5_mat	26400000	26500000	0.0160194
chr5_mat	26500000	26600000	0.0136363
chr5_mat	26600000	26700000	0.0149813
chr5_mat	26700000	26800000	0.0185459
chr5_mat	26800000	26900000	0.0193102
chr5_mat	26900000	27000000	0.0191378
chr5_mat	27000000	27100000	0.0150307
chr5_mat	27100000	27200000	0.0199136
chr5_mat	27200000	27300000	0.0227836
chr5_mat	27300000	27400000	0.0161707
chr5_mat	27400000	27500000	0.0155526
chr5_mat	27500000	27600000	0.0200585
chr5_mat	27600000	27700000	0.0170875
chr5_mat	27700000	27800000	0.0119939
chr5_mat	27800000	27900000	0.0143987
chr5_mat	27900000	28000000	0.0125304
chr5_mat	28000000	28100000	0.0189909
chr5_mat	28100000	28200000	0.0154701
chr5_mat	28200000	28300000	0.0184316
chr5_mat	28300000	28400000	0.0210115
chr5_mat	28400000	28500000	0.0175691
chr5_mat	28500000	28600000	0.0137874
chr5_mat	28600000	28700000	0.0141999
chr5_mat	28700000	28800000	0.0187981
chr5_mat	28800000	28900000	0.0149393
chr5_mat	28900000	29000000	0.0150061
chr5_mat	29000000	29100000	0.0159044
chr5_mat	29100000	29200000	0.0172262
chr5_mat	29200000	29300000	0.0185851
chr5_mat	29300000	29400000	0.0123345
chr5_mat	29400000	29500000	0.0153266
chr5_mat	29500000	29600000	0.0199754
chr5_mat	29600000	29700000	0.0171451
chr5_mat	29700000	29800000	0.0115231
chr5_mat	29800000	29900000	0.0179613
chr5_mat	29900000	30000000	0.019281
chr5_mat	30000000	30100000	0.0135784
chr5_mat	30100000	30200000	0.0207267
chr5_mat	30200000	30300000	0.0193199
chr5_mat	30300000	30400000	0.0251056
chr5_mat	30400000	30500000	0.0206578
chr5_mat	30500000	30600000	0.0177199
chr5_mat	30600000	30700000	0.0136286
chr5_mat	30700000	30800000	0.019391
chr5_mat	30800000	30900000	0.0143469
chr5_mat	30900000	31000000	0.0191039
chr5_mat	31000000	31100000	0.0326043
chr5_mat	31100000	31200000	0.0225264
chr5_mat	31200000	31300000	0.0161935
chr5_mat	31300000	31400000	0.0143653
chr5_mat	31400000	31500000	0.0169414
chr5_mat	31500000	31600000	0.0216591
chr5_mat	31600000	31700000	0.0109038
chr5_mat	31700000	31800000	0.0174348
chr5_mat	31800000	31900000	0.0159385
chr5_mat	31900000	32000000	0.0224117
chr5_mat	32000000	32100000	0.0215563
chr5_mat	32100000	32200000	0.018171
chr5_mat	32200000	32300000	0.0184004
chr5_mat	32300000	32400000	0.0181696
chr5_mat	32400000	32500000	0.010883
chr5_mat	32500000	32600000	0.014548
chr5_mat	32600000	32700000	0.0187437
chr5_mat	32700000	32800000	0.018789
chr5_mat	32800000	32900000	0.0156306
chr5_mat	32900000	33000000	0.019183
chr5_mat	33000000	33100000	0.0137391
chr5_mat	33100000	33200000	0.0187122
chr5_mat	33200000	33300000	0.0205177
chr5_mat	33300000	33400000	0.0199906
chr5_mat	33400000	33500000	0.0318601
chr5_mat	33500000	33600000	0.0151957
chr5_mat	33600000	33700000	0.0142896
chr5_mat	33700000	33800000	0.0180759
chr5_mat	33800000	33900000	0.0183371
chr5_mat	33900000	34000000	0.0206169
chr5_mat	34000000	34100000	0.0216234
chr5_mat	34100000	34200000	0.0176995
chr5_mat	34200000	34300000	0.0161757
chr5_mat	34300000	34400000	0.0204278
chr5_mat	34400000	34500000	0.028098
chr5_mat	34500000	34600000	0.0244881
chr5_mat	34600000	34700000	0.0522281
chr5_mat	34700000	34800000	0.0307177
chr5_mat	34800000	34900000	0.0361475
chr5_mat	34900000	35000000	0.0342572
chr5_mat	35000000	35100000	0.0263037
chr5_mat	35100000	35200000	0.0259635
chr5_mat	35200000	35300000	0.0258965
chr5_mat	35300000	35400000	0.0239688
chr5_mat	35400000	35500000	0.029143
chr5_mat	35500000	35600000	0.0301528
chr5_mat	35600000	35700000	0.0301326
chr5_mat	35700000	35800000	0.0230701
chr5_mat	35800000	35900000	0.0129385
chr5_mat	35900000	36000000	0.0202774
chr5_mat	36000000	36100000	0.0195416
chr5_mat	36100000	36200000	0.0166038
chr5_mat	36200000	36300000	0.0201216
chr5_mat	36300000	36400000	0.020485
chr5_mat	36400000	36500000	0.0260251
chr5_mat	36500000	36600000	0.0255823
chr5_mat	36600000	36700000	0.0227698
chr5_mat	36700000	36800000	0.0253257
chr5_mat	36800000	36900000	0.022719
chr5_mat	36900000	37000000	0.0206481
chr5_mat	37000000	37100000	0.0236043
chr5_mat	37100000	37200000	0.0221085
chr5_mat	37200000	37300000	0.0276848
chr5_mat	37300000	37400000	0.0317784
chr5_mat	37400000	37500000	0.0353633
chr5_mat	37500000	37600000	0.0275933
chr5_mat	37600000	37700000	0.0229998
chr5_mat	37700000	37800000	0.0197492
chr5_mat	37800000	37900000	0.0291534
chr5_mat	37900000	38000000	0.0185471
chr5_mat	38000000	38100000	0.018453
chr5_mat	38100000	38200000	0.0144297
chr5_mat	38200000	38300000	0.0158412
chr5_mat	38300000	38400000	0.0163157
chr5_mat	38400000	38500000	0.0191615
chr5_mat	38500000	38600000	0.0179616
chr5_mat	38600000	38700000	0.0173773
chr5_mat	38700000	38800000	0.0350755
chr5_mat	38800000	38900000	0.0267361
chr5_mat	38900000	39000000	0.0272877
chr5_mat	39000000	39100000	0.0250443
chr5_mat	39100000	39200000	0.0276186
chr5_mat	39200000	39300000	0.0282862
chr5_mat	39300000	39400000	0.0381257
chr5_mat	39400000	39500000	0.0273282
chr5_mat	39500000	39600000	0.0181509
chr5_mat	39600000	39700000	0.0194633
chr5_mat	39700000	39800000	0.0144091
chr5_mat	39800000	39900000	0.0130675
chr5_mat	39900000	40000000	0.0124108
chr5_mat	40000000	40100000	0.0181364
chr5_mat	40100000	40200000	0.0239714
chr5_mat	40200000	40300000	0.0153385
chr5_mat	40300000	40400000	0.0220596
chr5_mat	40400000	40500000	0.0187349
chr5_mat	40500000	40600000	0.0232208
chr5_mat	40600000	40700000	0.0186956
chr5_mat	40700000	40800000	0.0219189
chr5_mat	40800000	40900000	0.0169077
chr5_mat	40900000	41000000	0.0232597
chr5_mat	41000000	41100000	0.0261344
chr5_mat	41100000	41200000	0.0185492
chr5_mat	41200000	41300000	0.0215125
chr5_mat	41300000	41400000	0.0191783
chr5_mat	41400000	41500000	0.0155488
chr5_mat	41500000	41600000	0.0148201
chr5_mat	41600000	41700000	0.0154095
chr5_mat	41700000	41800000	0.0165258
chr5_mat	41800000	41900000	0.0147125
chr5_mat	41900000	42000000	0.0143165
chr5_mat	42000000	42100000	0.0143206
chr5_mat	42100000	42200000	0.012045
chr5_mat	42200000	42300000	0.0177977
chr5_mat	42300000	42400000	0.0158393
chr5_mat	42400000	42500000	0.0202692
chr5_mat	42500000	42600000	0.016278
chr5_mat	42600000	42700000	0.0182985
chr5_mat	42700000	42800000	0.0215356
chr5_mat	42800000	42900000	0.0137299
chr5_mat	42900000	43000000	0.0169014
chr5_mat	43000000	43100000	0.0280562
chr5_mat	43100000	43200000	0.0193953
chr5_mat	43200000	43300000	0.0123384
chr5_mat	43300000	43400000	0.0185637
chr5_mat	43400000	43500000	0.0131921
chr5_mat	43500000	43600000	0.0220603
chr5_mat	43600000	43700000	0.0217434
chr5_mat	43700000	43800000	0.0196938
chr5_mat	43800000	43900000	0.0220094
chr5_mat	43900000	44000000	0.0205031
chr5_mat	44000000	44100000	0.0206284
chr5_mat	44100000	44200000	0.0242861
chr5_mat	44200000	44300000	0.0240368
chr5_mat	44300000	44400000	0.0268277
chr5_mat	44400000	44500000	0.0299453
chr5_mat	44500000	44600000	0.0317933
chr5_mat	44600000	44700000	0.0322473
chr5_mat	44700000	44800000	0.0173435
chr5_mat	44800000	44900000	0.0140164
chr5_mat	44900000	45000000	0.0144649
chr5_mat	45000000	45100000	0.0140192
chr5_mat	45100000	45200000	0.0206112
chr5_mat	45200000	45300000	0.0188535
chr5_mat	45300000	45400000	0.0287952
chr5_mat	45400000	45500000	0.022261
chr5_mat	45500000	45600000	0.0238367
chr5_mat	45600000	45700000	0.0190891
chr5_mat	45700000	45800000	0.0304946
chr5_mat	45800000	45900000	0.0203396
chr5_mat	45900000	46000000	0.0209378
chr5_mat	46000000	46100000	0.0210886
chr5_mat	46100000	46200000	0.0324808
chr5_mat	46200000	46300000	0.0229174
chr5_mat	46300000	46400000	0.0232642
chr5_mat	46400000	46500000	0.0229351
chr5_mat	46500000	46600000	0.0173819
chr5_mat	46600000	46700000	0.0194426
chr5_mat	46700000	46800000	0.0217242
chr5_mat	46800000	46900000	0.0200874
chr5_mat	46900000	47000000	0.021846
chr5_mat	47000000	47100000	0.0206327
chr5_mat	47100000	47200000	0.0209909
chr5_mat	47200000	47300000	0.0158105
chr5_mat	47300000	47400000	0.0181989
chr5_mat	47400000	47500000	0.0152814
chr5_mat	47500000	47600000	0.0170643
chr5_mat	47600000	47700000	0.0184876
chr5_mat	47700000	47800000	0.0194805
chr5_mat	47800000	47900000	0.018736
chr5_mat	47900000	48000000	0.0172226
chr5_mat	48000000	48100000	0.0152011
chr5_mat	48100000	48200000	0.0120269
chr5_mat	48200000	48300000	0.017377
chr5_mat	48300000	48400000	0.0175717
chr5_mat	48400000	48500000	0.0161679
chr5_mat	48500000	48600000	0.014911
chr5_mat	48600000	48700000	0.0179501
chr5_mat	48700000	48800000	0.0130229
chr5_mat	48800000	48900000	0.0170092
chr5_mat	48900000	49000000	0.011947
chr5_mat	49000000	49100000	0.0194194
chr5_mat	49100000	49200000	0.0169698
chr5_mat	49200000	49300000	0.014091
chr5_mat	49300000	49400000	0.0141299
chr5_mat	49400000	49500000	0.0115027
chr5_mat	49500000	49600000	0.0143739
chr5_mat	49600000	49700000	0.0183383
chr5_mat	49700000	49800000	0.0184574
chr5_mat	49800000	49900000	0.0200044
chr5_mat	49900000	50000000	
chr5_mat	50000000	50100000	
chr5_mat	50100000	50200000	
chr5_mat	50200000	50300000	
chr5_mat	50300000	50400000	
chr5_mat	50400000	50500000	0.0166542
chr5_mat	50500000	50600000	0.0136458
chr5_mat	50600000	50700000	0.0189882
chr5_mat	50700000	50800000	0.0183486
chr5_mat	50800000	50900000	0.0184962
chr5_mat	50900000	51000000	0.0113296
chr5_mat	51000000	51100000	0.0173118
chr5_mat	51100000	51200000	0.0146089
chr5_mat	51200000	51300000	0.0210941
chr5_mat	51300000	51400000	0.0204252
chr5_mat	51400000	51500000	0.028119
chr5_mat	51500000	51600000	0.0261011
chr5_mat	51600000	51700000	0.021658
chr5_mat	51700000	51800000	0.0283575
chr5_mat	51800000	51900000	0.0236989
chr5_mat	51900000	52000000	0.0389334
chr5_mat	52000000	52100000	0.0277025
chr5_mat	52100000	52200000	0.0238317
chr5_mat	52200000	52300000	0.0268925
chr5_mat	52300000	52400000	0.028826
chr5_mat	52400000	52500000	0.0175949
chr5_mat	52500000	52600000	0.0147225
chr5_mat	52600000	52700000	0.0186504
chr5_mat	52700000	52800000	0.0154597
chr5_mat	52800000	52900000	0.0161085
chr5_mat	52900000	53000000	0.0185334
chr5_mat	53000000	53100000	0.0133277
chr5_mat	53100000	53200000	0.0126208
chr5_mat	53200000	53300000	0.0170745
chr5_mat	53300000	53400000	0.0210154
chr5_mat	53400000	53500000	0.0174258
chr5_mat	53500000	53600000	0.0184742
chr5_mat	53600000	53700000	0.0220107
chr5_mat	53700000	53800000	0.0237978
chr5_mat	53800000	53900000	0.0212707
chr5_mat	53900000	54000000	0.0141328
chr5_mat	54000000	54100000	0.0120791
chr5_mat	54100000	54200000	0.0126427
chr5_mat	54200000	54300000	0.0142799
chr5_mat	54300000	54400000	0.0140814
chr5_mat	54400000	54500000	0.018755
chr5_mat	54500000	54600000	0.0179517
chr5_mat	54600000	54700000	0.0144978
chr5_mat	54700000	54800000	0.0205925
chr5_mat	54800000	54900000	0.0127152
chr5_mat	54900000	55000000	0.0152655
chr5_mat	55000000	55100000	0.0138408
chr5_mat	55100000	55200000	0.0122414
chr5_mat	55200000	55300000	0.0136541
chr5_mat	55300000	55400000	0.0177577
chr5_mat	55400000	55500000	0.0187292
chr5_mat	55500000	55600000	0.0185641
chr5_mat	55600000	55700000	0.0184471
chr5_mat	55700000	55800000	0.0180886
chr5_mat	55800000	55900000	0.0169459
chr5_mat	55900000	56000000	0.0166012
chr5_mat	56000000	56100000	0.017108
chr5_mat	56100000	56200000	0.0170148
chr5_mat	56200000	56300000	0.0157677
chr5_mat	56300000	56400000	0.0154712
chr5_mat	56400000	56500000	0.0202002
chr5_mat	56500000	56600000	0.0172214
chr5_mat	56600000	56700000	0.018496
chr5_mat	56700000	56800000	0.0124853
chr5_mat	56800000	56900000	0.0186203
chr5_mat	56900000	57000000	0.0181699
chr5_mat	57000000	57100000	0.0171596
chr5_mat	57100000	57200000	0.0166289
chr5_mat	57200000	57300000	0.019285
chr5_mat	57300000	57400000	0.0203906
chr5_mat	57400000	57500000	0.0193854
chr5_mat	57500000	57600000	0.0181595
chr5_mat	57600000	57700000	0.0149678
chr5_mat	57700000	57800000	0.0132003
chr5_mat	57800000	57900000	0.0153588
chr5_mat	57900000	58000000	0.0164053
chr5_mat	58000000	58100000	0.016931
chr5_mat	58100000	58200000	0.0137765
chr5_mat	58200000	58300000	0.0134316
chr5_mat	58300000	58400000	0.0171052
chr5_mat	58400000	58500000	0.0177951
chr5_mat	58500000	58600000	0.0179584
chr5_mat	58600000	58700000	0.0158791
chr5_mat	58700000	58800000	0.0179266
chr5_mat	58800000	58900000	0.0153407
chr5_mat	58900000	59000000	0.0189446
chr5_mat	59000000	59100000	0.0158752
chr5_mat	59100000	59200000	0.0193504
chr5_mat	59200000	59300000	0.0130234
chr5_mat	59300000	59400000	0.0152736
chr5_mat	59400000	59500000	0.0173591
chr5_mat	59500000	59600000	0.0112754
chr5_mat	59600000	59700000	0.0164493
chr5_mat	59700000	59800000	0.0169724
chr5_mat	59800000	59900000	0.0148499
chr5_mat	59900000	60000000	0.0207408
chr5_mat	60000000	60100000	0.0295982
chr5_mat	60100000	60200000	0.0192601
chr5_mat	60200000	60300000	0.0198095
chr5_mat	60300000	60400000	0.0132378
chr5_mat	60400000	60500000	0.00981901
chr5_mat	60500000	60600000	0.0167332
chr5_mat	60600000	60700000	0.0152464
chr5_mat	60700000	60800000	0.0128228
chr5_mat	60800000	60900000	0.0154763
chr5_mat	60900000	61000000	0.0214424
chr5_mat	61000000	61100000	0.0207869
chr5_mat	61100000	61200000	0.017073
chr5_mat	61200000	61300000	0.0152444
chr5_mat	61300000	61400000	0.0155126
chr5_mat	61400000	61500000	0.0172175
chr5_mat	61500000	61600000	0.0123181
chr5_mat	61600000	61700000	0.0122312
chr5_mat	61700000	61800000	0.0191212
chr5_mat	61800000	61900000	0.0117553
chr5_mat	61900000	62000000	0.0200586
chr5_mat	62000000	62100000	0.0194936
chr5_mat	62100000	62200000	0.0211726
chr5_mat	62200000	62300000	0.0147721
chr5_mat	62300000	62400000	0.0122357
chr5_mat	62400000	62500000	0.0105892
chr5_mat	62500000	62600000	0.0147168
chr5_mat	62600000	62700000	0.0153868
chr5_mat	62700000	62800000	0.0210464
chr5_mat	62800000	62900000	0.0200169
chr5_mat	62900000	63000000	0.0113989
chr5_mat	63000000	63100000	0.0114774
chr5_mat	63100000	63200000	0.0112174
chr5_mat	63200000	63300000	0.0119325
chr5_mat	63300000	63400000	0.0142459
chr5_mat	63400000	63500000	0.0129765
chr5_mat	63500000	63600000	0.0133052
chr5_mat	63600000	63700000	0.0137325
chr5_mat	63700000	63800000	0.0139246
chr5_mat	63800000	63900000	0.0141274
chr5_mat	63900000	64000000	0.0127863
chr5_mat	64000000	64100000	0.0116273
chr5_mat	64100000	64200000	0.0142684
chr5_mat	64200000	64300000	0.0188804
chr5_mat	64300000	64400000	0.0215108
chr5_mat	64400000	64500000	
chr5_mat	64500000	64600000	0.0228078
chr5_mat	64600000	64700000	0.0271413
chr5_mat	64700000	64800000	0.0483074
chr5_mat	64800000	64900000	
chr5_mat	64900000	65000000	
chr5_mat	65000000	65033001	
chr6_mat	0	100000	
chr6_mat	100000	200000	
chr6_mat	200000	300000	
chr6_mat	300000	400000	
chr6_mat	400000	500000	
chr6_mat	500000	600000	
chr6_mat	600000	700000	
chr6_mat	700000	800000	0.0454561
chr6_mat	800000	900000	0.032048
chr6_mat	900000	1000000	0.0233035
chr6_mat	1000000	1100000	0.0187209
chr6_mat	1100000	1200000	0.0189631
chr6_mat	1200000	1300000	0.0180509
chr6_mat	1300000	1400000	0.0197096
chr6_mat	1400000	1500000	0.0194723
chr6_mat	1500000	1600000	0.0201817
chr6_mat	1600000	1700000	0.020542
chr6_mat	1700000	1800000	0.0186769
chr6_mat	1800000	1900000	0.011852
chr6_mat	1900000	2000000	0.0144294
chr6_mat	2000000	2100000	0.0131129
chr6_mat	2100000	2200000	0.013193
chr6_mat	2200000	2300000	0.0119574
chr6_mat	2300000	2400000	0.0179022
chr6_mat	2400000	2500000	0.0228806
chr6_mat	2500000	2600000	0.0132809
chr6_mat	2600000	2700000	0.0187501
chr6_mat	2700000	2800000	0.0219848
chr6_mat	2800000	2900000	0.0181297
chr6_mat	2900000	3000000	0.0220134
chr6_mat	3000000	3100000	0.0223903
chr6_mat	3100000	3200000	0.0182296
chr6_mat	3200000	3300000	0.018282
chr6_mat	3300000	3400000	0.0134579
chr6_mat	3400000	3500000	0.0143677
chr6_mat	3500000	3600000	0.0164162
chr6_mat	3600000	3700000	0.0165965
chr6_mat	3700000	3800000	0.0133337
chr6_mat	3800000	3900000	0.0186638
chr6_mat	3900000	4000000	0.0141558
chr6_mat	4000000	4100000	0.0137647
chr6_mat	4100000	4200000	0.0120293
chr6_mat	4200000	4300000	0.0200382
chr6_mat	4300000	4400000	0.0204712
chr6_mat	4400000	4500000	0.0179813
chr6_mat	4500000	4600000	0.0177438
chr6_mat	4600000	4700000	0.0180197
chr6_mat	4700000	4800000	0.0205339
chr6_mat	4800000	4900000	0.0176162
chr6_mat	4900000	5000000	0.0190372
chr6_mat	5000000	5100000	0.0182106
chr6_mat	5100000	5200000	0.0183931
chr6_mat	5200000	5300000	0.0187701
chr6_mat	5300000	5400000	0.0209662
chr6_mat	5400000	5500000	0.0203468
chr6_mat	5500000	5600000	0.0285798
chr6_mat	5600000	5700000	0.0780716
chr6_mat	5700000	5800000	
chr6_mat	5800000	5900000	
chr6_mat	5900000	6000000	
chr6_mat	6000000	6100000	
chr6_mat	6100000	6200000	
chr6_mat	6200000	6300000	
chr6_mat	6300000	6400000	
chr6_mat	6400000	6500000	
chr6_mat	6500000	6600000	0.0445497
chr6_mat	6600000	6700000	0.0217571
chr6_mat	6700000	6800000	0.0718326
chr6_mat	6800000	6900000	
chr6_mat	6900000	7000000	
chr6_mat	7000000	7100000	0.0222453
chr6_mat	7100000	7200000	0.0132668
chr6_mat	7200000	7300000	0.0113923
chr6_mat	7300000	7400000	0.0183332
chr6_mat	7400000	7500000	0.013434
chr6_mat	7500000	7600000	0.0286816
chr6_mat	7600000	7700000	0.0249587
chr6_mat	7700000	7800000	0.0172034
chr6_mat	7800000	7900000	0.0200961
chr6_mat	7900000	8000000	0.0211915
chr6_mat	8000000	8100000	0.0166569
chr6_mat	8100000	8200000	0.0160118
chr6_mat	8200000	8300000	0.0152888
chr6_mat	8300000	8400000	0.0188169
chr6_mat	8400000	8500000	0.0201293
chr6_mat	8500000	8600000	0.0199097
chr6_mat	8600000	8700000	0.0181361
chr6_mat	8700000	8800000	0.0189209
chr6_mat	8800000	8900000	0.0188754
chr6_mat	8900000	9000000	0.0188767
chr6_mat	9000000	9100000	0.0174144
chr6_mat	9100000	9200000	0.0182448
chr6_mat	9200000	9300000	0.0174876
chr6_mat	9300000	9400000	0.0196819
chr6_mat	9400000	9500000	0.0182306
chr6_mat	9500000	9600000	0.01787
chr6_mat	9600000	9700000	0.0212935
chr6_mat	9700000	9800000	0.0185874
chr6_mat	9800000	9900000	0.0191903
chr6_mat	9900000	10000000	0.0186563
chr6_mat	10000000	10100000	0.0182701
chr6_mat	10100000	10200000	0.0204644
chr6_mat	10200000	10300000	0.0168723
chr6_mat	10300000	10400000	0.0124036
chr6_mat	10400000	10500000	0.0163971
chr6_mat	10500000	10600000	0.0214693
chr6_mat	10600000	10700000	0.0212724
chr6_mat	10700000	10800000	0.0144983
chr6_mat	10800000	10900000	0.0104873
chr6_mat	10900000	11000000	0.0170915
chr6_mat	11000000	11100000	0.0232213
chr6_mat	11100000	11200000	0.0155302
chr6_mat	11200000	11300000	0.0191489
chr6_mat	11300000	11400000	0.018997
chr6_mat	11400000	11500000	0.0213232
chr6_mat	11500000	11600000	0.0192583
chr6_mat	11600000	11700000	0.0201172
chr6_mat	11700000	11800000	0.0183255
chr6_mat	11800000	11900000	0.0196715
chr6_mat	11900000	12000000	0.0166214
chr6_mat	12000000	12100000	0.0178159
chr6_mat	12100000	12200000	0.0173161
chr6_mat	12200000	12300000	0.0170554
chr6_mat	12300000	12400000	0.0124806
chr6_mat	12400000	12500000	0.0172434
chr6_mat	12500000	12600000	0.0171974
chr6_mat	12600000	12700000	0.0139258
chr6_mat	12700000	12800000	0.0181553
chr6_mat	12800000	12900000	0.0197722
chr6_mat	12900000	13000000	0.0149217
chr6_mat	13000000	13100000	0.0132703
chr6_mat	13100000	13200000	0.0180496
chr6_mat	13200000	13300000	0.0204294
chr6_mat	13300000	13400000	0.0215222
chr6_mat	13400000	13500000	0.0192462
chr6_mat	13500000	13600000	0.0222968
chr6_mat	13600000	13700000	0.0230857
chr6_mat	13700000	13800000	0.0214014
chr6_mat	13800000	13900000	0.0215686
chr6_mat	13900000	14000000	0.0218373
chr6_mat	14000000	14100000	0.0194356
chr6_mat	14100000	14200000	0.0138682
chr6_mat	14200000	14300000	0.0171598
chr6_mat	14300000	14400000	0.0198246
chr6_mat	14400000	14500000	0.0377402
chr6_mat	14500000	14600000	0.0260415
chr6_mat	14600000	14700000	0.0304016
chr6_mat	14700000	14800000	0.0327885
chr6_mat	14800000	14900000	0.02965
chr6_mat	14900000	15000000	0.0308043
chr6_mat	15000000	15100000	0.0272463
chr6_mat	15100000	15200000	0.0327716
chr6_mat	15200000	15300000	0.0521052
chr6_mat	15300000	15400000	0.0386717
chr6_mat	15400000	15500000	0.0456857
chr6_mat	15500000	15600000	0.024405
chr6_mat	15600000	15700000	0.0332662
chr6_mat	15700000	15800000	0.0303955
chr6_mat	15800000	15900000	0.0206207
chr6_mat	15900000	16000000	0.0307508
chr6_mat	16000000	16100000	0.0185645
chr6_mat	16100000	16200000	0.0234065
chr6_mat	16200000	16300000	0.0279927
chr6_mat	16300000	16400000	0.0196236
chr6_mat	16400000	16500000	0.0218506
chr6_mat	16500000	16600000	0.0161959
chr6_mat	16600000	16700000	0.0154043
chr6_mat	16700000	16800000	0.0188534
chr6_mat	16800000	16900000	0.0148317
chr6_mat	16900000	17000000	0.012837
chr6_mat	17000000	17100000	0.0184052
chr6_mat	17100000	17200000	0.0195013
chr6_mat	17200000	17300000	0.0165445
chr6_mat	17300000	17400000	0.021231
chr6_mat	17400000	17500000	0.0267947
chr6_mat	17500000	17600000	0.0235119
chr6_mat	17600000	17700000	0.015049
chr6_mat	17700000	17800000	0.0188102
chr6_mat	17800000	17900000	0.014506
chr6_mat	17900000	18000000	0.0203079
chr6_mat	18000000	18100000	0.0209084
chr6_mat	18100000	18200000	0.0256531
chr6_mat	18200000	18300000	0.0241167
chr6_mat	18300000	18400000	0.0313976
chr6_mat	18400000	18500000	0.0175123
chr6_mat	18500000	18600000	0.0173128
chr6_mat	18600000	18700000	0.0178161
chr6_mat	18700000	18800000	0.0160316
chr6_mat	18800000	18900000	0.0241764
chr6_mat	18900000	19000000	0.0204728
chr6_mat	19000000	19100000	0.0258882
chr6_mat	19100000	19200000	0.0204177
chr6_mat	19200000	19300000	0.0253548
chr6_mat	19300000	19400000	0.0184526
chr6_mat	19400000	19500000	0.0273937
chr6_mat	19500000	19600000	0.0182072
chr6_mat	19600000	19700000	0.0188055
chr6_mat	19700000	19800000	0.0164137
chr6_mat	19800000	19900000	0.0212167
chr6_mat	19900000	20000000	0.0222947
chr6_mat	20000000	20100000	0.0218592
chr6_mat	20100000	20200000	0.0255698
chr6_mat	20200000	20300000	0.0171426
chr6_mat	20300000	20400000	0.0196769
chr6_mat	20400000	20500000	0.0177951
chr6_mat	20500000	20600000	0.0198019
chr6_mat	20600000	20700000	0.0189167
chr6_mat	20700000	20800000	0.021112
chr6_mat	20800000	20900000	0.0146716
chr6_mat	20900000	21000000	0.0129853
chr6_mat	21000000	21100000	0.0178837
chr6_mat	21100000	21200000	0.0210644
chr6_mat	21200000	21300000	0.0194985
chr6_mat	21300000	21400000	0.0247114
chr6_mat	21400000	21500000	0.0145488
chr6_mat	21500000	21600000	0.017432
chr6_mat	21600000	21700000	0.015678
chr6_mat	21700000	21800000	0.0168552
chr6_mat	21800000	21900000	0.0120848
chr6_mat	21900000	22000000	0.0191642
chr6_mat	22000000	22100000	0.0199352
chr6_mat	22100000	22200000	0.0205093
chr6_mat	22200000	22300000	0.0180144
chr6_mat	22300000	22400000	0.0191121
chr6_mat	22400000	22500000	0.0223467
chr6_mat	22500000	22600000	0.0202448
chr6_mat	22600000	22700000	0.0210415
chr6_mat	22700000	22800000	0.0196194
chr6_mat	22800000	22900000	0.0144591
chr6_mat	22900000	23000000	0.0151493
chr6_mat	23000000	23100000	0.0225533
chr6_mat	23100000	23200000	0.0231084
chr6_mat	23200000	23300000	0.0149003
chr6_mat	23300000	23400000	0.0274745
chr6_mat	23400000	23500000	0.0146221
chr6_mat	23500000	23600000	0.0142725
chr6_mat	23600000	23700000	0.0159836
chr6_mat	23700000	23800000	0.0160203
chr6_mat	23800000	23900000	0.0167895
chr6_mat	23900000	24000000	0.0184288
chr6_mat	24000000	24100000	0.0206933
chr6_mat	24100000	24200000	0.0205291
chr6_mat	24200000	24300000	0.0170585
chr6_mat	24300000	24400000	0.0128732
chr6_mat	24400000	24500000	0.0221629
chr6_mat	24500000	24600000	0.0141344
chr6_mat	24600000	24700000	0.014507
chr6_mat	24700000	24800000	0.0151447
chr6_mat	24800000	24900000	0.0167387
chr6_mat	24900000	25000000	0.0190912
chr6_mat	25000000	25100000	0.0214133
chr6_mat	25100000	25200000	0.0225126
chr6_mat	25200000	25300000	0.0238631
chr6_mat	25300000	25400000	0.0157489
chr6_mat	25400000	25500000	0.017534
chr6_mat	25500000	25600000	0.0188982
chr6_mat	25600000	25700000	0.0200427
chr6_mat	25700000	25800000	0.0190211
chr6_mat	25800000	25900000	0.0204153
chr6_mat	25900000	26000000	0.0221755
chr6_mat	26000000	26100000	0.0185917
chr6_mat	26100000	26200000	0.0177016
chr6_mat	26200000	26300000	0.0170924
chr6_mat	26300000	26400000	0.0185275
chr6_mat	26400000	26500000	0.0176965
chr6_mat	26500000	26600000	0.0191499
chr6_mat	26600000	26700000	0.0296437
chr6_mat	26700000	26800000	0.0203866
chr6_mat	26800000	26900000	0.0193613
chr6_mat	26900000	27000000	0.0160583
chr6_mat	27000000	27100000	0.0130808
chr6_mat	27100000	27200000	0.0117455
chr6_mat	27200000	27300000	0.0157203
chr6_mat	27300000	27400000	0.0173469
chr6_mat	27400000	27500000	0.0128934
chr6_mat	27500000	27600000	0.018072
chr6_mat	27600000	27700000	0.0218404
chr6_mat	27700000	27800000	0.0178703
chr6_mat	27800000	27900000	0.0171933
chr6_mat	27900000	28000000	0.0154892
chr6_mat	28000000	28100000	0.0136832
chr6_mat	28100000	28200000	0.0194043
chr6_mat	28200000	28300000	0.0207188
chr6_mat	28300000	28400000	0.0206951
chr6_mat	28400000	28500000	0.0183785
chr6_mat	28500000	28600000	0.0198647
chr6_mat	28600000	28700000	0.0192687
chr6_mat	28700000	28800000	0.0171602
chr6_mat	28800000	28900000	0.0129359
chr6_mat	28900000	29000000	0.0128546
chr6_mat	29000000	29100000	0.014627
chr6_mat	29100000	29200000	0.0180188
chr6_mat	29200000	29300000	0.017004
chr6_mat	29300000	29400000	0.013541
chr6_mat	29400000	29500000	0.0171276
chr6_mat	29500000	29600000	0.0164129
chr6_mat	29600000	29700000	0.0177239
chr6_mat	29700000	29800000	0.0174723
chr6_mat	29800000	29900000	0.0185919
chr6_mat	29900000	30000000	0.0185802
chr6_mat	30000000	30100000	0.0183516
chr6_mat	30100000	30200000	0.0170794
chr6_mat	30200000	30300000	0.0170812
chr6_mat	30300000	30400000	0.0168245
chr6_mat	30400000	30500000	0.0179943
chr6_mat	30500000	30600000	0.0119931
chr6_mat	30600000	30700000	0.017007
chr6_mat	30700000	30800000	0.0204402
chr6_mat	30800000	30900000	0.0180038
chr6_mat	30900000	31000000	0.018857
chr6_mat	31000000	31100000	0.0152501
chr6_mat	31100000	31200000	0.0176441
chr6_mat	31200000	31300000	0.0128265
chr6_mat	31300000	31400000	0.0154904
chr6_mat	31400000	31500000	0.0103482
chr6_mat	31500000	31600000	0.0174691
chr6_mat	31600000	31700000	0.0138147
chr6_mat	31700000	31800000	0.0124769
chr6_mat	31800000	31900000	0.0147806
chr6_mat	31900000	32000000	0.0157023
chr6_mat	32000000	32100000	0.0149824
chr6_mat	32100000	32200000	0.0167656
chr6_mat	32200000	32300000	0.0180657
chr6_mat	32300000	32400000	0.0212808
chr6_mat	32400000	32500000	0.0125413
chr6_mat	32500000	32600000	0.0146529
chr6_mat	32600000	32700000	0.0166733
chr6_mat	32700000	32800000	0.0155277
chr6_mat	32800000	32900000	0.0113011
chr6_mat	32900000	33000000	0.0165164
chr6_mat	33000000	33100000	0.0210167
chr6_mat	33100000	33200000	0.0161642
chr6_mat	33200000	33300000	0.0176074
chr6_mat	33300000	33400000	0.0184292
chr6_mat	33400000	33500000	
chr6_mat	33500000	33600000	0.0307771
chr6_mat	33600000	33700000	0.0140304
chr6_mat	33700000	33800000	0.014822
chr6_mat	33800000	33900000	0.0196476
chr6_mat	33900000	34000000	0.0192577
chr6_mat	34000000	34100000	0.01113
chr6_mat	34100000	34200000	0.0166863
chr6_mat	34200000	34300000	0.0189404
chr6_mat	34300000	34400000	0.0168215
chr6_mat	34400000	34500000	0.0150906
chr6_mat	34500000	34600000	0.0164661
chr6_mat	34600000	34700000	0.0236352
chr6_mat	34700000	34800000	0.0161413
chr6_mat	34800000	34900000	0.0149699
chr6_mat	34900000	35000000	0.0145795
chr6_mat	35000000	35100000	0.0199061
chr6_mat	35100000	35200000	0.023469
chr6_mat	35200000	35300000	0.0542607
chr6_mat	35300000	35400000	
chr6_mat	35400000	35500000	
chr6_mat	35500000	35600000	0.0637441
chr6_mat	35600000	35700000	0.0209592
chr6_mat	35700000	35800000	0.0270591
chr6_mat	35800000	35900000	0.0205804
chr6_mat	35900000	36000000	0.0132114
chr6_mat	36000000	36100000	0.0163625
chr6_mat	36100000	36200000	0.0188616
chr6_mat	36200000	36300000	0.0177166
chr6_mat	36300000	36400000	0.0161913
chr6_mat	36400000	36500000	0.0160927
chr6_mat	36500000	36600000	0.0169617
chr6_mat	36600000	36700000	0.0310263
chr6_mat	36700000	36800000	0.0930273
chr6_mat	36800000	36900000	0.0851497
chr6_mat	36900000	36968704	
chr7_mat	0	100000	
chr7_mat	100000	200000	
chr7_mat	200000	300000	
chr7_mat	300000	400000	
chr7_mat	400000	500000	
chr7_mat	500000	600000	
chr7_mat	600000	700000	
chr7_mat	700000	800000	0.0613581
chr7_mat	800000	900000	0.0313115
chr7_mat	900000	1000000	0.0260188
chr7_mat	1000000	1100000	0.0250224
chr7_mat	1100000	1200000	0.0206634
chr7_mat	1200000	1300000	0.0246602
chr7_mat	1300000	1400000	0.0260135
chr7_mat	1400000	1500000	0.0248562
chr7_mat	1500000	1600000	0.0233204
chr7_mat	1600000	1700000	0.0293429
chr7_mat	1700000	1800000	0.0273354
chr7_mat	1800000	1900000	0.0182922
chr7_mat	1900000	2000000	0.0197235
chr7_mat	2000000	2100000	0.021425
chr7_mat	2100000	2200000	0.0266452
chr7_mat	2200000	2300000	0.0208131
chr7_mat	2300000	2400000	0.0246863
chr7_mat	2400000	2500000	
chr7_mat	2500000	2600000	
chr7_mat	2600000	2700000	
chr7_mat	2700000	2800000	
chr7_mat	2800000	2900000	
chr7_mat	2900000	3000000	
chr7_mat	3000000	3100000	
chr7_mat	3100000	3200000	
chr7_mat	3200000	3300000	
chr7_mat	3300000	3400000	
chr7_mat	3400000	3500000	0.022364
chr7_mat	3500000	3600000	0.0210893
chr7_mat	3600000	3700000	0.0352802
chr7_mat	3700000	3800000	0.0318197
chr7_mat	3800000	3900000	0.0244398
chr7_mat	3900000	4000000	0.0525321
chr7_mat	4000000	4100000	
chr7_mat	4100000	4200000	
chr7_mat	4200000	4300000	
chr7_mat	4300000	4400000	
chr7_mat	4400000	4500000	
chr7_mat	4500000	4600000	
chr7_mat	4600000	4700000	
chr7_mat	4700000	4800000	
chr7_mat	4800000	4900000	
chr7_mat	4900000	5000000	
chr7_mat	5000000	5100000	
chr7_mat	5100000	5200000	0.0760129
chr7_mat	5200000	5300000	0.0552983
chr7_mat	5300000	5400000	0.032836
chr7_mat	5400000	5500000	0.0273845
chr7_mat	5500000	5600000	0.0284978
chr7_mat	5600000	5700000	0.0291839
chr7_mat	5700000	5800000	0.0251801
chr7_mat	5800000	5900000	0.0184937
chr7_mat	5900000	6000000	0.0216526
chr7_mat	6000000	6100000	0.0187896
chr7_mat	6100000	6200000	0.0230759
chr7_mat	6200000	6300000	0.0234411
chr7_mat	6300000	6400000	0.0193306
chr7_mat	6400000	6500000	0.0237422
chr7_mat	6500000	6600000	0.0250497
chr7_mat	6600000	6700000	0.0218118
chr7_mat	6700000	6800000	0.0197362
chr7_mat	6800000	6900000	0.0167037
chr7_mat	6900000	7000000	0.0165562
chr7_mat	7000000	7100000	0.0119863
chr7_mat	7100000	7200000	0.0125298
chr7_mat	7200000	7300000	0.0153816
chr7_mat	7300000	7400000	0.0217132
chr7_mat	7400000	7500000	0.0253339
chr7_mat	7500000	7600000	0.0263215
chr7_mat	7600000	7700000	0.0230841
chr7_mat	7700000	7800000	0.0262042
chr7_mat	7800000	7900000	0.0170954
chr7_mat	7900000	8000000	0.0146052
chr7_mat	8000000	8100000	0.0124834
chr7_mat	8100000	8200000	0.0168186
chr7_mat	8200000	8300000	0.0196523
chr7_mat	8300000	8400000	0.0200426
chr7_mat	8400000	8500000	0.0186239
chr7_mat	8500000	8600000	0.0173616
chr7_mat	8600000	8700000	0.0172323
chr7_mat	8700000	8800000	0.017124
chr7_mat	8800000	8900000	0.0193616
chr7_mat	8900000	9000000	0.0199186
chr7_mat	9000000	9100000	0.0189427
chr7_mat	9100000	9200000	0.0178567
chr7_mat	9200000	9300000	0.0177717
chr7_mat	9300000	9400000	0.016827
chr7_mat	9400000	9500000	0.0144841
chr7_mat	9500000	9600000	0.0163315
chr7_mat	9600000	9700000	0.0183984
chr7_mat	9700000	9800000	0.0166903
chr7_mat	9800000	9900000	0.0249371
chr7_mat	9900000	10000000	0.023044
chr7_mat	10000000	10100000	0.031313
chr7_mat	10100000	10200000	0.0218542
chr7_mat	10200000	10300000	0.0261449
chr7_mat	10300000	10400000	0.0393908
chr7_mat	10400000	10500000	0.0406802
chr7_mat	10500000	10600000	0.0361862
chr7_mat	10600000	10700000	0.0370556
chr7_mat	10700000	10800000	0.0396134
chr7_mat	10800000	10900000	0.0376149
chr7_mat	10900000	11000000	0.0256925
chr7_mat	11000000	11100000	0.0217195
chr7_mat	11100000	11200000	0.0241255
chr7_mat	11200000	11300000	0.0390562
chr7_mat	11300000	11400000	0.0332045
chr7_mat	11400000	11500000	0.0209669
chr7_mat	11500000	11600000	0.0272334
chr7_mat	11600000	11700000	0.0317324
chr7_mat	11700000	11800000	0.0424752
chr7_mat	11800000	11900000	
chr7_mat	11900000	12000000	0.0305747
chr7_mat	12000000	12100000	0.0162991
chr7_mat	12100000	12200000	0.0178502
chr7_mat	12200000	12300000	0.0185434
chr7_mat	12300000	12400000	0.0181776
chr7_mat	12400000	12500000	0.0180451
chr7_mat	12500000	12600000	0.0203334
chr7_mat	12600000	12700000	0.0170323
chr7_mat	12700000	12800000	0.0196334
chr7_mat	12800000	12900000	0.0193575
chr7_mat	12900000	13000000	0.0167957
chr7_mat	13000000	13100000	0.0194602
chr7_mat	13100000	13200000	0.0190814
chr7_mat	13200000	13300000	0.025737
chr7_mat	13300000	13400000	0.0279025
chr7_mat	13400000	13500000	0.0272127
chr7_mat	13500000	13600000	0.0245469
chr7_mat	13600000	13700000	0.0255688
chr7_mat	13700000	13800000	0.0242386
chr7_mat	13800000	13900000	0.0209092
chr7_mat	13900000	14000000	0.0184521
chr7_mat	14000000	14100000	0.0235624
chr7_mat	14100000	14200000	0.0204401
chr7_mat	14200000	14300000	0.01703
chr7_mat	14300000	14400000	0.01814
chr7_mat	14400000	14500000	0.0209122
chr7_mat	14500000	14600000	0.0199406
chr7_mat	14600000	14700000	0.0202505
chr7_mat	14700000	14800000	0.0265394
chr7_mat	14800000	14900000	0.018739
chr7_mat	14900000	15000000	0.0195522
chr7_mat	15000000	15100000	0.0240034
chr7_mat	15100000	15200000	0.0191011
chr7_mat	15200000	15300000	0.0145142
chr7_mat	15300000	15400000	0.0115252
chr7_mat	15400000	15500000	0.0142334
chr7_mat	15500000	15600000	0.0206121
chr7_mat	15600000	15700000	0.0189991
chr7_mat	15700000	15800000	0.0163755
chr7_mat	15800000	15900000	0.0155774
chr7_mat	15900000	16000000	0.0122187
chr7_mat	16000000	16100000	0.0150102
chr7_mat	16100000	16200000	0.0189413
chr7_mat	16200000	16300000	0.0152623
chr7_mat	16300000	16400000	0.0170635
chr7_mat	16400000	16500000	0.0194555
chr7_mat	16500000	16600000	0.0203296
chr7_mat	16600000	16700000	0.0206593
chr7_mat	16700000	16800000	0.0216228
chr7_mat	16800000	16900000	0.0144363
chr7_mat	16900000	17000000	0.0188062
chr7_mat	17000000	17100000	0.01404
chr7_mat	17100000	17200000	0.0170074
chr7_mat	17200000	17300000	0.0196369
chr7_mat	17300000	17400000	0.0126073
chr7_mat	17400000	17500000	0.0208225
chr7_mat	17500000	17600000	0.019393
chr7_mat	17600000	17700000	0.0164083
chr7_mat	17700000	17800000	0.0248145
chr7_mat	17800000	17900000	0.0213465
chr7_mat	17900000	18000000	0.0266844
chr7_mat	18000000	18100000	0.0242778
chr7_mat	18100000	18200000	0.0217722
chr7_mat	18200000	18300000	0.0142841
chr7_mat	18300000	18400000	0.0175173
chr7_mat	18400000	18500000	0.017319
chr7_mat	18500000	18600000	0.0246108
chr7_mat	18600000	18700000	0.0627005
chr7_mat	18700000	18800000	0.0484188
chr7_mat	18800000	18900000	0.0338509
chr7_mat	18900000	19000000	0.0186616
chr7_mat	19000000	19100000	0.0177175
chr7_mat	19100000	19200000	0.0164434
chr7_mat	19200000	19300000	0.0137568
chr7_mat	19300000	19400000	0.018363
chr7_mat	19400000	19500000	0.0183132
chr7_mat	19500000	19600000	0.0176742
chr7_mat	19600000	19700000	0.0154067
chr7_mat	19700000	19800000	0.0198412
chr7_mat	19800000	19900000	0.0208527
chr7_mat	19900000	20000000	0.0189191
chr7_mat	20000000	20100000	0.0219015
chr7_mat	20100000	20200000	0.0145125
chr7_mat	20200000	20300000	0.014753
chr7_mat	20300000	20400000	0.0152745
chr7_mat	20400000	20500000	0.0202476
chr7_mat	20500000	20600000	0.0213249
chr7_mat	20600000	20700000	0.0218405
chr7_mat	20700000	20800000	0.0261146
chr7_mat	20800000	20900000	0.0208836
chr7_mat	20900000	21000000	0.0195968
chr7_mat	21000000	21100000	0.0222995
chr7_mat	21100000	21200000	0.0223487
chr7_mat	21200000	21300000	0.0251681
chr7_mat	21300000	21400000	0.02749
chr7_mat	21400000	21500000	0.0180865
chr7_mat	21500000	21600000	0.022401
chr7_mat	21600000	21700000	0.0307503
chr7_mat	21700000	21800000	0.0187947
chr7_mat	21800000	21900000	0.0205424
chr7_mat	21900000	22000000	0.0307438
chr7_mat	22000000	22100000	0.0249004
chr7_mat	22100000	22200000	0.015604
chr7_mat	22200000	22300000	0.0163186
chr7_mat	22300000	22400000	0.0178621
chr7_mat	22400000	22500000	0.0241044
chr7_mat	22500000	22600000	0.0193069
chr7_mat	22600000	22700000	0.0161216
chr7_mat	22700000	22800000	0.0155527
chr7_mat	22800000	22900000	0.0215039
chr7_mat	22900000	23000000	0.031155
chr7_mat	23000000	23100000	0.0194231
chr7_mat	23100000	23200000	0.0280242
chr7_mat	23200000	23300000	0.0255969
chr7_mat	23300000	23400000	0.0267343
chr7_mat	23400000	23500000	0.0242947
chr7_mat	23500000	23600000	0.0218587
chr7_mat	23600000	23700000	0.0193724
chr7_mat	23700000	23800000	0.0184365
chr7_mat	23800000	23900000	0.0110878
chr7_mat	23900000	24000000	0.0150955
chr7_mat	24000000	24100000	0.0151459
chr7_mat	24100000	24200000	0.0191948
chr7_mat	24200000	24300000	0.0150054
chr7_mat	24300000	24400000	0.0160073
chr7_mat	24400000	24500000	0.0161743
chr7_mat	24500000	24600000	0.0181652
chr7_mat	24600000	24700000	0.0202591
chr7_mat	24700000	24800000	0.0181162
chr7_mat	24800000	24900000	0.017978
chr7_mat	24900000	25000000	0.0184871
chr7_mat	25000000	25100000	0.0194007
chr7_mat	25100000	25200000	0.0187343
chr7_mat	25200000	25300000	0.0199549
chr7_mat	25300000	25400000	0.0214417
chr7_mat	25400000	25500000	0.0213628
chr7_mat	25500000	25600000	0.0196589
chr7_mat	25600000	25700000	0.0234699
chr7_mat	25700000	25800000	0.0178534
chr7_mat	25800000	25900000	0.0231284
chr7_mat	25900000	26000000	0.0195033
chr7_mat	26000000	26100000	0.0134641
chr7_mat	26100000	26200000	0.016544
chr7_mat	26200000	26300000	0.0141139
chr7_mat	26300000	26400000	0.0171498
chr7_mat	26400000	26500000	0.0120212
chr7_mat	26500000	26600000	0.0147887
chr7_mat	26600000	26700000	0.0193949
chr7_mat	26700000	26800000	0.0201051
chr7_mat	26800000	26900000	0.020559
chr7_mat	26900000	27000000	0.0176952
chr7_mat	27000000	27100000	0.020986
chr7_mat	27100000	27200000	0.016269
chr7_mat	27200000	27300000	0.0150723
chr7_mat	27300000	27400000	0.016677
chr7_mat	27400000	27500000	0.017015
chr7_mat	27500000	27600000	0.0146497
chr7_mat	27600000	27700000	0.0145354
chr7_mat	27700000	27800000	0.0220502
chr7_mat	27800000	27900000	0.016621
chr7_mat	27900000	28000000	0.0168087
chr7_mat	28000000	28100000	0.020433
chr7_mat	28100000	28200000	0.0207737
chr7_mat	28200000	28300000	0.0172454
chr7_mat	28300000	28400000	0.0169634
chr7_mat	28400000	28500000	0.0172941
chr7_mat	28500000	28600000	0.0162444
chr7_mat	28600000	28700000	0.0160575
chr7_mat	28700000	28800000	0.0164475
chr7_mat	28800000	28900000	0.015799
chr7_mat	28900000	29000000	0.0159304
chr7_mat	29000000	29100000	0.019118
chr7_mat	29100000	29200000	0.0221225
chr7_mat	29200000	29300000	0.0204155
chr7_mat	29300000	29400000	0.0161521
chr7_mat	29400000	29500000	0.0142808
chr7_mat	29500000	29600000	0.0191041
chr7_mat	29600000	29700000	0.02453
chr7_mat	29700000	29800000	0.0192408
chr7_mat	29800000	29900000	0.0194745
chr7_mat	29900000	30000000	0.0199602
chr7_mat	30000000	30100000	0.0215928
chr7_mat	30100000	30200000	0.021507
chr7_mat	30200000	30300000	0.0212336
chr7_mat	30300000	30400000	0.0199727
chr7_mat	30400000	30500000	0.0168934
chr7_mat	30500000	30600000	0.0135847
chr7_mat	30600000	30700000	0.0201403
chr7_mat	30700000	30800000	0.0206766
chr7_mat	30800000	30900000	0.0199564
chr7_mat	30900000	31000000	0.0179505
chr7_mat	31000000	31100000	0.0170316
chr7_mat	31100000	31200000	0.0143708
chr7_mat	31200000	31300000	0.0154738
chr7_mat	31300000	31400000	0.0149313
chr7_mat	31400000	31500000	0.0155586
chr7_mat	31500000	31600000	0.0166561
chr7_mat	31600000	31700000	0.0152095
chr7_mat	31700000	31800000	0.0162372
chr7_mat	31800000	31900000	0.0167707
chr7_mat	31900000	32000000	0.0159258
chr7_mat	32000000	32100000	0.0145149
chr7_mat	32100000	32200000	0.0167719
chr7_mat	32200000	32300000	0.0185885
chr7_mat	32300000	32400000	0.0174254
chr7_mat	32400000	32500000	0.01831
chr7_mat	32500000	32600000	0.0179297
chr7_mat	32600000	32700000	0.0150771
chr7_mat	32700000	32800000	0.016424
chr7_mat	32800000	32900000	0.0178029
chr7_mat	32900000	33000000	0.0138365
chr7_mat	33000000	33100000	0.0140114
chr7_mat	33100000	33200000	0.0123093
chr7_mat	33200000	33300000	0.0155835
chr7_mat	33300000	33400000	0.0169038
chr7_mat	33400000	33500000	0.0183129
chr7_mat	33500000	33600000	0.0172787
chr7_mat	33600000	33700000	0.0206995
chr7_mat	33700000	33800000	0.0183584
chr7_mat	33800000	33900000	0.0164256
chr7_mat	33900000	34000000	0.013707
chr7_mat	34000000	34100000	0.017322
chr7_mat	34100000	34200000	0.0164127
chr7_mat	34200000	34300000	0.0172818
chr7_mat	34300000	34400000	0.0180317
chr7_mat	34400000	34500000	0.0151951
chr7_mat	34500000	34600000	0.0152478
chr7_mat	34600000	34700000	0.0178114
chr7_mat	34700000	34800000	0.016446
chr7_mat	34800000	34900000	0.0154509
chr7_mat	34900000	35000000	0.0171757
chr7_mat	35000000	35100000	0.0175756
chr7_mat	35100000	35200000	0.016528
chr7_mat	35200000	35300000	0.0170815
chr7_mat	35300000	35400000	0.0180518
chr7_mat	35400000	35500000	0.0205934
chr7_mat	35500000	35600000	0.0214934
chr7_mat	35600000	35700000	0.0201967
chr7_mat	35700000	35800000	0.0189077
chr7_mat	35800000	35900000	0.0160469
chr7_mat	35900000	36000000	0.0181325
chr7_mat	36000000	36100000	0.0151664
chr7_mat	36100000	36200000	0.018459
chr7_mat	36200000	36300000	0.0199297
chr7_mat	36300000	36400000	0.0205899
chr7_mat	36400000	36500000	0.0166961
chr7_mat	36500000	36600000	0.016968
chr7_mat	36600000	36700000	0.0170449
chr7_mat	36700000	36800000	0.0173747
chr7_mat	36800000	36900000	0.0170773
chr7_mat	36900000	37000000	0.0148737
chr7_mat	37000000	37100000	0.0172683
chr7_mat	37100000	37200000	0.0152677
chr7_mat	37200000	37300000	0.0119896
chr7_mat	37300000	37400000	0.0147965
chr7_mat	37400000	37500000	0.0145302
chr7_mat	37500000	37600000	0.0148519
chr7_mat	37600000	37700000	0.0138651
chr7_mat	37700000	37800000	0.0155445
chr7_mat	37800000	37900000	0.012811
chr7_mat	37900000	38000000	0.0143743
chr7_mat	38000000	38100000	0.0129457
chr7_mat	38100000	38200000	0.0118471
chr7_mat	38200000	38300000	0.014256
chr7_mat	38300000	38400000	0.0114257
chr7_mat	38400000	38500000	0.0147939
chr7_mat	38500000	38600000	0.0220588
chr7_mat	38600000	38700000	0.0217537
chr7_mat	38700000	38800000	0.0158346
chr7_mat	38800000	38900000	0.0210998
chr7_mat	38900000	39000000	0.0157564
chr7_mat	39000000	39100000	0.0274139
chr7_mat	39100000	39200000	0.033184
chr7_mat	39200000	39300000	
chr7_mat	39300000	39400000	0.0825014
chr7_mat	39400000	39422672	
chr8_mat	0	100000	0.0571665
chr8_mat	100000	200000	0.0480695
chr8_mat	200000	300000	0.0318572
chr8_mat	300000	400000	0.0217814
chr8_mat	400000	500000	0.0219337
chr8_mat	500000	600000	0.0210305
chr8_mat	600000	700000	0.0201085
chr8_mat	700000	800000	0.0130255
chr8_mat	800000	900000	0.0174786
chr8_mat	900000	1000000	0.0112397
chr8_mat	1000000	1100000	0.0147139
chr8_mat	1100000	1200000	0.0109228
chr8_mat	1200000	1300000	0.014117
chr8_mat	1300000	1400000	0.0140434
chr8_mat	1400000	1500000	0.0148493
chr8_mat	1500000	1600000	0.012751
chr8_mat	1600000	1700000	0.012129
chr8_mat	1700000	1800000	0.0166532
chr8_mat	1800000	1900000	0.0161311
chr8_mat	1900000	2000000	0.0171772
chr8_mat	2000000	2100000	0.0167064
chr8_mat	2100000	2200000	0.0200151
chr8_mat	2200000	2300000	0.0154143
chr8_mat	2300000	2400000	0.0164745
chr8_mat	2400000	2500000	0.0210037
chr8_mat	2500000	2600000	0.0158301
chr8_mat	2600000	2700000	0.0197952
chr8_mat	2700000	2800000	0.018714
chr8_mat	2800000	2900000	0.0196594
chr8_mat	2900000	3000000	0.0216511
chr8_mat	3000000	3100000	0.0214091
chr8_mat	3100000	3200000	0.0220137
chr8_mat	3200000	3300000	0.0162652
chr8_mat	3300000	3400000	0.0169581
chr8_mat	3400000	3500000	0.0195909
chr8_mat	3500000	3600000	0.0134913
chr8_mat	3600000	3700000	0.0177546
chr8_mat	3700000	3800000	0.0197094
chr8_mat	3800000	3900000	0.0207262
chr8_mat	3900000	4000000	0.0208442
chr8_mat	4000000	4100000	0.0190791
chr8_mat	4100000	4200000	0.0204635
chr8_mat	4200000	4300000	0.0230998
chr8_mat	4300000	4400000	0.0203191
chr8_mat	4400000	4500000	0.0213348
chr8_mat	4500000	4600000	0.0211894
chr8_mat	4600000	4700000	0.0184043
chr8_mat	4700000	4800000	0.0164056
chr8_mat	4800000	4900000	0.0150724
chr8_mat	4900000	5000000	0.0120107
chr8_mat	5000000	5100000	0.0202735
chr8_mat	5100000	5200000	0.0201958
chr8_mat	5200000	5300000	0.0187246
chr8_mat	5300000	5400000	0.019086
chr8_mat	5400000	5500000	0.0138791
chr8_mat	5500000	5600000	0.0126993
chr8_mat	5600000	5700000	0.0137462
chr8_mat	5700000	5800000	0.0130011
chr8_mat	5800000	5900000	0.013261
chr8_mat	5900000	6000000	0.0111154
chr8_mat	6000000	6100000	0.013524
chr8_mat	6100000	6200000	0.0127313
chr8_mat	6200000	6300000	0.0139739
chr8_mat	6300000	6400000	0.0186085
chr8_mat	6400000	6500000	0.0206118
chr8_mat	6500000	6600000	0.0245756
chr8_mat	6600000	6700000	0.0183072
chr8_mat	6700000	6800000	0.0199178
chr8_mat	6800000	6900000	0.0201672
chr8_mat	6900000	7000000	0.0206879
chr8_mat	7000000	7100000	0.0197388
chr8_mat	7100000	7200000	0.0169395
chr8_mat	7200000	7300000	0.0184964
chr8_mat	7300000	7400000	0.018431
chr8_mat	7400000	7500000	0.0219176
chr8_mat	7500000	7600000	0.0195866
chr8_mat	7600000	7700000	0.0155254
chr8_mat	7700000	7800000	0.0191781
chr8_mat	7800000	7900000	0.0204466
chr8_mat	7900000	8000000	0.0195589
chr8_mat	8000000	8100000	0.0193915
chr8_mat	8100000	8200000	0.0227758
chr8_mat	8200000	8300000	0.0186949
chr8_mat	8300000	8400000	0.0113189
chr8_mat	8400000	8500000	0.0141785
chr8_mat	8500000	8600000	0.0203964
chr8_mat	8600000	8700000	0.0183256
chr8_mat	8700000	8800000	0.0135719
chr8_mat	8800000	8900000	0.0174537
chr8_mat	8900000	9000000	0.0152016
chr8_mat	9000000	9100000	0.0167725
chr8_mat	9100000	9200000	0.0130603
chr8_mat	9200000	9300000	0.0106222
chr8_mat	9300000	9400000	0.0143794
chr8_mat	9400000	9500000	0.0171393
chr8_mat	9500000	9600000	0.0137173
chr8_mat	9600000	9700000	0.0193236
chr8_mat	9700000	9800000	0.0119383
chr8_mat	9800000	9900000	0.017836
chr8_mat	9900000	10000000	0.0212199
chr8_mat	10000000	10100000	0.0188668
chr8_mat	10100000	10200000	0.0162499
chr8_mat	10200000	10300000	0.0206306
chr8_mat	10300000	10400000	0.0192488
chr8_mat	10400000	10500000	0.0138152
chr8_mat	10500000	10600000	0.0245242
chr8_mat	10600000	10700000	0.0238251
chr8_mat	10700000	10800000	0.0226879
chr8_mat	10800000	10900000	0.0202861
chr8_mat	10900000	11000000	0.0136499
chr8_mat	11000000	11100000	0.0160676
chr8_mat	11100000	11200000	0.0183439
chr8_mat	11200000	11300000	0.0203243
chr8_mat	11300000	11400000	0.0208799
chr8_mat	11400000	11500000	0.0180679
chr8_mat	11500000	11600000	0.0160107
chr8_mat	11600000	11700000	0.013407
chr8_mat	11700000	11800000	0.014379
chr8_mat	11800000	11900000	0.0139305
chr8_mat	11900000	12000000	0.018927
chr8_mat	12000000	12100000	0.0238306
chr8_mat	12100000	12200000	0.0245695
chr8_mat	12200000	12300000	0.0220625
chr8_mat	12300000	12400000	0.0202427
chr8_mat	12400000	12500000	0.0180772
chr8_mat	12500000	12600000	0.0201038
chr8_mat	12600000	12700000	0.0237289
chr8_mat	12700000	12800000	0.0221575
chr8_mat	12800000	12900000	0.0231155
chr8_mat	12900000	13000000	0.0299083
chr8_mat	13000000	13100000	0.0252714
chr8_mat	13100000	13200000	0.0233159
chr8_mat	13200000	13300000	0.0254374
chr8_mat	13300000	13400000	0.0220333
chr8_mat	13400000	13500000	0.0223482
chr8_mat	13500000	13600000	0.0244817
chr8_mat	13600000	13700000	0.0232387
chr8_mat	13700000	13800000	0.0224633
chr8_mat	13800000	13900000	0.0163146
chr8_mat	13900000	14000000	0.012423
chr8_mat	14000000	14100000	0.0132179
chr8_mat	14100000	14200000	0.014303
chr8_mat	14200000	14300000	0.0116505
chr8_mat	14300000	14400000	0.0148978
chr8_mat	14400000	14500000	0.0215809
chr8_mat	14500000	14600000	0.0168339
chr8_mat	14600000	14700000	0.013732
chr8_mat	14700000	14800000	0.0248739
chr8_mat	14800000	14900000	0.0254767
chr8_mat	14900000	15000000	0.0374893
chr8_mat	15000000	15100000	0.0328235
chr8_mat	15100000	15200000	0.023374
chr8_mat	15200000	15300000	0.0260276
chr8_mat	15300000	15400000	0.0224032
chr8_mat	15400000	15500000	0.0124695
chr8_mat	15500000	15600000	0.0173243
chr8_mat	15600000	15700000	0.011835
chr8_mat	15700000	15800000	0.0197541
chr8_mat	15800000	15900000	0.0237706
chr8_mat	15900000	16000000	0.0240095
chr8_mat	16000000	16100000	0.0153925
chr8_mat	16100000	16200000	0.0176601
chr8_mat	16200000	16300000	0.0195652
chr8_mat	16300000	16400000	0.0196216
chr8_mat	16400000	16500000	0.0146536
chr8_mat	16500000	16600000	0.0163296
chr8_mat	16600000	16700000	0.0139349
chr8_mat	16700000	16800000	0.0159324
chr8_mat	16800000	16900000	0.0184015
chr8_mat	16900000	17000000	0.0139778
chr8_mat	17000000	17100000	0.0199889
chr8_mat	17100000	17200000	0.0169977
chr8_mat	17200000	17300000	0.0224101
chr8_mat	17300000	17400000	0.0185417
chr8_mat	17400000	17500000	0.023372
chr8_mat	17500000	17600000	0.0290098
chr8_mat	17600000	17700000	0.0249748
chr8_mat	17700000	17800000	0.0151943
chr8_mat	17800000	17900000	0.0221969
chr8_mat	17900000	18000000	0.0247045
chr8_mat	18000000	18100000	0.0215651
chr8_mat	18100000	18200000	0.0227355
chr8_mat	18200000	18300000	0.027029
chr8_mat	18300000	18400000	0.0201066
chr8_mat	18400000	18500000	0.0286101
chr8_mat	18500000	18600000	0.0182406
chr8_mat	18600000	18700000	0.0122533
chr8_mat	18700000	18800000	0.0148796
chr8_mat	18800000	18900000	0.0160124
chr8_mat	18900000	19000000	0.0137862
chr8_mat	19000000	19100000	0.0173531
chr8_mat	19100000	19200000	0.0194326
chr8_mat	19200000	19300000	0.0190701
chr8_mat	19300000	19400000	0.0189583
chr8_mat	19400000	19500000	0.0212004
chr8_mat	19500000	19600000	0.0186949
chr8_mat	19600000	19700000	0.0164756
chr8_mat	19700000	19800000	0.0190402
chr8_mat	19800000	19900000	0.0212029
chr8_mat	19900000	20000000	0.0238251
chr8_mat	20000000	20100000	0.019762
chr8_mat	20100000	20200000	0.0194018
chr8_mat	20200000	20300000	0.0191651
chr8_mat	20300000	20400000	0.02158
chr8_mat	20400000	20500000	0.0269004
chr8_mat	20500000	20600000	0.0243733
chr8_mat	20600000	20700000	0.0202658
chr8_mat	20700000	20800000	0.0193469
chr8_mat	20800000	20900000	0.0119359
chr8_mat	20900000	21000000	0.0149294
chr8_mat	21000000	21100000	0.0137062
chr8_mat	21100000	21200000	0.0130497
chr8_mat	21200000	21300000	0.0208198
chr8_mat	21300000	21400000	0.0220692
chr8_mat	21400000	21500000	0.0263088
chr8_mat	21500000	21600000	0.0189899
chr8_mat	21600000	21700000	0.0196581
chr8_mat	21700000	21800000	0.0187981
chr8_mat	21800000	21900000	0.0196908
chr8_mat	21900000	22000000	0.0165072
chr8_mat	22000000	22100000	0.0202813
chr8_mat	22100000	22200000	0.0209107
chr8_mat	22200000	22300000	0.0192551
chr8_mat	22300000	22400000	0.0147138
chr8_mat	22400000	22500000	0.0210441
chr8_mat	22500000	22600000	0.0185589
chr8_mat	22600000	22700000	0.0228746
chr8_mat	22700000	22800000	0.0197554
chr8_mat	22800000	22900000	0.0241127
chr8_mat	22900000	23000000	0.0209352
chr8_mat	23000000	23100000	0.0190285
chr8_mat	23100000	23200000	0.0142825
chr8_mat	23200000	23300000	0.0124696
chr8_mat	23300000	23400000	0.0124072
chr8_mat	23400000	23500000	0.0128896
chr8_mat	23500000	23600000	0.0160235
chr8_mat	23600000	23700000	0.0132734
chr8_mat	23700000	23800000	0.0171398
chr8_mat	23800000	23900000	0.0178043
chr8_mat	23900000	24000000	0.0161685
chr8_mat	24000000	24100000	0.0158082
chr8_mat	24100000	24200000	0.0132945
chr8_mat	24200000	24300000	0.0182919
chr8_mat	24300000	24400000	0.0211021
chr8_mat	24400000	24500000	0.0135861
chr8_mat	24500000	24600000	0.0174409
chr8_mat	24600000	24700000	0.0193816
chr8_mat	24700000	24800000	0.0223059
chr8_mat	24800000	24900000	0.0212561
chr8_mat	24900000	25000000	0.0230958
chr8_mat	25000000	25100000	0.0213947
chr8_mat	25100000	25200000	0.0230768
chr8_mat	25200000	25300000	0.0224797
chr8_mat	25300000	25400000	0.0243794
chr8_mat	25400000	25500000	0.0257596
chr8_mat	25500000	25600000	0.0281968
chr8_mat	25600000	25700000	0.0349831
chr8_mat	25700000	25800000	0.0363205
chr8_mat	25800000	25900000	0.0468105
chr8_mat	25900000	26000000	0.044737
chr8_mat	26000000	26100000	0.0481604
chr8_mat	26100000	26200000	0.0514298
chr8_mat	26200000	26300000	0.0735667
chr8_mat	26300000	26400000	0.0490783
chr8_mat	26400000	26500000	0.098904
chr8_mat	26500000	26600000	
chr8_mat	26600000	26700000	
chr8_mat	26700000	26800000	
chr8_mat	26800000	26900000	
chr8_mat	26900000	27000000	
chr8_mat	27000000	27100000	
chr8_mat	27100000	27200000	
chr8_mat	27200000	27300000	0.103971
chr8_mat	27300000	27400000	
chr8_mat	27400000	27500000	
chr8_mat	27500000	27600000	
chr8_mat	27600000	27700000	
chr8_mat	27700000	27800000	0.0681984
chr8_mat	27800000	27900000	0.0330473
chr8_mat	27900000	28000000	0.0337099
chr8_mat	28000000	28100000	0.0211536
chr8_mat	28100000	28200000	0.0241563
chr8_mat	28200000	28300000	0.0227212
chr8_mat	28300000	28400000	0.0204407
chr8_mat	28400000	28500000	0.0191302
chr8_mat	28500000	28600000	0.0224916
chr8_mat	28600000	28700000	0.0165623
chr8_mat	28700000	28800000	0.0216254
chr8_mat	28800000	28900000	0.0154956
chr8_mat	28900000	29000000	0.0243064
chr8_mat	29000000	29100000	0.0163539
chr8_mat	29100000	29200000	0.015454
chr8_mat	29200000	29300000	0.0212766
chr8_mat	29300000	29400000	0.0570853
chr8_mat	29400000	29500000	
chr8_mat	29500000	29600000	0.055871
chr8_mat	29600000	29700000	0.0237877
chr8_mat	29700000	29800000	0.0388401
chr8_mat	29800000	29900000	0.0236808
chr8_mat	29900000	30000000	0.0195957
chr8_mat	30000000	30100000	0.0147106
chr8_mat	30100000	30200000	0.0216889
chr8_mat	30200000	30300000	0.0229324
chr8_mat	30300000	30400000	0.0256745
chr8_mat	30400000	30500000	0.0212351
chr8_mat	30500000	30600000	0.0173555
chr8_mat	30600000	30700000	0.014682
chr8_mat	30700000	30800000	0.0185835
chr8_mat	30800000	30900000	0.0170726
chr8_mat	30900000	31000000	0.0249292
chr8_mat	31000000	31100000	0.039355
chr8_mat	31100000	31200000	
chr8_mat	31200000	31300000	
chr8_mat	31300000	31400000	
chr8_mat	31400000	31500000	
chr8_mat	31500000	31600000	
chr8_mat	31600000	31700000	
chr8_mat	31700000	31800000	
chr8_mat	31800000	31900000	
chr8_mat	31900000	32000000	
chr8_mat	32000000	32100000	
chr8_mat	32100000	32200000	
chr8_mat	32200000	32300000	
chr8_mat	32300000	32400000	
chr8_mat	32400000	32500000	
chr8_mat	32500000	32600000	
chr8_mat	32600000	32653297	
chr9_mat	0	100000	
chr9_mat	100000	200000	
chr9_mat	200000	300000	
chr9_mat	300000	400000	
chr9_mat	400000	500000	
chr9_mat	500000	600000	
chr9_mat	600000	700000	
chr9_mat	700000	800000	
chr9_mat	800000	900000	0.0711733
chr9_mat	900000	1000000	0.0665519
chr9_mat	1000000	1100000	0.0515397
chr9_mat	1100000	1200000	0.0294964
chr9_mat	1200000	1300000	0.0319344
chr9_mat	1300000	1400000	0.02648
chr9_mat	1400000	1500000	0.019501
chr9_mat	1500000	1600000	0.019932
chr9_mat	1600000	1700000	0.0169751
chr9_mat	1700000	1800000	0.0232401
chr9_mat	1800000	1900000	0.0160315
chr9_mat	1900000	2000000	0.0207092
chr9_mat	2000000	2100000	0.0236352
chr9_mat	2100000	2200000	0.0233123
chr9_mat	2200000	2300000	0.0281756
chr9_mat	2300000	2400000	0.0250429
chr9_mat	2400000	2500000	0.0255401
chr9_mat	2500000	2600000	0.0256734
chr9_mat	2600000	2700000	0.0191007
chr9_mat	2700000	2800000	0.0152789
chr9_mat	2800000	2900000	0.0211283
chr9_mat	2900000	3000000	0.025412
chr9_mat	3000000	3100000	0.0225934
chr9_mat	3100000	3200000	0.0186922
chr9_mat	3200000	3300000	
chr9_mat	3300000	3400000	
chr9_mat	3400000	3500000	
chr9_mat	3500000	3600000	0.0556709
chr9_mat	3600000	3700000	0.0224963
chr9_mat	3700000	3800000	0.0240321
chr9_mat	3800000	3900000	0.0240951
chr9_mat	3900000	4000000	0.0236863
chr9_mat	4000000	4100000	0.0287018
chr9_mat	4100000	4200000	0.0278515
chr9_mat	4200000	4300000	0.0173514
chr9_mat	4300000	4400000	0.016877
chr9_mat	4400000	4500000	0.0190679
chr9_mat	4500000	4600000	0.0169685
chr9_mat	4600000	4700000	0.0165796
chr9_mat	4700000	4800000	0.025722
chr9_mat	4800000	4900000	0.0227
chr9_mat	4900000	5000000	0.0243459
chr9_mat	5000000	5100000	0.0217627
chr9_mat	5100000	5200000	0.0259196
chr9_mat	5200000	5300000	0.0249086
chr9_mat	5300000	5400000	0.0208959
chr9_mat	5400000	5500000	0.0125988
chr9_mat	5500000	5600000	0.0156129
chr9_mat	5600000	5700000	0.0200731
chr9_mat	5700000	5800000	0.0219444
chr9_mat	5800000	5900000	0.0209772
chr9_mat	5900000	6000000	0.0195796
chr9_mat	6000000	6100000	0.0194387
chr9_mat	6100000	6200000	0.0221467
chr9_mat	6200000	6300000	0.0209779
chr9_mat	6300000	6400000	0.0143785
chr9_mat	6400000	6500000	0.016046
chr9_mat	6500000	6600000	0.0140199
chr9_mat	6600000	6700000	0.0145727
chr9_mat	6700000	6800000	0.0133028
chr9_mat	6800000	6900000	0.0159018
chr9_mat	6900000	7000000	0.0164643
chr9_mat	7000000	7100000	0.0161609
chr9_mat	7100000	7200000	0.0180592
chr9_mat	7200000	7300000	0.017171
chr9_mat	7300000	7400000	0.0143511
chr9_mat	7400000	7500000	0.0228086
chr9_mat	7500000	7600000	0.0194782
chr9_mat	7600000	7700000	0.0196863
chr9_mat	7700000	7800000	0.0170856
chr9_mat	7800000	7900000	0.0194441
chr9_mat	7900000	8000000	0.0200947
chr9_mat	8000000	8100000	0.020015
chr9_mat	8100000	8200000	0.0192077
chr9_mat	8200000	8300000	0.0195352
chr9_mat	8300000	8400000	0.0191758
chr9_mat	8400000	8500000	0.0199775
chr9_mat	8500000	8600000	0.0244393
chr9_mat	8600000	8700000	0.0235874
chr9_mat	8700000	8800000	0.0211148
chr9_mat	8800000	8900000	0.0233591
chr9_mat	8900000	9000000	0.0160987
chr9_mat	9000000	9100000	0.0156867
chr9_mat	9100000	9200000	0.0176385
chr9_mat	9200000	9300000	0.0166651
chr9_mat	9300000	9400000	0.0173491
chr9_mat	9400000	9500000	0.0119263
chr9_mat	9500000	9600000	0.0158781
chr9_mat	9600000	9700000	0.0124746
chr9_mat	9700000	9800000	0.0177401
chr9_mat	9800000	9900000	0.0229696
chr9_mat	9900000	10000000	0.0188627
chr9_mat	10000000	10100000	0.0213406
chr9_mat	10100000	10200000	0.0231011
chr9_mat	10200000	10300000	0.0175068
chr9_mat	10300000	10400000	0.0132341
chr9_mat	10400000	10500000	0.0143131
chr9_mat	10500000	10600000	0.0120231
chr9_mat	10600000	10700000	0.0211711
chr9_mat	10700000	10800000	0.0192247
chr9_mat	10800000	10900000	0.0195914
chr9_mat	10900000	11000000	0.0208986
chr9_mat	11000000	11100000	0.0212947
chr9_mat	11100000	11200000	0.0169365
chr9_mat	11200000	11300000	0.0145853
chr9_mat	11300000	11400000	0.0151732
chr9_mat	11400000	11500000	0.0130166
chr9_mat	11500000	11600000	0.0151024
chr9_mat	11600000	11700000	0.0157515
chr9_mat	11700000	11800000	0.0182369
chr9_mat	11800000	11900000	0.0215642
chr9_mat	11900000	12000000	0.018622
chr9_mat	12000000	12100000	0.016968
chr9_mat	12100000	12200000	0.0181557
chr9_mat	12200000	12300000	0.0184222
chr9_mat	12300000	12400000	0.0187326
chr9_mat	12400000	12500000	0.0187275
chr9_mat	12500000	12600000	0.0197934
chr9_mat	12600000	12700000	0.0203014
chr9_mat	12700000	12800000	0.0185561
chr9_mat	12800000	12900000	0.027346
chr9_mat	12900000	13000000	0.0219839
chr9_mat	13000000	13100000	0.0374593
chr9_mat	13100000	13200000	0.0281704
chr9_mat	13200000	13300000	0.0270034
chr9_mat	13300000	13400000	0.0248911
chr9_mat	13400000	13500000	0.0325692
chr9_mat	13500000	13600000	0.0207653
chr9_mat	13600000	13700000	0.0174709
chr9_mat	13700000	13800000	0.0173248
chr9_mat	13800000	13900000	0.0146304
chr9_mat	13900000	14000000	0.0132229
chr9_mat	14000000	14100000	0.0180064
chr9_mat	14100000	14200000	0.0135938
chr9_mat	14200000	14300000	0.0204918
chr9_mat	14300000	14400000	0.0192482
chr9_mat	14400000	14500000	0.0165094
chr9_mat	14500000	14600000	0.0281077
chr9_mat	14600000	14700000	0.0191106
chr9_mat	14700000	14800000	0.0221545
chr9_mat	14800000	14900000	0.0232856
chr9_mat	14900000	15000000	0.0228685
chr9_mat	15000000	15100000	0.0206886
chr9_mat	15100000	15200000	0.0194921
chr9_mat	15200000	15300000	0.0222459
chr9_mat	15300000	15400000	
chr9_mat	15400000	15500000	
chr9_mat	15500000	15600000	
chr9_mat	15600000	15700000	0.0306844
chr9_mat	15700000	15800000	0.0245208
chr9_mat	15800000	15900000	0.025025
chr9_mat	15900000	16000000	0.0221493
chr9_mat	16000000	16100000	0.0214398
chr9_mat	16100000	16200000	0.0208052
chr9_mat	16200000	16300000	0.0167276
chr9_mat	16300000	16400000	0.0182341
chr9_mat	16400000	16500000	0.0152743
chr9_mat	16500000	16600000	0.0162821
chr9_mat	16600000	16700000	0.0143053
chr9_mat	16700000	16800000	0.0124649
chr9_mat	16800000	16900000	0.0192256
chr9_mat	16900000	17000000	0.0171023
chr9_mat	17000000	17100000	0.0146258
chr9_mat	17100000	17200000	0.0161402
chr9_mat	17200000	17300000	0.0184753
chr9_mat	17300000	17400000	0.015678
chr9_mat	17400000	17500000	0.0125243
chr9_mat	17500000	17600000	0.0128319
chr9_mat	17600000	17700000	0.024761
chr9_mat	17700000	17800000	0.0249306
chr9_mat	17800000	17900000	0.0260571
chr9_mat	17900000	18000000	0.0194419
chr9_mat	18000000	18100000	0.0153883
chr9_mat	18100000	18200000	0.0135826
chr9_mat	18200000	18300000	0.0157082
chr9_mat	18300000	18400000	0.0196301
chr9_mat	18400000	18500000	0.0205987
chr9_mat	18500000	18600000	0.0200055
chr9_mat	18600000	18700000	0.0213002
chr9_mat	18700000	18800000	0.0236568
chr9_mat	18800000	18900000	0.0200292
chr9_mat	18900000	19000000	0.0168691
chr9_mat	19000000	19100000	0.011556
chr9_mat	19100000	19200000	0.0145072
chr9_mat	19200000	19300000	0.0175111
chr9_mat	19300000	19400000	0.0162179
chr9_mat	19400000	19500000	0.0119444
chr9_mat	19500000	19600000	0.0105401
chr9_mat	19600000	19700000	0.0188556
chr9_mat	19700000	19800000	0.0186134
chr9_mat	19800000	19900000	0.0200761
chr9_mat	19900000	20000000	0.0179166
chr9_mat	20000000	20100000	0.0163402
chr9_mat	20100000	20200000	0.0173534
chr9_mat	20200000	20300000	0.0192356
chr9_mat	20300000	20400000	0.0185047
chr9_mat	20400000	20500000	0.0184207
chr9_mat	20500000	20600000	0.017797
chr9_mat	20600000	20700000	0.0175744
chr9_mat	20700000	20800000	0.0186132
chr9_mat	20800000	20900000	0.0192506
chr9_mat	20900000	21000000	0.0187138
chr9_mat	21000000	21100000	0.0197875
chr9_mat	21100000	21200000	0.0219666
chr9_mat	21200000	21300000	0.0200528
chr9_mat	21300000	21400000	0.0181069
chr9_mat	21400000	21500000	0.0171448
chr9_mat	21500000	21600000	0.0177415
chr9_mat	21600000	21700000	0.0195214
chr9_mat	21700000	21800000	0.0169085
chr9_mat	21800000	21900000	0.0134382
chr9_mat	21900000	22000000	0.0113759
chr9_mat	22000000	22100000	0.014683
chr9_mat	22100000	22200000	0.0142943
chr9_mat	22200000	22300000	0.0163327
chr9_mat	22300000	22400000	0.0226282
chr9_mat	22400000	22500000	0.024088
chr9_mat	22500000	22600000	0.0220727
chr9_mat	22600000	22700000	0.0213604
chr9_mat	22700000	22800000	0.019268
chr9_mat	22800000	22900000	0.0186225
chr9_mat	22900000	23000000	0.013369
chr9_mat	23000000	23100000	0.0148959
chr9_mat	23100000	23200000	0.0183648
chr9_mat	23200000	23300000	0.0175294
chr9_mat	23300000	23400000	0.0178187
chr9_mat	23400000	23500000	0.0170848
chr9_mat	23500000	23600000	0.0193971
chr9_mat	23600000	23700000	0.0296421
chr9_mat	23700000	23800000	
chr9_mat	23800000	23900000	
chr9_mat	23900000	24000000	
chr9_mat	24000000	24100000	
chr9_mat	24100000	24200000	
chr9_mat	24200000	24300000	
chr9_mat	24300000	24400000	
chr9_mat	24400000	24500000	
chr9_mat	24500000	24600000	
chr9_mat	24600000	24700000	
chr9_mat	24700000	24800000	
chr9_mat	24800000	24900000	0.0484145
chr9_mat	24900000	25000000	0.0219312
chr9_mat	25000000	25100000	0.0132164
chr9_mat	25100000	25200000	0.0168629
chr9_mat	25200000	25300000	0.0156294
chr9_mat	25300000	25400000	0.0164026
chr9_mat	25400000	25500000	0.0178904
chr9_mat	25500000	25600000	0.0146251
chr9_mat	25600000	25700000	0.015329
chr9_mat	25700000	25800000	0.0250677
chr9_mat	25800000	25900000	0.0363531
chr9_mat	25900000	26000000	0.0751442
chr9_mat	26000000	26100000	
chr9_mat	26100000	26132161	
chr10_mat	0	100000	
chr10_mat	100000	200000	
chr10_mat	200000	300000	
chr10_mat	300000	400000	
chr10_mat	400000	500000	
chr10_mat	500000	600000	0.0618504
chr10_mat	600000	700000	0.0565276
chr10_mat	700000	800000	0.0576994
chr10_mat	800000	900000	0.0218216
chr10_mat	900000	1000000	0.0283174
chr10_mat	1000000	1100000	0.0197856
chr10_mat	1100000	1200000	0.0231518
chr10_mat	1200000	1300000	0.0156985
chr10_mat	1300000	1400000	0.0191949
chr10_mat	1400000	1500000	0.0174372
chr10_mat	1500000	1600000	0.0236373
chr10_mat	1600000	1700000	0.0248741
chr10_mat	1700000	1800000	0.028198
chr10_mat	1800000	1900000	0.0165209
chr10_mat	1900000	2000000	0.0226909
chr10_mat	2000000	2100000	0.0272023
chr10_mat	2100000	2200000	0.0201299
chr10_mat	2200000	2300000	0.0159525
chr10_mat	2300000	2400000	0.0143198
chr10_mat	2400000	2500000	0.0122831
chr10_mat	2500000	2600000	0.0119448
chr10_mat	2600000	2700000	0.0117395
chr10_mat	2700000	2800000	0.0132426
chr10_mat	2800000	2900000	0.0195781
chr10_mat	2900000	3000000	0.0192838
chr10_mat	3000000	3100000	0.0233783
chr10_mat	3100000	3200000	0.0244605
chr10_mat	3200000	3300000	0.0142855
chr10_mat	3300000	3400000	0.0155575
chr10_mat	3400000	3500000	0.0181847
chr10_mat	3500000	3600000	0.0196197
chr10_mat	3600000	3700000	0.0143543
chr10_mat	3700000	3800000	0.015322
chr10_mat	3800000	3900000	0.0170251
chr10_mat	3900000	4000000	0.0182938
chr10_mat	4000000	4100000	0.013769
chr10_mat	4100000	4200000	0.0163451
chr10_mat	4200000	4300000	0.0121912
chr10_mat	4300000	4400000	0.0202374
chr10_mat	4400000	4500000	0.0170053
chr10_mat	4500000	4600000	0.0174695
chr10_mat	4600000	4700000	0.0233373
chr10_mat	4700000	4800000	0.0334217
chr10_mat	4800000	4900000	0.0351383
chr10_mat	4900000	5000000	0.0271027
chr10_mat	5000000	5100000	0.0226029
chr10_mat	5100000	5200000	0.0159045
chr10_mat	5200000	5300000	0.018228
chr10_mat	5300000	5400000	0.0220697
chr10_mat	5400000	5500000	0.017685
chr10_mat	5500000	5600000	0.018976
chr10_mat	5600000	5700000	0.016329
chr10_mat	5700000	5800000	0.0168964
chr10_mat	5800000	5900000	0.0126316
chr10_mat	5900000	6000000	0.018001
chr10_mat	6000000	6100000	0.0182235
chr10_mat	6100000	6200000	0.0151288
chr10_mat	6200000	6300000	0.0161776
chr10_mat	6300000	6400000	0.0143216
chr10_mat	6400000	6500000	0.01837
chr10_mat	6500000	6600000	0.0217918
chr10_mat	6600000	6700000	0.0201032
chr10_mat	6700000	6800000	0.0194629
chr10_mat	6800000	6900000	0.0131768
chr10_mat	6900000	7000000	0.0124491
chr10_mat	7000000	7100000	0.0149133
chr10_mat	7100000	7200000	0.0235411
chr10_mat	7200000	7300000	0.0205032
chr10_mat	7300000	7400000	0.0195431
chr10_mat	7400000	7500000	0.0169362
chr10_mat	7500000	7600000	0.018606
chr10_mat	7600000	7700000	0.0186299
chr10_mat	7700000	7800000	0.0124932
chr10_mat	7800000	7900000	0.0176204
chr10_mat	7900000	8000000	0.017926
chr10_mat	8000000	8100000	0.0122583
chr10_mat	8100000	8200000	0.0175496
chr10_mat	8200000	8300000	0.0195852
chr10_mat	8300000	8400000	0.0185445
chr10_mat	8400000	8500000	0.0216837
chr10_mat	8500000	8600000	0.0224967
chr10_mat	8600000	8700000	0.0233511
chr10_mat	8700000	8800000	0.0154749
chr10_mat	8800000	8900000	0.0157262
chr10_mat	8900000	9000000	0.0176091
chr10_mat	9000000	9100000	0.0139789
chr10_mat	9100000	9200000	0.0131121
chr10_mat	9200000	9300000	0.0146353
chr10_mat	9300000	9400000	0.0200413
chr10_mat	9400000	9500000	0.0166682
chr10_mat	9500000	9600000	0.0195611
chr10_mat	9600000	9700000	0.0199061
chr10_mat	9700000	9800000	0.0223032
chr10_mat	9800000	9900000	0.0214183
chr10_mat	9900000	10000000	0.0290447
chr10_mat	10000000	10100000	0.0294339
chr10_mat	10100000	10200000	0.0220436
chr10_mat	10200000	10300000	0.016346
chr10_mat	10300000	10400000	0.017094
chr10_mat	10400000	10500000	0.0145082
chr10_mat	10500000	10600000	0.0149712
chr10_mat	10600000	10700000	0.0216699
chr10_mat	10700000	10800000	0.0129109
chr10_mat	10800000	10900000	0.0123718
chr10_mat	10900000	11000000	0.0145524
chr10_mat	11000000	11100000	0.0200339
chr10_mat	11100000	11200000	0.0142409
chr10_mat	11200000	11300000	0.0165681
chr10_mat	11300000	11400000	0.0158107
chr10_mat	11400000	11500000	0.0201983
chr10_mat	11500000	11600000	0.0121756
chr10_mat	11600000	11700000	0.0192421
chr10_mat	11700000	11800000	0.0153986
chr10_mat	11800000	11900000	0.0194767
chr10_mat	11900000	12000000	0.0204791
chr10_mat	12000000	12100000	0.021653
chr10_mat	12100000	12200000	0.019201
chr10_mat	12200000	12300000	0.014686
chr10_mat	12300000	12400000	0.0124517
chr10_mat	12400000	12500000	0.0167163
chr10_mat	12500000	12600000	0.018543
chr10_mat	12600000	12700000	0.0184221
chr10_mat	12700000	12800000	0.0123203
chr10_mat	12800000	12900000	0.0194199
chr10_mat	12900000	13000000	0.0192661
chr10_mat	13000000	13100000	0.020512
chr10_mat	13100000	13200000	0.0199047
chr10_mat	13200000	13300000	0.0156031
chr10_mat	13300000	13400000	0.0179226
chr10_mat	13400000	13500000	0.0188815
chr10_mat	13500000	13600000	0.0220444
chr10_mat	13600000	13700000	0.0251
chr10_mat	13700000	13800000	0.0232935
chr10_mat	13800000	13900000	0.0222091
chr10_mat	13900000	14000000	0.0210528
chr10_mat	14000000	14100000	0.0203805
chr10_mat	14100000	14200000	0.019375
chr10_mat	14200000	14300000	0.0139875
chr10_mat	14300000	14400000	0.0176958
chr10_mat	14400000	14500000	0.0179605
chr10_mat	14500000	14600000	0.0181128
chr10_mat	14600000	14700000	0.0187455
chr10_mat	14700000	14800000	0.0201661
chr10_mat	14800000	14900000	0.021861
chr10_mat	14900000	15000000	0.0132738
chr10_mat	15000000	15100000	0.0177284
chr10_mat	15100000	15200000	0.021659
chr10_mat	15200000	15300000	0.0199233
chr10_mat	15300000	15400000	0.0193965
chr10_mat	15400000	15500000	0.0219016
chr10_mat	15500000	15600000	0.0243302
chr10_mat	15600000	15700000	0.0211973
chr10_mat	15700000	15800000	0.0244504
chr10_mat	15800000	15900000	0.022454
chr10_mat	15900000	16000000	0.0228196
chr10_mat	16000000	16100000	0.0228561
chr10_mat	16100000	16200000	0.0204514
chr10_mat	16200000	16300000	0.0255497
chr10_mat	16300000	16400000	0.021238
chr10_mat	16400000	16500000	0.0208978
chr10_mat	16500000	16600000	0.0233467
chr10_mat	16600000	16700000	0.0221537
chr10_mat	16700000	16800000	0.0210636
chr10_mat	16800000	16900000	0.017092
chr10_mat	16900000	17000000	0.0185163
chr10_mat	17000000	17100000	0.0234138
chr10_mat	17100000	17200000	0.0223602
chr10_mat	17200000	17300000	0.0232703
chr10_mat	17300000	17400000	0.0135762
chr10_mat	17400000	17500000	0.0173339
chr10_mat	17500000	17600000	0.0143369
chr10_mat	17600000	17700000	0.0215006
chr10_mat	17700000	17800000	0.0167946
chr10_mat	17800000	17900000	0.0195918
chr10_mat	17900000	18000000	0.0201971
chr10_mat	18000000	18100000	0.0147754
chr10_mat	18100000	18200000	0.0194552
chr10_mat	18200000	18300000	0.0122493
chr10_mat	18300000	18400000	0.0217642
chr10_mat	18400000	18500000	0.0243591
chr10_mat	18500000	18600000	0.0147459
chr10_mat	18600000	18700000	0.0143298
chr10_mat	18700000	18800000	0.0202638
chr10_mat	18800000	18900000	0.0231114
chr10_mat	18900000	19000000	0.0156448
chr10_mat	19000000	19100000	0.0132934
chr10_mat	19100000	19200000	0.0182411
chr10_mat	19200000	19300000	0.0148909
chr10_mat	19300000	19400000	0.0202185
chr10_mat	19400000	19500000	0.0156884
chr10_mat	19500000	19600000	0.0157934
chr10_mat	19600000	19700000	0.0140083
chr10_mat	19700000	19800000	0.0110869
chr10_mat	19800000	19900000	
chr10_mat	19900000	20000000	0.011755
chr10_mat	20000000	20100000	0.0151314
chr10_mat	20100000	20200000	0.0150364
chr10_mat	20200000	20300000	0.0115501
chr10_mat	20300000	20400000	0.0196219
chr10_mat	20400000	20500000	0.0166497
chr10_mat	20500000	20600000	0.0194987
chr10_mat	20600000	20700000	0.0375256
chr10_mat	20700000	20800000	0.0885168
chr10_mat	20800000	20900000	0.0489956
chr10_mat	20900000	20920522	
chr11_mat	0	100000	
chr11_mat	100000	200000	
chr11_mat	200000	300000	
chr11_mat	300000	400000	
chr11_mat	400000	500000	
chr11_mat	500000	600000	0.114415
chr11_mat	600000	700000	0.0895446
chr11_mat	700000	800000	
chr11_mat	800000	900000	0.0946496
chr11_mat	900000	1000000	0.0854878
chr11_mat	1000000	1100000	0.0688694
chr11_mat	1100000	1200000	0.0637913
chr11_mat	1200000	1300000	0.0966306
chr11_mat	1300000	1400000	0.0778616
chr11_mat	1400000	1500000	0.0486036
chr11_mat	1500000	1600000	0.0616998
chr11_mat	1600000	1700000	0.0536879
chr11_mat	1700000	1800000	0.0963586
chr11_mat	1800000	1900000	0.0655451
chr11_mat	1900000	2000000	0.0882091
chr11_mat	2000000	2100000	
chr11_mat	2100000	2200000	
chr11_mat	2200000	2300000	
chr11_mat	2300000	2400000	
chr11_mat	2400000	2500000	
chr11_mat	2500000	2600000	
chr11_mat	2600000	2700000	
chr11_mat	2700000	2800000	
chr11_mat	2800000	2900000	
chr11_mat	2900000	3000000	0.059269
chr11_mat	3000000	3100000	0.0457104
chr11_mat	3100000	3200000	0.0560678
chr11_mat	3200000	3300000	0.0602794
chr11_mat	3300000	3400000	0.0555097
chr11_mat	3400000	3500000	0.0766189
chr11_mat	3500000	3600000	0.0449602
chr11_mat	3600000	3700000	0.0439316
chr11_mat	3700000	3800000	0.0569836
chr11_mat	3800000	3900000	0.0500362
chr11_mat	3900000	4000000	0.0715735
chr11_mat	4000000	4100000	0.0600015
chr11_mat	4100000	4200000	0.0486316
chr11_mat	4200000	4300000	0.0725721
chr11_mat	4300000	4400000	0.0491029
chr11_mat	4400000	4500000	0.0351011
chr11_mat	4500000	4600000	0.0360488
chr11_mat	4600000	4700000	0.0304635
chr11_mat	4700000	4800000	0.0326151
chr11_mat	4800000	4900000	0.0345179
chr11_mat	4900000	5000000	0.0519215
chr11_mat	5000000	5100000	0.0349532
chr11_mat	5100000	5200000	0.0348828
chr11_mat	5200000	5300000	0.0310341
chr11_mat	5300000	5400000	0.0248416
chr11_mat	5400000	5500000	0.0212601
chr11_mat	5500000	5600000	0.0286034
chr11_mat	5600000	5700000	0.0297863
chr11_mat	5700000	5800000	0.0235895
chr11_mat	5800000	5900000	0.027246
chr11_mat	5900000	6000000	0.0256308
chr11_mat	6000000	6100000	0.0201835
chr11_mat	6100000	6200000	0.0179678
chr11_mat	6200000	6300000	0.0278967
chr11_mat	6300000	6400000	0.0275149
chr11_mat	6400000	6500000	0.0298166
chr11_mat	6500000	6600000	0.0317737
chr11_mat	6600000	6700000	0.0398222
chr11_mat	6700000	6800000	0.0344952
chr11_mat	6800000	6900000	0.044183
chr11_mat	6900000	7000000	0.0453721
chr11_mat	7000000	7100000	0.0381225
chr11_mat	7100000	7200000	0.0348782
chr11_mat	7200000	7300000	0.0465418
chr11_mat	7300000	7400000	0.0253674
chr11_mat	7400000	7500000	0.0296567
chr11_mat	7500000	7600000	0.0230828
chr11_mat	7600000	7700000	0.0212535
chr11_mat	7700000	7800000	0.0264437
chr11_mat	7800000	7900000	0.0211292
chr11_mat	7900000	8000000	0.0416646
chr11_mat	8000000	8100000	0.0220731
chr11_mat	8100000	8200000	0.0293907
chr11_mat	8200000	8300000	0.0276244
chr11_mat	8300000	8400000	0.0258069
chr11_mat	8400000	8500000	0.022568
chr11_mat	8500000	8600000	0.0255208
chr11_mat	8600000	8700000	0.0258439
chr11_mat	8700000	8800000	0.0282736
chr11_mat	8800000	8900000	
chr11_mat	8900000	9000000	
chr11_mat	9000000	9100000	
chr11_mat	9100000	9200000	
chr11_mat	9200000	9300000	
chr11_mat	9300000	9400000	
chr11_mat	9400000	9500000	
chr11_mat	9500000	9600000	
chr11_mat	9600000	9700000	0.11514
chr11_mat	9700000	9800000	
chr11_mat	9800000	9900000	
chr11_mat	9900000	10000000	
chr11_mat	10000000	10100000	
chr11_mat	10100000	10200000	
chr11_mat	10200000	10300000	
chr11_mat	10300000	10400000	
chr11_mat	10400000	10500000	
chr11_mat	10500000	10600000	
chr11_mat	10600000	10700000	
chr11_mat	10700000	10800000	
chr11_mat	10800000	10900000	0.0531251
chr11_mat	10900000	11000000	0.0645392
chr11_mat	11000000	11100000	0.0571568
chr11_mat	11100000	11200000	0.0703221
chr11_mat	11200000	11300000	0.0698733
chr11_mat	11300000	11400000	0.0595788
chr11_mat	11400000	11500000	0.0858424
chr11_mat	11500000	11600000	0.0913023
chr11_mat	11600000	11700000	0.0745455
chr11_mat	11700000	11800000	0.0882697
chr11_mat	11800000	11900000	
chr11_mat	11900000	12000000	0.112286
chr11_mat	12000000	12100000	
chr11_mat	12100000	12200000	0.0758263
chr11_mat	12200000	12300000	0.10101
chr11_mat	12300000	12400000	0.07013
chr11_mat	12400000	12500000	0.0900446
chr11_mat	12500000	12600000	0.0170847
chr11_mat	12600000	12700000	0.0132752
chr11_mat	12700000	12800000	0.0220197
chr11_mat	12800000	12900000	0.0196393
chr11_mat	12900000	13000000	0.0240288
chr11_mat	13000000	13100000	0.0240549
chr11_mat	13100000	13200000	0.0231061
chr11_mat	13200000	13300000	0.0206314
chr11_mat	13300000	13400000	0.0160098
chr11_mat	13400000	13500000	0.0156967
chr11_mat	13500000	13600000	0.0150137
chr11_mat	13600000	13700000	0.0135938
chr11_mat	13700000	13800000	0.0152296
chr11_mat	13800000	13900000	0.0128895
chr11_mat	13900000	14000000	0.0157065
chr11_mat	14000000	14100000	0.018442
chr11_mat	14100000	14200000	0.0163943
chr11_mat	14200000	14300000	0.0189634
chr11_mat	14300000	14400000	0.0154026
chr11_mat	14400000	14500000	0.0197186
chr11_mat	14500000	14600000	0.0191511
chr11_mat	14600000	14700000	0.0255253
chr11_mat	14700000	14800000	0.0255062
chr11_mat	14800000	14900000	0.0261297
chr11_mat	14900000	15000000	0.0260929
chr11_mat	15000000	15100000	0.0222747
chr11_mat	15100000	15200000	0.0229631
chr11_mat	15200000	15300000	0.0238294
chr11_mat	15300000	15400000	0.0309916
chr11_mat	15400000	15500000	0.0211881
chr11_mat	15500000	15600000	0.0223378
chr11_mat	15600000	15700000	0.0222595
chr11_mat	15700000	15800000	0.0215246
chr11_mat	15800000	15900000	0.0163039
chr11_mat	15900000	16000000	0.0154161
chr11_mat	16000000	16100000	0.0138605
chr11_mat	16100000	16200000	0.0199847
chr11_mat	16200000	16300000	0.0256156
chr11_mat	16300000	16400000	0.0219941
chr11_mat	16400000	16500000	0.0231537
chr11_mat	16500000	16600000	0.021214
chr11_mat	16600000	16700000	0.0224256
chr11_mat	16700000	16800000	0.0222706
chr11_mat	16800000	16900000	0.0240761
chr11_mat	16900000	17000000	0.0246252
chr11_mat	17000000	17100000	0.0219175
chr11_mat	17100000	17200000	0.0419994
chr11_mat	17200000	17300000	0.033439
chr11_mat	17300000	17400000	0.0223683
chr11_mat	17400000	17500000	0.0220396
chr11_mat	17500000	17600000	0.0196502
chr11_mat	17600000	17700000	0.0215562
chr11_mat	17700000	17800000	0.0224734
chr11_mat	17800000	17900000	0.024012
chr11_mat	17900000	18000000	0.0229263
chr11_mat	18000000	18100000	0.0201537
chr11_mat	18100000	18200000	0.0111598
chr11_mat	18200000	18300000	0.0176526
chr11_mat	18300000	18400000	0.0210752
chr11_mat	18400000	18500000	0.0183866
chr11_mat	18500000	18600000	0.0185902
chr11_mat	18600000	18700000	0.018589
chr11_mat	18700000	18800000	0.0206952
chr11_mat	18800000	18900000	0.0207227
chr11_mat	18900000	19000000	0.0182186
chr11_mat	19000000	19100000	0.0142845
chr11_mat	19100000	19200000	0.0145905
chr11_mat	19200000	19300000	0.0199527
chr11_mat	19300000	19400000	0.0162224
chr11_mat	19400000	19500000	0.0187167
chr11_mat	19500000	19600000	0.0151335
chr11_mat	19600000	19700000	0.0337999
chr11_mat	19700000	19800000	0.0213583
chr11_mat	19800000	19900000	0.0166614
chr11_mat	19900000	20000000	0.0172099
chr11_mat	20000000	20100000	0.0575428
chr11_mat	20100000	20200000	0.0225385
chr11_mat	20200000	20300000	0.0228335
chr11_mat	20300000	20400000	0.0231681
chr11_mat	20400000	20500000	0.0257372
chr11_mat	20500000	20600000	0.0270131
chr11_mat	20600000	20700000	0.037426
chr11_mat	20700000	20800000	
chr11_mat	20800000	20900000	
chr11_mat	20900000	21000000	
chr11_mat	21000000	21100000	
chr11_mat	21100000	21200000	
chr11_mat	21200000	21300000	
chr11_mat	21300000	21400000	
chr11_mat	21400000	21500000	
chr11_mat	21500000	21600000	
chr11_mat	21600000	21676805	
chr12_mat	0	100000	
chr12_mat	100000	200000	
chr12_mat	200000	300000	
chr12_mat	300000	400000	
chr12_mat	400000	500000	
chr12_mat	500000	600000	
chr12_mat	600000	700000	
chr12_mat	700000	800000	0.0338682
chr12_mat	800000	900000	0.0213185
chr12_mat	900000	1000000	0.0207462
chr12_mat	1000000	1100000	0.0212065
chr12_mat	1100000	1200000	0.0160091
chr12_mat	1200000	1300000	0.0170475
chr12_mat	1300000	1400000	0.0190717
chr12_mat	1400000	1500000	0.0170779
chr12_mat	1500000	1600000	0.0199313
chr12_mat	1600000	1700000	0.0150573
chr12_mat	1700000	1800000	0.019864
chr12_mat	1800000	1900000	0.0206529
chr12_mat	1900000	2000000	0.0207754
chr12_mat	2000000	2100000	0.0200938
chr12_mat	2100000	2200000	0.018562
chr12_mat	2200000	2300000	0.0191953
chr12_mat	2300000	2400000	0.0174639
chr12_mat	2400000	2500000	0.0179229
chr12_mat	2500000	2600000	0.0189532
chr12_mat	2600000	2700000	0.0191577
chr12_mat	2700000	2800000	0.0183786
chr12_mat	2800000	2900000	0.0195516
chr12_mat	2900000	3000000	0.0204376
chr12_mat	3000000	3100000	0.0203085
chr12_mat	3100000	3200000	0.0220817
chr12_mat	3200000	3300000	0.0210625
chr12_mat	3300000	3400000	0.0111719
chr12_mat	3400000	3500000	0.0173897
chr12_mat	3500000	3600000	0.0216132
chr12_mat	3600000	3700000	0.0192722
chr12_mat	3700000	3800000	0.0191905
chr12_mat	3800000	3900000	0.021253
chr12_mat	3900000	4000000	0.0223178
chr12_mat	4000000	4100000	0.0235945
chr12_mat	4100000	4200000	0.0233258
chr12_mat	4200000	4300000	0.0242604
chr12_mat	4300000	4400000	0.0246786
chr12_mat	4400000	4500000	0.0147238
chr12_mat	4500000	4600000	0.0142042
chr12_mat	4600000	4700000	0.0202654
chr12_mat	4700000	4800000	0.0134696
chr12_mat	4800000	4900000	0.0189387
chr12_mat	4900000	5000000	0.0206741
chr12_mat	5000000	5100000	0.0213953
chr12_mat	5100000	5200000	0.0207912
chr12_mat	5200000	5300000	0.0186828
chr12_mat	5300000	5400000	0.0177177
chr12_mat	5400000	5500000	0.0155624
chr12_mat	5500000	5600000	0.0177372
chr12_mat	5600000	5700000	0.0170909
chr12_mat	5700000	5800000	0.0158731
chr12_mat	5800000	5900000	0.019919
chr12_mat	5900000	6000000	0.0188931
chr12_mat	6000000	6100000	0.0212387
chr12_mat	6100000	6200000	0.0229836
chr12_mat	6200000	6300000	0.0209133
chr12_mat	6300000	6400000	0.0209543
chr12_mat	6400000	6500000	0.0236281
chr12_mat	6500000	6600000	0.0201547
chr12_mat	6600000	6700000	0.0132568
chr12_mat	6700000	6800000	0.0163979
chr12_mat	6800000	6900000	0.0213469
chr12_mat	6900000	7000000	0.0210963
chr12_mat	7000000	7100000	0.0235699
chr12_mat	7100000	7200000	0.0294597
chr12_mat	7200000	7300000	0.0195708
chr12_mat	7300000	7400000	0.0209863
chr12_mat	7400000	7500000	0.0204577
chr12_mat	7500000	7600000	0.0203829
chr12_mat	7600000	7700000	0.0143248
chr12_mat	7700000	7800000	0.017063
chr12_mat	7800000	7900000	0.0201888
chr12_mat	7900000	8000000	0.0204707
chr12_mat	8000000	8100000	0.0204634
chr12_mat	8100000	8200000	0.0256442
chr12_mat	8200000	8300000	0.0233961
chr12_mat	8300000	8400000	0.0204303
chr12_mat	8400000	8500000	0.0200081
chr12_mat	8500000	8600000	0.0179157
chr12_mat	8600000	8700000	0.0135929
chr12_mat	8700000	8800000	0.0126133
chr12_mat	8800000	8900000	0.0159714
chr12_mat	8900000	9000000	0.0168177
chr12_mat	9000000	9100000	0.0154469
chr12_mat	9100000	9200000	0.0173266
chr12_mat	9200000	9300000	0.0159509
chr12_mat	9300000	9400000	0.0202981
chr12_mat	9400000	9500000	0.0189767
chr12_mat	9500000	9600000	0.0130937
chr12_mat	9600000	9700000	0.016275
chr12_mat	9700000	9800000	0.0125966
chr12_mat	9800000	9900000	0.0154707
chr12_mat	9900000	10000000	0.0198635
chr12_mat	10000000	10100000	0.0137041
chr12_mat	10100000	10200000	0.0121287
chr12_mat	10200000	10300000	0.0201184
chr12_mat	10300000	10400000	0.0241583
chr12_mat	10400000	10500000	0.0221685
chr12_mat	10500000	10600000	0.0222303
chr12_mat	10600000	10700000	0.0247878
chr12_mat	10700000	10800000	0.0202594
chr12_mat	10800000	10900000	0.014504
chr12_mat	10900000	11000000	0.0140383
chr12_mat	11000000	11100000	0.0147352
chr12_mat	11100000	11200000	0.0145814
chr12_mat	11200000	11300000	0.0186475
chr12_mat	11300000	11400000	0.0208741
chr12_mat	11400000	11500000	0.0206935
chr12_mat	11500000	11600000	0.0139195
chr12_mat	11600000	11700000	0.0198083
chr12_mat	11700000	11800000	0.016198
chr12_mat	11800000	11900000	0.0200959
chr12_mat	11900000	12000000	0.0141127
chr12_mat	12000000	12100000	0.0136064
chr12_mat	12100000	12200000	0.016659
chr12_mat	12200000	12300000	0.0195024
chr12_mat	12300000	12400000	0.0199178
chr12_mat	12400000	12500000	0.0218463
chr12_mat	12500000	12600000	0.0221569
chr12_mat	12600000	12700000	0.0218543
chr12_mat	12700000	12800000	0.0224177
chr12_mat	12800000	12900000	0.0250956
chr12_mat	12900000	13000000	0.0197559
chr12_mat	13000000	13100000	0.0201024
chr12_mat	13100000	13200000	0.0179514
chr12_mat	13200000	13300000	0.0200578
chr12_mat	13300000	13400000	0.0185622
chr12_mat	13400000	13500000	0.0138811
chr12_mat	13500000	13600000	0.0184215
chr12_mat	13600000	13700000	0.0171735
chr12_mat	13700000	13800000	0.0129438
chr12_mat	13800000	13900000	0.0121618
chr12_mat	13900000	14000000	0.0217134
chr12_mat	14000000	14100000	0.0201673
chr12_mat	14100000	14200000	0.0189598
chr12_mat	14200000	14300000	0.0192546
chr12_mat	14300000	14400000	0.0170569
chr12_mat	14400000	14500000	0.0180171
chr12_mat	14500000	14600000	0.0200082
chr12_mat	14600000	14700000	0.0213427
chr12_mat	14700000	14800000	0.0159512
chr12_mat	14800000	14900000	0.0160308
chr12_mat	14900000	15000000	0.0135619
chr12_mat	15000000	15100000	0.0187169
chr12_mat	15100000	15200000	0.0213932
chr12_mat	15200000	15300000	0.028511
chr12_mat	15300000	15400000	0.0247422
chr12_mat	15400000	15500000	0.0254696
chr12_mat	15500000	15600000	0.0210624
chr12_mat	15600000	15700000	0.023173
chr12_mat	15700000	15800000	0.0276021
chr12_mat	15800000	15900000	0.0228654
chr12_mat	15900000	16000000	0.019302
chr12_mat	16000000	16100000	0.0189862
chr12_mat	16100000	16200000	0.0175738
chr12_mat	16200000	16300000	0.0262709
chr12_mat	16300000	16400000	0.023129
chr12_mat	16400000	16500000	0.0165478
chr12_mat	16500000	16600000	0.0201314
chr12_mat	16600000	16700000	0.0248128
chr12_mat	16700000	16800000	0.0306504
chr12_mat	16800000	16900000	0.0303495
chr12_mat	16900000	17000000	0.0209581
chr12_mat	17000000	17100000	0.0249192
chr12_mat	17100000	17200000	0.0284548
chr12_mat	17200000	17300000	0.0467828
chr12_mat	17300000	17400000	0.0183564
chr12_mat	17400000	17500000	0.0248172
chr12_mat	17500000	17600000	0.0266415
chr12_mat	17600000	17700000	0.0255789
chr12_mat	17700000	17800000	0.0249924
chr12_mat	17800000	17900000	0.0245102
chr12_mat	17900000	18000000	0.022534
chr12_mat	18000000	18100000	0.0213589
chr12_mat	18100000	18200000	0.0196743
chr12_mat	18200000	18300000	0.0177902
chr12_mat	18300000	18400000	0.0172084
chr12_mat	18400000	18500000	0.0227222
chr12_mat	18500000	18600000	0.0247439
chr12_mat	18600000	18700000	0.0225472
chr12_mat	18700000	18800000	0.0165722
chr12_mat	18800000	18900000	0.0162089
chr12_mat	18900000	19000000	0.0164566
chr12_mat	19000000	19100000	0.0192363
chr12_mat	19100000	19200000	0.0269009
chr12_mat	19200000	19300000	0.0260164
chr12_mat	19300000	19400000	0.0226724
chr12_mat	19400000	19500000	0.0243287
chr12_mat	19500000	19600000	0.0264998
chr12_mat	19600000	19700000	0.030927
chr12_mat	19700000	19800000	0.0213752
chr12_mat	19800000	19900000	0.0394459
chr12_mat	19900000	20000000	0.0656291
chr12_mat	20000000	20100000	
chr12_mat	20100000	20200000	
chr12_mat	20200000	20300000	
chr12_mat	20300000	20400000	
chr12_mat	20400000	20500000	
chr12_mat	20500000	20600000	
chr12_mat	20600000	20700000	
chr12_mat	20700000	20800000	
chr12_mat	20800000	20824288	
chr13_mat	0	100000	
chr13_mat	100000	200000	0.101344
chr13_mat	200000	300000	0.0538958
chr13_mat	300000	400000	0.0346109
chr13_mat	400000	500000	0.0311378
chr13_mat	500000	600000	0.0384964
chr13_mat	600000	700000	0.0262531
chr13_mat	700000	800000	0.0261439
chr13_mat	800000	900000	0.0301455
chr13_mat	900000	1000000	0.0408007
chr13_mat	1000000	1100000	0.039704
chr13_mat	1100000	1200000	0.0369766
chr13_mat	1200000	1300000	0.0405602
chr13_mat	1300000	1400000	0.0274759
chr13_mat	1400000	1500000	0.0335669
chr13_mat	1500000	1600000	0.0230843
chr13_mat	1600000	1700000	0.0246256
chr13_mat	1700000	1800000	0.0152631
chr13_mat	1800000	1900000	0.0251103
chr13_mat	1900000	2000000	0.0338188
chr13_mat	2000000	2100000	0.0277625
chr13_mat	2100000	2200000	0.0288785
chr13_mat	2200000	2300000	0.0232244
chr13_mat	2300000	2400000	0.0228511
chr13_mat	2400000	2500000	0.0253124
chr13_mat	2500000	2600000	0.0224715
chr13_mat	2600000	2700000	0.0229474
chr13_mat	2700000	2800000	0.0212222
chr13_mat	2800000	2900000	0.0243425
chr13_mat	2900000	3000000	0.0289142
chr13_mat	3000000	3100000	0.0247854
chr13_mat	3100000	3200000	0.0259805
chr13_mat	3200000	3300000	0.0169852
chr13_mat	3300000	3400000	0.0928011
chr13_mat	3400000	3500000	
chr13_mat	3500000	3600000	
chr13_mat	3600000	3700000	
chr13_mat	3700000	3800000	
chr13_mat	3800000	3900000	
chr13_mat	3900000	4000000	
chr13_mat	4000000	4100000	
chr13_mat	4100000	4200000	
chr13_mat	4200000	4300000	
chr13_mat	4300000	4400000	
chr13_mat	4400000	4500000	
chr13_mat	4500000	4600000	
chr13_mat	4600000	4700000	
chr13_mat	4700000	4800000	
chr13_mat	4800000	4900000	
chr13_mat	4900000	5000000	0.0184613
chr13_mat	5000000	5100000	0.0247349
chr13_mat	5100000	5200000	0.0235836
chr13_mat	5200000	5300000	0.0233887
chr13_mat	5300000	5400000	0.0250094
chr13_mat	5400000	5500000	0.0296295
chr13_mat	5500000	5600000	0.021699
chr13_mat	5600000	5700000	0.0247302
chr13_mat	5700000	5800000	0.015989
chr13_mat	5800000	5900000	0.0152983
chr13_mat	5900000	6000000	0.0239769
chr13_mat	6000000	6100000	0.0264075
chr13_mat	6100000	6200000	0.0241873
chr13_mat	6200000	6300000	0.0256047
chr13_mat	6300000	6400000	0.0235289
chr13_mat	6400000	6500000	0.0216559
chr13_mat	6500000	6600000	0.021451
chr13_mat	6600000	6700000	0.0215907
chr13_mat	6700000	6800000	0.0255732
chr13_mat	6800000	6900000	0.0285317
chr13_mat	6900000	7000000	0.0380258
chr13_mat	7000000	7100000	0.0304644
chr13_mat	7100000	7200000	0.0338539
chr13_mat	7200000	7300000	0.0163214
chr13_mat	7300000	7400000	0.0241741
chr13_mat	7400000	7500000	0.0228421
chr13_mat	7500000	7600000	0.0180381
chr13_mat	7600000	7700000	0.0246159
chr13_mat	7700000	7800000	0.0204598
chr13_mat	7800000	7900000	0.0312837
chr13_mat	7900000	8000000	0.0236971
chr13_mat	8000000	8100000	0.0239446
chr13_mat	8100000	8200000	0.0233338
chr13_mat	8200000	8300000	0.0282482
chr13_mat	8300000	8400000	0.0263105
chr13_mat	8400000	8500000	0.0247712
chr13_mat	8500000	8600000	0.0194244
chr13_mat	8600000	8700000	0.0252988
chr13_mat	8700000	8800000	0.0242383
chr13_mat	8800000	8900000	0.0145759
chr13_mat	8900000	9000000	0.0216856
chr13_mat	9000000	9100000	0.024379
chr13_mat	9100000	9200000	0.0175766
chr13_mat	9200000	9300000	0.0209309
chr13_mat	9300000	9400000	0.0230537
chr13_mat	9400000	9500000	0.0254232
chr13_mat	9500000	9600000	0.0251804
chr13_mat	9600000	9700000	0.0217908
chr13_mat	9700000	9800000	0.0205101
chr13_mat	9800000	9900000	0.0336999
chr13_mat	9900000	10000000	0.0281015
chr13_mat	10000000	10100000	0.0291583
chr13_mat	10100000	10200000	0.031524
chr13_mat	10200000	10300000	0.0329646
chr13_mat	10300000	10400000	0.0310391
chr13_mat	10400000	10500000	0.0271524
chr13_mat	10500000	10600000	0.0388746
chr13_mat	10600000	10700000	0.0353252
chr13_mat	10700000	10800000	0.0278889
chr13_mat	10800000	10900000	0.0440407
chr13_mat	10900000	11000000	0.0150844
chr13_mat	11000000	11100000	0.0187755
chr13_mat	11100000	11200000	0.0191848
chr13_mat	11200000	11300000	0.0227885
chr13_mat	11300000	11400000	0.0196724
chr13_mat	11400000	11500000	0.0193836
chr13_mat	11500000	11600000	0.0205312
chr13_mat	11600000	11700000	0.0209534
chr13_mat	11700000	11800000	0.018276
chr13_mat	11800000	11900000	0.0178383
chr13_mat	11900000	12000000	0.0135604
chr13_mat	12000000	12100000	0.0178752
chr13_mat	12100000	12200000	0.0212148
chr13_mat	12200000	12300000	0.0236819
chr13_mat	12300000	12400000	0.0245513
chr13_mat	12400000	12500000	0.0194757
chr13_mat	12500000	12600000	0.0193894
chr13_mat	12600000	12700000	0.0206804
chr13_mat	12700000	12800000	0.0202203
chr13_mat	12800000	12900000	0.0201558
chr13_mat	12900000	13000000	0.0213972
chr13_mat	13000000	13100000	0.0227871
chr13_mat	13100000	13200000	0.0204732
chr13_mat	13200000	13300000	0.0222328
chr13_mat	13300000	13400000	0.0214144
chr13_mat	13400000	13500000	0.0202584
chr13_mat	13500000	13600000	0.0226967
chr13_mat	13600000	13700000	0.0227036
chr13_mat	13700000	13800000	0.0164318
chr13_mat	13800000	13900000	0.0183745
chr13_mat	13900000	14000000	0.0197466
chr13_mat	14000000	14100000	0.0219706
chr13_mat	14100000	14200000	0.0203039
chr13_mat	14200000	14300000	0.0209744
chr13_mat	14300000	14400000	0.016136
chr13_mat	14400000	14500000	0.0188654
chr13_mat	14500000	14600000	0.0185566
chr13_mat	14600000	14700000	0.0176389
chr13_mat	14700000	14800000	0.0124861
chr13_mat	14800000	14900000	0.0165715
chr13_mat	14900000	15000000	0.0157444
chr13_mat	15000000	15100000	0.0209428
chr13_mat	15100000	15200000	0.0212224
chr13_mat	15200000	15300000	0.0151213
chr13_mat	15300000	15400000	0.0138921
chr13_mat	15400000	15500000	0.0119253
chr13_mat	15500000	15600000	0.0230164
chr13_mat	15600000	15700000	0.0212583
chr13_mat	15700000	15800000	0.023639
chr13_mat	15800000	15900000	0.0258848
chr13_mat	15900000	16000000	0.0136343
chr13_mat	16000000	16100000	0.0194554
chr13_mat	16100000	16200000	0.0239668
chr13_mat	16200000	16300000	0.0214573
chr13_mat	16300000	16400000	0.0223667
chr13_mat	16400000	16500000	0.0352396
chr13_mat	16500000	16600000	0.012934
chr13_mat	16600000	16700000	0.0516391
chr13_mat	16700000	16800000	
chr13_mat	16800000	16900000	0.0243172
chr13_mat	16900000	17000000	0.0159746
chr13_mat	17000000	17100000	0.0118857
chr13_mat	17100000	17200000	0.0214118
chr13_mat	17200000	17300000	0.022703
chr13_mat	17300000	17400000	0.0242277
chr13_mat	17400000	17500000	0.0213102
chr13_mat	17500000	17600000	0.0403076
chr13_mat	17600000	17700000	0.0532145
chr13_mat	17700000	17800000	0.0510131
chr13_mat	17800000	17900000	
chr13_mat	17900000	18000000	
chr13_mat	18000000	18100000	
chr13_mat	18100000	18200000	
chr13_mat	18200000	18300000	
chr13_mat	18300000	18400000	
chr13_mat	18400000	18440361	
chr14_mat	0	100000	
chr14_mat	100000	200000	
chr14_mat	200000	300000	
chr14_mat	300000	400000	0.0440304
chr14_mat	400000	500000	0.0284582
chr14_mat	500000	600000	0.0312681
chr14_mat	600000	700000	0.034872
chr14_mat	700000	800000	0.0176185
chr14_mat	800000	900000	0.0292005
chr14_mat	900000	1000000	0.0261124
chr14_mat	1000000	1100000	0.0243109
chr14_mat	1100000	1200000	0.022383
chr14_mat	1200000	1300000	0.0295798
chr14_mat	1300000	1400000	0.0246329
chr14_mat	1400000	1500000	0.0206845
chr14_mat	1500000	1600000	0.0256103
chr14_mat	1600000	1700000	0.0320161
chr14_mat	1700000	1800000	0.0278279
chr14_mat	1800000	1900000	0.0244261
chr14_mat	1900000	2000000	0.029242
chr14_mat	2000000	2100000	0.0333891
chr14_mat	2100000	2200000	0.0305231
chr14_mat	2200000	2300000	0.0326028
chr14_mat	2300000	2400000	0.0395235
chr14_mat	2400000	2500000	0.0479053
chr14_mat	2500000	2600000	0.0311568
chr14_mat	2600000	2700000	0.0203745
chr14_mat	2700000	2800000	0.0265196
chr14_mat	2800000	2900000	0.0267962
chr14_mat	2900000	3000000	0.0199294
chr14_mat	3000000	3100000	0.0413686
chr14_mat	3100000	3200000	
chr14_mat	3200000	3300000	0.058367
chr14_mat	3300000	3400000	0.0390452
chr14_mat	3400000	3500000	0.033899
chr14_mat	3500000	3600000	0.0242765
chr14_mat	3600000	3700000	0.0208784
chr14_mat	3700000	3800000	0.0189757
chr14_mat	3800000	3900000	0.0323794
chr14_mat	3900000	4000000	0.0364408
chr14_mat	4000000	4100000	0.0224683
chr14_mat	4100000	4200000	0.026103
chr14_mat	4200000	4300000	0.0237795
chr14_mat	4300000	4400000	0.0246031
chr14_mat	4400000	4500000	0.0282331
chr14_mat	4500000	4600000	0.0298132
chr14_mat	4600000	4700000	0.0312876
chr14_mat	4700000	4800000	0.0233178
chr14_mat	4800000	4900000	0.0203381
chr14_mat	4900000	5000000	0.0230387
chr14_mat	5000000	5100000	0.0203976
chr14_mat	5100000	5200000	0.0231133
chr14_mat	5200000	5300000	0.0150344
chr14_mat	5300000	5400000	0.0196525
chr14_mat	5400000	5500000	0.0171285
chr14_mat	5500000	5600000	0.0191402
chr14_mat	5600000	5700000	0.0130125
chr14_mat	5700000	5800000	0.0235799
chr14_mat	5800000	5900000	0.0319975
chr14_mat	5900000	6000000	0.0171289
chr14_mat	6000000	6100000	0.0139887
chr14_mat	6100000	6200000	0.0230524
chr14_mat	6200000	6300000	0.020728
chr14_mat	6300000	6400000	0.0190999
chr14_mat	6400000	6500000	0.0179916
chr14_mat	6500000	6600000	0.0188156
chr14_mat	6600000	6700000	0.0190485
chr14_mat	6700000	6800000	0.017497
chr14_mat	6800000	6900000	0.0158762
chr14_mat	6900000	7000000	0.0208753
chr14_mat	7000000	7100000	0.0214097
chr14_mat	7100000	7200000	0.0310312
chr14_mat	7200000	7300000	0.0233447
chr14_mat	7300000	7400000	0.024142
chr14_mat	7400000	7500000	0.0194592
chr14_mat	7500000	7600000	0.0349632
chr14_mat	7600000	7700000	0.033155
chr14_mat	7700000	7800000	0.0255757
chr14_mat	7800000	7900000	0.030047
chr14_mat	7900000	8000000	0.0437347
chr14_mat	8000000	8100000	0.0369493
chr14_mat	8100000	8200000	0.0272771
chr14_mat	8200000	8300000	0.0233752
chr14_mat	8300000	8400000	0.0211794
chr14_mat	8400000	8500000	0.0201616
chr14_mat	8500000	8600000	0.0196516
chr14_mat	8600000	8700000	0.0131968
chr14_mat	8700000	8800000	0.0128568
chr14_mat	8800000	8900000	0.0139994
chr14_mat	8900000	9000000	0.0134015
chr14_mat	9000000	9100000	0.013264
chr14_mat	9100000	9200000	0.0168088
chr14_mat	9200000	9300000	0.0192366
chr14_mat	9300000	9400000	0.0205411
chr14_mat	9400000	9500000	0.0216118
chr14_mat	9500000	9600000	0.0202045
chr14_mat	9600000	9700000	0.0148048
chr14_mat	9700000	9800000	0.0154991
chr14_mat	9800000	9900000	0.0126732
chr14_mat	9900000	10000000	0.0150024
chr14_mat	10000000	10100000	0.0177749
chr14_mat	10100000	10200000	0.0141609
chr14_mat	10200000	10300000	0.0149706
chr14_mat	10300000	10400000	0.0175931
chr14_mat	10400000	10500000	0.0184137
chr14_mat	10500000	10600000	0.0195083
chr14_mat	10600000	10700000	0.01808
chr14_mat	10700000	10800000	0.0186194
chr14_mat	10800000	10900000	0.0188817
chr14_mat	10900000	11000000	0.0128852
chr14_mat	11000000	11100000	0.0117817
chr14_mat	11100000	11200000	0.0151493
chr14_mat	11200000	11300000	0.0162492
chr14_mat	11300000	11400000	0.0202104
chr14_mat	11400000	11500000	0.021327
chr14_mat	11500000	11600000	0.0198789
chr14_mat	11600000	11700000	0.0176222
chr14_mat	11700000	11800000	0.021158
chr14_mat	11800000	11900000	0.0177541
chr14_mat	11900000	12000000	0.0204827
chr14_mat	12000000	12100000	0.0187526
chr14_mat	12100000	12200000	0.0192845
chr14_mat	12200000	12300000	0.0204077
chr14_mat	12300000	12400000	0.0196321
chr14_mat	12400000	12500000	0.0166013
chr14_mat	12500000	12600000	0.0179048
chr14_mat	12600000	12700000	0.0187561
chr14_mat	12700000	12800000	0.0197449
chr14_mat	12800000	12900000	0.0189547
chr14_mat	12900000	13000000	0.0214759
chr14_mat	13000000	13100000	0.0206466
chr14_mat	13100000	13200000	0.0259115
chr14_mat	13200000	13300000	0.0208011
chr14_mat	13300000	13400000	0.0161639
chr14_mat	13400000	13500000	0.011889
chr14_mat	13500000	13600000	0.0168218
chr14_mat	13600000	13700000	0.011847
chr14_mat	13700000	13800000	0.0121272
chr14_mat	13800000	13900000	0.0134906
chr14_mat	13900000	14000000	0.0147527
chr14_mat	14000000	14100000	0.0142428
chr14_mat	14100000	14200000	0.0190763
chr14_mat	14200000	14300000	0.0129305
chr14_mat	14300000	14400000	0.0143525
chr14_mat	14400000	14500000	0.0144345
chr14_mat	14500000	14600000	0.0142547
chr14_mat	14600000	14700000	0.0191797
chr14_mat	14700000	14800000	0.0177184
chr14_mat	14800000	14900000	0.011955
chr14_mat	14900000	15000000	0.0174315
chr14_mat	15000000	15100000	0.0145261
chr14_mat	15100000	15200000	0.0129067
chr14_mat	15200000	15300000	0.0166081
chr14_mat	15300000	15400000	0.015488
chr14_mat	15400000	15500000	0.024001
chr14_mat	15500000	15600000	0.0539625
chr14_mat	15600000	15700000	
chr14_mat	15700000	15800000	
chr14_mat	15800000	15900000	0.058586
chr14_mat	15900000	16000000	0.0500309
chr14_mat	16000000	16100000	0.0664704
chr14_mat	16100000	16200000	
chr14_mat	16200000	16300000	
chr14_mat	16300000	16400000	
chr14_mat	16400000	16411571	
chr15_mat	0	100000	
chr15_mat	100000	200000	0.0679409
chr15_mat	200000	300000	
chr15_mat	300000	400000	0.0623642
chr15_mat	400000	500000	
chr15_mat	500000	600000	
chr15_mat	600000	700000	0.0465563
chr15_mat	700000	800000	0.0291131
chr15_mat	800000	900000	0.0218118
chr15_mat	900000	1000000	0.0188663
chr15_mat	1000000	1100000	0.0191514
chr15_mat	1100000	1200000	0.0148224
chr15_mat	1200000	1300000	0.0126234
chr15_mat	1300000	1400000	0.015083
chr15_mat	1400000	1500000	0.0154265
chr15_mat	1500000	1600000	0.0121467
chr15_mat	1600000	1700000	0.012995
chr15_mat	1700000	1800000	0.0169503
chr15_mat	1800000	1900000	0.0177827
chr15_mat	1900000	2000000	0.0151156
chr15_mat	2000000	2100000	0.0174894
chr15_mat	2100000	2200000	0.0117511
chr15_mat	2200000	2300000	0.0156067
chr15_mat	2300000	2400000	0.0174315
chr15_mat	2400000	2500000	0.0136062
chr15_mat	2500000	2600000	0.0171628
chr15_mat	2600000	2700000	0.016638
chr15_mat	2700000	2800000	0.0202045
chr15_mat	2800000	2900000	0.0212059
chr15_mat	2900000	3000000	0.0210482
chr15_mat	3000000	3100000	0.0141308
chr15_mat	3100000	3200000	0.0119455
chr15_mat	3200000	3300000	0.0165039
chr15_mat	3300000	3400000	0.0128328
chr15_mat	3400000	3500000	0.0136706
chr15_mat	3500000	3600000	0.0160783
chr15_mat	3600000	3700000	0.0136676
chr15_mat	3700000	3800000	0.0158868
chr15_mat	3800000	3900000	0.0166894
chr15_mat	3900000	4000000	0.0209039
chr15_mat	4000000	4100000	0.0129187
chr15_mat	4100000	4200000	0.0121001
chr15_mat	4200000	4300000	0.0194713
chr15_mat	4300000	4400000	0.0175306
chr15_mat	4400000	4500000	0.0202617
chr15_mat	4500000	4600000	0.0220775
chr15_mat	4600000	4700000	0.0276095
chr15_mat	4700000	4800000	0.0233123
chr15_mat	4800000	4900000	0.0257914
chr15_mat	4900000	5000000	0.0281197
chr15_mat	5000000	5100000	0.0228901
chr15_mat	5100000	5200000	0.0144657
chr15_mat	5200000	5300000	0.0184026
chr15_mat	5300000	5400000	0.0178223
chr15_mat	5400000	5500000	0.0122761
chr15_mat	5500000	5600000	0.0135037
chr15_mat	5600000	5700000	0.0230208
chr15_mat	5700000	5800000	0.0197611
chr15_mat	5800000	5900000	0.0179771
chr15_mat	5900000	6000000	0.0167888
chr15_mat	6000000	6100000	0.0143594
chr15_mat	6100000	6200000	0.0123815
chr15_mat	6200000	6300000	0.0147758
chr15_mat	6300000	6400000	0.0184735
chr15_mat	6400000	6500000	0.0242897
chr15_mat	6500000	6600000	0.0190403
chr15_mat	6600000	6700000	0.0272706
chr15_mat	6700000	6800000	0.0226889
chr15_mat	6800000	6900000	0.0157227
chr15_mat	6900000	7000000	0.0153799
chr15_mat	7000000	7100000	0.014641
chr15_mat	7100000	7200000	0.0155574
chr15_mat	7200000	7300000	0.0202822
chr15_mat	7300000	7400000	0.0239449
chr15_mat	7400000	7500000	0.0243064
chr15_mat	7500000	7600000	0.0210947
chr15_mat	7600000	7700000	0.0215516
chr15_mat	7700000	7800000	0.0237655
chr15_mat	7800000	7900000	0.0216185
chr15_mat	7900000	8000000	0.0225633
chr15_mat	8000000	8100000	0.0231302
chr15_mat	8100000	8200000	0.0212908
chr15_mat	8200000	8300000	0.0206675
chr15_mat	8300000	8400000	0.0143671
chr15_mat	8400000	8500000	0.0115051
chr15_mat	8500000	8600000	0.0181771
chr15_mat	8600000	8700000	0.0145314
chr15_mat	8700000	8800000	0.0169467
chr15_mat	8800000	8900000	0.0252407
chr15_mat	8900000	9000000	0.0279236
chr15_mat	9000000	9100000	0.0246191
chr15_mat	9100000	9200000	0.0219653
chr15_mat	9200000	9300000	0.0150002
chr15_mat	9300000	9400000	0.0216987
chr15_mat	9400000	9500000	0.0141835
chr15_mat	9500000	9600000	0.0153471
chr15_mat	9600000	9700000	0.015963
chr15_mat	9700000	9800000	0.0155419
chr15_mat	9800000	9900000	0.0163786
chr15_mat	9900000	10000000	0.013305
chr15_mat	10000000	10100000	0.0110738
chr15_mat	10100000	10200000	0.0139641
chr15_mat	10200000	10300000	0.0142062
chr15_mat	10300000	10400000	0.0118251
chr15_mat	10400000	10500000	0.0162373
chr15_mat	10500000	10600000	0.0172136
chr15_mat	10600000	10700000	0.0113898
chr15_mat	10700000	10800000	0.0139235
chr15_mat	10800000	10900000	0.0146201
chr15_mat	10900000	11000000	0.0170917
chr15_mat	11000000	11100000	0.0223452
chr15_mat	11100000	11200000	0.0174424
chr15_mat	11200000	11300000	0.0180741
chr15_mat	11300000	11400000	0.0143969
chr15_mat	11400000	11500000	0.014399
chr15_mat	11500000	11600000	0.0147007
chr15_mat	11600000	11700000	0.0113759
chr15_mat	11700000	11800000	0.0163532
chr15_mat	11800000	11900000	0.0228365
chr15_mat	11900000	12000000	0.0210186
chr15_mat	12000000	12100000	0.0190183
chr15_mat	12100000	12200000	0.0205679
chr15_mat	12200000	12300000	0.014543
chr15_mat	12300000	12400000	0.0203961
chr15_mat	12400000	12500000	0.0170151
chr15_mat	12500000	12600000	0.0141933
chr15_mat	12600000	12700000	0.0197929
chr15_mat	12700000	12800000	0.0199739
chr15_mat	12800000	12900000	0.0180213
chr15_mat	12900000	13000000	0.0153024
chr15_mat	13000000	13100000	0.0190209
chr15_mat	13100000	13200000	0.0234431
chr15_mat	13200000	13300000	0.0251879
chr15_mat	13300000	13400000	0.0209972
chr15_mat	13400000	13500000	0.022157
chr15_mat	13500000	13600000	0.0461733
chr15_mat	13600000	13700000	
chr15_mat	13700000	13800000	
chr15_mat	13800000	13831355	
chr16_mat	0	100000	
chr16_mat	100000	200000	
chr16_mat	200000	300000	
chr16_mat	300000	400000	
chr16_mat	400000	500000	0.121981
chr16_mat	500000	600000	0.1023
chr16_mat	600000	700000	0.100505
chr16_mat	700000	800000	0.0449572
chr16_mat	800000	900000	0.0417815
chr16_mat	900000	1000000	0.0407214
chr16_mat	1000000	1100000	0.0533066
chr16_mat	1100000	1200000	0.0442295
chr16_mat	1200000	1300000	0.0781568
chr16_mat	1300000	1400000	0.0523148
chr16_mat	1400000	1500000	0.0383395
chr16_mat	1500000	1600000	0.0715957
chr16_mat	1600000	1700000	0.0422093
chr16_mat	1700000	1800000	0.0384503
chr16_mat	1800000	1900000	0.0442783
chr16_mat	1900000	2000000	0.0641694
chr16_mat	2000000	2100000	0.045579
chr16_mat	2100000	2200000	0.0454045
chr16_mat	2200000	2300000	0.0406947
chr16_mat	2300000	2400000	0.041839
chr16_mat	2400000	2500000	0.0526248
chr16_mat	2500000	2600000	0.0516808
chr16_mat	2600000	2700000	0.0444133
chr16_mat	2700000	2800000	0.0513218
chr16_mat	2800000	2900000	0.0568666
chr16_mat	2900000	3000000	0.0475697
chr16_mat	3000000	3100000	0.0348275
chr16_mat	3100000	3200000	0.0443737
chr16_mat	3200000	3300000	0.0430456
chr16_mat	3300000	3400000	0.0438243
chr16_mat	3400000	3500000	0.0570515
chr16_mat	3500000	3600000	0.0387689
chr16_mat	3600000	3700000	0.0418037
chr16_mat	3700000	3800000	0.0455096
chr16_mat	3800000	3900000	0.0526469
chr16_mat	3900000	4000000	0.05431
chr16_mat	4000000	4100000	0.0432332
chr16_mat	4100000	4200000	0.0207982
chr16_mat	4200000	4300000	0.0210582
chr16_mat	4300000	4400000	0.0152013
chr16_mat	4400000	4500000	0.0233334
chr16_mat	4500000	4600000	0.0229513
chr16_mat	4600000	4700000	0.0173513
chr16_mat	4700000	4800000	0.0197978
chr16_mat	4800000	4900000	0.0199325
chr16_mat	4900000	5000000	0.212929
chr16_mat	5000000	5100000	
chr16_mat	5100000	5200000	0.0358477
chr16_mat	5200000	5300000	0.0226755
chr16_mat	5300000	5400000	0.214047
chr16_mat	5400000	5500000	0.231283
chr16_mat	5500000	5600000	0.203741
chr16_mat	5600000	5700000	
chr16_mat	5700000	5740876	
chr17_mat	0	100000	
chr17_mat	100000	200000	
chr17_mat	200000	300000	
chr17_mat	300000	400000	
chr17_mat	400000	500000	
chr17_mat	500000	600000	
chr17_mat	600000	700000	
chr17_mat	700000	800000	0.0847406
chr17_mat	800000	900000	0.0305501
chr17_mat	900000	1000000	0.028496
chr17_mat	1000000	1100000	0.0174732
chr17_mat	1100000	1200000	0.0186549
chr17_mat	1200000	1300000	0.0209903
chr17_mat	1300000	1400000	0.021213
chr17_mat	1400000	1500000	0.0145518
chr17_mat	1500000	1600000	0.0108123
chr17_mat	1600000	1700000	0.0132714
chr17_mat	1700000	1800000	0.018418
chr17_mat	1800000	1900000	0.0210751
chr17_mat	1900000	2000000	0.0158157
chr17_mat	2000000	2100000	0.0160736
chr17_mat	2100000	2200000	0.0163705
chr17_mat	2200000	2300000	0.0207274
chr17_mat	2300000	2400000	0.0238213
chr17_mat	2400000	2500000	0.059166
chr17_mat	2500000	2600000	0.0191011
chr17_mat	2600000	2700000	0.0173978
chr17_mat	2700000	2800000	0.0145411
chr17_mat	2800000	2900000	0.0169789
chr17_mat	2900000	3000000	0.018936
chr17_mat	3000000	3100000	0.0188519
chr17_mat	3100000	3200000	0.0210374
chr17_mat	3200000	3300000	0.0204442
chr17_mat	3300000	3400000	0.024866
chr17_mat	3400000	3500000	0.0234626
chr17_mat	3500000	3600000	0.0269621
chr17_mat	3600000	3700000	0.0242214
chr17_mat	3700000	3800000	0.0200523
chr17_mat	3800000	3900000	0.0225405
chr17_mat	3900000	4000000	0.0224301
chr17_mat	4000000	4100000	0.0202977
chr17_mat	4100000	4200000	0.0225072
chr17_mat	4200000	4300000	0.0198843
chr17_mat	4300000	4400000	0.0202369
chr17_mat	4400000	4500000	0.0231028
chr17_mat	4500000	4600000	0.0217651
chr17_mat	4600000	4700000	0.0231448
chr17_mat	4700000	4800000	0.0231956
chr17_mat	4800000	4900000	0.0220398
chr17_mat	4900000	5000000	0.0229222
chr17_mat	5000000	5100000	0.0200082
chr17_mat	5100000	5200000	0.0137867
chr17_mat	5200000	5300000	0.0206049
chr17_mat	5300000	5400000	0.0211466
chr17_mat	5400000	5500000	0.0154849
chr17_mat	5500000	5600000	0.0163683
chr17_mat	5600000	5700000	0.0146662
chr17_mat	5700000	5800000	0.0157695
chr17_mat	5800000	5900000	0.0142651
chr17_mat	5900000	6000000	0.0126074
chr17_mat	6000000	6100000	0.0123464
chr17_mat	6100000	6200000	0.0190341
chr17_mat	6200000	6300000	0.0202116
chr17_mat	6300000	6400000	0.0132294
chr17_mat	6400000	6500000	0.0149686
chr17_mat	6500000	6600000	0.0237713
chr17_mat	6600000	6700000	0.0131572
chr17_mat	6700000	6800000	0.0199467
chr17_mat	6800000	6900000	0.0152861
chr17_mat	6900000	7000000	0.0132021
chr17_mat	7000000	7100000	0.0202647
chr17_mat	7100000	7200000	0.0169711
chr17_mat	7200000	7300000	0.0207918
chr17_mat	7300000	7400000	0.0216422
chr17_mat	7400000	7500000	0.0153016
chr17_mat	7500000	7600000	0.0129971
chr17_mat	7600000	7700000	0.0118725
chr17_mat	7700000	7800000	0.0228203
chr17_mat	7800000	7900000	0.0210956
chr17_mat	7900000	8000000	0.0208721
chr17_mat	8000000	8100000	0.0138234
chr17_mat	8100000	8200000	0.0191509
chr17_mat	8200000	8300000	0.0199395
chr17_mat	8300000	8400000	0.0200198
chr17_mat	8400000	8500000	0.0233516
chr17_mat	8500000	8600000	0.0198725
chr17_mat	8600000	8700000	0.0165869
chr17_mat	8700000	8800000	0.0194771
chr17_mat	8800000	8900000	0.012652
chr17_mat	8900000	9000000	0.0194557
chr17_mat	9000000	9100000	0.0177245
chr17_mat	9100000	9200000	0.0154833
chr17_mat	9200000	9300000	0.0161515
chr17_mat	9300000	9400000	0.0154739
chr17_mat	9400000	9500000	0.0210686
chr17_mat	9500000	9600000	0.0224697
chr17_mat	9600000	9700000	0.0203466
chr17_mat	9700000	9800000	0.0184373
chr17_mat	9800000	9900000	0.0175407
chr17_mat	9900000	10000000	0.018756
chr17_mat	10000000	10100000	0.0252339
chr17_mat	10100000	10200000	0.0264151
chr17_mat	10200000	10300000	0.0270027
chr17_mat	10300000	10400000	0.0179686
chr17_mat	10400000	10500000	0.0220509
chr17_mat	10500000	10600000	0.0151633
chr17_mat	10600000	10700000	0.0193864
chr17_mat	10700000	10800000	0.038834
chr17_mat	10800000	10900000	0.0362617
chr17_mat	10900000	11000000	0.0234636
chr17_mat	11000000	11100000	
chr17_mat	11100000	11200000	
chr17_mat	11200000	11300000	
chr17_mat	11300000	11378085	
chr18_mat	0	100000	
chr18_mat	100000	200000	
chr18_mat	200000	300000	
chr18_mat	300000	400000	
chr18_mat	400000	500000	
chr18_mat	500000	600000	
chr18_mat	600000	700000	
chr18_mat	700000	800000	0.0379464
chr18_mat	800000	900000	0.0278165
chr18_mat	900000	1000000	0.0245298
chr18_mat	1000000	1100000	0.0238004
chr18_mat	1100000	1200000	0.0186268
chr18_mat	1200000	1300000	0.0152286
chr18_mat	1300000	1400000	0.0162879
chr18_mat	1400000	1500000	0.0182255
chr18_mat	1500000	1600000	0.0158049
chr18_mat	1600000	1700000	0.0248855
chr18_mat	1700000	1800000	0.0210204
chr18_mat	1800000	1900000	0.025353
chr18_mat	1900000	2000000	0.0317186
chr18_mat	2000000	2100000	0.0292059
chr18_mat	2100000	2200000	0.0329353
chr18_mat	2200000	2300000	0.0246201
chr18_mat	2300000	2400000	0.0215952
chr18_mat	2400000	2500000	0.0243056
chr18_mat	2500000	2600000	0.0202909
chr18_mat	2600000	2700000	0.018009
chr18_mat	2700000	2800000	0.0148021
chr18_mat	2800000	2900000	0.0137335
chr18_mat	2900000	3000000	0.0190701
chr18_mat	3000000	3100000	0.0211023
chr18_mat	3100000	3200000	0.022701
chr18_mat	3200000	3300000	0.0210344
chr18_mat	3300000	3400000	0.0209691
chr18_mat	3400000	3500000	0.0216242
chr18_mat	3500000	3600000	0.0164785
chr18_mat	3600000	3700000	0.0190186
chr18_mat	3700000	3800000	0.0147489
chr18_mat	3800000	3900000	0.0156519
chr18_mat	3900000	4000000	0.0175408
chr18_mat	4000000	4100000	0.015839
chr18_mat	4100000	4200000	0.0172355
chr18_mat	4200000	4300000	0.0122151
chr18_mat	4300000	4400000	0.0209108
chr18_mat	4400000	4500000	0.0229262
chr18_mat	4500000	4600000	0.0203083
chr18_mat	4600000	4700000	0.0176866
chr18_mat	4700000	4800000	0.0237298
chr18_mat	4800000	4900000	0.0256596
chr18_mat	4900000	5000000	0.0198154
chr18_mat	5000000	5100000	0.0212569
chr18_mat	5100000	5200000	0.0165178
chr18_mat	5200000	5300000	0.0216531
chr18_mat	5300000	5400000	0.0205643
chr18_mat	5400000	5500000	0.0239127
chr18_mat	5500000	5600000	0.0191033
chr18_mat	5600000	5700000	0.0226728
chr18_mat	5700000	5800000	0.0227594
chr18_mat	5800000	5900000	0.0150868
chr18_mat	5900000	6000000	0.0204983
chr18_mat	6000000	6100000	0.0209263
chr18_mat	6100000	6200000	0.0206314
chr18_mat	6200000	6300000	0.0164128
chr18_mat	6300000	6400000	0.0213581
chr18_mat	6400000	6500000	0.0199998
chr18_mat	6500000	6600000	0.0223221
chr18_mat	6600000	6700000	0.021292
chr18_mat	6700000	6800000	0.0177575
chr18_mat	6800000	6900000	0.0152712
chr18_mat	6900000	7000000	0.0117964
chr18_mat	7000000	7100000	0.0160034
chr18_mat	7100000	7200000	0.0185828
chr18_mat	7200000	7300000	0.0173962
chr18_mat	7300000	7400000	0.0152682
chr18_mat	7400000	7500000	0.0239462
chr18_mat	7500000	7600000	0.0192961
chr18_mat	7600000	7700000	0.0179407
chr18_mat	7700000	7800000	0.0131905
chr18_mat	7800000	7900000	0.0201951
chr18_mat	7900000	8000000	0.0124709
chr18_mat	8000000	8100000	0.0155469
chr18_mat	8100000	8200000	0.0161087
chr18_mat	8200000	8300000	0.016925
chr18_mat	8300000	8400000	0.0156086
chr18_mat	8400000	8500000	0.0142426
chr18_mat	8500000	8600000	0.0161381
chr18_mat	8600000	8700000	0.020943
chr18_mat	8700000	8800000	0.0207565
chr18_mat	8800000	8900000	0.0146761
chr18_mat	8900000	9000000	0.0141574
chr18_mat	9000000	9100000	0.0215357
chr18_mat	9100000	9200000	0.0184777
chr18_mat	9200000	9300000	0.0197757
chr18_mat	9300000	9400000	0.0253083
chr18_mat	9400000	9500000	
chr18_mat	9500000	9600000	
chr18_mat	9600000	9700000	
chr18_mat	9700000	9800000	
chr18_mat	9800000	9900000	0.0214034
chr18_mat	9900000	10000000	0.0217178
chr18_mat	10000000	10100000	0.023019
chr18_mat	10100000	10200000	0.0219416
chr18_mat	10200000	10300000	0.0235351
chr18_mat	10300000	10400000	0.0196284
chr18_mat	10400000	10500000	0.0180583
chr18_mat	10500000	10600000	0.0237208
chr18_mat	10600000	10700000	0.0277921
chr18_mat	10700000	10800000	0.0415866
chr18_mat	10800000	10900000	0.0353667
chr18_mat	10900000	11000000	
chr18_mat	11000000	11100000	
chr18_mat	11100000	11200000	
chr18_mat	11200000	11233222	
chr19_mat	0	100000	
chr19_mat	100000	200000	
chr19_mat	200000	300000	
chr19_mat	300000	400000	
chr19_mat	400000	500000	
chr19_mat	500000	600000	
chr19_mat	600000	700000	
chr19_mat	700000	800000	
chr19_mat	800000	900000	
chr19_mat	900000	1000000	
chr19_mat	1000000	1100000	
chr19_mat	1100000	1200000	
chr19_mat	1200000	1300000	
chr19_mat	1300000	1400000	
chr19_mat	1400000	1500000	
chr19_mat	1500000	1600000	
chr19_mat	1600000	1700000	
chr19_mat	1700000	1800000	
chr19_mat	1800000	1900000	
chr19_mat	1900000	2000000	
chr19_mat	2000000	2100000	
chr19_mat	2100000	2200000	
chr19_mat	2200000	2300000	
chr19_mat	2300000	2400000	
chr19_mat	2400000	2500000	
chr19_mat	2500000	2600000	
chr19_mat	2600000	2700000	
chr19_mat	2700000	2800000	
chr19_mat	2800000	2900000	
chr19_mat	2900000	3000000	
chr19_mat	3000000	3100000	
chr19_mat	3100000	3200000	
chr19_mat	3200000	3300000	
chr19_mat	3300000	3400000	
chr19_mat	3400000	3500000	
chr19_mat	3500000	3600000	
chr19_mat	3600000	3700000	
chr19_mat	3700000	3800000	
chr19_mat	3800000	3900000	
chr19_mat	3900000	4000000	
chr19_mat	4000000	4100000	
chr19_mat	4100000	4200000	
chr19_mat	4200000	4300000	
chr19_mat	4300000	4400000	
chr19_mat	4400000	4500000	
chr19_mat	4500000	4600000	
chr19_mat	4600000	4700000	
chr19_mat	4700000	4800000	
chr19_mat	4800000	4900000	
chr19_mat	4900000	5000000	
chr19_mat	5000000	5100000	
chr19_mat	5100000	5200000	
chr19_mat	5200000	5300000	
chr19_mat	5300000	5400000	
chr19_mat	5400000	5500000	
chr19_mat	5500000	5600000	0.0516697
chr19_mat	5600000	5700000	0.018699
chr19_mat	5700000	5800000	0.0149774
chr19_mat	5800000	5900000	0.0187952
chr19_mat	5900000	6000000	0.0178577
chr19_mat	6000000	6100000	0.0164901
chr19_mat	6100000	6200000	0.0158427
chr19_mat	6200000	6300000	0.0234825
chr19_mat	6300000	6400000	0.0199872
chr19_mat	6400000	6500000	0.0216563
chr19_mat	6500000	6600000	0.0220882
chr19_mat	6600000	6700000	0.0214218
chr19_mat	6700000	6800000	0.0226038
chr19_mat	6800000	6900000	0.0170071
chr19_mat	6900000	7000000	0.0136507
chr19_mat	7000000	7100000	0.0206504
chr19_mat	7100000	7200000	0.0171239
chr19_mat	7200000	7300000	0.0124588
chr19_mat	7300000	7400000	0.0180546
chr19_mat	7400000	7500000	0.0218712
chr19_mat	7500000	7600000	0.0154931
chr19_mat	7600000	7700000	0.0190226
chr19_mat	7700000	7800000	0.0179994
chr19_mat	7800000	7900000	0.0162123
chr19_mat	7900000	8000000	0.0150318
chr19_mat	8000000	8100000	0.0204813
chr19_mat	8100000	8200000	0.0208843
chr19_mat	8200000	8300000	0.0229692
chr19_mat	8300000	8400000	0.0262742
chr19_mat	8400000	8500000	0.0180961
chr19_mat	8500000	8600000	0.0213641
chr19_mat	8600000	8700000	0.0203126
chr19_mat	8700000	8800000	0.0211667
chr19_mat	8800000	8900000	0.0226745
chr19_mat	8900000	9000000	0.023642
chr19_mat	9000000	9100000	0.0218421
chr19_mat	9100000	9200000	0.0211515
chr19_mat	9200000	9300000	0.0207184
chr19_mat	9300000	9400000	0.0237252
chr19_mat	9400000	9500000	0.0226186
chr19_mat	9500000	9600000	0.0240652
chr19_mat	9600000	9700000	0.0245693
chr19_mat	9700000	9800000	0.0220426
chr19_mat	9800000	9900000	0.0246931
chr19_mat	9900000	10000000	0.0212842
chr19_mat	10000000	10100000	0.0202834
chr19_mat	10100000	10200000	0.0205104
chr19_mat	10200000	10300000	0.0211911
chr19_mat	10300000	10400000	0.0278997
chr19_mat	10400000	10500000	
chr19_mat	10500000	10600000	
chr19_mat	10600000	10700000	
chr19_mat	10700000	10800000	
chr19_mat	10800000	10900000	
chr19_mat	10900000	11000000	
chr19_mat	11000000	11100000	
chr19_mat	11100000	11169410	
chr20_mat	0	100000	
chr20_mat	100000	200000	
chr20_mat	200000	300000	
chr20_mat	300000	400000	
chr20_mat	400000	500000	
chr20_mat	500000	600000	
chr20_mat	600000	700000	
chr20_mat	700000	800000	
chr20_mat	800000	900000	
chr20_mat	900000	1000000	0.0956448
chr20_mat	1000000	1100000	0.037904
chr20_mat	1100000	1200000	0.0222312
chr20_mat	1200000	1300000	0.0160045
chr20_mat	1300000	1400000	0.0183594
chr20_mat	1400000	1500000	0.0211292
chr20_mat	1500000	1600000	0.0219312
chr20_mat	1600000	1700000	0.0275259
chr20_mat	1700000	1800000	
chr20_mat	1800000	1900000	
chr20_mat	1900000	2000000	
chr20_mat	2000000	2100000	
chr20_mat	2100000	2200000	0.0176522
chr20_mat	2200000	2300000	0.0155234
chr20_mat	2300000	2400000	0.0150124
chr20_mat	2400000	2500000	0.0163589
chr20_mat	2500000	2600000	0.0193522
chr20_mat	2600000	2700000	0.0217745
chr20_mat	2700000	2800000	0.0219564
chr20_mat	2800000	2900000	0.0237801
chr20_mat	2900000	3000000	0.0207759
chr20_mat	3000000	3100000	0.0149316
chr20_mat	3100000	3200000	0.0139032
chr20_mat	3200000	3300000	0.0166752
chr20_mat	3300000	3400000	0.0193247
chr20_mat	3400000	3500000	0.0217911
chr20_mat	3500000	3600000	0.0186953
chr20_mat	3600000	3700000	0.01129
chr20_mat	3700000	3800000	0.0159566
chr20_mat	3800000	3900000	0.0160666
chr20_mat	3900000	4000000	0.0185869
chr20_mat	4000000	4100000	0.0186009
chr20_mat	4100000	4200000	0.0182012
chr20_mat	4200000	4300000	0.0196558
chr20_mat	4300000	4400000	0.0225472
chr20_mat	4400000	4500000	0.0230946
chr20_mat	4500000	4600000	0.0209678
chr20_mat	4600000	4700000	0.0197636
chr20_mat	4700000	4800000	0.0152423
chr20_mat	4800000	4900000	0.0142789
chr20_mat	4900000	5000000	0.0190573
chr20_mat	5000000	5100000	0.0144679
chr20_mat	5100000	5200000	0.0202443
chr20_mat	5200000	5300000	0.0202921
chr20_mat	5300000	5400000	0.020978
chr20_mat	5400000	5500000	0.0194759
chr20_mat	5500000	5600000	0.020931
chr20_mat	5600000	5700000	0.0206698
chr20_mat	5700000	5800000	0.0192658
chr20_mat	5800000	5900000	0.0240239
chr20_mat	5900000	6000000	0.025355
chr20_mat	6000000	6100000	0.0152955
chr20_mat	6100000	6200000	0.017345
chr20_mat	6200000	6300000	0.0207622
chr20_mat	6300000	6400000	0.016022
chr20_mat	6400000	6500000	0.0134918
chr20_mat	6500000	6600000	0.0149813
chr20_mat	6600000	6700000	0.0200141
chr20_mat	6700000	6800000	0.0162778
chr20_mat	6800000	6900000	0.0155579
chr20_mat	6900000	7000000	0.0178554
chr20_mat	7000000	7100000	0.0204018
chr20_mat	7100000	7200000	0.024674
chr20_mat	7200000	7300000	0.0146514
chr20_mat	7300000	7400000	0.0137103
chr20_mat	7400000	7500000	0.0220345
chr20_mat	7500000	7600000	0.0795331
chr20_mat	7600000	7700000	
chr20_mat	7700000	7800000	
chr20_mat	7800000	7900000	
chr20_mat	7900000	8000000	
chr20_mat	8000000	8100000	0.020888
chr20_mat	8100000	8200000	0.0152497
chr20_mat	8200000	8300000	0.0162303
chr20_mat	8300000	8400000	0.0164094
chr20_mat	8400000	8500000	0.0193487
chr20_mat	8500000	8600000	0.0186847
chr20_mat	8600000	8700000	0.0137186
chr20_mat	8700000	8800000	0.0143029
chr20_mat	8800000	8900000	0.0169816
chr20_mat	8900000	9000000	0.0153205
chr20_mat	9000000	9100000	0.0161153
chr20_mat	9100000	9200000	0.0198581
chr20_mat	9200000	9300000	0.0256243
chr20_mat	9300000	9400000	0.0157046
chr20_mat	9400000	9500000	0.0199215
chr20_mat	9500000	9600000	0.0219784
chr20_mat	9600000	9700000	0.0198061
chr20_mat	9700000	9800000	0.0178079
chr20_mat	9800000	9900000	0.0213843
chr20_mat	9900000	10000000	0.0227496
chr20_mat	10000000	10100000	0.0204344
chr20_mat	10100000	10200000	0.0119515
chr20_mat	10200000	10300000	0.0155311
chr20_mat	10300000	10400000	0.0193892
chr20_mat	10400000	10500000	0.0240366
chr20_mat	10500000	10600000	0.0231596
chr20_mat	10600000	10700000	0.013662
chr20_mat	10700000	10800000	0.019395
chr20_mat	10800000	10900000	0.0144719
chr20_mat	10900000	11000000	0.0152027
chr20_mat	11000000	11100000	0.0198325
chr20_mat	11100000	11200000	0.022142
chr20_mat	11200000	11300000	0.025271
chr20_mat	11300000	11400000	0.0222888
chr20_mat	11400000	11500000	0.0213905
chr20_mat	11500000	11600000	0.0205569
chr20_mat	11600000	11700000	0.0193404
chr20_mat	11700000	11800000	0.0172755
chr20_mat	11800000	11900000	0.0214152
chr20_mat	11900000	12000000	0.021219
chr20_mat	12000000	12100000	0.0116924
chr20_mat	12100000	12200000	0.0155838
chr20_mat	12200000	12300000	0.0162309
chr20_mat	12300000	12400000	0.0140708
chr20_mat	12400000	12500000	0.0172305
chr20_mat	12500000	12600000	0.0211165
chr20_mat	12600000	12700000	0.0205227
chr20_mat	12700000	12800000	0.0166574
chr20_mat	12800000	12900000	0.0123302
chr20_mat	12900000	13000000	0.0195043
chr20_mat	13000000	13100000	0.020969
chr20_mat	13100000	13200000	0.0145533
chr20_mat	13200000	13300000	0.0108424
chr20_mat	13300000	13400000	0.0157495
chr20_mat	13400000	13500000	0.0137453
chr20_mat	13500000	13600000	0.0176246
chr20_mat	13600000	13700000	0.0196109
chr20_mat	13700000	13800000	0.0238029
chr20_mat	13800000	13900000	0.0249248
chr20_mat	13900000	14000000	0.0210508
chr20_mat	14000000	14100000	0.0208681
chr20_mat	14100000	14200000	0.0214653
chr20_mat	14200000	14300000	0.0233044
chr20_mat	14300000	14400000	0.0221222
chr20_mat	14400000	14500000	0.0166279
chr20_mat	14500000	14600000	0.0119808
chr20_mat	14600000	14700000	0.0179394
chr20_mat	14700000	14800000	0.0162656
chr20_mat	14800000	14900000	0.019192
chr20_mat	14900000	15000000	0.0270791
chr20_mat	15000000	15100000	0.0277037
chr20_mat	15100000	15200000	0.0367283
chr20_mat	15200000	15300000	0.0742875
chr20_mat	15300000	15400000	0.0854965
chr20_mat	15400000	15459785	
chr21_mat	0	100000	
chr21_mat	100000	200000	
chr21_mat	200000	300000	0.0307215
chr21_mat	300000	400000	0.0238925
chr21_mat	400000	500000	0.0193356
chr21_mat	500000	600000	0.0208801
chr21_mat	600000	700000	0.0211834
chr21_mat	700000	800000	0.0213163
chr21_mat	800000	900000	0.0152889
chr21_mat	900000	1000000	0.0161197
chr21_mat	1000000	1100000	0.0152247
chr21_mat	1100000	1200000	0.0156689
chr21_mat	1200000	1300000	0.020426
chr21_mat	1300000	1400000	0.026513
chr21_mat	1400000	1500000	0.0227505
chr21_mat	1500000	1600000	0.0129823
chr21_mat	1600000	1700000	0.0125775
chr21_mat	1700000	1800000	0.0130658
chr21_mat	1800000	1900000	0.0140508
chr21_mat	1900000	2000000	0.01207
chr21_mat	2000000	2100000	0.0142835
chr21_mat	2100000	2200000	0.015676
chr21_mat	2200000	2300000	0.0196755
chr21_mat	2300000	2400000	0.01489
chr21_mat	2400000	2500000	0.0154364
chr21_mat	2500000	2600000	0.0156957
chr21_mat	2600000	2700000	0.0194049
chr21_mat	2700000	2800000	0.0176091
chr21_mat	2800000	2900000	0.0194968
chr21_mat	2900000	3000000	0.0196679
chr21_mat	3000000	3100000	0.020295
chr21_mat	3100000	3200000	0.014487
chr21_mat	3200000	3300000	0.0146552
chr21_mat	3300000	3400000	0.0236107
chr21_mat	3400000	3500000	0.0200345
chr21_mat	3500000	3600000	0.0186344
chr21_mat	3600000	3700000	0.0160587
chr21_mat	3700000	3800000	0.020172
chr21_mat	3800000	3900000	0.0174749
chr21_mat	3900000	4000000	0.0169488
chr21_mat	4000000	4100000	0.0185375
chr21_mat	4100000	4200000	0.0190612
chr21_mat	4200000	4300000	0.0141791
chr21_mat	4300000	4400000	0.016899
chr21_mat	4400000	4500000	0.0156006
chr21_mat	4500000	4600000	0.0111431
chr21_mat	4600000	4700000	0.0129093
chr21_mat	4700000	4800000	0.0136575
chr21_mat	4800000	4900000	0.0186931
chr21_mat	4900000	5000000	
chr21_mat	5000000	5100000	0.0188466
chr21_mat	5100000	5200000	0.0159634
chr21_mat	5200000	5300000	0.016807
chr21_mat	5300000	5400000	0.0155489
chr21_mat	5400000	5500000	0.0140473
chr21_mat	5500000	5600000	0.0141674
chr21_mat	5600000	5700000	0.0143153
chr21_mat	5700000	5800000	0.0116238
chr21_mat	5800000	5900000	0.0116165
chr21_mat	5900000	6000000	0.0106549
chr21_mat	6000000	6100000	0.0124322
chr21_mat	6100000	6200000	0.0144641
chr21_mat	6200000	6300000	0.0183513
chr21_mat	6300000	6400000	0.0143147
chr21_mat	6400000	6500000	0.0156265
chr21_mat	6500000	6600000	0.0125356
chr21_mat	6600000	6700000	0.0136272
chr21_mat	6700000	6800000	0.0191425
chr21_mat	6800000	6900000	0.0169917
chr21_mat	6900000	7000000	0.0145563
chr21_mat	7000000	7100000	0.0234495
chr21_mat	7100000	7200000	0.0279879
chr21_mat	7200000	7300000	0.0416253
chr21_mat	7300000	7400000	
chr21_mat	7400000	7500000	
chr21_mat	7500000	7600000	
chr21_mat	7600000	7700000	
chr21_mat	7700000	7800000	
chr21_mat	7800000	7900000	
chr21_mat	7900000	8000000	
chr21_mat	8000000	8001925	
chr22_mat	0	100000	
chr22_mat	100000	200000	
chr22_mat	200000	300000	
chr22_mat	300000	400000	
chr22_mat	400000	500000	
chr22_mat	500000	600000	0.112086
chr22_mat	600000	700000	0.0184392
chr22_mat	700000	800000	0.0175343
chr22_mat	800000	900000	0.0162734
chr22_mat	900000	1000000	0.0231118
chr22_mat	1000000	1100000	0.0302354
chr22_mat	1100000	1200000	0.0277838
chr22_mat	1200000	1300000	0.0309261
chr22_mat	1300000	1400000	0.0248656
chr22_mat	1400000	1500000	0.021173
chr22_mat	1500000	1600000	0.0136948
chr22_mat	1600000	1700000	0.0161043
chr22_mat	1700000	1800000	0.0150699
chr22_mat	1800000	1900000	
chr22_mat	1900000	2000000	0.0186251
chr22_mat	2000000	2100000	0.0177856
chr22_mat	2100000	2200000	0.0156449
chr22_mat	2200000	2300000	0.0152094
chr22_mat	2300000	2400000	0.0119532
chr22_mat	2400000	2500000	0.00914015
chr22_mat	2500000	2600000	0.0174909
chr22_mat	2600000	2700000	0.0145508
chr22_mat	2700000	2800000	0.0145323
chr22_mat	2800000	2900000	0.0177576
chr22_mat	2900000	3000000	0.0161403
chr22_mat	3000000	3100000	0.0124908
chr22_mat	3100000	3200000	0.0188211
chr22_mat	3200000	3300000	
chr22_mat	3300000	3400000	
chr22_mat	3400000	3500000	
chr22_mat	3500000	3600000	
chr22_mat	3600000	3700000	
chr22_mat	3700000	3800000	
chr22_mat	3800000	3900000	
chr22_mat	3900000	4000000	
chr22_mat	4000000	4100000	
chr22_mat	4100000	4200000	0.10683
chr22_mat	4200000	4300000	0.0214292
chr22_mat	4300000	4400000	0.0135813
chr22_mat	4400000	4500000	0.0165418
chr22_mat	4500000	4600000	0.0159143
chr22_mat	4600000	4700000	0.0261159
chr22_mat	4700000	4800000	0.0747522
chr22_mat	4800000	4900000	
chr22_mat	4900000	5000000	
chr22_mat	5000000	5052704	
chr23_mat	0	100000	
chr23_mat	100000	200000	
chr23_mat	200000	300000	
chr23_mat	300000	400000	
chr23_mat	400000	500000	
chr23_mat	500000	600000	0.0152013
chr23_mat	600000	700000	0.0200167
chr23_mat	700000	800000	0.016453
chr23_mat	800000	900000	0.0222249
chr23_mat	900000	1000000	0.0231101
chr23_mat	1000000	1100000	0.0226186
chr23_mat	1100000	1200000	0.0172811
chr23_mat	1200000	1300000	0.0322899
chr23_mat	1300000	1400000	
chr23_mat	1400000	1500000	0.0167078
chr23_mat	1500000	1600000	0.0168399
chr23_mat	1600000	1700000	0.0227146
chr23_mat	1700000	1800000	0.0173696
chr23_mat	1800000	1900000	0.0241028
chr23_mat	1900000	2000000	0.0186682
chr23_mat	2000000	2100000	0.01393
chr23_mat	2100000	2200000	0.0151887
chr23_mat	2200000	2300000	0.0211773
chr23_mat	2300000	2400000	0.0125019
chr23_mat	2400000	2500000	0.0126641
chr23_mat	2500000	2600000	0.0188201
chr23_mat	2600000	2700000	0.0140391
chr23_mat	2700000	2800000	0.018816
chr23_mat	2800000	2900000	0.0186776
chr23_mat	2900000	3000000	0.0109314
chr23_mat	3000000	3100000	0.0197954
chr23_mat	3100000	3200000	0.0175422
chr23_mat	3200000	3300000	0.0204637
chr23_mat	3300000	3400000	0.0148823
chr23_mat	3400000	3500000	0.0176777
chr23_mat	3500000	3600000	0.0183588
chr23_mat	3600000	3700000	0.019575
chr23_mat	3700000	3800000	0.0166251
chr23_mat	3800000	3900000	0.0294733
chr23_mat	3900000	4000000	
chr23_mat	4000000	4100000	0.0230708
chr23_mat	4100000	4200000	0.0182605
chr23_mat	4200000	4300000	0.0259394
chr23_mat	4300000	4400000	0.0148517
chr23_mat	4400000	4500000	0.015175
chr23_mat	4500000	4600000	0.0207833
chr23_mat	4600000	4700000	0.0187978
chr23_mat	4700000	4800000	0.0201825
chr23_mat	4800000	4900000	0.0278226
chr23_mat	4900000	5000000	0.0222354
chr23_mat	5000000	5100000	0.0209849
chr23_mat	5100000	5200000	0.0227479
chr23_mat	5200000	5300000	0.0227676
chr23_mat	5300000	5400000	0.019449
chr23_mat	5400000	5500000	0.0199878
chr23_mat	5500000	5600000	0.0199989
chr23_mat	5600000	5700000	0.0168897
chr23_mat	5700000	5800000	0.0139414
chr23_mat	5800000	5900000	0.0145225
chr23_mat	5900000	6000000	0.0177934
chr23_mat	6000000	6100000	0.022081
chr23_mat	6100000	6200000	0.0310163
chr23_mat	6200000	6300000	0.0393683
chr23_mat	6300000	6400000	0.0504353
chr23_mat	6400000	6500000	
chr23_mat	6500000	6600000	
chr23_mat	6600000	6700000	
chr23_mat	6700000	6800000	
chr23_mat	6800000	6900000	
chr23_mat	6900000	6987744	
chr24_mat	0	100000	
chr24_mat	100000	200000	
chr24_mat	200000	300000	
chr24_mat	300000	400000	
chr24_mat	400000	500000	
chr24_mat	500000	600000	
chr24_mat	600000	700000	0.0709058
chr24_mat	700000	800000	0.0331592
chr24_mat	800000	900000	0.0377335
chr24_mat	900000	1000000	0.029072
chr24_mat	1000000	1100000	0.0182565
chr24_mat	1100000	1200000	0.0175295
chr24_mat	1200000	1300000	0.0190844
chr24_mat	1300000	1400000	0.0175994
chr24_mat	1400000	1500000	0.0174806
chr24_mat	1500000	1600000	0.0221865
chr24_mat	1600000	1700000	0.0239228
chr24_mat	1700000	1800000	0.0221193
chr24_mat	1800000	1900000	0.0191681
chr24_mat	1900000	2000000	0.0137372
chr24_mat	2000000	2100000	0.0159227
chr24_mat	2100000	2200000	0.0138575
chr24_mat	2200000	2300000	0.0173199
chr24_mat	2300000	2400000	0.022641
chr24_mat	2400000	2500000	0.0154995
chr24_mat	2500000	2600000	0.0196241
chr24_mat	2600000	2700000	0.0146474
chr24_mat	2700000	2800000	0.0201606
chr24_mat	2800000	2900000	0.022039
chr24_mat	2900000	3000000	0.0215337
chr24_mat	3000000	3100000	0.024338
chr24_mat	3100000	3200000	0.0288157
chr24_mat	3200000	3300000	0.0235143
chr24_mat	3300000	3400000	0.0268831
chr24_mat	3400000	3500000	0.0246857
chr24_mat	3500000	3600000	0.0247555
chr24_mat	3600000	3700000	0.0160358
chr24_mat	3700000	3800000	0.0188378
chr24_mat	3800000	3900000	0.0230473
chr24_mat	3900000	4000000	0.0205938
chr24_mat	4000000	4100000	0.0189251
chr24_mat	4100000	4200000	0.0188869
chr24_mat	4200000	4300000	0.0164426
chr24_mat	4300000	4400000	0.0149897
chr24_mat	4400000	4500000	0.016728
chr24_mat	4500000	4600000	0.0197507
chr24_mat	4600000	4700000	0.0184948
chr24_mat	4700000	4800000	0.0192468
chr24_mat	4800000	4900000	0.0183807
chr24_mat	4900000	5000000	0.0156126
chr24_mat	5000000	5100000	0.0169935
chr24_mat	5100000	5200000	0.0192966
chr24_mat	5200000	5300000	0.0133625
chr24_mat	5300000	5400000	0.0192659
chr24_mat	5400000	5500000	0.0171039
chr24_mat	5500000	5600000	0.0192415
chr24_mat	5600000	5700000	0.0181523
chr24_mat	5700000	5800000	0.0189859
chr24_mat	5800000	5900000	0.0164612
chr24_mat	5900000	6000000	0.0193737
chr24_mat	6000000	6100000	0.0171628
chr24_mat	6100000	6200000	0.0134627
chr24_mat	6200000	6300000	0.0171334
chr24_mat	6300000	6400000	0.0207002
chr24_mat	6400000	6500000	0.0227587
chr24_mat	6500000	6600000	0.0232137
chr24_mat	6600000	6700000	0.0265428
chr24_mat	6700000	6800000	0.0189166
chr24_mat	6800000	6900000	0.0148071
chr24_mat	6900000	7000000	0.0232459
chr24_mat	7000000	7100000	0.030544
chr24_mat	7100000	7200000	0.0293909
chr24_mat	7200000	7300000	0.023283
chr24_mat	7300000	7400000	0.0412427
chr24_mat	7400000	7500000	
chr24_mat	7500000	7600000	
chr24_mat	7600000	7700000	
chr24_mat	7700000	7800000	
chr24_mat	7800000	7809384	
chr25_mat	0	100000	
chr25_mat	100000	200000	
chr25_mat	200000	300000	
chr25_mat	300000	400000	
chr25_mat	400000	500000	0.310167
chr25_mat	500000	600000	
chr25_mat	600000	700000	
chr25_mat	700000	800000	0.111238
chr25_mat	800000	900000	0.0504918
chr25_mat	900000	1000000	0.0788072
chr25_mat	1000000	1100000	0.066779
chr25_mat	1100000	1200000	0.0429079
chr25_mat	1200000	1300000	0.176998
chr25_mat	1300000	1400000	0.0925427
chr25_mat	1400000	1500000	0.116377
chr25_mat	1500000	1600000	0.0746827
chr25_mat	1600000	1700000	0.111212
chr25_mat	1700000	1800000	0.125536
chr25_mat	1800000	1900000	0.102648
chr25_mat	1900000	2000000	0.165083
chr25_mat	2000000	2100000	0.0843884
chr25_mat	2100000	2200000	0.106408
chr25_mat	2200000	2300000	0.0992502
chr25_mat	2300000	2400000	0.105758
chr25_mat	2400000	2500000	0.0616411
chr25_mat	2500000	2600000	0.179523
chr25_mat	2600000	2700000	0.121883
chr25_mat	2700000	2800000	0.0571031
chr25_mat	2800000	2900000	0.166003
chr25_mat	2900000	3000000	0.139051
chr25_mat	3000000	3100000	0.161925
chr25_mat	3100000	3200000	0.0989759
chr25_mat	3200000	3300000	0.0802927
chr25_mat	3300000	3400000	0.0597657
chr25_mat	3400000	3500000	0.0572019
chr25_mat	3500000	3600000	
chr25_mat	3600000	3700000	0.404654
chr25_mat	3700000	3800000	0.0944542
chr25_mat	3800000	3900000	0.0792989
chr25_mat	3900000	4000000	0.119106
chr25_mat	4000000	4100000	0.123947
chr25_mat	4100000	4200000	0.118885
chr25_mat	4200000	4300000	0.101534
chr25_mat	4300000	4400000	0.150688
chr25_mat	4400000	4500000	0.0622339
chr25_mat	4500000	4600000	0.0482526
chr25_mat	4600000	4700000	0.0945258
chr25_mat	4700000	4800000	0.0978233
chr25_mat	4800000	4900000	0.061462
chr25_mat	4900000	5000000	0.0631985
chr25_mat	5000000	5100000	0.0255588
chr25_mat	5100000	5200000	0.0185769
chr25_mat	5200000	5300000	0.0161751
chr25_mat	5300000	5400000	0.0129557
chr25_mat	5400000	5500000	0.0154778
chr25_mat	5500000	5600000	0.0193155
chr25_mat	5600000	5700000	0.0248205
chr25_mat	5700000	5800000	0.0276346
chr25_mat	5800000	5900000	0.0119955
chr25_mat	5900000	6000000	0.469543
chr25_mat	6000000	6100000	
chr25_mat	6100000	6200000	0.0718033
chr25_mat	6200000	6300000	0.0147008
chr25_mat	6300000	6400000	0.0112438
chr25_mat	6400000	6500000	0.0187763
chr25_mat	6500000	6600000	0.0177883
chr25_mat	6600000	6700000	0.0124837
chr25_mat	6700000	6800000	0.021778
chr25_mat	6800000	6900000	0.0158746
chr25_mat	6900000	7000000	0.014873
chr25_mat	7000000	7100000	0.0138549
chr25_mat	7100000	7200000	0.01308
chr25_mat	7200000	7300000	0.0122482
chr25_mat	7300000	7400000	0.0170333
chr25_mat	7400000	7500000	0.229141
chr25_mat	7500000	7600000	0.0209415
chr25_mat	7600000	7700000	0.0105788
chr25_mat	7700000	7800000	0.0133887
chr25_mat	7800000	7900000	0.0170012
chr25_mat	7900000	8000000	0.0727737
chr25_mat	8000000	8100000	0.356233
chr25_mat	8100000	8199455	
chr26_mat	0	100000	
chr26_mat	100000	200000	
chr26_mat	200000	300000	
chr26_mat	300000	400000	
chr26_mat	400000	500000	
chr26_mat	500000	600000	
chr26_mat	600000	700000	0.0539393
chr26_mat	700000	800000	0.0274029
chr26_mat	800000	900000	0.0246324
chr26_mat	900000	1000000	0.0251878
chr26_mat	1000000	1100000	0.0213505
chr26_mat	1100000	1200000	0.0130133
chr26_mat	1200000	1300000	0.0149098
chr26_mat	1300000	1400000	0.0174274
chr26_mat	1400000	1500000	0.0181491
chr26_mat	1500000	1600000	0.0172099
chr26_mat	1600000	1700000	0.0137026
chr26_mat	1700000	1800000	0.0177435
chr26_mat	1800000	1900000	0.0171807
chr26_mat	1900000	2000000	0.0544606
chr26_mat	2000000	2100000	0.021209
chr26_mat	2100000	2200000	0.0244695
chr26_mat	2200000	2300000	0.0161768
chr26_mat	2300000	2400000	0.0109296
chr26_mat	2400000	2500000	0.0130097
chr26_mat	2500000	2600000	0.013598
chr26_mat	2600000	2700000	0.0115312
chr26_mat	2700000	2800000	0.0138085
chr26_mat	2800000	2900000	0.0114479
chr26_mat	2900000	3000000	0.0142483
chr26_mat	3000000	3100000	0.00920092
chr26_mat	3100000	3200000	0.0196854
chr26_mat	3200000	3300000	0.0227578
chr26_mat	3300000	3400000	0.0457445
chr26_mat	3400000	3500000	0.0199529
chr26_mat	3500000	3600000	0.013492
chr26_mat	3600000	3700000	0.0153754
chr26_mat	3700000	3800000	0.0175182
chr26_mat	3800000	3900000	0.018247
chr26_mat	3900000	4000000	0.0209366
chr26_mat	4000000	4100000	0.0169433
chr26_mat	4100000	4200000	0.0150712
chr26_mat	4200000	4300000	0.0207067
chr26_mat	4300000	4400000	0.0120921
chr26_mat	4400000	4500000	0.0126985
chr26_mat	4500000	4600000	0.019499
chr26_mat	4600000	4700000	0.0212662
chr26_mat	4700000	4800000	0.0185376
chr26_mat	4800000	4900000	0.0196324
chr26_mat	4900000	5000000	0.0197991
chr26_mat	5000000	5100000	0.0126146
chr26_mat	5100000	5200000	0.0152102
chr26_mat	5200000	5300000	0.0184338
chr26_mat	5300000	5400000	0.0132374
chr26_mat	5400000	5500000	0.0216674
chr26_mat	5500000	5600000	0.0161213
chr26_mat	5600000	5700000	0.0135215
chr26_mat	5700000	5800000	0.0135132
chr26_mat	5800000	5900000	0.0187813
chr26_mat	5900000	6000000	0.0145958
chr26_mat	6000000	6100000	0.0119689
chr26_mat	6100000	6200000	0.0273235
chr26_mat	6200000	6300000	0.0235537
chr26_mat	6300000	6400000	0.0761592
chr26_mat	6400000	6500000	
chr26_mat	6500000	6600000	
chr26_mat	6600000	6700000	
chr26_mat	6700000	6800000	
chr26_mat	6800000	6900000	
chr26_mat	6900000	6902691	
chr27_mat	0	100000	
chr27_mat	100000	200000	
chr27_mat	200000	300000	
chr27_mat	300000	400000	0.0642805
chr27_mat	400000	500000	0.0622215
chr27_mat	500000	600000	0.0248467
chr27_mat	600000	700000	0.0192575
chr27_mat	700000	800000	0.0226457
chr27_mat	800000	900000	0.0209821
chr27_mat	900000	1000000	0.0126724
chr27_mat	1000000	1100000	0.0104041
chr27_mat	1100000	1200000	0.0231565
chr27_mat	1200000	1300000	0.0169418
chr27_mat	1300000	1400000	0.00973482
chr27_mat	1400000	1500000	0.0158847
chr27_mat	1500000	1600000	0.013475
chr27_mat	1600000	1700000	0.0198494
chr27_mat	1700000	1800000	0.0149035
chr27_mat	1800000	1900000	0.0179765
chr27_mat	1900000	2000000	0.0161919
chr27_mat	2000000	2100000	0.0151587
chr27_mat	2100000	2200000	0.016125
chr27_mat	2200000	2300000	0.017283
chr27_mat	2300000	2400000	0.0138061
chr27_mat	2400000	2500000	0.0220787
chr27_mat	2500000	2600000	0.0148213
chr27_mat	2600000	2700000	0.0160675
chr27_mat	2700000	2800000	0.0205844
chr27_mat	2800000	2900000	0.018693
chr27_mat	2900000	3000000	0.0171188
chr27_mat	3000000	3100000	0.0166924
chr27_mat	3100000	3200000	0.0187721
chr27_mat	3200000	3300000	0.0158122
chr27_mat	3300000	3400000	0.0149983
chr27_mat	3400000	3500000	0.0149521
chr27_mat	3500000	3600000	0.0138735
chr27_mat	3600000	3700000	0.017598
chr27_mat	3700000	3800000	0.0158973
chr27_mat	3800000	3900000	0.0141272
chr27_mat	3900000	4000000	0.0158078
chr27_mat	4000000	4100000	0.0157171
chr27_mat	4100000	4200000	0.0205407
chr27_mat	4200000	4300000	0.0179856
chr27_mat	4300000	4400000	0.0259323
chr27_mat	4400000	4500000	0.0395429
chr27_mat	4500000	4600000	0.0296345
chr27_mat	4600000	4700000	0.029085
chr27_mat	4700000	4800000	0.0170055
chr27_mat	4800000	4900000	0.0245172
chr27_mat	4900000	5000000	0.0248703
chr27_mat	5000000	5100000	0.0200592
chr27_mat	5100000	5200000	0.0207279
chr27_mat	5200000	5300000	0.0203158
chr27_mat	5300000	5400000	0.0161345
chr27_mat	5400000	5500000	0.0209756
chr27_mat	5500000	5600000	
chr27_mat	5600000	5700000	
chr27_mat	5700000	5800000	
chr27_mat	5800000	5843241	
chr28_mat	0	100000	
chr28_mat	100000	200000	
chr28_mat	200000	300000	0.0407752
chr28_mat	300000	400000	0.0200402
chr28_mat	400000	500000	0.0154359
chr28_mat	500000	600000	0.0119656
chr28_mat	600000	700000	0.020816
chr28_mat	700000	800000	0.0171705
chr28_mat	800000	900000	0.0163423
chr28_mat	900000	1000000	0.0153796
chr28_mat	1000000	1100000	0.0145194
chr28_mat	1100000	1200000	0.0177666
chr28_mat	1200000	1300000	0.0145711
chr28_mat	1300000	1400000	0.0157074
chr28_mat	1400000	1500000	0.0187791
chr28_mat	1500000	1600000	0.0143685
chr28_mat	1600000	1700000	
chr28_mat	1700000	1800000	
chr28_mat	1800000	1900000	0.0165445
chr28_mat	1900000	2000000	0.0151419
chr28_mat	2000000	2100000	0.0268631
chr28_mat	2100000	2200000	0.0211194
chr28_mat	2200000	2300000	0.0220554
chr28_mat	2300000	2400000	0.0205797
chr28_mat	2400000	2500000	0.0141374
chr28_mat	2500000	2600000	0.0139765
chr28_mat	2600000	2700000	0.0153792
chr28_mat	2700000	2800000	0.01637
chr28_mat	2800000	2900000	0.0183885
chr28_mat	2900000	3000000	0.0182151
chr28_mat	3000000	3100000	0.0129112
chr28_mat	3100000	3200000	0.0182704
chr28_mat	3200000	3300000	0.0164267
chr28_mat	3300000	3400000	0.0161889
chr28_mat	3400000	3500000	0.0180981
chr28_mat	3500000	3600000	0.01607
chr28_mat	3600000	3700000	0.0168625
chr28_mat	3700000	3800000	0.0304924
chr28_mat	3800000	3900000	
chr28_mat	3900000	4000000	
chr28_mat	4000000	4100000	
chr28_mat	4100000	4200000	
chr28_mat	4200000	4300000	0.0157262
chr28_mat	4300000	4400000	0.0134925
chr28_mat	4400000	4500000	0.0205237
chr28_mat	4500000	4600000	0.0206538
chr28_mat	4600000	4700000	0.0149716
chr28_mat	4700000	4800000	0.0211379
chr28_mat	4800000	4900000	0.014921
chr28_mat	4900000	5000000	0.0172
chr28_mat	5000000	5100000	0.0145789
chr28_mat	5100000	5200000	0.0193584
chr28_mat	5200000	5300000	0.0129498
chr28_mat	5300000	5400000	0.0188695
chr28_mat	5400000	5500000	0.0173404
chr28_mat	5500000	5600000	0.022293
chr28_mat	5600000	5700000	0.021407
chr28_mat	5700000	5800000	0.0507875
chr28_mat	5800000	5900000	0.0722738
chr28_mat	5900000	6000000	
chr28_mat	6000000	6100000	
chr28_mat	6100000	6200000	
chr28_mat	6200000	6300000	
chr28_mat	6300000	6367150	
chr29_mat	0	100000	
chr29_mat	100000	200000	
chr29_mat	200000	300000	
chr29_mat	300000	400000	
chr29_mat	400000	500000	
chr29_mat	500000	600000	0.108302
chr29_mat	600000	700000	0.0755675
chr29_mat	700000	800000	0.0982105
chr29_mat	800000	900000	0.141284
chr29_mat	900000	1000000	0.126993
chr29_mat	1000000	1100000	0.0997036
chr29_mat	1100000	1200000	0.0705163
chr29_mat	1200000	1300000	0.0586968
chr29_mat	1300000	1400000	0.0631164
chr29_mat	1400000	1500000	0.105713
chr29_mat	1500000	1600000	0.0514246
chr29_mat	1600000	1700000	0.0821648
chr29_mat	1700000	1800000	0.0765242
chr29_mat	1800000	1900000	0.0687975
chr29_mat	1900000	2000000	0.0947233
chr29_mat	2000000	2100000	0.0416075
chr29_mat	2100000	2200000	0.0739914
chr29_mat	2200000	2300000	0.0646361
chr29_mat	2300000	2400000	0.0859566
chr29_mat	2400000	2500000	0.106613
chr29_mat	2500000	2600000	0.0701823
chr29_mat	2600000	2700000	0.0292181
chr29_mat	2700000	2800000	0.0177485
chr29_mat	2800000	2900000	0.0223563
chr29_mat	2900000	3000000	0.0165683
chr29_mat	3000000	3100000	0.0201265
chr29_mat	3100000	3200000	0.0148909
chr29_mat	3200000	3300000	0.0272273
chr29_mat	3300000	3400000	0.0241237
chr29_mat	3400000	3500000	0.0169338
chr29_mat	3500000	3600000	0.0197337
chr29_mat	3600000	3700000	0.0249044
chr29_mat	3700000	3800000	0.0187809
chr29_mat	3800000	3900000	0.0243665
chr29_mat	3900000	4000000	0.0246114
chr29_mat	4000000	4100000	0.0156936
chr29_mat	4100000	4200000	0.0199943
chr29_mat	4200000	4300000	0.0146866
chr29_mat	4300000	4400000	0.0135242
chr29_mat	4400000	4500000	0.0180262
chr29_mat	4500000	4600000	0.0167053
chr29_mat	4600000	4700000	0.0413139
chr29_mat	4700000	4800000	0.0218896
chr29_mat	4800000	4900000	0.0360262
chr29_mat	4900000	5000000	
chr29_mat	5000000	5100000	0.0305034
chr29_mat	5100000	5200000	0.0133033
chr29_mat	5200000	5300000	0.0164913
chr29_mat	5300000	5400000	0.0360108
chr29_mat	5400000	5500000	0.237849
chr29_mat	5500000	5600000	
chr29_mat	5600000	5689316	
chr30_mat	0	100000	
chr30_mat	100000	200000	0.0214112
chr30_mat	200000	300000	0.0146576
chr30_mat	300000	400000	0.0140129
chr30_mat	400000	500000	0.0222993
chr30_mat	500000	600000	0.019907
chr30_mat	600000	700000	0.0157223
chr30_mat	700000	800000	0.0307495
chr30_mat	800000	900000	0.0101293
chr30_mat	900000	1000000	0.0303434
chr30_mat	1000000	1100000	
chr30_mat	1100000	1200000	
chr30_mat	1200000	1300000	
chr30_mat	1300000	1400000	0.0401443
chr30_mat	1400000	1500000	0.0136724
chr30_mat	1500000	1600000	0.0247296
chr30_mat	1600000	1700000	0.0265057
chr30_mat	1700000	1800000	0.0248698
chr30_mat	1800000	1900000	0.0168166
chr30_mat	1900000	2000000	0.0232264
chr30_mat	2000000	2100000	0.0303638
chr30_mat	2100000	2200000	0.0215294
chr30_mat	2200000	2300000	0.0237538
chr30_mat	2300000	2400000	0.0446487
chr30_mat	2400000	2500000	0.042771
chr30_mat	2500000	2600000	0.0574495
chr30_mat	2600000	2700000	0.0466516
chr30_mat	2700000	2800000	0.0410207
chr30_mat	2800000	2900000	0.055606
chr30_mat	2900000	3000000	0.047676
chr30_mat	3000000	3100000	0.0421635
chr30_mat	3100000	3200000	0.0462191
chr30_mat	3200000	3300000	0.0382288
chr30_mat	3300000	3400000	0.0407669
chr30_mat	3400000	3500000	0.0479351
chr30_mat	3500000	3600000	0.0390058
chr30_mat	3600000	3700000	0.0370512
chr30_mat	3700000	3800000	0.0346492
chr30_mat	3800000	3900000	0.0310668
chr30_mat	3900000	4000000	0.0387442
chr30_mat	4000000	4100000	0.0467762
chr30_mat	4100000	4200000	0.0352604
chr30_mat	4200000	4300000	0.0436826
chr30_mat	4300000	4400000	0.0353415
chr30_mat	4400000	4500000	0.0407441
chr30_mat	4500000	4600000	0.0473594
chr30_mat	4600000	4700000	0.0336695
chr30_mat	4700000	4800000	0.0348126
chr30_mat	4800000	4900000	0.0440792
chr30_mat	4900000	5000000	0.0415045
chr30_mat	5000000	5100000	0.0394294
chr30_mat	5100000	5200000	0.0589958
chr30_mat	5200000	5300000	0.0543888
chr30_mat	5300000	5400000	0.0450667
chr30_mat	5400000	5500000	0.0450304
chr30_mat	5500000	5600000	0.0382465
chr30_mat	5600000	5700000	0.0405409
chr30_mat	5700000	5800000	0.0370824
chr30_mat	5800000	5900000	0.0334195
chr30_mat	5900000	6000000	0.0330448
chr30_mat	6000000	6100000	0.0340234
chr30_mat	6100000	6200000	0.0289986
chr30_mat	6200000	6300000	0.0377868
chr30_mat	6300000	6400000	0.0301723
chr30_mat	6400000	6500000	0.0446035
chr30_mat	6500000	6600000	0.0442952
chr30_mat	6600000	6700000	0.0390786
chr30_mat	6700000	6800000	0.0347162
chr30_mat	6800000	6900000	0.0380447
chr30_mat	6900000	7000000	0.0295156
chr30_mat	7000000	7100000	0.0431299
chr30_mat	7100000	7200000	0.0370318
chr30_mat	7200000	7300000	0.0482916
chr30_mat	7300000	7400000	0.0571388
chr30_mat	7400000	7500000	0.0325799
chr30_mat	7500000	7600000	0.0367766
chr30_mat	7600000	7700000	0.0461601
chr30_mat	7700000	7800000	0.0344738
chr30_mat	7800000	7900000	0.0311987
chr30_mat	7900000	8000000	0.0297136
chr30_mat	8000000	8100000	0.047094
chr30_mat	8100000	8200000	0.036327
chr30_mat	8200000	8300000	0.037287
chr30_mat	8300000	8400000	0.0467572
chr30_mat	8400000	8500000	0.0479079
chr30_mat	8500000	8600000	0.0345939
chr30_mat	8600000	8700000	0.0368541
chr30_mat	8700000	8800000	0.0300103
chr30_mat	8800000	8900000	0.0319551
chr30_mat	8900000	9000000	0.0322951
chr30_mat	9000000	9100000	0.039208
chr30_mat	9100000	9200000	0.0426817
chr30_mat	9200000	9300000	0.0424811
chr30_mat	9300000	9400000	0.034463
chr30_mat	9400000	9500000	0.0550259
chr30_mat	9500000	9600000	
chr30_mat	9600000	9700000	
chr30_mat	9700000	9800000	
chr30_mat	9800000	9900000	
chr30_mat	9900000	10000000	
chr30_mat	10000000	10075530	
chr31_mat	0	100000	
chr31_mat	100000	200000	0.058134
chr31_mat	200000	300000	0.0165784
chr31_mat	300000	400000	0.0247794
chr31_mat	400000	500000	0.0226384
chr31_mat	500000	600000	0.0208103
chr31_mat	600000	700000	0.0216767
chr31_mat	700000	800000	0.0233332
chr31_mat	800000	900000	0.021275
chr31_mat	900000	1000000	0.0227448
chr31_mat	1000000	1100000	0.0238536
chr31_mat	1100000	1200000	0.0227436
chr31_mat	1200000	1300000	0.0237411
chr31_mat	1300000	1400000	0.0278331
chr31_mat	1400000	1500000	0.0214856
chr31_mat	1500000	1600000	0.0309576
chr31_mat	1600000	1700000	0.0264815
chr31_mat	1700000	1800000	0.0244211
chr31_mat	1800000	1900000	0.0191825
chr31_mat	1900000	2000000	0.0219434
chr31_mat	2000000	2100000	0.0190247
chr31_mat	2100000	2200000	0.0236167
chr31_mat	2200000	2300000	0.0135197
chr31_mat	2300000	2400000	0.0209598
chr31_mat	2400000	2500000	0.029189
chr31_mat	2500000	2600000	0.0403023
chr31_mat	2600000	2700000	0.0532181
chr31_mat	2700000	2800000	0.05758
chr31_mat	2800000	2900000	0.0867143
chr31_mat	2900000	3000000	0.0357786
chr31_mat	3000000	3100000	0.0638772
chr31_mat	3100000	3200000	0.0580968
chr31_mat	3200000	3300000	0.0600679
chr31_mat	3300000	3400000	0.0808419
chr31_mat	3400000	3500000	0.058905
chr31_mat	3500000	3600000	0.0626475
chr31_mat	3600000	3700000	0.0397881
chr31_mat	3700000	3800000	0.0771081
chr31_mat	3800000	3900000	0.0745734
chr31_mat	3900000	4000000	0.0539087
chr31_mat	4000000	4100000	0.0936758
chr31_mat	4100000	4200000	0.0828467
chr31_mat	4200000	4300000	0.066826
chr31_mat	4300000	4400000	0.0687061
chr31_mat	4400000	4500000	0.0561579
chr31_mat	4500000	4600000	0.104585
chr31_mat	4600000	4700000	0.0906673
chr31_mat	4700000	4800000	0.0996112
chr31_mat	4800000	4900000	
chr31_mat	4900000	5000000	
chr31_mat	5000000	5100000	
chr31_mat	5100000	5200000	
chr31_mat	5200000	5300000	
chr31_mat	5300000	5400000	
chr31_mat	5400000	5500000	
chr31_mat	5500000	5600000	
chr31_mat	5600000	5620948	
chr32_mat	0	100000	
chr32_mat	100000	200000	
chr32_mat	200000	300000	
chr32_mat	300000	400000	0.250488
chr32_mat	400000	500000	0.0211688
chr32_mat	500000	600000	0.0215387
chr32_mat	600000	700000	0.0209139
chr32_mat	700000	800000	0.0287871
chr32_mat	800000	900000	0.0421331
chr32_mat	900000	1000000	0.016256
chr32_mat	1000000	1100000	0.0210559
chr32_mat	1100000	1200000	0.0129551
chr32_mat	1200000	1300000	0.0250178
chr32_mat	1300000	1400000	0.0214256
chr32_mat	1400000	1500000	0.0140819
chr32_mat	1500000	1600000	0.0229303
chr32_mat	1600000	1700000	0.0255474
chr32_mat	1700000	1800000	0.0261247
chr32_mat	1800000	1900000	0.0416363
chr32_mat	1900000	2000000	0.0369147
chr32_mat	2000000	2100000	0.0191248
chr32_mat	2100000	2200000	0.13958
chr32_mat	2200000	2300000	
chr32_mat	2300000	2400000	
chr32_mat	2400000	2500000	
chr32_mat	2500000	2600000	
chr32_mat	2600000	2700000	
chr32_mat	2700000	2800000	
chr32_mat	2800000	2900000	
chr32_mat	2900000	3000000	
chr32_mat	3000000	3100000	
chr32_mat	3100000	3200000	
chr32_mat	3200000	3300000	
chr32_mat	3300000	3400000	0.0684816
chr32_mat	3400000	3500000	0.0522291
chr32_mat	3500000	3600000	0.0477074
chr32_mat	3600000	3700000	0.0623856
chr32_mat	3700000	3800000	0.0754224
chr32_mat	3800000	3900000	0.0624087
chr32_mat	3900000	4000000	0.0395987
chr32_mat	4000000	4100000	0.0498233
chr32_mat	4100000	4200000	0.0521762
chr32_mat	4200000	4300000	0.0620786
chr32_mat	4300000	4400000	0.0829721
chr32_mat	4400000	4500000	0.0477571
chr32_mat	4500000	4600000	0.0434983
chr32_mat	4600000	4700000	0.0496707
chr32_mat	4700000	4800000	0.0609328
chr32_mat	4800000	4900000	0.0738086
chr32_mat	4900000	5000000	0.137396
chr32_mat	5000000	5100000	
chr32_mat	5100000	5200000	
chr32_mat	5200000	5300000	
chr32_mat	5300000	5400000	
chr32_mat	5400000	5500000	
chr32_mat	5500000	5583733	
chr33_mat	0	100000	
chr33_mat	100000	200000	
chr33_mat	200000	300000	
chr33_mat	300000	400000	
chr33_mat	400000	500000	0.0558877
chr33_mat	500000	600000	0.0185177
chr33_mat	600000	700000	0.0198104
chr33_mat	700000	800000	0.0217585
chr33_mat	800000	900000	0.0346372
chr33_mat	900000	1000000	0.0266583
chr33_mat	1000000	1100000	0.0292239
chr33_mat	1100000	1200000	0.0167967
chr33_mat	1200000	1300000	0.0251699
chr33_mat	1300000	1400000	0.0350392
chr33_mat	1400000	1500000	0.0334085
chr33_mat	1500000	1600000	0.0280923
chr33_mat	1600000	1700000	0.01847
chr33_mat	1700000	1800000	0.0148741
chr33_mat	1800000	1900000	0.0249479
chr33_mat	1900000	2000000	0.0362682
chr33_mat	2000000	2100000	0.0757904
chr33_mat	2100000	2200000	0.0514209
chr33_mat	2200000	2300000	0.064236
chr33_mat	2300000	2400000	0.0988879
chr33_mat	2400000	2500000	0.0499663
chr33_mat	2500000	2600000	0.0311864
chr33_mat	2600000	2700000	0.0562274
chr33_mat	2700000	2800000	0.0513729
chr33_mat	2800000	2900000	0.0518926
chr33_mat	2900000	3000000	0.0639834
chr33_mat	3000000	3100000	0.0699373
chr33_mat	3100000	3200000	0.0486147
chr33_mat	3200000	3300000	0.0998599
chr33_mat	3300000	3400000	0.0681176
chr33_mat	3400000	3500000	0.0712748
chr33_mat	3500000	3600000	0.0583015
chr33_mat	3600000	3700000	0.217134
chr33_mat	3700000	3800000	
chr33_mat	3800000	3900000	
chr33_mat	3900000	4000000	
chr33_mat	4000000	4100000	
chr33_mat	4100000	4200000	
chr33_mat	4200000	4246341	
chr34_mat	0	100000	
chr34_mat	100000	200000	
chr34_mat	200000	300000	
chr34_mat	300000	400000	
chr34_mat	400000	500000	0.0513407
chr34_mat	500000	600000	0.0418779
chr34_mat	600000	700000	0.0458785
chr34_mat	700000	800000	0.0359139
chr34_mat	800000	900000	0.0512925
chr34_mat	900000	1000000	0.0561594
chr34_mat	1000000	1100000	0.0510067
chr34_mat	1100000	1200000	0.0450283
chr34_mat	1200000	1300000	0.0654707
chr34_mat	1300000	1400000	0.0419763
chr34_mat	1400000	1500000	0.0745375
chr34_mat	1500000	1600000	0.0490993
chr34_mat	1600000	1700000	0.0411319
chr34_mat	1700000	1800000	0.0871352
chr34_mat	1800000	1900000	0.0541756
chr34_mat	1900000	2000000	0.0733702
chr34_mat	2000000	2100000	0.0816284
chr34_mat	2100000	2200000	0.0656151
chr34_mat	2200000	2300000	0.0396673
chr34_mat	2300000	2400000	0.0358295
chr34_mat	2400000	2500000	0.0524274
chr34_mat	2500000	2600000	0.0273766
chr34_mat	2600000	2700000	0.0157579
chr34_mat	2700000	2800000	
chr34_mat	2800000	2900000	0.0198892
chr34_mat	2900000	3000000	0.0366971
chr34_mat	3000000	3100000	0.0134665
chr34_mat	3100000	3200000	0.0158502
chr34_mat	3200000	3300000	0.0176103
chr34_mat	3300000	3400000	0.0233149
chr34_mat	3400000	3500000	0.0199598
chr34_mat	3500000	3600000	0.0200468
chr34_mat	3600000	3700000	0.0152462
chr34_mat	3700000	3800000	0.0177831
chr34_mat	3800000	3900000	0.0114386
chr34_mat	3900000	4000000	0.0208823
chr34_mat	4000000	4100000	0.0424546
chr34_mat	4100000	4200000	
chr34_mat	4200000	4300000	
chr34_mat	4300000	4400000	
chr34_mat	4400000	4456870	
chr35_mat	0	100000	
chr35_mat	100000	200000	
chr35_mat	200000	300000	
chr35_mat	300000	400000	
chr35_mat	400000	500000	
chr35_mat	500000	600000	
chr35_mat	600000	700000	
chr35_mat	700000	800000	0.0480425
chr35_mat	800000	900000	0.0163403
chr35_mat	900000	1000000	0.0190211
chr35_mat	1000000	1100000	0.0210842
chr35_mat	1100000	1200000	0.0278608
chr35_mat	1200000	1300000	0.0214109
chr35_mat	1300000	1400000	0.0300881
chr35_mat	1400000	1500000	0.0361728
chr35_mat	1500000	1600000	0.0157778
chr35_mat	1600000	1700000	0.0147756
chr35_mat	1700000	1800000	0.0151836
chr35_mat	1800000	1900000	0.0269
chr35_mat	1900000	2000000	0.134407
chr35_mat	2000000	2100000	
chr35_mat	2100000	2200000	
chr35_mat	2200000	2300000	
chr35_mat	2300000	2400000	
chr35_mat	2400000	2500000	
chr35_mat	2500000	2600000	
chr35_mat	2600000	2700000	
chr35_mat	2700000	2800000	
chr35_mat	2800000	2900000	
chr35_mat	2900000	3000000	
chr35_mat	3000000	3100000	
chr35_mat	3100000	3200000	
chr35_mat	3200000	3300000	
chr35_mat	3300000	3400000	
chr35_mat	3400000	3500000	
chr35_mat	3500000	3600000	
chr35_mat	3600000	3700000	
chr35_mat	3700000	3800000	
chr35_mat	3800000	3900000	
chr35_mat	3900000	4000000	
chr35_mat	4000000	4100000	
chr35_mat	4100000	4200000	
chr35_mat	4200000	4300000	
chr35_mat	4300000	4400000	
chr35_mat	4400000	4500000	
chr35_mat	4500000	4600000	
chr35_mat	4600000	4700000	
chr35_mat	4700000	4800000	
chr35_mat	4800000	4884911	
chr36_mat	0	100000	0.0189633
chr36_mat	100000	200000	0.0209772
chr36_mat	200000	300000	0.020286
chr36_mat	300000	400000	0.0170142
chr36_mat	400000	500000	0.0259577
chr36_mat	500000	600000	0.0156717
chr36_mat	600000	700000	0.0335329
chr36_mat	700000	800000	0.0232212
chr36_mat	800000	900000	0.0188781
chr36_mat	900000	1000000	0.0199213
chr36_mat	1000000	1100000	0.0179381
chr36_mat	1100000	1200000	0.0270089
chr36_mat	1200000	1300000	0.0318829
chr36_mat	1300000	1400000	0.030697
chr36_mat	1400000	1500000	0.0303388
chr36_mat	1500000	1600000	0.035998
chr36_mat	1600000	1700000	0.0344869
chr36_mat	1700000	1800000	0.0327761
chr36_mat	1800000	1900000	0.0375703
chr36_mat	1900000	2000000	0.0378557
chr36_mat	2000000	2100000	0.0350489
chr36_mat	2100000	2200000	0.0332332
chr36_mat	2200000	2300000	0.0346178
chr36_mat	2300000	2400000	0.0298342
chr36_mat	2400000	2500000	0.0343214
chr36_mat	2500000	2600000	0.0335547
chr36_mat	2600000	2700000	0.0344616
chr36_mat	2700000	2800000	0.0356824
chr36_mat	2800000	2900000	0.0318348
chr36_mat	2900000	3000000	0.0273544
chr36_mat	3000000	3100000	0.0303752
chr36_mat	3100000	3200000	0.0321065
chr36_mat	3200000	3300000	0.0495712
chr36_mat	3300000	3400000	0.0363057
chr36_mat	3400000	3500000	0.0299147
chr36_mat	3500000	3600000	0.0361718
chr36_mat	3600000	3700000	0.0324433
chr36_mat	3700000	3800000	0.0372941
chr36_mat	3800000	3900000	0.0347677
chr36_mat	3900000	4000000	0.0372343
chr36_mat	4000000	4100000	0.0340982
chr36_mat	4100000	4200000	0.0304287
chr36_mat	4200000	4300000	0.0347059
chr36_mat	4300000	4400000	0.0315999
chr36_mat	4400000	4500000	0.0339308
chr36_mat	4500000	4600000	
chr36_mat	4600000	4700000	
chr36_mat	4700000	4800000	
chr36_mat	4800000	4818805	
chr37_mat	0	100000	0.0400551
chr37_mat	100000	200000	0.0158747
chr37_mat	200000	300000	0.0202392
chr37_mat	300000	400000	0.0243429
chr37_mat	400000	500000	0.024947
chr37_mat	500000	600000	0.0179871
chr37_mat	600000	700000	0.0320316
chr37_mat	700000	800000	0.0184131
chr37_mat	800000	900000	0.0214556
chr37_mat	900000	1000000	0.0206066
chr37_mat	1000000	1100000	0.0422761
chr37_mat	1100000	1200000	0.0951919
chr37_mat	1200000	1300000	0.0265841
chr37_mat	1300000	1400000	0.0318262
chr37_mat	1400000	1500000	0.0195236
chr37_mat	1500000	1600000	0.0377735
chr37_mat	1600000	1700000	0.0173907
chr37_mat	1700000	1800000	0.0151323
chr37_mat	1800000	1900000	0.0143308
chr37_mat	1900000	2000000	0.0412673
chr37_mat	2000000	2100000	0.0345284
chr37_mat	2100000	2200000	0.0452593
chr37_mat	2200000	2300000	0.0572732
chr37_mat	2300000	2400000	0.0525813
chr37_mat	2400000	2500000	0.0514567
chr37_mat	2500000	2600000	0.0534317
chr37_mat	2600000	2700000	0.0611373
chr37_mat	2700000	2800000	0.0473622
chr37_mat	2800000	2900000	0.0854172
chr37_mat	2900000	3000000	0.0594182
chr37_mat	3000000	3100000	0.0478378
chr37_mat	3100000	3200000	0.0401579
chr37_mat	3200000	3300000	0.0589691
chr37_mat	3300000	3400000	0.0865007
chr37_mat	3400000	3500000	0.0556335
chr37_mat	3500000	3600000	0.0653134
chr37_mat	3600000	3700000	0.057377
chr37_mat	3700000	3800000	0.039258
chr37_mat	3800000	3900000	0.0428738
chr37_mat	3900000	4000000	0.0516673
chr37_mat	4000000	4100000	0.0593795
chr37_mat	4100000	4200000	0.0614591
chr37_mat	4200000	4300000	0.0929688
chr37_mat	4300000	4400000	0.0567239
chr37_mat	4400000	4500000	0.0480545
chr37_mat	4500000	4600000	0.0467334
chr37_mat	4600000	4700000	0.0626613
chr37_mat	4700000	4800000	0.0484488
chr37_mat	4800000	4900000	0.0575231
chr37_mat	4900000	5000000	0.046443
chr37_mat	5000000	5100000	0.0941582
chr37_mat	5100000	5200000	0.0742382
chr37_mat	5200000	5300000	0.0938545
chr37_mat	5300000	5400000	
chr37_mat	5400000	5500000	
chr37_mat	5500000	5600000	
chr37_mat	5600000	5700000	
chr37_mat	5700000	5800000	
chr37_mat	5800000	5900000	0.0438712
chr37_mat	5900000	6000000	0.0550904
chr37_mat	6000000	6100000	0.0387426
chr37_mat	6100000	6200000	0.0366574
chr37_mat	6200000	6300000	0.0374367
chr37_mat	6300000	6400000	0.0281134
chr37_mat	6400000	6500000	0.0365982
chr37_mat	6500000	6600000	0.0494341
chr37_mat	6600000	6700000	0.0444422
chr37_mat	6700000	6800000	0.0406132
chr37_mat	6800000	6900000	0.0397556
chr37_mat	6900000	7000000	0.0546975
chr37_mat	7000000	7100000	0.0317469
chr37_mat	7100000	7200000	0.0886425
chr37_mat	7200000	7300000	
chr37_mat	7300000	7400000	
chr37_mat	7400000	7500000	
chr37_mat	7500000	7600000	
chr37_mat	7600000	7700000	
chr37_mat	7700000	7800000	
chr37_mat	7800000	7863776	
chrW_mat	0	100000	
chrW_mat	100000	200000	
chrW_mat	200000	300000	
chrW_mat	300000	400000	
chrW_mat	400000	500000	
chrW_mat	500000	600000	
chrW_mat	600000	700000	
chrW_mat	700000	800000	
chrW_mat	800000	900000	
chrW_mat	900000	1000000	
chrW_mat	1000000	1100000	
chrW_mat	1100000	1200000	
chrW_mat	1200000	1300000	
chrW_mat	1300000	1400000	
chrW_mat	1400000	1500000	
chrW_mat	1500000	1600000	
chrW_mat	1600000	1700000	
chrW_mat	1700000	1800000	0.0073035
chrW_mat	1800000	1900000	
chrW_mat	1900000	2000000	
chrW_mat	2000000	2100000	
chrW_mat	2100000	2200000	
chrW_mat	2200000	2300000	
chrW_mat	2300000	2400000	
chrW_mat	2400000	2500000	
chrW_mat	2500000	2600000	0.0680147
chrW_mat	2600000	2700000	0.0357265
chrW_mat	2700000	2800000	0.0145728
chrW_mat	2800000	2900000	0.01552
chrW_mat	2900000	3000000	0.021138
chrW_mat	3000000	3100000	0.0193199
chrW_mat	3100000	3200000	0.0554654
chrW_mat	3200000	3300000	0.026184
chrW_mat	3300000	3400000	
chrW_mat	3400000	3500000	
chrW_mat	3500000	3600000	
chrW_mat	3600000	3700000	
chrW_mat	3700000	3800000	
chrW_mat	3800000	3900000	
chrW_mat	3900000	4000000	
chrW_mat	4000000	4100000	
chrW_mat	4100000	4200000	
chrW_mat	4200000	4300000	
chrW_mat	4300000	4400000	
chrW_mat	4400000	4500000	
chrW_mat	4500000	4600000	
chrW_mat	4600000	4700000	
chrW_mat	4700000	4800000	
chrW_mat	4800000	4900000	
chrW_mat	4900000	5000000	
chrW_mat	5000000	5100000	
chrW_mat	5100000	5200000	
chrW_mat	5200000	5300000	
chrW_mat	5300000	5400000	
chrW_mat	5400000	5500000	
chrW_mat	5500000	5600000	
chrW_mat	5600000	5700000	
chrW_mat	5700000	5800000	
chrW_mat	5800000	5900000	
chrW_mat	5900000	6000000	
chrW_mat	6000000	6100000	
chrW_mat	6100000	6200000	
chrW_mat	6200000	6300000	
chrW_mat	6300000	6400000	
chrW_mat	6400000	6500000	
chrW_mat	6500000	6600000	
chrW_mat	6600000	6700000	
chrW_mat	6700000	6800000	
chrW_mat	6800000	6900000	
chrW_mat	6900000	7000000	
chrW_mat	7000000	7100000	
chrW_mat	7100000	7200000	
chrW_mat	7200000	7300000	
chrW_mat	7300000	7400000	
chrW_mat	7400000	7500000	
chrW_mat	7500000	7600000	
chrW_mat	7600000	7700000	
chrW_mat	7700000	7800000	
chrW_mat	7800000	7900000	
chrW_mat	7900000	8000000	
chrW_mat	8000000	8100000	
chrW_mat	8100000	8200000	
chrW_mat	8200000	8300000	
chrW_mat	8300000	8400000	
chrW_mat	8400000	8500000	0.0909023
chrW_mat	8500000	8600000	0.0325325
chrW_mat	8600000	8700000	0.0197145
chrW_mat	8700000	8800000	0.0131686
chrW_mat	8800000	8900000	0.0175013
chrW_mat	8900000	9000000	0.0198465
chrW_mat	9000000	9100000	0.0249634
chrW_mat	9100000	9200000	0.0198555
chrW_mat	9200000	9300000	0.0133224
chrW_mat	9300000	9400000	0.0112325
chrW_mat	9400000	9500000	0.0087192
chrW_mat	9500000	9600000	0.0100186
chrW_mat	9600000	9700000	0.0209376
chrW_mat	9700000	9800000	0.0175786
chrW_mat	9800000	9900000	0.0106446
chrW_mat	9900000	10000000	0.0112808
chrW_mat	10000000	10100000	0.00941166
chrW_mat	10100000	10200000	0.00842002
chrW_mat	10200000	10300000	0.0133169
chrW_mat	10300000	10400000	0.0132975
chrW_mat	10400000	10500000	0.0122063
chrW_mat	10500000	10600000	0.0119525
chrW_mat	10600000	10700000	0.0134675
chrW_mat	10700000	10800000	0.0171209
chrW_mat	10800000	10900000	0.0219323
chrW_mat	10900000	11000000	0.0198078
chrW_mat	11000000	11100000	0.0119331
chrW_mat	11100000	11200000	0.0123844
chrW_mat	11200000	11300000	0.011841
chrW_mat	11300000	11400000	0.0199917
chrW_mat	11400000	11500000	0.0202281
chrW_mat	11500000	11600000	0.0201672
chrW_mat	11600000	11700000	0.0257651
chrW_mat	11700000	11800000	0.0207835
chrW_mat	11800000	11900000	0.0196288
chrW_mat	11900000	12000000	0.0218576
chrW_mat	12000000	12100000	0.020428
chrW_mat	12100000	12200000	0.0191505
chrW_mat	12200000	12300000	0.0212996
chrW_mat	12300000	12400000	0.0214528
chrW_mat	12400000	12500000	0.00956134
chrW_mat	12500000	12600000	0.00853785
chrW_mat	12600000	12700000	0.0101834
chrW_mat	12700000	12800000	0.0113859
chrW_mat	12800000	12900000	0.0152813
chrW_mat	12900000	13000000	0.0132751
chrW_mat	13000000	13100000	0.0193895
chrW_mat	13100000	13200000	0.0127367
chrW_mat	13200000	13300000	0.0209933
chrW_mat	13300000	13400000	0.0194553
chrW_mat	13400000	13500000	0.0182053
chrW_mat	13500000	13600000	0.0161817
chrW_mat	13600000	13700000	0.0151063
chrW_mat	13700000	13800000	0.0318679
chrW_mat	13800000	13900000	0.0784437
chrW_mat	13900000	14000000	0.0379791
chrW_mat	14000000	14100000	0.0726281
chrW_mat	14100000	14200000	0.038262
chrW_mat	14200000	14300000	0.0272786
chrW_mat	14300000	14400000	0.0167001
chrW_mat	14400000	14500000	0.0141115
chrW_mat	14500000	14600000	0.027747
chrW_mat	14600000	14700000	0.0139045
chrW_mat	14700000	14800000	0.00981011
chrW_mat	14800000	14900000	0.0129289
chrW_mat	14900000	15000000	0.0128996
chrW_mat	15000000	15100000	0.0113035
chrW_mat	15100000	15200000	0.0156866
chrW_mat	15200000	15300000	0.0198866
chrW_mat	15300000	15400000	0.0219249
chrW_mat	15400000	15500000	0.0202149
chrW_mat	15500000	15600000	0.0170161
chrW_mat	15600000	15700000	0.0337224
chrW_mat	15700000	15800000	0.0102543
chrW_mat	15800000	15900000	0.0102401
chrW_mat	15900000	16000000	0.0134248
chrW_mat	16000000	16100000	0.0115447
chrW_mat	16100000	16200000	0.020041
chrW_mat	16200000	16300000	0.0188172
chrW_mat	16300000	16400000	0.00814571
chrW_mat	16400000	16500000	0.0110077
chrW_mat	16500000	16600000	0.0169022
chrW_mat	16600000	16700000	0.0186966
chrW_mat	16700000	16800000	0.0206879
chrW_mat	16800000	16900000	0.0159248
chrW_mat	16900000	17000000	
chrW_mat	17000000	17100000	
chrW_mat	17100000	17200000	0.0151491
chrW_mat	17200000	17300000	0.0156352
chrW_mat	17300000	17400000	0.0185914
chrW_mat	17400000	17500000	0.0242945
chrW_mat	17500000	17600000	0.0127605
chrW_mat	17600000	17700000	0.014367
chrW_mat	17700000	17800000	0.00943765
chrW_mat	17800000	17900000	0.0104431
chrW_mat	17900000	18000000	0.0534729
chrW_mat	18000000	18100000	0.0795654
chrW_mat	18100000	18200000	0.0430626
chrW_mat	18200000	18300000	0.0486678
chrW_mat	18300000	18400000	0.0600128
chrW_mat	18400000	18500000	0.0425371
chrW_mat	18500000	18600000	0.0538364
chrW_mat	18600000	18700000	0.0429821
chrW_mat	18700000	18800000	0.0344696
chrW_mat	18800000	18900000	0.0380426
chrW_mat	18900000	19000000	
chrW_mat	19000000	19100000	
chrW_mat	19100000	19200000	
chrW_mat	19200000	19300000	0.0907401
chrW_mat	19300000	19400000	
chrW_mat	19400000	19500000	
chrW_mat	19500000	19600000	
chrW_mat	19600000	19700000	
chrW_mat	19700000	19800000	
chrW_mat	19800000	19900000	
chrW_mat	19900000	20000000	
chrW_mat	20000000	20100000	
chrW_mat	20100000	20200000	
chrW_mat	20200000	20300000	
chrW_mat	20300000	20400000	
chrW_mat	20400000	20500000	
chrW_mat	20500000	20600000	
chrW_mat	20600000	20700000	
chrW_mat	20700000	20800000	
chrW_mat	20800000	20900000	
chrW_mat	20900000	21000000	
chrW_mat	21000000	21100000	
chrW_mat	21100000	21200000	
chrW_mat	21200000	21300000	
chrW_mat	21300000	21400000	
chrW_mat	21400000	21500000	
chrW_mat	21500000	21600000	0.0845815
chrW_mat	21600000	21700000	
chrW_mat	21700000	21800000	
chrW_mat	21800000	21900000	
chrW_mat	21900000	22000000	
chrW_mat	22000000	22100000	0.021151
chrW_mat	22100000	22200000	0.0188793
chrW_mat	22200000	22300000	
chrW_mat	22300000	22400000	
chrW_mat	22400000	22500000	
chrW_mat	22500000	22600000	
chrW_mat	22600000	22700000	0.024221
chrW_mat	22700000	22800000	0.0148772
chrW_mat	22800000	22900000	0.0180819
chrW_mat	22900000	23000000	0.019327
chrW_mat	23000000	23100000	0.0206768
chrW_mat	23100000	23200000	0.021222
chrW_mat	23200000	23300000	0.0214164
chrW_mat	23300000	23400000	0.0147489
chrW_mat	23400000	23500000	0.0102718
chrW_mat	23500000	23600000	0.00978927
chrW_mat	23600000	23700000	0.0345081
chrW_mat	23700000	23800000	0.0722885
chrW_mat	23800000	23900000	0.0688995
chrW_mat	23900000	24000000	0.0527291
chrW_mat	24000000	24100000	0.0225689
chrW_mat	24100000	24200000	0.0195972
chrW_mat	24200000	24300000	0.0102454
chrW_mat	24300000	24400000	0.0150248
chrW_mat	24400000	24500000	0.0188745
chrW_mat	24500000	24600000	0.0220636
chrW_mat	24600000	24700000	0.019309
chrW_mat	24700000	24800000	0.0134798
chrW_mat	24800000	24900000	0.00973452
chrW_mat	24900000	25000000	0.0146059
chrW_mat	25000000	25100000	0.0131812
chrW_mat	25100000	25200000	0.0173634
chrW_mat	25200000	25300000	0.013252
chrW_mat	25300000	25400000	0.012214
chrW_mat	25400000	25500000	0.0124875
chrW_mat	25500000	25600000	0.0165424
chrW_mat	25600000	25700000	0.0110059
chrW_mat	25700000	25800000	0.0134584
chrW_mat	25800000	25900000	0.0111798
chrW_mat	25900000	26000000	0.0266267
chrW_mat	26000000	26100000	0.0180426
chrW_mat	26100000	26200000	0.0167772
chrW_mat	26200000	26300000	0.00944462
chrW_mat	26300000	26400000	0.0105659
chrW_mat	26400000	26500000	0.0113421
chrW_mat	26500000	26600000	0.0201089
chrW_mat	26600000	26700000	0.0304486
chrW_mat	26700000	26800000	0.0302376
chrW_mat	26800000	26900000	0.0185391
chrW_mat	26900000	27000000	0.0210009
chrW_mat	27000000	27100000	0.0209073
chrW_mat	27100000	27200000	0.0199238
chrW_mat	27200000	27300000	0.0185975
chrW_mat	27300000	27400000	0.0178273
chrW_mat	27400000	27500000	0.0155473
chrW_mat	27500000	27600000	0.00941881
chrW_mat	27600000	27700000	0.0125501
chrW_mat	27700000	27800000	0.0215672
chrW_mat	27800000	27900000	0.0198563
chrW_mat	27900000	28000000	0.0111606
chrW_mat	28000000	28100000	0.0185755
chrW_mat	28100000	28200000	0.0179714
chrW_mat	28200000	28300000	0.015291
chrW_mat	28300000	28400000	0.0139481
chrW_mat	28400000	28500000	0.0281623
chrW_mat	28500000	28600000	0.0115591
chrW_mat	28600000	28700000	0.0192147
chrW_mat	28700000	28800000	0.0215467
chrW_mat	28800000	28900000	0.0196562
chrW_mat	28900000	29000000	0.0161504
chrW_mat	29000000	29100000	0.0143178
chrW_mat	29100000	29200000	0.0105622
chrW_mat	29200000	29300000	0.0127515
chrW_mat	29300000	29400000	0.0167447
chrW_mat	29400000	29500000	0.011174
chrW_mat	29500000	29600000	0.0173436
chrW_mat	29600000	29700000	0.0185266
chrW_mat	29700000	29800000	0.0202381
chrW_mat	29800000	29900000	0.019409
chrW_mat	29900000	30000000	0.021861
chrW_mat	30000000	30100000	0.0192397
chrW_mat	30100000	30200000	0.0186942
chrW_mat	30200000	30300000	0.0161051
chrW_mat	30300000	30400000	0.024391
chrW_mat	30400000	30500000	0.0202057
chrW_mat	30500000	30600000	0.0251035
chrW_mat	30600000	30700000	0.018918
chrW_mat	30700000	30800000	0.0155651
chrW_mat	30800000	30900000	0.0134538
chrW_mat	30900000	31000000	0.0136759
chrW_mat	31000000	31100000	0.0125165
chrW_mat	31100000	31200000	0.024248
chrW_mat	31200000	31300000	0.00977609
chrW_mat	31300000	31400000	0.0158595
chrW_mat	31400000	31500000	0.0105398
chrW_mat	31500000	31600000	0.0109605
chrW_mat	31600000	31700000	0.0115566
chrW_mat	31700000	31800000	0.0149567
chrW_mat	31800000	31900000	0.0169011
chrW_mat	31900000	32000000	0.0143884
chrW_mat	32000000	32100000	0.0111521
chrW_mat	32100000	32200000	0.0146876
chrW_mat	32200000	32300000	0.01372
chrW_mat	32300000	32400000	0.0121416
chrW_mat	32400000	32500000	0.00896204
chrW_mat	32500000	32600000	0.0170602
chrW_mat	32600000	32700000	0.020113
chrW_mat	32700000	32800000	0.0196179
chrW_mat	32800000	32900000	0.0179974
chrW_mat	32900000	33000000	0.0147838
chrW_mat	33000000	33100000	0.00992228
chrW_mat	33100000	33200000	0.00809154
chrW_mat	33200000	33300000	0.0110138
chrW_mat	33300000	33400000	0.0174755
chrW_mat	33400000	33500000	0.0176007
chrW_mat	33500000	33600000	0.0207651
chrW_mat	33600000	33700000	0.0185899
chrW_mat	33700000	33777440	0.0368305
chrZ_pat	0	100000	
chrZ_pat	100000	200000	
chrZ_pat	200000	300000	
chrZ_pat	300000	400000	
chrZ_pat	400000	500000	
chrZ_pat	500000	600000	
chrZ_pat	600000	700000	
chrZ_pat	700000	800000	
chrZ_pat	800000	900000	
chrZ_pat	900000	1000000	
chrZ_pat	1000000	1100000	
chrZ_pat	1100000	1200000	
chrZ_pat	1200000	1300000	
chrZ_pat	1300000	1400000	
chrZ_pat	1400000	1500000	
chrZ_pat	1500000	1600000	
chrZ_pat	1600000	1700000	0.00332631
chrZ_pat	1700000	1800000	
chrZ_pat	1800000	1900000	
chrZ_pat	1900000	2000000	
chrZ_pat	2000000	2100000	0.0203095
chrZ_pat	2100000	2200000	
chrZ_pat	2200000	2300000	
chrZ_pat	2300000	2400000	
chrZ_pat	2400000	2500000	
chrZ_pat	2500000	2600000	0.0320823
chrZ_pat	2600000	2700000	0.0586907
chrZ_pat	2700000	2800000	0.03235
chrZ_pat	2800000	2900000	0.0154392
chrZ_pat	2900000	3000000	0.0140072
chrZ_pat	3000000	3100000	0.02008
chrZ_pat	3100000	3200000	0.0209896
chrZ_pat	3200000	3300000	0.0360573
chrZ_pat	3300000	3400000	0.0143502
chrZ_pat	3400000	3500000	0.0128079
chrZ_pat	3500000	3600000	0.0105694
chrZ_pat	3600000	3700000	0.0137715
chrZ_pat	3700000	3800000	0.015563
chrZ_pat	3800000	3900000	0.0153446
chrZ_pat	3900000	4000000	0.00849991
chrZ_pat	4000000	4100000	0.0103418
chrZ_pat	4100000	4200000	0.0124395
chrZ_pat	4200000	4300000	0.012116
chrZ_pat	4300000	4400000	0.0150932
chrZ_pat	4400000	4500000	0.0170315
chrZ_pat	4500000	4600000	0.0165465
chrZ_pat	4600000	4700000	0.00906704
chrZ_pat	4700000	4800000	0.0158528
chrZ_pat	4800000	4900000	0.0164195
chrZ_pat	4900000	5000000	0.00998757
chrZ_pat	5000000	5100000	0.0176609
chrZ_pat	5100000	5200000	0.0499001
chrZ_pat	5200000	5300000	0.0447607
chrZ_pat	5300000	5400000	0.0525321
chrZ_pat	5400000	5500000	
chrZ_pat	5500000	5600000	0.0431549
chrZ_pat	5600000	5700000	
chrZ_pat	5700000	5800000	0.0490197
chrZ_pat	5800000	5900000	0.0239699
chrZ_pat	5900000	6000000	0.014892
chrZ_pat	6000000	6100000	0.013986
chrZ_pat	6100000	6200000	0.013876
chrZ_pat	6200000	6300000	0.0134088
chrZ_pat	6300000	6400000	0.0137411
chrZ_pat	6400000	6500000	0.0143459
chrZ_pat	6500000	6600000	0.0130177
chrZ_pat	6600000	6700000	0.0105852
chrZ_pat	6700000	6800000	0.0113596
chrZ_pat	6800000	6900000	0.00880119
chrZ_pat	6900000	7000000	0.0148773
chrZ_pat	7000000	7100000	0.0152309
chrZ_pat	7100000	7200000	0.0151672
chrZ_pat	7200000	7300000	0.0152634
chrZ_pat	7300000	7400000	0.0179519
chrZ_pat	7400000	7500000	0.0169812
chrZ_pat	7500000	7600000	0.0161397
chrZ_pat	7600000	7700000	0.0144477
chrZ_pat	7700000	7800000	0.00921824
chrZ_pat	7800000	7900000	0.00904412
chrZ_pat	7900000	8000000	0.00966567
chrZ_pat	8000000	8100000	0.0111675
chrZ_pat	8100000	8200000	0.0103797
chrZ_pat	8200000	8300000	0.00964483
chrZ_pat	8300000	8400000	0.0130058
chrZ_pat	8400000	8500000	0.0152513
chrZ_pat	8500000	8600000	0.0153196
chrZ_pat	8600000	8700000	0.0131333
chrZ_pat	8700000	8800000	0.0137101
chrZ_pat	8800000	8900000	0.0125189
chrZ_pat	8900000	9000000	0.0149333
chrZ_pat	9000000	9100000	0.0161543
chrZ_pat	9100000	9200000	0.0153994
chrZ_pat	9200000	9300000	0.0147657
chrZ_pat	9300000	9400000	0.0141884
chrZ_pat	9400000	9500000	0.0103444
chrZ_pat	9500000	9600000	0.0129226
chrZ_pat	9600000	9700000	0.0141663
chrZ_pat	9700000	9800000	0.0132888
chrZ_pat	9800000	9900000	
chrZ_pat	9900000	10000000	
chrZ_pat	10000000	10100000	
chrZ_pat	10100000	10200000	0.0301097
chrZ_pat	10200000	10300000	
chrZ_pat	10300000	10400000	0.0361698
chrZ_pat	10400000	10500000	0.048625
chrZ_pat	10500000	10600000	
chrZ_pat	10600000	10700000	
chrZ_pat	10700000	10800000	0.0135438
chrZ_pat	10800000	10900000	0.00938839
chrZ_pat	10900000	11000000	0.0110282
chrZ_pat	11000000	11100000	0.0141296
chrZ_pat	11100000	11200000	0.0119218
chrZ_pat	11200000	11300000	0.00887501
chrZ_pat	11300000	11400000	0.0106473
chrZ_pat	11400000	11500000	0.0137685
chrZ_pat	11500000	11600000	0.0142592
chrZ_pat	11600000	11700000	0.0137971
chrZ_pat	11700000	11800000	0.0136979
chrZ_pat	11800000	11900000	0.0136848
chrZ_pat	11900000	12000000	0.0117078
chrZ_pat	12000000	12100000	0.00827561
chrZ_pat	12100000	12200000	0.010243
chrZ_pat	12200000	12300000	0.0126255
chrZ_pat	12300000	12400000	0.00867645
chrZ_pat	12400000	12500000	0.0102698
chrZ_pat	12500000	12600000	0.0121686
chrZ_pat	12600000	12700000	0.0138187
chrZ_pat	12700000	12800000	0.013472
chrZ_pat	12800000	12900000	0.0146314
chrZ_pat	12900000	13000000	0.0134025
chrZ_pat	13000000	13100000	0.012533
chrZ_pat	13100000	13200000	0.0127591
chrZ_pat	13200000	13300000	0.01268
chrZ_pat	13300000	13400000	0.01279
chrZ_pat	13400000	13500000	0.0125665
chrZ_pat	13500000	13600000	0.0125404
chrZ_pat	13600000	13700000	0.014755
chrZ_pat	13700000	13800000	0.0126529
chrZ_pat	13800000	13900000	0.0131219
chrZ_pat	13900000	14000000	0.0132851
chrZ_pat	14000000	14100000	0.0137958
chrZ_pat	14100000	14200000	0.0101148
chrZ_pat	14200000	14300000	0.011479
chrZ_pat	14300000	14400000	0.0104624
chrZ_pat	14400000	14500000	0.0126986
chrZ_pat	14500000	14600000	0.0105571
chrZ_pat	14600000	14700000	0.0112522
chrZ_pat	14700000	14800000	0.0127977
chrZ_pat	14800000	14900000	0.013163
chrZ_pat	14900000	15000000	0.00954726
chrZ_pat	15000000	15100000	0.011899
chrZ_pat	15100000	15200000	0.0133717
chrZ_pat	15200000	15300000	0.0146971
chrZ_pat	15300000	15400000	0.0167134
chrZ_pat	15400000	15500000	0.012431
chrZ_pat	15500000	15600000	0.0111739
chrZ_pat	15600000	15700000	0.0611981
chrZ_pat	15700000	15800000	0.0145786
chrZ_pat	15800000	15900000	
chrZ_pat	15900000	16000000	0.0348132
chrZ_pat	16000000	16100000	0.0103106
chrZ_pat	16100000	16200000	0.01119
chrZ_pat	16200000	16300000	0.0138322
chrZ_pat	16300000	16400000	0.014316
chrZ_pat	16400000	16500000	0.0141878
chrZ_pat	16500000	16600000	0.0122894
chrZ_pat	16600000	16700000	0.00906492
chrZ_pat	16700000	16800000	0.00882652
chrZ_pat	16800000	16900000	0.0117503
chrZ_pat	16900000	17000000	0.0135794
chrZ_pat	17000000	17100000	0.0133122
chrZ_pat	17100000	17200000	0.0142742
chrZ_pat	17200000	17300000	0.0136762
chrZ_pat	17300000	17400000	0.0140216
chrZ_pat	17400000	17500000	0.0131999
chrZ_pat	17500000	17600000	0.0120644
chrZ_pat	17600000	17700000	0.0124772
chrZ_pat	17700000	17800000	0.0100026
chrZ_pat	17800000	17900000	0.0105556
chrZ_pat	17900000	18000000	0.0101162
chrZ_pat	18000000	18100000	0.011898
chrZ_pat	18100000	18200000	0.0102118
chrZ_pat	18200000	18300000	0.0139025
chrZ_pat	18300000	18400000	0.014472
chrZ_pat	18400000	18500000	0.0112738
chrZ_pat	18500000	18600000	0.0103921
chrZ_pat	18600000	18700000	0.012222
chrZ_pat	18700000	18800000	0.0104805
chrZ_pat	18800000	18900000	0.0123143
chrZ_pat	18900000	19000000	0.0135721
chrZ_pat	19000000	19100000	0.0156754
chrZ_pat	19100000	19200000	0.0136293
chrZ_pat	19200000	19300000	0.0128984
chrZ_pat	19300000	19400000	0.0129757
chrZ_pat	19400000	19500000	0.0134612
chrZ_pat	19500000	19600000	0.0128924
chrZ_pat	19600000	19700000	0.0135106
chrZ_pat	19700000	19800000	0.013457
chrZ_pat	19800000	19900000	0.0131086
chrZ_pat	19900000	20000000	0.0108074
chrZ_pat	20000000	20100000	0.0136901
chrZ_pat	20100000	20200000	0.0124389
chrZ_pat	20200000	20300000	0.00875771
chrZ_pat	20300000	20400000	0.0125785
chrZ_pat	20400000	20500000	0.0127101
chrZ_pat	20500000	20600000	0.0128586
chrZ_pat	20600000	20700000	0.0118582
chrZ_pat	20700000	20800000	0.011395
chrZ_pat	20800000	20900000	0.0112119
chrZ_pat	20900000	21000000	0.012775
chrZ_pat	21000000	21100000	0.0143192
chrZ_pat	21100000	21200000	0.0104618
chrZ_pat	21200000	21300000	0.0183278
chrZ_pat	21300000	21400000	0.0175719
chrZ_pat	21400000	21500000	0.0187591
chrZ_pat	21500000	21600000	0.0160577
chrZ_pat	21600000	21700000	0.0168312
chrZ_pat	21700000	21800000	0.0183303
chrZ_pat	21800000	21900000	0.0162936
chrZ_pat	21900000	22000000	0.0148655
chrZ_pat	22000000	22100000	0.0104891
chrZ_pat	22100000	22200000	0.0123014
chrZ_pat	22200000	22300000	0.0167396
chrZ_pat	22300000	22400000	0.0169158
chrZ_pat	22400000	22500000	0.0178904
chrZ_pat	22500000	22600000	0.0446721
chrZ_pat	22600000	22700000	0.00409921
chrZ_pat	22700000	22800000	0.00683479
chrZ_pat	22800000	22900000	0.00746659
chrZ_pat	22900000	23000000	
chrZ_pat	23000000	23100000	0.0164015
chrZ_pat	23100000	23200000	0.0109895
chrZ_pat	23200000	23300000	0.0139055
chrZ_pat	23300000	23400000	0.0132538
chrZ_pat	23400000	23500000	0.0112726
chrZ_pat	23500000	23600000	0.012141
chrZ_pat	23600000	23700000	0.0129677
chrZ_pat	23700000	23800000	0.0137086
chrZ_pat	23800000	23900000	0.0142541
chrZ_pat	23900000	24000000	0.0143978
chrZ_pat	24000000	24100000	0.0143704
chrZ_pat	24100000	24200000	0.0150277
chrZ_pat	24200000	24300000	0.0142623
chrZ_pat	24300000	24400000	0.0126299
chrZ_pat	24400000	24500000	0.0131064
chrZ_pat	24500000	24600000	0.013541
chrZ_pat	24600000	24700000	0.0137585
chrZ_pat	24700000	24800000	0.0139125
chrZ_pat	24800000	24900000	0.0148369
chrZ_pat	24900000	25000000	0.0132441
chrZ_pat	25000000	25100000	0.0135599
chrZ_pat	25100000	25200000	0.0139198
chrZ_pat	25200000	25300000	0.0121556
chrZ_pat	25300000	25400000	0.0119327
chrZ_pat	25400000	25500000	0.0100035
chrZ_pat	25500000	25600000	0.00966754
chrZ_pat	25600000	25700000	0.00970729
chrZ_pat	25700000	25800000	0.0113599
chrZ_pat	25800000	25900000	0.0121556
chrZ_pat	25900000	26000000	0.009057
chrZ_pat	26000000	26100000	0.0126363
chrZ_pat	26100000	26200000	0.0138365
chrZ_pat	26200000	26300000	0.0109559
chrZ_pat	26300000	26400000	0.0118163
chrZ_pat	26400000	26500000	0.0133118
chrZ_pat	26500000	26600000	0.0122235
chrZ_pat	26600000	26700000	0.0139056
chrZ_pat	26700000	26800000	0.0122593
chrZ_pat	26800000	26900000	0.014089
chrZ_pat	26900000	27000000	0.0104411
chrZ_pat	27000000	27100000	0.00909953
chrZ_pat	27100000	27200000	0.0127254
chrZ_pat	27200000	27300000	0.0134788
chrZ_pat	27300000	27400000	0.0115552
chrZ_pat	27400000	27500000	0.00987139
chrZ_pat	27500000	27600000	0.0124351
chrZ_pat	27600000	27700000	0.0108834
chrZ_pat	27700000	27800000	0.013521
chrZ_pat	27800000	27900000	0.014517
chrZ_pat	27900000	28000000	0.0140947
chrZ_pat	28000000	28100000	0.0141549
chrZ_pat	28100000	28200000	0.0136653
chrZ_pat	28200000	28300000	0.0135932
chrZ_pat	28300000	28400000	0.0136878
chrZ_pat	28400000	28500000	0.0154588
chrZ_pat	28500000	28600000	0.0148074
chrZ_pat	28600000	28700000	0.014108
chrZ_pat	28700000	28800000	0.0110917
chrZ_pat	28800000	28900000	0.00875938
chrZ_pat	28900000	29000000	0.0126495
chrZ_pat	29000000	29100000	0.0119148
chrZ_pat	29100000	29200000	0.00928205
chrZ_pat	29200000	29300000	0.01259
chrZ_pat	29300000	29400000	0.0138026
chrZ_pat	29400000	29500000	0.0121269
chrZ_pat	29500000	29600000	0.0102602
chrZ_pat	29600000	29700000	0.012942
chrZ_pat	29700000	29800000	0.0131498
chrZ_pat	29800000	29900000	0.0137715
chrZ_pat	29900000	30000000	0.0136972
chrZ_pat	30000000	30100000	0.013123
chrZ_pat	30100000	30200000	0.0141073
chrZ_pat	30200000	30300000	0.0113155
chrZ_pat	30300000	30400000	0.00915034
chrZ_pat	30400000	30500000	0.00797543
chrZ_pat	30500000	30600000	0.0106419
chrZ_pat	30600000	30700000	0.0132112
chrZ_pat	30700000	30800000	0.0137511
chrZ_pat	30800000	30900000	0.0139016
chrZ_pat	30900000	31000000	0.0136056
chrZ_pat	31000000	31100000	0.0135974
chrZ_pat	31100000	31200000	0.014122
chrZ_pat	31200000	31300000	0.0148919
chrZ_pat	31300000	31400000	0.0144551
chrZ_pat	31400000	31500000	0.0136102
chrZ_pat	31500000	31600000	0.0115027
chrZ_pat	31600000	31700000	0.013389
chrZ_pat	31700000	31800000	0.00904942
chrZ_pat	31800000	31900000	0.0125062
chrZ_pat	31900000	32000000	0.0115307
chrZ_pat	32000000	32100000	0.0114981
chrZ_pat	32100000	32200000	0.0088289
chrZ_pat	32200000	32300000	0.0122746
chrZ_pat	32300000	32400000	0.0203292
chrZ_pat	32400000	32500000	0.0174477
chrZ_pat	32500000	32600000	0.0164053
chrZ_pat	32600000	32700000	0.0156227
chrZ_pat	32700000	32800000	0.0151764
chrZ_pat	32800000	32900000	0.013801
chrZ_pat	32900000	33000000	0.011152
chrZ_pat	33000000	33100000	0.0129851
chrZ_pat	33100000	33200000	0.0102107
chrZ_pat	33200000	33300000	0.0124843
chrZ_pat	33300000	33400000	0.0107988
chrZ_pat	33400000	33500000	0.0117328
chrZ_pat	33500000	33600000	0.00819168
chrZ_pat	33600000	33700000	0.0114373
chrZ_pat	33700000	33800000	0.0156051
chrZ_pat	33800000	33900000	0.0155294
chrZ_pat	33900000	34000000	0.0154885
chrZ_pat	34000000	34100000	0.0155705
chrZ_pat	34100000	34200000	0.0129247
chrZ_pat	34200000	34300000	0.0103553
chrZ_pat	34300000	34400000	0.0248918
chrZ_pat	34400000	34500000	0.0209343
chrZ_pat	34500000	34600000	0.0129628
chrZ_pat	34600000	34700000	0.011282
chrZ_pat	34700000	34800000	0.0145995
chrZ_pat	34800000	34900000	0.0148046
chrZ_pat	34900000	35000000	0.0145919
chrZ_pat	35000000	35100000	0.0153413
chrZ_pat	35100000	35200000	0.0141826
chrZ_pat	35200000	35300000	0.017223
chrZ_pat	35300000	35400000	
chrZ_pat	35400000	35500000	
chrZ_pat	35500000	35600000	
chrZ_pat	35600000	35700000	
chrZ_pat	35700000	35800000	
chrZ_pat	35800000	35900000	0.0206808
chrZ_pat	35900000	36000000	0.0155005
chrZ_pat	36000000	36100000	0.0154758
chrZ_pat	36100000	36200000	0.0153098
chrZ_pat	36200000	36300000	0.0148978
chrZ_pat	36300000	36400000	0.0133895
chrZ_pat	36400000	36500000	0.0132536
chrZ_pat	36500000	36600000	0.00915958
chrZ_pat	36600000	36700000	0.0126517
chrZ_pat	36700000	36800000	0.0130532
chrZ_pat	36800000	36900000	0.0167497
chrZ_pat	36900000	37000000	0.0144156
chrZ_pat	37000000	37100000	0.0130479
chrZ_pat	37100000	37200000	0.010144
chrZ_pat	37200000	37300000	0.0144292
chrZ_pat	37300000	37400000	0.0139223
chrZ_pat	37400000	37500000	0.0139171
chrZ_pat	37500000	37600000	0.013667
chrZ_pat	37600000	37700000	0.0136624
chrZ_pat	37700000	37800000	0.014293
chrZ_pat	37800000	37900000	0.0132016
chrZ_pat	37900000	38000000	0.0143141
chrZ_pat	38000000	38100000	0.0134237
chrZ_pat	38100000	38200000	0.0140943
chrZ_pat	38200000	38300000	0.0142628
chrZ_pat	38300000	38400000	0.0143914
chrZ_pat	38400000	38500000	0.0145205
chrZ_pat	38500000	38600000	0.0147479
chrZ_pat	38600000	38700000	0.0147617
chrZ_pat	38700000	38800000	0.0159434
chrZ_pat	38800000	38900000	0.0151475
chrZ_pat	38900000	39000000	0.0140402
chrZ_pat	39000000	39100000	0.010772
chrZ_pat	39100000	39200000	0.0090064
chrZ_pat	39200000	39300000	0.00916599
chrZ_pat	39300000	39400000	0.0102579
chrZ_pat	39400000	39500000	0.0118622
chrZ_pat	39500000	39600000	0.0106532
chrZ_pat	39600000	39700000	0.0137638
chrZ_pat	39700000	39800000	0.0111475
chrZ_pat	39800000	39900000	0.0138122
chrZ_pat	39900000	40000000	0.00803001
chrZ_pat	40000000	40100000	0.0129625
chrZ_pat	40100000	40200000	0.0144179
chrZ_pat	40200000	40300000	0.0145246
chrZ_pat	40300000	40400000	0.0124347
chrZ_pat	40400000	40500000	0.0103036
chrZ_pat	40500000	40600000	0.00862344
chrZ_pat	40600000	40700000	0.015102
chrZ_pat	40700000	40800000	0.0134447
chrZ_pat	40800000	40900000	0.014078
chrZ_pat	40900000	41000000	0.0129564
chrZ_pat	41000000	41100000	0.0131651
chrZ_pat	41100000	41200000	0.0131577
chrZ_pat	41200000	41300000	0.012717
chrZ_pat	41300000	41400000	0.0131642
chrZ_pat	41400000	41500000	0.0137291
chrZ_pat	41500000	41600000	0.013476
chrZ_pat	41600000	41700000	0.013414
chrZ_pat	41700000	41800000	0.00824838
chrZ_pat	41800000	41900000	0.0135668
chrZ_pat	41900000	42000000	0.0135653
chrZ_pat	42000000	42100000	0.0149157
chrZ_pat	42100000	42200000	0.0143647
chrZ_pat	42200000	42300000	0.0147698
chrZ_pat	42300000	42400000	0.0138454
chrZ_pat	42400000	42500000	0.00904236
chrZ_pat	42500000	42600000	0.013222
chrZ_pat	42600000	42700000	0.0143573
chrZ_pat	42700000	42800000	0.0135966
chrZ_pat	42800000	42900000	0.0142761
chrZ_pat	42900000	43000000	0.013429
chrZ_pat	43000000	43100000	0.0131665
chrZ_pat	43100000	43200000	0.0148916
chrZ_pat	43200000	43300000	0.0128078
chrZ_pat	43300000	43400000	0.0138507
chrZ_pat	43400000	43500000	0.0148599
chrZ_pat	43500000	43600000	0.0156864
chrZ_pat	43600000	43700000	0.0131002
chrZ_pat	43700000	43800000	0.0136968
chrZ_pat	43800000	43900000	0.0138267
chrZ_pat	43900000	44000000	0.0134498
chrZ_pat	44000000	44100000	0.0133553
chrZ_pat	44100000	44200000	0.0131716
chrZ_pat	44200000	44300000	0.0139389
chrZ_pat	44300000	44400000	0.0131715
chrZ_pat	44400000	44500000	0.0144859
chrZ_pat	44500000	44600000	0.0148502
chrZ_pat	44600000	44700000	0.0164801
chrZ_pat	44700000	44800000	0.0155694
chrZ_pat	44800000	44900000	0.0154199
chrZ_pat	44900000	45000000	0.01662
chrZ_pat	45000000	45100000	0.0165128
chrZ_pat	45100000	45200000	0.015652
chrZ_pat	45200000	45300000	0.013756
chrZ_pat	45300000	45400000	0.0120424
chrZ_pat	45400000	45500000	0.00914319
chrZ_pat	45500000	45600000	0.00990373
chrZ_pat	45600000	45700000	0.0109324
chrZ_pat	45700000	45800000	0.00918254
chrZ_pat	45800000	45900000	0.00840475
chrZ_pat	45900000	46000000	0.0102587
chrZ_pat	46000000	46100000	0.0109631
chrZ_pat	46100000	46200000	0.0122191
chrZ_pat	46200000	46300000	0.0123288
chrZ_pat	46300000	46400000	0.0153712
chrZ_pat	46400000	46500000	0.0178736
chrZ_pat	46500000	46600000	0.0184372
chrZ_pat	46600000	46700000	0.0192999
chrZ_pat	46700000	46800000	0.0152923
chrZ_pat	46800000	46900000	0.00746832
chrZ_pat	46900000	47000000	0.0125624
chrZ_pat	47000000	47100000	0.0159192
chrZ_pat	47100000	47200000	0.0147993
chrZ_pat	47200000	47300000	0.0165758
chrZ_pat	47300000	47400000	0.0167474
chrZ_pat	47400000	47500000	0.014102
chrZ_pat	47500000	47600000	0.0113059
chrZ_pat	47600000	47700000	0.0112934
chrZ_pat	47700000	47800000	0.0150756
chrZ_pat	47800000	47900000	0.0134249
chrZ_pat	47900000	48000000	0.0152317
chrZ_pat	48000000	48100000	0.0111049
chrZ_pat	48100000	48200000	0.00916882
chrZ_pat	48200000	48300000	0.0101501
chrZ_pat	48300000	48400000	0.0141894
chrZ_pat	48400000	48500000	0.0104188
chrZ_pat	48500000	48600000	0.0139091
chrZ_pat	48600000	48700000	0.0151245
chrZ_pat	48700000	48800000	0.0141675
chrZ_pat	48800000	48900000	0.0127239
chrZ_pat	48900000	49000000	0.00997496
chrZ_pat	49000000	49100000	0.0143252
chrZ_pat	49100000	49200000	0.013408
chrZ_pat	49200000	49300000	0.0111767
chrZ_pat	49300000	49400000	0.00969357
chrZ_pat	49400000	49500000	0.0131659
chrZ_pat	49500000	49600000	0.0116818
chrZ_pat	49600000	49700000	0.00805604
chrZ_pat	49700000	49800000	0.00887934
chrZ_pat	49800000	49900000	0.00838603
chrZ_pat	49900000	50000000	0.0122274
chrZ_pat	50000000	50100000	0.0147409
chrZ_pat	50100000	50200000	0.0145593
chrZ_pat	50200000	50300000	0.0150657
chrZ_pat	50300000	50400000	0.0147297
chrZ_pat	50400000	50500000	0.010678
chrZ_pat	50500000	50600000	0.00922045
chrZ_pat	50600000	50700000	0.012949
chrZ_pat	50700000	50800000	0.0141881
chrZ_pat	50800000	50900000	0.0145914
chrZ_pat	50900000	51000000	0.0146
chrZ_pat	51000000	51100000	0.0138594
chrZ_pat	51100000	51200000	0.00997068
chrZ_pat	51200000	51300000	0.0133009
chrZ_pat	51300000	51400000	0.0162472
chrZ_pat	51400000	51500000	0.0138913
chrZ_pat	51500000	51600000	0.0101749
chrZ_pat	51600000	51700000	0.0143695
chrZ_pat	51700000	51800000	0.0132003
chrZ_pat	51800000	51900000	0.00911992
chrZ_pat	51900000	52000000	0.00965173
chrZ_pat	52000000	52100000	0.0100616
chrZ_pat	52100000	52200000	0.0144563
chrZ_pat	52200000	52300000	0.0145748
chrZ_pat	52300000	52400000	0.0126975
chrZ_pat	52400000	52500000	0.0108898
chrZ_pat	52500000	52600000	0.013286
chrZ_pat	52600000	52700000	0.0145884
chrZ_pat	52700000	52800000	0.0137682
chrZ_pat	52800000	52900000	0.0134186
chrZ_pat	52900000	53000000	0.0120654
chrZ_pat	53000000	53100000	0.0100936
chrZ_pat	53100000	53200000	0.0142383
chrZ_pat	53200000	53300000	0.0147058
chrZ_pat	53300000	53400000	0.0136768
chrZ_pat	53400000	53500000	0.0131458
chrZ_pat	53500000	53600000	0.0143769
chrZ_pat	53600000	53700000	0.0136342
chrZ_pat	53700000	53800000	0.0137844
chrZ_pat	53800000	53900000	0.0133214
chrZ_pat	53900000	54000000	0.0104168
chrZ_pat	54000000	54100000	0.00938974
chrZ_pat	54100000	54200000	0.00938455
chrZ_pat	54200000	54300000	0.0105519
chrZ_pat	54300000	54400000	0.0113156
chrZ_pat	54400000	54500000	0.0120533
chrZ_pat	54500000	54600000	0.0103055
chrZ_pat	54600000	54700000	0.0132727
chrZ_pat	54700000	54800000	0.0151743
chrZ_pat	54800000	54900000	0.0170308
chrZ_pat	54900000	55000000	0.00900765
chrZ_pat	55000000	55100000	0.0102487
chrZ_pat	55100000	55200000	0.0165403
chrZ_pat	55200000	55300000	0.0139206
chrZ_pat	55300000	55400000	0.0144127
chrZ_pat	55400000	55500000	0.0137688
chrZ_pat	55500000	55600000	0.0118387
chrZ_pat	55600000	55700000	0.0100029
chrZ_pat	55700000	55800000	0.0103653
chrZ_pat	55800000	55900000	0.0147059
chrZ_pat	55900000	56000000	0.0148969
chrZ_pat	56000000	56100000	0.015341
chrZ_pat	56100000	56200000	0.0140099
chrZ_pat	56200000	56300000	0.0139204
chrZ_pat	56300000	56400000	0.0133913
chrZ_pat	56400000	56500000	0.0137339
chrZ_pat	56500000	56600000	0.0136023
chrZ_pat	56600000	56700000	0.0134347
chrZ_pat	56700000	56800000	0.0134438
chrZ_pat	56800000	56900000	0.0138815
chrZ_pat	56900000	57000000	0.011227
chrZ_pat	57000000	57100000	0.0100667
chrZ_pat	57100000	57200000	0.0106765
chrZ_pat	57200000	57300000	0.00937633
chrZ_pat	57300000	57400000	0.0117767
chrZ_pat	57400000	57500000	0.0125714
chrZ_pat	57500000	57600000	0.00959064
chrZ_pat	57600000	57700000	0.00901057
chrZ_pat	57700000	57800000	0.0140671
chrZ_pat	57800000	57900000	0.0145151
chrZ_pat	57900000	58000000	0.0144873
chrZ_pat	58000000	58100000	0.0140125
chrZ_pat	58100000	58200000	0.0144544
chrZ_pat	58200000	58300000	0.0130332
chrZ_pat	58300000	58400000	0.0101867
chrZ_pat	58400000	58500000	0.0122424
chrZ_pat	58500000	58600000	0.0128342
chrZ_pat	58600000	58700000	0.00981076
chrZ_pat	58700000	58800000	0.00874361
chrZ_pat	58800000	58900000	0.0106428
chrZ_pat	58900000	59000000	0.00898754
chrZ_pat	59000000	59100000	0.0113902
chrZ_pat	59100000	59200000	0.0109838
chrZ_pat	59200000	59300000	0.0127869
chrZ_pat	59300000	59400000	0.0112634
chrZ_pat	59400000	59500000	0.0140955
chrZ_pat	59500000	59600000	0.0134262
chrZ_pat	59600000	59700000	0.0113344
chrZ_pat	59700000	59800000	0.00778018
chrZ_pat	59800000	59900000	0.010076
chrZ_pat	59900000	60000000	0.0131692
chrZ_pat	60000000	60100000	0.0149679
chrZ_pat	60100000	60200000	0.0153948
chrZ_pat	60200000	60300000	0.0151367
chrZ_pat	60300000	60400000	0.01456
chrZ_pat	60400000	60500000	0.0132012
chrZ_pat	60500000	60600000	0.00799456
chrZ_pat	60600000	60700000	0.0115775
chrZ_pat	60700000	60800000	0.0143839
chrZ_pat	60800000	60900000	0.0132746
chrZ_pat	60900000	61000000	0.014682
chrZ_pat	61000000	61100000	0.0143036
chrZ_pat	61100000	61200000	0.0133981
chrZ_pat	61200000	61300000	0.0122848
chrZ_pat	61300000	61400000	0.0133343
chrZ_pat	61400000	61500000	0.0145675
chrZ_pat	61500000	61600000	0.0137328
chrZ_pat	61600000	61700000	0.0148544
chrZ_pat	61700000	61800000	0.0132656
chrZ_pat	61800000	61900000	0.0114893
chrZ_pat	61900000	62000000	0.0110832
chrZ_pat	62000000	62100000	0.0144138
chrZ_pat	62100000	62200000	0.0153786
chrZ_pat	62200000	62300000	0.0163775
chrZ_pat	62300000	62400000	0.0144534
chrZ_pat	62400000	62500000	0.0105409
chrZ_pat	62500000	62600000	0.0106237
chrZ_pat	62600000	62700000	0.012075
chrZ_pat	62700000	62800000	0.00975019
chrZ_pat	62800000	62900000	0.0150462
chrZ_pat	62900000	63000000	0.0132162
chrZ_pat	63000000	63100000	0.0126239
chrZ_pat	63100000	63200000	0.0224746
chrZ_pat	63200000	63300000	
chrZ_pat	63300000	63400000	
chrZ_pat	63400000	63500000	
chrZ_pat	63500000	63600000	
chrZ_pat	63600000	63700000	
chrZ_pat	63700000	63800000	0.0198134
chrZ_pat	63800000	63900000	0.0196127
chrZ_pat	63900000	64000000	0.0238667
chrZ_pat	64000000	64100000	0.0145025
chrZ_pat	64100000	64200000	0.0132383
chrZ_pat	64200000	64300000	0.0127266
chrZ_pat	64300000	64400000	0.00920575
chrZ_pat	64400000	64500000	0.0137566
chrZ_pat	64500000	64600000	0.0132612
chrZ_pat	64600000	64700000	0.0130565
chrZ_pat	64700000	64800000	0.0165827
chrZ_pat	64800000	64900000	
chrZ_pat	64900000	65000000	0.018768
chrZ_pat	65000000	65100000	0.00956386
chrZ_pat	65100000	65200000	0.012676
chrZ_pat	65200000	65300000	0.00979842
chrZ_pat	65300000	65400000	0.0130321
chrZ_pat	65400000	65500000	0.0138204
chrZ_pat	65500000	65600000	0.0110237
chrZ_pat	65600000	65700000	0.0115136
chrZ_pat	65700000	65800000	0.0144865
chrZ_pat	65800000	65900000	0.0148715
chrZ_pat	65900000	66000000	0.0162825
chrZ_pat	66000000	66100000	0.0102099
chrZ_pat	66100000	66200000	0.00817819
chrZ_pat	66200000	66300000	0.00834025
chrZ_pat	66300000	66400000	0.0144837
chrZ_pat	66400000	66500000	0.0103542
chrZ_pat	66500000	66600000	0.013942
chrZ_pat	66600000	66700000	0.0145254
chrZ_pat	66700000	66800000	0.014898
chrZ_pat	66800000	66900000	0.0137325
chrZ_pat	66900000	67000000	0.00956558
chrZ_pat	67000000	67100000	0.0147426
chrZ_pat	67100000	67200000	0.0092777
chrZ_pat	67200000	67300000	0.00856546
chrZ_pat	67300000	67400000	0.0138676
chrZ_pat	67400000	67500000	0.00976612
chrZ_pat	67500000	67600000	0.0144058
chrZ_pat	67600000	67700000	0.0163355
chrZ_pat	67700000	67800000	0.013107
chrZ_pat	67800000	67900000	0.00776463
chrZ_pat	67900000	68000000	0.0157822
chrZ_pat	68000000	68100000	0.0166744
chrZ_pat	68100000	68200000	0.0177735
chrZ_pat	68200000	68300000	0.0169405
chrZ_pat	68300000	68400000	0.0159508
chrZ_pat	68400000	68500000	0.0116637
chrZ_pat	68500000	68600000	0.00887576
chrZ_pat	68600000	68700000	0.0129435
chrZ_pat	68700000	68800000	0.0135626
chrZ_pat	68800000	68900000	0.011915
chrZ_pat	68900000	69000000	0.00991322
chrZ_pat	69000000	69100000	0.0131278
chrZ_pat	69100000	69200000	0.0141128
chrZ_pat	69200000	69300000	0.0108415
chrZ_pat	69300000	69400000	0.0079728
chrZ_pat	69400000	69500000	0.00805299
chrZ_pat	69500000	69600000	0.00923357
chrZ_pat	69600000	69700000	0.00952191
chrZ_pat	69700000	69800000	0.00952608
chrZ_pat	69800000	69900000	0.0102699
chrZ_pat	69900000	70000000	0.00981791
chrZ_pat	70000000	70100000	0.0108269
chrZ_pat	70100000	70200000	0.011827
chrZ_pat	70200000	70300000	0.0133259
chrZ_pat	70300000	70400000	0.0136447
chrZ_pat	70400000	70500000	0.0143982
chrZ_pat	70500000	70600000	0.0151801
chrZ_pat	70600000	70700000	0.0135241
chrZ_pat	70700000	70800000	0.013428
chrZ_pat	70800000	70900000	0.0130681
chrZ_pat	70900000	71000000	0.0135558
chrZ_pat	71000000	71100000	0.0133769
chrZ_pat	71100000	71200000	0.013444
chrZ_pat	71200000	71300000	0.0129947
chrZ_pat	71300000	71400000	0.0130594
chrZ_pat	71400000	71500000	0.0129102
chrZ_pat	71500000	71600000	0.0129319
chrZ_pat	71600000	71700000	0.0127741
chrZ_pat	71700000	71800000	0.0133413
chrZ_pat	71800000	71900000	0.0129737
chrZ_pat	71900000	72000000	0.0141683
chrZ_pat	72000000	72100000	0.0137808
chrZ_pat	72100000	72200000	0.0141516
chrZ_pat	72200000	72300000	0.0135737
chrZ_pat	72300000	72400000	0.0142812
chrZ_pat	72400000	72500000	0.0138435
chrZ_pat	72500000	72600000	0.0146753
chrZ_pat	72600000	72700000	0.0145146
chrZ_pat	72700000	72800000	0.0130552
chrZ_pat	72800000	72900000	0.0135212
chrZ_pat	72900000	73000000	0.0126184
chrZ_pat	73000000	73100000	0.0107995
chrZ_pat	73100000	73200000	0.0124518
chrZ_pat	73200000	73300000	0.0120045
chrZ_pat	73300000	73400000	0.0124234
chrZ_pat	73400000	73500000	0.0123804
chrZ_pat	73500000	73600000	0.00836741
chrZ_pat	73600000	73700000	0.0109486
chrZ_pat	73700000	73800000	0.0134505
chrZ_pat	73800000	73900000	0.0144063
chrZ_pat	73900000	74000000	0.014144
chrZ_pat	74000000	74100000	0.0140488
chrZ_pat	74100000	74200000	0.0142314
chrZ_pat	74200000	74300000	0.0134694
chrZ_pat	74300000	74400000	0.0130172
chrZ_pat	74400000	74500000	0.0131551
chrZ_pat	74500000	74600000	0.0142166
chrZ_pat	74600000	74700000	0.0140544
chrZ_pat	74700000	74800000	0.013211
chrZ_pat	74800000	74900000	0.0137224
chrZ_pat	74900000	75000000	0.0144045
chrZ_pat	75000000	75100000	0.0106726
chrZ_pat	75100000	75200000	0.00975091
chrZ_pat	75200000	75300000	0.0117781
chrZ_pat	75300000	75400000	0.0125966
chrZ_pat	75400000	75500000	0.014095
chrZ_pat	75500000	75600000	0.0146667
chrZ_pat	75600000	75700000	0.0110469
chrZ_pat	75700000	75800000	0.0107776
chrZ_pat	75800000	75900000	0.0102853
chrZ_pat	75900000	76000000	0.0114055
chrZ_pat	76000000	76100000	0.0186567
chrZ_pat	76100000	76200000	0.017327
chrZ_pat	76200000	76300000	0.0270524
chrZ_pat	76300000	76400000	0.02206
chrZ_pat	76400000	76500000	
chrZ_pat	76500000	76600000	0.0217459
chrZ_pat	76600000	76700000	0.0161797
chrZ_pat	76700000	76800000	0.00527265
chrZ_pat	76800000	76900000	0.00406266
chrZ_pat	76900000	77000000	0.00931428
chrZ_pat	77000000	77100000	0.0230842
chrZ_pat	77100000	77200000	0.0166409
chrZ_pat	77200000	77300000	0.0106562
chrZ_pat	77300000	77400000	0.0106516
chrZ_pat	77400000	77500000	0.0145633
chrZ_pat	77500000	77600000	0.0148819
chrZ_pat	77600000	77700000	0.0135232
chrZ_pat	77700000	77800000	0.0104604
chrZ_pat	77800000	77900000	0.010259
chrZ_pat	77900000	78000000	0.015168
chrZ_pat	78000000	78100000	0.0150332
chrZ_pat	78100000	78200000	0.0147388
chrZ_pat	78200000	78300000	0.0148641
chrZ_pat	78300000	78400000	0.0155193
chrZ_pat	78400000	78500000	0.0101708
chrZ_pat	78500000	78600000	0.0129786
chrZ_pat	78600000	78700000	0.0112277
chrZ_pat	78700000	78800000	0.0122031
chrZ_pat	78800000	78900000	0.00971347
chrZ_pat	78900000	79000000	0.0116176
chrZ_pat	79000000	79100000	0.011113
chrZ_pat	79100000	79200000	0.0112038
chrZ_pat	79200000	79300000	0.0123212
chrZ_pat	79300000	79400000	0.0132784
chrZ_pat	79400000	79500000	0.0139369
chrZ_pat	79500000	79600000	0.0136843
chrZ_pat	79600000	79700000	0.0138734
chrZ_pat	79700000	79800000	0.0139768
chrZ_pat	79800000	79900000	0.0150605
chrZ_pat	79900000	80000000	0.0150496
chrZ_pat	80000000	80100000	0.0139892
chrZ_pat	80100000	80200000	0.0155759
chrZ_pat	80200000	80300000	0.016029
chrZ_pat	80300000	80400000	0.0159178
chrZ_pat	80400000	80500000	0.0157647
chrZ_pat	80500000	80600000	0.0129388
chrZ_pat	80600000	80700000	0.0105303
chrZ_pat	80700000	80800000	0.0168488
chrZ_pat	80800000	80900000	0.0180806
chrZ_pat	80900000	81000000	0.0147794
chrZ_pat	81000000	81100000	0.011587
chrZ_pat	81100000	81200000	0.00931684
chrZ_pat	81200000	81300000	0.0113837
chrZ_pat	81300000	81400000	0.0175834
chrZ_pat	81400000	81500000	0.0175397
chrZ_pat	81500000	81600000	0.0118462
chrZ_pat	81600000	81700000	0.00981558
chrZ_pat	81700000	81800000	0.0121492
chrZ_pat	81800000	81900000	0.0135008
chrZ_pat	81900000	82000000	0.0157725
chrZ_pat	82000000	82100000	0.0177531
chrZ_pat	82100000	82200000	0.0110818
chrZ_pat	82200000	82218670	
